 0.00000000e+00  1.19999957e+00  0.00000000e+00  1.19999967e+00  0.00000000e+00  0.00000000e+00 
 1.00000000e-14  1.22732141e+00  1.00000000e-14  1.22732398e+00  1.00000000e-14  2.40000000e-04 
 1.01405029e-14  1.22770401e+00  1.01405029e-14  1.22770662e+00  1.01405029e-14  2.43372068e-04 
 1.04215086e-14  1.22846662e+00  1.04215086e-14  1.22846929e+00  1.04215086e-14  2.50116205e-04 
 1.09835200e-14  1.22997642e+00  1.09835200e-14  1.22997923e+00  1.09835200e-14  2.63604479e-04 
 1.21075428e-14  1.23293557e+00  1.21075428e-14  1.23293863e+00  1.21075428e-14  2.90581027e-04 
 1.43555884e-14  1.23862124e+00  1.43555884e-14  1.23862474e+00  1.43555884e-14  3.44534122e-04 
 1.88516797e-14  1.24914730e+00  1.88516797e-14  1.24915147e+00  1.88516797e-14  4.52440312e-04 
 2.70506679e-14  1.26583297e+00  2.70506679e-14  1.26583781e+00  2.70506679e-14  6.49216029e-04 
 3.69434607e-14  1.28224335e+00  3.69434607e-14  1.28224831e+00  3.69434607e-14  8.86643058e-04 
 4.85686003e-14  1.29720940e+00  4.85686003e-14  1.29721391e+00  4.85686003e-14  1.16564641e-03 
 6.07839639e-14  1.30884625e+00  6.07839639e-14  1.30884992e+00  6.07839639e-14  1.45881513e-03 
 7.41577597e-14  1.31780150e+00  7.41577597e-14  1.31780408e+00  7.41577597e-14  1.77978623e-03 
 8.98527424e-14  1.32448131e+00  8.98527424e-14  1.32448259e+00  8.98527424e-14  2.15646582e-03 
 1.14692327e-13  1.32934302e+00  1.14692327e-13  1.32934248e+00  1.14692327e-13  2.75261585e-03 
 1.47874427e-13  1.32941697e+00  1.47874427e-13  1.32941459e+00  1.47874427e-13  3.54898625e-03 
 1.83332738e-13  1.32563781e+00  1.83332738e-13  1.32563415e+00  1.83332738e-13  4.39998571e-03 
 2.36534840e-13  1.31764846e+00  2.36534840e-13  1.31764366e+00  2.36534840e-13  5.67683617e-03 
 3.01755650e-13  1.30728628e+00  3.01755650e-13  1.30728074e+00  3.01755650e-13  7.24213559e-03 
 3.75957376e-13  1.29652560e+00  3.75957376e-13  1.29651968e+00  3.75957376e-13  9.02297702e-03 
 4.46043036e-13  1.28792838e+00  4.46043036e-13  1.28792234e+00  4.46043036e-13  1.07050329e-02 
 5.16097966e-13  1.28089085e+00  5.16097966e-13  1.28088483e+00  5.16097966e-13  1.23863512e-02 
 5.94763469e-13  1.27443728e+00  5.94763469e-13  1.27443138e+00  5.94763469e-13  1.42743233e-02 
 6.92202435e-13  1.26772762e+00  6.92202435e-13  1.26772194e+00  6.92202435e-13  1.66128584e-02 
 7.91519538e-13  1.26162122e+00  7.91519538e-13  1.26161581e+00  7.91519538e-13  1.89964689e-02 
 8.99156784e-13  1.25542477e+00  8.99156784e-13  1.25541971e+00  8.99156784e-13  2.15797628e-02 
 9.86750972e-13  1.25067211e+00  9.86750972e-13  1.25066735e+00  9.86750972e-13  2.36820233e-02 
 1.06724441e-12  1.24657568e+00  1.06724441e-12  1.24657122e+00  1.06724441e-12  2.56138658e-02 
 1.22823128e-12  1.23928084e+00  1.22823128e-12  1.23927698e+00  1.22823128e-12  2.94775508e-02 
 1.49079803e-12  1.22998701e+00  1.49079803e-12  1.22998407e+00  1.49079803e-12  3.57791527e-02 
 1.80172426e-12  1.22268019e+00  1.80172426e-12  1.22267815e+00  1.80172426e-12  4.32413823e-02 
 2.13890553e-12  1.21819995e+00  2.13890553e-12  1.21819859e+00  2.13890553e-12  5.13337328e-02 
 2.47658547e-12  1.21617890e+00  2.47658547e-12  1.21617796e+00  2.47658547e-12  5.94380512e-02 
 3.13042571e-12  1.21618776e+00  3.13042571e-12  1.21618714e+00  3.13042571e-12  7.51302171e-02 
 3.96088630e-12  1.21987706e+00  3.96088630e-12  1.21987631e+00  3.96088630e-12  9.50612712e-02 
 4.96088630e-12  1.22589561e+00  4.96088630e-12  1.22589444e+00  4.96088630e-12  1.19061271e-01 
 5.96088630e-12  1.23202161e+00  5.96088630e-12  1.23201998e+00  5.96088630e-12  1.43061271e-01 
 6.96088630e-12  1.23782472e+00  6.96088630e-12  1.23782269e+00  6.96088630e-12  1.67061271e-01 
 7.96088630e-12  1.24327511e+00  7.96088630e-12  1.24327271e+00  7.96088630e-12  1.91061271e-01 
 8.96088630e-12  1.24842569e+00  8.96088630e-12  1.24842298e+00  8.96088630e-12  2.15061271e-01 
 9.96088630e-12  1.25333471e+00  9.96088630e-12  1.25333170e+00  9.96088630e-12  2.39061271e-01 
 1.09608863e-11  1.25805275e+00  1.09608863e-11  1.25804946e+00  1.09608863e-11  2.63061271e-01 
 1.19608863e-11  1.26261993e+00  1.19608863e-11  1.26261639e+00  1.19608863e-11  2.87061271e-01 
 1.29608863e-11  1.26706833e+00  1.29608863e-11  1.26706454e+00  1.29608863e-11  3.11061271e-01 
 1.39608863e-11  1.27142400e+00  1.39608863e-11  1.27141998e+00  1.39608863e-11  3.35061271e-01 
 1.49608863e-11  1.27570878e+00  1.49608863e-11  1.27570453e+00  1.49608863e-11  3.59061271e-01 
 1.59608863e-11  1.27994209e+00  1.59608863e-11  1.27993761e+00  1.59608863e-11  3.83061271e-01 
 1.69608863e-11  1.28414101e+00  1.69608863e-11  1.28413631e+00  1.69608863e-11  4.07061271e-01 
 1.79608863e-11  1.28832072e+00  1.79608863e-11  1.28831580e+00  1.79608863e-11  4.31061271e-01 
 1.89608863e-11  1.29249380e+00  1.89608863e-11  1.29248865e+00  1.89608863e-11  4.55061271e-01 
 1.99608863e-11  1.29667069e+00  1.99608863e-11  1.29666532e+00  1.99608863e-11  4.79061271e-01 
 2.09608863e-11  1.30085958e+00  2.09608863e-11  1.30085398e+00  2.09608863e-11  5.03061271e-01 
 2.19608863e-11  1.30506768e+00  2.19608863e-11  1.30506185e+00  2.19608863e-11  5.27061271e-01 
 2.29608863e-11  1.30930216e+00  2.29608863e-11  1.30929609e+00  2.29608863e-11  5.51061271e-01 
 2.39608863e-11  1.31357112e+00  2.39608863e-11  1.31356480e+00  2.39608863e-11  5.75061271e-01 
 2.49608863e-11  1.31788297e+00  2.49608863e-11  1.31787639e+00  2.49608863e-11  5.99061271e-01 
 2.59608863e-11  1.32224573e+00  2.59608863e-11  1.32223887e+00  2.59608863e-11  6.23061271e-01 
 2.69608863e-11  1.32666598e+00  2.69608863e-11  1.32665884e+00  2.69608863e-11  6.47061271e-01 
 2.79608863e-11  1.33114855e+00  2.79608863e-11  1.33114112e+00  2.79608863e-11  6.71061271e-01 
 2.89608863e-11  1.33569612e+00  2.89608863e-11  1.33568839e+00  2.89608863e-11  6.95061271e-01 
 2.99608863e-11  1.34030930e+00  2.99608863e-11  1.34030125e+00  2.99608863e-11  7.19061271e-01 
 3.09608863e-11  1.34498647e+00  3.09608863e-11  1.34497810e+00  3.09608863e-11  7.43061271e-01 
 3.19608863e-11  1.34972395e+00  3.19608863e-11  1.34971524e+00  3.19608863e-11  7.67061271e-01 
 3.29608863e-11  1.35451595e+00  3.29608863e-11  1.35450690e+00  3.29608863e-11  7.91061271e-01 
 3.39608863e-11  1.35935484e+00  3.39608863e-11  1.35934543e+00  3.39608863e-11  8.15061271e-01 
 3.49608863e-11  1.36423132e+00  3.49608863e-11  1.36422156e+00  3.49608863e-11  8.39061271e-01 
 3.59608863e-11  1.36913490e+00  3.59608863e-11  1.36912477e+00  3.59608863e-11  8.63061271e-01 
 3.69608863e-11  1.37405434e+00  3.69608863e-11  1.37404383e+00  3.69608863e-11  8.87061271e-01 
 3.79608863e-11  1.37897816e+00  3.79608863e-11  1.37896726e+00  3.79608863e-11  9.11061271e-01 
 3.89608863e-11  1.38389487e+00  3.89608863e-11  1.38388352e+00  3.89608863e-11  9.35061271e-01 
 3.99608863e-11  1.38879236e+00  3.99608863e-11  1.38878036e+00  3.99608863e-11  9.59061271e-01 
 4.09608863e-11  1.39365526e+00  4.09608863e-11  1.39364198e+00  4.09608863e-11  9.83061271e-01 
 4.19608863e-11  1.39845829e+00  4.19608863e-11  1.39844196e+00  4.19608863e-11  1.00706127e+00 
 4.29608863e-11  1.40315431e+00  4.29608863e-11  1.40313071e+00  4.29608863e-11  1.03106127e+00 
 4.39608863e-11  1.40766630e+00  4.39608863e-11  1.40762805e+00  4.39608863e-11  1.05506127e+00 
 4.49608863e-11  1.41190629e+00  4.49608863e-11  1.41184512e+00  4.49608863e-11  1.07906127e+00 
 4.59608863e-11  1.41581375e+00  4.59608863e-11  1.41572413e+00  4.59608863e-11  1.10306127e+00 
 4.69608863e-11  1.41936875e+00  4.69608863e-11  1.41924784e+00  4.69608863e-11  1.12706127e+00 
 4.79608863e-11  1.42257161e+00  4.79608863e-11  1.42241636e+00  4.79608863e-11  1.15106127e+00 
 4.89608863e-11  1.42541883e+00  4.89608863e-11  1.42522343e+00  4.89608863e-11  1.17506127e+00 
 4.94804432e-11  1.42675385e+00  4.94804432e-11  1.42653411e+00  4.94804432e-11  1.18753064e+00 
 5.00000000e-11  1.42798555e+00  5.00000000e-11  1.42773831e+00  5.00000000e-11  1.20000000e+00 
 5.01000000e-11  1.42776985e+00  5.01000000e-11  1.42751686e+00  5.01000000e-11  1.20000000e+00 
 5.03000000e-11  1.42708110e+00  5.03000000e-11  1.42681638e+00  5.03000000e-11  1.20000000e+00 
 5.07000000e-11  1.42558103e+00  5.07000000e-11  1.42529132e+00  5.07000000e-11  1.20000000e+00 
 5.15000000e-11  1.42317110e+00  5.15000000e-11  1.42282506e+00  5.15000000e-11  1.20000000e+00 
 5.25000000e-11  1.42028385e+00  5.25000000e-11  1.41985559e+00  5.25000000e-11  1.20000000e+00 
 5.35000000e-11  1.41745163e+00  5.35000000e-11  1.41692764e+00  5.35000000e-11  1.20000000e+00 
 5.45000000e-11  1.41437015e+00  5.45000000e-11  1.41373690e+00  5.45000000e-11  1.20000000e+00 
 5.55000000e-11  1.41103435e+00  5.55000000e-11  1.41027888e+00  5.55000000e-11  1.20000000e+00 
 5.65000000e-11  1.40734527e+00  5.65000000e-11  1.40645497e+00  5.65000000e-11  1.20000000e+00 
 5.75000000e-11  1.40334284e+00  5.75000000e-11  1.40230406e+00  5.75000000e-11  1.20000000e+00 
 5.85000000e-11  1.39896793e+00  5.85000000e-11  1.39776453e+00  5.85000000e-11  1.20000000e+00 
 5.95000000e-11  1.39422918e+00  5.95000000e-11  1.39284199e+00  5.95000000e-11  1.20000000e+00 
 6.05000000e-11  1.38907243e+00  6.05000000e-11  1.38748040e+00  6.05000000e-11  1.20000000e+00 
 6.15000000e-11  1.38349668e+00  6.15000000e-11  1.38167980e+00  6.15000000e-11  1.20000000e+00 
 6.25000000e-11  1.37747136e+00  6.25000000e-11  1.37541481e+00  6.25000000e-11  1.20000000e+00 
 6.35000000e-11  1.37100819e+00  6.35000000e-11  1.36870689e+00  6.35000000e-11  1.20000000e+00 
 6.45000000e-11  1.36410147e+00  6.45000000e-11  1.36156424e+00  6.45000000e-11  1.20000000e+00 
 6.55000000e-11  1.35677272e+00  6.55000000e-11  1.35402538e+00  6.55000000e-11  1.20000000e+00 
 6.65000000e-11  1.34902893e+00  6.65000000e-11  1.34611576e+00  6.65000000e-11  1.20000000e+00 
 6.75000000e-11  1.34089363e+00  6.75000000e-11  1.33787659e+00  6.75000000e-11  1.20000000e+00 
 6.85000000e-11  1.33237910e+00  6.85000000e-11  1.32933471e+00  6.85000000e-11  1.20000000e+00 
 6.95000000e-11  1.32350907e+00  6.95000000e-11  1.32052348e+00  6.95000000e-11  1.20000000e+00 
 7.05000000e-11  1.31430919e+00  7.05000000e-11  1.31147026e+00  7.05000000e-11  1.20000000e+00 
 7.15000000e-11  1.30479345e+00  7.15000000e-11  1.30218866e+00  7.15000000e-11  1.20000000e+00 
 7.25000000e-11  1.29496728e+00  7.25000000e-11  1.29268299e+00  7.25000000e-11  1.20000000e+00 
 7.35000000e-11  1.28485875e+00  7.35000000e-11  1.28297454e+00  7.35000000e-11  1.20000000e+00 
 7.45000000e-11  1.27448373e+00  7.45000000e-11  1.27307135e+00  7.45000000e-11  1.20000000e+00 
 7.55000000e-11  1.26385919e+00  7.55000000e-11  1.26298391e+00  7.55000000e-11  1.20000000e+00 
 7.65000000e-11  1.25300283e+00  7.65000000e-11  1.25272320e+00  7.65000000e-11  1.20000000e+00 
 7.75000000e-11  1.24193447e+00  7.75000000e-11  1.24230282e+00  7.75000000e-11  1.20000000e+00 
 7.85000000e-11  1.23066527e+00  7.85000000e-11  1.23172931e+00  7.85000000e-11  1.20000000e+00 
 7.95000000e-11  1.21921146e+00  7.95000000e-11  1.22101498e+00  7.95000000e-11  1.20000000e+00 
 8.05000000e-11  1.20758611e+00  8.05000000e-11  1.21016948e+00  8.05000000e-11  1.20000000e+00 
 8.15000000e-11  1.19580479e+00  8.15000000e-11  1.19920530e+00  8.15000000e-11  1.20000000e+00 
 8.25000000e-11  1.18388070e+00  8.25000000e-11  1.18813283e+00  8.25000000e-11  1.20000000e+00 
 8.35000000e-11  1.17182857e+00  8.35000000e-11  1.17696411e+00  8.35000000e-11  1.20000000e+00 
 8.45000000e-11  1.15966108e+00  8.45000000e-11  1.16570936e+00  8.45000000e-11  1.20000000e+00 
 8.55000000e-11  1.14739179e+00  8.55000000e-11  1.15437978e+00  8.55000000e-11  1.20000000e+00 
 8.65000000e-11  1.13503251e+00  8.65000000e-11  1.14298499e+00  8.65000000e-11  1.20000000e+00 
 8.75000000e-11  1.12259549e+00  8.75000000e-11  1.13153519e+00  8.75000000e-11  1.20000000e+00 
 8.85000000e-11  1.11009151e+00  8.85000000e-11  1.12003925e+00  8.85000000e-11  1.20000000e+00 
 8.95000000e-11  1.09753157e+00  8.95000000e-11  1.10850639e+00  8.95000000e-11  1.20000000e+00 
 9.05000000e-11  1.08492544e+00  9.05000000e-11  1.09694473e+00  9.05000000e-11  1.20000000e+00 
 9.15000000e-11  1.07228295e+00  9.15000000e-11  1.08536257e+00  9.15000000e-11  1.20000000e+00 
 9.25000000e-11  1.05961292e+00  9.25000000e-11  1.07376734e+00  9.25000000e-11  1.20000000e+00 
 9.35000000e-11  1.04692422e+00  9.35000000e-11  1.06216656e+00  9.35000000e-11  1.20000000e+00 
 9.45000000e-11  1.03422488e+00  9.45000000e-11  1.05056709e+00  9.45000000e-11  1.20000000e+00 
 9.55000000e-11  1.02152300e+00  9.55000000e-11  1.03897585e+00  9.55000000e-11  1.20000000e+00 
 9.65000000e-11  1.00882609e+00  9.65000000e-11  1.02739929e+00  9.65000000e-11  1.20000000e+00 
 9.75000000e-11  9.96141827e-01  9.75000000e-11  1.01584402e+00  9.75000000e-11  1.20000000e+00 
 9.85000000e-11  9.83477560e-01  9.85000000e-11  1.00431637e+00  9.85000000e-11  1.20000000e+00 
 9.95000000e-11  9.70841003e-01  9.95000000e-11  9.92822985e-01  9.95000000e-11  1.20000000e+00 
 1.00500000e-10  9.58239932e-01  1.00500000e-10  9.81370511e-01  1.00500000e-10  1.20000000e+00 
 1.01500000e-10  9.45682812e-01  1.01500000e-10  9.69966154e-01  1.01500000e-10  1.20000000e+00 
 1.02500000e-10  9.33178665e-01  1.02500000e-10  9.58617505e-01  1.02500000e-10  1.20000000e+00 
 1.03500000e-10  9.20737673e-01  1.03500000e-10  9.47333048e-01  1.03500000e-10  1.20000000e+00 
 1.04500000e-10  9.08371135e-01  1.04500000e-10  9.36122080e-01  1.04500000e-10  1.20000000e+00 
 1.05500000e-10  8.96091941e-01  1.05500000e-10  9.24995128e-01  1.05500000e-10  1.20000000e+00 
 1.06500000e-10  8.83914432e-01  1.06500000e-10  9.13963834e-01  1.06500000e-10  1.20000000e+00 
 1.07500000e-10  8.71854534e-01  1.07500000e-10  9.03041151e-01  1.07500000e-10  1.20000000e+00 
 1.08500000e-10  8.59929300e-01  1.08500000e-10  8.92241043e-01  1.08500000e-10  1.20000000e+00 
 1.09500000e-10  8.48156643e-01  1.09500000e-10  8.81578393e-01  1.09500000e-10  1.20000000e+00 
 1.10500000e-10  8.36554646e-01  1.10500000e-10  8.71068528e-01  1.10500000e-10  1.20000000e+00 
 1.11500000e-10  8.25141156e-01  1.11500000e-10  8.60726935e-01  1.11500000e-10  1.20000000e+00 
 1.12500000e-10  8.13933143e-01  1.12500000e-10  8.50568736e-01  1.12500000e-10  1.20000000e+00 
 1.13500000e-10  8.02946380e-01  1.13500000e-10  8.40608375e-01  1.13500000e-10  1.20000000e+00 
 1.14500000e-10  7.92195000e-01  1.14500000e-10  8.30859183e-01  1.14500000e-10  1.20000000e+00 
 1.15500000e-10  7.81691378e-01  1.15500000e-10  8.21333182e-01  1.15500000e-10  1.20000000e+00 
 1.16500000e-10  7.71445939e-01  1.16500000e-10  8.12040842e-01  1.16500000e-10  1.20000000e+00 
 1.17500000e-10  7.61467213e-01  1.17500000e-10  8.02991049e-01  1.17500000e-10  1.20000000e+00 
 1.18500000e-10  7.51761775e-01  1.18500000e-10  7.94191031e-01  1.18500000e-10  1.20000000e+00 
 1.19500000e-10  7.42334310e-01  1.19500000e-10  7.85646427e-01  1.19500000e-10  1.20000000e+00 
 1.20500000e-10  7.33187565e-01  1.20500000e-10  7.77361327e-01  1.20500000e-10  1.20000000e+00 
 1.21500000e-10  7.24322412e-01  1.21500000e-10  7.69338411e-01  1.21500000e-10  1.20000000e+00 
 1.22500000e-10  7.15737845e-01  1.22500000e-10  7.61579058e-01  1.22500000e-10  1.20000000e+00 
 1.23500000e-10  7.07431105e-01  1.23500000e-10  7.54083539e-01  1.23500000e-10  1.20000000e+00 
 1.24500000e-10  6.99397767e-01  1.24500000e-10  7.46851158e-01  1.24500000e-10  1.20000000e+00 
 1.25500000e-10  6.91631938e-01  1.25500000e-10  7.39880453e-01  1.25500000e-10  1.20000000e+00 
 1.26500000e-10  6.84126437e-01  1.26500000e-10  7.33169317e-01  1.26500000e-10  1.20000000e+00 
 1.27500000e-10  6.76873043e-01  1.27500000e-10  7.26715144e-01  1.27500000e-10  1.20000000e+00 
 1.28500000e-10  6.69862724e-01  1.28500000e-10  7.20514871e-01  1.28500000e-10  1.20000000e+00 
 1.29500000e-10  6.63085919e-01  1.29500000e-10  7.14565029e-01  1.29500000e-10  1.20000000e+00 
 1.30500000e-10  6.56532789e-01  1.30500000e-10  7.08861714e-01  1.30500000e-10  1.20000000e+00 
 1.31500000e-10  6.50193491e-01  1.31500000e-10  7.03400583e-01  1.31500000e-10  1.20000000e+00 
 1.32500000e-10  6.44058394e-01  1.32500000e-10  6.98176827e-01  1.32500000e-10  1.20000000e+00 
 1.33500000e-10  6.38118277e-01  1.33500000e-10  6.93185188e-01  1.33500000e-10  1.20000000e+00 
 1.34500000e-10  6.32364448e-01  1.34500000e-10  6.88419990e-01  1.34500000e-10  1.20000000e+00 
 1.35500000e-10  6.26788824e-01  1.35500000e-10  6.83875219e-01  1.35500000e-10  1.20000000e+00 
 1.36500000e-10  6.21383943e-01  1.36500000e-10  6.79544607e-01  1.36500000e-10  1.20000000e+00 
 1.37500000e-10  6.16142946e-01  1.37500000e-10  6.75421739e-01  1.37500000e-10  1.20000000e+00 
 1.38500000e-10  6.11055702e-01  1.38500000e-10  6.71495902e-01  1.38500000e-10  1.20000000e+00 
 1.39500000e-10  6.06119432e-01  1.39500000e-10  6.67764106e-01  1.39500000e-10  1.20000000e+00 
 1.40500000e-10  6.01331725e-01  1.40500000e-10  6.64223635e-01  1.40500000e-10  1.20000000e+00 
 1.41500000e-10  5.96685219e-01  1.41500000e-10  6.60866036e-01  1.41500000e-10  1.20000000e+00 
 1.42500000e-10  5.92175359e-01  1.42500000e-10  6.57685660e-01  1.42500000e-10  1.20000000e+00 
 1.43500000e-10  5.87796960e-01  1.43500000e-10  6.54676369e-01  1.43500000e-10  1.20000000e+00 
 1.44500000e-10  5.83545524e-01  1.44500000e-10  6.51832877e-01  1.44500000e-10  1.20000000e+00 
 1.45500000e-10  5.79416265e-01  1.45500000e-10  6.49149772e-01  1.45500000e-10  1.20000000e+00 
 1.46500000e-10  5.75404733e-01  1.46500000e-10  6.46622200e-01  1.46500000e-10  1.20000000e+00 
 1.47500000e-10  5.71506299e-01  1.47500000e-10  6.44245305e-01  1.47500000e-10  1.20000000e+00 
 1.48500000e-10  5.67716513e-01  1.48500000e-10  6.42014625e-01  1.48500000e-10  1.20000000e+00 
 1.49500000e-10  5.64030818e-01  1.49500000e-10  6.39925749e-01  1.49500000e-10  1.20000000e+00 
 1.50500000e-10  5.60444765e-01  1.50500000e-10  6.37974552e-01  1.50500000e-10  1.20000000e+00 
 1.51500000e-10  5.56953857e-01  1.51500000e-10  6.36156983e-01  1.51500000e-10  1.20000000e+00 
 1.52500000e-10  5.53553677e-01  1.52500000e-10  6.34469212e-01  1.52500000e-10  1.20000000e+00 
 1.53500000e-10  5.50239807e-01  1.53500000e-10  6.32907488e-01  1.53500000e-10  1.20000000e+00 
 1.54500000e-10  5.47007901e-01  1.54500000e-10  6.31468241e-01  1.54500000e-10  1.20000000e+00 
 1.55500000e-10  5.43853650e-01  1.55500000e-10  6.30147985e-01  1.55500000e-10  1.20000000e+00 
 1.56500000e-10  5.40772819e-01  1.56500000e-10  6.28943388e-01  1.56500000e-10  1.20000000e+00 
 1.57500000e-10  5.37761233e-01  1.57500000e-10  6.27851206e-01  1.57500000e-10  1.20000000e+00 
 1.58500000e-10  5.34814798e-01  1.58500000e-10  6.26868334e-01  1.58500000e-10  1.20000000e+00 
 1.59500000e-10  5.31929496e-01  1.59500000e-10  6.25991762e-01  1.59500000e-10  1.20000000e+00 
 1.60500000e-10  5.29101395e-01  1.60500000e-10  6.25218605e-01  1.60500000e-10  1.20000000e+00 
 1.61500000e-10  5.26326646e-01  1.61500000e-10  6.24546076e-01  1.61500000e-10  1.20000000e+00 
 1.62500000e-10  5.23601490e-01  1.62500000e-10  6.23971511e-01  1.62500000e-10  1.20000000e+00 
 1.63500000e-10  5.20922256e-01  1.63500000e-10  6.23492342e-01  1.63500000e-10  1.20000000e+00 
 1.64500000e-10  5.18285359e-01  1.64500000e-10  6.23106121e-01  1.64500000e-10  1.20000000e+00 
 1.65500000e-10  5.15687307e-01  1.65500000e-10  6.22810498e-01  1.65500000e-10  1.20000000e+00 
 1.66500000e-10  5.13124692e-01  1.66500000e-10  6.22603238e-01  1.66500000e-10  1.20000000e+00 
 1.67500000e-10  5.10594193e-01  1.67500000e-10  6.22482202e-01  1.67500000e-10  1.20000000e+00 
 1.68500000e-10  5.08092573e-01  1.68500000e-10  6.22445364e-01  1.68500000e-10  1.20000000e+00 
 1.69500000e-10  5.05616675e-01  1.69500000e-10  6.22490792e-01  1.69500000e-10  1.20000000e+00 
 1.70500000e-10  5.03163426e-01  1.70500000e-10  6.22616662e-01  1.70500000e-10  1.20000000e+00 
 1.71500000e-10  5.00729826e-01  1.71500000e-10  6.22821243e-01  1.71500000e-10  1.20000000e+00 
 1.72500000e-10  4.98312952e-01  1.72500000e-10  6.23102907e-01  1.72500000e-10  1.20000000e+00 
 1.73500000e-10  4.95909951e-01  1.73500000e-10  6.23460115e-01  1.73500000e-10  1.20000000e+00 
 1.74500000e-10  4.93518041e-01  1.74500000e-10  6.23891426e-01  1.74500000e-10  1.20000000e+00 
 1.75500000e-10  4.91134504e-01  1.75500000e-10  6.24395487e-01  1.75500000e-10  1.20000000e+00 
 1.76500000e-10  4.88756686e-01  1.76500000e-10  6.24971036e-01  1.76500000e-10  1.20000000e+00 
 1.77500000e-10  4.86381994e-01  1.77500000e-10  6.25616895e-01  1.77500000e-10  1.20000000e+00 
 1.78500000e-10  4.84007890e-01  1.78500000e-10  6.26331972e-01  1.78500000e-10  1.20000000e+00 
 1.79500000e-10  4.81631893e-01  1.79500000e-10  6.27115256e-01  1.79500000e-10  1.20000000e+00 
 1.80500000e-10  4.79251572e-01  1.80500000e-10  6.27965817e-01  1.80500000e-10  1.20000000e+00 
 1.81500000e-10  4.76864546e-01  1.81500000e-10  6.28882799e-01  1.81500000e-10  1.20000000e+00 
 1.82500000e-10  4.74468478e-01  1.82500000e-10  6.29865427e-01  1.82500000e-10  1.20000000e+00 
 1.83500000e-10  4.72061078e-01  1.83500000e-10  6.30912991e-01  1.83500000e-10  1.20000000e+00 
 1.84500000e-10  4.69640093e-01  1.84500000e-10  6.32024859e-01  1.84500000e-10  1.20000000e+00 
 1.85500000e-10  4.67203311e-01  1.85500000e-10  6.33200463e-01  1.85500000e-10  1.20000000e+00 
 1.86500000e-10  4.64748556e-01  1.86500000e-10  6.34439302e-01  1.86500000e-10  1.20000000e+00 
 1.87500000e-10  4.62273685e-01  1.87500000e-10  6.35740938e-01  1.87500000e-10  1.20000000e+00 
 1.88500000e-10  4.59776586e-01  1.88500000e-10  6.37104997e-01  1.88500000e-10  1.20000000e+00 
 1.89500000e-10  4.57255179e-01  1.89500000e-10  6.38531163e-01  1.89500000e-10  1.20000000e+00 
 1.90500000e-10  4.54707132e-01  1.90500000e-10  6.40018707e-01  1.90500000e-10  1.20000000e+00 
 1.91500000e-10  4.52130481e-01  1.91500000e-10  6.41567780e-01  1.91500000e-10  1.20000000e+00 
 1.92500000e-10  4.49523585e-01  1.92500000e-10  6.43178518e-01  1.92500000e-10  1.20000000e+00 
 1.93500000e-10  4.46884396e-01  1.93500000e-10  6.44850649e-01  1.93500000e-10  1.20000000e+00 
 1.94500000e-10  4.44210923e-01  1.94500000e-10  6.46584149e-01  1.94500000e-10  1.20000000e+00 
 1.95500000e-10  4.41501216e-01  1.95500000e-10  6.48378959e-01  1.95500000e-10  1.20000000e+00 
 1.96500000e-10  4.38753355e-01  1.96500000e-10  6.50235167e-01  1.96500000e-10  1.20000000e+00 
 1.97500000e-10  4.35965435e-01  1.97500000e-10  6.52152815e-01  1.97500000e-10  1.20000000e+00 
 1.98500000e-10  4.33135579e-01  1.98500000e-10  6.54132060e-01  1.98500000e-10  1.20000000e+00 
 1.99500000e-10  4.30261929e-01  1.99500000e-10  6.56173037e-01  1.99500000e-10  1.20000000e+00 
 2.00500000e-10  4.27342645e-01  2.00500000e-10  6.58275964e-01  2.00500000e-10  1.20000000e+00 
 2.01500000e-10  4.24375915e-01  2.01500000e-10  6.60441052e-01  2.01500000e-10  1.20000000e+00 
 2.02500000e-10  4.21359943e-01  2.02500000e-10  6.62668576e-01  2.02500000e-10  1.20000000e+00 
 2.03500000e-10  4.18292968e-01  2.03500000e-10  6.64958812e-01  2.03500000e-10  1.20000000e+00 
 2.04500000e-10  4.15173246e-01  2.04500000e-10  6.67312082e-01  2.04500000e-10  1.20000000e+00 
 2.05500000e-10  4.11999075e-01  2.05500000e-10  6.69728710e-01  2.05500000e-10  1.20000000e+00 
 2.06500000e-10  4.08768778e-01  2.06500000e-10  6.72209055e-01  2.06500000e-10  1.20000000e+00 
 2.07500000e-10  4.05480728e-01  2.07500000e-10  6.74753476e-01  2.07500000e-10  1.20000000e+00 
 2.08500000e-10  4.02133337e-01  2.08500000e-10  6.77362354e-01  2.08500000e-10  1.20000000e+00 
 2.09500000e-10  3.98725079e-01  2.09500000e-10  6.80036066e-01  2.09500000e-10  1.20000000e+00 
 2.10500000e-10  3.95254481e-01  2.10500000e-10  6.82775001e-01  2.10500000e-10  1.20000000e+00 
 2.11500000e-10  3.91720151e-01  2.11500000e-10  6.85579536e-01  2.11500000e-10  1.20000000e+00 
 2.12500000e-10  3.88120773e-01  2.12500000e-10  6.88450050e-01  2.12500000e-10  1.20000000e+00 
 2.13500000e-10  3.84455136e-01  2.13500000e-10  6.91386902e-01  2.13500000e-10  1.20000000e+00 
 2.14500000e-10  3.80722131e-01  2.14500000e-10  6.94390440e-01  2.14500000e-10  1.20000000e+00 
 2.15500000e-10  3.76920785e-01  2.15500000e-10  6.97460985e-01  2.15500000e-10  1.20000000e+00 
 2.16500000e-10  3.73050264e-01  2.16500000e-10  7.00598837e-01  2.16500000e-10  1.20000000e+00 
 2.17500000e-10  3.69109907e-01  2.17500000e-10  7.03804262e-01  2.17500000e-10  1.20000000e+00 
 2.18500000e-10  3.65099234e-01  2.18500000e-10  7.07077493e-01  2.18500000e-10  1.20000000e+00 
 2.19500000e-10  3.61017983e-01  2.19500000e-10  7.10418724e-01  2.19500000e-10  1.20000000e+00 
 2.20500000e-10  3.56866126e-01  2.20500000e-10  7.13828108e-01  2.20500000e-10  1.20000000e+00 
 2.21500000e-10  3.52643899e-01  2.21500000e-10  7.17305753e-01  2.21500000e-10  1.20000000e+00 
 2.22500000e-10  3.48351826e-01  2.22500000e-10  7.20851727e-01  2.22500000e-10  1.20000000e+00 
 2.23500000e-10  3.43990756e-01  2.23500000e-10  7.24466043e-01  2.23500000e-10  1.20000000e+00 
 2.24500000e-10  3.39561878e-01  2.24500000e-10  7.28148675e-01  2.24500000e-10  1.20000000e+00 
 2.25500000e-10  3.35066760e-01  2.25500000e-10  7.31899542e-01  2.25500000e-10  1.20000000e+00 
 2.26500000e-10  3.30507368e-01  2.26500000e-10  7.35718520e-01  2.26500000e-10  1.20000000e+00 
 2.27500000e-10  3.25886096e-01  2.27500000e-10  7.39605433e-01  2.27500000e-10  1.20000000e+00 
 2.28500000e-10  3.21205786e-01  2.28500000e-10  7.43560058e-01  2.28500000e-10  1.20000000e+00 
 2.29500000e-10  3.16469752e-01  2.29500000e-10  7.47582120e-01  2.29500000e-10  1.20000000e+00 
 2.30500000e-10  3.11681794e-01  2.30500000e-10  7.51671297e-01  2.30500000e-10  1.20000000e+00 
 2.31500000e-10  3.06846218e-01  2.31500000e-10  7.55827210e-01  2.31500000e-10  1.20000000e+00 
 2.32500000e-10  3.01967835e-01  2.32500000e-10  7.60049433e-01  2.32500000e-10  1.20000000e+00 
 2.33500000e-10  2.97051977e-01  2.33500000e-10  7.64337485e-01  2.33500000e-10  1.20000000e+00 
 2.34500000e-10  2.92104485e-01  2.34500000e-10  7.68690830e-01  2.34500000e-10  1.20000000e+00 
 2.35500000e-10  2.87131706e-01  2.35500000e-10  7.73108882e-01  2.35500000e-10  1.20000000e+00 
 2.36500000e-10  2.82140471e-01  2.36500000e-10  7.77591001e-01  2.36500000e-10  1.20000000e+00 
 2.37500000e-10  2.77138071e-01  2.37500000e-10  7.82136495e-01  2.37500000e-10  1.20000000e+00 
 2.38500000e-10  2.72132211e-01  2.38500000e-10  7.86744622e-01  2.38500000e-10  1.20000000e+00 
 2.39500000e-10  2.67130967e-01  2.39500000e-10  7.91414589e-01  2.39500000e-10  1.20000000e+00 
 2.40500000e-10  2.62142721e-01  2.40500000e-10  7.96145551e-01  2.40500000e-10  1.20000000e+00 
 2.41500000e-10  2.57176080e-01  2.41500000e-10  8.00936605e-01  2.41500000e-10  1.20000000e+00 
 2.42500000e-10  2.52239791e-01  2.42500000e-10  8.05786786e-01  2.42500000e-10  1.20000000e+00 
 2.43500000e-10  2.47342641e-01  2.43500000e-10  8.10695051e-01  2.43500000e-10  1.20000000e+00 
 2.44500000e-10  2.42493343e-01  2.44500000e-10  8.15660264e-01  2.44500000e-10  1.20000000e+00 
 2.45500000e-10  2.37700419e-01  2.45500000e-10  8.20681173e-01  2.45500000e-10  1.20000000e+00 
 2.46500000e-10  2.32972080e-01  2.46500000e-10  8.25756379e-01  2.46500000e-10  1.20000000e+00 
 2.47500000e-10  2.28316100e-01  2.47500000e-10  8.30884302e-01  2.47500000e-10  1.20000000e+00 
 2.48500000e-10  2.23739696e-01  2.48500000e-10  8.36063145e-01  2.48500000e-10  1.20000000e+00 
 2.49500000e-10  2.19249425e-01  2.49500000e-10  8.41290852e-01  2.49500000e-10  1.20000000e+00 
 2.50500000e-10  2.14851080e-01  2.50500000e-10  8.46565072e-01  2.50500000e-10  1.20000000e+00 
 2.51500000e-10  2.10549613e-01  2.51500000e-10  8.51883119e-01  2.51500000e-10  1.20000000e+00 
 2.52500000e-10  2.06349076e-01  2.52500000e-10  8.57241947e-01  2.52500000e-10  1.20000000e+00 
 2.53500000e-10  2.02252585e-01  2.53500000e-10  8.62638130e-01  2.53500000e-10  1.20000000e+00 
 2.54500000e-10  1.98262301e-01  2.54500000e-10  8.68067852e-01  2.54500000e-10  1.20000000e+00 
 2.55500000e-10  1.94379451e-01  2.55500000e-10  8.73526911e-01  2.55500000e-10  1.20000000e+00 
 2.56500000e-10  1.90604348e-01  2.56500000e-10  8.79010740e-01  2.56500000e-10  1.20000000e+00 
 2.57500000e-10  1.86936453e-01  2.57500000e-10  8.84514435e-01  2.57500000e-10  1.20000000e+00 
 2.58500000e-10  1.83374438e-01  2.58500000e-10  8.90032795e-01  2.58500000e-10  1.20000000e+00 
 2.59500000e-10  1.79916266e-01  2.59500000e-10  8.95560376e-01  2.59500000e-10  1.20000000e+00 
 2.60500000e-10  1.76559286e-01  2.60500000e-10  9.01091545e-01  2.60500000e-10  1.20000000e+00 
 2.61500000e-10  1.73300322e-01  2.61500000e-10  9.06620539e-01  2.61500000e-10  1.20000000e+00 
 2.62500000e-10  1.70135773e-01  2.62500000e-10  9.12141531e-01  2.62500000e-10  1.20000000e+00 
 2.63500000e-10  1.67061703e-01  2.63500000e-10  9.17648688e-01  2.63500000e-10  1.20000000e+00 
 2.64500000e-10  1.64073936e-01  2.64500000e-10  9.23136229e-01  2.64500000e-10  1.20000000e+00 
 2.65500000e-10  1.61168137e-01  2.65500000e-10  9.28598479e-01  2.65500000e-10  1.20000000e+00 
 2.66500000e-10  1.58339891e-01  2.66500000e-10  9.34029920e-01  2.66500000e-10  1.20000000e+00 
 2.67500000e-10  1.55584766e-01  2.67500000e-10  9.39425228e-01  2.67500000e-10  1.20000000e+00 
 2.68500000e-10  1.52898381e-01  2.68500000e-10  9.44779313e-01  2.68500000e-10  1.20000000e+00 
 2.69500000e-10  1.50276447e-01  2.69500000e-10  9.50087346e-01  2.69500000e-10  1.20000000e+00 
 2.70500000e-10  1.47714817e-01  2.70500000e-10  9.55344786e-01  2.70500000e-10  1.20000000e+00 
 2.71500000e-10  1.45209515e-01  2.71500000e-10  9.60547394e-01  2.71500000e-10  1.20000000e+00 
 2.72500000e-10  1.42756765e-01  2.72500000e-10  9.65691249e-01  2.72500000e-10  1.20000000e+00 
 2.73500000e-10  1.40353009e-01  2.73500000e-10  9.70772749e-01  2.73500000e-10  1.20000000e+00 
 2.74500000e-10  1.37994919e-01  2.74500000e-10  9.75788622e-01  2.74500000e-10  1.20000000e+00 
 2.75500000e-10  1.35679408e-01  2.75500000e-10  9.80735918e-01  2.75500000e-10  1.20000000e+00 
 2.76500000e-10  1.33403630e-01  2.76500000e-10  9.85612011e-01  2.76500000e-10  1.20000000e+00 
 2.77500000e-10  1.31164980e-01  2.77500000e-10  9.90414585e-01  2.77500000e-10  1.20000000e+00 
 2.78500000e-10  1.28961093e-01  2.78500000e-10  9.95141630e-01  2.78500000e-10  1.20000000e+00 
 2.79500000e-10  1.26789833e-01  2.79500000e-10  9.99791428e-01  2.79500000e-10  1.20000000e+00 
 2.80500000e-10  1.24649284e-01  2.80500000e-10  1.00436254e+00  2.80500000e-10  1.20000000e+00 
 2.81500000e-10  1.22537746e-01  2.81500000e-10  1.00885380e+00  2.81500000e-10  1.20000000e+00 
 2.82500000e-10  1.20453714e-01  2.82500000e-10  1.01326429e+00  2.82500000e-10  1.20000000e+00 
 2.83500000e-10  1.18395875e-01  2.83500000e-10  1.01759332e+00  2.83500000e-10  1.20000000e+00 
 2.84500000e-10  1.16363087e-01  2.84500000e-10  1.02184042e+00  2.84500000e-10  1.20000000e+00 
 2.85500000e-10  1.14354372e-01  2.85500000e-10  1.02600535e+00  2.85500000e-10  1.20000000e+00 
 2.86500000e-10  1.12368897e-01  2.86500000e-10  1.03008803e+00  2.86500000e-10  1.20000000e+00 
 2.87500000e-10  1.10405968e-01  2.87500000e-10  1.03408858e+00  2.87500000e-10  1.20000000e+00 
 2.88500000e-10  1.08465011e-01  2.88500000e-10  1.03800725e+00  2.88500000e-10  1.20000000e+00 
 2.89500000e-10  1.06545563e-01  2.89500000e-10  1.04184446e+00  2.89500000e-10  1.20000000e+00 
 2.90500000e-10  1.04646101e-01  2.90500000e-10  1.04560238e+00  2.90500000e-10  1.20000000e+00 
 2.91500000e-10  1.02767541e-01  2.91500000e-10  1.04928018e+00  2.91500000e-10  1.20000000e+00 
 2.92500000e-10  1.00910824e-01  2.92500000e-10  1.05287821e+00  2.92500000e-10  1.20000000e+00 
 2.93500000e-10  9.90746996e-02  2.93500000e-10  1.05639776e+00  2.93500000e-10  1.20000000e+00 
 2.94500000e-10  9.72590002e-02  2.94500000e-10  1.05983934e+00  2.94500000e-10  1.20000000e+00 
 2.95500000e-10  9.54636768e-02  2.95500000e-10  1.06320423e+00  2.95500000e-10  1.20000000e+00 
 2.96500000e-10  9.36887418e-02  2.96500000e-10  1.06649331e+00  2.96500000e-10  1.20000000e+00 
 2.97500000e-10  9.19342543e-02  2.97500000e-10  1.06970789e+00  2.97500000e-10  1.20000000e+00 
 2.98500000e-10  9.02002894e-02  2.98500000e-10  1.07284903e+00  2.98500000e-10  1.20000000e+00 
 2.99500000e-10  8.84876710e-02  2.99500000e-10  1.07591719e+00  2.99500000e-10  1.20000000e+00 
 3.00500000e-10  8.67957567e-02  3.00500000e-10  1.07891432e+00  3.00500000e-10  1.20000000e+00 
 3.01500000e-10  8.51240301e-02  3.01500000e-10  1.08184199e+00  3.01500000e-10  1.20000000e+00 
 3.02500000e-10  8.34733059e-02  3.02500000e-10  1.08470125e+00  3.02500000e-10  1.20000000e+00 
 3.03500000e-10  8.18437405e-02  3.03500000e-10  1.08749372e+00  3.03500000e-10  1.20000000e+00 
 3.04500000e-10  8.02349253e-02  3.04500000e-10  1.09022115e+00  3.04500000e-10  1.20000000e+00 
 3.05500000e-10  7.86475681e-02  3.05500000e-10  1.09288446e+00  3.05500000e-10  1.20000000e+00 
 3.06500000e-10  7.70822700e-02  3.06500000e-10  1.09548471e+00  3.06500000e-10  1.20000000e+00 
 3.07500000e-10  7.55386122e-02  3.07500000e-10  1.09802345e+00  3.07500000e-10  1.20000000e+00 
 3.08500000e-10  7.40166972e-02  3.08500000e-10  1.10050171e+00  3.08500000e-10  1.20000000e+00 
 3.09500000e-10  7.25165856e-02  3.09500000e-10  1.10292098e+00  3.09500000e-10  1.20000000e+00 
 3.10500000e-10  7.10383737e-02  3.10500000e-10  1.10528237e+00  3.10500000e-10  1.20000000e+00 
 3.11500000e-10  6.95821103e-02  3.11500000e-10  1.10758733e+00  3.11500000e-10  1.20000000e+00 
 3.12500000e-10  6.81478605e-02  3.12500000e-10  1.10983698e+00  3.12500000e-10  1.20000000e+00 
 3.13500000e-10  6.67356429e-02  3.13500000e-10  1.11203269e+00  3.13500000e-10  1.20000000e+00 
 3.14500000e-10  6.53454900e-02  3.14500000e-10  1.11417559e+00  3.14500000e-10  1.20000000e+00 
 3.15500000e-10  6.39773876e-02  3.15500000e-10  1.11626697e+00  3.15500000e-10  1.20000000e+00 
 3.16500000e-10  6.26313353e-02  3.16500000e-10  1.11830795e+00  3.16500000e-10  1.20000000e+00 
 3.17500000e-10  6.13072861e-02  3.17500000e-10  1.12029977e+00  3.17500000e-10  1.20000000e+00 
 3.18500000e-10  6.00052072e-02  3.18500000e-10  1.12224351e+00  3.18500000e-10  1.20000000e+00 
 3.19500000e-10  5.87250198e-02  3.19500000e-10  1.12414036e+00  3.19500000e-10  1.20000000e+00 
 3.20500000e-10  5.74666599e-02  3.20500000e-10  1.12599138e+00  3.20500000e-10  1.20000000e+00 
 3.21500000e-10  5.62300189e-02  3.21500000e-10  1.12779767e+00  3.21500000e-10  1.20000000e+00 
 3.22500000e-10  5.50150029e-02  3.22500000e-10  1.12956028e+00  3.22500000e-10  1.20000000e+00 
 3.23500000e-10  5.38214762e-02  3.23500000e-10  1.13128026e+00  3.23500000e-10  1.20000000e+00 
 3.24500000e-10  5.26493167e-02  3.24500000e-10  1.13295861e+00  3.24500000e-10  1.20000000e+00 
 3.25500000e-10  5.14983644e-02  3.25500000e-10  1.13459634e+00  3.25500000e-10  1.20000000e+00 
 3.26500000e-10  5.03684715e-02  3.26500000e-10  1.13619439e+00  3.26500000e-10  1.20000000e+00 
 3.27500000e-10  4.92594560e-02  3.27500000e-10  1.13775375e+00  3.27500000e-10  1.20000000e+00 
 3.28500000e-10  4.81711474e-02  3.28500000e-10  1.13927530e+00  3.28500000e-10  1.20000000e+00 
 3.29500000e-10  4.71033441e-02  3.29500000e-10  1.14075999e+00  3.29500000e-10  1.20000000e+00 
 3.30500000e-10  4.60558556e-02  3.30500000e-10  1.14220868e+00  3.30500000e-10  1.20000000e+00 
 3.31500000e-10  4.50284637e-02  3.31500000e-10  1.14362224e+00  3.31500000e-10  1.20000000e+00 
 3.32500000e-10  4.40209602e-02  3.32500000e-10  1.14500150e+00  3.32500000e-10  1.20000000e+00 
 3.33500000e-10  4.30331130e-02  3.33500000e-10  1.14634731e+00  3.33500000e-10  1.20000000e+00 
 3.34500000e-10  4.20646989e-02  3.34500000e-10  1.14766046e+00  3.34500000e-10  1.20000000e+00 
 3.35500000e-10  4.11154741e-02  3.35500000e-10  1.14894173e+00  3.35500000e-10  1.20000000e+00 
 3.36500000e-10  4.01852031e-02  3.36500000e-10  1.15019189e+00  3.36500000e-10  1.20000000e+00 
 3.37500000e-10  3.92736329e-02  3.37500000e-10  1.15141170e+00  3.37500000e-10  1.20000000e+00 
 3.38500000e-10  3.83805179e-02  3.38500000e-10  1.15260188e+00  3.38500000e-10  1.20000000e+00 
 3.39500000e-10  3.75055977e-02  3.39500000e-10  1.15376314e+00  3.39500000e-10  1.20000000e+00 
 3.40500000e-10  3.66486190e-02  3.40500000e-10  1.15489619e+00  3.40500000e-10  1.20000000e+00 
 3.41500000e-10  3.58093162e-02  3.41500000e-10  1.15600169e+00  3.41500000e-10  1.20000000e+00 
 3.42500000e-10  3.49874302e-02  3.42500000e-10  1.15708032e+00  3.42500000e-10  1.20000000e+00 
 3.43500000e-10  3.41826918e-02  3.43500000e-10  1.15813271e+00  3.43500000e-10  1.20000000e+00 
 3.44500000e-10  3.33948380e-02  3.44500000e-10  1.15915951e+00  3.44500000e-10  1.20000000e+00 
 3.45500000e-10  3.26235977e-02  3.45500000e-10  1.16016133e+00  3.45500000e-10  1.20000000e+00 
 3.46500000e-10  3.18687056e-02  3.46500000e-10  1.16113876e+00  3.46500000e-10  1.20000000e+00 
 3.47500000e-10  3.11298899e-02  3.47500000e-10  1.16209240e+00  3.47500000e-10  1.20000000e+00 
 3.48500000e-10  3.04068849e-02  3.48500000e-10  1.16302283e+00  3.48500000e-10  1.20000000e+00 
 3.49500000e-10  2.96994192e-02  3.49500000e-10  1.16393059e+00  3.49500000e-10  1.20000000e+00 
 3.50500000e-10  2.90072277e-02  3.50500000e-10  1.16481624e+00  3.50500000e-10  1.20000000e+00 
 3.51500000e-10  2.83300410e-02  3.51500000e-10  1.16568030e+00  3.51500000e-10  1.20000000e+00 
 3.52500000e-10  2.76675953e-02  3.52500000e-10  1.16652331e+00  3.52500000e-10  1.20000000e+00 
 3.53500000e-10  2.70196243e-02  3.53500000e-10  1.16734576e+00  3.53500000e-10  1.20000000e+00 
 3.54500000e-10  2.63858668e-02  3.54500000e-10  1.16814815e+00  3.54500000e-10  1.20000000e+00 
 3.55500000e-10  2.57660600e-02  3.55500000e-10  1.16893097e+00  3.55500000e-10  1.20000000e+00 
 3.56500000e-10  2.51599463e-02  3.56500000e-10  1.16969469e+00  3.56500000e-10  1.20000000e+00 
 3.57500000e-10  2.45672671e-02  3.57500000e-10  1.17043976e+00  3.57500000e-10  1.20000000e+00 
 3.58500000e-10  2.39877692e-02  3.58500000e-10  1.17116665e+00  3.58500000e-10  1.20000000e+00 
 3.59500000e-10  2.34211988e-02  3.59500000e-10  1.17187578e+00  3.59500000e-10  1.20000000e+00 
 3.60500000e-10  2.28673074e-02  3.60500000e-10  1.17256759e+00  3.60500000e-10  1.20000000e+00 
 3.61500000e-10  2.23258469e-02  3.61500000e-10  1.17324250e+00  3.61500000e-10  1.20000000e+00 
 3.62500000e-10  2.17965740e-02  3.62500000e-10  1.17390090e+00  3.62500000e-10  1.20000000e+00 
 3.63500000e-10  2.12792463e-02  3.63500000e-10  1.17454322e+00  3.63500000e-10  1.20000000e+00 
 3.64500000e-10  2.07736264e-02  3.64500000e-10  1.17516982e+00  3.64500000e-10  1.20000000e+00 
 3.65500000e-10  2.02794779e-02  3.65500000e-10  1.17578109e+00  3.65500000e-10  1.20000000e+00 
 3.66500000e-10  1.97965695e-02  3.66500000e-10  1.17637741e+00  3.66500000e-10  1.20000000e+00 
 3.67500000e-10  1.93246713e-02  3.67500000e-10  1.17695913e+00  3.67500000e-10  1.20000000e+00 
 3.68500000e-10  1.88635582e-02  3.68500000e-10  1.17752661e+00  3.68500000e-10  1.20000000e+00 
 3.69500000e-10  1.84130068e-02  3.69500000e-10  1.17808020e+00  3.69500000e-10  1.20000000e+00 
 3.70500000e-10  1.79727986e-02  3.70500000e-10  1.17862022e+00  3.70500000e-10  1.20000000e+00 
 3.71500000e-10  1.75427169e-02  3.71500000e-10  1.17914701e+00  3.71500000e-10  1.20000000e+00 
 3.72500000e-10  1.71225498e-02  3.72500000e-10  1.17966089e+00  3.72500000e-10  1.20000000e+00 
 3.73500000e-10  1.67120875e-02  3.73500000e-10  1.18016218e+00  3.73500000e-10  1.20000000e+00 
 3.74500000e-10  1.63111246e-02  3.74500000e-10  1.18065117e+00  3.74500000e-10  1.20000000e+00 
 3.75500000e-10  1.59194581e-02  3.75500000e-10  1.18112817e+00  3.75500000e-10  1.20000000e+00 
 3.76500000e-10  1.55368895e-02  3.76500000e-10  1.18159347e+00  3.76500000e-10  1.20000000e+00 
 3.77500000e-10  1.51632226e-02  3.77500000e-10  1.18204736e+00  3.77500000e-10  1.20000000e+00 
 3.78500000e-10  1.47982655e-02  3.78500000e-10  1.18249010e+00  3.78500000e-10  1.20000000e+00 
 3.79500000e-10  1.44418288e-02  3.79500000e-10  1.18292197e+00  3.79500000e-10  1.20000000e+00 
 3.80500000e-10  1.40937275e-02  3.80500000e-10  1.18334324e+00  3.80500000e-10  1.20000000e+00 
 3.81500000e-10  1.37537788e-02  3.81500000e-10  1.18375417e+00  3.81500000e-10  1.20000000e+00 
 3.82500000e-10  1.34218041e-02  3.82500000e-10  1.18415499e+00  3.82500000e-10  1.20000000e+00 
 3.83500000e-10  1.30976276e-02  3.83500000e-10  1.18454598e+00  3.83500000e-10  1.20000000e+00 
 3.84500000e-10  1.27810772e-02  3.84500000e-10  1.18492735e+00  3.84500000e-10  1.20000000e+00 
 3.85500000e-10  1.24719834e-02  3.85500000e-10  1.18529935e+00  3.85500000e-10  1.20000000e+00 
 3.86500000e-10  1.21701806e-02  3.86500000e-10  1.18566220e+00  3.86500000e-10  1.20000000e+00 
 3.87500000e-10  1.18755059e-02  3.87500000e-10  1.18601613e+00  3.87500000e-10  1.20000000e+00 
 3.88500000e-10  1.15877999e-02  3.88500000e-10  1.18636135e+00  3.88500000e-10  1.20000000e+00 
 3.89500000e-10  1.13069060e-02  3.89500000e-10  1.18669809e+00  3.89500000e-10  1.20000000e+00 
 3.90500000e-10  1.10326710e-02  3.90500000e-10  1.18702653e+00  3.90500000e-10  1.20000000e+00 
 3.91500000e-10  1.07649443e-02  3.91500000e-10  1.18734690e+00  3.91500000e-10  1.20000000e+00 
 3.92500000e-10  1.05035788e-02  3.92500000e-10  1.18765938e+00  3.92500000e-10  1.20000000e+00 
 3.93500000e-10  1.02484301e-02  3.93500000e-10  1.18796417e+00  3.93500000e-10  1.20000000e+00 
 3.94500000e-10  9.99935675e-03  3.94500000e-10  1.18826145e+00  3.94500000e-10  1.20000000e+00 
 3.95500000e-10  9.75622019e-03  3.95500000e-10  1.18855142e+00  3.95500000e-10  1.20000000e+00 
 3.96500000e-10  9.51888482e-03  3.96500000e-10  1.18883424e+00  3.96500000e-10  1.20000000e+00 
 3.97500000e-10  9.28721762e-03  3.97500000e-10  1.18911009e+00  3.97500000e-10  1.20000000e+00 
 3.98500000e-10  9.06108860e-03  3.98500000e-10  1.18937915e+00  3.98500000e-10  1.20000000e+00 
 3.99500000e-10  8.84037023e-03  3.99500000e-10  1.18964158e+00  3.99500000e-10  1.20000000e+00 
 4.00500000e-10  8.62493789e-03  4.00500000e-10  1.18989754e+00  4.00500000e-10  1.20000000e+00 
 4.01500000e-10  8.41466938e-03  4.01500000e-10  1.19014720e+00  4.01500000e-10  1.20000000e+00 
 4.02500000e-10  8.20944530e-03  4.02500000e-10  1.19039070e+00  4.02500000e-10  1.20000000e+00 
 4.03500000e-10  8.00914860e-03  4.03500000e-10  1.19062819e+00  4.03500000e-10  1.20000000e+00 
 4.04500000e-10  7.81366492e-03  4.04500000e-10  1.19085983e+00  4.04500000e-10  1.20000000e+00 
 4.05500000e-10  7.62288220e-03  4.05500000e-10  1.19108576e+00  4.05500000e-10  1.20000000e+00 
 4.06500000e-10  7.43669095e-03  4.06500000e-10  1.19130612e+00  4.06500000e-10  1.20000000e+00 
 4.07500000e-10  7.25498391e-03  4.07500000e-10  1.19152104e+00  4.07500000e-10  1.20000000e+00 
 4.08500000e-10  7.07765630e-03  4.08500000e-10  1.19173066e+00  4.08500000e-10  1.20000000e+00 
 4.09500000e-10  6.90460550e-03  4.09500000e-10  1.19193510e+00  4.09500000e-10  1.20000000e+00 
 4.10500000e-10  6.73573126e-03  4.10500000e-10  1.19213450e+00  4.10500000e-10  1.20000000e+00 
 4.11500000e-10  6.57093543e-03  4.11500000e-10  1.19232899e+00  4.11500000e-10  1.20000000e+00 
 4.12500000e-10  6.41012214e-03  4.12500000e-10  1.19251867e+00  4.12500000e-10  1.20000000e+00 
 4.13500000e-10  6.25319753e-03  4.13500000e-10  1.19270367e+00  4.13500000e-10  1.20000000e+00 
 4.14500000e-10  6.10006994e-03  4.14500000e-10  1.19288410e+00  4.14500000e-10  1.20000000e+00 
 4.15500000e-10  5.95064967e-03  4.15500000e-10  1.19306008e+00  4.15500000e-10  1.20000000e+00 
 4.16500000e-10  5.80484909e-03  4.16500000e-10  1.19323171e+00  4.16500000e-10  1.20000000e+00 
 4.17500000e-10  5.66258247e-03  4.17500000e-10  1.19339911e+00  4.17500000e-10  1.20000000e+00 
 4.18500000e-10  5.52376609e-03  4.18500000e-10  1.19356237e+00  4.18500000e-10  1.20000000e+00 
 4.19500000e-10  5.38831804e-03  4.19500000e-10  1.19372160e+00  4.19500000e-10  1.20000000e+00 
 4.20500000e-10  5.25615834e-03  4.20500000e-10  1.19387690e+00  4.20500000e-10  1.20000000e+00 
 4.21500000e-10  5.12720876e-03  4.21500000e-10  1.19402836e+00  4.21500000e-10  1.20000000e+00 
 4.22500000e-10  5.00139290e-03  4.22500000e-10  1.19417608e+00  4.22500000e-10  1.20000000e+00 
 4.23500000e-10  4.87863605e-03  4.23500000e-10  1.19432015e+00  4.23500000e-10  1.20000000e+00 
 4.24500000e-10  4.75886527e-03  4.24500000e-10  1.19446066e+00  4.24500000e-10  1.20000000e+00 
 4.25500000e-10  4.64200922e-03  4.25500000e-10  1.19459770e+00  4.25500000e-10  1.20000000e+00 
 4.26500000e-10  4.52799827e-03  4.26500000e-10  1.19473135e+00  4.26500000e-10  1.20000000e+00 
 4.27500000e-10  4.41676432e-03  4.27500000e-10  1.19486170e+00  4.27500000e-10  1.20000000e+00 
 4.28500000e-10  4.30824091e-03  4.28500000e-10  1.19498883e+00  4.28500000e-10  1.20000000e+00 
 4.29500000e-10  4.20236305e-03  4.29500000e-10  1.19511282e+00  4.29500000e-10  1.20000000e+00 
 4.30500000e-10  4.09906731e-03  4.30500000e-10  1.19523374e+00  4.30500000e-10  1.20000000e+00 
 4.31500000e-10  3.99829167e-03  4.31500000e-10  1.19535167e+00  4.31500000e-10  1.20000000e+00 
 4.32500000e-10  3.89997562e-03  4.32500000e-10  1.19546669e+00  4.32500000e-10  1.20000000e+00 
 4.33500000e-10  3.80406000e-03  4.33500000e-10  1.19557887e+00  4.33500000e-10  1.20000000e+00 
 4.34500000e-10  3.71048706e-03  4.34500000e-10  1.19568827e+00  4.34500000e-10  1.20000000e+00 
 4.35500000e-10  3.61920037e-03  4.35500000e-10  1.19579497e+00  4.35500000e-10  1.20000000e+00 
 4.36500000e-10  3.53014486e-03  4.36500000e-10  1.19589902e+00  4.36500000e-10  1.20000000e+00 
 4.37500000e-10  3.44326670e-03  4.37500000e-10  1.19600051e+00  4.37500000e-10  1.20000000e+00 
 4.38500000e-10  3.35851338e-03  4.38500000e-10  1.19609949e+00  4.38500000e-10  1.20000000e+00 
 4.39500000e-10  3.27583356e-03  4.39500000e-10  1.19619601e+00  4.39500000e-10  1.20000000e+00 
 4.40500000e-10  3.19517716e-03  4.40500000e-10  1.19629016e+00  4.40500000e-10  1.20000000e+00 
 4.41500000e-10  3.11649525e-03  4.41500000e-10  1.19638197e+00  4.41500000e-10  1.20000000e+00 
 4.42500000e-10  3.03974006e-03  4.42500000e-10  1.19647151e+00  4.42500000e-10  1.20000000e+00 
 4.43500000e-10  2.96486494e-03  4.43500000e-10  1.19655884e+00  4.43500000e-10  1.20000000e+00 
 4.44500000e-10  2.89182437e-03  4.44500000e-10  1.19664401e+00  4.44500000e-10  1.20000000e+00 
 4.45500000e-10  2.82057388e-03  4.45500000e-10  1.19672707e+00  4.45500000e-10  1.20000000e+00 
 4.46500000e-10  2.75107006e-03  4.46500000e-10  1.19680807e+00  4.46500000e-10  1.20000000e+00 
 4.47500000e-10  2.68327054e-03  4.47500000e-10  1.19688708e+00  4.47500000e-10  1.20000000e+00 
 4.48500000e-10  2.61713394e-03  4.48500000e-10  1.19696412e+00  4.48500000e-10  1.20000000e+00 
 4.49500000e-10  2.55261988e-03  4.49500000e-10  1.19703927e+00  4.49500000e-10  1.20000000e+00 
 4.50500000e-10  2.48968893e-03  4.50500000e-10  1.19711255e+00  4.50500000e-10  1.20000000e+00 
 4.51500000e-10  2.42830261e-03  4.51500000e-10  1.19718402e+00  4.51500000e-10  1.20000000e+00 
 4.52500000e-10  2.36842334e-03  4.52500000e-10  1.19725372e+00  4.52500000e-10  1.20000000e+00 
 4.53500000e-10  2.31001446e-03  4.53500000e-10  1.19732170e+00  4.53500000e-10  1.20000000e+00 
 4.54500000e-10  2.25304017e-03  4.54500000e-10  1.19738799e+00  4.54500000e-10  1.20000000e+00 
 4.55500000e-10  2.19746552e-03  4.55500000e-10  1.19745265e+00  4.55500000e-10  1.20000000e+00 
 4.56500000e-10  2.14325642e-03  4.56500000e-10  1.19751570e+00  4.56500000e-10  1.20000000e+00 
 4.57500000e-10  2.09037958e-03  4.57500000e-10  1.19757720e+00  4.57500000e-10  1.20000000e+00 
 4.58500000e-10  2.03880252e-03  4.58500000e-10  1.19763717e+00  4.58500000e-10  1.20000000e+00 
 4.59500000e-10  1.98849352e-03  4.59500000e-10  1.19769566e+00  4.59500000e-10  1.20000000e+00 
 4.60500000e-10  1.93942164e-03  4.60500000e-10  1.19775270e+00  4.60500000e-10  1.20000000e+00 
 4.61500000e-10  1.89155667e-03  4.61500000e-10  1.19780833e+00  4.61500000e-10  1.20000000e+00 
 4.62500000e-10  1.84486915e-03  4.62500000e-10  1.19786258e+00  4.62500000e-10  1.20000000e+00 
 4.63500000e-10  1.79933030e-03  4.63500000e-10  1.19791549e+00  4.63500000e-10  1.20000000e+00 
 4.64500000e-10  1.75491206e-03  4.64500000e-10  1.19796709e+00  4.64500000e-10  1.20000000e+00 
 4.65500000e-10  1.71158702e-03  4.65500000e-10  1.19801741e+00  4.65500000e-10  1.20000000e+00 
 4.66500000e-10  1.66932845e-03  4.66500000e-10  1.19806649e+00  4.66500000e-10  1.20000000e+00 
 4.67500000e-10  1.62811026e-03  4.67500000e-10  1.19811435e+00  4.67500000e-10  1.20000000e+00 
 4.68500000e-10  1.58790700e-03  4.68500000e-10  1.19816103e+00  4.68500000e-10  1.20000000e+00 
 4.69500000e-10  1.54869381e-03  4.69500000e-10  1.19820655e+00  4.69500000e-10  1.20000000e+00 
 4.70500000e-10  1.51044646e-03  4.70500000e-10  1.19825095e+00  4.70500000e-10  1.20000000e+00 
 4.71500000e-10  1.47314128e-03  4.71500000e-10  1.19829425e+00  4.71500000e-10  1.20000000e+00 
 4.72500000e-10  1.43675521e-03  4.72500000e-10  1.19833647e+00  4.72500000e-10  1.20000000e+00 
 4.73500000e-10  1.40126570e-03  4.73500000e-10  1.19837765e+00  4.73500000e-10  1.20000000e+00 
 4.74500000e-10  1.36665080e-03  4.74500000e-10  1.19841781e+00  4.74500000e-10  1.20000000e+00 
 4.75500000e-10  1.33288904e-03  4.75500000e-10  1.19845698e+00  4.75500000e-10  1.20000000e+00 
 4.76500000e-10  1.29995950e-03  4.76500000e-10  1.19849518e+00  4.76500000e-10  1.20000000e+00 
 4.77500000e-10  1.26784178e-03  4.77500000e-10  1.19853243e+00  4.77500000e-10  1.20000000e+00 
 4.78500000e-10  1.23651595e-03  4.78500000e-10  1.19856876e+00  4.78500000e-10  1.20000000e+00 
 4.79500000e-10  1.20596257e-03  4.79500000e-10  1.19860418e+00  4.79500000e-10  1.20000000e+00 
 4.80500000e-10  1.17616268e-03  4.80500000e-10  1.19863874e+00  4.80500000e-10  1.20000000e+00 
 4.81500000e-10  1.14709778e-03  4.81500000e-10  1.19867243e+00  4.81500000e-10  1.20000000e+00 
 4.82500000e-10  1.11874982e-03  4.82500000e-10  1.19870530e+00  4.82500000e-10  1.20000000e+00 
 4.83500000e-10  1.09110118e-03  4.83500000e-10  1.19873734e+00  4.83500000e-10  1.20000000e+00 
 4.84500000e-10  1.06413469e-03  4.84500000e-10  1.19876860e+00  4.84500000e-10  1.20000000e+00 
 4.85500000e-10  1.03783358e-03  4.85500000e-10  1.19879908e+00  4.85500000e-10  1.20000000e+00 
 4.86500000e-10  1.01218150e-03  4.86500000e-10  1.19882881e+00  4.86500000e-10  1.20000000e+00 
 4.87500000e-10  9.87162479e-04  4.87500000e-10  1.19885780e+00  4.87500000e-10  1.20000000e+00 
 4.88500000e-10  9.62760963e-04  4.88500000e-10  1.19888607e+00  4.88500000e-10  1.20000000e+00 
 4.89500000e-10  9.38961762e-04  4.89500000e-10  1.19891365e+00  4.89500000e-10  1.20000000e+00 
 4.90500000e-10  9.15750060e-04  4.90500000e-10  1.19894054e+00  4.90500000e-10  1.20000000e+00 
 4.91500000e-10  8.93111403e-04  4.91500000e-10  1.19896676e+00  4.91500000e-10  1.20000000e+00 
 4.92500000e-10  8.71031690e-04  4.92500000e-10  1.19899234e+00  4.92500000e-10  1.20000000e+00 
 4.93500000e-10  8.49497165e-04  4.93500000e-10  1.19901728e+00  4.93500000e-10  1.20000000e+00 
 4.94500000e-10  8.28494409e-04  4.94500000e-10  1.19904160e+00  4.94500000e-10  1.20000000e+00 
 4.95500000e-10  8.08010330e-04  4.95500000e-10  1.19906532e+00  4.95500000e-10  1.20000000e+00 
 4.96500000e-10  7.88032156e-04  4.96500000e-10  1.19908846e+00  4.96500000e-10  1.20000000e+00 
 4.97500000e-10  7.68547430e-04  4.97500000e-10  1.19911102e+00  4.97500000e-10  1.20000000e+00 
 4.98500000e-10  7.49543998e-04  4.98500000e-10  1.19913302e+00  4.98500000e-10  1.20000000e+00 
 4.99250000e-10  7.35600460e-04  4.99250000e-10  1.19914917e+00  4.99250000e-10  1.20000000e+00 
 5.00000000e-10  7.21916069e-04  5.00000000e-10  1.19916501e+00  5.00000000e-10  1.20000000e+00 
 5.00100000e-10  3.63538759e-04  5.00100000e-10  1.19880507e+00  5.00100000e-10  1.19760000e+00 
 5.00300000e-10 -5.04381375e-04  5.00300000e-10  1.19790365e+00  5.00300000e-10  1.19280000e+00 
 5.00700000e-10 -2.07855019e-03  5.00700000e-10  1.19618411e+00  5.00700000e-10  1.18320000e+00 
 5.01500000e-10 -4.28314380e-03  5.01500000e-10  1.19369747e+00  5.01500000e-10  1.16400000e+00 
 5.02500000e-10 -6.46699523e-03  5.02500000e-10  1.19120779e+00  5.02500000e-10  1.14000000e+00 
 5.03500000e-10 -8.26266616e-03  5.03500000e-10  1.18914202e+00  5.03500000e-10  1.11600000e+00 
 5.04500000e-10 -9.95164046e-03  5.04500000e-10  1.18721873e+00  5.04500000e-10  1.09200000e+00 
 5.05500000e-10 -1.15058508e-02  5.05500000e-10  1.18546623e+00  5.05500000e-10  1.06800000e+00 
 5.06500000e-10 -1.30137604e-02  5.06500000e-10  1.18380536e+00  5.06500000e-10  1.04400000e+00 
 5.07500000e-10 -1.44318582e-02  5.07500000e-10  1.18227895e+00  5.07500000e-10  1.02000000e+00 
 5.08500000e-10 -1.58097679e-02  5.08500000e-10  1.18083907e+00  5.08500000e-10  9.96000000e-01 
 5.09500000e-10 -1.71183016e-02  5.09500000e-10  1.17951021e+00  5.09500000e-10  9.72000000e-01 
 5.10500000e-10 -1.83916881e-02  5.10500000e-10  1.17825683e+00  5.10500000e-10  9.48000000e-01 
 5.11500000e-10 -1.96124273e-02  5.11500000e-10  1.17709052e+00  5.11500000e-10  9.24000000e-01 
 5.12500000e-10 -2.08066691e-02  5.12500000e-10  1.17598247e+00  5.12500000e-10  9.00000000e-01 
 5.13500000e-10 -2.19660005e-02  5.13500000e-10  1.17493353e+00  5.13500000e-10  8.76000000e-01 
 5.14401856e-10 -2.30016691e-02  5.14401856e-10  1.17401363e+00  5.14401856e-10  8.54355446e-01 
 5.15401856e-10 -2.41376681e-02  5.15401856e-10  1.17301309e+00  5.15401856e-10  8.30355446e-01 
 5.16401856e-10 -2.52821949e-02  5.16401856e-10  1.17200194e+00  5.16401856e-10  8.06355446e-01 
 5.17401856e-10 -2.64385974e-02  5.17401856e-10  1.17096284e+00  5.17401856e-10  7.82355446e-01 
 5.18401856e-10 -2.76237470e-02  5.18401856e-10  1.16986827e+00  5.18401856e-10  7.58355446e-01 
 5.19401856e-10 -2.88402788e-02  5.19401856e-10  1.16870320e+00  5.19401856e-10  7.34355446e-01 
 5.20401856e-10 -3.00996755e-02  5.20401856e-10  1.16744846e+00  5.20401856e-10  7.10355446e-01 
 5.21401856e-10 -3.14014035e-02  5.21401856e-10  1.16609694e+00  5.21401856e-10  6.86355446e-01 
 5.22401856e-10 -3.27507752e-02  5.22401856e-10  1.16464048e+00  5.22401856e-10  6.62355446e-01 
 5.23401856e-10 -3.41430850e-02  5.23401856e-10  1.16308076e+00  5.23401856e-10  6.38355446e-01 
 5.24401856e-10 -3.55746729e-02  5.24401856e-10  1.16142374e+00  5.24401856e-10  6.14355446e-01 
 5.25401856e-10 -3.70270271e-02  5.25401856e-10  1.15969325e+00  5.25401856e-10  5.90355446e-01 
 5.26401856e-10 -3.84734510e-02  5.26401856e-10  1.15792862e+00  5.26401856e-10  5.66355446e-01 
 5.27401856e-10 -3.98689172e-02  5.27401856e-10  1.15618852e+00  5.27401856e-10  5.42355446e-01 
 5.28401856e-10 -4.11618108e-02  5.28401856e-10  1.15453813e+00  5.28401856e-10  5.18355446e-01 
 5.29401856e-10 -4.22949656e-02  5.29401856e-10  1.15304165e+00  5.29401856e-10  4.94355446e-01 
 5.30401856e-10 -4.32225238e-02  5.30401856e-10  1.15174809e+00  5.30401856e-10  4.70355446e-01 
 5.31401856e-10 -4.39121768e-02  5.31401856e-10  1.15068788e+00  5.31401856e-10  4.46355446e-01 
 5.32401856e-10 -4.43517245e-02  5.32401856e-10  1.14987026e+00  5.32401856e-10  4.22355446e-01 
 5.33401856e-10 -4.45406122e-02  5.33401856e-10  1.14929020e+00  5.33401856e-10  3.98355446e-01 
 5.34401856e-10 -4.44879979e-02  5.34401856e-10  1.14893307e+00  5.34401856e-10  3.74355446e-01 
 5.35401856e-10 -4.42040302e-02  5.35401856e-10  1.14878171e+00  5.35401856e-10  3.50355446e-01 
 5.36401856e-10 -4.36997692e-02  5.36401856e-10  1.14881863e+00  5.36401856e-10  3.26355446e-01 
 5.37401856e-10 -4.29833665e-02  5.37401856e-10  1.14902816e+00  5.37401856e-10  3.02355446e-01 
 5.38401856e-10 -4.20632441e-02  5.38401856e-10  1.14939495e+00  5.38401856e-10  2.78355446e-01 
 5.39401856e-10 -4.09465386e-02  5.39401856e-10  1.14990412e+00  5.39401856e-10  2.54355446e-01 
 5.40401856e-10 -3.96408904e-02  5.40401856e-10  1.15054095e+00  5.40401856e-10  2.30355446e-01 
 5.41401856e-10 -3.81521895e-02  5.41401856e-10  1.15129215e+00  5.41401856e-10  2.06355446e-01 
 5.42401856e-10 -3.64864077e-02  5.42401856e-10  1.15214537e+00  5.42401856e-10  1.82355446e-01 
 5.43401856e-10 -3.46485834e-02  5.43401856e-10  1.15308927e+00  5.43401856e-10  1.58355446e-01 
 5.44401856e-10 -3.26442099e-02  5.44401856e-10  1.15411308e+00  5.44401856e-10  1.34355446e-01 
 5.45401856e-10 -3.04779223e-02  5.45401856e-10  1.15520705e+00  5.45401856e-10  1.10355446e-01 
 5.46401856e-10 -2.81544027e-02  5.46401856e-10  1.15636235e+00  5.46401856e-10  8.63554464e-02 
 5.47401856e-10 -2.56773945e-02  5.47401856e-10  1.15757129e+00  5.47401856e-10  6.23554464e-02 
 5.48401856e-10 -2.30505674e-02  5.48401856e-10  1.15882700e+00  5.48401856e-10  3.83554464e-02 
 5.49200928e-10 -2.08457429e-02  5.49200928e-10  1.15986010e+00  5.49200928e-10  1.91777232e-02 
 5.50000000e-10 -1.85486590e-02  5.50000000e-10  1.16091643e+00  5.50000000e-10  0.00000000e+00 
 5.50100000e-10 -1.78801671e-02  5.50100000e-10  1.16143566e+00  5.50100000e-10  0.00000000e+00 
 5.50300000e-10 -1.63449759e-02  5.50300000e-10  1.16272275e+00  5.50300000e-10  0.00000000e+00 
 5.50700000e-10 -1.32347409e-02  5.50700000e-10  1.16550081e+00  5.50700000e-10  0.00000000e+00 
 5.51500000e-10 -7.78600336e-03  5.51500000e-10  1.17038826e+00  5.51500000e-10  0.00000000e+00 
 5.52500000e-10 -1.78627698e-03  5.52500000e-10  1.17571165e+00  5.52500000e-10  0.00000000e+00 
 5.53500000e-10  3.33680610e-03  5.53500000e-10  1.18019643e+00  5.53500000e-10  0.00000000e+00 
 5.54500000e-10  7.84058943e-03  5.54500000e-10  1.18408071e+00  5.54500000e-10  0.00000000e+00 
 5.55500000e-10  1.18099809e-02  5.55500000e-10  1.18742925e+00  5.55500000e-10  0.00000000e+00 
 5.56500000e-10  1.54083616e-02  5.56500000e-10  1.19038586e+00  5.56500000e-10  0.00000000e+00 
 5.57500000e-10  1.86751249e-02  5.57500000e-10  1.19298213e+00  5.57500000e-10  0.00000000e+00 
 5.58500000e-10  2.17102586e-02  5.58500000e-10  1.19530840e+00  5.58500000e-10  0.00000000e+00 
 5.59500000e-10  2.45299708e-02  5.59500000e-10  1.19738028e+00  5.59500000e-10  0.00000000e+00 
 5.60500000e-10  2.71976994e-02  5.60500000e-10  1.19925608e+00  5.60500000e-10  0.00000000e+00 
 5.61500000e-10  2.97198615e-02  5.61500000e-10  1.20094442e+00  5.61500000e-10  0.00000000e+00 
 5.62500000e-10  3.21388348e-02  5.62500000e-10  1.20248486e+00  5.62500000e-10  0.00000000e+00 
 5.63500000e-10  3.44566650e-02  5.63500000e-10  1.20388287e+00  5.63500000e-10  0.00000000e+00 
 5.64500000e-10  3.67027980e-02  5.64500000e-10  1.20516619e+00  5.64500000e-10  0.00000000e+00 
 5.65500000e-10  3.88774001e-02  5.65500000e-10  1.20633879e+00  5.65500000e-10  0.00000000e+00 
 5.66500000e-10  4.10015459e-02  5.66500000e-10  1.20742062e+00  5.66500000e-10  0.00000000e+00 
 5.67500000e-10  4.30746343e-02  5.67500000e-10  1.20841486e+00  5.67500000e-10  0.00000000e+00 
 5.68500000e-10  4.51120847e-02  5.68500000e-10  1.20933617e+00  5.68500000e-10  0.00000000e+00 
 5.69500000e-10  4.71130261e-02  5.69500000e-10  1.21018723e+00  5.69500000e-10  0.00000000e+00 
 5.70500000e-10  4.90889276e-02  5.70500000e-10  1.21097900e+00  5.70500000e-10  0.00000000e+00 
 5.71500000e-10  5.10388680e-02  5.71500000e-10  1.21171381e+00  5.71500000e-10  0.00000000e+00 
 5.72500000e-10  5.29714860e-02  5.72500000e-10  1.21239996e+00  5.72500000e-10  0.00000000e+00 
 5.73500000e-10  5.48859042e-02  5.73500000e-10  1.21303949e+00  5.73500000e-10  0.00000000e+00 
 5.74500000e-10  5.67886943e-02  5.74500000e-10  1.21363876e+00  5.74500000e-10  0.00000000e+00 
 5.75500000e-10  5.86790599e-02  5.75500000e-10  1.21419956e+00  5.75500000e-10  0.00000000e+00 
 5.76500000e-10  6.05620407e-02  5.76500000e-10  1.21472684e+00  5.76500000e-10  0.00000000e+00 
 5.77500000e-10  6.24369327e-02  5.77500000e-10  1.21522216e+00  5.77500000e-10  0.00000000e+00 
 5.78500000e-10  6.43076277e-02  5.78500000e-10  1.21568939e+00  5.78500000e-10  0.00000000e+00 
 5.79500000e-10  6.61735138e-02  5.79500000e-10  1.21612991e+00  5.79500000e-10  0.00000000e+00 
 5.80500000e-10  6.80376151e-02  5.80500000e-10  1.21654678e+00  5.80500000e-10  0.00000000e+00 
 5.81500000e-10  6.98994065e-02  5.81500000e-10  1.21694121e+00  5.81500000e-10  0.00000000e+00 
 5.82500000e-10  7.17612518e-02  5.82500000e-10  1.21731563e+00  5.82500000e-10  0.00000000e+00 
 5.83500000e-10  7.36227050e-02  5.83500000e-10  1.21767112e+00  5.83500000e-10  0.00000000e+00 
 5.84500000e-10  7.54856252e-02  5.84500000e-10  1.21800962e+00  5.84500000e-10  0.00000000e+00 
 5.85500000e-10  7.73496376e-02  5.85500000e-10  1.21833208e+00  5.85500000e-10  0.00000000e+00 
 5.86500000e-10  7.92162135e-02  5.86500000e-10  1.21864009e+00  5.86500000e-10  0.00000000e+00 
 5.87500000e-10  8.10850420e-02  5.87500000e-10  1.21893447e+00  5.87500000e-10  0.00000000e+00 
 5.88500000e-10  8.29572954e-02  5.88500000e-10  1.21921651e+00  5.88500000e-10  0.00000000e+00 
 5.89500000e-10  8.48327197e-02  5.89500000e-10  1.21948697e+00  5.89500000e-10  0.00000000e+00 
 5.90500000e-10  8.67122565e-02  5.90500000e-10  1.21974688e+00  5.90500000e-10  0.00000000e+00 
 5.91500000e-10  8.85957025e-02  5.91500000e-10  1.21999691e+00  5.91500000e-10  0.00000000e+00 
 5.92500000e-10  9.04838206e-02  5.92500000e-10  1.22023794e+00  5.92500000e-10  0.00000000e+00 
 5.93500000e-10  9.23764528e-02  5.93500000e-10  1.22047055e+00  5.93500000e-10  0.00000000e+00 
 5.94500000e-10  9.42742242e-02  5.94500000e-10  1.22069548e+00  5.94500000e-10  0.00000000e+00 
 5.95500000e-10  9.61770169e-02  5.95500000e-10  1.22091325e+00  5.95500000e-10  0.00000000e+00 
 5.96500000e-10  9.80853496e-02  5.96500000e-10  1.22112447e+00  5.96500000e-10  0.00000000e+00 
 5.97500000e-10  9.99991404e-02  5.97500000e-10  1.22132962e+00  5.97500000e-10  0.00000000e+00 
 5.98500000e-10  1.01918827e-01  5.98500000e-10  1.22152921e+00  5.98500000e-10  0.00000000e+00 
 5.99500000e-10  1.03844358e-01  5.99500000e-10  1.22172367e+00  5.99500000e-10  0.00000000e+00 
 6.00500000e-10  1.05776110e-01  6.00500000e-10  1.22191346e+00  6.00500000e-10  0.00000000e+00 
 6.01500000e-10  1.07714063e-01  6.01500000e-10  1.22209894e+00  6.01500000e-10  0.00000000e+00 
 6.02500000e-10  1.09658543e-01  6.02500000e-10  1.22228051e+00  6.02500000e-10  0.00000000e+00 
 6.03500000e-10  1.11609557e-01  6.03500000e-10  1.22245851e+00  6.03500000e-10  0.00000000e+00 
 6.04500000e-10  1.13567399e-01  6.04500000e-10  1.22263328e+00  6.04500000e-10  0.00000000e+00 
 6.05500000e-10  1.15532098e-01  6.05500000e-10  1.22280514e+00  6.05500000e-10  0.00000000e+00 
 6.06500000e-10  1.17503922e-01  6.06500000e-10  1.22297439e+00  6.06500000e-10  0.00000000e+00 
 6.07500000e-10  1.19482926e-01  6.07500000e-10  1.22314130e+00  6.07500000e-10  0.00000000e+00 
 6.08500000e-10  1.21469359e-01  6.08500000e-10  1.22330616e+00  6.08500000e-10  0.00000000e+00 
 6.09500000e-10  1.23463296e-01  6.09500000e-10  1.22346922e+00  6.09500000e-10  0.00000000e+00 
 6.10500000e-10  1.25464976e-01  6.10500000e-10  1.22363072e+00  6.10500000e-10  0.00000000e+00 
 6.11500000e-10  1.27474494e-01  6.11500000e-10  1.22379091e+00  6.11500000e-10  0.00000000e+00 
 6.12500000e-10  1.29492082e-01  6.12500000e-10  1.22395000e+00  6.12500000e-10  0.00000000e+00 
 6.13500000e-10  1.31517857e-01  6.13500000e-10  1.22410823e+00  6.13500000e-10  0.00000000e+00 
 6.14500000e-10  1.33552047e-01  6.14500000e-10  1.22426579e+00  6.14500000e-10  0.00000000e+00 
 6.15500000e-10  1.35594789e-01  6.15500000e-10  1.22442290e+00  6.15500000e-10  0.00000000e+00 
 6.16500000e-10  1.37646311e-01  6.16500000e-10  1.22457974e+00  6.16500000e-10  0.00000000e+00 
 6.17500000e-10  1.39706768e-01  6.17500000e-10  1.22473651e+00  6.17500000e-10  0.00000000e+00 
 6.18500000e-10  1.41776395e-01  6.18500000e-10  1.22489340e+00  6.18500000e-10  0.00000000e+00 
 6.19500000e-10  1.43855364e-01  6.19500000e-10  1.22505058e+00  6.19500000e-10  0.00000000e+00 
 6.20500000e-10  1.45943916e-01  6.20500000e-10  1.22520823e+00  6.20500000e-10  0.00000000e+00 
 6.21500000e-10  1.48042242e-01  6.21500000e-10  1.22536652e+00  6.21500000e-10  0.00000000e+00 
 6.22500000e-10  1.50150592e-01  6.22500000e-10  1.22552563e+00  6.22500000e-10  0.00000000e+00 
 6.23500000e-10  1.52269175e-01  6.23500000e-10  1.22568571e+00  6.23500000e-10  0.00000000e+00 
 6.24500000e-10  1.54398250e-01  6.24500000e-10  1.22584693e+00  6.24500000e-10  0.00000000e+00 
 6.25500000e-10  1.56538047e-01  6.25500000e-10  1.22600945e+00  6.25500000e-10  0.00000000e+00 
 6.26500000e-10  1.58688835e-01  6.26500000e-10  1.22617343e+00  6.26500000e-10  0.00000000e+00 
 6.27500000e-10  1.60850861e-01  6.27500000e-10  1.22633903e+00  6.27500000e-10  0.00000000e+00 
 6.28500000e-10  1.63024410e-01  6.28500000e-10  1.22650640e+00  6.28500000e-10  0.00000000e+00 
 6.29500000e-10  1.65209747e-01  6.29500000e-10  1.22667570e+00  6.29500000e-10  0.00000000e+00 
 6.30500000e-10  1.67407169e-01  6.30500000e-10  1.22684707e+00  6.30500000e-10  0.00000000e+00 
 6.31500000e-10  1.69616960e-01  6.31500000e-10  1.22702068e+00  6.31500000e-10  0.00000000e+00 
 6.32500000e-10  1.71839432e-01  6.32500000e-10  1.22719666e+00  6.32500000e-10  0.00000000e+00 
 6.33500000e-10  1.74074887e-01  6.33500000e-10  1.22737518e+00  6.33500000e-10  0.00000000e+00 
 6.34500000e-10  1.76323651e-01  6.34500000e-10  1.22755638e+00  6.34500000e-10  0.00000000e+00 
 6.35500000e-10  1.78586045e-01  6.35500000e-10  1.22774040e+00  6.35500000e-10  0.00000000e+00 
 6.36500000e-10  1.80862410e-01  6.36500000e-10  1.22792741e+00  6.36500000e-10  0.00000000e+00 
 6.37500000e-10  1.83153081e-01  6.37500000e-10  1.22811754e+00  6.37500000e-10  0.00000000e+00 
 6.38500000e-10  1.85458416e-01  6.38500000e-10  1.22831094e+00  6.38500000e-10  0.00000000e+00 
 6.39500000e-10  1.87778766e-01  6.39500000e-10  1.22850776e+00  6.39500000e-10  0.00000000e+00 
 6.40500000e-10  1.90114500e-01  6.40500000e-10  1.22870814e+00  6.40500000e-10  0.00000000e+00 
 6.41500000e-10  1.92465986e-01  6.41500000e-10  1.22891222e+00  6.41500000e-10  0.00000000e+00 
 6.42500000e-10  1.94833604e-01  6.42500000e-10  1.22912015e+00  6.42500000e-10  0.00000000e+00 
 6.43500000e-10  1.97217733e-01  6.43500000e-10  1.22933206e+00  6.43500000e-10  0.00000000e+00 
 6.44500000e-10  1.99618763e-01  6.44500000e-10  1.22954810e+00  6.44500000e-10  0.00000000e+00 
 6.45500000e-10  2.02037084e-01  6.45500000e-10  1.22976839e+00  6.45500000e-10  0.00000000e+00 
 6.46500000e-10  2.04474246e-01  6.46500000e-10  1.22999418e+00  6.46500000e-10  0.00000000e+00 
 6.47500000e-10  2.06930130e-01  6.47500000e-10  1.23022526e+00  6.47500000e-10  0.00000000e+00 
 6.48500000e-10  2.09404280e-01  6.48500000e-10  1.23046047e+00  6.48500000e-10  0.00000000e+00 
 6.49500000e-10  2.11897442e-01  6.49500000e-10  1.23070026e+00  6.49500000e-10  0.00000000e+00 
 6.50500000e-10  2.14409872e-01  6.50500000e-10  1.23094481e+00  6.50500000e-10  0.00000000e+00 
 6.51500000e-10  2.16942052e-01  6.51500000e-10  1.23119429e+00  6.51500000e-10  0.00000000e+00 
 6.52500000e-10  2.19494302e-01  6.52500000e-10  1.23144880e+00  6.52500000e-10  0.00000000e+00 
 6.53500000e-10  2.22067049e-01  6.53500000e-10  1.23170843e+00  6.53500000e-10  0.00000000e+00 
 6.54500000e-10  2.24660633e-01  6.54500000e-10  1.23197329e+00  6.54500000e-10  0.00000000e+00 
 6.55500000e-10  2.27275442e-01  6.55500000e-10  1.23224343e+00  6.55500000e-10  0.00000000e+00 
 6.56500000e-10  2.29911814e-01  6.56500000e-10  1.23251893e+00  6.56500000e-10  0.00000000e+00 
 6.57500000e-10  2.32570102e-01  6.57500000e-10  1.23279983e+00  6.57500000e-10  0.00000000e+00 
 6.58500000e-10  2.35250625e-01  6.58500000e-10  1.23308617e+00  6.58500000e-10  0.00000000e+00 
 6.59500000e-10  2.37953696e-01  6.59500000e-10  1.23337797e+00  6.59500000e-10  0.00000000e+00 
 6.60500000e-10  2.40679601e-01  6.60500000e-10  1.23367525e+00  6.60500000e-10  0.00000000e+00 
 6.61500000e-10  2.43428612e-01  6.61500000e-10  1.23397799e+00  6.61500000e-10  0.00000000e+00 
 6.62500000e-10  2.46200972e-01  6.62500000e-10  1.23428617e+00  6.62500000e-10  0.00000000e+00 
 6.63500000e-10  2.48996902e-01  6.63500000e-10  1.23459976e+00  6.63500000e-10  0.00000000e+00 
 6.64500000e-10  2.51816593e-01  6.64500000e-10  1.23491871e+00  6.64500000e-10  0.00000000e+00 
 6.65500000e-10  2.54660211e-01  6.65500000e-10  1.23524292e+00  6.65500000e-10  0.00000000e+00 
 6.66500000e-10  2.57527888e-01  6.66500000e-10  1.23557233e+00  6.66500000e-10  0.00000000e+00 
 6.67500000e-10  2.60419727e-01  6.67500000e-10  1.23590682e+00  6.67500000e-10  0.00000000e+00 
 6.68500000e-10  2.63335799e-01  6.68500000e-10  1.23624627e+00  6.68500000e-10  0.00000000e+00 
 6.69500000e-10  2.66276141e-01  6.69500000e-10  1.23659053e+00  6.69500000e-10  0.00000000e+00 
 6.70500000e-10  2.69240757e-01  6.70500000e-10  1.23693946e+00  6.70500000e-10  0.00000000e+00 
 6.71500000e-10  2.72229617e-01  6.71500000e-10  1.23729288e+00  6.71500000e-10  0.00000000e+00 
 6.72500000e-10  2.75242658e-01  6.72500000e-10  1.23765061e+00  6.72500000e-10  0.00000000e+00 
 6.73500000e-10  2.78279784e-01  6.73500000e-10  1.23801244e+00  6.73500000e-10  0.00000000e+00 
 6.74500000e-10  2.81340865e-01  6.74500000e-10  1.23837818e+00  6.74500000e-10  0.00000000e+00 
 6.75500000e-10  2.84425744e-01  6.75500000e-10  1.23874761e+00  6.75500000e-10  0.00000000e+00 
 6.76500000e-10  2.87534228e-01  6.76500000e-10  1.23912049e+00  6.76500000e-10  0.00000000e+00 
 6.77500000e-10  2.90666101e-01  6.77500000e-10  1.23949660e+00  6.77500000e-10  0.00000000e+00 
 6.78500000e-10  2.93821117e-01  6.78500000e-10  1.23987570e+00  6.78500000e-10  0.00000000e+00 
 6.79500000e-10  2.96999005e-01  6.79500000e-10  1.24025754e+00  6.79500000e-10  0.00000000e+00 
 6.80500000e-10  3.00199473e-01  6.80500000e-10  1.24064189e+00  6.80500000e-10  0.00000000e+00 
 6.81500000e-10  3.03422207e-01  6.81500000e-10  1.24102849e+00  6.81500000e-10  0.00000000e+00 
 6.82500000e-10  3.06666874e-01  6.82500000e-10  1.24141712e+00  6.82500000e-10  0.00000000e+00 
 6.83500000e-10  3.09932213e-01  6.83500000e-10  1.24180667e+00  6.83500000e-10  0.00000000e+00 
 6.84500000e-10  3.13218133e-01  6.84500000e-10  1.24219700e+00  6.84500000e-10  0.00000000e+00 
 6.85500000e-10  3.16525025e-01  6.85500000e-10  1.24258893e+00  6.85500000e-10  0.00000000e+00 
 6.86500000e-10  3.19852293e-01  6.86500000e-10  1.24298218e+00  6.86500000e-10  0.00000000e+00 
 6.87500000e-10  3.23199652e-01  6.87500000e-10  1.24337645e+00  6.87500000e-10  0.00000000e+00 
 6.88500000e-10  3.26566655e-01  6.88500000e-10  1.24377151e+00  6.88500000e-10  0.00000000e+00 
 6.89500000e-10  3.29952948e-01  6.89500000e-10  1.24416712e+00  6.89500000e-10  0.00000000e+00 
 6.90500000e-10  3.33358108e-01  6.90500000e-10  1.24456311e+00  6.90500000e-10  0.00000000e+00 
 6.91500000e-10  3.36781752e-01  6.91500000e-10  1.24495927e+00  6.91500000e-10  0.00000000e+00 
 6.92500000e-10  3.40223470e-01  6.92500000e-10  1.24535545e+00  6.92500000e-10  0.00000000e+00 
 6.93500000e-10  3.43682865e-01  6.93500000e-10  1.24575147e+00  6.93500000e-10  0.00000000e+00 
 6.94500000e-10  3.47159537e-01  6.94500000e-10  1.24614720e+00  6.94500000e-10  0.00000000e+00 
 6.95500000e-10  3.50653092e-01  6.95500000e-10  1.24654249e+00  6.95500000e-10  0.00000000e+00 
 6.96500000e-10  3.54163138e-01  6.96500000e-10  1.24693721e+00  6.96500000e-10  0.00000000e+00 
 6.97500000e-10  3.57689289e-01  6.97500000e-10  1.24733124e+00  6.97500000e-10  0.00000000e+00 
 6.98500000e-10  3.61231168e-01  6.98500000e-10  1.24772447e+00  6.98500000e-10  0.00000000e+00 
 6.99500000e-10  3.64788397e-01  6.99500000e-10  1.24811679e+00  6.99500000e-10  0.00000000e+00 
 7.00500000e-10  3.68360615e-01  7.00500000e-10  1.24850813e+00  7.00500000e-10  0.00000000e+00 
 7.01500000e-10  3.71947458e-01  7.01500000e-10  1.24889838e+00  7.01500000e-10  0.00000000e+00 
 7.02500000e-10  3.75548577e-01  7.02500000e-10  1.24928747e+00  7.02500000e-10  0.00000000e+00 
 7.03500000e-10  3.79164085e-01  7.03500000e-10  1.24967563e+00  7.03500000e-10  0.00000000e+00 
 7.04500000e-10  3.82793576e-01  7.04500000e-10  1.25006289e+00  7.04500000e-10  0.00000000e+00 
 7.05500000e-10  3.86436312e-01  7.05500000e-10  1.25044885e+00  7.05500000e-10  0.00000000e+00 
 7.06500000e-10  3.90092070e-01  7.06500000e-10  1.25083329e+00  7.06500000e-10  0.00000000e+00 
 7.07500000e-10  3.93760475e-01  7.07500000e-10  1.25121619e+00  7.07500000e-10  0.00000000e+00 
 7.08500000e-10  3.97441238e-01  7.08500000e-10  1.25159752e+00  7.08500000e-10  0.00000000e+00 
 7.09500000e-10  4.01134031e-01  7.09500000e-10  1.25197722e+00  7.09500000e-10  0.00000000e+00 
 7.10500000e-10  4.04838558e-01  7.10500000e-10  1.25235525e+00  7.10500000e-10  0.00000000e+00 
 7.11500000e-10  4.08554518e-01  7.11500000e-10  1.25273155e+00  7.11500000e-10  0.00000000e+00 
 7.12500000e-10  4.12281623e-01  7.12500000e-10  1.25310607e+00  7.12500000e-10  0.00000000e+00 
 7.13500000e-10  4.16019589e-01  7.13500000e-10  1.25347875e+00  7.13500000e-10  0.00000000e+00 
 7.14500000e-10  4.19768135e-01  7.14500000e-10  1.25384954e+00  7.14500000e-10  0.00000000e+00 
 7.15500000e-10  4.23526989e-01  7.15500000e-10  1.25421837e+00  7.15500000e-10  0.00000000e+00 
 7.16500000e-10  4.27295875e-01  7.16500000e-10  1.25458517e+00  7.16500000e-10  0.00000000e+00 
 7.17500000e-10  4.31074529e-01  7.17500000e-10  1.25494987e+00  7.17500000e-10  0.00000000e+00 
 7.18500000e-10  4.34862680e-01  7.18500000e-10  1.25531239e+00  7.18500000e-10  0.00000000e+00 
 7.19500000e-10  4.38660068e-01  7.19500000e-10  1.25567263e+00  7.19500000e-10  0.00000000e+00 
 7.20500000e-10  4.42466423e-01  7.20500000e-10  1.25603050e+00  7.20500000e-10  0.00000000e+00 
 7.21500000e-10  4.46281487e-01  7.21500000e-10  1.25638589e+00  7.21500000e-10  0.00000000e+00 
 7.22500000e-10  4.50104992e-01  7.22500000e-10  1.25673867e+00  7.22500000e-10  0.00000000e+00 
 7.23500000e-10  4.53936675e-01  7.23500000e-10  1.25708873e+00  7.23500000e-10  0.00000000e+00 
 7.24500000e-10  4.57776267e-01  7.24500000e-10  1.25743591e+00  7.24500000e-10  0.00000000e+00 
 7.25500000e-10  4.61623504e-01  7.25500000e-10  1.25778006e+00  7.25500000e-10  0.00000000e+00 
 7.26500000e-10  4.65478113e-01  7.26500000e-10  1.25812101e+00  7.26500000e-10  0.00000000e+00 
 7.27500000e-10  4.69339824e-01  7.27500000e-10  1.25845857e+00  7.27500000e-10  0.00000000e+00 
 7.28500000e-10  4.73208361e-01  7.28500000e-10  1.25879254e+00  7.28500000e-10  0.00000000e+00 
 7.29500000e-10  4.77083449e-01  7.29500000e-10  1.25912272e+00  7.29500000e-10  0.00000000e+00 
 7.30500000e-10  4.80964807e-01  7.30500000e-10  1.25944887e+00  7.30500000e-10  0.00000000e+00 
 7.31500000e-10  4.84852157e-01  7.31500000e-10  1.25977075e+00  7.31500000e-10  0.00000000e+00 
 7.32500000e-10  4.88745215e-01  7.32500000e-10  1.26008811e+00  7.32500000e-10  0.00000000e+00 
 7.33500000e-10  4.92643701e-01  7.33500000e-10  1.26040067e+00  7.33500000e-10  0.00000000e+00 
 7.34500000e-10  4.96547332e-01  7.34500000e-10  1.26070815e+00  7.34500000e-10  0.00000000e+00 
 7.35500000e-10  5.00455828e-01  7.35500000e-10  1.26101026e+00  7.35500000e-10  0.00000000e+00 
 7.36500000e-10  5.04368911e-01  7.36500000e-10  1.26130669e+00  7.36500000e-10  0.00000000e+00 
 7.37500000e-10  5.08286325e-01  7.37500000e-10  1.26159766e+00  7.37500000e-10  0.00000000e+00 
 7.38500000e-10  5.12207800e-01  7.38500000e-10  1.26188232e+00  7.38500000e-10  0.00000000e+00 
 7.39500000e-10  5.16132878e-01  7.39500000e-10  1.26215984e+00  7.39500000e-10  0.00000000e+00 
 7.40500000e-10  5.20061375e-01  7.40500000e-10  1.26243039e+00  7.40500000e-10  0.00000000e+00 
 7.41500000e-10  5.23993150e-01  7.41500000e-10  1.26269365e+00  7.41500000e-10  0.00000000e+00 
 7.42500000e-10  5.27927933e-01  7.42500000e-10  1.26294931e+00  7.42500000e-10  0.00000000e+00 
 7.43500000e-10  5.31865574e-01  7.43500000e-10  1.26319706e+00  7.43500000e-10  0.00000000e+00 
 7.44500000e-10  5.35805869e-01  7.44500000e-10  1.26343659e+00  7.44500000e-10  0.00000000e+00 
 7.45500000e-10  5.39748685e-01  7.45500000e-10  1.26366760e+00  7.45500000e-10  0.00000000e+00 
 7.46500000e-10  5.43693876e-01  7.46500000e-10  1.26388982e+00  7.46500000e-10  0.00000000e+00 
 7.47500000e-10  5.47641350e-01  7.47500000e-10  1.26410298e+00  7.47500000e-10  0.00000000e+00 
 7.48500000e-10  5.51591021e-01  7.48500000e-10  1.26430682e+00  7.48500000e-10  0.00000000e+00 
 7.49500000e-10  5.55542848e-01  7.49500000e-10  1.26450112e+00  7.49500000e-10  0.00000000e+00 
 7.50500000e-10  5.59496810e-01  7.50500000e-10  1.26468565e+00  7.50500000e-10  0.00000000e+00 
 7.51500000e-10  5.63452929e-01  7.51500000e-10  1.26486024e+00  7.51500000e-10  0.00000000e+00 
 7.52500000e-10  5.67411254e-01  7.52500000e-10  1.26502470e+00  7.52500000e-10  0.00000000e+00 
 7.53500000e-10  5.71371871e-01  7.53500000e-10  1.26517888e+00  7.53500000e-10  0.00000000e+00 
 7.54500000e-10  5.75334899e-01  7.54500000e-10  1.26532266e+00  7.54500000e-10  0.00000000e+00 
 7.55500000e-10  5.79300495e-01  7.55500000e-10  1.26545592e+00  7.55500000e-10  0.00000000e+00 
 7.56500000e-10  5.83268847e-01  7.56500000e-10  1.26557857e+00  7.56500000e-10  0.00000000e+00 
 7.57500000e-10  5.87240180e-01  7.57500000e-10  1.26569054e+00  7.57500000e-10  0.00000000e+00 
 7.58500000e-10  5.91214750e-01  7.58500000e-10  1.26579176e+00  7.58500000e-10  0.00000000e+00 
 7.59500000e-10  5.95192846e-01  7.59500000e-10  1.26588221e+00  7.59500000e-10  0.00000000e+00 
 7.60500000e-10  5.99174790e-01  7.60500000e-10  1.26596183e+00  7.60500000e-10  0.00000000e+00 
 7.61500000e-10  6.03160930e-01  7.61500000e-10  1.26603063e+00  7.61500000e-10  0.00000000e+00 
 7.62500000e-10  6.07151648e-01  7.62500000e-10  1.26608859e+00  7.62500000e-10  0.00000000e+00 
 7.63500000e-10  6.11147348e-01  7.63500000e-10  1.26613571e+00  7.63500000e-10  0.00000000e+00 
 7.64500000e-10  6.15149105e-01  7.64500000e-10  1.26617114e+00  7.64500000e-10  0.00000000e+00 
 7.65500000e-10  6.19156990e-01  7.65500000e-10  1.26619562e+00  7.65500000e-10  0.00000000e+00 
 7.66500000e-10  6.23171231e-01  7.66500000e-10  1.26621011e+00  7.66500000e-10  0.00000000e+00 
 7.67500000e-10  6.27192529e-01  7.67500000e-10  1.26621395e+00  7.67500000e-10  0.00000000e+00 
 7.68500000e-10  6.31221222e-01  7.68500000e-10  1.26620706e+00  7.68500000e-10  0.00000000e+00 
 7.69500000e-10  6.35258000e-01  7.69500000e-10  1.26618949e+00  7.69500000e-10  0.00000000e+00 
 7.70500000e-10  6.39303338e-01  7.70500000e-10  1.26616124e+00  7.70500000e-10  0.00000000e+00 
 7.71500000e-10  6.43357876e-01  7.71500000e-10  1.26612236e+00  7.71500000e-10  0.00000000e+00 
 7.72500000e-10  6.47422167e-01  7.72500000e-10  1.26607285e+00  7.72500000e-10  0.00000000e+00 
 7.73500000e-10  6.51496851e-01  7.73500000e-10  1.26601274e+00  7.73500000e-10  0.00000000e+00 
 7.74500000e-10  6.55582535e-01  7.74500000e-10  1.26594205e+00  7.74500000e-10  0.00000000e+00 
 7.75500000e-10  6.59679869e-01  7.75500000e-10  1.26586078e+00  7.75500000e-10  0.00000000e+00 
 7.76500000e-10  6.63789492e-01  7.76500000e-10  1.26576894e+00  7.76500000e-10  0.00000000e+00 
 7.77500000e-10  6.67912066e-01  7.77500000e-10  1.26566654e+00  7.77500000e-10  0.00000000e+00 
 7.78500000e-10  6.72048251e-01  7.78500000e-10  1.26555356e+00  7.78500000e-10  0.00000000e+00 
 7.79500000e-10  6.76198715e-01  7.79500000e-10  1.26543001e+00  7.79500000e-10  0.00000000e+00 
 7.80500000e-10  6.80364124e-01  7.80500000e-10  1.26529584e+00  7.80500000e-10  0.00000000e+00 
 7.81500000e-10  6.84545144e-01  7.81500000e-10  1.26515104e+00  7.81500000e-10  0.00000000e+00 
 7.82500000e-10  6.88742436e-01  7.82500000e-10  1.26499556e+00  7.82500000e-10  0.00000000e+00 
 7.83500000e-10  6.92956652e-01  7.83500000e-10  1.26482934e+00  7.83500000e-10  0.00000000e+00 
 7.84500000e-10  6.97188434e-01  7.84500000e-10  1.26465234e+00  7.84500000e-10  0.00000000e+00 
 7.85500000e-10  7.01438404e-01  7.85500000e-10  1.26446445e+00  7.85500000e-10  0.00000000e+00 
 7.86500000e-10  7.05707170e-01  7.86500000e-10  1.26426561e+00  7.86500000e-10  0.00000000e+00 
 7.87500000e-10  7.09995311e-01  7.87500000e-10  1.26405569e+00  7.87500000e-10  0.00000000e+00 
 7.88500000e-10  7.14303380e-01  7.88500000e-10  1.26383459e+00  7.88500000e-10  0.00000000e+00 
 7.89500000e-10  7.18631895e-01  7.89500000e-10  1.26360215e+00  7.89500000e-10  0.00000000e+00 
 7.90500000e-10  7.22981337e-01  7.90500000e-10  1.26335824e+00  7.90500000e-10  0.00000000e+00 
 7.91500000e-10  7.27352142e-01  7.91500000e-10  1.26310267e+00  7.91500000e-10  0.00000000e+00 
 7.92500000e-10  7.31744701e-01  7.92500000e-10  1.26283527e+00  7.92500000e-10  0.00000000e+00 
 7.93500000e-10  7.36159348e-01  7.93500000e-10  1.26255583e+00  7.93500000e-10  0.00000000e+00 
 7.94500000e-10  7.40596363e-01  7.94500000e-10  1.26226414e+00  7.94500000e-10  0.00000000e+00 
 7.95500000e-10  7.45055958e-01  7.95500000e-10  1.26195995e+00  7.95500000e-10  0.00000000e+00 
 7.96500000e-10  7.49538284e-01  7.96500000e-10  1.26164303e+00  7.96500000e-10  0.00000000e+00 
 7.97500000e-10  7.54043414e-01  7.97500000e-10  1.26131309e+00  7.97500000e-10  0.00000000e+00 
 7.98500000e-10  7.58571350e-01  7.98500000e-10  1.26096987e+00  7.98500000e-10  0.00000000e+00 
 7.99500000e-10  7.63122010e-01  7.99500000e-10  1.26061307e+00  7.99500000e-10  0.00000000e+00 
 8.00500000e-10  7.67695234e-01  8.00500000e-10  1.26024239e+00  8.00500000e-10  0.00000000e+00 
 8.01500000e-10  7.72290771e-01  8.01500000e-10  1.25985750e+00  8.01500000e-10  0.00000000e+00 
 8.02500000e-10  7.76908285e-01  8.02500000e-10  1.25945810e+00  8.02500000e-10  0.00000000e+00 
 8.03500000e-10  7.81547345e-01  8.03500000e-10  1.25904383e+00  8.03500000e-10  0.00000000e+00 
 8.04500000e-10  7.86207432e-01  8.04500000e-10  1.25861436e+00  8.04500000e-10  0.00000000e+00 
 8.05500000e-10  7.90887929e-01  8.05500000e-10  1.25816934e+00  8.05500000e-10  0.00000000e+00 
 8.06500000e-10  7.95588126e-01  8.06500000e-10  1.25770841e+00  8.06500000e-10  0.00000000e+00 
 8.07500000e-10  8.00307215e-01  8.07500000e-10  1.25723120e+00  8.07500000e-10  0.00000000e+00 
 8.08500000e-10  8.05044295e-01  8.08500000e-10  1.25673737e+00  8.08500000e-10  0.00000000e+00 
 8.09500000e-10  8.09798367e-01  8.09500000e-10  1.25622652e+00  8.09500000e-10  0.00000000e+00 
 8.10500000e-10  8.14568338e-01  8.10500000e-10  1.25569831e+00  8.10500000e-10  0.00000000e+00 
 8.11500000e-10  8.19353018e-01  8.11500000e-10  1.25515235e+00  8.11500000e-10  0.00000000e+00 
 8.12500000e-10  8.24151128e-01  8.12500000e-10  1.25458827e+00  8.12500000e-10  0.00000000e+00 
 8.13500000e-10  8.28961294e-01  8.13500000e-10  1.25400573e+00  8.13500000e-10  0.00000000e+00 
 8.14500000e-10  8.33782055e-01  8.14500000e-10  1.25340436e+00  8.14500000e-10  0.00000000e+00 
 8.15500000e-10  8.38611862e-01  8.15500000e-10  1.25278384e+00  8.15500000e-10  0.00000000e+00 
 8.16500000e-10  8.43449083e-01  8.16500000e-10  1.25214383e+00  8.16500000e-10  0.00000000e+00 
 8.17500000e-10  8.48292007e-01  8.17500000e-10  1.25148407e+00  8.17500000e-10  0.00000000e+00 
 8.18500000e-10  8.53138849e-01  8.18500000e-10  1.25080430e+00  8.18500000e-10  0.00000000e+00 
 8.19500000e-10  8.57987749e-01  8.19500000e-10  1.25010432e+00  8.19500000e-10  0.00000000e+00 
 8.20500000e-10  8.62836784e-01  8.20500000e-10  1.24938398e+00  8.20500000e-10  0.00000000e+00 
 8.21500000e-10  8.67683972e-01  8.21500000e-10  1.24864321e+00  8.21500000e-10  0.00000000e+00 
 8.22500000e-10  8.72527272e-01  8.22500000e-10  1.24788202e+00  8.22500000e-10  0.00000000e+00 
 8.23500000e-10  8.77364595e-01  8.23500000e-10  1.24710050e+00  8.23500000e-10  0.00000000e+00 
 8.24500000e-10  8.82193808e-01  8.24500000e-10  1.24629886e+00  8.24500000e-10  0.00000000e+00 
 8.25500000e-10  8.87012742e-01  8.25500000e-10  1.24547739e+00  8.25500000e-10  0.00000000e+00 
 8.26500000e-10  8.91819195e-01  8.26500000e-10  1.24463654e+00  8.26500000e-10  0.00000000e+00 
 8.27500000e-10  8.96610946e-01  8.27500000e-10  1.24377683e+00  8.27500000e-10  0.00000000e+00 
 8.28500000e-10  9.01385761e-01  8.28500000e-10  1.24289892e+00  8.28500000e-10  0.00000000e+00 
 8.29500000e-10  9.06141403e-01  8.29500000e-10  1.24200358e+00  8.29500000e-10  0.00000000e+00 
 8.30500000e-10  9.10875647e-01  8.30500000e-10  1.24109168e+00  8.30500000e-10  0.00000000e+00 
 8.31500000e-10  9.15586289e-01  8.31500000e-10  1.24016418e+00  8.31500000e-10  0.00000000e+00 
 8.32500000e-10  9.20271164e-01  8.32500000e-10  1.23922211e+00  8.32500000e-10  0.00000000e+00 
 8.33500000e-10  9.24928152e-01  8.33500000e-10  1.23826659e+00  8.33500000e-10  0.00000000e+00 
 8.34500000e-10  9.29555195e-01  8.34500000e-10  1.23729875e+00  8.34500000e-10  0.00000000e+00 
 8.35500000e-10  9.34150305e-01  8.35500000e-10  1.23631978e+00  8.35500000e-10  0.00000000e+00 
 8.36500000e-10  9.38711574e-01  8.36500000e-10  1.23533087e+00  8.36500000e-10  0.00000000e+00 
 8.37500000e-10  9.43237181e-01  8.37500000e-10  1.23433322e+00  8.37500000e-10  0.00000000e+00 
 8.38500000e-10  9.47725399e-01  8.38500000e-10  1.23332805e+00  8.38500000e-10  0.00000000e+00 
 8.39500000e-10  9.52174594e-01  8.39500000e-10  1.23231652e+00  8.39500000e-10  0.00000000e+00 
 8.40500000e-10  9.56583234e-01  8.40500000e-10  1.23129980e+00  8.40500000e-10  0.00000000e+00 
 8.41500000e-10  9.60949883e-01  8.41500000e-10  1.23027902e+00  8.41500000e-10  0.00000000e+00 
 8.42500000e-10  9.65273207e-01  8.42500000e-10  1.22925529e+00  8.42500000e-10  0.00000000e+00 
 8.43500000e-10  9.69551969e-01  8.43500000e-10  1.22822967e+00  8.43500000e-10  0.00000000e+00 
 8.44500000e-10  9.73785028e-01  8.44500000e-10  1.22720318e+00  8.44500000e-10  0.00000000e+00 
 8.45500000e-10  9.77971336e-01  8.45500000e-10  1.22617683e+00  8.45500000e-10  0.00000000e+00 
 8.46500000e-10  9.82109938e-01  8.46500000e-10  1.22515156e+00  8.46500000e-10  0.00000000e+00 
 8.47500000e-10  9.86199967e-01  8.47500000e-10  1.22412828e+00  8.47500000e-10  0.00000000e+00 
 8.48500000e-10  9.90240641e-01  8.48500000e-10  1.22310787e+00  8.48500000e-10  0.00000000e+00 
 8.49500000e-10  9.94231259e-01  8.49500000e-10  1.22209115e+00  8.49500000e-10  0.00000000e+00 
 8.50500000e-10  9.98171200e-01  8.50500000e-10  1.22107893e+00  8.50500000e-10  0.00000000e+00 
 8.51500000e-10  1.00205992e+00  8.51500000e-10  1.22007197e+00  8.51500000e-10  0.00000000e+00 
 8.52500000e-10  1.00589694e+00  8.52500000e-10  1.21907097e+00  8.52500000e-10  0.00000000e+00 
 8.53500000e-10  1.00968186e+00  8.53500000e-10  1.21807664e+00  8.53500000e-10  0.00000000e+00 
 8.54500000e-10  1.01341433e+00  8.54500000e-10  1.21708960e+00  8.54500000e-10  0.00000000e+00 
 8.55500000e-10  1.01709409e+00  8.55500000e-10  1.21611049e+00  8.55500000e-10  0.00000000e+00 
 8.56500000e-10  1.02072179e+00  8.56500000e-10  1.21514047e+00  8.56500000e-10  0.00000000e+00 
 8.57500000e-10  1.02429640e+00  8.57500000e-10  1.21417963e+00  8.57500000e-10  0.00000000e+00 
 8.58500000e-10  1.02781735e+00  8.58500000e-10  1.21322790e+00  8.58500000e-10  0.00000000e+00 
 8.59500000e-10  1.03128504e+00  8.59500000e-10  1.21228613e+00  8.59500000e-10  0.00000000e+00 
 8.60500000e-10  1.03469936e+00  8.60500000e-10  1.21135474e+00  8.60500000e-10  0.00000000e+00 
 8.61500000e-10  1.03806047e+00  8.61500000e-10  1.21043423e+00  8.61500000e-10  0.00000000e+00 
 8.62500000e-10  1.04136837e+00  8.62500000e-10  1.20952497e+00  8.62500000e-10  0.00000000e+00 
 8.63500000e-10  1.04462325e+00  8.63500000e-10  1.20862735e+00  8.63500000e-10  0.00000000e+00 
 8.64500000e-10  1.04782522e+00  8.64500000e-10  1.20774170e+00  8.64500000e-10  0.00000000e+00 
 8.65500000e-10  1.05097453e+00  8.65500000e-10  1.20686836e+00  8.65500000e-10  0.00000000e+00 
 8.66500000e-10  1.05407138e+00  8.66500000e-10  1.20600762e+00  8.66500000e-10  0.00000000e+00 
 8.67500000e-10  1.05711606e+00  8.67500000e-10  1.20515973e+00  8.67500000e-10  0.00000000e+00 
 8.68500000e-10  1.06010884e+00  8.68500000e-10  1.20432495e+00  8.68500000e-10  0.00000000e+00 
 8.69500000e-10  1.06305007e+00  8.69500000e-10  1.20350350e+00  8.69500000e-10  0.00000000e+00 
 8.70500000e-10  1.06594008e+00  8.70500000e-10  1.20269557e+00  8.70500000e-10  0.00000000e+00 
 8.71500000e-10  1.06877927e+00  8.71500000e-10  1.20190134e+00  8.71500000e-10  0.00000000e+00 
 8.72500000e-10  1.07156801e+00  8.72500000e-10  1.20112097e+00  8.72500000e-10  0.00000000e+00 
 8.73500000e-10  1.07430675e+00  8.73500000e-10  1.20035459e+00  8.73500000e-10  0.00000000e+00 
 8.74500000e-10  1.07699591e+00  8.74500000e-10  1.19960232e+00  8.74500000e-10  0.00000000e+00 
 8.75500000e-10  1.07963596e+00  8.75500000e-10  1.19886425e+00  8.75500000e-10  0.00000000e+00 
 8.76500000e-10  1.08222736e+00  8.76500000e-10  1.19814046e+00  8.76500000e-10  0.00000000e+00 
 8.77500000e-10  1.08477062e+00  8.77500000e-10  1.19743103e+00  8.77500000e-10  0.00000000e+00 
 8.78500000e-10  1.08726624e+00  8.78500000e-10  1.19673598e+00  8.78500000e-10  0.00000000e+00 
 8.79500000e-10  1.08971473e+00  8.79500000e-10  1.19605537e+00  8.79500000e-10  0.00000000e+00 
 8.80500000e-10  1.09211662e+00  8.80500000e-10  1.19538919e+00  8.80500000e-10  0.00000000e+00 
 8.81500000e-10  1.09447246e+00  8.81500000e-10  1.19473746e+00  8.81500000e-10  0.00000000e+00 
 8.82500000e-10  1.09678280e+00  8.82500000e-10  1.19410016e+00  8.82500000e-10  0.00000000e+00 
 8.83500000e-10  1.09904819e+00  8.83500000e-10  1.19347726e+00  8.83500000e-10  0.00000000e+00 
 8.84500000e-10  1.10126920e+00  8.84500000e-10  1.19286874e+00  8.84500000e-10  0.00000000e+00 
 8.85500000e-10  1.10344641e+00  8.85500000e-10  1.19227454e+00  8.85500000e-10  0.00000000e+00 
 8.86500000e-10  1.10558039e+00  8.86500000e-10  1.19169460e+00  8.86500000e-10  0.00000000e+00 
 8.87500000e-10  1.10767172e+00  8.87500000e-10  1.19112885e+00  8.87500000e-10  0.00000000e+00 
 8.88500000e-10  1.10972100e+00  8.88500000e-10  1.19057721e+00  8.88500000e-10  0.00000000e+00 
 8.89500000e-10  1.11172882e+00  8.89500000e-10  1.19003960e+00  8.89500000e-10  0.00000000e+00 
 8.90500000e-10  1.11369577e+00  8.90500000e-10  1.18951592e+00  8.90500000e-10  0.00000000e+00 
 8.91500000e-10  1.11562245e+00  8.91500000e-10  1.18900605e+00  8.91500000e-10  0.00000000e+00 
 8.92500000e-10  1.11750945e+00  8.92500000e-10  1.18850989e+00  8.92500000e-10  0.00000000e+00 
 8.93500000e-10  1.11935738e+00  8.93500000e-10  1.18802732e+00  8.93500000e-10  0.00000000e+00 
 8.94500000e-10  1.12116682e+00  8.94500000e-10  1.18755821e+00  8.94500000e-10  0.00000000e+00 
 8.95500000e-10  1.12293839e+00  8.95500000e-10  1.18710242e+00  8.95500000e-10  0.00000000e+00 
 8.96500000e-10  1.12467267e+00  8.96500000e-10  1.18665982e+00  8.96500000e-10  0.00000000e+00 
 8.97500000e-10  1.12637027e+00  8.97500000e-10  1.18623026e+00  8.97500000e-10  0.00000000e+00 
 8.98500000e-10  1.12803178e+00  8.98500000e-10  1.18581359e+00  8.98500000e-10  0.00000000e+00 
 8.99500000e-10  1.12965778e+00  8.99500000e-10  1.18540966e+00  8.99500000e-10  0.00000000e+00 
 9.00500000e-10  1.13124887e+00  9.00500000e-10  1.18501831e+00  9.00500000e-10  0.00000000e+00 
 9.01500000e-10  1.13280564e+00  9.01500000e-10  1.18463937e+00  9.01500000e-10  0.00000000e+00 
 9.02500000e-10  1.13432867e+00  9.02500000e-10  1.18427268e+00  9.02500000e-10  0.00000000e+00 
 9.03500000e-10  1.13581854e+00  9.03500000e-10  1.18391807e+00  9.03500000e-10  0.00000000e+00 
 9.04500000e-10  1.13727581e+00  9.04500000e-10  1.18357537e+00  9.04500000e-10  0.00000000e+00 
 9.05500000e-10  1.13870108e+00  9.05500000e-10  1.18324441e+00  9.05500000e-10  0.00000000e+00 
 9.06500000e-10  1.14009489e+00  9.06500000e-10  1.18292500e+00  9.06500000e-10  0.00000000e+00 
 9.07500000e-10  1.14145782e+00  9.07500000e-10  1.18261697e+00  9.07500000e-10  0.00000000e+00 
 9.08500000e-10  1.14279041e+00  9.08500000e-10  1.18232014e+00  9.08500000e-10  0.00000000e+00 
 9.09500000e-10  1.14409323e+00  9.09500000e-10  1.18203433e+00  9.09500000e-10  0.00000000e+00 
 9.10500000e-10  1.14536682e+00  9.10500000e-10  1.18175935e+00  9.10500000e-10  0.00000000e+00 
 9.11500000e-10  1.14661171e+00  9.11500000e-10  1.18149503e+00  9.11500000e-10  0.00000000e+00 
 9.12500000e-10  1.14782845e+00  9.12500000e-10  1.18124117e+00  9.12500000e-10  0.00000000e+00 
 9.13500000e-10  1.14901756e+00  9.13500000e-10  1.18099759e+00  9.13500000e-10  0.00000000e+00 
 9.14500000e-10  1.15017957e+00  9.14500000e-10  1.18076411e+00  9.14500000e-10  0.00000000e+00 
 9.15500000e-10  1.15131499e+00  9.15500000e-10  1.18054054e+00  9.15500000e-10  0.00000000e+00 
 9.16500000e-10  1.15242433e+00  9.16500000e-10  1.18032669e+00  9.16500000e-10  0.00000000e+00 
 9.17500000e-10  1.15350810e+00  9.17500000e-10  1.18012239e+00  9.17500000e-10  0.00000000e+00 
 9.18500000e-10  1.15456680e+00  9.18500000e-10  1.17992744e+00  9.18500000e-10  0.00000000e+00 
 9.19500000e-10  1.15560092e+00  9.19500000e-10  1.17974166e+00  9.19500000e-10  0.00000000e+00 
 9.20500000e-10  1.15661094e+00  9.20500000e-10  1.17956488e+00  9.20500000e-10  0.00000000e+00 
 9.21500000e-10  1.15759734e+00  9.21500000e-10  1.17939690e+00  9.21500000e-10  0.00000000e+00 
 9.22500000e-10  1.15856059e+00  9.22500000e-10  1.17923754e+00  9.22500000e-10  0.00000000e+00 
 9.23500000e-10  1.15950117e+00  9.23500000e-10  1.17908663e+00  9.23500000e-10  0.00000000e+00 
 9.24500000e-10  1.16041952e+00  9.24500000e-10  1.17894398e+00  9.24500000e-10  0.00000000e+00 
 9.25500000e-10  1.16131610e+00  9.25500000e-10  1.17880942e+00  9.25500000e-10  0.00000000e+00 
 9.26500000e-10  1.16219135e+00  9.26500000e-10  1.17868277e+00  9.26500000e-10  0.00000000e+00 
 9.27500000e-10  1.16304572e+00  9.27500000e-10  1.17856386e+00  9.27500000e-10  0.00000000e+00 
 9.28500000e-10  1.16387963e+00  9.28500000e-10  1.17845251e+00  9.28500000e-10  0.00000000e+00 
 9.29500000e-10  1.16469351e+00  9.29500000e-10  1.17834855e+00  9.29500000e-10  0.00000000e+00 
 9.30500000e-10  1.16548778e+00  9.30500000e-10  1.17825181e+00  9.30500000e-10  0.00000000e+00 
 9.31500000e-10  1.16626285e+00  9.31500000e-10  1.17816212e+00  9.31500000e-10  0.00000000e+00 
 9.32500000e-10  1.16701912e+00  9.32500000e-10  1.17807931e+00  9.32500000e-10  0.00000000e+00 
 9.33500000e-10  1.16775699e+00  9.33500000e-10  1.17800323e+00  9.33500000e-10  0.00000000e+00 
 9.34500000e-10  1.16847686e+00  9.34500000e-10  1.17793370e+00  9.34500000e-10  0.00000000e+00 
 9.35500000e-10  1.16917911e+00  9.35500000e-10  1.17787057e+00  9.35500000e-10  0.00000000e+00 
 9.36500000e-10  1.16986412e+00  9.36500000e-10  1.17781367e+00  9.36500000e-10  0.00000000e+00 
 9.37500000e-10  1.17053225e+00  9.37500000e-10  1.17776286e+00  9.37500000e-10  0.00000000e+00 
 9.38500000e-10  1.17118389e+00  9.38500000e-10  1.17771797e+00  9.38500000e-10  0.00000000e+00 
 9.39500000e-10  1.17181937e+00  9.39500000e-10  1.17767886e+00  9.39500000e-10  0.00000000e+00 
 9.40500000e-10  1.17243907e+00  9.40500000e-10  1.17764538e+00  9.40500000e-10  0.00000000e+00 
 9.41500000e-10  1.17304332e+00  9.41500000e-10  1.17761736e+00  9.41500000e-10  0.00000000e+00 
 9.42500000e-10  1.17363247e+00  9.42500000e-10  1.17759468e+00  9.42500000e-10  0.00000000e+00 
 9.43500000e-10  1.17420685e+00  9.43500000e-10  1.17757719e+00  9.43500000e-10  0.00000000e+00 
 9.44500000e-10  1.17476678e+00  9.44500000e-10  1.17756474e+00  9.44500000e-10  0.00000000e+00 
 9.45500000e-10  1.17531260e+00  9.45500000e-10  1.17755719e+00  9.45500000e-10  0.00000000e+00 
 9.46500000e-10  1.17584462e+00  9.46500000e-10  1.17755442e+00  9.46500000e-10  0.00000000e+00 
 9.47500000e-10  1.17636314e+00  9.47500000e-10  1.17755628e+00  9.47500000e-10  0.00000000e+00 
 9.48500000e-10  1.17686847e+00  9.48500000e-10  1.17756264e+00  9.48500000e-10  0.00000000e+00 
 9.49500000e-10  1.17736092e+00  9.49500000e-10  1.17757337e+00  9.49500000e-10  0.00000000e+00 
 9.50500000e-10  1.17784077e+00  9.50500000e-10  1.17758835e+00  9.50500000e-10  0.00000000e+00 
 9.51500000e-10  1.17830832e+00  9.51500000e-10  1.17760744e+00  9.51500000e-10  0.00000000e+00 
 9.52500000e-10  1.17876383e+00  9.52500000e-10  1.17763053e+00  9.52500000e-10  0.00000000e+00 
 9.53500000e-10  1.17920760e+00  9.53500000e-10  1.17765749e+00  9.53500000e-10  0.00000000e+00 
 9.54500000e-10  1.17963990e+00  9.54500000e-10  1.17768820e+00  9.54500000e-10  0.00000000e+00 
 9.55500000e-10  1.18006098e+00  9.55500000e-10  1.17772256e+00  9.55500000e-10  0.00000000e+00 
 9.56500000e-10  1.18047110e+00  9.56500000e-10  1.17776043e+00  9.56500000e-10  0.00000000e+00 
 9.57500000e-10  1.18087054e+00  9.57500000e-10  1.17780172e+00  9.57500000e-10  0.00000000e+00 
 9.58500000e-10  1.18125953e+00  9.58500000e-10  1.17784630e+00  9.58500000e-10  0.00000000e+00 
 9.59500000e-10  1.18163832e+00  9.59500000e-10  1.17789408e+00  9.59500000e-10  0.00000000e+00 
 9.60500000e-10  1.18200715e+00  9.60500000e-10  1.17794495e+00  9.60500000e-10  0.00000000e+00 
 9.61500000e-10  1.18236625e+00  9.61500000e-10  1.17799879e+00  9.61500000e-10  0.00000000e+00 
 9.62500000e-10  1.18271586e+00  9.62500000e-10  1.17805552e+00  9.62500000e-10  0.00000000e+00 
 9.63500000e-10  1.18305621e+00  9.63500000e-10  1.17811503e+00  9.63500000e-10  0.00000000e+00 
 9.64500000e-10  1.18338751e+00  9.64500000e-10  1.17817722e+00  9.64500000e-10  0.00000000e+00 
 9.65500000e-10  1.18370999e+00  9.65500000e-10  1.17824200e+00  9.65500000e-10  0.00000000e+00 
 9.66500000e-10  1.18402385e+00  9.66500000e-10  1.17830928e+00  9.66500000e-10  0.00000000e+00 
 9.67500000e-10  1.18432930e+00  9.67500000e-10  1.17837895e+00  9.67500000e-10  0.00000000e+00 
 9.68500000e-10  1.18462654e+00  9.68500000e-10  1.17845094e+00  9.68500000e-10  0.00000000e+00 
 9.69500000e-10  1.18491578e+00  9.69500000e-10  1.17852516e+00  9.69500000e-10  0.00000000e+00 
 9.70500000e-10  1.18519721e+00  9.70500000e-10  1.17860152e+00  9.70500000e-10  0.00000000e+00 
 9.71500000e-10  1.18547103e+00  9.71500000e-10  1.17867993e+00  9.71500000e-10  0.00000000e+00 
 9.72500000e-10  1.18573741e+00  9.72500000e-10  1.17876031e+00  9.72500000e-10  0.00000000e+00 
 9.73500000e-10  1.18599654e+00  9.73500000e-10  1.17884260e+00  9.73500000e-10  0.00000000e+00 
 9.74500000e-10  1.18624861e+00  9.74500000e-10  1.17892669e+00  9.74500000e-10  0.00000000e+00 
 9.75500000e-10  1.18649377e+00  9.75500000e-10  1.17901253e+00  9.75500000e-10  0.00000000e+00 
 9.76500000e-10  1.18673222e+00  9.76500000e-10  1.17910003e+00  9.76500000e-10  0.00000000e+00 
 9.77500000e-10  1.18696411e+00  9.77500000e-10  1.17918912e+00  9.77500000e-10  0.00000000e+00 
 9.78500000e-10  1.18718961e+00  9.78500000e-10  1.17927974e+00  9.78500000e-10  0.00000000e+00 
 9.79500000e-10  1.18740888e+00  9.79500000e-10  1.17937180e+00  9.79500000e-10  0.00000000e+00 
 9.80500000e-10  1.18762207e+00  9.80500000e-10  1.17946525e+00  9.80500000e-10  0.00000000e+00 
 9.81500000e-10  1.18782935e+00  9.81500000e-10  1.17956002e+00  9.81500000e-10  0.00000000e+00 
 9.82500000e-10  1.18803085e+00  9.82500000e-10  1.17965604e+00  9.82500000e-10  0.00000000e+00 
 9.83500000e-10  1.18822673e+00  9.83500000e-10  1.17975325e+00  9.83500000e-10  0.00000000e+00 
 9.84500000e-10  1.18841713e+00  9.84500000e-10  1.17985158e+00  9.84500000e-10  0.00000000e+00 
 9.85500000e-10  1.18860219e+00  9.85500000e-10  1.17995099e+00  9.85500000e-10  0.00000000e+00 
 9.86500000e-10  1.18878205e+00  9.86500000e-10  1.18005141e+00  9.86500000e-10  0.00000000e+00 
 9.87500000e-10  1.18895684e+00  9.87500000e-10  1.18015278e+00  9.87500000e-10  0.00000000e+00 
 9.88500000e-10  1.18912669e+00  9.88500000e-10  1.18025504e+00  9.88500000e-10  0.00000000e+00 
 9.89500000e-10  1.18929173e+00  9.89500000e-10  1.18035815e+00  9.89500000e-10  0.00000000e+00 
 9.90500000e-10  1.18945209e+00  9.90500000e-10  1.18046205e+00  9.90500000e-10  0.00000000e+00 
 9.91500000e-10  1.18960789e+00  9.91500000e-10  1.18056670e+00  9.91500000e-10  0.00000000e+00 
 9.92500000e-10  1.18975924e+00  9.92500000e-10  1.18067203e+00  9.92500000e-10  0.00000000e+00 
 9.93500000e-10  1.18990627e+00  9.93500000e-10  1.18077800e+00  9.93500000e-10  0.00000000e+00 
 9.94500000e-10  1.19004909e+00  9.94500000e-10  1.18088457e+00  9.94500000e-10  0.00000000e+00 
 9.95500000e-10  1.19018780e+00  9.95500000e-10  1.18099169e+00  9.95500000e-10  0.00000000e+00 
 9.96500000e-10  1.19032253e+00  9.96500000e-10  1.18109931e+00  9.96500000e-10  0.00000000e+00 
 9.97500000e-10  1.19045337e+00  9.97500000e-10  1.18120739e+00  9.97500000e-10  0.00000000e+00 
 9.98500000e-10  1.19058043e+00  9.98500000e-10  1.18131589e+00  9.98500000e-10  0.00000000e+00 
 9.99250000e-10  1.19067329e+00  9.99250000e-10  1.18139751e+00  9.99250000e-10  0.00000000e+00 
 1.00000000e-09  1.19076411e+00  1.00000000e-09  1.18147932e+00  1.00000000e-09  0.00000000e+00 
 1.00010000e-09  1.19122485e+00  1.00010000e-09  1.18193899e+00  1.00010000e-09  2.40000000e-03 
 1.00030000e-09  1.19246885e+00  1.00030000e-09  1.18318128e+00  1.00030000e-09  7.20000000e-03 
 1.00070000e-09  1.19543238e+00  1.00070000e-09  1.18614544e+00  1.00070000e-09  1.68000000e-02 
 1.00150000e-09  1.20118362e+00  1.00150000e-09  1.19191199e+00  1.00150000e-09  3.60000000e-02 
 1.00250000e-09  1.20796042e+00  1.00250000e-09  1.19872231e+00  1.00250000e-09  6.00000000e-02 
 1.00350000e-09  1.21400215e+00  1.00350000e-09  1.20480184e+00  1.00350000e-09  8.40000000e-02 
 1.00450000e-09  1.21951269e+00  1.00450000e-09  1.21034634e+00  1.00450000e-09  1.08000000e-01 
 1.00550000e-09  1.22456885e+00  1.00550000e-09  1.21542782e+00  1.00550000e-09  1.32000000e-01 
 1.00650000e-09  1.22932044e+00  1.00650000e-09  1.22019338e+00  1.00650000e-09  1.56000000e-01 
 1.00750000e-09  1.23379575e+00  1.00750000e-09  1.22467042e+00  1.00750000e-09  1.80000000e-01 
 1.00850000e-09  1.23807749e+00  1.00850000e-09  1.22894161e+00  1.00850000e-09  2.04000000e-01 
 1.00950000e-09  1.24217421e+00  1.00950000e-09  1.23301611e+00  1.00950000e-09  2.28000000e-01 
 1.01050000e-09  1.24613678e+00  1.01050000e-09  1.23694566e+00  1.01050000e-09  2.52000000e-01 
 1.01150000e-09  1.24996822e+00  1.01150000e-09  1.24073429e+00  1.01150000e-09  2.76000000e-01 
 1.01250000e-09  1.25370318e+00  1.01250000e-09  1.24441759e+00  1.01250000e-09  3.00000000e-01 
 1.01350000e-09  1.25734368e+00  1.01350000e-09  1.24799856e+00  1.01350000e-09  3.24000000e-01 
 1.01450000e-09  1.26091525e+00  1.01450000e-09  1.25150348e+00  1.01450000e-09  3.48000000e-01 
 1.01550000e-09  1.26442074e+00  1.01550000e-09  1.25493597e+00  1.01550000e-09  3.72000000e-01 
 1.01650000e-09  1.26788051e+00  1.01650000e-09  1.25831689e+00  1.01650000e-09  3.96000000e-01 
 1.01750000e-09  1.27129806e+00  1.01750000e-09  1.26165023e+00  1.01750000e-09  4.20000000e-01 
 1.01850000e-09  1.27468872e+00  1.01850000e-09  1.26495163e+00  1.01850000e-09  4.44000000e-01 
 1.01950000e-09  1.27805402e+00  1.01950000e-09  1.26822291e+00  1.01950000e-09  4.68000000e-01 
 1.02050000e-09  1.28140301e+00  1.02050000e-09  1.27147328e+00  1.02050000e-09  4.92000000e-01 
 1.02150000e-09  1.28473390e+00  1.02150000e-09  1.27470107e+00  1.02150000e-09  5.16000000e-01 
 1.02250000e-09  1.28805135e+00  1.02250000e-09  1.27791101e+00  1.02250000e-09  5.40000000e-01 
 1.02350000e-09  1.29135400e+00  1.02350000e-09  1.28110171e+00  1.02350000e-09  5.64000000e-01 
 1.02450000e-09  1.29464700e+00  1.02450000e-09  1.28427820e+00  1.02450000e-09  5.88000000e-01 
 1.02550000e-09  1.29793107e+00  1.02550000e-09  1.28744096e+00  1.02550000e-09  6.12000000e-01 
 1.02650000e-09  1.30121064e+00  1.02650000e-09  1.29059414e+00  1.02650000e-09  6.36000000e-01 
 1.02750000e-09  1.30448527e+00  1.02750000e-09  1.29373688e+00  1.02750000e-09  6.60000000e-01 
 1.02850000e-09  1.30775608e+00  1.02850000e-09  1.29686985e+00  1.02850000e-09  6.84000000e-01 
 1.02950000e-09  1.31101963e+00  1.02950000e-09  1.29998912e+00  1.02950000e-09  7.08000000e-01 
 1.03050000e-09  1.31427301e+00  1.03050000e-09  1.30309122e+00  1.03050000e-09  7.32000000e-01 
 1.03150000e-09  1.31750914e+00  1.03150000e-09  1.30616841e+00  1.03150000e-09  7.56000000e-01 
 1.03250000e-09  1.32072021e+00  1.03250000e-09  1.30921213e+00  1.03250000e-09  7.80000000e-01 
 1.03350000e-09  1.32389319e+00  1.03350000e-09  1.31220838e+00  1.03350000e-09  8.04000000e-01 
 1.03450000e-09  1.32701108e+00  1.03450000e-09  1.31513893e+00  1.03450000e-09  8.28000000e-01 
 1.03550000e-09  1.33004780e+00  1.03550000e-09  1.31797621e+00  1.03550000e-09  8.52000000e-01 
 1.03650000e-09  1.33296839e+00  1.03650000e-09  1.32068380e+00  1.03650000e-09  8.76000000e-01 
 1.03750000e-09  1.33572714e+00  1.03750000e-09  1.32321513e+00  1.03750000e-09  9.00000000e-01 
 1.03850000e-09  1.33827254e+00  1.03850000e-09  1.32551892e+00  1.03850000e-09  9.24000000e-01 
 1.03950000e-09  1.34055000e+00  1.03950000e-09  1.32754187e+00  1.03950000e-09  9.48000000e-01 
 1.04050000e-09  1.34250623e+00  1.04050000e-09  1.32923260e+00  1.04050000e-09  9.72000000e-01 
 1.04150000e-09  1.34409005e+00  1.04150000e-09  1.33054232e+00  1.04150000e-09  9.96000000e-01 
 1.04250000e-09  1.34525682e+00  1.04250000e-09  1.33142919e+00  1.04250000e-09  1.02000000e+00 
 1.04350000e-09  1.34597153e+00  1.04350000e-09  1.33186062e+00  1.04350000e-09  1.04400000e+00 
 1.04450000e-09  1.34621053e+00  1.04450000e-09  1.33181383e+00  1.04450000e-09  1.06800000e+00 
 1.04550000e-09  1.34595771e+00  1.04550000e-09  1.33127199e+00  1.04550000e-09  1.09200000e+00 
 1.04650000e-09  1.34520222e+00  1.04650000e-09  1.33022326e+00  1.04650000e-09  1.11600000e+00 
 1.04750000e-09  1.34393776e+00  1.04750000e-09  1.32866116e+00  1.04750000e-09  1.14000000e+00 
 1.04850000e-09  1.34216398e+00  1.04850000e-09  1.32658630e+00  1.04850000e-09  1.16400000e+00 
 1.04925000e-09  1.34050204e+00  1.04925000e-09  1.32469733e+00  1.04925000e-09  1.18200000e+00 
 1.05000000e-09  1.33856060e+00  1.05000000e-09  1.32252903e+00  1.05000000e-09  1.20000000e+00 
 1.05010000e-09  1.33785382e+00  1.05010000e-09  1.32179214e+00  1.05010000e-09  1.20000000e+00 
 1.05030000e-09  1.33620083e+00  1.05030000e-09  1.32007913e+00  1.05030000e-09  1.20000000e+00 
 1.05070000e-09  1.33283169e+00  1.05070000e-09  1.31659010e+00  1.05070000e-09  1.20000000e+00 
 1.05150000e-09  1.32676438e+00  1.05150000e-09  1.31028381e+00  1.05150000e-09  1.20000000e+00 
 1.05250000e-09  1.31934376e+00  1.05250000e-09  1.30257143e+00  1.05250000e-09  1.20000000e+00 
 1.05350000e-09  1.31193749e+00  1.05350000e-09  1.29488441e+00  1.05350000e-09  1.20000000e+00 
 1.05450000e-09  1.30420045e+00  1.05450000e-09  1.28687922e+00  1.05450000e-09  1.20000000e+00 
 1.05550000e-09  1.29611411e+00  1.05550000e-09  1.27853945e+00  1.05550000e-09  1.20000000e+00 
 1.05650000e-09  1.28758978e+00  1.05650000e-09  1.26977988e+00  1.05650000e-09  1.20000000e+00 
 1.05750000e-09  1.27869655e+00  1.05750000e-09  1.26067374e+00  1.05750000e-09  1.20000000e+00 
 1.05850000e-09  1.26942531e+00  1.05850000e-09  1.25121611e+00  1.05850000e-09  1.20000000e+00 
 1.05950000e-09  1.25984603e+00  1.05950000e-09  1.24148107e+00  1.05950000e-09  1.20000000e+00 
 1.06050000e-09  1.24996056e+00  1.06050000e-09  1.23147318e+00  1.06050000e-09  1.20000000e+00 
 1.06150000e-09  1.23981739e+00  1.06150000e-09  1.22124327e+00  1.06150000e-09  1.20000000e+00 
 1.06250000e-09  1.22942232e+00  1.06250000e-09  1.21079887e+00  1.06250000e-09  1.20000000e+00 
 1.06350000e-09  1.21881105e+00  1.06350000e-09  1.20017680e+00  1.06350000e-09  1.20000000e+00 
 1.06450000e-09  1.20799060e+00  1.06450000e-09  1.18938464e+00  1.06450000e-09  1.20000000e+00 
 1.06550000e-09  1.19698834e+00  1.06550000e-09  1.17844989e+00  1.06550000e-09  1.20000000e+00 
 1.06650000e-09  1.18581212e+00  1.06650000e-09  1.16738013e+00  1.06650000e-09  1.20000000e+00 
 1.06750000e-09  1.17448403e+00  1.06750000e-09  1.15619686e+00  1.06750000e-09  1.20000000e+00 
 1.06850000e-09  1.16301251e+00  1.06850000e-09  1.14490771e+00  1.06850000e-09  1.20000000e+00 
 1.06950000e-09  1.15141612e+00  1.06950000e-09  1.13353024e+00  1.06950000e-09  1.20000000e+00 
 1.07050000e-09  1.13970361e+00  1.07050000e-09  1.12207206e+00  1.07050000e-09  1.20000000e+00 
 1.07150000e-09  1.12789099e+00  1.07150000e-09  1.11054796e+00  1.07150000e-09  1.20000000e+00 
 1.07250000e-09  1.11598704e+00  1.07250000e-09  1.09896541e+00  1.07250000e-09  1.20000000e+00 
 1.07350000e-09  1.10400580e+00  1.07350000e-09  1.08733714e+00  1.07350000e-09  1.20000000e+00 
 1.07450000e-09  1.09195582e+00  1.07450000e-09  1.07567033e+00  1.07450000e-09  1.20000000e+00 
 1.07550000e-09  1.07984955e+00  1.07550000e-09  1.06397611e+00  1.07550000e-09  1.20000000e+00 
 1.07650000e-09  1.06769517e+00  1.07650000e-09  1.05226132e+00  1.07650000e-09  1.20000000e+00 
 1.07750000e-09  1.05550382e+00  1.07750000e-09  1.04053580e+00  1.07750000e-09  1.20000000e+00 
 1.07850000e-09  1.04328330e+00  1.07850000e-09  1.02880611e+00  1.07850000e-09  1.20000000e+00 
 1.07950000e-09  1.03104370e+00  1.07950000e-09  1.01708111e+00  1.07950000e-09  1.20000000e+00 
 1.08050000e-09  1.01879256e+00  1.08050000e-09  1.00536718e+00  1.08050000e-09  1.20000000e+00 
 1.08150000e-09  1.00653929e+00  1.08150000e-09  9.93672622e-01  1.08150000e-09  1.20000000e+00 
 1.08250000e-09  9.94291389e-01  1.08250000e-09  9.82003893e-01  1.08250000e-09  1.20000000e+00 
 1.08350000e-09  9.82058053e-01  1.08350000e-09  9.70369199e-01  1.08350000e-09  1.20000000e+00 
 1.08450000e-09  9.69847222e-01  1.08450000e-09  9.58775562e-01  1.08450000e-09  1.20000000e+00 
 1.08550000e-09  9.57668520e-01  1.08550000e-09  9.47231746e-01  1.08550000e-09  1.20000000e+00 
 1.08650000e-09  9.45531006e-01  1.08650000e-09  9.35746008e-01  1.08650000e-09  1.20000000e+00 
 1.08750000e-09  9.33445615e-01  1.08750000e-09  9.24328515e-01  1.08750000e-09  1.20000000e+00 
 1.08850000e-09  9.21423421e-01  1.08850000e-09  9.12989589e-01  1.08850000e-09  1.20000000e+00 
 1.08950000e-09  9.09477617e-01  1.08950000e-09  9.01741652e-01  1.08950000e-09  1.20000000e+00 
 1.09050000e-09  8.97622061e-01  1.09050000e-09  8.90597713e-01  1.09050000e-09  1.20000000e+00 
 1.09150000e-09  8.85872702e-01  1.09150000e-09  8.79572757e-01  1.09150000e-09  1.20000000e+00 
 1.09250000e-09  8.74246122e-01  1.09250000e-09  8.68682224e-01  1.09250000e-09  1.20000000e+00 
 1.09350000e-09  8.62760343e-01  1.09350000e-09  8.57942801e-01  1.09350000e-09  1.20000000e+00 
 1.09450000e-09  8.51433297e-01  1.09450000e-09  8.47370881e-01  1.09450000e-09  1.20000000e+00 
 1.09550000e-09  8.40283244e-01  1.09550000e-09  8.36982992e-01  1.09550000e-09  1.20000000e+00 
 1.09650000e-09  8.29327389e-01  1.09650000e-09  8.26794452e-01  1.09650000e-09  1.20000000e+00 
 1.09750000e-09  8.18582217e-01  1.09750000e-09  8.16819723e-01  1.09750000e-09  1.20000000e+00 
 1.09850000e-09  8.08062417e-01  1.09850000e-09  8.07071361e-01  1.09850000e-09  1.20000000e+00 
 1.09950000e-09  7.97781254e-01  1.09950000e-09  7.97560420e-01  1.09950000e-09  1.20000000e+00 
 1.10050000e-09  7.87749842e-01  1.10050000e-09  7.88295737e-01  1.10050000e-09  1.20000000e+00 
 1.10150000e-09  7.77977625e-01  1.10150000e-09  7.79284439e-01  1.10150000e-09  1.20000000e+00 
 1.10250000e-09  7.68471942e-01  1.10250000e-09  7.70531528e-01  1.10250000e-09  1.20000000e+00 
 1.10350000e-09  7.59238522e-01  1.10350000e-09  7.62040415e-01  1.10350000e-09  1.20000000e+00 
 1.10450000e-09  7.50281165e-01  1.10450000e-09  7.53812644e-01  1.10450000e-09  1.20000000e+00 
 1.10550000e-09  7.41602159e-01  1.10550000e-09  7.45848380e-01  1.10550000e-09  1.20000000e+00 
 1.10650000e-09  7.33202017e-01  1.10650000e-09  7.38146228e-01  1.10650000e-09  1.20000000e+00 
 1.10750000e-09  7.25079863e-01  1.10750000e-09  7.30703697e-01  1.10750000e-09  1.20000000e+00 
 1.10850000e-09  7.17233275e-01  1.10850000e-09  7.23517117e-01  1.10850000e-09  1.20000000e+00 
 1.10950000e-09  7.09658674e-01  1.10950000e-09  7.16582096e-01  1.10950000e-09  1.20000000e+00 
 1.11050000e-09  7.02351264e-01  1.11050000e-09  7.09893496e-01  1.11050000e-09  1.20000000e+00 
 1.11150000e-09  6.95305401e-01  1.11150000e-09  7.03445826e-01  1.11150000e-09  1.20000000e+00 
 1.11250000e-09  6.88514583e-01  1.11250000e-09  6.97233212e-01  1.11250000e-09  1.20000000e+00 
 1.11350000e-09  6.81971767e-01  1.11350000e-09  6.91249693e-01  1.11350000e-09  1.20000000e+00 
 1.11450000e-09  6.75669369e-01  1.11450000e-09  6.85489135e-01  1.11450000e-09  1.20000000e+00 
 1.11550000e-09  6.69599544e-01  1.11550000e-09  6.79945437e-01  1.11550000e-09  1.20000000e+00 
 1.11650000e-09  6.63754192e-01  1.11650000e-09  6.74612427e-01  1.11650000e-09  1.20000000e+00 
 1.11750000e-09  6.58125208e-01  1.11750000e-09  6.69484010e-01  1.11750000e-09  1.20000000e+00 
 1.11850000e-09  6.52704491e-01  1.11850000e-09  6.64554081e-01  1.11850000e-09  1.20000000e+00 
 1.11950000e-09  6.47484156e-01  1.11950000e-09  6.59816653e-01  1.11950000e-09  1.20000000e+00 
 1.12050000e-09  6.42456519e-01  1.12050000e-09  6.55265799e-01  1.12050000e-09  1.20000000e+00 
 1.12150000e-09  6.37614246e-01  1.12150000e-09  6.50895767e-01  1.12150000e-09  1.20000000e+00 
 1.12250000e-09  6.32946335e-01  1.12250000e-09  6.46696993e-01  1.12250000e-09  1.20000000e+00 
 1.12350000e-09  6.28449262e-01  1.12350000e-09  6.42667345e-01  1.12350000e-09  1.20000000e+00 
 1.12450000e-09  6.24120106e-01  1.12450000e-09  6.38804637e-01  1.12450000e-09  1.20000000e+00 
 1.12550000e-09  6.19950667e-01  1.12550000e-09  6.35101620e-01  1.12550000e-09  1.20000000e+00 
 1.12650000e-09  6.15935582e-01  1.12650000e-09  6.31553735e-01  1.12650000e-09  1.20000000e+00 
 1.12750000e-09  6.12069003e-01  1.12750000e-09  6.28155860e-01  1.12750000e-09  1.20000000e+00 
 1.12850000e-09  6.08345867e-01  1.12850000e-09  6.24903605e-01  1.12850000e-09  1.20000000e+00 
 1.12950000e-09  6.04760968e-01  1.12950000e-09  6.21792344e-01  1.12950000e-09  1.20000000e+00 
 1.13050000e-09  6.01309520e-01  1.13050000e-09  6.18817888e-01  1.13050000e-09  1.20000000e+00 
 1.13150000e-09  5.97986695e-01  1.13150000e-09  6.15975926e-01  1.13150000e-09  1.20000000e+00 
 1.13250000e-09  5.94787905e-01  1.13250000e-09  6.13262427e-01  1.13250000e-09  1.20000000e+00 
 1.13350000e-09  5.91708568e-01  1.13350000e-09  6.10673307e-01  1.13350000e-09  1.20000000e+00 
 1.13450000e-09  5.88744252e-01  1.13450000e-09  6.08204669e-01  1.13450000e-09  1.20000000e+00 
 1.13550000e-09  5.85890564e-01  1.13550000e-09  6.05852611e-01  1.13550000e-09  1.20000000e+00 
 1.13650000e-09  5.83143219e-01  1.13650000e-09  6.03613374e-01  1.13650000e-09  1.20000000e+00 
 1.13750000e-09  5.80497996e-01  1.13750000e-09  6.01483220e-01  1.13750000e-09  1.20000000e+00 
 1.13850000e-09  5.77950766e-01  1.13850000e-09  5.99458535e-01  1.13850000e-09  1.20000000e+00 
 1.13950000e-09  5.75497484e-01  1.13950000e-09  5.97535748e-01  1.13950000e-09  1.20000000e+00 
 1.14050000e-09  5.73134191e-01  1.14050000e-09  5.95711402e-01  1.14050000e-09  1.20000000e+00 
 1.14150000e-09  5.70857026e-01  1.14150000e-09  5.93982103e-01  1.14150000e-09  1.20000000e+00 
 1.14250000e-09  5.68662218e-01  1.14250000e-09  5.92344564e-01  1.14250000e-09  1.20000000e+00 
 1.14350000e-09  5.66546100e-01  1.14350000e-09  5.90795573e-01  1.14350000e-09  1.20000000e+00 
 1.14450000e-09  5.64505099e-01  1.14450000e-09  5.89332026e-01  1.14450000e-09  1.20000000e+00 
 1.14550000e-09  5.62535752e-01  1.14550000e-09  5.87950902e-01  1.14550000e-09  1.20000000e+00 
 1.14650000e-09  5.60634686e-01  1.14650000e-09  5.86649285e-01  1.14650000e-09  1.20000000e+00 
 1.14750000e-09  5.58798644e-01  1.14750000e-09  5.85424350e-01  1.14750000e-09  1.20000000e+00 
 1.14850000e-09  5.57024458e-01  1.14850000e-09  5.84273373e-01  1.14850000e-09  1.20000000e+00 
 1.14950000e-09  5.55309074e-01  1.14950000e-09  5.83193723e-01  1.14950000e-09  1.20000000e+00 
 1.15050000e-09  5.53649527e-01  1.15050000e-09  5.82182871e-01  1.15050000e-09  1.20000000e+00 
 1.15150000e-09  5.52042960e-01  1.15150000e-09  5.81238378e-01  1.15150000e-09  1.20000000e+00 
 1.15250000e-09  5.50486604e-01  1.15250000e-09  5.80357905e-01  1.15250000e-09  1.20000000e+00 
 1.15350000e-09  5.48977793e-01  1.15350000e-09  5.79539202e-01  1.15350000e-09  1.20000000e+00 
 1.15450000e-09  5.47513945e-01  1.15450000e-09  5.78780116e-01  1.15450000e-09  1.20000000e+00 
 1.15550000e-09  5.46092577e-01  1.15550000e-09  5.78078580e-01  1.15550000e-09  1.20000000e+00 
 1.15650000e-09  5.44711284e-01  1.15650000e-09  5.77432617e-01  1.15650000e-09  1.20000000e+00 
 1.15750000e-09  5.43367755e-01  1.15750000e-09  5.76840338e-01  1.15750000e-09  1.20000000e+00 
 1.15850000e-09  5.42059751e-01  1.15850000e-09  5.76299938e-01  1.15850000e-09  1.20000000e+00 
 1.15950000e-09  5.40785123e-01  1.15950000e-09  5.75809692e-01  1.15950000e-09  1.20000000e+00 
 1.16050000e-09  5.39541787e-01  1.16050000e-09  5.75367957e-01  1.16050000e-09  1.20000000e+00 
 1.16150000e-09  5.38327744e-01  1.16150000e-09  5.74973171e-01  1.16150000e-09  1.20000000e+00 
 1.16250000e-09  5.37141055e-01  1.16250000e-09  5.74623842e-01  1.16250000e-09  1.20000000e+00 
 1.16350000e-09  5.35979857e-01  1.16350000e-09  5.74318556e-01  1.16350000e-09  1.20000000e+00 
 1.16450000e-09  5.34842347e-01  1.16450000e-09  5.74055968e-01  1.16450000e-09  1.20000000e+00 
 1.16550000e-09  5.33726790e-01  1.16550000e-09  5.73834805e-01  1.16550000e-09  1.20000000e+00 
 1.16650000e-09  5.32631504e-01  1.16650000e-09  5.73653857e-01  1.16650000e-09  1.20000000e+00 
 1.16750000e-09  5.31554871e-01  1.16750000e-09  5.73511982e-01  1.16750000e-09  1.20000000e+00 
 1.16850000e-09  5.30495321e-01  1.16850000e-09  5.73408100e-01  1.16850000e-09  1.20000000e+00 
 1.16950000e-09  5.29451344e-01  1.16950000e-09  5.73341190e-01  1.16950000e-09  1.20000000e+00 
 1.17050000e-09  5.28421471e-01  1.17050000e-09  5.73310293e-01  1.17050000e-09  1.20000000e+00 
 1.17150000e-09  5.27404289e-01  1.17150000e-09  5.73314503e-01  1.17150000e-09  1.20000000e+00 
 1.17250000e-09  5.26398424e-01  1.17250000e-09  5.73352970e-01  1.17250000e-09  1.20000000e+00 
 1.17350000e-09  5.25402548e-01  1.17350000e-09  5.73424900e-01  1.17350000e-09  1.20000000e+00 
 1.17450000e-09  5.24415372e-01  1.17450000e-09  5.73529544e-01  1.17450000e-09  1.20000000e+00 
 1.17550000e-09  5.23435647e-01  1.17550000e-09  5.73666208e-01  1.17550000e-09  1.20000000e+00 
 1.17650000e-09  5.22462159e-01  1.17650000e-09  5.73834242e-01  1.17650000e-09  1.20000000e+00 
 1.17750000e-09  5.21493731e-01  1.17750000e-09  5.74033044e-01  1.17750000e-09  1.20000000e+00 
 1.17850000e-09  5.20529216e-01  1.17850000e-09  5.74262056e-01  1.17850000e-09  1.20000000e+00 
 1.17950000e-09  5.19567499e-01  1.17950000e-09  5.74520763e-01  1.17950000e-09  1.20000000e+00 
 1.18050000e-09  5.18607495e-01  1.18050000e-09  5.74808690e-01  1.18050000e-09  1.20000000e+00 
 1.18150000e-09  5.17648145e-01  1.18150000e-09  5.75125405e-01  1.18150000e-09  1.20000000e+00 
 1.18250000e-09  5.16688415e-01  1.18250000e-09  5.75470512e-01  1.18250000e-09  1.20000000e+00 
 1.18350000e-09  5.15727297e-01  1.18350000e-09  5.75843655e-01  1.18350000e-09  1.20000000e+00 
 1.18450000e-09  5.14763804e-01  1.18450000e-09  5.76244511e-01  1.18450000e-09  1.20000000e+00 
 1.18550000e-09  5.13796971e-01  1.18550000e-09  5.76672796e-01  1.18550000e-09  1.20000000e+00 
 1.18650000e-09  5.12825850e-01  1.18650000e-09  5.77128256e-01  1.18650000e-09  1.20000000e+00 
 1.18750000e-09  5.11849514e-01  1.18750000e-09  5.77610673e-01  1.18750000e-09  1.20000000e+00 
 1.18850000e-09  5.10867051e-01  1.18850000e-09  5.78119860e-01  1.18850000e-09  1.20000000e+00 
 1.18950000e-09  5.09877564e-01  1.18950000e-09  5.78655660e-01  1.18950000e-09  1.20000000e+00 
 1.19050000e-09  5.08880170e-01  1.19050000e-09  5.79217945e-01  1.19050000e-09  1.20000000e+00 
 1.19150000e-09  5.07874001e-01  1.19150000e-09  5.79806620e-01  1.19150000e-09  1.20000000e+00 
 1.19250000e-09  5.06858198e-01  1.19250000e-09  5.80421615e-01  1.19250000e-09  1.20000000e+00 
 1.19350000e-09  5.05831912e-01  1.19350000e-09  5.81062887e-01  1.19350000e-09  1.20000000e+00 
 1.19450000e-09  5.04794305e-01  1.19450000e-09  5.81730422e-01  1.19450000e-09  1.20000000e+00 
 1.19550000e-09  5.03744503e-01  1.19550000e-09  5.82424175e-01  1.19550000e-09  1.20000000e+00 
 1.19650000e-09  5.02681701e-01  1.19650000e-09  5.83144219e-01  1.19650000e-09  1.20000000e+00 
 1.19750000e-09  5.01605124e-01  1.19750000e-09  5.83890650e-01  1.19750000e-09  1.20000000e+00 
 1.19850000e-09  5.00513949e-01  1.19850000e-09  5.84663535e-01  1.19850000e-09  1.20000000e+00 
 1.19950000e-09  4.99407421e-01  1.19950000e-09  5.85463055e-01  1.19950000e-09  1.20000000e+00 
 1.20050000e-09  4.98284705e-01  1.20050000e-09  5.86289285e-01  1.20050000e-09  1.20000000e+00 
 1.20150000e-09  4.97144950e-01  1.20150000e-09  5.87142341e-01  1.20150000e-09  1.20000000e+00 
 1.20250000e-09  4.95987361e-01  1.20250000e-09  5.88022414e-01  1.20250000e-09  1.20000000e+00 
 1.20350000e-09  4.94811139e-01  1.20350000e-09  5.88929699e-01  1.20350000e-09  1.20000000e+00 
 1.20450000e-09  4.93615488e-01  1.20450000e-09  5.89864419e-01  1.20450000e-09  1.20000000e+00 
 1.20550000e-09  4.92399603e-01  1.20550000e-09  5.90826806e-01  1.20550000e-09  1.20000000e+00 
 1.20650000e-09  4.91162680e-01  1.20650000e-09  5.91817122e-01  1.20650000e-09  1.20000000e+00 
 1.20750000e-09  4.89903909e-01  1.20750000e-09  5.92835640e-01  1.20750000e-09  1.20000000e+00 
 1.20850000e-09  4.88622480e-01  1.20850000e-09  5.93882661e-01  1.20850000e-09  1.20000000e+00 
 1.20950000e-09  4.87317575e-01  1.20950000e-09  5.94958497e-01  1.20950000e-09  1.20000000e+00 
 1.21050000e-09  4.85988373e-01  1.21050000e-09  5.96063484e-01  1.21050000e-09  1.20000000e+00 
 1.21150000e-09  4.84634047e-01  1.21150000e-09  5.97197974e-01  1.21150000e-09  1.20000000e+00 
 1.21250000e-09  4.83253760e-01  1.21250000e-09  5.98362339e-01  1.21250000e-09  1.20000000e+00 
 1.21350000e-09  4.81846673e-01  1.21350000e-09  5.99556966e-01  1.21350000e-09  1.20000000e+00 
 1.21450000e-09  4.80411936e-01  1.21450000e-09  6.00782262e-01  1.21450000e-09  1.20000000e+00 
 1.21550000e-09  4.78948580e-01  1.21550000e-09  6.02038500e-01  1.21550000e-09  1.20000000e+00 
 1.21650000e-09  4.77455774e-01  1.21650000e-09  6.03326236e-01  1.21650000e-09  1.20000000e+00 
 1.21750000e-09  4.75932760e-01  1.21750000e-09  6.04646009e-01  1.21750000e-09  1.20000000e+00 
 1.21850000e-09  4.74378627e-01  1.21850000e-09  6.05998247e-01  1.21850000e-09  1.20000000e+00 
 1.21950000e-09  4.72792473e-01  1.21950000e-09  6.07383451e-01  1.21950000e-09  1.20000000e+00 
 1.22050000e-09  4.71173375e-01  1.22050000e-09  6.08802107e-01  1.22050000e-09  1.20000000e+00 
 1.22150000e-09  4.69520413e-01  1.22150000e-09  6.10254756e-01  1.22150000e-09  1.20000000e+00 
 1.22250000e-09  4.67832647e-01  1.22250000e-09  6.11741923e-01  1.22250000e-09  1.20000000e+00 
 1.22350000e-09  4.66109130e-01  1.22350000e-09  6.13264175e-01  1.22350000e-09  1.20000000e+00 
 1.22450000e-09  4.64348896e-01  1.22450000e-09  6.14822072e-01  1.22450000e-09  1.20000000e+00 
 1.22550000e-09  4.62550971e-01  1.22550000e-09  6.16416208e-01  1.22550000e-09  1.20000000e+00 
 1.22650000e-09  4.60714363e-01  1.22650000e-09  6.18047179e-01  1.22650000e-09  1.20000000e+00 
 1.22750000e-09  4.58838065e-01  1.22750000e-09  6.19715606e-01  1.22750000e-09  1.20000000e+00 
 1.22850000e-09  4.56921058e-01  1.22850000e-09  6.21422115e-01  1.22850000e-09  1.20000000e+00 
 1.22950000e-09  4.54962304e-01  1.22950000e-09  6.23167357e-01  1.22950000e-09  1.20000000e+00 
 1.23050000e-09  4.52960751e-01  1.23050000e-09  6.24951987e-01  1.23050000e-09  1.20000000e+00 
 1.23150000e-09  4.50915331e-01  1.23150000e-09  6.26776683e-01  1.23150000e-09  1.20000000e+00 
 1.23250000e-09  4.48824960e-01  1.23250000e-09  6.28642131e-01  1.23250000e-09  1.20000000e+00 
 1.23350000e-09  4.46688538e-01  1.23350000e-09  6.30549035e-01  1.23350000e-09  1.20000000e+00 
 1.23450000e-09  4.44504949e-01  1.23450000e-09  6.32498107e-01  1.23450000e-09  1.20000000e+00 
 1.23550000e-09  4.42273060e-01  1.23550000e-09  6.34490076e-01  1.23550000e-09  1.20000000e+00 
 1.23650000e-09  4.39991724e-01  1.23650000e-09  6.36525681e-01  1.23650000e-09  1.20000000e+00 
 1.23750000e-09  4.37659779e-01  1.23750000e-09  6.38605675e-01  1.23750000e-09  1.20000000e+00 
 1.23850000e-09  4.35276048e-01  1.23850000e-09  6.40730820e-01  1.23850000e-09  1.20000000e+00 
 1.23950000e-09  4.32839338e-01  1.23950000e-09  6.42901890e-01  1.23950000e-09  1.20000000e+00 
 1.24050000e-09  4.30348448e-01  1.24050000e-09  6.45119667e-01  1.24050000e-09  1.20000000e+00 
 1.24150000e-09  4.27802160e-01  1.24150000e-09  6.47384945e-01  1.24150000e-09  1.20000000e+00 
 1.24250000e-09  4.25199251e-01  1.24250000e-09  6.49698524e-01  1.24250000e-09  1.20000000e+00 
 1.24350000e-09  4.22538487e-01  1.24350000e-09  6.52061210e-01  1.24350000e-09  1.20000000e+00 
 1.24450000e-09  4.19818627e-01  1.24450000e-09  6.54473816e-01  1.24450000e-09  1.20000000e+00 
 1.24550000e-09  4.17038430e-01  1.24550000e-09  6.56937160e-01  1.24550000e-09  1.20000000e+00 
 1.24650000e-09  4.14196651e-01  1.24650000e-09  6.59452060e-01  1.24650000e-09  1.20000000e+00 
 1.24750000e-09  4.11292053e-01  1.24750000e-09  6.62019337e-01  1.24750000e-09  1.20000000e+00 
 1.24850000e-09  4.08323402e-01  1.24850000e-09  6.64639808e-01  1.24850000e-09  1.20000000e+00 
 1.24950000e-09  4.05289482e-01  1.24950000e-09  6.67314290e-01  1.24950000e-09  1.20000000e+00 
 1.25050000e-09  4.02189091e-01  1.25050000e-09  6.70043589e-01  1.25050000e-09  1.20000000e+00 
 1.25150000e-09  3.99021057e-01  1.25150000e-09  6.72828505e-01  1.25150000e-09  1.20000000e+00 
 1.25250000e-09  3.95784241e-01  1.25250000e-09  6.75669826e-01  1.25250000e-09  1.20000000e+00 
 1.25350000e-09  3.92477545e-01  1.25350000e-09  6.78568321e-01  1.25350000e-09  1.20000000e+00 
 1.25450000e-09  3.89099927e-01  1.25450000e-09  6.81524744e-01  1.25450000e-09  1.20000000e+00 
 1.25550000e-09  3.85650410e-01  1.25550000e-09  6.84539821e-01  1.25550000e-09  1.20000000e+00 
 1.25650000e-09  3.82128094e-01  1.25650000e-09  6.87614256e-01  1.25650000e-09  1.20000000e+00 
 1.25750000e-09  3.78532177e-01  1.25750000e-09  6.90748718e-01  1.25750000e-09  1.20000000e+00 
 1.25850000e-09  3.74861963e-01  1.25850000e-09  6.93943842e-01  1.25850000e-09  1.20000000e+00 
 1.25950000e-09  3.71116891e-01  1.25950000e-09  6.97200225e-01  1.25950000e-09  1.20000000e+00 
 1.26050000e-09  3.67296545e-01  1.26050000e-09  7.00518419e-01  1.26050000e-09  1.20000000e+00 
 1.26150000e-09  3.63400685e-01  1.26150000e-09  7.03898933e-01  1.26150000e-09  1.20000000e+00 
 1.26250000e-09  3.59429265e-01  1.26250000e-09  7.07342224e-01  1.26250000e-09  1.20000000e+00 
 1.26350000e-09  3.55382461e-01  1.26350000e-09  7.10848697e-01  1.26350000e-09  1.20000000e+00 
 1.26450000e-09  3.51260698e-01  1.26450000e-09  7.14418707e-01  1.26450000e-09  1.20000000e+00 
 1.26550000e-09  3.47064676e-01  1.26550000e-09  7.18052549e-01  1.26550000e-09  1.20000000e+00 
 1.26650000e-09  3.42795399e-01  1.26650000e-09  7.21750466e-01  1.26650000e-09  1.20000000e+00 
 1.26750000e-09  3.38454204e-01  1.26750000e-09  7.25512642e-01  1.26750000e-09  1.20000000e+00 
 1.26850000e-09  3.34042788e-01  1.26850000e-09  7.29339205e-01  1.26850000e-09  1.20000000e+00 
 1.26950000e-09  3.29563236e-01  1.26950000e-09  7.33230225e-01  1.26950000e-09  1.20000000e+00 
 1.27050000e-09  3.25018047e-01  1.27050000e-09  7.37185717e-01  1.27050000e-09  1.20000000e+00 
 1.27150000e-09  3.20410158e-01  1.27150000e-09  7.41205637e-01  1.27150000e-09  1.20000000e+00 
 1.27250000e-09  3.15742964e-01  1.27250000e-09  7.45289883e-01  1.27250000e-09  1.20000000e+00 
 1.27350000e-09  3.11020340e-01  1.27350000e-09  7.49438295e-01  1.27350000e-09  1.20000000e+00 
 1.27450000e-09  3.06246654e-01  1.27450000e-09  7.53650655e-01  1.27450000e-09  1.20000000e+00 
 1.27550000e-09  3.01426778e-01  1.27550000e-09  7.57926684e-01  1.27550000e-09  1.20000000e+00 
 1.27650000e-09  2.96566092e-01  1.27650000e-09  7.62266044e-01  1.27650000e-09  1.20000000e+00 
 1.27750000e-09  2.91670486e-01  1.27750000e-09  7.66668338e-01  1.27750000e-09  1.20000000e+00 
 1.27850000e-09  2.86746353e-01  1.27850000e-09  7.71133107e-01  1.27850000e-09  1.20000000e+00 
 1.27950000e-09  2.81800567e-01  1.27950000e-09  7.75659837e-01  1.27950000e-09  1.20000000e+00 
 1.28050000e-09  2.76840463e-01  1.28050000e-09  7.80247953e-01  1.28050000e-09  1.20000000e+00 
 1.28150000e-09  2.71873798e-01  1.28150000e-09  7.84896827e-01  1.28150000e-09  1.20000000e+00 
 1.28250000e-09  2.66908703e-01  1.28250000e-09  7.89605775e-01  1.28250000e-09  1.20000000e+00 
 1.28350000e-09  2.61953618e-01  1.28350000e-09  7.94374054e-01  1.28350000e-09  1.20000000e+00 
 1.28450000e-09  2.57017223e-01  1.28450000e-09  7.99200864e-01  1.28450000e-09  1.20000000e+00 
 1.28550000e-09  2.52108349e-01  1.28550000e-09  8.04085337e-01  1.28550000e-09  1.20000000e+00 
 1.28650000e-09  2.47235878e-01  1.28650000e-09  8.09026526e-01  1.28650000e-09  1.20000000e+00 
 1.28750000e-09  2.42408631e-01  1.28750000e-09  8.14023392e-01  1.28750000e-09  1.20000000e+00 
 1.28850000e-09  2.37635255e-01  1.28850000e-09  8.19074774e-01  1.28850000e-09  1.20000000e+00 
 1.28950000e-09  2.32924099e-01  1.28950000e-09  8.24179371e-01  1.28950000e-09  1.20000000e+00 
 1.29050000e-09  2.28283088e-01  1.29050000e-09  8.29335699e-01  1.29050000e-09  1.20000000e+00 
 1.29150000e-09  2.23719606e-01  1.29150000e-09  8.34542059e-01  1.29150000e-09  1.20000000e+00 
 1.29250000e-09  2.19240384e-01  1.29250000e-09  8.39796494e-01  1.29250000e-09  1.20000000e+00 
 1.29350000e-09  2.14851399e-01  1.29350000e-09  8.45096750e-01  1.29350000e-09  1.20000000e+00 
 1.29450000e-09  2.10557791e-01  1.29450000e-09  8.50440243e-01  1.29450000e-09  1.20000000e+00 
 1.29550000e-09  2.06363803e-01  1.29550000e-09  8.55824023e-01  1.29550000e-09  1.20000000e+00 
 1.29650000e-09  2.02272738e-01  1.29650000e-09  8.61244756e-01  1.29650000e-09  1.20000000e+00 
 1.29750000e-09  1.98286942e-01  1.29750000e-09  8.66698717e-01  1.29750000e-09  1.20000000e+00 
 1.29850000e-09  1.94407814e-01  1.29850000e-09  8.72181784e-01  1.29850000e-09  1.20000000e+00 
 1.29950000e-09  1.90635832e-01  1.29950000e-09  8.77689466e-01  1.29950000e-09  1.20000000e+00 
 1.30050000e-09  1.86970607e-01  1.30050000e-09  8.83216922e-01  1.30050000e-09  1.20000000e+00 
 1.30150000e-09  1.83410943e-01  1.30150000e-09  8.88759005e-01  1.30150000e-09  1.20000000e+00 
 1.30250000e-09  1.79954924e-01  1.30250000e-09  8.94310313e-01  1.30250000e-09  1.20000000e+00 
 1.30350000e-09  1.76599999e-01  1.30350000e-09  8.99865246e-01  1.30350000e-09  1.20000000e+00 
 1.30450000e-09  1.73343077e-01  1.30450000e-09  9.05418063e-01  1.30450000e-09  1.20000000e+00 
 1.30550000e-09  1.70180624e-01  1.30550000e-09  9.10962947e-01  1.30550000e-09  1.20000000e+00 
 1.30650000e-09  1.67108760e-01  1.30650000e-09  9.16494069e-01  1.30650000e-09  1.20000000e+00 
 1.30750000e-09  1.64123347e-01  1.30750000e-09  9.22005641e-01  1.30750000e-09  1.20000000e+00 
 1.30850000e-09  1.61220077e-01  1.30850000e-09  9.27491977e-01  1.30850000e-09  1.20000000e+00 
 1.30950000e-09  1.58394549e-01  1.30950000e-09  9.32947539e-01  1.30950000e-09  1.20000000e+00 
 1.31050000e-09  1.55642339e-01  1.31050000e-09  9.38366979e-01  1.31050000e-09  1.20000000e+00 
 1.31150000e-09  1.52959060e-01  1.31150000e-09  9.43745179e-01  1.31150000e-09  1.20000000e+00 
 1.31250000e-09  1.50340417e-01  1.31250000e-09  9.49077283e-01  1.31250000e-09  1.20000000e+00 
 1.31350000e-09  1.47782245e-01  1.31350000e-09  9.54358716e-01  1.31350000e-09  1.20000000e+00 
 1.31450000e-09  1.45280550e-01  1.31450000e-09  9.59585206e-01  1.31450000e-09  1.20000000e+00 
 1.31550000e-09  1.42831534e-01  1.31550000e-09  9.64752798e-01  1.31550000e-09  1.20000000e+00 
 1.31650000e-09  1.40431612e-01  1.31650000e-09  9.69857859e-01  1.31650000e-09  1.20000000e+00 
 1.31750000e-09  1.38077432e-01  1.31750000e-09  9.74897083e-01  1.31750000e-09  1.20000000e+00 
 1.31850000e-09  1.35765879e-01  1.31850000e-09  9.79867489e-01  1.31850000e-09  1.20000000e+00 
 1.31950000e-09  1.33494082e-01  1.31950000e-09  9.84766420e-01  1.31950000e-09  1.20000000e+00 
 1.32050000e-09  1.31259411e-01  1.32050000e-09  9.89591534e-01  1.32050000e-09  1.20000000e+00 
 1.32150000e-09  1.29059473e-01  1.32150000e-09  9.94340795e-01  1.32150000e-09  1.20000000e+00 
 1.32250000e-09  1.26892111e-01  1.32250000e-09  9.99012462e-01  1.32250000e-09  1.20000000e+00 
 1.32350000e-09  1.24755387e-01  1.32350000e-09  1.00360508e+00  1.32350000e-09  1.20000000e+00 
 1.32450000e-09  1.22647579e-01  1.32450000e-09  1.00811745e+00  1.32450000e-09  1.20000000e+00 
 1.32550000e-09  1.20567166e-01  1.32550000e-09  1.01254864e+00  1.32550000e-09  1.20000000e+00 
 1.32650000e-09  1.18512816e-01  1.32650000e-09  1.01689795e+00  1.32650000e-09  1.20000000e+00 
 1.32750000e-09  1.16483375e-01  1.32750000e-09  1.02116491e+00  1.32750000e-09  1.20000000e+00 
 1.32850000e-09  1.14477851e-01  1.32850000e-09  1.02534926e+00  1.32850000e-09  1.20000000e+00 
 1.32950000e-09  1.12495402e-01  1.32950000e-09  1.02945091e+00  1.32950000e-09  1.20000000e+00 
 1.33050000e-09  1.10535322e-01  1.33050000e-09  1.03346996e+00  1.33050000e-09  1.20000000e+00 
 1.33150000e-09  1.08597033e-01  1.33150000e-09  1.03740668e+00  1.33150000e-09  1.20000000e+00 
 1.33250000e-09  1.06680065e-01  1.33250000e-09  1.04126149e+00  1.33250000e-09  1.20000000e+00 
 1.33350000e-09  1.04782885e-01  1.33350000e-09  1.04503655e+00  1.33350000e-09  1.20000000e+00 
 1.33450000e-09  1.02906413e-01  1.33450000e-09  1.04873105e+00  1.33450000e-09  1.20000000e+00 
 1.33550000e-09  1.01051600e-01  1.33550000e-09  1.05234531e+00  1.33550000e-09  1.20000000e+00 
 1.33650000e-09  9.92171866e-02  1.33650000e-09  1.05588063e+00  1.33650000e-09  1.20000000e+00 
 1.33750000e-09  9.74030022e-02  1.33750000e-09  1.05933753e+00  1.33750000e-09  1.20000000e+00 
 1.33850000e-09  9.56090010e-02  1.33850000e-09  1.06271729e+00  1.33850000e-09  1.20000000e+00 
 1.33950000e-09  9.38351977e-02  1.33950000e-09  1.06602080e+00  1.33950000e-09  1.20000000e+00 
 1.34050000e-09  9.20816555e-02  1.34050000e-09  1.06924939e+00  1.34050000e-09  1.20000000e+00 
 1.34150000e-09  9.03484535e-02  1.34150000e-09  1.07240410e+00  1.34150000e-09  1.20000000e+00 
 1.34250000e-09  8.86364241e-02  1.34250000e-09  1.07548541e+00  1.34250000e-09  1.20000000e+00 
 1.34350000e-09  8.69449258e-02  1.34350000e-09  1.07849528e+00  1.34350000e-09  1.20000000e+00 
 1.34450000e-09  8.52734435e-02  1.34450000e-09  1.08143530e+00  1.34450000e-09  1.20000000e+00 
 1.34550000e-09  8.36228034e-02  1.34550000e-09  1.08430652e+00  1.34550000e-09  1.20000000e+00 
 1.34650000e-09  8.19931697e-02  1.34650000e-09  1.08711057e+00  1.34650000e-09  1.20000000e+00 
 1.34750000e-09  8.03841376e-02  1.34750000e-09  1.08984922e+00  1.34750000e-09  1.20000000e+00 
 1.34850000e-09  7.87964254e-02  1.34850000e-09  1.09252340e+00  1.34850000e-09  1.20000000e+00 
 1.34950000e-09  7.72306440e-02  1.34950000e-09  1.09513418e+00  1.34950000e-09  1.20000000e+00 
 1.35050000e-09  7.56863775e-02  1.35050000e-09  1.09768310e+00  1.35050000e-09  1.20000000e+00 
 1.35150000e-09  7.41637343e-02  1.35150000e-09  1.10017122e+00  1.35150000e-09  1.20000000e+00 
 1.35250000e-09  7.26627824e-02  1.35250000e-09  1.10260002e+00  1.35250000e-09  1.20000000e+00 
 1.35350000e-09  7.11836246e-02  1.35350000e-09  1.10497065e+00  1.35350000e-09  1.20000000e+00 
 1.35450000e-09  6.97263165e-02  1.35450000e-09  1.10728455e+00  1.35450000e-09  1.20000000e+00 
 1.35550000e-09  6.82909299e-02  1.35550000e-09  1.10954285e+00  1.35550000e-09  1.20000000e+00 
 1.35650000e-09  6.68774897e-02  1.35650000e-09  1.11174693e+00  1.35650000e-09  1.20000000e+00 
 1.35750000e-09  6.54860349e-02  1.35750000e-09  1.11389793e+00  1.35750000e-09  1.20000000e+00 
 1.35850000e-09  6.41165573e-02  1.35850000e-09  1.11599716e+00  1.35850000e-09  1.20000000e+00 
 1.35950000e-09  6.27690625e-02  1.35950000e-09  1.11804573e+00  1.35950000e-09  1.20000000e+00 
 1.36050000e-09  6.14435092e-02  1.36050000e-09  1.12004491e+00  1.36050000e-09  1.20000000e+00 
 1.36150000e-09  6.01398701e-02  1.36150000e-09  1.12199577e+00  1.36150000e-09  1.20000000e+00 
 1.36250000e-09  5.88580718e-02  1.36250000e-09  1.12389952e+00  1.36250000e-09  1.20000000e+00 
 1.36350000e-09  5.75980552e-02  1.36350000e-09  1.12575721e+00  1.36350000e-09  1.20000000e+00 
 1.36450000e-09  5.63597168e-02  1.36450000e-09  1.12756998e+00  1.36450000e-09  1.20000000e+00 
 1.36550000e-09  5.51429672e-02  1.36550000e-09  1.12933886e+00  1.36550000e-09  1.20000000e+00 
 1.36650000e-09  5.39476751e-02  1.36650000e-09  1.13106491e+00  1.36650000e-09  1.20000000e+00 
 1.36750000e-09  5.27737228e-02  1.36750000e-09  1.13274915e+00  1.36750000e-09  1.20000000e+00 
 1.36850000e-09  5.16209540e-02  1.36850000e-09  1.13439258e+00  1.36850000e-09  1.20000000e+00 
 1.36950000e-09  5.04892250e-02  1.36950000e-09  1.13599617e+00  1.36950000e-09  1.20000000e+00 
 1.37050000e-09  4.93783570e-02  1.37050000e-09  1.13756089e+00  1.37050000e-09  1.20000000e+00 
 1.37150000e-09  4.82881831e-02  1.37150000e-09  1.13908765e+00  1.37150000e-09  1.20000000e+00 
 1.37250000e-09  4.72185049e-02  1.37250000e-09  1.14057738e+00  1.37250000e-09  1.20000000e+00 
 1.37350000e-09  4.61691348e-02  1.37350000e-09  1.14203096e+00  1.37350000e-09  1.20000000e+00 
 1.37450000e-09  4.51398574e-02  1.37450000e-09  1.14344927e+00  1.37450000e-09  1.20000000e+00 
 1.37550000e-09  4.41304671e-02  1.37550000e-09  1.14483314e+00  1.37550000e-09  1.20000000e+00 
 1.37650000e-09  4.31407342e-02  1.37650000e-09  1.14618342e+00  1.37650000e-09  1.20000000e+00 
 1.37750000e-09  4.21704378e-02  1.37750000e-09  1.14750091e+00  1.37750000e-09  1.20000000e+00 
 1.37850000e-09  4.12193363e-02  1.37850000e-09  1.14878639e+00  1.37850000e-09  1.20000000e+00 
 1.37950000e-09  4.02871962e-02  1.37950000e-09  1.15004065e+00  1.37950000e-09  1.20000000e+00 
 1.38050000e-09  3.93737661e-02  1.38050000e-09  1.15126443e+00  1.38050000e-09  1.20000000e+00 
 1.38150000e-09  3.84788022e-02  1.38150000e-09  1.15245847e+00  1.38150000e-09  1.20000000e+00 
 1.38250000e-09  3.76020456e-02  1.38250000e-09  1.15362348e+00  1.38250000e-09  1.20000000e+00 
 1.38350000e-09  3.67432446e-02  1.38350000e-09  1.15476017e+00  1.38350000e-09  1.20000000e+00 
 1.38450000e-09  3.59021346e-02  1.38450000e-09  1.15586921e+00  1.38450000e-09  1.20000000e+00 
 1.38550000e-09  3.50784580e-02  1.38550000e-09  1.15695128e+00  1.38550000e-09  1.20000000e+00 
 1.38650000e-09  3.42719464e-02  1.38650000e-09  1.15800702e+00  1.38650000e-09  1.20000000e+00 
 1.38750000e-09  3.34823380e-02  1.38750000e-09  1.15903707e+00  1.38750000e-09  1.20000000e+00 
 1.38850000e-09  3.27093624e-02  1.38850000e-09  1.16004205e+00  1.38850000e-09  1.20000000e+00 
 1.38950000e-09  3.19527552e-02  1.38950000e-09  1.16102256e+00  1.38950000e-09  1.20000000e+00 
 1.39050000e-09  3.12122454e-02  1.39050000e-09  1.16197919e+00  1.39050000e-09  1.20000000e+00 
 1.39150000e-09  3.04875676e-02  1.39150000e-09  1.16291252e+00  1.39150000e-09  1.20000000e+00 
 1.39250000e-09  2.97784514e-02  1.39250000e-09  1.16382311e+00  1.39250000e-09  1.20000000e+00 
 1.39350000e-09  2.90846318e-02  1.39350000e-09  1.16471151e+00  1.39350000e-09  1.20000000e+00 
 1.39450000e-09  2.84058400e-02  1.39450000e-09  1.16557825e+00  1.39450000e-09  1.20000000e+00 
 1.39550000e-09  2.77418126e-02  1.39550000e-09  1.16642386e+00  1.39550000e-09  1.20000000e+00 
 1.39650000e-09  2.70922834e-02  1.39650000e-09  1.16724885e+00  1.39650000e-09  1.20000000e+00 
 1.39750000e-09  2.64569917e-02  1.39750000e-09  1.16805371e+00  1.39750000e-09  1.20000000e+00 
 1.39850000e-09  2.58356747e-02  1.39850000e-09  1.16883893e+00  1.39850000e-09  1.20000000e+00 
 1.39950000e-09  2.52280750e-02  1.39950000e-09  1.16960498e+00  1.39950000e-09  1.20000000e+00 
 1.40050000e-09  2.46339341e-02  1.40050000e-09  1.17035233e+00  1.40050000e-09  1.20000000e+00 
 1.40150000e-09  2.40529989e-02  1.40150000e-09  1.17108143e+00  1.40150000e-09  1.20000000e+00 
 1.40250000e-09  2.34850156e-02  1.40250000e-09  1.17179272e+00  1.40250000e-09  1.20000000e+00 
 1.40350000e-09  2.29297357e-02  1.40350000e-09  1.17248663e+00  1.40350000e-09  1.20000000e+00 
 1.40450000e-09  2.23869110e-02  1.40450000e-09  1.17316358e+00  1.40450000e-09  1.20000000e+00 
 1.40550000e-09  2.18562983e-02  1.40550000e-09  1.17382398e+00  1.40550000e-09  1.20000000e+00 
 1.40650000e-09  2.13376549e-02  1.40650000e-09  1.17446823e+00  1.40650000e-09  1.20000000e+00 
 1.40750000e-09  2.08307433e-02  1.40750000e-09  1.17509672e+00  1.40750000e-09  1.20000000e+00 
 1.40850000e-09  2.03353272e-02  1.40850000e-09  1.17570983e+00  1.40850000e-09  1.20000000e+00 
 1.40950000e-09  1.98511749e-02  1.40950000e-09  1.17630794e+00  1.40950000e-09  1.20000000e+00 
 1.41050000e-09  1.93780563e-02  1.41050000e-09  1.17689141e+00  1.41050000e-09  1.20000000e+00 
 1.41150000e-09  1.89157462e-02  1.41150000e-09  1.17746059e+00  1.41150000e-09  1.20000000e+00 
 1.41250000e-09  1.84640210e-02  1.41250000e-09  1.17801583e+00  1.41250000e-09  1.20000000e+00 
 1.41350000e-09  1.80226619e-02  1.41350000e-09  1.17855747e+00  1.41350000e-09  1.20000000e+00 
 1.41450000e-09  1.75914521e-02  1.41450000e-09  1.17908584e+00  1.41450000e-09  1.20000000e+00 
 1.41550000e-09  1.71701792e-02  1.41550000e-09  1.17960125e+00  1.41550000e-09  1.20000000e+00 
 1.41650000e-09  1.67586332e-02  1.41650000e-09  1.18010403e+00  1.41650000e-09  1.20000000e+00 
 1.41750000e-09  1.63566086e-02  1.41750000e-09  1.18059448e+00  1.41750000e-09  1.20000000e+00 
 1.41850000e-09  1.59639020e-02  1.41850000e-09  1.18107290e+00  1.41850000e-09  1.20000000e+00 
 1.41950000e-09  1.55803145e-02  1.41950000e-09  1.18153958e+00  1.41950000e-09  1.20000000e+00 
 1.42050000e-09  1.52056498e-02  1.42050000e-09  1.18199481e+00  1.42050000e-09  1.20000000e+00 
 1.42150000e-09  1.48397157e-02  1.42150000e-09  1.18243886e+00  1.42150000e-09  1.20000000e+00 
 1.42250000e-09  1.44823224e-02  1.42250000e-09  1.18287202e+00  1.42250000e-09  1.20000000e+00 
 1.42350000e-09  1.41332845e-02  1.42350000e-09  1.18329453e+00  1.42350000e-09  1.20000000e+00 
 1.42450000e-09  1.37924191e-02  1.42450000e-09  1.18370667e+00  1.42450000e-09  1.20000000e+00 
 1.42550000e-09  1.34595472e-02  1.42550000e-09  1.18410868e+00  1.42550000e-09  1.20000000e+00 
 1.42650000e-09  1.31344926e-02  1.42650000e-09  1.18450082e+00  1.42650000e-09  1.20000000e+00 
 1.42750000e-09  1.28170829e-02  1.42750000e-09  1.18488332e+00  1.42750000e-09  1.20000000e+00 
 1.42850000e-09  1.25071485e-02  1.42850000e-09  1.18525641e+00  1.42850000e-09  1.20000000e+00 
 1.42950000e-09  1.22045232e-02  1.42950000e-09  1.18562033e+00  1.42950000e-09  1.20000000e+00 
 1.43050000e-09  1.19090440e-02  1.43050000e-09  1.18597531e+00  1.43050000e-09  1.20000000e+00 
 1.43150000e-09  1.16205510e-02  1.43150000e-09  1.18632155e+00  1.43150000e-09  1.20000000e+00 
 1.43250000e-09  1.13388873e-02  1.43250000e-09  1.18665927e+00  1.43250000e-09  1.20000000e+00 
 1.43350000e-09  1.10638995e-02  1.43350000e-09  1.18698869e+00  1.43350000e-09  1.20000000e+00 
 1.43450000e-09  1.07954367e-02  1.43450000e-09  1.18730999e+00  1.43450000e-09  1.20000000e+00 
 1.43550000e-09  1.05333515e-02  1.43550000e-09  1.18762339e+00  1.43550000e-09  1.20000000e+00 
 1.43650000e-09  1.02774990e-02  1.43650000e-09  1.18792907e+00  1.43650000e-09  1.20000000e+00 
 1.43750000e-09  1.00277377e-02  1.43750000e-09  1.18822723e+00  1.43750000e-09  1.20000000e+00 
 1.43850000e-09  9.78392853e-03  1.43850000e-09  1.18851804e+00  1.43850000e-09  1.20000000e+00 
 1.43950000e-09  9.54593569e-03  1.43950000e-09  1.18880170e+00  1.43950000e-09  1.20000000e+00 
 1.44050000e-09  9.31362586e-03  1.44050000e-09  1.18907836e+00  1.44050000e-09  1.20000000e+00 
 1.44150000e-09  9.08686873e-03  1.44150000e-09  1.18934821e+00  1.44150000e-09  1.20000000e+00 
 1.44250000e-09  8.86553650e-03  1.44250000e-09  1.18961140e+00  1.44250000e-09  1.20000000e+00 
 1.44350000e-09  8.64950427e-03  1.44350000e-09  1.18986812e+00  1.44350000e-09  1.20000000e+00 
 1.44450000e-09  8.43864954e-03  1.44450000e-09  1.19011850e+00  1.44450000e-09  1.20000000e+00 
 1.44550000e-09  8.23285264e-03  1.44550000e-09  1.19036271e+00  1.44550000e-09  1.20000000e+00 
 1.44650000e-09  8.03199624e-03  1.44650000e-09  1.19060090e+00  1.44650000e-09  1.20000000e+00 
 1.44750000e-09  7.83596572e-03  1.44750000e-09  1.19083322e+00  1.44750000e-09  1.20000000e+00 
 1.44850000e-09  7.64464874e-03  1.44850000e-09  1.19105981e+00  1.44850000e-09  1.20000000e+00 
 1.44950000e-09  7.45793556e-03  1.44950000e-09  1.19128081e+00  1.44950000e-09  1.20000000e+00 
 1.45050000e-09  7.27571865e-03  1.45050000e-09  1.19149636e+00  1.45050000e-09  1.20000000e+00 
 1.45150000e-09  7.09789298e-03  1.45150000e-09  1.19170659e+00  1.45150000e-09  1.20000000e+00 
 1.45250000e-09  6.92435567e-03  1.45250000e-09  1.19191163e+00  1.45250000e-09  1.20000000e+00 
 1.45350000e-09  6.75500624e-03  1.45350000e-09  1.19211162e+00  1.45350000e-09  1.20000000e+00 
 1.45450000e-09  6.58974629e-03  1.45450000e-09  1.19230667e+00  1.45450000e-09  1.20000000e+00 
 1.45550000e-09  6.42847970e-03  1.45550000e-09  1.19249690e+00  1.45550000e-09  1.20000000e+00 
 1.45650000e-09  6.27111240e-03  1.45650000e-09  1.19268244e+00  1.45650000e-09  1.20000000e+00 
 1.45750000e-09  6.11755248e-03  1.45750000e-09  1.19286340e+00  1.45750000e-09  1.20000000e+00 
 1.45850000e-09  5.96771000e-03  1.45850000e-09  1.19303989e+00  1.45850000e-09  1.20000000e+00 
 1.45950000e-09  5.82149714e-03  1.45950000e-09  1.19321203e+00  1.45950000e-09  1.20000000e+00 
 1.46050000e-09  5.67882794e-03  1.46050000e-09  1.19337991e+00  1.46050000e-09  1.20000000e+00 
 1.46150000e-09  5.53961846e-03  1.46150000e-09  1.19354365e+00  1.46150000e-09  1.20000000e+00 
 1.46250000e-09  5.40378658e-03  1.46250000e-09  1.19370334e+00  1.46250000e-09  1.20000000e+00 
 1.46350000e-09  5.27125212e-03  1.46350000e-09  1.19385909e+00  1.46350000e-09  1.20000000e+00 
 1.46450000e-09  5.14193664e-03  1.46450000e-09  1.19401100e+00  1.46450000e-09  1.20000000e+00 
 1.46550000e-09  5.01576355e-03  1.46550000e-09  1.19415915e+00  1.46550000e-09  1.20000000e+00 
 1.46650000e-09  4.89265794e-03  1.46650000e-09  1.19430364e+00  1.46650000e-09  1.20000000e+00 
 1.46750000e-09  4.77254668e-03  1.46750000e-09  1.19444456e+00  1.46750000e-09  1.20000000e+00 
 1.46850000e-09  4.65535824e-03  1.46850000e-09  1.19458200e+00  1.46850000e-09  1.20000000e+00 
 1.46950000e-09  4.54102281e-03  1.46950000e-09  1.19471604e+00  1.46950000e-09  1.20000000e+00 
 1.47050000e-09  4.42947211e-03  1.47050000e-09  1.19484677e+00  1.47050000e-09  1.20000000e+00 
 1.47150000e-09  4.32063951e-03  1.47150000e-09  1.19497427e+00  1.47150000e-09  1.20000000e+00 
 1.47250000e-09  4.21445983e-03  1.47250000e-09  1.19509861e+00  1.47250000e-09  1.20000000e+00 
 1.47350000e-09  4.11086949e-03  1.47350000e-09  1.19521989e+00  1.47350000e-09  1.20000000e+00 
 1.47450000e-09  4.00980630e-03  1.47450000e-09  1.19533817e+00  1.47450000e-09  1.20000000e+00 
 1.47550000e-09  3.91120957e-03  1.47550000e-09  1.19545352e+00  1.47550000e-09  1.20000000e+00 
 1.47650000e-09  3.81502000e-03  1.47650000e-09  1.19556602e+00  1.47650000e-09  1.20000000e+00 
 1.47750000e-09  3.72117969e-03  1.47750000e-09  1.19567574e+00  1.47750000e-09  1.20000000e+00 
 1.47850000e-09  3.62963205e-03  1.47850000e-09  1.19578275e+00  1.47850000e-09  1.20000000e+00 
 1.47950000e-09  3.54032185e-03  1.47950000e-09  1.19588711e+00  1.47950000e-09  1.20000000e+00 
 1.48050000e-09  3.45319513e-03  1.48050000e-09  1.19598889e+00  1.48050000e-09  1.20000000e+00 
 1.48150000e-09  3.36819923e-03  1.48150000e-09  1.19608815e+00  1.48150000e-09  1.20000000e+00 
 1.48250000e-09  3.28528267e-03  1.48250000e-09  1.19618496e+00  1.48250000e-09  1.20000000e+00 
 1.48350000e-09  3.20439524e-03  1.48350000e-09  1.19627938e+00  1.48350000e-09  1.20000000e+00 
 1.48450000e-09  3.12548787e-03  1.48450000e-09  1.19637146e+00  1.48450000e-09  1.20000000e+00 
 1.48550000e-09  3.04851266e-03  1.48550000e-09  1.19646126e+00  1.48550000e-09  1.20000000e+00 
 1.48650000e-09  2.97342285e-03  1.48650000e-09  1.19654884e+00  1.48650000e-09  1.20000000e+00 
 1.48750000e-09  2.90017276e-03  1.48750000e-09  1.19663426e+00  1.48750000e-09  1.20000000e+00 
 1.48850000e-09  2.82871782e-03  1.48850000e-09  1.19671756e+00  1.48850000e-09  1.20000000e+00 
 1.48950000e-09  2.75901451e-03  1.48950000e-09  1.19679880e+00  1.48950000e-09  1.20000000e+00 
 1.49050000e-09  2.69102032e-03  1.49050000e-09  1.19687803e+00  1.49050000e-09  1.20000000e+00 
 1.49150000e-09  2.62469377e-03  1.49150000e-09  1.19695531e+00  1.49150000e-09  1.20000000e+00 
 1.49250000e-09  2.55999437e-03  1.49250000e-09  1.19703067e+00  1.49250000e-09  1.20000000e+00 
 1.49350000e-09  2.49688257e-03  1.49350000e-09  1.19710416e+00  1.49350000e-09  1.20000000e+00 
 1.49450000e-09  2.43531979e-03  1.49450000e-09  1.19717584e+00  1.49450000e-09  1.20000000e+00 
 1.49550000e-09  2.37526835e-03  1.49550000e-09  1.19724574e+00  1.49550000e-09  1.20000000e+00 
 1.49650000e-09  2.31669147e-03  1.49650000e-09  1.19731392e+00  1.49650000e-09  1.20000000e+00 
 1.49750000e-09  2.25955328e-03  1.49750000e-09  1.19738041e+00  1.49750000e-09  1.20000000e+00 
 1.49850000e-09  2.20381871e-03  1.49850000e-09  1.19744525e+00  1.49850000e-09  1.20000000e+00 
 1.49925000e-09  2.16291935e-03  1.49925000e-09  1.19749282e+00  1.49925000e-09  1.20000000e+00 
 1.50000000e-09  2.12277614e-03  1.50000000e-09  1.19753951e+00  1.50000000e-09  1.20000000e+00 
 1.50010000e-09  1.76088638e-03  1.50010000e-09  1.19718363e+00  1.50010000e-09  1.19760000e+00 
 1.50030000e-09  8.85904580e-04  1.50030000e-09  1.19629026e+00  1.50030000e-09  1.19280000e+00 
 1.50070000e-09 -7.02437626e-04  1.50070000e-09  1.19458656e+00  1.50070000e-09  1.18320000e+00 
 1.50150000e-09 -2.93508936e-03  1.50150000e-09  1.19213086e+00  1.50150000e-09  1.16400000e+00 
 1.50250000e-09 -5.15320132e-03  1.50250000e-09  1.18967882e+00  1.50250000e-09  1.14000000e+00 
 1.50350000e-09 -6.98222959e-03  1.50350000e-09  1.18764969e+00  1.50350000e-09  1.11600000e+00 
 1.50450000e-09 -8.70382649e-03  1.50450000e-09  1.18576190e+00  1.50450000e-09  1.09200000e+00 
 1.50550000e-09 -1.02899177e-02  1.50550000e-09  1.18404386e+00  1.50550000e-09  1.06800000e+00 
 1.50650000e-09 -1.18289344e-02  1.50650000e-09  1.18241648e+00  1.50650000e-09  1.04400000e+00 
 1.50750000e-09 -1.32773152e-02  1.50750000e-09  1.18092275e+00  1.50750000e-09  1.02000000e+00 
 1.50850000e-09 -1.46846341e-02  1.50850000e-09  1.17951485e+00  1.50850000e-09  9.96000000e-01 
 1.50950000e-09 -1.60216577e-02  1.50950000e-09  1.17821737e+00  1.50950000e-09  9.72000000e-01 
 1.51050000e-09 -1.73225668e-02  1.51050000e-09  1.17699488e+00  1.51050000e-09  9.48000000e-01 
 1.51150000e-09 -1.85698099e-02  1.51150000e-09  1.17585910e+00  1.51150000e-09  9.24000000e-01 
 1.51250000e-09 -1.97894666e-02  1.51250000e-09  1.17478136e+00  1.51250000e-09  9.00000000e-01 
 1.51350000e-09 -2.09730360e-02  1.51350000e-09  1.17376272e+00  1.51350000e-09  8.76000000e-01 
 1.51440188e-09 -2.20295022e-02  1.51440188e-09  1.17287031e+00  1.51440188e-09  8.54354807e-01 
 1.51540188e-09 -2.31872526e-02  1.51540188e-09  1.17190067e+00  1.51540188e-09  8.30354807e-01 
 1.51640188e-09 -2.43521969e-02  1.51640188e-09  1.17092089e+00  1.51640188e-09  8.06354807e-01 
 1.51740188e-09 -2.55277730e-02  1.51740188e-09  1.16991354e+00  1.51740188e-09  7.82354807e-01 
 1.51840188e-09 -2.67309787e-02  1.51840188e-09  1.16885093e+00  1.51840188e-09  7.58354807e-01 
 1.51940188e-09 -2.79645956e-02  1.51940188e-09  1.16771782e+00  1.51940188e-09  7.34354807e-01 
 1.52040188e-09 -2.92402708e-02  1.52040188e-09  1.16649477e+00  1.52040188e-09  7.10354807e-01 
 1.52140188e-09 -3.05576201e-02  1.52140188e-09  1.16517439e+00  1.52140188e-09  6.86354807e-01 
 1.52240188e-09 -3.19220451e-02  1.52240188e-09  1.16374836e+00  1.52240188e-09  6.62354807e-01 
 1.52340188e-09 -3.33288947e-02  1.52340188e-09  1.16221824e+00  1.52340188e-09  6.38354807e-01 
 1.52440188e-09 -3.47745732e-02  1.52440188e-09  1.16058984e+00  1.52440188e-09  6.14354807e-01 
 1.52540188e-09 -3.62406448e-02  1.52540188e-09  1.15888681e+00  1.52540188e-09  5.90354807e-01 
 1.52640188e-09 -3.77004465e-02  1.52640188e-09  1.15714837e+00  1.52640188e-09  5.66354807e-01 
 1.52740188e-09 -3.91089042e-02  1.52740188e-09  1.15543323e+00  1.52740188e-09  5.42354807e-01 
 1.52840188e-09 -4.04142706e-02  1.52840188e-09  1.15380677e+00  1.52840188e-09  5.18354807e-01 
 1.52940188e-09 -4.15591975e-02  1.52940188e-09  1.15233347e+00  1.52940188e-09  4.94354807e-01 
 1.53040188e-09 -4.24976369e-02  1.53040188e-09  1.15106267e+00  1.53040188e-09  4.70354807e-01 
 1.53140188e-09 -4.31971228e-02  1.53140188e-09  1.15002508e+00  1.53140188e-09  4.46354807e-01 
 1.53240188e-09 -4.36453548e-02  1.53240188e-09  1.14923015e+00  1.53240188e-09  4.22354807e-01 
 1.53340188e-09 -4.38417445e-02  1.53340188e-09  1.14867295e+00  1.53340188e-09  3.98354807e-01 
 1.53440188e-09 -4.37954734e-02  1.53440188e-09  1.14833884e+00  1.53440188e-09  3.74354807e-01 
 1.53540188e-09 -4.35167569e-02  1.53540188e-09  1.14821061e+00  1.53540188e-09  3.50354807e-01 
 1.53640188e-09 -4.30167533e-02  1.53640188e-09  1.14827066e+00  1.53640188e-09  3.26354807e-01 
 1.53740188e-09 -4.23037432e-02  1.53740188e-09  1.14850321e+00  1.53740188e-09  3.02354807e-01 
 1.53840188e-09 -4.13863026e-02  1.53840188e-09  1.14889272e+00  1.53840188e-09  2.78354807e-01 
 1.53940188e-09 -4.02717185e-02  1.53940188e-09  1.14942418e+00  1.53940188e-09  2.54354807e-01 
 1.54040188e-09 -3.89677425e-02  1.54040188e-09  1.15008276e+00  1.54040188e-09  2.30354807e-01 
 1.54140188e-09 -3.74803421e-02  1.54140188e-09  1.15085512e+00  1.54140188e-09  2.06354807e-01 
 1.54240188e-09 -3.58155522e-02  1.54240188e-09  1.15172887e+00  1.54240188e-09  1.82354807e-01 
 1.54340188e-09 -3.39784648e-02  1.54340188e-09  1.15269264e+00  1.54340188e-09  1.58354807e-01 
 1.54440188e-09 -3.19746138e-02  1.54440188e-09  1.15373562e+00  1.54440188e-09  1.34354807e-01 
 1.54540188e-09 -2.98086627e-02  1.54540188e-09  1.15484809e+00  1.54540188e-09  1.10354807e-01 
 1.54640188e-09 -2.74853132e-02  1.54640188e-09  1.15602122e+00  1.54640188e-09  8.63548072e-02 
 1.54740188e-09 -2.50083228e-02  1.54740188e-09  1.15724731e+00  1.54740188e-09  6.23548072e-02 
 1.54840188e-09 -2.23813723e-02  1.54840188e-09  1.15851951e+00  1.54840188e-09  3.83548072e-02 
 1.54920094e-09 -2.01763909e-02  1.54920094e-09  1.15956531e+00  1.54920094e-09  1.91774036e-02 
 1.55000000e-09 -1.78790727e-02  1.55000000e-09  1.16063393e+00  1.55000000e-09  0.00000000e+00 
 1.55010000e-09 -1.72105176e-02  1.55010000e-09  1.16115469e+00  1.55010000e-09  0.00000000e+00 
 1.55030000e-09 -1.56751591e-02  1.55030000e-09  1.16244483e+00  1.55030000e-09  0.00000000e+00 
 1.55070000e-09 -1.25644517e-02  1.55070000e-09  1.16522900e+00  1.55070000e-09  0.00000000e+00 
 1.55150000e-09 -7.11457377e-03  1.55150000e-09  1.17012853e+00  1.55150000e-09  0.00000000e+00 
 1.55250000e-09 -1.11324749e-03  1.55250000e-09  1.17546662e+00  1.55250000e-09  0.00000000e+00 
 1.55350000e-09  4.01154680e-03  1.55350000e-09  1.17996555e+00  1.55350000e-09  0.00000000e+00 
 1.55450000e-09  8.51710428e-03  1.55450000e-09  1.18386340e+00  1.55450000e-09  0.00000000e+00 
 1.55550000e-09  1.24882734e-02  1.55550000e-09  1.18722489e+00  1.55550000e-09  0.00000000e+00 
 1.55650000e-09  1.60883997e-02  1.55650000e-09  1.19019381e+00  1.55650000e-09  0.00000000e+00 
 1.55750000e-09  1.93568554e-02  1.55750000e-09  1.19280176e+00  1.55750000e-09  0.00000000e+00 
 1.55850000e-09  2.23936166e-02  1.55850000e-09  1.19513909e+00  1.55850000e-09  0.00000000e+00 
 1.55950000e-09  2.52148844e-02  1.55950000e-09  1.19722142e+00  1.55950000e-09  0.00000000e+00 
 1.56050000e-09  2.78840951e-02  1.56050000e-09  1.19910709e+00  1.56050000e-09  0.00000000e+00 
 1.56150000e-09  3.04076691e-02  1.56150000e-09  1.20080476e+00  1.56150000e-09  0.00000000e+00 
 1.56250000e-09  3.28279872e-02  1.56250000e-09  1.20235399e+00  1.56250000e-09  0.00000000e+00 
 1.56350000e-09  3.51471013e-02  1.56350000e-09  1.20376031e+00  1.56350000e-09  0.00000000e+00 
 1.56450000e-09  3.73944620e-02  1.56450000e-09  1.20505147e+00  1.56450000e-09  0.00000000e+00 
 1.56550000e-09  3.95702427e-02  1.56550000e-09  1.20623146e+00  1.56550000e-09  0.00000000e+00 
 1.56650000e-09  4.16955233e-02  1.56650000e-09  1.20732027e+00  1.56650000e-09  0.00000000e+00 
 1.56750000e-09  4.37697100e-02  1.56750000e-09  1.20832110e+00  1.56750000e-09  0.00000000e+00 
 1.56850000e-09  4.58082271e-02  1.56850000e-09  1.20924864e+00  1.56850000e-09  0.00000000e+00 
 1.56950000e-09  4.78102106e-02  1.56950000e-09  1.21010559e+00  1.56950000e-09  0.00000000e+00 
 1.57050000e-09  4.97871343e-02  1.57050000e-09  1.21090293e+00  1.57050000e-09  0.00000000e+00 
 1.57150000e-09  5.17380831e-02  1.57150000e-09  1.21164300e+00  1.57150000e-09  0.00000000e+00 
 1.57250000e-09  5.36717001e-02  1.57250000e-09  1.21233413e+00  1.57250000e-09  0.00000000e+00 
 1.57350000e-09  5.55871132e-02  1.57350000e-09  1.21297838e+00  1.57350000e-09  0.00000000e+00 
 1.57450000e-09  5.74908979e-02  1.57450000e-09  1.21358212e+00  1.57450000e-09  0.00000000e+00 
 1.57550000e-09  5.93822625e-02  1.57550000e-09  1.21414716e+00  1.57550000e-09  0.00000000e+00 
 1.57650000e-09  6.12662500e-02  1.57650000e-09  1.21467846e+00  1.57650000e-09  0.00000000e+00 
 1.57750000e-09  6.31421606e-02  1.57750000e-09  1.21517761e+00  1.57750000e-09  0.00000000e+00 
 1.57850000e-09  6.50138888e-02  1.57850000e-09  1.21564847e+00  1.57850000e-09  0.00000000e+00 
 1.57950000e-09  6.68808261e-02  1.57950000e-09  1.21609245e+00  1.57950000e-09  0.00000000e+00 
 1.58050000e-09  6.87459994e-02  1.58050000e-09  1.21651260e+00  1.58050000e-09  0.00000000e+00 
 1.58150000e-09  7.06088862e-02  1.58150000e-09  1.21691017e+00  1.58150000e-09  0.00000000e+00 
 1.58250000e-09  7.24718526e-02  1.58250000e-09  1.21728757e+00  1.58250000e-09  0.00000000e+00 
 1.58350000e-09  7.43344553e-02  1.58350000e-09  1.21764592e+00  1.58350000e-09  0.00000000e+00 
 1.58450000e-09  7.61985550e-02  1.58450000e-09  1.21798714e+00  1.58450000e-09  0.00000000e+00 
 1.58550000e-09  7.80637793e-02  1.58550000e-09  1.21831222e+00  1.58550000e-09  0.00000000e+00 
 1.58650000e-09  7.99316012e-02  1.58650000e-09  1.21862271e+00  1.58650000e-09  0.00000000e+00 
 1.58750000e-09  8.18017116e-02  1.58750000e-09  1.21891949e+00  1.58750000e-09  0.00000000e+00 
 1.58850000e-09  8.36752843e-02  1.58850000e-09  1.21920383e+00  1.58850000e-09  0.00000000e+00 
 1.58950000e-09  8.55520673e-02  1.58950000e-09  1.21947648e+00  1.58950000e-09  0.00000000e+00 
 1.59050000e-09  8.74330033e-02  1.59050000e-09  1.21973852e+00  1.59050000e-09  0.00000000e+00 
 1.59150000e-09  8.93178907e-02  1.59150000e-09  1.21999059e+00  1.59150000e-09  0.00000000e+00 
 1.59250000e-09  9.12074938e-02  1.59250000e-09  1.22023359e+00  1.59250000e-09  0.00000000e+00 
 1.59350000e-09  9.31016560e-02  1.59350000e-09  1.22046810e+00  1.59350000e-09  0.00000000e+00 
 1.59450000e-09  9.50010037e-02  1.59450000e-09  1.22069487e+00  1.59450000e-09  0.00000000e+00 
 1.59550000e-09  9.69054203e-02  1.59550000e-09  1.22091441e+00  1.59550000e-09  0.00000000e+00 
 1.59650000e-09  9.88154259e-02  1.59650000e-09  1.22112736e+00  1.59650000e-09  0.00000000e+00 
 1.59750000e-09  1.00730940e-01  1.59750000e-09  1.22133417e+00  1.59750000e-09  0.00000000e+00 
 1.59850000e-09  1.02652401e-01  1.59850000e-09  1.22153539e+00  1.59850000e-09  0.00000000e+00 
 1.59950000e-09  1.04579761e-01  1.59950000e-09  1.22173144e+00  1.59950000e-09  0.00000000e+00 
 1.60050000e-09  1.06513395e-01  1.60050000e-09  1.22192276e+00  1.60050000e-09  0.00000000e+00 
 1.60150000e-09  1.08453285e-01  1.60150000e-09  1.22210975e+00  1.60150000e-09  0.00000000e+00 
 1.60250000e-09  1.10399760e-01  1.60250000e-09  1.22229279e+00  1.60250000e-09  0.00000000e+00 
 1.60350000e-09  1.12352828e-01  1.60350000e-09  1.22247224e+00  1.60350000e-09  0.00000000e+00 
 1.60450000e-09  1.14312782e-01  1.60450000e-09  1.22264843e+00  1.60450000e-09  0.00000000e+00 
 1.60550000e-09  1.16279656e-01  1.60550000e-09  1.22282168e+00  1.60550000e-09  0.00000000e+00 
 1.60650000e-09  1.18253718e-01  1.60650000e-09  1.22299229e+00  1.60650000e-09  0.00000000e+00 
 1.60750000e-09  1.20235025e-01  1.60750000e-09  1.22316056e+00  1.60750000e-09  0.00000000e+00 
 1.60850000e-09  1.22223825e-01  1.60850000e-09  1.22332675e+00  1.60850000e-09  0.00000000e+00 
 1.60950000e-09  1.24220198e-01  1.60950000e-09  1.22349113e+00  1.60950000e-09  0.00000000e+00 
 1.61050000e-09  1.26224383e-01  1.61050000e-09  1.22365394e+00  1.61050000e-09  0.00000000e+00 
 1.61150000e-09  1.28236478e-01  1.61150000e-09  1.22381543e+00  1.61150000e-09  0.00000000e+00 
 1.61250000e-09  1.30256717e-01  1.61250000e-09  1.22397582e+00  1.61250000e-09  0.00000000e+00 
 1.61350000e-09  1.32285216e-01  1.61350000e-09  1.22413533e+00  1.61350000e-09  0.00000000e+00 
 1.61450000e-09  1.34322208e-01  1.61450000e-09  1.22429418e+00  1.61450000e-09  0.00000000e+00 
 1.61550000e-09  1.36367830e-01  1.61550000e-09  1.22445257e+00  1.61550000e-09  0.00000000e+00 
 1.61650000e-09  1.38422313e-01  1.61650000e-09  1.22461069e+00  1.61650000e-09  0.00000000e+00 
 1.61750000e-09  1.40485815e-01  1.61750000e-09  1.22476875e+00  1.61750000e-09  0.00000000e+00 
 1.61850000e-09  1.42558571e-01  1.61850000e-09  1.22492692e+00  1.61850000e-09  0.00000000e+00 
 1.61950000e-09  1.44640758e-01  1.61950000e-09  1.22508540e+00  1.61950000e-09  0.00000000e+00 
 1.62050000e-09  1.46732617e-01  1.62050000e-09  1.22524435e+00  1.62050000e-09  0.00000000e+00 
 1.62150000e-09  1.48834343e-01  1.62150000e-09  1.22540396e+00  1.62150000e-09  0.00000000e+00 
 1.62250000e-09  1.50946187e-01  1.62250000e-09  1.22556438e+00  1.62250000e-09  0.00000000e+00 
 1.62350000e-09  1.53068361e-01  1.62350000e-09  1.22572580e+00  1.62350000e-09  0.00000000e+00 
 1.62450000e-09  1.55201127e-01  1.62450000e-09  1.22588837e+00  1.62450000e-09  0.00000000e+00 
 1.62550000e-09  1.57344717e-01  1.62550000e-09  1.22605226e+00  1.62550000e-09  0.00000000e+00 
 1.62650000e-09  1.59499404e-01  1.62650000e-09  1.22621763e+00  1.62650000e-09  0.00000000e+00 
 1.62750000e-09  1.61665436e-01  1.62750000e-09  1.22638463e+00  1.62750000e-09  0.00000000e+00 
 1.62850000e-09  1.63843102e-01  1.62850000e-09  1.22655343e+00  1.62850000e-09  0.00000000e+00 
 1.62950000e-09  1.66032668e-01  1.62950000e-09  1.22672417e+00  1.62950000e-09  0.00000000e+00 
 1.63050000e-09  1.68234436e-01  1.63050000e-09  1.22689702e+00  1.63050000e-09  0.00000000e+00 
 1.63150000e-09  1.70448692e-01  1.63150000e-09  1.22707212e+00  1.63150000e-09  0.00000000e+00 
 1.63250000e-09  1.72675750e-01  1.63250000e-09  1.22724962e+00  1.63250000e-09  0.00000000e+00 
 1.63350000e-09  1.74915916e-01  1.63350000e-09  1.22742969e+00  1.63350000e-09  0.00000000e+00 
 1.63450000e-09  1.77169518e-01  1.63450000e-09  1.22761246e+00  1.63450000e-09  0.00000000e+00 
 1.63550000e-09  1.79436880e-01  1.63550000e-09  1.22779810e+00  1.63550000e-09  0.00000000e+00 
 1.63650000e-09  1.81718345e-01  1.63650000e-09  1.22798674e+00  1.63650000e-09  0.00000000e+00 
 1.63750000e-09  1.84014253e-01  1.63750000e-09  1.22817854e+00  1.63750000e-09  0.00000000e+00 
 1.63850000e-09  1.86324962e-01  1.63850000e-09  1.22837364e+00  1.63850000e-09  0.00000000e+00 
 1.63950000e-09  1.88650826e-01  1.63950000e-09  1.22857220e+00  1.63950000e-09  0.00000000e+00 
 1.64050000e-09  1.90992217e-01  1.64050000e-09  1.22877435e+00  1.64050000e-09  0.00000000e+00 
 1.64150000e-09  1.93349505e-01  1.64150000e-09  1.22898023e+00  1.64150000e-09  0.00000000e+00 
 1.64250000e-09  1.95723071e-01  1.64250000e-09  1.22919000e+00  1.64250000e-09  0.00000000e+00 
 1.64350000e-09  1.98113296e-01  1.64350000e-09  1.22940378e+00  1.64350000e-09  0.00000000e+00 
 1.64450000e-09  2.00520573e-01  1.64450000e-09  1.22962173e+00  1.64450000e-09  0.00000000e+00 
 1.64550000e-09  2.02946431e-01  1.64550000e-09  1.22984505e+00  1.64550000e-09  0.00000000e+00 
 1.64650000e-09  2.05390757e-01  1.64650000e-09  1.23007356e+00  1.64650000e-09  0.00000000e+00 
 1.64750000e-09  2.07853105e-01  1.64750000e-09  1.23030611e+00  1.64750000e-09  0.00000000e+00 
 1.64850000e-09  2.10334217e-01  1.64850000e-09  1.23054316e+00  1.64850000e-09  0.00000000e+00 
 1.64950000e-09  2.12834352e-01  1.64950000e-09  1.23078489e+00  1.64950000e-09  0.00000000e+00 
 1.65050000e-09  2.15353995e-01  1.65050000e-09  1.23103148e+00  1.65050000e-09  0.00000000e+00 
 1.65150000e-09  2.17893465e-01  1.65150000e-09  1.23128302e+00  1.65150000e-09  0.00000000e+00 
 1.65250000e-09  2.20453196e-01  1.65250000e-09  1.23153963e+00  1.65250000e-09  0.00000000e+00 
 1.65350000e-09  2.23033532e-01  1.65350000e-09  1.23180139e+00  1.65350000e-09  0.00000000e+00 
 1.65450000e-09  2.25634868e-01  1.65450000e-09  1.23206839e+00  1.65450000e-09  0.00000000e+00 
 1.65550000e-09  2.28257547e-01  1.65550000e-09  1.23234070e+00  1.65550000e-09  0.00000000e+00 
 1.65650000e-09  2.30901934e-01  1.65650000e-09  1.23261837e+00  1.65650000e-09  0.00000000e+00 
 1.65750000e-09  2.33568353e-01  1.65750000e-09  1.23290145e+00  1.65750000e-09  0.00000000e+00 
 1.65850000e-09  2.36257133e-01  1.65850000e-09  1.23318998e+00  1.65850000e-09  0.00000000e+00 
 1.65950000e-09  2.38968570e-01  1.65950000e-09  1.23348397e+00  1.65950000e-09  0.00000000e+00 
 1.66050000e-09  2.41702950e-01  1.66050000e-09  1.23378342e+00  1.66050000e-09  0.00000000e+00 
 1.66150000e-09  2.44460530e-01  1.66150000e-09  1.23408833e+00  1.66150000e-09  0.00000000e+00 
 1.66250000e-09  2.47241547e-01  1.66250000e-09  1.23439866e+00  1.66250000e-09  0.00000000e+00 
 1.66350000e-09  2.50046211e-01  1.66350000e-09  1.23471438e+00  1.66350000e-09  0.00000000e+00 
 1.66450000e-09  2.52874704e-01  1.66450000e-09  1.23503541e+00  1.66450000e-09  0.00000000e+00 
 1.66550000e-09  2.55727177e-01  1.66550000e-09  1.23536169e+00  1.66550000e-09  0.00000000e+00 
 1.66650000e-09  2.58603755e-01  1.66650000e-09  1.23569312e+00  1.66650000e-09  0.00000000e+00 
 1.66750000e-09  2.61504527e-01  1.66750000e-09  1.23602957e+00  1.66750000e-09  0.00000000e+00 
 1.66850000e-09  2.64429552e-01  1.66850000e-09  1.23637093e+00  1.66850000e-09  0.00000000e+00 
 1.66950000e-09  2.67378853e-01  1.66950000e-09  1.23671705e+00  1.66950000e-09  0.00000000e+00 
 1.67050000e-09  2.70352423e-01  1.67050000e-09  1.23706776e+00  1.67050000e-09  0.00000000e+00 
 1.67150000e-09  2.73350219e-01  1.67150000e-09  1.23742289e+00  1.67150000e-09  0.00000000e+00 
 1.67250000e-09  2.76372166e-01  1.67250000e-09  1.23778226e+00  1.67250000e-09  0.00000000e+00 
 1.67350000e-09  2.79418155e-01  1.67350000e-09  1.23814566e+00  1.67350000e-09  0.00000000e+00 
 1.67450000e-09  2.82488046e-01  1.67450000e-09  1.23851287e+00  1.67450000e-09  0.00000000e+00 
 1.67550000e-09  2.85581667e-01  1.67550000e-09  1.23888369e+00  1.67550000e-09  0.00000000e+00 
 1.67650000e-09  2.88698818e-01  1.67650000e-09  1.23925787e+00  1.67650000e-09  0.00000000e+00 
 1.67750000e-09  2.91839270e-01  1.67750000e-09  1.23963519e+00  1.67750000e-09  0.00000000e+00 
 1.67850000e-09  2.95002768e-01  1.67850000e-09  1.24001540e+00  1.67850000e-09  0.00000000e+00 
 1.67950000e-09  2.98189034e-01  1.67950000e-09  1.24039827e+00  1.67950000e-09  0.00000000e+00 
 1.68050000e-09  3.01397766e-01  1.68050000e-09  1.24078354e+00  1.68050000e-09  0.00000000e+00 
 1.68150000e-09  3.04628644e-01  1.68150000e-09  1.24117099e+00  1.68150000e-09  0.00000000e+00 
 1.68250000e-09  3.07881327e-01  1.68250000e-09  1.24156036e+00  1.68250000e-09  0.00000000e+00 
 1.68350000e-09  3.11154563e-01  1.68350000e-09  1.24195058e+00  1.68350000e-09  0.00000000e+00 
 1.68450000e-09  3.14448249e-01  1.68450000e-09  1.24234150e+00  1.68450000e-09  0.00000000e+00 
 1.68550000e-09  3.17762762e-01  1.68550000e-09  1.24273393e+00  1.68550000e-09  0.00000000e+00 
 1.68650000e-09  3.21097508e-01  1.68650000e-09  1.24312759e+00  1.68650000e-09  0.00000000e+00 
 1.68750000e-09  3.24452196e-01  1.68750000e-09  1.24352220e+00  1.68750000e-09  0.00000000e+00 
 1.68850000e-09  3.27826381e-01  1.68850000e-09  1.24391750e+00  1.68850000e-09  0.00000000e+00 
 1.68950000e-09  3.31219704e-01  1.68950000e-09  1.24431330e+00  1.68950000e-09  0.00000000e+00 
 1.69050000e-09  3.34631745e-01  1.69050000e-09  1.24470940e+00  1.69050000e-09  0.00000000e+00 
 1.69150000e-09  3.38062119e-01  1.69150000e-09  1.24510561e+00  1.69150000e-09  0.00000000e+00 
 1.69250000e-09  3.41510416e-01  1.69250000e-09  1.24550177e+00  1.69250000e-09  0.00000000e+00 
 1.69350000e-09  3.44976243e-01  1.69350000e-09  1.24589772e+00  1.69350000e-09  0.00000000e+00 
 1.69450000e-09  3.48459198e-01  1.69450000e-09  1.24629332e+00  1.69450000e-09  0.00000000e+00 
 1.69550000e-09  3.51958890e-01  1.69550000e-09  1.24668843e+00  1.69550000e-09  0.00000000e+00 
 1.69650000e-09  3.55474931e-01  1.69650000e-09  1.24708292e+00  1.69650000e-09  0.00000000e+00 
 1.69750000e-09  3.59006934e-01  1.69750000e-09  1.24747669e+00  1.69750000e-09  0.00000000e+00 
 1.69850000e-09  3.62554526e-01  1.69850000e-09  1.24786961e+00  1.69850000e-09  0.00000000e+00 
 1.69950000e-09  3.66117333e-01  1.69950000e-09  1.24826160e+00  1.69950000e-09  0.00000000e+00 
 1.70050000e-09  3.69694993e-01  1.70050000e-09  1.24865255e+00  1.70050000e-09  0.00000000e+00 
 1.70150000e-09  3.73287148e-01  1.70150000e-09  1.24904240e+00  1.70150000e-09  0.00000000e+00 
 1.70250000e-09  3.76893451e-01  1.70250000e-09  1.24943105e+00  1.70250000e-09  0.00000000e+00 
 1.70350000e-09  3.80514013e-01  1.70350000e-09  1.24981874e+00  1.70350000e-09  0.00000000e+00 
 1.70450000e-09  3.84148432e-01  1.70450000e-09  1.25020551e+00  1.70450000e-09  0.00000000e+00 
 1.70550000e-09  3.87795977e-01  1.70550000e-09  1.25059095e+00  1.70550000e-09  0.00000000e+00 
 1.70650000e-09  3.91456427e-01  1.70650000e-09  1.25097486e+00  1.70650000e-09  0.00000000e+00 
 1.70750000e-09  3.95129409e-01  1.70750000e-09  1.25135721e+00  1.70750000e-09  0.00000000e+00 
 1.70850000e-09  3.98814637e-01  1.70850000e-09  1.25173796e+00  1.70850000e-09  0.00000000e+00 
 1.70950000e-09  4.02511784e-01  1.70950000e-09  1.25211707e+00  1.70950000e-09  0.00000000e+00 
 1.71050000e-09  4.06220558e-01  1.71050000e-09  1.25249448e+00  1.71050000e-09  0.00000000e+00 
 1.71150000e-09  4.09940659e-01  1.71150000e-09  1.25287014e+00  1.71150000e-09  0.00000000e+00 
 1.71250000e-09  4.13671801e-01  1.71250000e-09  1.25324401e+00  1.71250000e-09  0.00000000e+00 
 1.71350000e-09  4.17413702e-01  1.71350000e-09  1.25361601e+00  1.71350000e-09  0.00000000e+00 
 1.71450000e-09  4.21166080e-01  1.71450000e-09  1.25398610e+00  1.71450000e-09  0.00000000e+00 
 1.71550000e-09  4.24928667e-01  1.71550000e-09  1.25435420e+00  1.71550000e-09  0.00000000e+00 
 1.71650000e-09  4.28701186e-01  1.71650000e-09  1.25472025e+00  1.71650000e-09  0.00000000e+00 
 1.71750000e-09  4.32483375e-01  1.71750000e-09  1.25508416e+00  1.71750000e-09  0.00000000e+00 
 1.71850000e-09  4.36274963e-01  1.71850000e-09  1.25544586e+00  1.71850000e-09  0.00000000e+00 
 1.71950000e-09  4.40075690e-01  1.71950000e-09  1.25580525e+00  1.71950000e-09  0.00000000e+00 
 1.72050000e-09  4.43885288e-01  1.72050000e-09  1.25616222e+00  1.72050000e-09  0.00000000e+00 
 1.72150000e-09  4.47703496e-01  1.72150000e-09  1.25651667e+00  1.72150000e-09  0.00000000e+00 
 1.72250000e-09  4.51530047e-01  1.72250000e-09  1.25686847e+00  1.72250000e-09  0.00000000e+00 
 1.72350000e-09  4.55364677e-01  1.72350000e-09  1.25721749e+00  1.72350000e-09  0.00000000e+00 
 1.72450000e-09  4.59207119e-01  1.72450000e-09  1.25756358e+00  1.72450000e-09  0.00000000e+00 
 1.72550000e-09  4.63057105e-01  1.72550000e-09  1.25790657e+00  1.72550000e-09  0.00000000e+00 
 1.72650000e-09  4.66914362e-01  1.72650000e-09  1.25824629e+00  1.72650000e-09  0.00000000e+00 
 1.72750000e-09  4.70778620e-01  1.72750000e-09  1.25858255e+00  1.72750000e-09  0.00000000e+00 
 1.72850000e-09  4.74649601e-01  1.72850000e-09  1.25891515e+00  1.72850000e-09  0.00000000e+00 
 1.72950000e-09  4.78527031e-01  1.72950000e-09  1.25924387e+00  1.72950000e-09  0.00000000e+00 
 1.73050000e-09  4.82410627e-01  1.73050000e-09  1.25956847e+00  1.73050000e-09  0.00000000e+00 
 1.73150000e-09  4.86300110e-01  1.73150000e-09  1.25988870e+00  1.73150000e-09  0.00000000e+00 
 1.73250000e-09  4.90195196e-01  1.73250000e-09  1.26020432e+00  1.73250000e-09  0.00000000e+00 
 1.73350000e-09  4.94095606e-01  1.73350000e-09  1.26051503e+00  1.73350000e-09  0.00000000e+00 
 1.73450000e-09  4.98001056e-01  1.73450000e-09  1.26082055e+00  1.73450000e-09  0.00000000e+00 
 1.73550000e-09  5.01911269e-01  1.73550000e-09  1.26112059e+00  1.73550000e-09  0.00000000e+00 
 1.73650000e-09  5.05825967e-01  1.73650000e-09  1.26141484e+00  1.73650000e-09  0.00000000e+00 
 1.73750000e-09  5.09744903e-01  1.73750000e-09  1.26170352e+00  1.73750000e-09  0.00000000e+00 
 1.73850000e-09  5.13667809e-01  1.73850000e-09  1.26198577e+00  1.73850000e-09  0.00000000e+00 
 1.73950000e-09  5.17594221e-01  1.73950000e-09  1.26226075e+00  1.73950000e-09  0.00000000e+00 
 1.74050000e-09  5.21523960e-01  1.74050000e-09  1.26252865e+00  1.74050000e-09  0.00000000e+00 
 1.74150000e-09  5.25456892e-01  1.74150000e-09  1.26278913e+00  1.74150000e-09  0.00000000e+00 
 1.74250000e-09  5.29392755e-01  1.74250000e-09  1.26304190e+00  1.74250000e-09  0.00000000e+00 
 1.74350000e-09  5.33331404e-01  1.74350000e-09  1.26328663e+00  1.74350000e-09  0.00000000e+00 
 1.74450000e-09  5.37272645e-01  1.74450000e-09  1.26352303e+00  1.74450000e-09  0.00000000e+00 
 1.74550000e-09  5.41216352e-01  1.74550000e-09  1.26375081e+00  1.74550000e-09  0.00000000e+00 
 1.74650000e-09  5.45162392e-01  1.74650000e-09  1.26396969e+00  1.74650000e-09  0.00000000e+00 
 1.74750000e-09  5.49110680e-01  1.74750000e-09  1.26417942e+00  1.74750000e-09  0.00000000e+00 
 1.74850000e-09  5.53061144e-01  1.74850000e-09  1.26437974e+00  1.74850000e-09  0.00000000e+00 
 1.74950000e-09  5.57013752e-01  1.74950000e-09  1.26457043e+00  1.74950000e-09  0.00000000e+00 
 1.75050000e-09  5.60968500e-01  1.75050000e-09  1.26475129e+00  1.75050000e-09  0.00000000e+00 
 1.75150000e-09  5.64925418e-01  1.75150000e-09  1.26492212e+00  1.75150000e-09  0.00000000e+00 
 1.75250000e-09  5.68884569e-01  1.75250000e-09  1.26508278e+00  1.75250000e-09  0.00000000e+00 
 1.75350000e-09  5.72846053e-01  1.75350000e-09  1.26523311e+00  1.75350000e-09  0.00000000e+00 
 1.75450000e-09  5.76810003e-01  1.75450000e-09  1.26537299e+00  1.75450000e-09  0.00000000e+00 
 1.75550000e-09  5.80776586e-01  1.75550000e-09  1.26550231e+00  1.75550000e-09  0.00000000e+00 
 1.75650000e-09  5.84746006e-01  1.75650000e-09  1.26562100e+00  1.75650000e-09  0.00000000e+00 
 1.75750000e-09  5.88718498e-01  1.75750000e-09  1.26572898e+00  1.75750000e-09  0.00000000e+00 
 1.75850000e-09  5.92694332e-01  1.75850000e-09  1.26582620e+00  1.75850000e-09  0.00000000e+00 
 1.75950000e-09  5.96673807e-01  1.75950000e-09  1.26591262e+00  1.75950000e-09  0.00000000e+00 
 1.76050000e-09  6.00657257e-01  1.76050000e-09  1.26598822e+00  1.76050000e-09  0.00000000e+00 
 1.76150000e-09  6.04645042e-01  1.76150000e-09  1.26605299e+00  1.76150000e-09  0.00000000e+00 
 1.76250000e-09  6.08637553e-01  1.76250000e-09  1.26610691e+00  1.76250000e-09  0.00000000e+00 
 1.76350000e-09  6.12635797e-01  1.76350000e-09  1.26614915e+00  1.76350000e-09  0.00000000e+00 
 1.76450000e-09  6.16639859e-01  1.76450000e-09  1.26618042e+00  1.76450000e-09  0.00000000e+00 
 1.76550000e-09  6.20649990e-01  1.76550000e-09  1.26620168e+00  1.76550000e-09  0.00000000e+00 
 1.76650000e-09  6.24666863e-01  1.76650000e-09  1.26621229e+00  1.76650000e-09  0.00000000e+00 
 1.76750000e-09  6.28690801e-01  1.76750000e-09  1.26621214e+00  1.76750000e-09  0.00000000e+00 
 1.76850000e-09  6.32722480e-01  1.76850000e-09  1.26620130e+00  1.76850000e-09  0.00000000e+00 
 1.76950000e-09  6.36762361e-01  1.76950000e-09  1.26617978e+00  1.76950000e-09  0.00000000e+00 
 1.77050000e-09  6.40811075e-01  1.77050000e-09  1.26614759e+00  1.77050000e-09  0.00000000e+00 
 1.77150000e-09  6.44869163e-01  1.77150000e-09  1.26610477e+00  1.77150000e-09  0.00000000e+00 
 1.77250000e-09  6.48937258e-01  1.77250000e-09  1.26605133e+00  1.77250000e-09  0.00000000e+00 
 1.77350000e-09  6.53015955e-01  1.77350000e-09  1.26598729e+00  1.77350000e-09  0.00000000e+00 
 1.77450000e-09  6.57105900e-01  1.77450000e-09  1.26591267e+00  1.77450000e-09  0.00000000e+00 
 1.77550000e-09  6.61207725e-01  1.77550000e-09  1.26582749e+00  1.77550000e-09  0.00000000e+00 
 1.77650000e-09  6.65322088e-01  1.77650000e-09  1.26573173e+00  1.77650000e-09  0.00000000e+00 
 1.77750000e-09  6.69449644e-01  1.77750000e-09  1.26562541e+00  1.77750000e-09  0.00000000e+00 
 1.77850000e-09  6.73591060e-01  1.77850000e-09  1.26550851e+00  1.77850000e-09  0.00000000e+00 
 1.77950000e-09  6.77747002e-01  1.77950000e-09  1.26538102e+00  1.77950000e-09  0.00000000e+00 
 1.78050000e-09  6.81918138e-01  1.78050000e-09  1.26524291e+00  1.78050000e-09  0.00000000e+00 
 1.78150000e-09  6.86105132e-01  1.78150000e-09  1.26509414e+00  1.78150000e-09  0.00000000e+00 
 1.78250000e-09  6.90308641e-01  1.78250000e-09  1.26493469e+00  1.78250000e-09  0.00000000e+00 
 1.78350000e-09  6.94529314e-01  1.78350000e-09  1.26476447e+00  1.78350000e-09  0.00000000e+00 
 1.78450000e-09  6.98767787e-01  1.78450000e-09  1.26458344e+00  1.78450000e-09  0.00000000e+00 
 1.78550000e-09  7.03024678e-01  1.78550000e-09  1.26439149e+00  1.78550000e-09  0.00000000e+00 
 1.78650000e-09  7.07300581e-01  1.78650000e-09  1.26418855e+00  1.78650000e-09  0.00000000e+00 
 1.78750000e-09  7.11596071e-01  1.78750000e-09  1.26397449e+00  1.78750000e-09  0.00000000e+00 
 1.78850000e-09  7.15911684e-01  1.78850000e-09  1.26374919e+00  1.78850000e-09  0.00000000e+00 
 1.78950000e-09  7.20247928e-01  1.78950000e-09  1.26351251e+00  1.78950000e-09  0.00000000e+00 
 1.79050000e-09  7.24605266e-01  1.79050000e-09  1.26326429e+00  1.79050000e-09  0.00000000e+00 
 1.79150000e-09  7.28984119e-01  1.79150000e-09  1.26300435e+00  1.79150000e-09  0.00000000e+00 
 1.79250000e-09  7.33384856e-01  1.79250000e-09  1.26273250e+00  1.79250000e-09  0.00000000e+00 
 1.79350000e-09  7.37807793e-01  1.79350000e-09  1.26244853e+00  1.79350000e-09  0.00000000e+00 
 1.79450000e-09  7.42253184e-01  1.79450000e-09  1.26215223e+00  1.79450000e-09  0.00000000e+00 
 1.79550000e-09  7.46721220e-01  1.79550000e-09  1.26184333e+00  1.79550000e-09  0.00000000e+00 
 1.79650000e-09  7.51212022e-01  1.79650000e-09  1.26152160e+00  1.79650000e-09  0.00000000e+00 
 1.79750000e-09  7.55725638e-01  1.79750000e-09  1.26118676e+00  1.79750000e-09  0.00000000e+00 
 1.79850000e-09  7.60262039e-01  1.79850000e-09  1.26083853e+00  1.79850000e-09  0.00000000e+00 
 1.79950000e-09  7.64821115e-01  1.79950000e-09  1.26047660e+00  1.79950000e-09  0.00000000e+00 
 1.80050000e-09  7.69402671e-01  1.80050000e-09  1.26010068e+00  1.80050000e-09  0.00000000e+00 
 1.80150000e-09  7.74006426e-01  1.80150000e-09  1.25971043e+00  1.80150000e-09  0.00000000e+00 
 1.80250000e-09  7.78632008e-01  1.80250000e-09  1.25930554e+00  1.80250000e-09  0.00000000e+00 
 1.80350000e-09  7.83278955e-01  1.80350000e-09  1.25888566e+00  1.80350000e-09  0.00000000e+00 
 1.80450000e-09  7.87946709e-01  1.80450000e-09  1.25845045e+00  1.80450000e-09  0.00000000e+00 
 1.80550000e-09  7.92634621e-01  1.80550000e-09  1.25799955e+00  1.80550000e-09  0.00000000e+00 
 1.80650000e-09  7.97341943e-01  1.80650000e-09  1.25753261e+00  1.80650000e-09  0.00000000e+00 
 1.80750000e-09  8.02067833e-01  1.80750000e-09  1.25704926e+00  1.80750000e-09  0.00000000e+00 
 1.80850000e-09  8.06811354e-01  1.80850000e-09  1.25654914e+00  1.80850000e-09  0.00000000e+00 
 1.80950000e-09  8.11571470e-01  1.80950000e-09  1.25603188e+00  1.80950000e-09  0.00000000e+00 
 1.81050000e-09  8.16347054e-01  1.81050000e-09  1.25549711e+00  1.81050000e-09  0.00000000e+00 
 1.81150000e-09  8.21136883e-01  1.81150000e-09  1.25494445e+00  1.81150000e-09  0.00000000e+00 
 1.81250000e-09  8.25939640e-01  1.81250000e-09  1.25437355e+00  1.81250000e-09  0.00000000e+00 
 1.81350000e-09  8.30753920e-01  1.81350000e-09  1.25378405e+00  1.81350000e-09  0.00000000e+00 
 1.81450000e-09  8.35578229e-01  1.81450000e-09  1.25317559e+00  1.81450000e-09  0.00000000e+00 
 1.81550000e-09  8.40410986e-01  1.81550000e-09  1.25254786e+00  1.81550000e-09  0.00000000e+00 
 1.81650000e-09  8.45250530e-01  1.81650000e-09  1.25190054e+00  1.81650000e-09  0.00000000e+00 
 1.81750000e-09  8.50095121e-01  1.81750000e-09  1.25123336e+00  1.81750000e-09  0.00000000e+00 
 1.81850000e-09  8.54942945e-01  1.81850000e-09  1.25054609e+00  1.81850000e-09  0.00000000e+00 
 1.81950000e-09  8.59792120e-01  1.81950000e-09  1.24983855e+00  1.81950000e-09  0.00000000e+00 
 1.82050000e-09  8.64640700e-01  1.82050000e-09  1.24911061e+00  1.82050000e-09  0.00000000e+00 
 1.82150000e-09  8.69486678e-01  1.82150000e-09  1.24836224e+00  1.82150000e-09  0.00000000e+00 
 1.82250000e-09  8.74327997e-01  1.82250000e-09  1.24759347e+00  1.82250000e-09  0.00000000e+00 
 1.82350000e-09  8.79162551e-01  1.82350000e-09  1.24680444e+00  1.82350000e-09  0.00000000e+00 
 1.82450000e-09  8.83988191e-01  1.82450000e-09  1.24599538e+00  1.82450000e-09  0.00000000e+00 
 1.82550000e-09  8.88802736e-01  1.82550000e-09  1.24516665e+00  1.82550000e-09  0.00000000e+00 
 1.82650000e-09  8.93603977e-01  1.82650000e-09  1.24431871e+00  1.82650000e-09  0.00000000e+00 
 1.82750000e-09  8.98389684e-01  1.82750000e-09  1.24345215e+00  1.82750000e-09  0.00000000e+00 
 1.82850000e-09  9.03157623e-01  1.82850000e-09  1.24256766e+00  1.82850000e-09  0.00000000e+00 
 1.82950000e-09  9.07905559e-01  1.82950000e-09  1.24166605e+00  1.82950000e-09  0.00000000e+00 
 1.83050000e-09  9.12631274e-01  1.83050000e-09  1.24074823e+00  1.83050000e-09  0.00000000e+00 
 1.83150000e-09  9.17332577e-01  1.83150000e-09  1.23981519e+00  1.83150000e-09  0.00000000e+00 
 1.83250000e-09  9.22007317e-01  1.83250000e-09  1.23886799e+00  1.83250000e-09  0.00000000e+00 
 1.83350000e-09  9.26653397e-01  1.83350000e-09  1.23790775e+00  1.83350000e-09  0.00000000e+00 
 1.83450000e-09  9.31268783e-01  1.83450000e-09  1.23693563e+00  1.83450000e-09  0.00000000e+00 
 1.83550000e-09  9.35851517e-01  1.83550000e-09  1.23595282e+00  1.83550000e-09  0.00000000e+00 
 1.83650000e-09  9.40399722e-01  1.83650000e-09  1.23496052e+00  1.83650000e-09  0.00000000e+00 
 1.83750000e-09  9.44911612e-01  1.83750000e-09  1.23395994e+00  1.83750000e-09  0.00000000e+00 
 1.83850000e-09  9.49385493e-01  1.83850000e-09  1.23295226e+00  1.83850000e-09  0.00000000e+00 
 1.83950000e-09  9.53819769e-01  1.83950000e-09  1.23193867e+00  1.83950000e-09  0.00000000e+00 
 1.84050000e-09  9.58212945e-01  1.84050000e-09  1.23092031e+00  1.84050000e-09  0.00000000e+00 
 1.84150000e-09  9.62563622e-01  1.84150000e-09  1.22989831e+00  1.84150000e-09  0.00000000e+00 
 1.84250000e-09  9.66870503e-01  1.84250000e-09  1.22887375e+00  1.84250000e-09  0.00000000e+00 
 1.84350000e-09  9.71132385e-01  1.84350000e-09  1.22784769e+00  1.84350000e-09  0.00000000e+00 
 1.84450000e-09  9.75348164e-01  1.84450000e-09  1.22682115e+00  1.84450000e-09  0.00000000e+00 
 1.84550000e-09  9.79516827e-01  1.84550000e-09  1.22579509e+00  1.84550000e-09  0.00000000e+00 
 1.84650000e-09  9.83637450e-01  1.84650000e-09  1.22477046e+00  1.84650000e-09  0.00000000e+00 
 1.84750000e-09  9.87709200e-01  1.84750000e-09  1.22374814e+00  1.84750000e-09  0.00000000e+00 
 1.84850000e-09  9.91731325e-01  1.84850000e-09  1.22272901e+00  1.84850000e-09  0.00000000e+00 
 1.84950000e-09  9.95703153e-01  1.84950000e-09  1.22171388e+00  1.84950000e-09  0.00000000e+00 
 1.85050000e-09  9.99624093e-01  1.85050000e-09  1.22070353e+00  1.85050000e-09  0.00000000e+00 
 1.85150000e-09  1.00349363e+00  1.85150000e-09  1.21969871e+00  1.85150000e-09  0.00000000e+00 
 1.85250000e-09  1.00731130e+00  1.85250000e-09  1.21870012e+00  1.85250000e-09  0.00000000e+00 
 1.85350000e-09  1.01107674e+00  1.85350000e-09  1.21770842e+00  1.85350000e-09  0.00000000e+00 
 1.85450000e-09  1.01478963e+00  1.85450000e-09  1.21672427e+00  1.85450000e-09  0.00000000e+00 
 1.85550000e-09  1.01845061e+00  1.85550000e-09  1.21574886e+00  1.85550000e-09  0.00000000e+00 
 1.85650000e-09  1.02205858e+00  1.85650000e-09  1.21478230e+00  1.85650000e-09  0.00000000e+00 
 1.85750000e-09  1.02561295e+00  1.85750000e-09  1.21382451e+00  1.85750000e-09  0.00000000e+00 
 1.85850000e-09  1.02911409e+00  1.85850000e-09  1.21287639e+00  1.85850000e-09  0.00000000e+00 
 1.85950000e-09  1.03256186e+00  1.85950000e-09  1.21193837e+00  1.85950000e-09  0.00000000e+00 
 1.86050000e-09  1.03595639e+00  1.86050000e-09  1.21101095e+00  1.86050000e-09  0.00000000e+00 
 1.86150000e-09  1.03929765e+00  1.86150000e-09  1.21009454e+00  1.86150000e-09  0.00000000e+00 
 1.86250000e-09  1.04258582e+00  1.86250000e-09  1.20918954e+00  1.86250000e-09  0.00000000e+00 
 1.86350000e-09  1.04582097e+00  1.86350000e-09  1.20829631e+00  1.86350000e-09  0.00000000e+00 
 1.86450000e-09  1.04900333e+00  1.86450000e-09  1.20741519e+00  1.86450000e-09  0.00000000e+00 
 1.86550000e-09  1.05213307e+00  1.86550000e-09  1.20654647e+00  1.86550000e-09  0.00000000e+00 
 1.86650000e-09  1.05521047e+00  1.86650000e-09  1.20569046e+00  1.86650000e-09  0.00000000e+00 
 1.86750000e-09  1.05823579e+00  1.86750000e-09  1.20484741e+00  1.86750000e-09  0.00000000e+00 
 1.86850000e-09  1.06120935e+00  1.86850000e-09  1.20401755e+00  1.86850000e-09  0.00000000e+00 
 1.86950000e-09  1.06413147e+00  1.86950000e-09  1.20320109e+00  1.86950000e-09  0.00000000e+00 
 1.87050000e-09  1.06700252e+00  1.87050000e-09  1.20239823e+00  1.87050000e-09  0.00000000e+00 
 1.87150000e-09  1.06982288e+00  1.87150000e-09  1.20160912e+00  1.87150000e-09  0.00000000e+00 
 1.87250000e-09  1.07259297e+00  1.87250000e-09  1.20083393e+00  1.87250000e-09  0.00000000e+00 
 1.87350000e-09  1.07531320e+00  1.87350000e-09  1.20007278e+00  1.87350000e-09  0.00000000e+00 
 1.87450000e-09  1.07798403e+00  1.87450000e-09  1.19932577e+00  1.87450000e-09  0.00000000e+00 
 1.87550000e-09  1.08060592e+00  1.87550000e-09  1.19859300e+00  1.87550000e-09  0.00000000e+00 
 1.87650000e-09  1.08317935e+00  1.87650000e-09  1.19787454e+00  1.87650000e-09  0.00000000e+00 
 1.87750000e-09  1.08570482e+00  1.87750000e-09  1.19717045e+00  1.87750000e-09  0.00000000e+00 
 1.87850000e-09  1.08818284e+00  1.87850000e-09  1.19648076e+00  1.87850000e-09  0.00000000e+00 
 1.87950000e-09  1.09061393e+00  1.87950000e-09  1.19580551e+00  1.87950000e-09  0.00000000e+00 
 1.88050000e-09  1.09299862e+00  1.88050000e-09  1.19514471e+00  1.88050000e-09  0.00000000e+00 
 1.88150000e-09  1.09533746e+00  1.88150000e-09  1.19449834e+00  1.88150000e-09  0.00000000e+00 
 1.88250000e-09  1.09763101e+00  1.88250000e-09  1.19386640e+00  1.88250000e-09  0.00000000e+00 
 1.88350000e-09  1.09987982e+00  1.88350000e-09  1.19324886e+00  1.88350000e-09  0.00000000e+00 
 1.88450000e-09  1.10208446e+00  1.88450000e-09  1.19264567e+00  1.88450000e-09  0.00000000e+00 
 1.88550000e-09  1.10424551e+00  1.88550000e-09  1.19205678e+00  1.88550000e-09  0.00000000e+00 
 1.88650000e-09  1.10636356e+00  1.88650000e-09  1.19148212e+00  1.88650000e-09  0.00000000e+00 
 1.88750000e-09  1.10843918e+00  1.88750000e-09  1.19092164e+00  1.88750000e-09  0.00000000e+00 
 1.88850000e-09  1.11047296e+00  1.88850000e-09  1.19037523e+00  1.88850000e-09  0.00000000e+00 
 1.88950000e-09  1.11246550e+00  1.88950000e-09  1.18984281e+00  1.88950000e-09  0.00000000e+00 
 1.89050000e-09  1.11441740e+00  1.89050000e-09  1.18932428e+00  1.89050000e-09  0.00000000e+00 
 1.89150000e-09  1.11632924e+00  1.89150000e-09  1.18881953e+00  1.89150000e-09  0.00000000e+00 
 1.89250000e-09  1.11820163e+00  1.89250000e-09  1.18832844e+00  1.89250000e-09  0.00000000e+00 
 1.89350000e-09  1.12003517e+00  1.89350000e-09  1.18785089e+00  1.89350000e-09  0.00000000e+00 
 1.89450000e-09  1.12183045e+00  1.89450000e-09  1.18738676e+00  1.89450000e-09  0.00000000e+00 
 1.89550000e-09  1.12358807e+00  1.89550000e-09  1.18693589e+00  1.89550000e-09  0.00000000e+00 
 1.89650000e-09  1.12530864e+00  1.89650000e-09  1.18649816e+00  1.89650000e-09  0.00000000e+00 
 1.89750000e-09  1.12699274e+00  1.89750000e-09  1.18607342e+00  1.89750000e-09  0.00000000e+00 
 1.89850000e-09  1.12864096e+00  1.89850000e-09  1.18566151e+00  1.89850000e-09  0.00000000e+00 
 1.89950000e-09  1.13025391e+00  1.89950000e-09  1.18526228e+00  1.89950000e-09  0.00000000e+00 
 1.90050000e-09  1.13183216e+00  1.90050000e-09  1.18487556e+00  1.90050000e-09  0.00000000e+00 
 1.90150000e-09  1.13337631e+00  1.90150000e-09  1.18450121e+00  1.90150000e-09  0.00000000e+00 
 1.90250000e-09  1.13488693e+00  1.90250000e-09  1.18413903e+00  1.90250000e-09  0.00000000e+00 
 1.90350000e-09  1.13636460e+00  1.90350000e-09  1.18378888e+00  1.90350000e-09  0.00000000e+00 
 1.90450000e-09  1.13780990e+00  1.90450000e-09  1.18345057e+00  1.90450000e-09  0.00000000e+00 
 1.90550000e-09  1.13922340e+00  1.90550000e-09  1.18312393e+00  1.90550000e-09  0.00000000e+00 
 1.90650000e-09  1.14060565e+00  1.90650000e-09  1.18280878e+00  1.90650000e-09  0.00000000e+00 
 1.90750000e-09  1.14195723e+00  1.90750000e-09  1.18250494e+00  1.90750000e-09  0.00000000e+00 
 1.90850000e-09  1.14327868e+00  1.90850000e-09  1.18221224e+00  1.90850000e-09  0.00000000e+00 
 1.90950000e-09  1.14457056e+00  1.90950000e-09  1.18193048e+00  1.90950000e-09  0.00000000e+00 
 1.91050000e-09  1.14583340e+00  1.91050000e-09  1.18165949e+00  1.91050000e-09  0.00000000e+00 
 1.91150000e-09  1.14706776e+00  1.91150000e-09  1.18139908e+00  1.91150000e-09  0.00000000e+00 
 1.91250000e-09  1.14827416e+00  1.91250000e-09  1.18114907e+00  1.91250000e-09  0.00000000e+00 
 1.91350000e-09  1.14945312e+00  1.91350000e-09  1.18090928e+00  1.91350000e-09  0.00000000e+00 
 1.91450000e-09  1.15060517e+00  1.91450000e-09  1.18067951e+00  1.91450000e-09  0.00000000e+00 
 1.91550000e-09  1.15173083e+00  1.91550000e-09  1.18045958e+00  1.91550000e-09  0.00000000e+00 
 1.91650000e-09  1.15283060e+00  1.91650000e-09  1.18024931e+00  1.91650000e-09  0.00000000e+00 
 1.91750000e-09  1.15390498e+00  1.91750000e-09  1.18004851e+00  1.91750000e-09  0.00000000e+00 
 1.91850000e-09  1.15495448e+00  1.91850000e-09  1.17985700e+00  1.91850000e-09  0.00000000e+00 
 1.91950000e-09  1.15597957e+00  1.91950000e-09  1.17967460e+00  1.91950000e-09  0.00000000e+00 
 1.92050000e-09  1.15698075e+00  1.92050000e-09  1.17950111e+00  1.92050000e-09  0.00000000e+00 
 1.92150000e-09  1.15795848e+00  1.92150000e-09  1.17933636e+00  1.92150000e-09  0.00000000e+00 
 1.92250000e-09  1.15891324e+00  1.92250000e-09  1.17918017e+00  1.92250000e-09  0.00000000e+00 
 1.92350000e-09  1.15984549e+00  1.92350000e-09  1.17903236e+00  1.92350000e-09  0.00000000e+00 
 1.92450000e-09  1.16075569e+00  1.92450000e-09  1.17889275e+00  1.92450000e-09  0.00000000e+00 
 1.92550000e-09  1.16164428e+00  1.92550000e-09  1.17876116e+00  1.92550000e-09  0.00000000e+00 
 1.92650000e-09  1.16251171e+00  1.92650000e-09  1.17863741e+00  1.92650000e-09  0.00000000e+00 
 1.92750000e-09  1.16335842e+00  1.92750000e-09  1.17852133e+00  1.92750000e-09  0.00000000e+00 
 1.92850000e-09  1.16418482e+00  1.92850000e-09  1.17841276e+00  1.92850000e-09  0.00000000e+00 
 1.92950000e-09  1.16499136e+00  1.92950000e-09  1.17831150e+00  1.92950000e-09  0.00000000e+00 
 1.93050000e-09  1.16577843e+00  1.93050000e-09  1.17821741e+00  1.93050000e-09  0.00000000e+00 
 1.93150000e-09  1.16654646e+00  1.93150000e-09  1.17813030e+00  1.93150000e-09  0.00000000e+00 
 1.93250000e-09  1.16729584e+00  1.93250000e-09  1.17805002e+00  1.93250000e-09  0.00000000e+00 
 1.93350000e-09  1.16802697e+00  1.93350000e-09  1.17797640e+00  1.93350000e-09  0.00000000e+00 
 1.93450000e-09  1.16874024e+00  1.93450000e-09  1.17790927e+00  1.93450000e-09  0.00000000e+00 
 1.93550000e-09  1.16943602e+00  1.93550000e-09  1.17784848e+00  1.93550000e-09  0.00000000e+00 
 1.93650000e-09  1.17011471e+00  1.93650000e-09  1.17779387e+00  1.93650000e-09  0.00000000e+00 
 1.93750000e-09  1.17077666e+00  1.93750000e-09  1.17774528e+00  1.93750000e-09  0.00000000e+00 
 1.93850000e-09  1.17142224e+00  1.93850000e-09  1.17770257e+00  1.93850000e-09  0.00000000e+00 
 1.93950000e-09  1.17205181e+00  1.93950000e-09  1.17766557e+00  1.93950000e-09  0.00000000e+00 
 1.94050000e-09  1.17266572e+00  1.94050000e-09  1.17763414e+00  1.94050000e-09  0.00000000e+00 
 1.94150000e-09  1.17326431e+00  1.94150000e-09  1.17760813e+00  1.94150000e-09  0.00000000e+00 
 1.94250000e-09  1.17384793e+00  1.94250000e-09  1.17758740e+00  1.94250000e-09  0.00000000e+00 
 1.94350000e-09  1.17441689e+00  1.94350000e-09  1.17757180e+00  1.94350000e-09  0.00000000e+00 
 1.94450000e-09  1.17497154e+00  1.94450000e-09  1.17756120e+00  1.94450000e-09  0.00000000e+00 
 1.94550000e-09  1.17551218e+00  1.94550000e-09  1.17755544e+00  1.94550000e-09  0.00000000e+00 
 1.94650000e-09  1.17603914e+00  1.94650000e-09  1.17755441e+00  1.94650000e-09  0.00000000e+00 
 1.94750000e-09  1.17655272e+00  1.94750000e-09  1.17755796e+00  1.94750000e-09  0.00000000e+00 
 1.94850000e-09  1.17705322e+00  1.94850000e-09  1.17756597e+00  1.94850000e-09  0.00000000e+00 
 1.94950000e-09  1.17754095e+00  1.94950000e-09  1.17757830e+00  1.94950000e-09  0.00000000e+00 
 1.95050000e-09  1.17801619e+00  1.95050000e-09  1.17759482e+00  1.95050000e-09  0.00000000e+00 
 1.95150000e-09  1.17847922e+00  1.95150000e-09  1.17761542e+00  1.95150000e-09  0.00000000e+00 
 1.95250000e-09  1.17893034e+00  1.95250000e-09  1.17763996e+00  1.95250000e-09  0.00000000e+00 
 1.95350000e-09  1.17936980e+00  1.95350000e-09  1.17766834e+00  1.95350000e-09  0.00000000e+00 
 1.95450000e-09  1.17979789e+00  1.95450000e-09  1.17770042e+00  1.95450000e-09  0.00000000e+00 
 1.95550000e-09  1.18021487e+00  1.95550000e-09  1.17773610e+00  1.95550000e-09  0.00000000e+00 
 1.95650000e-09  1.18062098e+00  1.95650000e-09  1.17777526e+00  1.95650000e-09  0.00000000e+00 
 1.95750000e-09  1.18101650e+00  1.95750000e-09  1.17781779e+00  1.95750000e-09  0.00000000e+00 
 1.95850000e-09  1.18140167e+00  1.95850000e-09  1.17786358e+00  1.95850000e-09  0.00000000e+00 
 1.95950000e-09  1.18177672e+00  1.95950000e-09  1.17791252e+00  1.95950000e-09  0.00000000e+00 
 1.96050000e-09  1.18214190e+00  1.96050000e-09  1.17796451e+00  1.96050000e-09  0.00000000e+00 
 1.96150000e-09  1.18249745e+00  1.96150000e-09  1.17801944e+00  1.96150000e-09  0.00000000e+00 
 1.96250000e-09  1.18284359e+00  1.96250000e-09  1.17807722e+00  1.96250000e-09  0.00000000e+00 
 1.96350000e-09  1.18318054e+00  1.96350000e-09  1.17813774e+00  1.96350000e-09  0.00000000e+00 
 1.96450000e-09  1.18350854e+00  1.96450000e-09  1.17820091e+00  1.96450000e-09  0.00000000e+00 
 1.96550000e-09  1.18382778e+00  1.96550000e-09  1.17826663e+00  1.96550000e-09  0.00000000e+00 
 1.96650000e-09  1.18413848e+00  1.96650000e-09  1.17833481e+00  1.96650000e-09  0.00000000e+00 
 1.96750000e-09  1.18444086e+00  1.96750000e-09  1.17840536e+00  1.96750000e-09  0.00000000e+00 
 1.96850000e-09  1.18473510e+00  1.96850000e-09  1.17847819e+00  1.96850000e-09  0.00000000e+00 
 1.96950000e-09  1.18502141e+00  1.96950000e-09  1.17855322e+00  1.96950000e-09  0.00000000e+00 
 1.97050000e-09  1.18529999e+00  1.97050000e-09  1.17863035e+00  1.97050000e-09  0.00000000e+00 
 1.97150000e-09  1.18557101e+00  1.97150000e-09  1.17870951e+00  1.97150000e-09  0.00000000e+00 
 1.97250000e-09  1.18583467e+00  1.97250000e-09  1.17879061e+00  1.97250000e-09  0.00000000e+00 
 1.97350000e-09  1.18609116e+00  1.97350000e-09  1.17887358e+00  1.97350000e-09  0.00000000e+00 
 1.97450000e-09  1.18634063e+00  1.97450000e-09  1.17895833e+00  1.97450000e-09  0.00000000e+00 
 1.97550000e-09  1.18658328e+00  1.97550000e-09  1.17904480e+00  1.97550000e-09  0.00000000e+00 
 1.97650000e-09  1.18681927e+00  1.97650000e-09  1.17913290e+00  1.97650000e-09  0.00000000e+00 
 1.97750000e-09  1.18704876e+00  1.97750000e-09  1.17922257e+00  1.97750000e-09  0.00000000e+00 
 1.97850000e-09  1.18727192e+00  1.97850000e-09  1.17931374e+00  1.97850000e-09  0.00000000e+00 
 1.97950000e-09  1.18748891e+00  1.97950000e-09  1.17940633e+00  1.97950000e-09  0.00000000e+00 
 1.98050000e-09  1.18769988e+00  1.98050000e-09  1.17950027e+00  1.98050000e-09  0.00000000e+00 
 1.98150000e-09  1.18790499e+00  1.98150000e-09  1.17959552e+00  1.98150000e-09  0.00000000e+00 
 1.98250000e-09  1.18810438e+00  1.98250000e-09  1.17969199e+00  1.98250000e-09  0.00000000e+00 
 1.98350000e-09  1.18829821e+00  1.98350000e-09  1.17978962e+00  1.98350000e-09  0.00000000e+00 
 1.98450000e-09  1.18848661e+00  1.98450000e-09  1.17988837e+00  1.98450000e-09  0.00000000e+00 
 1.98550000e-09  1.18866971e+00  1.98550000e-09  1.17998816e+00  1.98550000e-09  0.00000000e+00 
 1.98650000e-09  1.18884767e+00  1.98650000e-09  1.18008894e+00  1.98650000e-09  0.00000000e+00 
 1.98750000e-09  1.18902061e+00  1.98750000e-09  1.18019065e+00  1.98750000e-09  0.00000000e+00 
 1.98850000e-09  1.18918865e+00  1.98850000e-09  1.18029324e+00  1.98850000e-09  0.00000000e+00 
 1.98950000e-09  1.18935194e+00  1.98950000e-09  1.18039665e+00  1.98950000e-09  0.00000000e+00 
 1.99050000e-09  1.18951058e+00  1.99050000e-09  1.18050083e+00  1.99050000e-09  0.00000000e+00 
 1.99150000e-09  1.18966471e+00  1.99150000e-09  1.18060574e+00  1.99150000e-09  0.00000000e+00 
 1.99250000e-09  1.18981444e+00  1.99250000e-09  1.18071132e+00  1.99250000e-09  0.00000000e+00 
 1.99350000e-09  1.18995989e+00  1.99350000e-09  1.18081752e+00  1.99350000e-09  0.00000000e+00 
 1.99450000e-09  1.19010117e+00  1.99450000e-09  1.18092430e+00  1.99450000e-09  0.00000000e+00 
 1.99550000e-09  1.19023839e+00  1.99550000e-09  1.18103161e+00  1.99550000e-09  0.00000000e+00 
 1.99650000e-09  1.19037165e+00  1.99650000e-09  1.18113941e+00  1.99650000e-09  0.00000000e+00 
 1.99750000e-09  1.19050108e+00  1.99750000e-09  1.18124765e+00  1.99750000e-09  0.00000000e+00 
 1.99850000e-09  1.19062675e+00  1.99850000e-09  1.18135630e+00  1.99850000e-09  0.00000000e+00 
 1.99925000e-09  1.19071860e+00  1.99925000e-09  1.18143801e+00  1.99925000e-09  0.00000000e+00 
 2.00000000e-09  1.19080844e+00  2.00000000e-09  1.18151991e+00  2.00000000e-09  0.00000000e+00 
 2.00010000e-09  1.19126905e+00  2.00010000e-09  1.18197961e+00  2.00010000e-09  2.40000000e-03 
 2.00030000e-09  1.19251282e+00  2.00030000e-09  1.18322195e+00  2.00030000e-09  7.20000000e-03 
 2.00070000e-09  1.19547598e+00  2.00070000e-09  1.18618627e+00  2.00070000e-09  1.68000000e-02 
 2.00150000e-09  1.20122669e+00  2.00150000e-09  1.19195326e+00  2.00150000e-09  3.60000000e-02 
 2.00250000e-09  1.20800303e+00  2.00250000e-09  1.19876421e+00  2.00250000e-09  6.00000000e-02 
 2.00350000e-09  1.21404437e+00  2.00350000e-09  1.20484439e+00  2.00350000e-09  8.40000000e-02 
 2.00450000e-09  1.21955453e+00  2.00450000e-09  1.21038956e+00  2.00450000e-09  1.08000000e-01 
 2.00550000e-09  1.22461031e+00  2.00550000e-09  1.21547173e+00  2.00550000e-09  1.32000000e-01 
 2.00650000e-09  1.22936149e+00  2.00650000e-09  1.22023799e+00  2.00650000e-09  1.56000000e-01 
 2.00750000e-09  1.23383638e+00  2.00750000e-09  1.22471576e+00  2.00750000e-09  1.80000000e-01 
 2.00850000e-09  1.23811770e+00  2.00850000e-09  1.22898769e+00  2.00850000e-09  2.04000000e-01 
 2.00950000e-09  1.24221398e+00  2.00950000e-09  1.23306296e+00  2.00950000e-09  2.28000000e-01 
 2.01050000e-09  1.24617611e+00  2.01050000e-09  1.23699329e+00  2.01050000e-09  2.52000000e-01 
 2.01150000e-09  1.25000713e+00  2.01150000e-09  1.24078273e+00  2.01150000e-09  2.76000000e-01 
 2.01250000e-09  1.25374167e+00  2.01250000e-09  1.24446685e+00  2.01250000e-09  3.00000000e-01 
 2.01350000e-09  1.25738178e+00  2.01350000e-09  1.24804865e+00  2.01350000e-09  3.24000000e-01 
 2.01450000e-09  1.26095296e+00  2.01450000e-09  1.25155444e+00  2.01450000e-09  3.48000000e-01 
 2.01550000e-09  1.26445811e+00  2.01550000e-09  1.25498779e+00  2.01550000e-09  3.72000000e-01 
 2.01650000e-09  1.26791756e+00  2.01650000e-09  1.25836961e+00  2.01650000e-09  3.96000000e-01 
 2.01750000e-09  1.27133481e+00  2.01750000e-09  1.26170386e+00  2.01750000e-09  4.20000000e-01 
 2.01850000e-09  1.27472520e+00  2.01850000e-09  1.26500620e+00  2.01850000e-09  4.44000000e-01 
 2.01950000e-09  1.27809027e+00  2.01950000e-09  1.26827843e+00  2.01950000e-09  4.68000000e-01 
 2.02050000e-09  1.28143907e+00  2.02050000e-09  1.27152978e+00  2.02050000e-09  4.92000000e-01 
 2.02150000e-09  1.28476980e+00  2.02150000e-09  1.27475859e+00  2.02150000e-09  5.16000000e-01 
 2.02250000e-09  1.28808714e+00  2.02250000e-09  1.27796958e+00  2.02250000e-09  5.40000000e-01 
 2.02350000e-09  1.29138972e+00  2.02350000e-09  1.28116135e+00  2.02350000e-09  5.64000000e-01 
 2.02450000e-09  1.29468269e+00  2.02450000e-09  1.28433896e+00  2.02450000e-09  5.88000000e-01 
 2.02550000e-09  1.29796678e+00  2.02550000e-09  1.28750289e+00  2.02550000e-09  6.12000000e-01 
 2.02650000e-09  1.30124642e+00  2.02650000e-09  1.29065728e+00  2.02650000e-09  6.36000000e-01 
 2.02750000e-09  1.30452116e+00  2.02750000e-09  1.29380127e+00  2.02750000e-09  6.60000000e-01 
 2.02850000e-09  1.30779213e+00  2.02850000e-09  1.29693556e+00  2.02850000e-09  6.84000000e-01 
 2.02950000e-09  1.31105589e+00  2.02950000e-09  1.30005619e+00  2.02950000e-09  7.08000000e-01 
 2.03050000e-09  1.31430954e+00  2.03050000e-09  1.30315971e+00  2.03050000e-09  7.32000000e-01 
 2.03150000e-09  1.31754599e+00  2.03150000e-09  1.30623840e+00  2.03150000e-09  7.56000000e-01 
 2.03250000e-09  1.32075743e+00  2.03250000e-09  1.30928369e+00  2.03250000e-09  7.80000000e-01 
 2.03350000e-09  1.32393084e+00  2.03350000e-09  1.31228159e+00  2.03350000e-09  8.04000000e-01 
 2.03450000e-09  1.32704925e+00  2.03450000e-09  1.31521389e+00  2.03450000e-09  8.28000000e-01 
 2.03550000e-09  1.33008657e+00  2.03550000e-09  1.31805304e+00  2.03550000e-09  8.52000000e-01 
 2.03650000e-09  1.33300787e+00  2.03650000e-09  1.32076262e+00  2.03650000e-09  8.76000000e-01 
 2.03750000e-09  1.33576743e+00  2.03750000e-09  1.32329607e+00  2.03750000e-09  9.00000000e-01 
 2.03850000e-09  1.33831374e+00  2.03850000e-09  1.32560210e+00  2.03850000e-09  9.24000000e-01 
 2.03950000e-09  1.34059221e+00  2.03950000e-09  1.32762741e+00  2.03950000e-09  9.48000000e-01 
 2.04050000e-09  1.34254953e+00  2.04050000e-09  1.32932059e+00  2.04050000e-09  9.72000000e-01 
 2.04150000e-09  1.34413450e+00  2.04150000e-09  1.33063281e+00  2.04150000e-09  9.96000000e-01 
 2.04250000e-09  1.34530242e+00  2.04250000e-09  1.33152217e+00  2.04250000e-09  1.02000000e+00 
 2.04350000e-09  1.34601825e+00  2.04350000e-09  1.33195602e+00  2.04350000e-09  1.04400000e+00 
 2.04450000e-09  1.34625830e+00  2.04450000e-09  1.33191153e+00  2.04450000e-09  1.06800000e+00 
 2.04550000e-09  1.34600645e+00  2.04550000e-09  1.33137188e+00  2.04550000e-09  1.09200000e+00 
 2.04650000e-09  1.34525185e+00  2.04650000e-09  1.33032524e+00  2.04650000e-09  1.11600000e+00 
 2.04750000e-09  1.34398821e+00  2.04750000e-09  1.32876513e+00  2.04750000e-09  1.14000000e+00 
 2.04850000e-09  1.34221516e+00  2.04850000e-09  1.32669216e+00  2.04850000e-09  1.16400000e+00 
 2.04925000e-09  1.34055373e+00  2.04925000e-09  1.32480455e+00  2.04925000e-09  1.18200000e+00 
 2.05000000e-09  1.33861275e+00  2.05000000e-09  1.32263756e+00  2.05000000e-09  1.20000000e+00 
 2.05010000e-09  1.33790603e+00  2.05010000e-09  1.32190084e+00  2.05010000e-09  1.20000000e+00 
 2.05030000e-09  1.33625314e+00  2.05030000e-09  1.32018815e+00  2.05030000e-09  1.20000000e+00 
 2.05070000e-09  1.33288418e+00  2.05070000e-09  1.31669977e+00  2.05070000e-09  1.20000000e+00 
 2.05150000e-09  1.32681717e+00  2.05150000e-09  1.31039471e+00  2.05150000e-09  1.20000000e+00 
 2.05250000e-09  1.31939685e+00  2.05250000e-09  1.30268383e+00  2.05250000e-09  1.20000000e+00 
 2.05350000e-09  1.31199084e+00  2.05350000e-09  1.29499823e+00  2.05350000e-09  1.20000000e+00 
 2.05450000e-09  1.30425400e+00  2.05450000e-09  1.28699440e+00  2.05450000e-09  1.20000000e+00 
 2.05550000e-09  1.29616781e+00  2.05550000e-09  1.27865594e+00  2.05550000e-09  1.20000000e+00 
 2.05650000e-09  1.28764357e+00  2.05650000e-09  1.26989761e+00  2.05650000e-09  1.20000000e+00 
 2.05750000e-09  1.27875037e+00  2.05750000e-09  1.26079265e+00  2.05750000e-09  1.20000000e+00 
 2.05850000e-09  1.26947908e+00  2.05850000e-09  1.25133616e+00  2.05850000e-09  1.20000000e+00 
 2.05950000e-09  1.25989970e+00  2.05950000e-09  1.24160221e+00  2.05950000e-09  1.20000000e+00 
 2.06050000e-09  1.25001406e+00  2.06050000e-09  1.23159535e+00  2.06050000e-09  1.20000000e+00 
 2.06150000e-09  1.23987064e+00  2.06150000e-09  1.22136644e+00  2.06150000e-09  1.20000000e+00 
 2.06250000e-09  1.22947527e+00  2.06250000e-09  1.21092300e+00  2.06250000e-09  1.20000000e+00 
 2.06350000e-09  1.21886363e+00  2.06350000e-09  1.20030183e+00  2.06350000e-09  1.20000000e+00 
 2.06450000e-09  1.20804276e+00  2.06450000e-09  1.18951054e+00  2.06450000e-09  1.20000000e+00 
 2.06550000e-09  1.19704003e+00  2.06550000e-09  1.17857662e+00  2.06550000e-09  1.20000000e+00 
 2.06650000e-09  1.18586330e+00  2.06650000e-09  1.16750764e+00  2.06650000e-09  1.20000000e+00 
 2.06750000e-09  1.17453464e+00  2.06750000e-09  1.15632511e+00  2.06750000e-09  1.20000000e+00 
 2.06850000e-09  1.16306251e+00  2.06850000e-09  1.14503665e+00  2.06850000e-09  1.20000000e+00 
 2.06950000e-09  1.15146547e+00  2.06950000e-09  1.13365984e+00  2.06950000e-09  1.20000000e+00 
 2.07050000e-09  1.13975227e+00  2.07050000e-09  1.12220228e+00  2.07050000e-09  1.20000000e+00 
 2.07150000e-09  1.12793894e+00  2.07150000e-09  1.11067876e+00  2.07150000e-09  1.20000000e+00 
 2.07250000e-09  1.11603424e+00  2.07250000e-09  1.09909675e+00  2.07250000e-09  1.20000000e+00 
 2.07350000e-09  1.10405223e+00  2.07350000e-09  1.08746897e+00  2.07350000e-09  1.20000000e+00 
 2.07450000e-09  1.09200144e+00  2.07450000e-09  1.07580263e+00  2.07450000e-09  1.20000000e+00 
 2.07550000e-09  1.07989434e+00  2.07550000e-09  1.06410883e+00  2.07550000e-09  1.20000000e+00 
 2.07650000e-09  1.06773911e+00  2.07650000e-09  1.05239443e+00  2.07650000e-09  1.20000000e+00 
 2.07750000e-09  1.05554688e+00  2.07750000e-09  1.04066926e+00  2.07750000e-09  1.20000000e+00 
 2.07850000e-09  1.04332546e+00  2.07850000e-09  1.02893988e+00  2.07850000e-09  1.20000000e+00 
 2.07950000e-09  1.03108494e+00  2.07950000e-09  1.01721516e+00  2.07950000e-09  1.20000000e+00 
 2.08050000e-09  1.01883285e+00  2.08050000e-09  1.00550147e+00  2.08050000e-09  1.20000000e+00 
 2.08150000e-09  1.00657860e+00  2.08150000e-09  9.93807102e-01  2.08150000e-09  1.20000000e+00 
 2.08250000e-09  9.94329700e-01  2.08250000e-09  9.82138526e-01  2.08250000e-09  1.20000000e+00 
 2.08350000e-09  9.82095336e-01  2.08350000e-09  9.70503939e-01  2.08350000e-09  1.20000000e+00 
 2.08450000e-09  9.69883444e-01  2.08450000e-09  9.58910356e-01  2.08450000e-09  1.20000000e+00 
 2.08550000e-09  9.57703644e-01  2.08550000e-09  9.47366536e-01  2.08550000e-09  1.20000000e+00 
 2.08650000e-09  9.45564990e-01  2.08650000e-09  9.35880726e-01  2.08650000e-09  1.20000000e+00 
 2.08750000e-09  9.33478411e-01  2.08750000e-09  9.24463085e-01  2.08750000e-09  1.20000000e+00 
 2.08850000e-09  9.21454972e-01  2.08850000e-09  9.13123921e-01  2.08850000e-09  1.20000000e+00 
 2.08950000e-09  9.09507860e-01  2.08950000e-09  9.01875643e-01  2.08950000e-09  1.20000000e+00 
 2.09050000e-09  8.97650922e-01  2.09050000e-09  8.90731248e-01  2.09050000e-09  1.20000000e+00 
 2.09150000e-09  8.85900104e-01  2.09150000e-09  8.79705708e-01  2.09150000e-09  1.20000000e+00 
 2.09250000e-09  8.74271980e-01  2.09250000e-09  8.68814454e-01  2.09250000e-09  1.20000000e+00 
 2.09350000e-09  8.62784571e-01  2.09350000e-09  8.58074168e-01  2.09350000e-09  1.20000000e+00 
 2.09450000e-09  8.51455812e-01  2.09450000e-09  8.47501239e-01  2.09450000e-09  1.20000000e+00 
 2.09550000e-09  8.40303963e-01  2.09550000e-09  8.37112202e-01  2.09550000e-09  1.20000000e+00 
 2.09650000e-09  8.29346238e-01  2.09650000e-09  8.26922380e-01  2.09650000e-09  1.20000000e+00 
 2.09750000e-09  8.18599128e-01  2.09750000e-09  8.16946247e-01  2.09750000e-09  1.20000000e+00 
 2.09850000e-09  8.08077332e-01  2.09850000e-09  8.07196373e-01  2.09850000e-09  1.20000000e+00 
 2.09950000e-09  7.97794124e-01  2.09950000e-09  7.97683828e-01  2.09950000e-09  1.20000000e+00 
 2.10050000e-09  7.87760629e-01  2.10050000e-09  7.88417466e-01  2.10050000e-09  1.20000000e+00 
 2.10150000e-09  7.77986300e-01  2.10150000e-09  7.79404431e-01  2.10150000e-09  1.20000000e+00 
 2.10250000e-09  7.68478483e-01  2.10250000e-09  7.70649745e-01  2.10250000e-09  1.20000000e+00 
 2.10350000e-09  7.59242918e-01  2.10350000e-09  7.62156833e-01  2.10350000e-09  1.20000000e+00 
 2.10450000e-09  7.50283410e-01  2.10450000e-09  7.53927258e-01  2.10450000e-09  1.20000000e+00 
 2.10550000e-09  7.41602252e-01  2.10550000e-09  7.45961201e-01  2.10550000e-09  1.20000000e+00 
 2.10650000e-09  7.33199965e-01  2.10650000e-09  7.38257282e-01  2.10650000e-09  1.20000000e+00 
 2.10750000e-09  7.25075674e-01  2.10750000e-09  7.30813024e-01  2.10750000e-09  1.20000000e+00 
 2.10850000e-09  7.17226961e-01  2.10850000e-09  7.23624772e-01  2.10850000e-09  1.20000000e+00 
 2.10950000e-09  7.09650246e-01  2.10950000e-09  7.16688146e-01  2.10950000e-09  1.20000000e+00 
 2.11050000e-09  7.02340731e-01  2.11050000e-09  7.09998017e-01  2.11050000e-09  1.20000000e+00 
 2.11150000e-09  6.95292773e-01  2.11150000e-09  7.03548907e-01  2.11150000e-09  1.20000000e+00 
 2.11250000e-09  6.88499862e-01  2.11250000e-09  6.97334949e-01  2.11250000e-09  1.20000000e+00 
 2.11350000e-09  6.81954954e-01  2.11350000e-09  6.91350188e-01  2.11350000e-09  1.20000000e+00 
 2.11450000e-09  6.75650461e-01  2.11450000e-09  6.85588499e-01  2.11450000e-09  1.20000000e+00 
 2.11550000e-09  6.69578533e-01  2.11550000e-09  6.80043784e-01  2.11550000e-09  1.20000000e+00 
 2.11650000e-09  6.63731066e-01  2.11650000e-09  6.74709875e-01  2.11650000e-09  1.20000000e+00 
 2.11750000e-09  6.58099953e-01  2.11750000e-09  6.69580678e-01  2.11750000e-09  1.20000000e+00 
 2.11850000e-09  6.52677090e-01  2.11850000e-09  6.64650087e-01  2.11850000e-09  1.20000000e+00 
 2.11950000e-09  6.47454591e-01  2.11950000e-09  6.59912117e-01  2.11950000e-09  1.20000000e+00 
 2.12050000e-09  6.42424769e-01  2.12050000e-09  6.55360837e-01  2.12050000e-09  1.20000000e+00 
 2.12150000e-09  6.37580293e-01  2.12150000e-09  6.50990490e-01  2.12150000e-09  1.20000000e+00 
 2.12250000e-09  6.32910157e-01  2.12250000e-09  6.46791506e-01  2.12250000e-09  1.20000000e+00 
 2.12350000e-09  6.28410838e-01  2.12350000e-09  6.42761752e-01  2.12350000e-09  1.20000000e+00 
 2.12450000e-09  6.24079420e-01  2.12450000e-09  6.38899038e-01  2.12450000e-09  1.20000000e+00 
 2.12550000e-09  6.19907701e-01  2.12550000e-09  6.35196113e-01  2.12550000e-09  1.20000000e+00 
 2.12650000e-09  6.15890317e-01  2.12650000e-09  6.31648411e-01  2.12650000e-09  1.20000000e+00 
 2.12750000e-09  6.12021424e-01  2.12750000e-09  6.28250806e-01  2.12750000e-09  1.20000000e+00 
 2.12850000e-09  6.08295957e-01  2.12850000e-09  6.24998905e-01  2.12850000e-09  1.20000000e+00 
 2.12950000e-09  6.04708711e-01  2.12950000e-09  6.21888081e-01  2.12950000e-09  1.20000000e+00 
 2.13050000e-09  6.01254900e-01  2.13050000e-09  6.18914139e-01  2.13050000e-09  1.20000000e+00 
 2.13150000e-09  5.97929698e-01  2.13150000e-09  6.16072770e-01  2.13150000e-09  1.20000000e+00 
 2.13250000e-09  5.94728514e-01  2.13250000e-09  6.13359938e-01  2.13250000e-09  1.20000000e+00 
 2.13350000e-09  5.91646767e-01  2.13350000e-09  6.10771559e-01  2.13350000e-09  1.20000000e+00 
 2.13450000e-09  5.88680025e-01  2.13450000e-09  6.08303737e-01  2.13450000e-09  1.20000000e+00 
 2.13550000e-09  5.85823894e-01  2.13550000e-09  6.05952567e-01  2.13550000e-09  1.20000000e+00 
 2.13650000e-09  5.83074088e-01  2.13650000e-09  6.03714289e-01  2.13650000e-09  1.20000000e+00 
 2.13750000e-09  5.80426385e-01  2.13750000e-09  6.01585167e-01  2.13750000e-09  1.20000000e+00 
 2.13850000e-09  5.77876655e-01  2.13850000e-09  5.99561584e-01  2.13850000e-09  1.20000000e+00 
 2.13950000e-09  5.75420851e-01  2.13950000e-09  5.97639972e-01  2.13950000e-09  1.20000000e+00 
 2.14050000e-09  5.73055012e-01  2.14050000e-09  5.95816872e-01  2.14050000e-09  1.20000000e+00 
 2.14150000e-09  5.70775278e-01  2.14150000e-09  5.94088890e-01  2.14150000e-09  1.20000000e+00 
 2.14250000e-09  5.68577874e-01  2.14250000e-09  5.92452739e-01  2.14250000e-09  1.20000000e+00 
 2.14350000e-09  5.66459134e-01  2.14350000e-09  5.90905208e-01  2.14350000e-09  1.20000000e+00 
 2.14450000e-09  5.64415481e-01  2.14450000e-09  5.89443193e-01  2.14450000e-09  1.20000000e+00 
 2.14550000e-09  5.62443451e-01  2.14550000e-09  5.88063672e-01  2.14550000e-09  1.20000000e+00 
 2.14650000e-09  5.60539669e-01  2.14650000e-09  5.86763731e-01  2.14650000e-09  1.20000000e+00 
 2.14750000e-09  5.58700878e-01  2.14750000e-09  5.85540543e-01  2.14750000e-09  1.20000000e+00 
 2.14850000e-09  5.56923906e-01  2.14850000e-09  5.84391386e-01  2.14850000e-09  1.20000000e+00 
 2.14950000e-09  5.55205698e-01  2.14950000e-09  5.83313629e-01  2.14950000e-09  1.20000000e+00 
 2.15050000e-09  5.53543287e-01  2.15050000e-09  5.82304743e-01  2.15050000e-09  1.20000000e+00 
 2.15150000e-09  5.51933815e-01  2.15150000e-09  5.81362290e-01  2.15150000e-09  1.20000000e+00 
 2.15250000e-09  5.50374509e-01  2.15250000e-09  5.80483931e-01  2.15250000e-09  1.20000000e+00 
 2.15350000e-09  5.48862703e-01  2.15350000e-09  5.79667417e-01  2.15350000e-09  1.20000000e+00 
 2.15450000e-09  5.47395813e-01  2.15450000e-09  5.78910594e-01  2.15450000e-09  1.20000000e+00 
 2.15550000e-09  5.45971353e-01  2.15550000e-09  5.78211397e-01  2.15550000e-09  1.20000000e+00 
 2.15650000e-09  5.44586916e-01  2.15650000e-09  5.77567850e-01  2.15650000e-09  1.20000000e+00 
 2.15750000e-09  5.43240190e-01  2.15750000e-09  5.76978064e-01  2.15750000e-09  1.20000000e+00 
 2.15850000e-09  5.41928934e-01  2.15850000e-09  5.76440233e-01  2.15850000e-09  1.20000000e+00 
 2.15950000e-09  5.40650995e-01  2.15950000e-09  5.75952635e-01  2.15950000e-09  1.20000000e+00 
 2.16050000e-09  5.39404290e-01  2.16050000e-09  5.75513629e-01  2.16050000e-09  1.20000000e+00 
 2.16150000e-09  5.38186814e-01  2.16150000e-09  5.75121650e-01  2.16150000e-09  1.20000000e+00 
 2.16250000e-09  5.36996630e-01  2.16250000e-09  5.74775210e-01  2.16250000e-09  1.20000000e+00 
 2.16350000e-09  5.35831871e-01  2.16350000e-09  5.74472895e-01  2.16350000e-09  1.20000000e+00 
 2.16450000e-09  5.34690732e-01  2.16450000e-09  5.74213361e-01  2.16450000e-09  1.20000000e+00 
 2.16550000e-09  5.33571474e-01  2.16550000e-09  5.73995335e-01  2.16550000e-09  1.20000000e+00 
 2.16650000e-09  5.32472416e-01  2.16650000e-09  5.73817610e-01  2.16650000e-09  1.20000000e+00 
 2.16750000e-09  5.31391935e-01  2.16750000e-09  5.73679045e-01  2.16750000e-09  1.20000000e+00 
 2.16850000e-09  5.30328461e-01  2.16850000e-09  5.73578559e-01  2.16850000e-09  1.20000000e+00 
 2.16950000e-09  5.29280480e-01  2.16950000e-09  5.73515135e-01  2.16950000e-09  1.20000000e+00 
 2.17050000e-09  5.28246522e-01  2.17050000e-09  5.73487812e-01  2.17050000e-09  1.20000000e+00 
 2.17150000e-09  5.27225171e-01  2.17150000e-09  5.73495689e-01  2.17150000e-09  1.20000000e+00 
 2.17250000e-09  5.26215049e-01  2.17250000e-09  5.73537916e-01  2.17250000e-09  1.20000000e+00 
 2.17350000e-09  5.25214828e-01  2.17350000e-09  5.73613699e-01  2.17350000e-09  1.20000000e+00 
 2.17450000e-09  5.24223216e-01  2.17450000e-09  5.73722293e-01  2.17450000e-09  1.20000000e+00 
 2.17550000e-09  5.23238960e-01  2.17550000e-09  5.73863003e-01  2.17550000e-09  1.20000000e+00 
 2.17650000e-09  5.22260845e-01  2.17650000e-09  5.74035183e-01  2.17650000e-09  1.20000000e+00 
 2.17750000e-09  5.21287691e-01  2.17750000e-09  5.74238231e-01  2.17750000e-09  1.20000000e+00 
 2.17850000e-09  5.20318347e-01  2.17850000e-09  5.74471592e-01  2.17850000e-09  1.20000000e+00 
 2.17950000e-09  5.19351698e-01  2.17950000e-09  5.74734751e-01  2.17950000e-09  1.20000000e+00 
 2.18050000e-09  5.18386654e-01  2.18050000e-09  5.75027236e-01  2.18050000e-09  1.20000000e+00 
 2.18150000e-09  5.17422154e-01  2.18150000e-09  5.75348617e-01  2.18150000e-09  1.20000000e+00 
 2.18250000e-09  5.16457161e-01  2.18250000e-09  5.75698499e-01  2.18250000e-09  1.20000000e+00 
 2.18350000e-09  5.15490665e-01  2.18350000e-09  5.76076528e-01  2.18350000e-09  1.20000000e+00 
 2.18450000e-09  5.14521674e-01  2.18450000e-09  5.76482385e-01  2.18450000e-09  1.20000000e+00 
 2.18550000e-09  5.13549221e-01  2.18550000e-09  5.76915785e-01  2.18550000e-09  1.20000000e+00 
 2.18650000e-09  5.12572356e-01  2.18650000e-09  5.77376479e-01  2.18650000e-09  1.20000000e+00 
 2.18750000e-09  5.11590148e-01  2.18750000e-09  5.77864250e-01  2.18750000e-09  1.20000000e+00 
 2.18850000e-09  5.10601680e-01  2.18850000e-09  5.78378912e-01  2.18850000e-09  1.20000000e+00 
 2.18950000e-09  5.09606055e-01  2.18950000e-09  5.78920311e-01  2.18950000e-09  1.20000000e+00 
 2.19050000e-09  5.08602385e-01  2.19050000e-09  5.79488323e-01  2.19050000e-09  1.20000000e+00 
 2.19150000e-09  5.07589798e-01  2.19150000e-09  5.80082853e-01  2.19150000e-09  1.20000000e+00 
 2.19250000e-09  5.06567432e-01  2.19250000e-09  5.80703834e-01  2.19250000e-09  1.20000000e+00 
 2.19350000e-09  5.05534436e-01  2.19350000e-09  5.81351227e-01  2.19350000e-09  1.20000000e+00 
 2.19450000e-09  5.04489923e-01  2.19450000e-09  5.82024964e-01  2.19450000e-09  1.20000000e+00 
 2.19550000e-09  5.03433080e-01  2.19550000e-09  5.82725097e-01  2.19550000e-09  1.20000000e+00 
 2.19650000e-09  5.02363119e-01  2.19650000e-09  5.83451696e-01  2.19650000e-09  1.20000000e+00 
 2.19750000e-09  5.01279209e-01  2.19750000e-09  5.84204810e-01  2.19750000e-09  1.20000000e+00 
 2.19850000e-09  5.00180533e-01  2.19850000e-09  5.84984530e-01  2.19850000e-09  1.20000000e+00 
 2.19950000e-09  4.99066328e-01  2.19950000e-09  5.85791028e-01  2.19950000e-09  1.20000000e+00 
 2.20050000e-09  4.97935762e-01  2.20050000e-09  5.86624392e-01  2.20050000e-09  1.20000000e+00 
 2.20150000e-09  4.96787974e-01  2.20150000e-09  5.87484734e-01  2.20150000e-09  1.20000000e+00 
 2.20250000e-09  4.95622170e-01  2.20250000e-09  5.88372255e-01  2.20250000e-09  1.20000000e+00 
 2.20350000e-09  4.94437543e-01  2.20350000e-09  5.89287145e-01  2.20350000e-09  1.20000000e+00 
 2.20450000e-09  4.93233294e-01  2.20450000e-09  5.90229636e-01  2.20450000e-09  1.20000000e+00 
 2.20550000e-09  4.92008613e-01  2.20550000e-09  5.91199960e-01  2.20550000e-09  1.20000000e+00 
 2.20650000e-09  4.90762692e-01  2.20650000e-09  5.92198384e-01  2.20650000e-09  1.20000000e+00 
 2.20750000e-09  4.89494717e-01  2.20750000e-09  5.93225183e-01  2.20750000e-09  1.20000000e+00 
 2.20850000e-09  4.88203872e-01  2.20850000e-09  5.94280662e-01  2.20850000e-09  1.20000000e+00 
 2.20950000e-09  4.86889335e-01  2.20950000e-09  5.95365135e-01  2.20950000e-09  1.20000000e+00 
 2.21050000e-09  4.85550279e-01  2.21050000e-09  5.96478943e-01  2.21050000e-09  1.20000000e+00 
 2.21150000e-09  4.84185871e-01  2.21150000e-09  5.97622440e-01  2.21150000e-09  1.20000000e+00 
 2.21250000e-09  4.82795272e-01  2.21250000e-09  5.98796002e-01  2.21250000e-09  1.20000000e+00 
 2.21350000e-09  4.81377634e-01  2.21350000e-09  6.00000019e-01  2.21350000e-09  1.20000000e+00 
 2.21450000e-09  4.79931997e-01  2.21450000e-09  6.01234757e-01  2.21450000e-09  1.20000000e+00 
 2.21550000e-09  4.78457532e-01  2.21550000e-09  6.02500753e-01  2.21550000e-09  1.20000000e+00 
 2.21650000e-09  4.76953480e-01  2.21650000e-09  6.03798530e-01  2.21650000e-09  1.20000000e+00 
 2.21750000e-09  4.75418937e-01  2.21750000e-09  6.05128504e-01  2.21750000e-09  1.20000000e+00 
 2.21850000e-09  4.73853004e-01  2.21850000e-09  6.06491165e-01  2.21850000e-09  1.20000000e+00 
 2.21950000e-09  4.72254767e-01  2.21950000e-09  6.07886985e-01  2.21950000e-09  1.20000000e+00 
 2.22050000e-09  4.70623311e-01  2.22050000e-09  6.09316494e-01  2.22050000e-09  1.20000000e+00 
 2.22150000e-09  4.68957701e-01  2.22150000e-09  6.10780202e-01  2.22150000e-09  1.20000000e+00 
 2.22250000e-09  4.67256999e-01  2.22250000e-09  6.12278666e-01  2.22250000e-09  1.20000000e+00 
 2.22350000e-09  4.65520246e-01  2.22350000e-09  6.13812434e-01  2.22350000e-09  1.20000000e+00 
 2.22450000e-09  4.63746475e-01  2.22450000e-09  6.15382088e-01  2.22450000e-09  1.20000000e+00 
 2.22550000e-09  4.61934702e-01  2.22550000e-09  6.16988212e-01  2.22550000e-09  1.20000000e+00 
 2.22650000e-09  4.60083929e-01  2.22650000e-09  6.18631416e-01  2.22650000e-09  1.20000000e+00 
 2.22750000e-09  4.58193145e-01  2.22750000e-09  6.20312316e-01  2.22750000e-09  1.20000000e+00 
 2.22850000e-09  4.56261322e-01  2.22850000e-09  6.22031550e-01  2.22850000e-09  1.20000000e+00 
 2.22950000e-09  4.54287417e-01  2.22950000e-09  6.23789765e-01  2.22950000e-09  1.20000000e+00 
 2.23050000e-09  4.52270369e-01  2.23050000e-09  6.25587627e-01  2.23050000e-09  1.20000000e+00 
 2.23150000e-09  4.50209107e-01  2.23150000e-09  6.27425811e-01  2.23150000e-09  1.20000000e+00 
 2.23250000e-09  4.48102537e-01  2.23250000e-09  6.29305012e-01  2.23250000e-09  1.20000000e+00 
 2.23350000e-09  4.45949554e-01  2.23350000e-09  6.31225933e-01  2.23350000e-09  1.20000000e+00 
 2.23450000e-09  4.43749035e-01  2.23450000e-09  6.33189294e-01  2.23450000e-09  1.20000000e+00 
 2.23550000e-09  4.41499842e-01  2.23550000e-09  6.35195824e-01  2.23550000e-09  1.20000000e+00 
 2.23650000e-09  4.39200820e-01  2.23650000e-09  6.37246267e-01  2.23650000e-09  1.20000000e+00 
 2.23750000e-09  4.36850802e-01  2.23750000e-09  6.39341378e-01  2.23750000e-09  1.20000000e+00 
 2.23850000e-09  4.34448605e-01  2.23850000e-09  6.41481922e-01  2.23850000e-09  1.20000000e+00 
 2.23950000e-09  4.31993032e-01  2.23950000e-09  6.43668676e-01  2.23950000e-09  1.20000000e+00 
 2.24050000e-09  4.29482874e-01  2.24050000e-09  6.45902426e-01  2.24050000e-09  1.20000000e+00 
 2.24150000e-09  4.26916913e-01  2.24150000e-09  6.48183965e-01  2.24150000e-09  1.20000000e+00 
 2.24250000e-09  4.24293919e-01  2.24250000e-09  6.50514097e-01  2.24250000e-09  1.20000000e+00 
 2.24350000e-09  4.21612656e-01  2.24350000e-09  6.52893629e-01  2.24350000e-09  1.20000000e+00 
 2.24450000e-09  4.18871881e-01  2.24450000e-09  6.55323376e-01  2.24450000e-09  1.20000000e+00 
 2.24550000e-09  4.16070352e-01  2.24550000e-09  6.57804154e-01  2.24550000e-09  1.20000000e+00 
 2.24650000e-09  4.13206825e-01  2.24650000e-09  6.60336782e-01  2.24650000e-09  1.20000000e+00 
 2.24750000e-09  4.10280063e-01  2.24750000e-09  6.62922081e-01  2.24750000e-09  1.20000000e+00 
 2.24850000e-09  4.07288836e-01  2.24850000e-09  6.65560867e-01  2.24850000e-09  1.20000000e+00 
 2.24950000e-09  4.04231934e-01  2.24950000e-09  6.68253951e-01  2.24950000e-09  1.20000000e+00 
 2.25050000e-09  4.01108162e-01  2.25050000e-09  6.71002141e-01  2.25050000e-09  1.20000000e+00 
 2.25150000e-09  3.97916359e-01  2.25150000e-09  6.73806229e-01  2.25150000e-09  1.20000000e+00 
 2.25250000e-09  3.94655398e-01  2.25250000e-09  6.76666998e-01  2.25250000e-09  1.20000000e+00 
 2.25350000e-09  3.91324200e-01  2.25350000e-09  6.79585212e-01  2.25350000e-09  1.20000000e+00 
 2.25450000e-09  3.87921742e-01  2.25450000e-09  6.82561614e-01  2.25450000e-09  1.20000000e+00 
 2.25550000e-09  3.84447072e-01  2.25550000e-09  6.85596925e-01  2.25550000e-09  1.20000000e+00 
 2.25650000e-09  3.80899323e-01  2.25650000e-09  6.88691834e-01  2.25650000e-09  1.20000000e+00 
 2.25750000e-09  3.77277725e-01  2.25750000e-09  6.91847001e-01  2.25750000e-09  1.20000000e+00 
 2.25850000e-09  3.73581628e-01  2.25850000e-09  6.95063047e-01  2.25850000e-09  1.20000000e+00 
 2.25950000e-09  3.69810517e-01  2.25950000e-09  6.98340553e-01  2.25950000e-09  1.20000000e+00 
 2.26050000e-09  3.65964034e-01  2.26050000e-09  7.01680058e-01  2.26050000e-09  1.20000000e+00 
 2.26150000e-09  3.62042003e-01  2.26150000e-09  7.05082051e-01  2.26150000e-09  1.20000000e+00 
 2.26250000e-09  3.58044452e-01  2.26250000e-09  7.08546972e-01  2.26250000e-09  1.20000000e+00 
 2.26350000e-09  3.53971639e-01  2.26350000e-09  7.12075209e-01  2.26350000e-09  1.20000000e+00 
 2.26450000e-09  3.49824081e-01  2.26450000e-09  7.15667095e-01  2.26450000e-09  1.20000000e+00 
 2.26550000e-09  3.45602578e-01  2.26550000e-09  7.19322909e-01  2.26550000e-09  1.20000000e+00 
 2.26650000e-09  3.41308246e-01  2.26650000e-09  7.23042871e-01  2.26650000e-09  1.20000000e+00 
 2.26750000e-09  3.36942544e-01  2.26750000e-09  7.26827147e-01  2.26750000e-09  1.20000000e+00 
 2.26850000e-09  3.32507299e-01  2.26850000e-09  7.30675845e-01  2.26850000e-09  1.20000000e+00 
 2.26950000e-09  3.28004735e-01  2.26950000e-09  7.34589016e-01  2.26950000e-09  1.20000000e+00 
 2.27050000e-09  3.23437500e-01  2.27050000e-09  7.38566653e-01  2.27050000e-09  1.20000000e+00 
 2.27150000e-09  3.18808686e-01  2.27150000e-09  7.42608693e-01  2.27150000e-09  1.20000000e+00 
 2.27250000e-09  3.14121852e-01  2.27250000e-09  7.46715013e-01  2.27250000e-09  1.20000000e+00 
 2.27350000e-09  3.09381040e-01  2.27350000e-09  7.50885435e-01  2.27350000e-09  1.20000000e+00 
 2.27450000e-09  3.04590792e-01  2.27450000e-09  7.55119717e-01  2.27450000e-09  1.20000000e+00 
 2.27550000e-09  2.99756154e-01  2.27550000e-09  7.59417563e-01  2.27550000e-09  1.20000000e+00 
 2.27650000e-09  2.94882684e-01  2.27650000e-09  7.63778611e-01  2.27650000e-09  1.20000000e+00 
 2.27750000e-09  2.89976444e-01  2.27750000e-09  7.68202444e-01  2.27750000e-09  1.20000000e+00 
 2.27850000e-09  2.85043997e-01  2.27850000e-09  7.72688584e-01  2.27850000e-09  1.20000000e+00 
 2.27950000e-09  2.80092378e-01  2.27950000e-09  7.77236495e-01  2.27950000e-09  1.20000000e+00 
 2.28050000e-09  2.75129073e-01  2.28050000e-09  7.81845585e-01  2.28050000e-09  1.20000000e+00 
 2.28150000e-09  2.70161974e-01  2.28150000e-09  7.86515204e-01  2.28150000e-09  1.20000000e+00 
 2.28250000e-09  2.65199324e-01  2.28250000e-09  7.91244650e-01  2.28250000e-09  1.20000000e+00 
 2.28350000e-09  2.60249658e-01  2.28350000e-09  7.96033160e-01  2.28350000e-09  1.20000000e+00 
 2.28450000e-09  2.55321717e-01  2.28450000e-09  8.00879911e-01  2.28450000e-09  1.20000000e+00 
 2.28550000e-09  2.50424361e-01  2.28550000e-09  8.05784010e-01  2.28550000e-09  1.20000000e+00 
 2.28650000e-09  2.45566463e-01  2.28650000e-09  8.10744479e-01  2.28650000e-09  1.20000000e+00 
 2.28750000e-09  2.40756800e-01  2.28750000e-09  8.15760241e-01  2.28750000e-09  1.20000000e+00 
 2.28850000e-09  2.36003927e-01  2.28850000e-09  8.20830091e-01  2.28850000e-09  1.20000000e+00 
 2.28950000e-09  2.31316063e-01  2.28950000e-09  8.25952667e-01  2.28950000e-09  1.20000000e+00 
 2.29050000e-09  2.26700958e-01  2.29050000e-09  8.31126416e-01  2.29050000e-09  1.20000000e+00 
 2.29150000e-09  2.22165784e-01  2.29150000e-09  8.36349554e-01  2.29150000e-09  1.20000000e+00 
 2.29250000e-09  2.17717022e-01  2.29250000e-09  8.41620026e-01  2.29250000e-09  1.20000000e+00 
 2.29350000e-09  2.13360368e-01  2.29350000e-09  8.46935469e-01  2.29350000e-09  1.20000000e+00 
 2.29450000e-09  2.09100660e-01  2.29450000e-09  8.52293174e-01  2.29450000e-09  1.20000000e+00 
 2.29550000e-09  2.04941818e-01  2.29550000e-09  8.57690062e-01  2.29550000e-09  1.20000000e+00 
 2.29650000e-09  2.00886818e-01  2.29650000e-09  8.63122664e-01  2.29650000e-09  1.20000000e+00 
 2.29750000e-09  1.96937676e-01  2.29750000e-09  8.68587117e-01  2.29750000e-09  1.20000000e+00 
 2.29850000e-09  1.93095469e-01  2.29850000e-09  8.74079170e-01  2.29850000e-09  1.20000000e+00 
 2.29950000e-09  1.89360370e-01  2.29950000e-09  8.79594206e-01  2.29950000e-09  1.20000000e+00 
 2.30050000e-09  1.85731703e-01  2.30050000e-09  8.85127274e-01  2.30050000e-09  1.20000000e+00 
 2.30150000e-09  1.82208014e-01  2.30150000e-09  8.90673134e-01  2.30150000e-09  1.20000000e+00 
 2.30250000e-09  1.78787158e-01  2.30250000e-09  8.96226308e-01  2.30250000e-09  1.20000000e+00 
 2.30350000e-09  1.75466386e-01  2.30350000e-09  9.01781139e-01  2.30350000e-09  1.20000000e+00 
 2.30450000e-09  1.72242444e-01  2.30450000e-09  9.07331855e-01  2.30450000e-09  1.20000000e+00 
 2.30550000e-09  1.69111668e-01  2.30550000e-09  9.12872628e-01  2.30550000e-09  1.20000000e+00 
 2.30650000e-09  1.66070079e-01  2.30650000e-09  9.18397635e-01  2.30650000e-09  1.20000000e+00 
 2.30750000e-09  1.63113472e-01  2.30750000e-09  9.23901119e-01  2.30750000e-09  1.20000000e+00 
 2.30850000e-09  1.60237497e-01  2.30850000e-09  9.29377438e-01  2.30850000e-09  1.20000000e+00 
 2.30950000e-09  1.57437738e-01  2.30950000e-09  9.34821116e-01  2.30950000e-09  1.20000000e+00 
 2.31050000e-09  1.54709777e-01  2.31050000e-09  9.40226881e-01  2.31050000e-09  1.20000000e+00 
 2.31150000e-09  1.52049255e-01  2.31150000e-09  9.45589701e-01  2.31150000e-09  1.20000000e+00 
 2.31250000e-09  1.49451915e-01  2.31250000e-09  9.50904815e-01  2.31250000e-09  1.20000000e+00 
 2.31350000e-09  1.46913649e-01  2.31350000e-09  9.56167750e-01  2.31350000e-09  1.20000000e+00 
 2.31450000e-09  1.44430527e-01  2.31450000e-09  9.61374343e-01  2.31450000e-09  1.20000000e+00 
 2.31550000e-09  1.41998823e-01  2.31550000e-09  9.66520749e-01  2.31550000e-09  1.20000000e+00 
 2.31650000e-09  1.39615031e-01  2.31650000e-09  9.71603448e-01  2.31650000e-09  1.20000000e+00 
 2.31750000e-09  1.37275880e-01  2.31750000e-09  9.76619245e-01  2.31750000e-09  1.20000000e+00 
 2.31850000e-09  1.34978340e-01  2.31850000e-09  9.81565274e-01  2.31850000e-09  1.20000000e+00 
 2.31950000e-09  1.32719621e-01  2.31950000e-09  9.86438985e-01  2.31950000e-09  1.20000000e+00 
 2.32050000e-09  1.30497176e-01  2.32050000e-09  9.91238143e-01  2.32050000e-09  1.20000000e+00 
 2.32150000e-09  1.28308695e-01  2.32150000e-09  9.95960816e-01  2.32150000e-09  1.20000000e+00 
 2.32250000e-09  1.26152097e-01  2.32250000e-09  1.00060536e+00  2.32250000e-09  1.20000000e+00 
 2.32350000e-09  1.24025521e-01  2.32350000e-09  1.00517041e+00  2.32350000e-09  1.20000000e+00 
 2.32450000e-09  1.21927314e-01  2.32450000e-09  1.00965487e+00  2.32450000e-09  1.20000000e+00 
 2.32550000e-09  1.19856023e-01  2.32550000e-09  1.01405789e+00  2.32550000e-09  1.20000000e+00 
 2.32650000e-09  1.17810378e-01  2.32650000e-09  1.01837883e+00  2.32650000e-09  1.20000000e+00 
 2.32750000e-09  1.15789281e-01  2.32750000e-09  1.02261732e+00  2.32750000e-09  1.20000000e+00 
 2.32850000e-09  1.13791796e-01  2.32850000e-09  1.02677313e+00  2.32850000e-09  1.20000000e+00 
 2.32950000e-09  1.11817127e-01  2.32950000e-09  1.03084627e+00  2.32950000e-09  1.20000000e+00 
 2.33050000e-09  1.09864616e-01  2.33050000e-09  1.03483689e+00  2.33050000e-09  1.20000000e+00 
 2.33150000e-09  1.07933721e-01  2.33150000e-09  1.03874530e+00  2.33150000e-09  1.20000000e+00 
 2.33250000e-09  1.06024009e-01  2.33250000e-09  1.04257197e+00  2.33250000e-09  1.20000000e+00 
 2.33350000e-09  1.04134002e-01  2.33350000e-09  1.04631908e+00  2.33350000e-09  1.20000000e+00 
 2.33450000e-09  1.02264628e-01  2.33450000e-09  1.04998587e+00  2.33450000e-09  1.20000000e+00 
 2.33550000e-09  1.00416834e-01  2.33550000e-09  1.05357272e+00  2.33550000e-09  1.20000000e+00 
 2.33650000e-09  9.85894034e-02  2.33650000e-09  1.05708095e+00  2.33650000e-09  1.20000000e+00 
 2.33750000e-09  9.67821884e-02  2.33750000e-09  1.06051111e+00  2.33750000e-09  1.20000000e+00 
 2.33850000e-09  9.49951582e-02  2.33850000e-09  1.06386451e+00  2.33850000e-09  1.20000000e+00 
 2.33950000e-09  9.32283410e-02  2.33950000e-09  1.06714204e+00  2.33950000e-09  1.20000000e+00 
 2.34050000e-09  9.14818099e-02  2.34050000e-09  1.07034506e+00  2.34050000e-09  1.20000000e+00 
 2.34150000e-09  8.97556524e-02  2.34150000e-09  1.07347463e+00  2.34150000e-09  1.20000000e+00 
 2.34250000e-09  8.80506946e-02  2.34250000e-09  1.07653124e+00  2.34250000e-09  1.20000000e+00 
 2.34350000e-09  8.63663122e-02  2.34350000e-09  1.07951686e+00  2.34350000e-09  1.20000000e+00 
 2.34450000e-09  8.47020065e-02  2.34450000e-09  1.08243308e+00  2.34450000e-09  1.20000000e+00 
 2.34550000e-09  8.30585921e-02  2.34550000e-09  1.08528095e+00  2.34550000e-09  1.20000000e+00 
 2.34650000e-09  8.14362316e-02  2.34650000e-09  1.08806211e+00  2.34650000e-09  1.20000000e+00 
 2.34750000e-09  7.98345284e-02  2.34750000e-09  1.09077831e+00  2.34750000e-09  1.20000000e+00 
 2.34850000e-09  7.82541887e-02  2.34850000e-09  1.09343050e+00  2.34850000e-09  1.20000000e+00 
 2.34950000e-09  7.66958109e-02  2.34950000e-09  1.09601974e+00  2.34950000e-09  1.20000000e+00 
 2.35050000e-09  7.51589857e-02  2.35050000e-09  1.09854759e+00  2.35050000e-09  1.20000000e+00 
 2.35150000e-09  7.36438188e-02  2.35150000e-09  1.10101508e+00  2.35150000e-09  1.20000000e+00 
 2.35250000e-09  7.21503735e-02  2.35250000e-09  1.10342372e+00  2.35250000e-09  1.20000000e+00 
 2.35350000e-09  7.06787480e-02  2.35350000e-09  1.10577463e+00  2.35350000e-09  1.20000000e+00 
 2.35450000e-09  6.92289926e-02  2.35450000e-09  1.10806923e+00  2.35450000e-09  1.20000000e+00 
 2.35550000e-09  6.78011737e-02  2.35550000e-09  1.11030869e+00  2.35550000e-09  1.20000000e+00 
 2.35650000e-09  6.63953109e-02  2.35650000e-09  1.11249435e+00  2.35650000e-09  1.20000000e+00 
 2.35750000e-09  6.50114372e-02  2.35750000e-09  1.11462735e+00  2.35750000e-09  1.20000000e+00 
 2.35850000e-09  6.36495389e-02  2.35850000e-09  1.11670900e+00  2.35850000e-09  1.20000000e+00 
 2.35950000e-09  6.23096160e-02  2.35950000e-09  1.11874041e+00  2.35950000e-09  1.20000000e+00 
 2.36050000e-09  6.09916216e-02  2.36050000e-09  1.12072281e+00  2.36050000e-09  1.20000000e+00 
 2.36150000e-09  5.96955228e-02  2.36150000e-09  1.12265730e+00  2.36150000e-09  1.20000000e+00 
 2.36250000e-09  5.84212410e-02  2.36250000e-09  1.12454505e+00  2.36250000e-09  1.20000000e+00 
 2.36350000e-09  5.71687116e-02  2.36350000e-09  1.12638713e+00  2.36350000e-09  1.20000000e+00 
 2.36450000e-09  5.59378264e-02  2.36450000e-09  1.12818466e+00  2.36450000e-09  1.20000000e+00 
 2.36550000e-09  5.47284907e-02  2.36550000e-09  1.12993865e+00  2.36550000e-09  1.20000000e+00 
 2.36650000e-09  5.35405690e-02  2.36650000e-09  1.13165018e+00  2.36650000e-09  1.20000000e+00 
 2.36750000e-09  5.23739388e-02  2.36750000e-09  1.13332023e+00  2.36750000e-09  1.20000000e+00 
 2.36850000e-09  5.12284397e-02  2.36850000e-09  1.13494983e+00  2.36850000e-09  1.20000000e+00 
 2.36950000e-09  5.01039239e-02  2.36950000e-09  1.13653990e+00  2.36950000e-09  1.20000000e+00 
 2.37050000e-09  4.90002090e-02  2.37050000e-09  1.13809144e+00  2.37050000e-09  1.20000000e+00 
 2.37150000e-09  4.79171244e-02  2.37150000e-09  1.13960533e+00  2.37150000e-09  1.20000000e+00 
 2.37250000e-09  4.68544685e-02  2.37250000e-09  1.14108250e+00  2.37250000e-09  1.20000000e+00 
 2.37350000e-09  4.58120504e-02  2.37350000e-09  1.14252382e+00  2.37350000e-09  1.20000000e+00 
 2.37450000e-09  4.47896521e-02  2.37450000e-09  1.14393017e+00  2.37450000e-09  1.20000000e+00 
 2.37550000e-09  4.37870653e-02  2.37550000e-09  1.14530237e+00  2.37550000e-09  1.20000000e+00 
 2.37650000e-09  4.28040578e-02  2.37650000e-09  1.14664125e+00  2.37650000e-09  1.20000000e+00 
 2.37750000e-09  4.18404067e-02  2.37750000e-09  1.14794762e+00  2.37750000e-09  1.20000000e+00 
 2.37850000e-09  4.08958683e-02  2.37850000e-09  1.14922226e+00  2.37850000e-09  1.20000000e+00 
 2.37950000e-09  3.99702072e-02  2.37950000e-09  1.15046592e+00  2.37950000e-09  1.20000000e+00 
 2.38050000e-09  3.90631705e-02  2.38050000e-09  1.15167937e+00  2.38050000e-09  1.20000000e+00 
 2.38150000e-09  3.81745131e-02  2.38150000e-09  1.15286332e+00  2.38150000e-09  1.20000000e+00 
 2.38250000e-09  3.73039748e-02  2.38250000e-09  1.15401849e+00  2.38250000e-09  1.20000000e+00 
 2.38350000e-09  3.64513028e-02  2.38350000e-09  1.15514557e+00  2.38350000e-09  1.20000000e+00 
 2.38450000e-09  3.56162317e-02  2.38450000e-09  1.15624524e+00  2.38450000e-09  1.20000000e+00 
 2.38550000e-09  3.47985031e-02  2.38550000e-09  1.15731816e+00  2.38550000e-09  1.20000000e+00 
 2.38650000e-09  3.39978481e-02  2.38650000e-09  1.15836498e+00  2.38650000e-09  1.20000000e+00 
 2.38750000e-09  3.32140044e-02  2.38750000e-09  1.15938631e+00  2.38750000e-09  1.20000000e+00 
 2.38850000e-09  3.24467012e-02  2.38850000e-09  1.16038279e+00  2.38850000e-09  1.20000000e+00 
 2.38950000e-09  3.16956741e-02  2.38950000e-09  1.16135500e+00  2.38950000e-09  1.20000000e+00 
 2.39050000e-09  3.09606520e-02  2.39050000e-09  1.16230354e+00  2.39050000e-09  1.20000000e+00 
 2.39150000e-09  3.02413695e-02  2.39150000e-09  1.16322896e+00  2.39150000e-09  1.20000000e+00 
 2.39250000e-09  2.95375563e-02  2.39250000e-09  1.16413184e+00  2.39250000e-09  1.20000000e+00 
 2.39350000e-09  2.88489477e-02  2.39350000e-09  1.16501272e+00  2.39350000e-09  1.20000000e+00 
 2.39450000e-09  2.81752753e-02  2.39450000e-09  1.16587212e+00  2.39450000e-09  1.20000000e+00 
 2.39550000e-09  2.75162760e-02  2.39550000e-09  1.16671056e+00  2.39550000e-09  1.20000000e+00 
 2.39650000e-09  2.68716842e-02  2.39650000e-09  1.16752855e+00  2.39650000e-09  1.20000000e+00 
 2.39750000e-09  2.62412397e-02  2.39750000e-09  1.16832659e+00  2.39750000e-09  1.20000000e+00 
 2.39850000e-09  2.56246804e-02  2.39850000e-09  1.16910515e+00  2.39850000e-09  1.20000000e+00 
 2.39950000e-09  2.50217495e-02  2.39950000e-09  1.16986470e+00  2.39950000e-09  1.20000000e+00 
 2.40050000e-09  2.44321895e-02  2.40050000e-09  1.17060571e+00  2.40050000e-09  1.20000000e+00 
 2.40150000e-09  2.38557478e-02  2.40150000e-09  1.17132862e+00  2.40150000e-09  1.20000000e+00 
 2.40250000e-09  2.32921716e-02  2.40250000e-09  1.17203387e+00  2.40250000e-09  1.20000000e+00 
 2.40350000e-09  2.27412134e-02  2.40350000e-09  1.17272189e+00  2.40350000e-09  1.20000000e+00 
 2.40450000e-09  2.22026259e-02  2.40450000e-09  1.17339309e+00  2.40450000e-09  1.20000000e+00 
 2.40550000e-09  2.16761666e-02  2.40550000e-09  1.17404787e+00  2.40550000e-09  1.20000000e+00 
 2.40650000e-09  2.11615942e-02  2.40650000e-09  1.17468665e+00  2.40650000e-09  1.20000000e+00 
 2.40750000e-09  2.06586721e-02  2.40750000e-09  1.17530980e+00  2.40750000e-09  1.20000000e+00 
 2.40850000e-09  2.01671649e-02  2.40850000e-09  1.17591770e+00  2.40850000e-09  1.20000000e+00 
 2.40950000e-09  1.96868421e-02  2.40950000e-09  1.17651072e+00  2.40950000e-09  1.20000000e+00 
 2.41050000e-09  1.92174748e-02  2.41050000e-09  1.17708922e+00  2.41050000e-09  1.20000000e+00 
 2.41150000e-09  1.87588387e-02  2.41150000e-09  1.17765356e+00  2.41150000e-09  1.20000000e+00 
 2.41250000e-09  1.83107116e-02  2.41250000e-09  1.17820407e+00  2.41250000e-09  1.20000000e+00 
 2.41350000e-09  1.78728756e-02  2.41350000e-09  1.17874110e+00  2.41350000e-09  1.20000000e+00 
 2.41450000e-09  1.74451151e-02  2.41450000e-09  1.17926496e+00  2.41450000e-09  1.20000000e+00 
 2.41550000e-09  1.70272190e-02  2.41550000e-09  1.17977598e+00  2.41550000e-09  1.20000000e+00 
 2.41650000e-09  1.66189783e-02  2.41650000e-09  1.18027448e+00  2.41650000e-09  1.20000000e+00 
 2.41750000e-09  1.62201887e-02  2.41750000e-09  1.18076075e+00  2.41750000e-09  1.20000000e+00 
 2.41850000e-09  1.58306480e-02  2.41850000e-09  1.18123509e+00  2.41850000e-09  1.20000000e+00 
 2.41950000e-09  1.54501586e-02  2.41950000e-09  1.18169779e+00  2.41950000e-09  1.20000000e+00 
 2.42050000e-09  1.50785251e-02  2.42050000e-09  1.18214913e+00  2.42050000e-09  1.20000000e+00 
 2.42150000e-09  1.47155565e-02  2.42150000e-09  1.18258940e+00  2.42150000e-09  1.20000000e+00 
 2.42250000e-09  1.43610643e-02  2.42250000e-09  1.18301886e+00  2.42250000e-09  1.20000000e+00 
 2.42350000e-09  1.40148642e-02  2.42350000e-09  1.18343777e+00  2.42350000e-09  1.20000000e+00 
 2.42450000e-09  1.36767745e-02  2.42450000e-09  1.18384639e+00  2.42450000e-09  1.20000000e+00 
 2.42550000e-09  1.33466172e-02  2.42550000e-09  1.18424497e+00  2.42550000e-09  1.20000000e+00 
 2.42650000e-09  1.30242173e-02  2.42650000e-09  1.18463375e+00  2.42650000e-09  1.20000000e+00 
 2.42750000e-09  1.27094036e-02  2.42750000e-09  1.18501298e+00  2.42750000e-09  1.20000000e+00 
 2.42850000e-09  1.24020074e-02  2.42850000e-09  1.18538289e+00  2.42850000e-09  1.20000000e+00 
 2.42950000e-09  1.21018639e-02  2.42950000e-09  1.18574370e+00  2.42950000e-09  1.20000000e+00 
 2.43050000e-09  1.18088108e-02  2.43050000e-09  1.18609564e+00  2.43050000e-09  1.20000000e+00 
 2.43150000e-09  1.15226897e-02  2.43150000e-09  1.18643892e+00  2.43150000e-09  1.20000000e+00 
 2.43250000e-09  1.12433446e-02  2.43250000e-09  1.18677376e+00  2.43250000e-09  1.20000000e+00 
 2.43350000e-09  1.09706231e-02  2.43350000e-09  1.18710035e+00  2.43350000e-09  1.20000000e+00 
 2.43450000e-09  1.07043753e-02  2.43450000e-09  1.18741891e+00  2.43450000e-09  1.20000000e+00 
 2.43550000e-09  1.04444549e-02  2.43550000e-09  1.18772963e+00  2.43550000e-09  1.20000000e+00 
 2.43650000e-09  1.01907180e-02  2.43650000e-09  1.18803270e+00  2.43650000e-09  1.20000000e+00 
 2.43750000e-09  9.94302417e-03  2.43750000e-09  1.18832830e+00  2.43750000e-09  1.20000000e+00 
 2.43850000e-09  9.70123526e-03  2.43850000e-09  1.18861663e+00  2.43850000e-09  1.20000000e+00 
 2.43950000e-09  9.46521645e-03  2.43950000e-09  1.18889785e+00  2.43950000e-09  1.20000000e+00 
 2.44050000e-09  9.23483537e-03  2.44050000e-09  1.18917214e+00  2.44050000e-09  1.20000000e+00 
 2.44150000e-09  9.00996268e-03  2.44150000e-09  1.18943968e+00  2.44150000e-09  1.20000000e+00 
 2.44250000e-09  8.79047148e-03  2.44250000e-09  1.18970063e+00  2.44250000e-09  1.20000000e+00 
 2.44350000e-09  8.57623779e-03  2.44350000e-09  1.18995514e+00  2.44350000e-09  1.20000000e+00 
 2.44450000e-09  8.36714002e-03  2.44450000e-09  1.19020338e+00  2.44450000e-09  1.20000000e+00 
 2.44550000e-09  8.16305939e-03  2.44550000e-09  1.19044550e+00  2.44550000e-09  1.20000000e+00 
 2.44650000e-09  7.96387943e-03  2.44650000e-09  1.19068165e+00  2.44650000e-09  1.20000000e+00 
 2.44750000e-09  7.76948638e-03  2.44750000e-09  1.19091197e+00  2.44750000e-09  1.20000000e+00 
 2.44850000e-09  7.57976873e-03  2.44850000e-09  1.19113662e+00  2.44850000e-09  1.20000000e+00 
 2.44950000e-09  7.39461758e-03  2.44950000e-09  1.19135572e+00  2.44950000e-09  1.20000000e+00 
 2.45050000e-09  7.21392620e-03  2.45050000e-09  1.19156943e+00  2.45050000e-09  1.20000000e+00 
 2.45150000e-09  7.03759036e-03  2.45150000e-09  1.19177785e+00  2.45150000e-09  1.20000000e+00 
 2.45250000e-09  6.86550798e-03  2.45250000e-09  1.19198114e+00  2.45250000e-09  1.20000000e+00 
 2.45350000e-09  6.69757932e-03  2.45350000e-09  1.19217941e+00  2.45350000e-09  1.20000000e+00 
 2.45450000e-09  6.53370674e-03  2.45450000e-09  1.19237278e+00  2.45450000e-09  1.20000000e+00 
 2.45550000e-09  6.37379487e-03  2.45550000e-09  1.19256139e+00  2.45550000e-09  1.20000000e+00 
 2.45650000e-09  6.21775035e-03  2.45650000e-09  1.19274534e+00  2.45650000e-09  1.20000000e+00 
 2.45750000e-09  6.06548200e-03  2.45750000e-09  1.19292474e+00  2.45750000e-09  1.20000000e+00 
 2.45850000e-09  5.91690058e-03  2.45850000e-09  1.19309972e+00  2.45850000e-09  1.20000000e+00 
 2.45950000e-09  5.77191893e-03  2.45950000e-09  1.19327038e+00  2.45950000e-09  1.20000000e+00 
 2.46050000e-09  5.63045178e-03  2.46050000e-09  1.19343682e+00  2.46050000e-09  1.20000000e+00 
 2.46150000e-09  5.49241584e-03  2.46150000e-09  1.19359915e+00  2.46150000e-09  1.20000000e+00 
 2.46250000e-09  5.35772965e-03  2.46250000e-09  1.19375748e+00  2.46250000e-09  1.20000000e+00 
 2.46350000e-09  5.22631363e-03  2.46350000e-09  1.19391189e+00  2.46350000e-09  1.20000000e+00 
 2.46450000e-09  5.09808999e-03  2.46450000e-09  1.19406249e+00  2.46450000e-09  1.20000000e+00 
 2.46550000e-09  4.97298272e-03  2.46550000e-09  1.19420937e+00  2.46550000e-09  1.20000000e+00 
 2.46650000e-09  4.85091752e-03  2.46650000e-09  1.19435261e+00  2.46650000e-09  1.20000000e+00 
 2.46750000e-09  4.73182184e-03  2.46750000e-09  1.19449232e+00  2.46750000e-09  1.20000000e+00 
 2.46850000e-09  4.61562472e-03  2.46850000e-09  1.19462858e+00  2.46850000e-09  1.20000000e+00 
 2.46950000e-09  4.50225690e-03  2.46950000e-09  1.19476147e+00  2.46950000e-09  1.20000000e+00 
 2.47050000e-09  4.39165066e-03  2.47050000e-09  1.19489108e+00  2.47050000e-09  1.20000000e+00 
 2.47150000e-09  4.28373988e-03  2.47150000e-09  1.19501748e+00  2.47150000e-09  1.20000000e+00 
 2.47250000e-09  4.17845993e-03  2.47250000e-09  1.19514076e+00  2.47250000e-09  1.20000000e+00 
 2.47350000e-09  4.07574772e-03  2.47350000e-09  1.19526100e+00  2.47350000e-09  1.20000000e+00 
 2.47450000e-09  3.97554157e-03  2.47450000e-09  1.19537826e+00  2.47450000e-09  1.20000000e+00 
 2.47550000e-09  3.87778130e-03  2.47550000e-09  1.19549262e+00  2.47550000e-09  1.20000000e+00 
 2.47650000e-09  3.78240805e-03  2.47650000e-09  1.19560415e+00  2.47650000e-09  1.20000000e+00 
 2.47750000e-09  3.68936441e-03  2.47750000e-09  1.19571293e+00  2.47750000e-09  1.20000000e+00 
 2.47850000e-09  3.59859425e-03  2.47850000e-09  1.19581902e+00  2.47850000e-09  1.20000000e+00 
 2.47950000e-09  3.51004280e-03  2.47950000e-09  1.19592248e+00  2.47950000e-09  1.20000000e+00 
 2.48050000e-09  3.42365652e-03  2.48050000e-09  1.19602339e+00  2.48050000e-09  1.20000000e+00 
 2.48150000e-09  3.33938318e-03  2.48150000e-09  1.19612180e+00  2.48150000e-09  1.20000000e+00 
 2.48250000e-09  3.25717174e-03  2.48250000e-09  1.19621778e+00  2.48250000e-09  1.20000000e+00 
 2.48350000e-09  3.17697237e-03  2.48350000e-09  1.19631138e+00  2.48350000e-09  1.20000000e+00 
 2.48450000e-09  3.09873642e-03  2.48450000e-09  1.19640267e+00  2.48450000e-09  1.20000000e+00 
 2.48550000e-09  3.02241639e-03  2.48550000e-09  1.19649170e+00  2.48550000e-09  1.20000000e+00 
 2.48650000e-09  2.94796589e-03  2.48650000e-09  1.19657853e+00  2.48650000e-09  1.20000000e+00 
 2.48750000e-09  2.87533963e-03  2.48750000e-09  1.19666321e+00  2.48750000e-09  1.20000000e+00 
 2.48850000e-09  2.80449339e-03  2.48850000e-09  1.19674580e+00  2.48850000e-09  1.20000000e+00 
 2.48950000e-09  2.73538401e-03  2.48950000e-09  1.19682634e+00  2.48950000e-09  1.20000000e+00 
 2.49050000e-09  2.66796934e-03  2.49050000e-09  1.19690489e+00  2.49050000e-09  1.20000000e+00 
 2.49150000e-09  2.60220824e-03  2.49150000e-09  1.19698150e+00  2.49150000e-09  1.20000000e+00 
 2.49250000e-09  2.53806054e-03  2.49250000e-09  1.19705621e+00  2.49250000e-09  1.20000000e+00 
 2.49350000e-09  2.47548705e-03  2.49350000e-09  1.19712907e+00  2.49350000e-09  1.20000000e+00 
 2.49450000e-09  2.41444948e-03  2.49450000e-09  1.19720014e+00  2.49450000e-09  1.20000000e+00 
 2.49550000e-09  2.35491048e-03  2.49550000e-09  1.19726944e+00  2.49550000e-09  1.20000000e+00 
 2.49650000e-09  2.29683356e-03  2.49650000e-09  1.19733703e+00  2.49650000e-09  1.20000000e+00 
 2.49750000e-09  2.24018315e-03  2.49750000e-09  1.19740294e+00  2.49750000e-09  1.20000000e+00 
 2.49850000e-09  2.18492449e-03  2.49850000e-09  1.19746723e+00  2.49850000e-09  1.20000000e+00 
 2.49925000e-09  2.14437443e-03  2.49925000e-09  1.19751439e+00  2.49925000e-09  1.20000000e+00 
 2.50000000e-09  2.10457410e-03  2.50000000e-09  1.19756068e+00  2.50000000e-09  1.20000000e+00 
 2.50010000e-09  1.74272987e-03  2.50010000e-09  1.19720474e+00  2.50010000e-09  1.19760000e+00 
 2.50030000e-09  8.67839595e-04  2.50030000e-09  1.19631127e+00  2.50030000e-09  1.19280000e+00 
 2.50070000e-09 -7.20318894e-04  2.50070000e-09  1.19460737e+00  2.50070000e-09  1.18320000e+00 
 2.50150000e-09 -2.95260689e-03  2.50150000e-09  1.19215127e+00  2.50150000e-09  1.16400000e+00 
 2.50250000e-09 -5.17027462e-03  2.50250000e-09  1.18969873e+00  2.50250000e-09  1.14000000e+00 
 2.50350000e-09 -6.99887029e-03  2.50350000e-09  1.18766912e+00  2.50350000e-09  1.11600000e+00 
 2.50450000e-09 -8.72004407e-03  2.50450000e-09  1.18578088e+00  2.50450000e-09  1.09200000e+00 
 2.50550000e-09 -1.03057216e-02  2.50550000e-09  1.18406238e+00  2.50550000e-09  1.06800000e+00 
 2.50650000e-09 -1.18443348e-02  2.50650000e-09  1.18243457e+00  2.50650000e-09  1.04400000e+00 
 2.50750000e-09 -1.32923225e-02  2.50750000e-09  1.18094041e+00  2.50750000e-09  1.02000000e+00 
 2.50850000e-09 -1.46992597e-02  2.50850000e-09  1.17953209e+00  2.50850000e-09  9.96000000e-01 
 2.50950000e-09 -1.60359135e-02  2.50950000e-09  1.17823420e+00  2.50950000e-09  9.72000000e-01 
 2.51050000e-09 -1.73364653e-02  2.51050000e-09  1.17701132e+00  2.51050000e-09  9.48000000e-01 
 2.51150000e-09 -1.85833642e-02  2.51150000e-09  1.17587514e+00  2.51150000e-09  9.24000000e-01 
 2.51250000e-09 -1.98026908e-02  2.51250000e-09  1.17479700e+00  2.51250000e-09  9.00000000e-01 
 2.51350000e-09 -2.09859454e-02  2.51350000e-09  1.17377797e+00  2.51350000e-09  8.76000000e-01 
 2.51440188e-09 -2.20421413e-02  2.51440188e-09  1.17288521e+00  2.51440188e-09  8.54354815e-01 
 2.51540188e-09 -2.31996090e-02  2.51540188e-09  1.17191516e+00  2.51540188e-09  8.30354815e-01 
 2.51640188e-09 -2.43642880e-02  2.51640188e-09  1.17093498e+00  2.51640188e-09  8.06354815e-01 
 2.51740188e-09 -2.55396149e-02  2.51740188e-09  1.16992721e+00  2.51740188e-09  7.82354815e-01 
 2.51840188e-09 -2.67425860e-02  2.51840188e-09  1.16886419e+00  2.51840188e-09  7.58354815e-01 
 2.51940188e-09 -2.79759810e-02  2.51940188e-09  1.16773066e+00  2.51940188e-09  7.34354815e-01 
 2.52040188e-09 -2.92514448e-02  2.52040188e-09  1.16650719e+00  2.52040188e-09  7.10354815e-01 
 2.52140188e-09 -3.05685912e-02  2.52140188e-09  1.16518641e+00  2.52140188e-09  6.86354815e-01 
 2.52240188e-09 -3.19328208e-02  2.52240188e-09  1.16375998e+00  2.52240188e-09  6.62354815e-01 
 2.52340188e-09 -3.33394815e-02  2.52340188e-09  1.16222947e+00  2.52340188e-09  6.38354815e-01 
 2.52440188e-09 -3.47849771e-02  2.52440188e-09  1.16060070e+00  2.52440188e-09  6.14354815e-01 
 2.52540188e-09 -3.62508705e-02  2.52540188e-09  1.15889732e+00  2.52540188e-09  5.90354815e-01 
 2.52640188e-09 -3.77104984e-02  2.52640188e-09  1.15715854e+00  2.52640188e-09  5.66354815e-01 
 2.52740188e-09 -3.91187873e-02  2.52740188e-09  1.15544307e+00  2.52740188e-09  5.42354815e-01 
 2.52840188e-09 -4.04239917e-02  2.52840188e-09  1.15381630e+00  2.52840188e-09  5.18354815e-01 
 2.52940188e-09 -4.15687655e-02  2.52940188e-09  1.15234270e+00  2.52940188e-09  4.94354815e-01 
 2.53040188e-09 -4.25070634e-02  2.53040188e-09  1.15107160e+00  2.53040188e-09  4.70354815e-01 
 2.53140188e-09 -4.32064214e-02  2.53140188e-09  1.15003372e+00  2.53140188e-09  4.46354815e-01 
 2.53240188e-09 -4.36545404e-02  2.53240188e-09  1.14923849e+00  2.53240188e-09  4.22354815e-01 
 2.53340188e-09 -4.38508324e-02  2.53340188e-09  1.14868099e+00  2.53340188e-09  3.98354815e-01 
 2.53440188e-09 -4.38044788e-02  2.53440188e-09  1.14834658e+00  2.53440188e-09  3.74354815e-01 
 2.53540188e-09 -4.35256940e-02  2.53540188e-09  1.14821805e+00  2.53540188e-09  3.50354815e-01 
 2.53640188e-09 -4.30256349e-02  2.53640188e-09  1.14827780e+00  2.53640188e-09  3.26354815e-01 
 2.53740188e-09 -4.23125806e-02  2.53740188e-09  1.14851005e+00  2.53740188e-09  3.02354815e-01 
 2.53840188e-09 -4.13951051e-02  2.53840188e-09  1.14889927e+00  2.53840188e-09  2.78354815e-01 
 2.53940188e-09 -4.02804933e-02  2.53940188e-09  1.14943043e+00  2.53940188e-09  2.54354815e-01 
 2.54040188e-09 -3.89764955e-02  2.54040188e-09  1.15008873e+00  2.54040188e-09  2.30354815e-01 
 2.54140188e-09 -3.74890780e-02  2.54140188e-09  1.15086082e+00  2.54140188e-09  2.06354815e-01 
 2.54240188e-09 -3.58242752e-02  2.54240188e-09  1.15173430e+00  2.54240188e-09  1.82354815e-01 
 2.54340188e-09 -3.39871782e-02  2.54340188e-09  1.15269781e+00  2.54340188e-09  1.58354815e-01 
 2.54440188e-09 -3.19833203e-02  2.54440188e-09  1.15374054e+00  2.54440188e-09  1.34354815e-01 
 2.54540188e-09 -2.98173647e-02  2.54540188e-09  1.15485277e+00  2.54540188e-09  1.10354815e-01 
 2.54640188e-09 -2.74940129e-02  2.54640188e-09  1.15602567e+00  2.54640188e-09  8.63548155e-02 
 2.54740188e-09 -2.50170223e-02  2.54740188e-09  1.15725153e+00  2.54740188e-09  6.23548155e-02 
 2.54840188e-09 -2.23900734e-02  2.54840188e-09  1.15852352e+00  2.54840188e-09  3.83548155e-02 
 2.54920094e-09 -2.01850940e-02  2.54920094e-09  1.15956915e+00  2.54920094e-09  1.91774077e-02 
 2.55000000e-09 -1.78877787e-02  2.55000000e-09  1.16063762e+00  2.55000000e-09  1.77635684e-15 
 2.55010000e-09 -1.72192244e-02  2.55010000e-09  1.16115835e+00  2.55010000e-09  0.00000000e+00 
 2.55030000e-09 -1.56838681e-02  2.55030000e-09  1.16244845e+00  2.55030000e-09  0.00000000e+00 
 2.55070000e-09 -1.25731669e-02  2.55070000e-09  1.16523255e+00  2.55070000e-09  0.00000000e+00 
 2.55150000e-09 -7.12330373e-03  2.55150000e-09  1.17013191e+00  2.55150000e-09  0.00000000e+00 
 2.55250000e-09 -1.12199822e-03  2.55250000e-09  1.17546981e+00  2.55250000e-09  0.00000000e+00 
 2.55350000e-09  4.00277385e-03  2.55350000e-09  1.17996856e+00  2.55350000e-09  0.00000000e+00 
 2.55450000e-09  8.50830828e-03  2.55450000e-09  1.18386623e+00  2.55450000e-09  0.00000000e+00 
 2.55550000e-09  1.24794543e-02  2.55550000e-09  1.18722756e+00  2.55550000e-09  0.00000000e+00 
 2.55650000e-09  1.60795579e-02  2.55650000e-09  1.19019632e+00  2.55650000e-09  0.00000000e+00 
 2.55750000e-09  1.93479917e-02  2.55750000e-09  1.19280411e+00  2.55750000e-09  0.00000000e+00 
 2.55850000e-09  2.23847317e-02  2.55850000e-09  1.19514130e+00  2.55850000e-09  0.00000000e+00 
 2.55950000e-09  2.52059793e-02  2.55950000e-09  1.19722350e+00  2.55950000e-09  0.00000000e+00 
 2.56050000e-09  2.78751707e-02  2.56050000e-09  1.19910904e+00  2.56050000e-09  0.00000000e+00 
 2.56150000e-09  3.03987264e-02  2.56150000e-09  1.20080658e+00  2.56150000e-09  0.00000000e+00 
 2.56250000e-09  3.28190270e-02  2.56250000e-09  1.20235570e+00  2.56250000e-09  0.00000000e+00 
 2.56350000e-09  3.51381244e-02  2.56350000e-09  1.20376191e+00  2.56350000e-09  0.00000000e+00 
 2.56450000e-09  3.73854691e-02  2.56450000e-09  1.20505297e+00  2.56450000e-09  0.00000000e+00 
 2.56550000e-09  3.95612345e-02  2.56550000e-09  1.20623286e+00  2.56550000e-09  0.00000000e+00 
 2.56650000e-09  4.16865004e-02  2.56650000e-09  1.20732158e+00  2.56650000e-09  0.00000000e+00 
 2.56750000e-09  4.37606727e-02  2.56750000e-09  1.20832233e+00  2.56750000e-09  0.00000000e+00 
 2.56850000e-09  4.57991760e-02  2.56850000e-09  1.20924978e+00  2.56850000e-09  0.00000000e+00 
 2.56950000e-09  4.78011459e-02  2.56950000e-09  1.21010666e+00  2.56950000e-09  0.00000000e+00 
 2.57050000e-09  4.97780564e-02  2.57050000e-09  1.21090392e+00  2.57050000e-09  0.00000000e+00 
 2.57150000e-09  5.17289920e-02  2.57150000e-09  1.21164393e+00  2.57150000e-09  0.00000000e+00 
 2.57250000e-09  5.36625960e-02  2.57250000e-09  1.21233499e+00  2.57250000e-09  0.00000000e+00 
 2.57350000e-09  5.55779961e-02  2.57350000e-09  1.21297918e+00  2.57350000e-09  0.00000000e+00 
 2.57450000e-09  5.74817679e-02  2.57450000e-09  1.21358286e+00  2.57450000e-09  0.00000000e+00 
 2.57550000e-09  5.93731195e-02  2.57550000e-09  1.21414785e+00  2.57550000e-09  0.00000000e+00 
 2.57650000e-09  6.12570939e-02  2.57650000e-09  1.21467909e+00  2.57650000e-09  0.00000000e+00 
 2.57750000e-09  6.31329912e-02  2.57750000e-09  1.21517819e+00  2.57750000e-09  0.00000000e+00 
 2.57850000e-09  6.50047059e-02  2.57850000e-09  1.21564900e+00  2.57850000e-09  0.00000000e+00 
 2.57950000e-09  6.68716296e-02  2.57950000e-09  1.21609294e+00  2.57950000e-09  0.00000000e+00 
 2.58050000e-09  6.87367889e-02  2.58050000e-09  1.21651305e+00  2.58050000e-09  0.00000000e+00 
 2.58150000e-09  7.05996614e-02  2.58150000e-09  1.21691057e+00  2.58150000e-09  0.00000000e+00 
 2.58250000e-09  7.24626132e-02  2.58250000e-09  1.21728794e+00  2.58250000e-09  0.00000000e+00 
 2.58350000e-09  7.43252009e-02  2.58350000e-09  1.21764625e+00  2.58350000e-09  0.00000000e+00 
 2.58450000e-09  7.61892852e-02  2.58450000e-09  1.21798744e+00  2.58450000e-09  0.00000000e+00 
 2.58550000e-09  7.80544938e-02  2.58550000e-09  1.21831248e+00  2.58550000e-09  0.00000000e+00 
 2.58650000e-09  7.99222994e-02  2.58650000e-09  1.21862294e+00  2.58650000e-09  0.00000000e+00 
 2.58750000e-09  8.17923930e-02  2.58750000e-09  1.21891969e+00  2.58750000e-09  0.00000000e+00 
 2.58850000e-09  8.36659486e-02  2.58850000e-09  1.21920400e+00  2.58850000e-09  0.00000000e+00 
 2.58950000e-09  8.55427139e-02  2.58950000e-09  1.21947662e+00  2.58950000e-09  0.00000000e+00 
 2.59050000e-09  8.74236316e-02  2.59050000e-09  1.21973863e+00  2.59050000e-09  0.00000000e+00 
 2.59150000e-09  8.93085002e-02  2.59150000e-09  1.21999068e+00  2.59150000e-09  0.00000000e+00 
 2.59250000e-09  9.11980840e-02  2.59250000e-09  1.22023365e+00  2.59250000e-09  0.00000000e+00 
 2.59350000e-09  9.30922262e-02  2.59350000e-09  1.22046814e+00  2.59350000e-09  0.00000000e+00 
 2.59450000e-09  9.49915533e-02  2.59450000e-09  1.22069488e+00  2.59450000e-09  0.00000000e+00 
 2.59550000e-09  9.68959488e-02  2.59550000e-09  1.22091440e+00  2.59550000e-09  0.00000000e+00 
 2.59650000e-09  9.88059326e-02  2.59650000e-09  1.22112732e+00  2.59650000e-09  0.00000000e+00 
 2.59750000e-09  1.00721424e-01  2.59750000e-09  1.22133411e+00  2.59750000e-09  0.00000000e+00 
 2.59850000e-09  1.02642862e-01  2.59850000e-09  1.22153531e+00  2.59850000e-09  0.00000000e+00 
 2.59950000e-09  1.04570198e-01  2.59950000e-09  1.22173134e+00  2.59950000e-09  0.00000000e+00 
 2.60050000e-09  1.06503807e-01  2.60050000e-09  1.22192264e+00  2.60050000e-09  0.00000000e+00 
 2.60150000e-09  1.08443672e-01  2.60150000e-09  1.22210961e+00  2.60150000e-09  0.00000000e+00 
 2.60250000e-09  1.10390121e-01  2.60250000e-09  1.22229263e+00  2.60250000e-09  0.00000000e+00 
 2.60350000e-09  1.12343162e-01  2.60350000e-09  1.22247206e+00  2.60350000e-09  0.00000000e+00 
 2.60450000e-09  1.14303089e-01  2.60450000e-09  1.22264823e+00  2.60450000e-09  0.00000000e+00 
 2.60550000e-09  1.16269935e-01  2.60550000e-09  1.22282146e+00  2.60550000e-09  0.00000000e+00 
 2.60650000e-09  1.18243968e-01  2.60650000e-09  1.22299206e+00  2.60650000e-09  0.00000000e+00 
 2.60750000e-09  1.20225244e-01  2.60750000e-09  1.22316031e+00  2.60750000e-09  0.00000000e+00 
 2.60850000e-09  1.22214014e-01  2.60850000e-09  1.22332649e+00  2.60850000e-09  0.00000000e+00 
 2.60950000e-09  1.24210355e-01  2.60950000e-09  1.22349085e+00  2.60950000e-09  0.00000000e+00 
 2.61050000e-09  1.26214507e-01  2.61050000e-09  1.22365364e+00  2.61050000e-09  0.00000000e+00 
 2.61150000e-09  1.28226569e-01  2.61150000e-09  1.22381511e+00  2.61150000e-09  0.00000000e+00 
 2.61250000e-09  1.30246772e-01  2.61250000e-09  1.22397548e+00  2.61250000e-09  0.00000000e+00 
 2.61350000e-09  1.32275236e-01  2.61350000e-09  1.22413498e+00  2.61350000e-09  0.00000000e+00 
 2.61450000e-09  1.34312192e-01  2.61450000e-09  1.22429381e+00  2.61450000e-09  0.00000000e+00 
 2.61550000e-09  1.36357776e-01  2.61550000e-09  1.22445218e+00  2.61550000e-09  0.00000000e+00 
 2.61650000e-09  1.38412220e-01  2.61650000e-09  1.22461029e+00  2.61650000e-09  0.00000000e+00 
 2.61750000e-09  1.40475683e-01  2.61750000e-09  1.22476833e+00  2.61750000e-09  0.00000000e+00 
 2.61850000e-09  1.42548398e-01  2.61850000e-09  1.22492648e+00  2.61850000e-09  0.00000000e+00 
 2.61950000e-09  1.44630543e-01  2.61950000e-09  1.22508494e+00  2.61950000e-09  0.00000000e+00 
 2.62050000e-09  1.46722359e-01  2.62050000e-09  1.22524388e+00  2.62050000e-09  0.00000000e+00 
 2.62150000e-09  1.48824040e-01  2.62150000e-09  1.22540347e+00  2.62150000e-09  0.00000000e+00 
 2.62250000e-09  1.50935838e-01  2.62250000e-09  1.22556388e+00  2.62250000e-09  0.00000000e+00 
 2.62350000e-09  1.53057966e-01  2.62350000e-09  1.22572528e+00  2.62350000e-09  0.00000000e+00 
 2.62450000e-09  1.55190684e-01  2.62450000e-09  1.22588783e+00  2.62450000e-09  0.00000000e+00 
 2.62550000e-09  1.57334224e-01  2.62550000e-09  1.22605170e+00  2.62550000e-09  0.00000000e+00 
 2.62650000e-09  1.59488860e-01  2.62650000e-09  1.22621705e+00  2.62650000e-09  0.00000000e+00 
 2.62750000e-09  1.61654840e-01  2.62750000e-09  1.22638404e+00  2.62750000e-09  0.00000000e+00 
 2.62850000e-09  1.63832452e-01  2.62850000e-09  1.22655281e+00  2.62850000e-09  0.00000000e+00 
 2.62950000e-09  1.66021963e-01  2.62950000e-09  1.22672354e+00  2.62950000e-09  0.00000000e+00 
 2.63050000e-09  1.68223674e-01  2.63050000e-09  1.22689636e+00  2.63050000e-09  0.00000000e+00 
 2.63150000e-09  1.70437872e-01  2.63150000e-09  1.22707144e+00  2.63150000e-09  0.00000000e+00 
 2.63250000e-09  1.72664870e-01  2.63250000e-09  1.22724893e+00  2.63250000e-09  0.00000000e+00 
 2.63350000e-09  1.74904974e-01  2.63350000e-09  1.22742898e+00  2.63350000e-09  0.00000000e+00 
 2.63450000e-09  1.77158514e-01  2.63450000e-09  1.22761173e+00  2.63450000e-09  0.00000000e+00 
 2.63550000e-09  1.79425811e-01  2.63550000e-09  1.22779735e+00  2.63550000e-09  0.00000000e+00 
 2.63650000e-09  1.81707209e-01  2.63650000e-09  1.22798597e+00  2.63650000e-09  0.00000000e+00 
 2.63750000e-09  1.84003048e-01  2.63750000e-09  1.22817775e+00  2.63750000e-09  0.00000000e+00 
 2.63850000e-09  1.86313687e-01  2.63850000e-09  1.22837283e+00  2.63850000e-09  0.00000000e+00 
 2.63950000e-09  1.88639479e-01  2.63950000e-09  1.22857136e+00  2.63950000e-09  0.00000000e+00 
 2.64050000e-09  1.90980797e-01  2.64050000e-09  1.22877348e+00  2.64050000e-09  0.00000000e+00 
 2.64150000e-09  1.93338009e-01  2.64150000e-09  1.22897934e+00  2.64150000e-09  0.00000000e+00 
 2.64250000e-09  1.95711497e-01  2.64250000e-09  1.22918909e+00  2.64250000e-09  0.00000000e+00 
 2.64350000e-09  1.98101643e-01  2.64350000e-09  1.22940285e+00  2.64350000e-09  0.00000000e+00 
 2.64450000e-09  2.00508838e-01  2.64450000e-09  1.22962076e+00  2.64450000e-09  0.00000000e+00 
 2.64550000e-09  2.02934612e-01  2.64550000e-09  1.22984406e+00  2.64550000e-09  0.00000000e+00 
 2.64650000e-09  2.05378853e-01  2.64650000e-09  1.23007254e+00  2.64650000e-09  0.00000000e+00 
 2.64750000e-09  2.07841113e-01  2.64750000e-09  1.23030507e+00  2.64750000e-09  0.00000000e+00 
 2.64850000e-09  2.10322136e-01  2.64850000e-09  1.23054210e+00  2.64850000e-09  0.00000000e+00 
 2.64950000e-09  2.12822179e-01  2.64950000e-09  1.23078380e+00  2.64950000e-09  0.00000000e+00 
 2.65050000e-09  2.15341728e-01  2.65050000e-09  1.23103036e+00  2.65050000e-09  0.00000000e+00 
 2.65150000e-09  2.17881103e-01  2.65150000e-09  1.23128187e+00  2.65150000e-09  0.00000000e+00 
 2.65250000e-09  2.20440737e-01  2.65250000e-09  1.23153845e+00  2.65250000e-09  0.00000000e+00 
 2.65350000e-09  2.23020973e-01  2.65350000e-09  1.23180019e+00  2.65350000e-09  0.00000000e+00 
 2.65450000e-09  2.25622208e-01  2.65450000e-09  1.23206716e+00  2.65450000e-09  0.00000000e+00 
 2.65550000e-09  2.28244785e-01  2.65550000e-09  1.23233944e+00  2.65550000e-09  0.00000000e+00 
 2.65650000e-09  2.30889067e-01  2.65650000e-09  1.23261708e+00  2.65650000e-09  0.00000000e+00 
 2.65750000e-09  2.33555380e-01  2.65750000e-09  1.23290013e+00  2.65750000e-09  0.00000000e+00 
 2.65850000e-09  2.36244053e-01  2.65850000e-09  1.23318863e+00  2.65850000e-09  0.00000000e+00 
 2.65950000e-09  2.38955380e-01  2.65950000e-09  1.23348259e+00  2.65950000e-09  0.00000000e+00 
 2.66050000e-09  2.41689650e-01  2.66050000e-09  1.23378201e+00  2.66050000e-09  0.00000000e+00 
 2.66150000e-09  2.44447118e-01  2.66150000e-09  1.23408690e+00  2.66150000e-09  0.00000000e+00 
 2.66250000e-09  2.47228023e-01  2.66250000e-09  1.23439720e+00  2.66250000e-09  0.00000000e+00 
 2.66350000e-09  2.50032573e-01  2.66350000e-09  1.23471289e+00  2.66350000e-09  0.00000000e+00 
 2.66450000e-09  2.52860951e-01  2.66450000e-09  1.23503390e+00  2.66450000e-09  0.00000000e+00 
 2.66550000e-09  2.55713310e-01  2.66550000e-09  1.23536015e+00  2.66550000e-09  0.00000000e+00 
 2.66650000e-09  2.58589772e-01  2.66650000e-09  1.23569155e+00  2.66650000e-09  0.00000000e+00 
 2.66750000e-09  2.61490428e-01  2.66750000e-09  1.23602798e+00  2.66750000e-09  0.00000000e+00 
 2.66850000e-09  2.64415336e-01  2.66850000e-09  1.23636931e+00  2.66850000e-09  0.00000000e+00 
 2.66950000e-09  2.67364521e-01  2.66950000e-09  1.23671540e+00  2.66950000e-09  0.00000000e+00 
 2.67050000e-09  2.70337975e-01  2.67050000e-09  1.23706609e+00  2.67050000e-09  0.00000000e+00 
 2.67150000e-09  2.73335655e-01  2.67150000e-09  1.23742121e+00  2.67150000e-09  0.00000000e+00 
 2.67250000e-09  2.76357486e-01  2.67250000e-09  1.23778055e+00  2.67250000e-09  0.00000000e+00 
 2.67350000e-09  2.79403360e-01  2.67350000e-09  1.23814393e+00  2.67350000e-09  0.00000000e+00 
 2.67450000e-09  2.82473136e-01  2.67450000e-09  1.23851112e+00  2.67450000e-09  0.00000000e+00 
 2.67550000e-09  2.85566644e-01  2.67550000e-09  1.23888192e+00  2.67550000e-09  0.00000000e+00 
 2.67650000e-09  2.88683683e-01  2.67650000e-09  1.23925609e+00  2.67650000e-09  0.00000000e+00 
 2.67750000e-09  2.91824023e-01  2.67750000e-09  1.23963339e+00  2.67750000e-09  0.00000000e+00 
 2.67850000e-09  2.94987412e-01  2.67850000e-09  1.24001359e+00  2.67850000e-09  0.00000000e+00 
 2.67950000e-09  2.98173569e-01  2.67950000e-09  1.24039644e+00  2.67950000e-09  0.00000000e+00 
 2.68050000e-09  3.01382195e-01  2.68050000e-09  1.24078170e+00  2.68050000e-09  0.00000000e+00 
 2.68150000e-09  3.04612966e-01  2.68150000e-09  1.24116914e+00  2.68150000e-09  0.00000000e+00 
 2.68250000e-09  3.07865546e-01  2.68250000e-09  1.24155850e+00  2.68250000e-09  0.00000000e+00 
 2.68350000e-09  3.11138680e-01  2.68350000e-09  1.24194871e+00  2.68350000e-09  0.00000000e+00 
 2.68450000e-09  3.14432265e-01  2.68450000e-09  1.24233963e+00  2.68450000e-09  0.00000000e+00 
 2.68550000e-09  3.17746680e-01  2.68550000e-09  1.24273204e+00  2.68550000e-09  0.00000000e+00 
 2.68650000e-09  3.21081329e-01  2.68650000e-09  1.24312570e+00  2.68650000e-09  0.00000000e+00 
 2.68750000e-09  3.24435922e-01  2.68750000e-09  1.24352031e+00  2.68750000e-09  0.00000000e+00 
 2.68850000e-09  3.27810014e-01  2.68850000e-09  1.24391561e+00  2.68850000e-09  0.00000000e+00 
 2.68950000e-09  3.31203246e-01  2.68950000e-09  1.24431140e+00  2.68950000e-09  0.00000000e+00 
 2.69050000e-09  3.34615198e-01  2.69050000e-09  1.24470750e+00  2.69050000e-09  0.00000000e+00 
 2.69150000e-09  3.38045485e-01  2.69150000e-09  1.24510371e+00  2.69150000e-09  0.00000000e+00 
 2.69250000e-09  3.41493698e-01  2.69250000e-09  1.24549987e+00  2.69250000e-09  0.00000000e+00 
 2.69350000e-09  3.44959441e-01  2.69350000e-09  1.24589582e+00  2.69350000e-09  0.00000000e+00 
 2.69450000e-09  3.48442315e-01  2.69450000e-09  1.24629142e+00  2.69450000e-09  0.00000000e+00 
 2.69550000e-09  3.51941928e-01  2.69550000e-09  1.24668653e+00  2.69550000e-09  0.00000000e+00 
 2.69650000e-09  3.55457891e-01  2.69650000e-09  1.24708103e+00  2.69650000e-09  0.00000000e+00 
 2.69750000e-09  3.58989819e-01  2.69750000e-09  1.24747480e+00  2.69750000e-09  0.00000000e+00 
 2.69850000e-09  3.62537336e-01  2.69850000e-09  1.24786773e+00  2.69850000e-09  0.00000000e+00 
 2.69950000e-09  3.66100071e-01  2.69950000e-09  1.24825972e+00  2.69950000e-09  0.00000000e+00 
 2.70050000e-09  3.69677661e-01  2.70050000e-09  1.24865068e+00  2.70050000e-09  0.00000000e+00 
 2.70150000e-09  3.73269747e-01  2.70150000e-09  1.24904053e+00  2.70150000e-09  0.00000000e+00 
 2.70250000e-09  3.76875984e-01  2.70250000e-09  1.24942919e+00  2.70250000e-09  0.00000000e+00 
 2.70350000e-09  3.80496480e-01  2.70350000e-09  1.24981689e+00  2.70350000e-09  0.00000000e+00 
 2.70450000e-09  3.84130835e-01  2.70450000e-09  1.25020366e+00  2.70450000e-09  0.00000000e+00 
 2.70550000e-09  3.87778318e-01  2.70550000e-09  1.25058911e+00  2.70550000e-09  0.00000000e+00 
 2.70650000e-09  3.91438708e-01  2.70650000e-09  1.25097302e+00  2.70650000e-09  0.00000000e+00 
 2.70750000e-09  3.95111630e-01  2.70750000e-09  1.25135538e+00  2.70750000e-09  0.00000000e+00 
 2.70850000e-09  3.98796801e-01  2.70850000e-09  1.25173614e+00  2.70850000e-09  0.00000000e+00 
 2.70950000e-09  4.02493891e-01  2.70950000e-09  1.25211525e+00  2.70950000e-09  0.00000000e+00 
 2.71050000e-09  4.06202611e-01  2.71050000e-09  1.25249267e+00  2.71050000e-09  0.00000000e+00 
 2.71150000e-09  4.09922658e-01  2.71150000e-09  1.25286835e+00  2.71150000e-09  0.00000000e+00 
 2.71250000e-09  4.13653748e-01  2.71250000e-09  1.25324222e+00  2.71250000e-09  0.00000000e+00 
 2.71350000e-09  4.17395598e-01  2.71350000e-09  1.25361423e+00  2.71350000e-09  0.00000000e+00 
 2.71450000e-09  4.21147927e-01  2.71450000e-09  1.25398433e+00  2.71450000e-09  0.00000000e+00 
 2.71550000e-09  4.24910465e-01  2.71550000e-09  1.25435244e+00  2.71550000e-09  0.00000000e+00 
 2.71650000e-09  4.28682938e-01  2.71650000e-09  1.25471850e+00  2.71650000e-09  0.00000000e+00 
 2.71750000e-09  4.32465081e-01  2.71750000e-09  1.25508242e+00  2.71750000e-09  0.00000000e+00 
 2.71850000e-09  4.36256625e-01  2.71850000e-09  1.25544413e+00  2.71850000e-09  0.00000000e+00 
 2.71950000e-09  4.40057309e-01  2.71950000e-09  1.25580353e+00  2.71950000e-09  0.00000000e+00 
 2.72050000e-09  4.43866864e-01  2.72050000e-09  1.25616052e+00  2.72050000e-09  0.00000000e+00 
 2.72150000e-09  4.47685032e-01  2.72150000e-09  1.25651498e+00  2.72150000e-09  0.00000000e+00 
 2.72250000e-09  4.51511543e-01  2.72250000e-09  1.25686679e+00  2.72250000e-09  0.00000000e+00 
 2.72350000e-09  4.55346136e-01  2.72350000e-09  1.25721582e+00  2.72350000e-09  0.00000000e+00 
 2.72450000e-09  4.59188540e-01  2.72450000e-09  1.25756192e+00  2.72450000e-09  0.00000000e+00 
 2.72550000e-09  4.63038491e-01  2.72550000e-09  1.25790493e+00  2.72550000e-09  0.00000000e+00 
 2.72650000e-09  4.66895714e-01  2.72650000e-09  1.25824467e+00  2.72650000e-09  0.00000000e+00 
 2.72750000e-09  4.70759939e-01  2.72750000e-09  1.25858094e+00  2.72750000e-09  0.00000000e+00 
 2.72850000e-09  4.74630889e-01  2.72850000e-09  1.25891356e+00  2.72850000e-09  0.00000000e+00 
 2.72950000e-09  4.78508288e-01  2.72950000e-09  1.25924230e+00  2.72950000e-09  0.00000000e+00 
 2.73050000e-09  4.82391855e-01  2.73050000e-09  1.25956692e+00  2.73050000e-09  0.00000000e+00 
 2.73150000e-09  4.86281311e-01  2.73150000e-09  1.25988718e+00  2.73150000e-09  0.00000000e+00 
 2.73250000e-09  4.90176372e-01  2.73250000e-09  1.26020281e+00  2.73250000e-09  0.00000000e+00 
 2.73350000e-09  4.94076757e-01  2.73350000e-09  1.26051355e+00  2.73350000e-09  0.00000000e+00 
 2.73450000e-09  4.97982183e-01  2.73450000e-09  1.26081910e+00  2.73450000e-09  0.00000000e+00 
 2.73550000e-09  5.01892374e-01  2.73550000e-09  1.26111916e+00  2.73550000e-09  0.00000000e+00 
 2.73650000e-09  5.05807051e-01  2.73650000e-09  1.26141344e+00  2.73650000e-09  0.00000000e+00 
 2.73750000e-09  5.09725968e-01  2.73750000e-09  1.26170215e+00  2.73750000e-09  0.00000000e+00 
 2.73850000e-09  5.13648856e-01  2.73850000e-09  1.26198443e+00  2.73850000e-09  0.00000000e+00 
 2.73950000e-09  5.17575250e-01  2.73950000e-09  1.26225945e+00  2.73950000e-09  0.00000000e+00 
 2.74050000e-09  5.21504973e-01  2.74050000e-09  1.26252738e+00  2.74050000e-09  0.00000000e+00 
 2.74150000e-09  5.25437891e-01  2.74150000e-09  1.26278790e+00  2.74150000e-09  0.00000000e+00 
 2.74250000e-09  5.29373740e-01  2.74250000e-09  1.26304070e+00  2.74250000e-09  0.00000000e+00 
 2.74350000e-09  5.33312376e-01  2.74350000e-09  1.26328547e+00  2.74350000e-09  0.00000000e+00 
 2.74450000e-09  5.37253604e-01  2.74450000e-09  1.26352192e+00  2.74450000e-09  0.00000000e+00 
 2.74550000e-09  5.41197301e-01  2.74550000e-09  1.26374974e+00  2.74550000e-09  0.00000000e+00 
 2.74650000e-09  5.45143329e-01  2.74650000e-09  1.26396866e+00  2.74650000e-09  0.00000000e+00 
 2.74750000e-09  5.49091607e-01  2.74750000e-09  1.26417843e+00  2.74750000e-09  0.00000000e+00 
 2.74850000e-09  5.53042060e-01  2.74850000e-09  1.26437880e+00  2.74850000e-09  0.00000000e+00 
 2.74950000e-09  5.56994659e-01  2.74950000e-09  1.26456954e+00  2.74950000e-09  0.00000000e+00 
 2.75050000e-09  5.60949396e-01  2.75050000e-09  1.26475044e+00  2.75050000e-09  0.00000000e+00 
 2.75150000e-09  5.64906304e-01  2.75150000e-09  1.26492133e+00  2.75150000e-09  0.00000000e+00 
 2.75250000e-09  5.68865444e-01  2.75250000e-09  1.26508204e+00  2.75250000e-09  0.00000000e+00 
 2.75350000e-09  5.72826917e-01  2.75350000e-09  1.26523241e+00  2.75350000e-09  0.00000000e+00 
 2.75450000e-09  5.76790854e-01  2.75450000e-09  1.26537234e+00  2.75450000e-09  0.00000000e+00 
 2.75550000e-09  5.80757425e-01  2.75550000e-09  1.26550172e+00  2.75550000e-09  0.00000000e+00 
 2.75650000e-09  5.84726830e-01  2.75650000e-09  1.26562046e+00  2.75650000e-09  0.00000000e+00 
 2.75750000e-09  5.88699307e-01  2.75750000e-09  1.26572849e+00  2.75750000e-09  0.00000000e+00 
 2.75850000e-09  5.92675124e-01  2.75850000e-09  1.26582576e+00  2.75850000e-09  0.00000000e+00 
 2.75950000e-09  5.96654581e-01  2.75950000e-09  1.26591223e+00  2.75950000e-09  0.00000000e+00 
 2.76050000e-09  6.00638011e-01  2.76050000e-09  1.26598789e+00  2.76050000e-09  0.00000000e+00 
 2.76150000e-09  6.04625775e-01  2.76150000e-09  1.26605270e+00  2.76150000e-09  0.00000000e+00 
 2.76250000e-09  6.08618262e-01  2.76250000e-09  1.26610668e+00  2.76250000e-09  0.00000000e+00 
 2.76350000e-09  6.12616480e-01  2.76350000e-09  1.26614897e+00  2.76350000e-09  0.00000000e+00 
 2.76450000e-09  6.16620513e-01  2.76450000e-09  1.26618029e+00  2.76450000e-09  0.00000000e+00 
 2.76550000e-09  6.20630614e-01  2.76550000e-09  1.26620161e+00  2.76550000e-09  0.00000000e+00 
 2.76650000e-09  6.24647454e-01  2.76650000e-09  1.26621227e+00  2.76650000e-09  0.00000000e+00 
 2.76750000e-09  6.28671356e-01  2.76750000e-09  1.26621218e+00  2.76750000e-09  0.00000000e+00 
 2.76850000e-09  6.32702997e-01  2.76850000e-09  1.26620139e+00  2.76850000e-09  0.00000000e+00 
 2.76950000e-09  6.36742838e-01  2.76950000e-09  1.26617991e+00  2.76950000e-09  0.00000000e+00 
 2.77050000e-09  6.40791507e-01  2.77050000e-09  1.26614778e+00  2.77050000e-09  0.00000000e+00 
 2.77150000e-09  6.44849549e-01  2.77150000e-09  1.26610500e+00  2.77150000e-09  0.00000000e+00 
 2.77250000e-09  6.48917594e-01  2.77250000e-09  1.26605162e+00  2.77250000e-09  0.00000000e+00 
 2.77350000e-09  6.52996239e-01  2.77350000e-09  1.26598763e+00  2.77350000e-09  0.00000000e+00 
 2.77450000e-09  6.57086128e-01  2.77450000e-09  1.26591307e+00  2.77450000e-09  0.00000000e+00 
 2.77550000e-09  6.61187894e-01  2.77550000e-09  1.26582793e+00  2.77550000e-09  0.00000000e+00 
 2.77650000e-09  6.65302195e-01  2.77650000e-09  1.26573222e+00  2.77650000e-09  0.00000000e+00 
 2.77750000e-09  6.69429686e-01  2.77750000e-09  1.26562595e+00  2.77750000e-09  0.00000000e+00 
 2.77850000e-09  6.73571034e-01  2.77850000e-09  1.26550910e+00  2.77850000e-09  0.00000000e+00 
 2.77950000e-09  6.77726905e-01  2.77950000e-09  1.26538166e+00  2.77950000e-09  0.00000000e+00 
 2.78050000e-09  6.81897966e-01  2.78050000e-09  1.26524360e+00  2.78050000e-09  0.00000000e+00 
 2.78150000e-09  6.86084881e-01  2.78150000e-09  1.26509490e+00  2.78150000e-09  0.00000000e+00 
 2.78250000e-09  6.90288309e-01  2.78250000e-09  1.26493549e+00  2.78250000e-09  0.00000000e+00 
 2.78350000e-09  6.94508898e-01  2.78350000e-09  1.26476533e+00  2.78350000e-09  0.00000000e+00 
 2.78450000e-09  6.98747283e-01  2.78450000e-09  1.26458434e+00  2.78450000e-09  0.00000000e+00 
 2.78550000e-09  7.03004084e-01  2.78550000e-09  1.26439245e+00  2.78550000e-09  0.00000000e+00 
 2.78650000e-09  7.07279894e-01  2.78650000e-09  1.26418956e+00  2.78650000e-09  0.00000000e+00 
 2.78750000e-09  7.11575288e-01  2.78750000e-09  1.26397556e+00  2.78750000e-09  0.00000000e+00 
 2.78850000e-09  7.15890803e-01  2.78850000e-09  1.26375032e+00  2.78850000e-09  0.00000000e+00 
 2.78950000e-09  7.20226946e-01  2.78950000e-09  1.26351369e+00  2.78950000e-09  0.00000000e+00 
 2.79050000e-09  7.24584181e-01  2.79050000e-09  1.26326552e+00  2.79050000e-09  0.00000000e+00 
 2.79150000e-09  7.28962930e-01  2.79150000e-09  1.26300564e+00  2.79150000e-09  0.00000000e+00 
 2.79250000e-09  7.33363561e-01  2.79250000e-09  1.26273385e+00  2.79250000e-09  0.00000000e+00 
 2.79350000e-09  7.37786390e-01  2.79350000e-09  1.26244994e+00  2.79350000e-09  0.00000000e+00 
 2.79450000e-09  7.42231672e-01  2.79450000e-09  1.26215369e+00  2.79450000e-09  0.00000000e+00 
 2.79550000e-09  7.46699598e-01  2.79550000e-09  1.26184486e+00  2.79550000e-09  0.00000000e+00 
 2.79650000e-09  7.51190290e-01  2.79650000e-09  1.26152319e+00  2.79650000e-09  0.00000000e+00 
 2.79750000e-09  7.55703796e-01  2.79750000e-09  1.26118842e+00  2.79750000e-09  0.00000000e+00 
 2.79850000e-09  7.60240087e-01  2.79850000e-09  1.26084025e+00  2.79850000e-09  0.00000000e+00 
 2.79950000e-09  7.64799054e-01  2.79950000e-09  1.26047839e+00  2.79950000e-09  0.00000000e+00 
 2.80050000e-09  7.69380502e-01  2.80050000e-09  1.26010253e+00  2.80050000e-09  0.00000000e+00 
 2.80150000e-09  7.73984151e-01  2.80150000e-09  1.25971236e+00  2.80150000e-09  0.00000000e+00 
 2.80250000e-09  7.78609629e-01  2.80250000e-09  1.25930754e+00  2.80250000e-09  0.00000000e+00 
 2.80350000e-09  7.83256473e-01  2.80350000e-09  1.25888773e+00  2.80350000e-09  0.00000000e+00 
 2.80450000e-09  7.87924129e-01  2.80450000e-09  1.25845259e+00  2.80450000e-09  0.00000000e+00 
 2.80550000e-09  7.92611945e-01  2.80550000e-09  1.25800177e+00  2.80550000e-09  0.00000000e+00 
 2.80650000e-09  7.97319175e-01  2.80650000e-09  1.25753491e+00  2.80650000e-09  0.00000000e+00 
 2.80750000e-09  8.02044978e-01  2.80750000e-09  1.25705164e+00  2.80750000e-09  0.00000000e+00 
 2.80850000e-09  8.06788416e-01  2.80850000e-09  1.25655161e+00  2.80850000e-09  0.00000000e+00 
 2.80950000e-09  8.11548455e-01  2.80950000e-09  1.25603443e+00  2.80950000e-09  0.00000000e+00 
 2.81050000e-09  8.16323967e-01  2.81050000e-09  1.25549974e+00  2.81050000e-09  0.00000000e+00 
 2.81150000e-09  8.21113730e-01  2.81150000e-09  1.25494717e+00  2.81150000e-09  0.00000000e+00 
 2.81250000e-09  8.25916428e-01  2.81250000e-09  1.25437636e+00  2.81250000e-09  0.00000000e+00 
 2.81350000e-09  8.30730656e-01  2.81350000e-09  1.25378695e+00  2.81350000e-09  0.00000000e+00 
 2.81450000e-09  8.35554920e-01  2.81450000e-09  1.25317858e+00  2.81450000e-09  0.00000000e+00 
 2.81550000e-09  8.40387640e-01  2.81550000e-09  1.25255094e+00  2.81550000e-09  0.00000000e+00 
 2.81650000e-09  8.45227155e-01  2.81650000e-09  1.25190372e+00  2.81650000e-09  0.00000000e+00 
 2.81750000e-09  8.50071726e-01  2.81750000e-09  1.25123663e+00  2.81750000e-09  0.00000000e+00 
 2.81850000e-09  8.54919539e-01  2.81850000e-09  1.25054946e+00  2.81850000e-09  0.00000000e+00 
 2.81950000e-09  8.59768712e-01  2.81950000e-09  1.24984202e+00  2.81950000e-09  0.00000000e+00 
 2.82050000e-09  8.64617300e-01  2.82050000e-09  1.24911418e+00  2.82050000e-09  0.00000000e+00 
 2.82150000e-09  8.69463296e-01  2.82150000e-09  1.24836591e+00  2.82150000e-09  0.00000000e+00 
 2.82250000e-09  8.74304642e-01  2.82250000e-09  1.24759724e+00  2.82250000e-09  0.00000000e+00 
 2.82350000e-09  8.79139234e-01  2.82350000e-09  1.24680830e+00  2.82350000e-09  0.00000000e+00 
 2.82450000e-09  8.83964922e-01  2.82450000e-09  1.24599934e+00  2.82450000e-09  0.00000000e+00 
 2.82550000e-09  8.88779526e-01  2.82550000e-09  1.24517070e+00  2.82550000e-09  0.00000000e+00 
 2.82650000e-09  8.93580836e-01  2.82650000e-09  1.24432285e+00  2.82650000e-09  0.00000000e+00 
 2.82750000e-09  8.98366624e-01  2.82750000e-09  1.24345638e+00  2.82750000e-09  0.00000000e+00 
 2.82850000e-09  9.03134653e-01  2.82850000e-09  1.24257198e+00  2.82850000e-09  0.00000000e+00 
 2.82950000e-09  9.07882691e-01  2.82950000e-09  1.24167045e+00  2.82950000e-09  0.00000000e+00 
 2.83050000e-09  9.12608519e-01  2.83050000e-09  1.24075271e+00  2.83050000e-09  0.00000000e+00 
 2.83150000e-09  9.17309945e-01  2.83150000e-09  1.23981974e+00  2.83150000e-09  0.00000000e+00 
 2.83250000e-09  9.21984818e-01  2.83250000e-09  1.23887260e+00  2.83250000e-09  0.00000000e+00 
 2.83350000e-09  9.26631041e-01  2.83350000e-09  1.23791242e+00  2.83350000e-09  0.00000000e+00 
 2.83450000e-09  9.31246581e-01  2.83450000e-09  1.23694035e+00  2.83450000e-09  0.00000000e+00 
 2.83550000e-09  9.35829477e-01  2.83550000e-09  1.23595759e+00  2.83550000e-09  0.00000000e+00 
 2.83650000e-09  9.40377853e-01  2.83650000e-09  1.23496534e+00  2.83650000e-09  0.00000000e+00 
 2.83750000e-09  9.44889922e-01  2.83750000e-09  1.23396479e+00  2.83750000e-09  0.00000000e+00 
 2.83850000e-09  9.49363990e-01  2.83850000e-09  1.23295715e+00  2.83850000e-09  0.00000000e+00 
 2.83950000e-09  9.53798462e-01  2.83950000e-09  1.23194358e+00  2.83950000e-09  0.00000000e+00 
 2.84050000e-09  9.58191839e-01  2.84050000e-09  1.23092524e+00  2.84050000e-09  0.00000000e+00 
 2.84150000e-09  9.62542725e-01  2.84150000e-09  1.22990326e+00  2.84150000e-09  0.00000000e+00 
 2.84250000e-09  9.66849820e-01  2.84250000e-09  1.22887871e+00  2.84250000e-09  0.00000000e+00 
 2.84350000e-09  9.71111922e-01  2.84350000e-09  1.22785265e+00  2.84350000e-09  0.00000000e+00 
 2.84450000e-09  9.75327926e-01  2.84450000e-09  1.22682611e+00  2.84450000e-09  0.00000000e+00 
 2.84550000e-09  9.79496818e-01  2.84550000e-09  1.22580004e+00  2.84550000e-09  0.00000000e+00 
 2.84650000e-09  9.83617676e-01  2.84650000e-09  1.22477540e+00  2.84650000e-09  0.00000000e+00 
 2.84750000e-09  9.87689664e-01  2.84750000e-09  1.22375308e+00  2.84750000e-09  0.00000000e+00 
 2.84850000e-09  9.91712030e-01  2.84850000e-09  1.22273393e+00  2.84850000e-09  0.00000000e+00 
 2.84950000e-09  9.95684102e-01  2.84950000e-09  1.22171878e+00  2.84950000e-09  0.00000000e+00 
 2.85050000e-09  9.99605289e-01  2.85050000e-09  1.22070840e+00  2.85050000e-09  0.00000000e+00 
 2.85150000e-09  1.00347507e+00  2.85150000e-09  1.21970355e+00  2.85150000e-09  0.00000000e+00 
 2.85250000e-09  1.00729300e+00  2.85250000e-09  1.21870493e+00  2.85250000e-09  0.00000000e+00 
 2.85350000e-09  1.01105869e+00  2.85350000e-09  1.21771320e+00  2.85350000e-09  0.00000000e+00 
 2.85450000e-09  1.01477184e+00  2.85450000e-09  1.21672901e+00  2.85450000e-09  0.00000000e+00 
 2.85550000e-09  1.01843307e+00  2.85550000e-09  1.21575356e+00  2.85550000e-09  0.00000000e+00 
 2.85650000e-09  1.02204130e+00  2.85650000e-09  1.21478695e+00  2.85650000e-09  0.00000000e+00 
 2.85750000e-09  1.02559592e+00  2.85750000e-09  1.21382912e+00  2.85750000e-09  0.00000000e+00 
 2.85850000e-09  1.02909732e+00  2.85850000e-09  1.21288095e+00  2.85850000e-09  0.00000000e+00 
 2.85950000e-09  1.03254535e+00  2.85950000e-09  1.21194288e+00  2.85950000e-09  0.00000000e+00 
 2.86050000e-09  1.03594014e+00  2.86050000e-09  1.21101541e+00  2.86050000e-09  0.00000000e+00 
 2.86150000e-09  1.03928166e+00  2.86150000e-09  1.21009894e+00  2.86150000e-09  0.00000000e+00 
 2.86250000e-09  1.04257008e+00  2.86250000e-09  1.20919389e+00  2.86250000e-09  0.00000000e+00 
 2.86350000e-09  1.04580548e+00  2.86350000e-09  1.20830060e+00  2.86350000e-09  0.00000000e+00 
 2.86450000e-09  1.04898809e+00  2.86450000e-09  1.20741941e+00  2.86450000e-09  0.00000000e+00 
 2.86550000e-09  1.05211809e+00  2.86550000e-09  1.20655064e+00  2.86550000e-09  0.00000000e+00 
 2.86650000e-09  1.05519575e+00  2.86650000e-09  1.20569457e+00  2.86650000e-09  0.00000000e+00 
 2.86750000e-09  1.05822131e+00  2.86750000e-09  1.20485145e+00  2.86750000e-09  0.00000000e+00 
 2.86850000e-09  1.06119512e+00  2.86850000e-09  1.20402152e+00  2.86850000e-09  0.00000000e+00 
 2.86950000e-09  1.06411749e+00  2.86950000e-09  1.20320500e+00  2.86950000e-09  0.00000000e+00 
 2.87050000e-09  1.06698879e+00  2.87050000e-09  1.20240207e+00  2.87050000e-09  0.00000000e+00 
 2.87150000e-09  1.06980939e+00  2.87150000e-09  1.20161290e+00  2.87150000e-09  0.00000000e+00 
 2.87250000e-09  1.07257972e+00  2.87250000e-09  1.20083764e+00  2.87250000e-09  0.00000000e+00 
 2.87350000e-09  1.07530019e+00  2.87350000e-09  1.20007642e+00  2.87350000e-09  0.00000000e+00 
 2.87450000e-09  1.07797126e+00  2.87450000e-09  1.19932934e+00  2.87450000e-09  0.00000000e+00 
 2.87550000e-09  1.08059338e+00  2.87550000e-09  1.19859650e+00  2.87550000e-09  0.00000000e+00 
 2.87650000e-09  1.08316705e+00  2.87650000e-09  1.19787797e+00  2.87650000e-09  0.00000000e+00 
 2.87750000e-09  1.08569274e+00  2.87750000e-09  1.19717381e+00  2.87750000e-09  0.00000000e+00 
 2.87850000e-09  1.08817099e+00  2.87850000e-09  1.19648406e+00  2.87850000e-09  0.00000000e+00 
 2.87950000e-09  1.09060230e+00  2.87950000e-09  1.19580874e+00  2.87950000e-09  0.00000000e+00 
 2.88050000e-09  1.09298722e+00  2.88050000e-09  1.19514787e+00  2.88050000e-09  0.00000000e+00 
 2.88150000e-09  1.09532628e+00  2.88150000e-09  1.19450143e+00  2.88150000e-09  0.00000000e+00 
 2.88250000e-09  1.09762005e+00  2.88250000e-09  1.19386942e+00  2.88250000e-09  0.00000000e+00 
 2.88350000e-09  1.09986907e+00  2.88350000e-09  1.19325181e+00  2.88350000e-09  0.00000000e+00 
 2.88450000e-09  1.10207393e+00  2.88450000e-09  1.19264855e+00  2.88450000e-09  0.00000000e+00 
 2.88550000e-09  1.10423519e+00  2.88550000e-09  1.19205959e+00  2.88550000e-09  0.00000000e+00 
 2.88650000e-09  1.10635344e+00  2.88650000e-09  1.19148486e+00  2.88650000e-09  0.00000000e+00 
 2.88750000e-09  1.10842926e+00  2.88750000e-09  1.19092431e+00  2.88750000e-09  0.00000000e+00 
 2.88850000e-09  1.11046324e+00  2.88850000e-09  1.19037783e+00  2.88850000e-09  0.00000000e+00 
 2.88950000e-09  1.11245598e+00  2.88950000e-09  1.18984535e+00  2.88950000e-09  0.00000000e+00 
 2.89050000e-09  1.11440807e+00  2.89050000e-09  1.18932675e+00  2.89050000e-09  0.00000000e+00 
 2.89150000e-09  1.11632011e+00  2.89150000e-09  1.18882193e+00  2.89150000e-09  0.00000000e+00 
 2.89250000e-09  1.11819269e+00  2.89250000e-09  1.18833078e+00  2.89250000e-09  0.00000000e+00 
 2.89350000e-09  1.12002641e+00  2.89350000e-09  1.18785317e+00  2.89350000e-09  0.00000000e+00 
 2.89450000e-09  1.12182188e+00  2.89450000e-09  1.18738897e+00  2.89450000e-09  0.00000000e+00 
 2.89550000e-09  1.12357968e+00  2.89550000e-09  1.18693804e+00  2.89550000e-09  0.00000000e+00 
 2.89650000e-09  1.12530042e+00  2.89650000e-09  1.18650025e+00  2.89650000e-09  0.00000000e+00 
 2.89750000e-09  1.12698470e+00  2.89750000e-09  1.18607544e+00  2.89750000e-09  0.00000000e+00 
 2.89850000e-09  1.12863309e+00  2.89850000e-09  1.18566347e+00  2.89850000e-09  0.00000000e+00 
 2.89950000e-09  1.13024621e+00  2.89950000e-09  1.18526418e+00  2.89950000e-09  0.00000000e+00 
 2.90050000e-09  1.13182463e+00  2.90050000e-09  1.18487740e+00  2.90050000e-09  0.00000000e+00 
 2.90150000e-09  1.13336894e+00  2.90150000e-09  1.18450298e+00  2.90150000e-09  0.00000000e+00 
 2.90250000e-09  1.13487972e+00  2.90250000e-09  1.18414075e+00  2.90250000e-09  0.00000000e+00 
 2.90350000e-09  1.13635755e+00  2.90350000e-09  1.18379054e+00  2.90350000e-09  0.00000000e+00 
 2.90450000e-09  1.13780300e+00  2.90450000e-09  1.18345217e+00  2.90450000e-09  0.00000000e+00 
 2.90550000e-09  1.13921665e+00  2.90550000e-09  1.18312548e+00  2.90550000e-09  0.00000000e+00 
 2.90650000e-09  1.14059905e+00  2.90650000e-09  1.18281027e+00  2.90650000e-09  0.00000000e+00 
 2.90750000e-09  1.14195078e+00  2.90750000e-09  1.18250638e+00  2.90750000e-09  0.00000000e+00 
 2.90850000e-09  1.14327237e+00  2.90850000e-09  1.18221362e+00  2.90850000e-09  0.00000000e+00 
 2.90950000e-09  1.14456439e+00  2.90950000e-09  1.18193181e+00  2.90950000e-09  0.00000000e+00 
 2.91050000e-09  1.14582738e+00  2.91050000e-09  1.18166077e+00  2.91050000e-09  0.00000000e+00 
 2.91150000e-09  1.14706187e+00  2.91150000e-09  1.18140032e+00  2.91150000e-09  0.00000000e+00 
 2.91250000e-09  1.14826840e+00  2.91250000e-09  1.18115026e+00  2.91250000e-09  0.00000000e+00 
 2.91350000e-09  1.14944750e+00  2.91350000e-09  1.18091041e+00  2.91350000e-09  0.00000000e+00 
 2.91450000e-09  1.15059968e+00  2.91450000e-09  1.18068059e+00  2.91450000e-09  0.00000000e+00 
 2.91550000e-09  1.15172546e+00  2.91550000e-09  1.18046062e+00  2.91550000e-09  0.00000000e+00 
 2.91650000e-09  1.15282535e+00  2.91650000e-09  1.18025030e+00  2.91650000e-09  0.00000000e+00 
 2.91750000e-09  1.15389986e+00  2.91750000e-09  1.18004946e+00  2.91750000e-09  0.00000000e+00 
 2.91850000e-09  1.15494947e+00  2.91850000e-09  1.17985790e+00  2.91850000e-09  0.00000000e+00 
 2.91950000e-09  1.15597468e+00  2.91950000e-09  1.17967546e+00  2.91950000e-09  0.00000000e+00 
 2.92050000e-09  1.15697597e+00  2.92050000e-09  1.17950193e+00  2.92050000e-09  0.00000000e+00 
 2.92150000e-09  1.15795382e+00  2.92150000e-09  1.17933714e+00  2.92150000e-09  0.00000000e+00 
 2.92250000e-09  1.15890869e+00  2.92250000e-09  1.17918091e+00  2.92250000e-09  0.00000000e+00 
 2.92350000e-09  1.15984105e+00  2.92350000e-09  1.17903306e+00  2.92350000e-09  0.00000000e+00 
 2.92450000e-09  1.16075135e+00  2.92450000e-09  1.17889340e+00  2.92450000e-09  0.00000000e+00 
 2.92550000e-09  1.16164004e+00  2.92550000e-09  1.17876177e+00  2.92550000e-09  0.00000000e+00 
 2.92650000e-09  1.16250758e+00  2.92650000e-09  1.17863799e+00  2.92650000e-09  0.00000000e+00 
 2.92750000e-09  1.16335438e+00  2.92750000e-09  1.17852188e+00  2.92750000e-09  0.00000000e+00 
 2.92850000e-09  1.16418088e+00  2.92850000e-09  1.17841326e+00  2.92850000e-09  0.00000000e+00 
 2.92950000e-09  1.16498751e+00  2.92950000e-09  1.17831198e+00  2.92950000e-09  0.00000000e+00 
 2.93050000e-09  1.16577468e+00  2.93050000e-09  1.17821785e+00  2.93050000e-09  0.00000000e+00 
 2.93150000e-09  1.16654280e+00  2.93150000e-09  1.17813071e+00  2.93150000e-09  0.00000000e+00 
 2.93250000e-09  1.16729227e+00  2.93250000e-09  1.17805039e+00  2.93250000e-09  0.00000000e+00 
 2.93350000e-09  1.16802348e+00  2.93350000e-09  1.17797674e+00  2.93350000e-09  0.00000000e+00 
 2.93450000e-09  1.16873684e+00  2.93450000e-09  1.17790958e+00  2.93450000e-09  0.00000000e+00 
 2.93550000e-09  1.16943271e+00  2.93550000e-09  1.17784876e+00  2.93550000e-09  0.00000000e+00 
 2.93650000e-09  1.17011147e+00  2.93650000e-09  1.17779412e+00  2.93650000e-09  0.00000000e+00 
 2.93750000e-09  1.17077351e+00  2.93750000e-09  1.17774550e+00  2.93750000e-09  0.00000000e+00 
 2.93850000e-09  1.17141917e+00  2.93850000e-09  1.17770276e+00  2.93850000e-09  0.00000000e+00 
 2.93950000e-09  1.17204881e+00  2.93950000e-09  1.17766573e+00  2.93950000e-09  0.00000000e+00 
 2.94050000e-09  1.17266280e+00  2.94050000e-09  1.17763428e+00  2.94050000e-09  0.00000000e+00 
 2.94150000e-09  1.17326146e+00  2.94150000e-09  1.17760824e+00  2.94150000e-09  0.00000000e+00 
 2.94250000e-09  1.17384515e+00  2.94250000e-09  1.17758749e+00  2.94250000e-09  0.00000000e+00 
 2.94350000e-09  1.17441418e+00  2.94350000e-09  1.17757186e+00  2.94350000e-09  0.00000000e+00 
 2.94450000e-09  1.17496890e+00  2.94450000e-09  1.17756123e+00  2.94450000e-09  0.00000000e+00 
 2.94550000e-09  1.17550961e+00  2.94550000e-09  1.17755546e+00  2.94550000e-09  0.00000000e+00 
 2.94650000e-09  1.17603663e+00  2.94650000e-09  1.17755441e+00  2.94650000e-09  0.00000000e+00 
 2.94750000e-09  1.17655027e+00  2.94750000e-09  1.17755794e+00  2.94750000e-09  0.00000000e+00 
 2.94850000e-09  1.17705084e+00  2.94850000e-09  1.17756592e+00  2.94850000e-09  0.00000000e+00 
 2.94950000e-09  1.17753863e+00  2.94950000e-09  1.17757823e+00  2.94950000e-09  0.00000000e+00 
 2.95050000e-09  1.17801392e+00  2.95050000e-09  1.17759473e+00  2.95050000e-09  0.00000000e+00 
 2.95150000e-09  1.17847702e+00  2.95150000e-09  1.17761531e+00  2.95150000e-09  0.00000000e+00 
 2.95250000e-09  1.17892819e+00  2.95250000e-09  1.17763984e+00  2.95250000e-09  0.00000000e+00 
 2.95350000e-09  1.17936771e+00  2.95350000e-09  1.17766819e+00  2.95350000e-09  0.00000000e+00 
 2.95450000e-09  1.17979585e+00  2.95450000e-09  1.17770026e+00  2.95450000e-09  0.00000000e+00 
 2.95550000e-09  1.18021288e+00  2.95550000e-09  1.17773592e+00  2.95550000e-09  0.00000000e+00 
 2.95650000e-09  1.18061905e+00  2.95650000e-09  1.17777507e+00  2.95650000e-09  0.00000000e+00 
 2.95750000e-09  1.18101462e+00  2.95750000e-09  1.17781758e+00  2.95750000e-09  0.00000000e+00 
 2.95850000e-09  1.18139983e+00  2.95850000e-09  1.17786335e+00  2.95850000e-09  0.00000000e+00 
 2.95950000e-09  1.18177494e+00  2.95950000e-09  1.17791228e+00  2.95950000e-09  0.00000000e+00 
 2.96050000e-09  1.18214017e+00  2.96050000e-09  1.17796425e+00  2.96050000e-09  0.00000000e+00 
 2.96150000e-09  1.18249576e+00  2.96150000e-09  1.17801917e+00  2.96150000e-09  0.00000000e+00 
 2.96250000e-09  1.18284194e+00  2.96250000e-09  1.17807693e+00  2.96250000e-09  0.00000000e+00 
 2.96350000e-09  1.18317894e+00  2.96350000e-09  1.17813744e+00  2.96350000e-09  0.00000000e+00 
 2.96450000e-09  1.18350698e+00  2.96450000e-09  1.17820060e+00  2.96450000e-09  0.00000000e+00 
 2.96550000e-09  1.18382626e+00  2.96550000e-09  1.17826631e+00  2.96550000e-09  0.00000000e+00 
 2.96650000e-09  1.18413700e+00  2.96650000e-09  1.17833448e+00  2.96650000e-09  0.00000000e+00 
 2.96750000e-09  1.18443942e+00  2.96750000e-09  1.17840501e+00  2.96750000e-09  0.00000000e+00 
 2.96850000e-09  1.18473370e+00  2.96850000e-09  1.17847783e+00  2.96850000e-09  0.00000000e+00 
 2.96950000e-09  1.18502005e+00  2.96950000e-09  1.17855285e+00  2.96950000e-09  0.00000000e+00 
 2.97050000e-09  1.18529866e+00  2.97050000e-09  1.17862997e+00  2.97050000e-09  0.00000000e+00 
 2.97150000e-09  1.18556972e+00  2.97150000e-09  1.17870912e+00  2.97150000e-09  0.00000000e+00 
 2.97250000e-09  1.18583342e+00  2.97250000e-09  1.17879021e+00  2.97250000e-09  0.00000000e+00 
 2.97350000e-09  1.18608994e+00  2.97350000e-09  1.17887317e+00  2.97350000e-09  0.00000000e+00 
 2.97450000e-09  1.18633945e+00  2.97450000e-09  1.17895792e+00  2.97450000e-09  0.00000000e+00 
 2.97550000e-09  1.18658212e+00  2.97550000e-09  1.17904438e+00  2.97550000e-09  0.00000000e+00 
 2.97650000e-09  1.18681814e+00  2.97650000e-09  1.17913247e+00  2.97650000e-09  0.00000000e+00 
 2.97750000e-09  1.18704767e+00  2.97750000e-09  1.17922213e+00  2.97750000e-09  0.00000000e+00 
 2.97850000e-09  1.18727086e+00  2.97850000e-09  1.17931329e+00  2.97850000e-09  0.00000000e+00 
 2.97950000e-09  1.18748788e+00  2.97950000e-09  1.17940587e+00  2.97950000e-09  0.00000000e+00 
 2.98050000e-09  1.18769888e+00  2.98050000e-09  1.17949982e+00  2.98050000e-09  0.00000000e+00 
 2.98150000e-09  1.18790402e+00  2.98150000e-09  1.17959505e+00  2.98150000e-09  0.00000000e+00 
 2.98250000e-09  1.18810344e+00  2.98250000e-09  1.17969152e+00  2.98250000e-09  0.00000000e+00 
 2.98350000e-09  1.18829729e+00  2.98350000e-09  1.17978915e+00  2.98350000e-09  0.00000000e+00 
 2.98450000e-09  1.18848571e+00  2.98450000e-09  1.17988789e+00  2.98450000e-09  0.00000000e+00 
 2.98550000e-09  1.18866884e+00  2.98550000e-09  1.17998767e+00  2.98550000e-09  0.00000000e+00 
 2.98650000e-09  1.18884682e+00  2.98650000e-09  1.18008845e+00  2.98650000e-09  0.00000000e+00 
 2.98750000e-09  1.18901978e+00  2.98750000e-09  1.18019015e+00  2.98750000e-09  0.00000000e+00 
 2.98850000e-09  1.18918785e+00  2.98850000e-09  1.18029274e+00  2.98850000e-09  0.00000000e+00 
 2.98950000e-09  1.18935116e+00  2.98950000e-09  1.18039615e+00  2.98950000e-09  0.00000000e+00 
 2.99050000e-09  1.18950983e+00  2.99050000e-09  1.18050033e+00  2.99050000e-09  0.00000000e+00 
 2.99150000e-09  1.18966398e+00  2.99150000e-09  1.18060523e+00  2.99150000e-09  0.00000000e+00 
 2.99250000e-09  1.18981373e+00  2.99250000e-09  1.18071080e+00  2.99250000e-09  0.00000000e+00 
 2.99350000e-09  1.18995920e+00  2.99350000e-09  1.18081700e+00  2.99350000e-09  0.00000000e+00 
 2.99450000e-09  1.19010050e+00  2.99450000e-09  1.18092378e+00  2.99450000e-09  0.00000000e+00 
 2.99550000e-09  1.19023773e+00  2.99550000e-09  1.18103109e+00  2.99550000e-09  0.00000000e+00 
 2.99650000e-09  1.19037102e+00  2.99650000e-09  1.18113888e+00  2.99650000e-09  0.00000000e+00 
 2.99750000e-09  1.19050046e+00  2.99750000e-09  1.18124713e+00  2.99750000e-09  0.00000000e+00 
 2.99850000e-09  1.19062616e+00  2.99850000e-09  1.18135577e+00  2.99850000e-09  0.00000000e+00 
 2.99925000e-09  1.19071802e+00  2.99925000e-09  1.18143749e+00  2.99925000e-09  0.00000000e+00 
 3.00000000e-09  1.19080787e+00  3.00000000e-09  1.18151939e+00  3.00000000e-09  0.00000000e+00 
 3.00010000e-09  1.19126848e+00  3.00010000e-09  1.18197908e+00  3.00010000e-09  2.40000000e-03 
 3.00030000e-09  1.19251226e+00  3.00030000e-09  1.18322142e+00  3.00030000e-09  7.20000000e-03 
 3.00070000e-09  1.19547542e+00  3.00070000e-09  1.18618574e+00  3.00070000e-09  1.68000000e-02 
 3.00150000e-09  1.20122614e+00  3.00150000e-09  1.19195273e+00  3.00150000e-09  3.60000000e-02 
 3.00250000e-09  1.20800248e+00  3.00250000e-09  1.19876366e+00  3.00250000e-09  6.00000000e-02 
 3.00350000e-09  1.21404383e+00  3.00350000e-09  1.20484384e+00  3.00350000e-09  8.40000000e-02 
 3.00450000e-09  1.21955399e+00  3.00450000e-09  1.21038900e+00  3.00450000e-09  1.08000000e-01 
 3.00550000e-09  1.22460977e+00  3.00550000e-09  1.21547116e+00  3.00550000e-09  1.32000000e-01 
 3.00650000e-09  1.22936096e+00  3.00650000e-09  1.22023741e+00  3.00650000e-09  1.56000000e-01 
 3.00750000e-09  1.23383586e+00  3.00750000e-09  1.22471517e+00  3.00750000e-09  1.80000000e-01 
 3.00850000e-09  1.23811718e+00  3.00850000e-09  1.22898709e+00  3.00850000e-09  2.04000000e-01 
 3.00950000e-09  1.24221346e+00  3.00950000e-09  1.23306235e+00  3.00950000e-09  2.28000000e-01 
 3.01050000e-09  1.24617561e+00  3.01050000e-09  1.23699267e+00  3.01050000e-09  2.52000000e-01 
 3.01150000e-09  1.25000663e+00  3.01150000e-09  1.24078210e+00  3.01150000e-09  2.76000000e-01 
 3.01250000e-09  1.25374118e+00  3.01250000e-09  1.24446621e+00  3.01250000e-09  3.00000000e-01 
 3.01350000e-09  1.25738129e+00  3.01350000e-09  1.24804800e+00  3.01350000e-09  3.24000000e-01 
 3.01450000e-09  1.26095248e+00  3.01450000e-09  1.25155377e+00  3.01450000e-09  3.48000000e-01 
 3.01550000e-09  1.26445763e+00  3.01550000e-09  1.25498712e+00  3.01550000e-09  3.72000000e-01 
 3.01650000e-09  1.26791708e+00  3.01650000e-09  1.25836893e+00  3.01650000e-09  3.96000000e-01 
 3.01750000e-09  1.27133433e+00  3.01750000e-09  1.26170316e+00  3.01750000e-09  4.20000000e-01 
 3.01850000e-09  1.27472473e+00  3.01850000e-09  1.26500549e+00  3.01850000e-09  4.44000000e-01 
 3.01950000e-09  1.27808980e+00  3.01950000e-09  1.26827771e+00  3.01950000e-09  4.68000000e-01 
 3.02050000e-09  1.28143860e+00  3.02050000e-09  1.27152905e+00  3.02050000e-09  4.92000000e-01 
 3.02150000e-09  1.28476933e+00  3.02150000e-09  1.27475784e+00  3.02150000e-09  5.16000000e-01 
 3.02250000e-09  1.28808668e+00  3.02250000e-09  1.27796882e+00  3.02250000e-09  5.40000000e-01 
 3.02350000e-09  1.29138925e+00  3.02350000e-09  1.28116058e+00  3.02350000e-09  5.64000000e-01 
 3.02450000e-09  1.29468223e+00  3.02450000e-09  1.28433817e+00  3.02450000e-09  5.88000000e-01 
 3.02550000e-09  1.29796631e+00  3.02550000e-09  1.28750209e+00  3.02550000e-09  6.12000000e-01 
 3.02650000e-09  1.30124596e+00  3.02650000e-09  1.29065646e+00  3.02650000e-09  6.36000000e-01 
 3.02750000e-09  1.30452070e+00  3.02750000e-09  1.29380043e+00  3.02750000e-09  6.60000000e-01 
 3.02850000e-09  1.30779167e+00  3.02850000e-09  1.29693470e+00  3.02850000e-09  6.84000000e-01 
 3.02950000e-09  1.31105542e+00  3.02950000e-09  1.30005532e+00  3.02950000e-09  7.08000000e-01 
 3.03050000e-09  1.31430907e+00  3.03050000e-09  1.30315883e+00  3.03050000e-09  7.32000000e-01 
 3.03150000e-09  1.31754551e+00  3.03150000e-09  1.30623750e+00  3.03150000e-09  7.56000000e-01 
 3.03250000e-09  1.32075695e+00  3.03250000e-09  1.30928276e+00  3.03250000e-09  7.80000000e-01 
 3.03350000e-09  1.32393036e+00  3.03350000e-09  1.31228064e+00  3.03350000e-09  8.04000000e-01 
 3.03450000e-09  1.32704876e+00  3.03450000e-09  1.31521292e+00  3.03450000e-09  8.28000000e-01 
 3.03550000e-09  1.33008607e+00  3.03550000e-09  1.31805204e+00  3.03550000e-09  8.52000000e-01 
 3.03650000e-09  1.33300736e+00  3.03650000e-09  1.32076160e+00  3.03650000e-09  8.76000000e-01 
 3.03750000e-09  1.33576691e+00  3.03750000e-09  1.32329502e+00  3.03750000e-09  9.00000000e-01 
 3.03850000e-09  1.33831321e+00  3.03850000e-09  1.32560102e+00  3.03850000e-09  9.24000000e-01 
 3.03950000e-09  1.34059167e+00  3.03950000e-09  1.32762630e+00  3.03950000e-09  9.48000000e-01 
 3.04050000e-09  1.34254897e+00  3.04050000e-09  1.32931945e+00  3.04050000e-09  9.72000000e-01 
 3.04150000e-09  1.34413393e+00  3.04150000e-09  1.33063164e+00  3.04150000e-09  9.96000000e-01 
 3.04250000e-09  1.34530184e+00  3.04250000e-09  1.33152096e+00  3.04250000e-09  1.02000000e+00 
 3.04350000e-09  1.34601765e+00  3.04350000e-09  1.33195478e+00  3.04350000e-09  1.04400000e+00 
 3.04450000e-09  1.34625768e+00  3.04450000e-09  1.33191027e+00  3.04450000e-09  1.06800000e+00 
 3.04550000e-09  1.34600582e+00  3.04550000e-09  1.33137059e+00  3.04550000e-09  1.09200000e+00 
 3.04650000e-09  1.34525121e+00  3.04650000e-09  1.33032392e+00  3.04650000e-09  1.11600000e+00 
 3.04750000e-09  1.34398755e+00  3.04750000e-09  1.32876378e+00  3.04750000e-09  1.14000000e+00 
 3.04850000e-09  1.34221450e+00  3.04850000e-09  1.32669079e+00  3.04850000e-09  1.16400000e+00 
 3.04925000e-09  1.34055306e+00  3.04925000e-09  1.32480316e+00  3.04925000e-09  1.18200000e+00 
 3.05000000e-09  1.33861207e+00  3.05000000e-09  1.32263616e+00  3.05000000e-09  1.20000000e+00 
 3.05010000e-09  1.33790535e+00  3.05010000e-09  1.32189943e+00  3.05010000e-09  1.20000000e+00 
 3.05030000e-09  1.33625246e+00  3.05030000e-09  1.32018674e+00  3.05030000e-09  1.20000000e+00 
 3.05070000e-09  1.33288350e+00  3.05070000e-09  1.31669834e+00  3.05070000e-09  1.20000000e+00 
 3.05150000e-09  1.32681649e+00  3.05150000e-09  1.31039327e+00  3.05150000e-09  1.20000000e+00 
 3.05250000e-09  1.31939617e+00  3.05250000e-09  1.30268237e+00  3.05250000e-09  1.20000000e+00 
 3.05350000e-09  1.31199015e+00  3.05350000e-09  1.29499676e+00  3.05350000e-09  1.20000000e+00 
 3.05450000e-09  1.30425331e+00  3.05450000e-09  1.28699291e+00  3.05450000e-09  1.20000000e+00 
 3.05550000e-09  1.29616711e+00  3.05550000e-09  1.27865443e+00  3.05550000e-09  1.20000000e+00 
 3.05650000e-09  1.28764288e+00  3.05650000e-09  1.26989609e+00  3.05650000e-09  1.20000000e+00 
 3.05750000e-09  1.27874968e+00  3.05750000e-09  1.26079111e+00  3.05750000e-09  1.20000000e+00 
 3.05850000e-09  1.26947839e+00  3.05850000e-09  1.25133461e+00  3.05850000e-09  1.20000000e+00 
 3.05950000e-09  1.25989900e+00  3.05950000e-09  1.24160063e+00  3.05950000e-09  1.20000000e+00 
 3.06050000e-09  1.25001337e+00  3.06050000e-09  1.23159377e+00  3.06050000e-09  1.20000000e+00 
 3.06150000e-09  1.23986995e+00  3.06150000e-09  1.22136485e+00  3.06150000e-09  1.20000000e+00 
 3.06250000e-09  1.22947459e+00  3.06250000e-09  1.21092139e+00  3.06250000e-09  1.20000000e+00 
 3.06350000e-09  1.21886295e+00  3.06350000e-09  1.20030021e+00  3.06350000e-09  1.20000000e+00 
 3.06450000e-09  1.20804209e+00  3.06450000e-09  1.18950891e+00  3.06450000e-09  1.20000000e+00 
 3.06550000e-09  1.19703936e+00  3.06550000e-09  1.17857498e+00  3.06550000e-09  1.20000000e+00 
 3.06650000e-09  1.18586263e+00  3.06650000e-09  1.16750598e+00  3.06650000e-09  1.20000000e+00 
 3.06750000e-09  1.17453399e+00  3.06750000e-09  1.15632344e+00  3.06750000e-09  1.20000000e+00 
 3.06850000e-09  1.16306186e+00  3.06850000e-09  1.14503498e+00  3.06850000e-09  1.20000000e+00 
 3.06950000e-09  1.15146484e+00  3.06950000e-09  1.13365816e+00  3.06950000e-09  1.20000000e+00 
 3.07050000e-09  1.13975165e+00  3.07050000e-09  1.12220059e+00  3.07050000e-09  1.20000000e+00 
 3.07150000e-09  1.12793832e+00  3.07150000e-09  1.11067707e+00  3.07150000e-09  1.20000000e+00 
 3.07250000e-09  1.11603363e+00  3.07250000e-09  1.09909505e+00  3.07250000e-09  1.20000000e+00 
 3.07350000e-09  1.10405163e+00  3.07350000e-09  1.08746726e+00  3.07350000e-09  1.20000000e+00 
 3.07450000e-09  1.09200085e+00  3.07450000e-09  1.07580091e+00  3.07450000e-09  1.20000000e+00 
 3.07550000e-09  1.07989376e+00  3.07550000e-09  1.06410711e+00  3.07550000e-09  1.20000000e+00 
 3.07650000e-09  1.06773854e+00  3.07650000e-09  1.05239270e+00  3.07650000e-09  1.20000000e+00 
 3.07750000e-09  1.05554632e+00  3.07750000e-09  1.04066753e+00  3.07750000e-09  1.20000000e+00 
 3.07850000e-09  1.04332491e+00  3.07850000e-09  1.02893815e+00  3.07850000e-09  1.20000000e+00 
 3.07950000e-09  1.03108440e+00  3.07950000e-09  1.01721342e+00  3.07950000e-09  1.20000000e+00 
 3.08050000e-09  1.01883233e+00  3.08050000e-09  1.00549973e+00  3.08050000e-09  1.20000000e+00 
 3.08150000e-09  1.00657809e+00  3.08150000e-09  9.93805359e-01  3.08150000e-09  1.20000000e+00 
 3.08250000e-09  9.94329205e-01  3.08250000e-09  9.82136781e-01  3.08250000e-09  1.20000000e+00 
 3.08350000e-09  9.82094854e-01  3.08350000e-09  9.70502192e-01  3.08350000e-09  1.20000000e+00 
 3.08450000e-09  9.69882976e-01  3.08450000e-09  9.58908609e-01  3.08450000e-09  1.20000000e+00 
 3.08550000e-09  9.57703190e-01  3.08550000e-09  9.47364789e-01  3.08550000e-09  1.20000000e+00 
 3.08650000e-09  9.45564551e-01  3.08650000e-09  9.35878980e-01  3.08650000e-09  1.20000000e+00 
 3.08750000e-09  9.33477987e-01  3.08750000e-09  9.24461340e-01  3.08750000e-09  1.20000000e+00 
 3.08850000e-09  9.21454564e-01  3.08850000e-09  9.13122180e-01  3.08850000e-09  1.20000000e+00 
 3.08950000e-09  9.09507469e-01  3.08950000e-09  9.01873906e-01  3.08950000e-09  1.20000000e+00 
 3.09050000e-09  8.97650549e-01  3.09050000e-09  8.90729517e-01  3.09050000e-09  1.20000000e+00 
 3.09150000e-09  8.85899750e-01  3.09150000e-09  8.79703984e-01  3.09150000e-09  1.20000000e+00 
 3.09250000e-09  8.74271646e-01  3.09250000e-09  8.68812740e-01  3.09250000e-09  1.20000000e+00 
 3.09350000e-09  8.62784258e-01  3.09350000e-09  8.58072465e-01  3.09350000e-09  1.20000000e+00 
 3.09450000e-09  8.51455521e-01  3.09450000e-09  8.47499550e-01  3.09450000e-09  1.20000000e+00 
 3.09550000e-09  8.40303696e-01  3.09550000e-09  8.37110527e-01  3.09550000e-09  1.20000000e+00 
 3.09650000e-09  8.29345995e-01  3.09650000e-09  8.26920722e-01  3.09650000e-09  1.20000000e+00 
 3.09750000e-09  8.18598910e-01  3.09750000e-09  8.16944607e-01  3.09750000e-09  1.20000000e+00 
 3.09850000e-09  8.08077139e-01  3.09850000e-09  8.07194753e-01  3.09850000e-09  1.20000000e+00 
 3.09950000e-09  7.97793958e-01  3.09950000e-09  7.97682228e-01  3.09950000e-09  1.20000000e+00 
 3.10050000e-09  7.87760490e-01  3.10050000e-09  7.88415887e-01  3.10050000e-09  1.20000000e+00 
 3.10150000e-09  7.77986188e-01  3.10150000e-09  7.79402876e-01  3.10150000e-09  1.20000000e+00 
 3.10250000e-09  7.68478399e-01  3.10250000e-09  7.70648212e-01  3.10250000e-09  1.20000000e+00 
 3.10350000e-09  7.59242862e-01  3.10350000e-09  7.62155324e-01  3.10350000e-09  1.20000000e+00 
 3.10450000e-09  7.50283382e-01  3.10450000e-09  7.53925772e-01  3.10450000e-09  1.20000000e+00 
 3.10550000e-09  7.41602252e-01  3.10550000e-09  7.45959739e-01  3.10550000e-09  1.20000000e+00 
 3.10650000e-09  7.33199992e-01  3.10650000e-09  7.38255842e-01  3.10650000e-09  1.20000000e+00 
 3.10750000e-09  7.25075730e-01  3.10750000e-09  7.30811607e-01  3.10750000e-09  1.20000000e+00 
 3.10850000e-09  7.17227044e-01  3.10850000e-09  7.23623376e-01  3.10850000e-09  1.20000000e+00 
 3.10950000e-09  7.09650356e-01  3.10950000e-09  7.16686771e-01  3.10950000e-09  1.20000000e+00 
 3.11050000e-09  7.02340869e-01  3.11050000e-09  7.09996662e-01  3.11050000e-09  1.20000000e+00 
 3.11150000e-09  6.95292937e-01  3.11150000e-09  7.03547570e-01  3.11150000e-09  1.20000000e+00 
 3.11250000e-09  6.88500054e-01  3.11250000e-09  6.97333630e-01  3.11250000e-09  1.20000000e+00 
 3.11350000e-09  6.81955173e-01  3.11350000e-09  6.91348885e-01  3.11350000e-09  1.20000000e+00 
 3.11450000e-09  6.75650707e-01  3.11450000e-09  6.85587211e-01  3.11450000e-09  1.20000000e+00 
 3.11550000e-09  6.69578806e-01  3.11550000e-09  6.80042509e-01  3.11550000e-09  1.20000000e+00 
 3.11650000e-09  6.63731367e-01  3.11650000e-09  6.74708611e-01  3.11650000e-09  1.20000000e+00 
 3.11750000e-09  6.58100281e-01  3.11750000e-09  6.69579424e-01  3.11750000e-09  1.20000000e+00 
 3.11850000e-09  6.52677446e-01  3.11850000e-09  6.64648843e-01  3.11850000e-09  1.20000000e+00 
 3.11950000e-09  6.47454975e-01  3.11950000e-09  6.59910880e-01  3.11950000e-09  1.20000000e+00 
 3.12050000e-09  6.42425182e-01  3.12050000e-09  6.55359605e-01  3.12050000e-09  1.20000000e+00 
 3.12150000e-09  6.37580734e-01  3.12150000e-09  6.50989262e-01  3.12150000e-09  1.20000000e+00 
 3.12250000e-09  6.32910626e-01  3.12250000e-09  6.46790281e-01  3.12250000e-09  1.20000000e+00 
 3.12350000e-09  6.28411337e-01  3.12350000e-09  6.42760528e-01  3.12350000e-09  1.20000000e+00 
 3.12450000e-09  6.24079948e-01  3.12450000e-09  6.38897814e-01  3.12450000e-09  1.20000000e+00 
 3.12550000e-09  6.19908258e-01  3.12550000e-09  6.35194888e-01  3.12550000e-09  1.20000000e+00 
 3.12650000e-09  6.15890905e-01  3.12650000e-09  6.31647183e-01  3.12650000e-09  1.20000000e+00 
 3.12750000e-09  6.12022041e-01  3.12750000e-09  6.28249575e-01  3.12750000e-09  1.20000000e+00 
 3.12850000e-09  6.08296604e-01  3.12850000e-09  6.24997669e-01  3.12850000e-09  1.20000000e+00 
 3.12950000e-09  6.04709389e-01  3.12950000e-09  6.21886839e-01  3.12950000e-09  1.20000000e+00 
 3.13050000e-09  6.01255609e-01  3.13050000e-09  6.18912891e-01  3.13050000e-09  1.20000000e+00 
 3.13150000e-09  5.97930437e-01  3.13150000e-09  6.16071514e-01  3.13150000e-09  1.20000000e+00 
 3.13250000e-09  5.94729285e-01  3.13250000e-09  6.13358674e-01  3.13250000e-09  1.20000000e+00 
 3.13350000e-09  5.91647569e-01  3.13350000e-09  6.10770285e-01  3.13350000e-09  1.20000000e+00 
 3.13450000e-09  5.88680858e-01  3.13450000e-09  6.08302452e-01  3.13450000e-09  1.20000000e+00 
 3.13550000e-09  5.85824759e-01  3.13550000e-09  6.05951270e-01  3.13550000e-09  1.20000000e+00 
 3.13650000e-09  5.83074985e-01  3.13650000e-09  6.03712980e-01  3.13650000e-09  1.20000000e+00 
 3.13750000e-09  5.80427314e-01  3.13750000e-09  6.01583845e-01  3.13750000e-09  1.20000000e+00 
 3.13850000e-09  5.77877616e-01  3.13850000e-09  5.99560248e-01  3.13850000e-09  1.20000000e+00 
 3.13950000e-09  5.75421845e-01  3.13950000e-09  5.97638621e-01  3.13950000e-09  1.20000000e+00 
 3.14050000e-09  5.73056039e-01  3.14050000e-09  5.95815504e-01  3.14050000e-09  1.20000000e+00 
 3.14150000e-09  5.70776339e-01  3.14150000e-09  5.94087505e-01  3.14150000e-09  1.20000000e+00 
 3.14250000e-09  5.68578968e-01  3.14250000e-09  5.92451336e-01  3.14250000e-09  1.20000000e+00 
 3.14350000e-09  5.66460262e-01  3.14350000e-09  5.90903786e-01  3.14350000e-09  1.20000000e+00 
 3.14450000e-09  5.64416644e-01  3.14450000e-09  5.89441751e-01  3.14450000e-09  1.20000000e+00 
 3.14550000e-09  5.62444648e-01  3.14550000e-09  5.88062209e-01  3.14550000e-09  1.20000000e+00 
 3.14650000e-09  5.60540902e-01  3.14650000e-09  5.86762246e-01  3.14650000e-09  1.20000000e+00 
 3.14750000e-09  5.58702146e-01  3.14750000e-09  5.85539036e-01  3.14750000e-09  1.20000000e+00 
 3.14850000e-09  5.56925210e-01  3.14850000e-09  5.84389855e-01  3.14850000e-09  1.20000000e+00 
 3.14950000e-09  5.55207039e-01  3.14950000e-09  5.83312074e-01  3.14950000e-09  1.20000000e+00 
 3.15050000e-09  5.53544665e-01  3.15050000e-09  5.82303163e-01  3.15050000e-09  1.20000000e+00 
 3.15150000e-09  5.51935231e-01  3.15150000e-09  5.81360683e-01  3.15150000e-09  1.20000000e+00 
 3.15250000e-09  5.50375963e-01  3.15250000e-09  5.80482296e-01  3.15250000e-09  1.20000000e+00 
 3.15350000e-09  5.48864196e-01  3.15350000e-09  5.79665754e-01  3.15350000e-09  1.20000000e+00 
 3.15450000e-09  5.47397345e-01  3.15450000e-09  5.78908902e-01  3.15450000e-09  1.20000000e+00 
 3.15550000e-09  5.45972925e-01  3.15550000e-09  5.78209674e-01  3.15550000e-09  1.20000000e+00 
 3.15650000e-09  5.44588529e-01  3.15650000e-09  5.77566096e-01  3.15650000e-09  1.20000000e+00 
 3.15750000e-09  5.43241844e-01  3.15750000e-09  5.76976277e-01  3.15750000e-09  1.20000000e+00 
 3.15850000e-09  5.41930631e-01  3.15850000e-09  5.76438413e-01  3.15850000e-09  1.20000000e+00 
 3.15950000e-09  5.40652735e-01  3.15950000e-09  5.75950781e-01  3.15950000e-09  1.20000000e+00 
 3.16050000e-09  5.39406073e-01  3.16050000e-09  5.75511740e-01  3.16050000e-09  1.20000000e+00 
 3.16150000e-09  5.38188642e-01  3.16150000e-09  5.75119724e-01  3.16150000e-09  1.20000000e+00 
 3.16250000e-09  5.36998503e-01  3.16250000e-09  5.74773247e-01  3.16250000e-09  1.20000000e+00 
 3.16350000e-09  5.35833790e-01  3.16350000e-09  5.74470893e-01  3.16350000e-09  1.20000000e+00 
 3.16450000e-09  5.34692698e-01  3.16450000e-09  5.74211320e-01  3.16450000e-09  1.20000000e+00 
 3.16550000e-09  5.33573489e-01  3.16550000e-09  5.73993253e-01  3.16550000e-09  1.20000000e+00 
 3.16650000e-09  5.32474479e-01  3.16650000e-09  5.73815486e-01  3.16650000e-09  1.20000000e+00 
 3.16750000e-09  5.31394049e-01  3.16750000e-09  5.73676878e-01  3.16750000e-09  1.20000000e+00 
 3.16850000e-09  5.30330626e-01  3.16850000e-09  5.73576348e-01  3.16850000e-09  1.20000000e+00 
 3.16950000e-09  5.29282696e-01  3.16950000e-09  5.73512879e-01  3.16950000e-09  1.20000000e+00 
 3.17050000e-09  5.28248791e-01  3.17050000e-09  5.73485510e-01  3.17050000e-09  1.20000000e+00 
 3.17150000e-09  5.27227494e-01  3.17150000e-09  5.73493339e-01  3.17150000e-09  1.20000000e+00 
 3.17250000e-09  5.26217428e-01  3.17250000e-09  5.73535518e-01  3.17250000e-09  1.20000000e+00 
 3.17350000e-09  5.25217263e-01  3.17350000e-09  5.73611250e-01  3.17350000e-09  1.20000000e+00 
 3.17450000e-09  5.24225708e-01  3.17450000e-09  5.73719793e-01  3.17450000e-09  1.20000000e+00 
 3.17550000e-09  5.23241511e-01  3.17550000e-09  5.73860451e-01  3.17550000e-09  1.20000000e+00 
 3.17650000e-09  5.22263456e-01  3.17650000e-09  5.74032577e-01  3.17650000e-09  1.20000000e+00 
 3.17750000e-09  5.21290363e-01  3.17750000e-09  5.74235570e-01  3.17750000e-09  1.20000000e+00 
 3.17850000e-09  5.20321082e-01  3.17850000e-09  5.74468874e-01  3.17850000e-09  1.20000000e+00 
 3.17950000e-09  5.19354498e-01  3.17950000e-09  5.74731975e-01  3.17950000e-09  1.20000000e+00 
 3.18050000e-09  5.18389519e-01  3.18050000e-09  5.75024402e-01  3.18050000e-09  1.20000000e+00 
 3.18150000e-09  5.17425085e-01  3.18150000e-09  5.75345722e-01  3.18150000e-09  1.20000000e+00 
 3.18250000e-09  5.16460161e-01  3.18250000e-09  5.75695542e-01  3.18250000e-09  1.20000000e+00 
 3.18350000e-09  5.15493734e-01  3.18350000e-09  5.76073508e-01  3.18350000e-09  1.20000000e+00 
 3.18450000e-09  5.14524815e-01  3.18450000e-09  5.76479300e-01  3.18450000e-09  1.20000000e+00 
 3.18550000e-09  5.13552435e-01  3.18550000e-09  5.76912634e-01  3.18550000e-09  1.20000000e+00 
 3.18650000e-09  5.12575644e-01  3.18650000e-09  5.77373260e-01  3.18650000e-09  1.20000000e+00 
 3.18750000e-09  5.11593512e-01  3.18750000e-09  5.77860961e-01  3.18750000e-09  1.20000000e+00 
 3.18850000e-09  5.10605122e-01  3.18850000e-09  5.78375552e-01  3.18850000e-09  1.20000000e+00 
 3.18950000e-09  5.09609577e-01  3.18950000e-09  5.78916879e-01  3.18950000e-09  1.20000000e+00 
 3.19050000e-09  5.08605988e-01  3.19050000e-09  5.79484816e-01  3.19050000e-09  1.20000000e+00 
 3.19150000e-09  5.07593485e-01  3.19150000e-09  5.80079271e-01  3.19150000e-09  1.20000000e+00 
 3.19250000e-09  5.06571204e-01  3.19250000e-09  5.80700174e-01  3.19250000e-09  1.20000000e+00 
 3.19350000e-09  5.05538294e-01  3.19350000e-09  5.81347487e-01  3.19350000e-09  1.20000000e+00 
 3.19450000e-09  5.04493870e-01  3.19450000e-09  5.82021144e-01  3.19450000e-09  1.20000000e+00 
 3.19550000e-09  5.03437118e-01  3.19550000e-09  5.82721193e-01  3.19550000e-09  1.20000000e+00 
 3.19650000e-09  5.02367251e-01  3.19650000e-09  5.83447708e-01  3.19650000e-09  1.20000000e+00 
 3.19750000e-09  5.01283436e-01  3.19750000e-09  5.84200736e-01  3.19750000e-09  1.20000000e+00 
 3.19850000e-09  5.00184858e-01  3.19850000e-09  5.84980367e-01  3.19850000e-09  1.20000000e+00 
 3.19950000e-09  4.99070752e-01  3.19950000e-09  5.85786774e-01  3.19950000e-09  1.20000000e+00 
 3.20050000e-09  4.97940288e-01  3.20050000e-09  5.86620046e-01  3.20050000e-09  1.20000000e+00 
 3.20150000e-09  4.96792604e-01  3.20150000e-09  5.87480293e-01  3.20150000e-09  1.20000000e+00 
 3.20250000e-09  4.95626906e-01  3.20250000e-09  5.88367717e-01  3.20250000e-09  1.20000000e+00 
 3.20350000e-09  4.94442388e-01  3.20350000e-09  5.89282509e-01  3.20350000e-09  1.20000000e+00 
 3.20450000e-09  4.93238252e-01  3.20450000e-09  5.90224899e-01  3.20450000e-09  1.20000000e+00 
 3.20550000e-09  4.92013684e-01  3.20550000e-09  5.91195120e-01  3.20550000e-09  1.20000000e+00 
 3.20650000e-09  4.90767881e-01  3.20650000e-09  5.92193439e-01  3.20650000e-09  1.20000000e+00 
 3.20750000e-09  4.89500025e-01  3.20750000e-09  5.93220131e-01  3.20750000e-09  1.20000000e+00 
 3.20850000e-09  4.88209302e-01  3.20850000e-09  5.94275500e-01  3.20850000e-09  1.20000000e+00 
 3.20950000e-09  4.86894890e-01  3.20950000e-09  5.95359861e-01  3.20950000e-09  1.20000000e+00 
 3.21050000e-09  4.85555961e-01  3.21050000e-09  5.96473555e-01  3.21050000e-09  1.20000000e+00 
 3.21150000e-09  4.84191684e-01  3.21150000e-09  5.97616935e-01  3.21150000e-09  1.20000000e+00 
 3.21250000e-09  4.82801219e-01  3.21250000e-09  5.98790378e-01  3.21250000e-09  1.20000000e+00 
 3.21350000e-09  4.81383718e-01  3.21350000e-09  5.99994273e-01  3.21350000e-09  1.20000000e+00 
 3.21450000e-09  4.79938221e-01  3.21450000e-09  6.01228887e-01  3.21450000e-09  1.20000000e+00 
 3.21550000e-09  4.78463899e-01  3.21550000e-09  6.02494755e-01  3.21550000e-09  1.20000000e+00 
 3.21650000e-09  4.76959993e-01  3.21650000e-09  6.03792403e-01  3.21650000e-09  1.20000000e+00 
 3.21750000e-09  4.75425600e-01  3.21750000e-09  6.05122245e-01  3.21750000e-09  1.20000000e+00 
 3.21850000e-09  4.73859821e-01  3.21850000e-09  6.06484771e-01  3.21850000e-09  1.20000000e+00 
 3.21950000e-09  4.72261741e-01  3.21950000e-09  6.07880454e-01  3.21950000e-09  1.20000000e+00 
 3.22050000e-09  4.70630445e-01  3.22050000e-09  6.09309822e-01  3.22050000e-09  1.20000000e+00 
 3.22150000e-09  4.68965000e-01  3.22150000e-09  6.10773387e-01  3.22150000e-09  1.20000000e+00 
 3.22250000e-09  4.67264465e-01  3.22250000e-09  6.12271704e-01  3.22250000e-09  1.20000000e+00 
 3.22350000e-09  4.65527884e-01  3.22350000e-09  6.13805323e-01  3.22350000e-09  1.20000000e+00 
 3.22450000e-09  4.63754288e-01  3.22450000e-09  6.15374825e-01  3.22450000e-09  1.20000000e+00 
 3.22550000e-09  4.61942695e-01  3.22550000e-09  6.16980793e-01  3.22550000e-09  1.20000000e+00 
 3.22650000e-09  4.60092107e-01  3.22650000e-09  6.18623839e-01  3.22650000e-09  1.20000000e+00 
 3.22750000e-09  4.58201511e-01  3.22750000e-09  6.20304577e-01  3.22750000e-09  1.20000000e+00 
 3.22850000e-09  4.56269880e-01  3.22850000e-09  6.22023646e-01  3.22850000e-09  1.20000000e+00 
 3.22950000e-09  4.54296171e-01  3.22950000e-09  6.23781693e-01  3.22950000e-09  1.20000000e+00 
 3.23050000e-09  4.52279325e-01  3.23050000e-09  6.25579383e-01  3.23050000e-09  1.20000000e+00 
 3.23150000e-09  4.50218267e-01  3.23150000e-09  6.27417393e-01  3.23150000e-09  1.20000000e+00 
 3.23250000e-09  4.48111908e-01  3.23250000e-09  6.29296416e-01  3.23250000e-09  1.20000000e+00 
 3.23350000e-09  4.45959140e-01  3.23350000e-09  6.31217155e-01  3.23350000e-09  1.20000000e+00 
 3.23450000e-09  4.43758840e-01  3.23450000e-09  6.33180330e-01  3.23450000e-09  1.20000000e+00 
 3.23550000e-09  4.41509871e-01  3.23550000e-09  6.35186671e-01  3.23550000e-09  1.20000000e+00 
 3.23650000e-09  4.39211079e-01  3.23650000e-09  6.37236922e-01  3.23650000e-09  1.20000000e+00 
 3.23750000e-09  4.36861296e-01  3.23750000e-09  6.39331837e-01  3.23750000e-09  1.20000000e+00 
 3.23850000e-09  4.34459338e-01  3.23850000e-09  6.41472182e-01  3.23850000e-09  1.20000000e+00 
 3.23950000e-09  4.32004010e-01  3.23950000e-09  6.43658732e-01  3.23950000e-09  1.20000000e+00 
 3.24050000e-09  4.29494102e-01  3.24050000e-09  6.45892275e-01  3.24050000e-09  1.20000000e+00 
 3.24150000e-09  4.26928396e-01  3.24150000e-09  6.48173604e-01  3.24150000e-09  1.20000000e+00 
 3.24250000e-09  4.24305663e-01  3.24250000e-09  6.50503521e-01  3.24250000e-09  1.20000000e+00 
 3.24350000e-09  4.21624665e-01  3.24350000e-09  6.52882835e-01  3.24350000e-09  1.20000000e+00 
 3.24450000e-09  4.18884162e-01  3.24450000e-09  6.55312359e-01  3.24450000e-09  1.20000000e+00 
 3.24550000e-09  4.16082909e-01  3.24550000e-09  6.57792911e-01  3.24550000e-09  1.20000000e+00 
 3.24650000e-09  4.13219664e-01  3.24650000e-09  6.60325310e-01  3.24650000e-09  1.20000000e+00 
 3.24750000e-09  4.10293189e-01  3.24750000e-09  6.62910375e-01  3.24750000e-09  1.20000000e+00 
 3.24850000e-09  4.07302255e-01  3.24850000e-09  6.65548924e-01  3.24850000e-09  1.20000000e+00 
 3.24950000e-09  4.04245650e-01  3.24950000e-09  6.68241768e-01  3.24950000e-09  1.20000000e+00 
 3.25050000e-09  4.01122182e-01  3.25050000e-09  6.70989712e-01  3.25050000e-09  1.20000000e+00 
 3.25150000e-09  3.97930687e-01  3.25150000e-09  6.73793552e-01  3.25150000e-09  1.20000000e+00 
 3.25250000e-09  3.94670039e-01  3.25250000e-09  6.76654069e-01  3.25250000e-09  1.20000000e+00 
 3.25350000e-09  3.91339158e-01  3.25350000e-09  6.79572028e-01  3.25350000e-09  1.20000000e+00 
 3.25450000e-09  3.87937021e-01  3.25450000e-09  6.82548171e-01  3.25450000e-09  1.20000000e+00 
 3.25550000e-09  3.84462677e-01  3.25550000e-09  6.85583220e-01  3.25550000e-09  1.20000000e+00 
 3.25650000e-09  3.80915257e-01  3.25650000e-09  6.88677864e-01  3.25650000e-09  1.20000000e+00 
 3.25750000e-09  3.77293992e-01  3.25750000e-09  6.91832763e-01  3.25750000e-09  1.20000000e+00 
 3.25850000e-09  3.73598229e-01  3.25850000e-09  6.95048538e-01  3.25850000e-09  1.20000000e+00 
 3.25950000e-09  3.69827455e-01  3.25950000e-09  6.98325771e-01  3.25950000e-09  1.20000000e+00 
 3.26050000e-09  3.65981310e-01  3.26050000e-09  7.01665000e-01  3.26050000e-09  1.20000000e+00 
 3.26150000e-09  3.62059618e-01  3.26150000e-09  7.05066715e-01  3.26150000e-09  1.20000000e+00 
 3.26250000e-09  3.58062404e-01  3.26250000e-09  7.08531356e-01  3.26250000e-09  1.20000000e+00 
 3.26350000e-09  3.53989927e-01  3.26350000e-09  7.12059311e-01  3.26350000e-09  1.20000000e+00 
 3.26450000e-09  3.49842701e-01  3.26450000e-09  7.15650915e-01  3.26450000e-09  1.20000000e+00 
 3.26550000e-09  3.45621527e-01  3.26550000e-09  7.19306444e-01  3.26550000e-09  1.20000000e+00 
 3.26650000e-09  3.41327518e-01  3.26650000e-09  7.23026122e-01  3.26650000e-09  1.20000000e+00 
 3.26750000e-09  3.36962131e-01  3.26750000e-09  7.26810112e-01  3.26750000e-09  1.20000000e+00 
 3.26850000e-09  3.32527192e-01  3.26850000e-09  7.30658524e-01  3.26850000e-09  1.20000000e+00 
 3.26950000e-09  3.28024924e-01  3.26950000e-09  7.34571409e-01  3.26950000e-09  1.20000000e+00 
 3.27050000e-09  3.23457971e-01  3.27050000e-09  7.38548760e-01  3.27050000e-09  1.20000000e+00 
 3.27150000e-09  3.18829425e-01  3.27150000e-09  7.42590514e-01  3.27150000e-09  1.20000000e+00 
 3.27250000e-09  3.14142841e-01  3.27250000e-09  7.46696549e-01  3.27250000e-09  1.20000000e+00 
 3.27350000e-09  3.09402262e-01  3.27350000e-09  7.50866686e-01  3.27350000e-09  1.20000000e+00 
 3.27450000e-09  3.04612224e-01  3.27450000e-09  7.55100686e-01  3.27450000e-09  1.20000000e+00 
 3.27550000e-09  2.99777773e-01  3.27550000e-09  7.59398249e-01  3.27550000e-09  1.20000000e+00 
 3.27650000e-09  2.94904463e-01  3.27650000e-09  7.63759018e-01  3.27650000e-09  1.20000000e+00 
 3.27750000e-09  2.89998356e-01  3.27750000e-09  7.68182573e-01  3.27750000e-09  1.20000000e+00 
 3.27850000e-09  2.85066010e-01  3.27850000e-09  7.72668437e-01  3.27850000e-09  1.20000000e+00 
 3.27950000e-09  2.80114461e-01  3.27950000e-09  7.77216075e-01  3.27950000e-09  1.20000000e+00 
 3.28050000e-09  2.75151192e-01  3.28050000e-09  7.81824894e-01  3.28050000e-09  1.20000000e+00 
 3.28150000e-09  2.70184091e-01  3.28150000e-09  7.86494246e-01  3.28150000e-09  1.20000000e+00 
 3.28250000e-09  2.65221404e-01  3.28250000e-09  7.91223427e-01  3.28250000e-09  1.20000000e+00 
 3.28350000e-09  2.60271661e-01  3.28350000e-09  7.96011676e-01  3.28350000e-09  1.20000000e+00 
 3.28450000e-09  2.55343604e-01  3.28450000e-09  8.00858170e-01  3.28450000e-09  1.20000000e+00 
 3.28550000e-09  2.50446093e-01  3.28550000e-09  8.05762016e-01  3.28550000e-09  1.20000000e+00 
 3.28650000e-09  2.45588000e-01  3.28650000e-09  8.10722238e-01  3.28650000e-09  1.20000000e+00 
 3.28750000e-09  2.40778102e-01  3.28750000e-09  8.15737757e-01  3.28750000e-09  1.20000000e+00 
 3.28850000e-09  2.36024959e-01  3.28850000e-09  8.20807369e-01  3.28850000e-09  1.20000000e+00 
 3.28950000e-09  2.31336787e-01  3.28950000e-09  8.25929713e-01  3.28950000e-09  1.20000000e+00 
 3.29050000e-09  2.26721343e-01  3.29050000e-09  8.31103238e-01  3.29050000e-09  1.20000000e+00 
 3.29150000e-09  2.22185798e-01  3.29150000e-09  8.36326161e-01  3.29150000e-09  1.20000000e+00 
 3.29250000e-09  2.17736637e-01  3.29250000e-09  8.41596428e-01  3.29250000e-09  1.20000000e+00 
 3.29350000e-09  2.13379562e-01  3.29350000e-09  8.46911676e-01  3.29350000e-09  1.20000000e+00 
 3.29450000e-09  2.09119413e-01  3.29450000e-09  8.52269200e-01  3.29450000e-09  1.20000000e+00 
 3.29550000e-09  2.04960115e-01  3.29550000e-09  8.57665922e-01  3.29550000e-09  1.20000000e+00 
 3.29650000e-09  2.00904646e-01  3.29650000e-09  8.63098373e-01  3.29650000e-09  1.20000000e+00 
 3.29750000e-09  1.96955030e-01  3.29750000e-09  8.68562694e-01  3.29750000e-09  1.20000000e+00 
 3.29850000e-09  1.93112346e-01  3.29850000e-09  8.74054634e-01  3.29850000e-09  1.20000000e+00 
 3.29950000e-09  1.89376771e-01  3.29950000e-09  8.79569579e-01  3.29950000e-09  1.20000000e+00 
 3.30050000e-09  1.85747632e-01  3.30050000e-09  8.85102578e-01  3.30050000e-09  1.20000000e+00 
 3.30150000e-09  1.82223480e-01  3.30150000e-09  8.90648393e-01  3.30150000e-09  1.20000000e+00 
 3.30250000e-09  1.78802171e-01  3.30250000e-09  8.96201547e-01  3.30250000e-09  1.20000000e+00 
 3.30350000e-09  1.75480961e-01  3.30350000e-09  9.01756384e-01  3.30350000e-09  1.20000000e+00 
 3.30450000e-09  1.72256595e-01  3.30450000e-09  9.07307132e-01  3.30450000e-09  1.20000000e+00 
 3.30550000e-09  1.69125413e-01  3.30550000e-09  9.12847962e-01  3.30550000e-09  1.20000000e+00 
 3.30650000e-09  1.66083437e-01  3.30650000e-09  9.18373053e-01  3.30650000e-09  1.20000000e+00 
 3.30750000e-09  1.63126460e-01  3.30750000e-09  9.23876646e-01  3.30750000e-09  1.20000000e+00 
 3.30850000e-09  1.60250136e-01  3.30850000e-09  9.29353099e-01  3.30850000e-09  1.20000000e+00 
 3.30950000e-09  1.57450047e-01  3.30950000e-09  9.34796934e-01  3.30950000e-09  1.20000000e+00 
 3.31050000e-09  1.54721777e-01  3.31050000e-09  9.40202879e-01  3.31050000e-09  1.20000000e+00 
 3.31150000e-09  1.52060963e-01  3.31150000e-09  9.45565902e-01  3.31150000e-09  1.20000000e+00 
 3.31250000e-09  1.49463351e-01  3.31250000e-09  9.50881238e-01  3.31250000e-09  1.20000000e+00 
 3.31350000e-09  1.46924831e-01  3.31350000e-09  9.56144416e-01  3.31350000e-09  1.20000000e+00 
 3.31450000e-09  1.44441472e-01  3.31450000e-09  9.61351269e-01  3.31450000e-09  1.20000000e+00 
 3.31550000e-09  1.42009547e-01  3.31550000e-09  9.66497952e-01  3.31550000e-09  1.20000000e+00 
 3.31650000e-09  1.39625549e-01  3.31650000e-09  9.71580942e-01  3.31650000e-09  1.20000000e+00 
 3.31750000e-09  1.37286206e-01  3.31750000e-09  9.76597044e-01  3.31750000e-09  1.20000000e+00 
 3.31850000e-09  1.34988487e-01  3.31850000e-09  9.81543389e-01  3.31850000e-09  1.20000000e+00 
 3.31950000e-09  1.32729601e-01  3.31950000e-09  9.86417428e-01  3.31950000e-09  1.20000000e+00 
 3.32050000e-09  1.30507000e-01  3.32050000e-09  9.91216923e-01  3.32050000e-09  1.20000000e+00 
 3.32150000e-09  1.28318373e-01  3.32150000e-09  9.95939941e-01  3.32150000e-09  1.20000000e+00 
 3.32250000e-09  1.26161637e-01  3.32250000e-09  1.00058484e+00  3.32250000e-09  1.20000000e+00 
 3.32350000e-09  1.24034931e-01  3.32350000e-09  1.00515025e+00  3.32350000e-09  1.20000000e+00 
 3.32450000e-09  1.21936601e-01  3.32450000e-09  1.00963507e+00  3.32450000e-09  1.20000000e+00 
 3.32550000e-09  1.19865193e-01  3.32550000e-09  1.01403845e+00  3.32550000e-09  1.20000000e+00 
 3.32650000e-09  1.17819436e-01  3.32650000e-09  1.01835976e+00  3.32650000e-09  1.20000000e+00 
 3.32750000e-09  1.15798233e-01  3.32750000e-09  1.02259861e+00  3.32750000e-09  1.20000000e+00 
 3.32850000e-09  1.13800644e-01  3.32850000e-09  1.02675480e+00  3.32850000e-09  1.20000000e+00 
 3.32950000e-09  1.11825875e-01  3.32950000e-09  1.03082830e+00  3.32950000e-09  1.20000000e+00 
 3.33050000e-09  1.09873266e-01  3.33050000e-09  1.03481929e+00  3.33050000e-09  1.20000000e+00 
 3.33150000e-09  1.07942276e-01  3.33150000e-09  1.03872807e+00  3.33150000e-09  1.20000000e+00 
 3.33250000e-09  1.06032471e-01  3.33250000e-09  1.04255509e+00  3.33250000e-09  1.20000000e+00 
 3.33350000e-09  1.04142372e-01  3.33350000e-09  1.04630257e+00  3.33350000e-09  1.20000000e+00 
 3.33450000e-09  1.02272905e-01  3.33450000e-09  1.04996972e+00  3.33450000e-09  1.20000000e+00 
 3.33550000e-09  1.00425021e-01  3.33550000e-09  1.05355692e+00  3.33550000e-09  1.20000000e+00 
 3.33650000e-09  9.85975004e-02  3.33650000e-09  1.05706550e+00  3.33650000e-09  1.20000000e+00 
 3.33750000e-09  9.67901953e-02  3.33750000e-09  1.06049601e+00  3.33750000e-09  1.20000000e+00 
 3.33850000e-09  9.50030750e-02  3.33850000e-09  1.06384974e+00  3.33850000e-09  1.20000000e+00 
 3.33950000e-09  9.32361675e-02  3.33950000e-09  1.06712761e+00  3.33950000e-09  1.20000000e+00 
 3.34050000e-09  9.14895457e-02  3.34050000e-09  1.07033095e+00  3.34050000e-09  1.20000000e+00 
 3.34150000e-09  8.97632972e-02  3.34150000e-09  1.07346085e+00  3.34150000e-09  1.20000000e+00 
 3.34250000e-09  8.80582478e-02  3.34250000e-09  1.07651778e+00  3.34250000e-09  1.20000000e+00 
 3.34350000e-09  8.63737734e-02  3.34350000e-09  1.07950372e+00  3.34350000e-09  1.20000000e+00 
 3.34450000e-09  8.47093748e-02  3.34450000e-09  1.08242024e+00  3.34450000e-09  1.20000000e+00 
 3.34550000e-09  8.30658670e-02  3.34550000e-09  1.08526841e+00  3.34550000e-09  1.20000000e+00 
 3.34650000e-09  8.14434123e-02  3.34650000e-09  1.08804987e+00  3.34650000e-09  1.20000000e+00 
 3.34750000e-09  7.98416144e-02  3.34750000e-09  1.09076636e+00  3.34750000e-09  1.20000000e+00 
 3.34850000e-09  7.82611793e-02  3.34850000e-09  1.09341883e+00  3.34850000e-09  1.20000000e+00 
 3.34950000e-09  7.67027058e-02  3.34950000e-09  1.09600835e+00  3.34950000e-09  1.20000000e+00 
 3.35050000e-09  7.51657843e-02  3.35050000e-09  1.09853647e+00  3.35050000e-09  1.20000000e+00 
 3.35150000e-09  7.36505207e-02  3.35150000e-09  1.10100422e+00  3.35150000e-09  1.20000000e+00 
 3.35250000e-09  7.21569783e-02  3.35250000e-09  1.10341312e+00  3.35250000e-09  1.20000000e+00 
 3.35350000e-09  7.06852555e-02  3.35350000e-09  1.10576428e+00  3.35350000e-09  1.20000000e+00 
 3.35450000e-09  6.92354025e-02  3.35450000e-09  1.10805914e+00  3.35450000e-09  1.20000000e+00 
 3.35550000e-09  6.78074858e-02  3.35550000e-09  1.11029883e+00  3.35550000e-09  1.20000000e+00 
 3.35650000e-09  6.64015250e-02  3.35650000e-09  1.11248473e+00  3.35650000e-09  1.20000000e+00 
 3.35750000e-09  6.50175533e-02  3.35750000e-09  1.11461797e+00  3.35750000e-09  1.20000000e+00 
 3.35850000e-09  6.36555572e-02  3.35850000e-09  1.11669984e+00  3.35850000e-09  1.20000000e+00 
 3.35950000e-09  6.23155364e-02  3.35950000e-09  1.11873147e+00  3.35950000e-09  1.20000000e+00 
 3.36050000e-09  6.09974443e-02  3.36050000e-09  1.12071409e+00  3.36050000e-09  1.20000000e+00 
 3.36150000e-09  5.97012481e-02  3.36150000e-09  1.12264878e+00  3.36150000e-09  1.20000000e+00 
 3.36250000e-09  5.84268693e-02  3.36250000e-09  1.12453675e+00  3.36250000e-09  1.20000000e+00 
 3.36350000e-09  5.71742432e-02  3.36350000e-09  1.12637902e+00  3.36350000e-09  1.20000000e+00 
 3.36450000e-09  5.59432618e-02  3.36450000e-09  1.12817675e+00  3.36450000e-09  1.20000000e+00 
 3.36550000e-09  5.47338304e-02  3.36550000e-09  1.12993093e+00  3.36550000e-09  1.20000000e+00 
 3.36650000e-09  5.35458135e-02  3.36650000e-09  1.13164265e+00  3.36650000e-09  1.20000000e+00 
 3.36750000e-09  5.23790888e-02  3.36750000e-09  1.13331288e+00  3.36750000e-09  1.20000000e+00 
 3.36850000e-09  5.12334959e-02  3.36850000e-09  1.13494266e+00  3.36850000e-09  1.20000000e+00 
 3.36950000e-09  5.01088870e-02  3.36950000e-09  1.13653291e+00  3.36950000e-09  1.20000000e+00 
 3.37050000e-09  4.90050798e-02  3.37050000e-09  1.13808461e+00  3.37050000e-09  1.20000000e+00 
 3.37150000e-09  4.79219038e-02  3.37150000e-09  1.13959867e+00  3.37150000e-09  1.20000000e+00 
 3.37250000e-09  4.68591573e-02  3.37250000e-09  1.14107600e+00  3.37250000e-09  1.20000000e+00 
 3.37350000e-09  4.58166495e-02  3.37350000e-09  1.14251748e+00  3.37350000e-09  1.20000000e+00 
 3.37450000e-09  4.47941625e-02  3.37450000e-09  1.14392398e+00  3.37450000e-09  1.20000000e+00 
 3.37550000e-09  4.37914879e-02  3.37550000e-09  1.14529633e+00  3.37550000e-09  1.20000000e+00 
 3.37650000e-09  4.28083937e-02  3.37650000e-09  1.14663536e+00  3.37650000e-09  1.20000000e+00 
 3.37750000e-09  4.18446569e-02  3.37750000e-09  1.14794187e+00  3.37750000e-09  1.20000000e+00 
 3.37850000e-09  4.09000338e-02  3.37850000e-09  1.14921665e+00  3.37850000e-09  1.20000000e+00 
 3.37950000e-09  3.99742892e-02  3.37950000e-09  1.15046045e+00  3.37950000e-09  1.20000000e+00 
 3.38050000e-09  3.90671701e-02  3.38050000e-09  1.15167403e+00  3.38050000e-09  1.20000000e+00 
 3.38150000e-09  3.81784314e-02  3.38150000e-09  1.15285811e+00  3.38150000e-09  1.20000000e+00 
 3.38250000e-09  3.73078130e-02  3.38250000e-09  1.15401341e+00  3.38250000e-09  1.20000000e+00 
 3.38350000e-09  3.64550619e-02  3.38350000e-09  1.15514061e+00  3.38350000e-09  1.20000000e+00 
 3.38450000e-09  3.56199130e-02  3.38450000e-09  1.15624040e+00  3.38450000e-09  1.20000000e+00 
 3.38550000e-09  3.48021078e-02  3.38550000e-09  1.15731344e+00  3.38550000e-09  1.20000000e+00 
 3.38650000e-09  3.40013773e-02  3.38650000e-09  1.15836037e+00  3.38650000e-09  1.20000000e+00 
 3.38750000e-09  3.32174592e-02  3.38750000e-09  1.15938182e+00  3.38750000e-09  1.20000000e+00 
 3.38850000e-09  3.24500830e-02  3.38850000e-09  1.16037840e+00  3.38850000e-09  1.20000000e+00 
 3.38950000e-09  3.16989840e-02  3.38950000e-09  1.16135072e+00  3.38950000e-09  1.20000000e+00 
 3.39050000e-09  3.09638911e-02  3.39050000e-09  1.16229936e+00  3.39050000e-09  1.20000000e+00 
 3.39150000e-09  3.02445392e-02  3.39150000e-09  1.16322489e+00  3.39150000e-09  1.20000000e+00 
 3.39250000e-09  2.95406576e-02  3.39250000e-09  1.16412787e+00  3.39250000e-09  1.20000000e+00 
 3.39350000e-09  2.88519819e-02  3.39350000e-09  1.16500884e+00  3.39350000e-09  1.20000000e+00 
 3.39450000e-09  2.81782435e-02  3.39450000e-09  1.16586833e+00  3.39450000e-09  1.20000000e+00 
 3.39550000e-09  2.75191795e-02  3.39550000e-09  1.16670687e+00  3.39550000e-09  1.20000000e+00 
 3.39650000e-09  2.68745241e-02  3.39650000e-09  1.16752495e+00  3.39650000e-09  1.20000000e+00 
 3.39750000e-09  2.62440171e-02  3.39750000e-09  1.16832308e+00  3.39750000e-09  1.20000000e+00 
 3.39850000e-09  2.56273965e-02  3.39850000e-09  1.16910172e+00  3.39850000e-09  1.20000000e+00 
 3.39950000e-09  2.50244055e-02  3.39950000e-09  1.16986136e+00  3.39950000e-09  1.20000000e+00 
 3.40050000e-09  2.44347865e-02  3.40050000e-09  1.17060245e+00  3.40050000e-09  1.20000000e+00 
 3.40150000e-09  2.38582869e-02  3.40150000e-09  1.17132544e+00  3.40150000e-09  1.20000000e+00 
 3.40250000e-09  2.32946540e-02  3.40250000e-09  1.17203077e+00  3.40250000e-09  1.20000000e+00 
 3.40350000e-09  2.27436402e-02  3.40350000e-09  1.17271886e+00  3.40350000e-09  1.20000000e+00 
 3.40450000e-09  2.22049980e-02  3.40450000e-09  1.17339013e+00  3.40450000e-09  1.20000000e+00 
 3.40550000e-09  2.16784853e-02  3.40550000e-09  1.17404499e+00  3.40550000e-09  1.20000000e+00 
 3.40650000e-09  2.11638604e-02  3.40650000e-09  1.17468384e+00  3.40650000e-09  1.20000000e+00 
 3.40750000e-09  2.06608869e-02  3.40750000e-09  1.17530705e+00  3.40750000e-09  1.20000000e+00 
 3.40850000e-09  2.01693294e-02  3.40850000e-09  1.17591502e+00  3.40850000e-09  1.20000000e+00 
 3.40950000e-09  1.96889573e-02  3.40950000e-09  1.17650811e+00  3.40950000e-09  1.20000000e+00 
 3.41050000e-09  1.92195417e-02  3.41050000e-09  1.17708668e+00  3.41050000e-09  1.20000000e+00 
 3.41150000e-09  1.87608583e-02  3.41150000e-09  1.17765107e+00  3.41150000e-09  1.20000000e+00 
 3.41250000e-09  1.83126849e-02  3.41250000e-09  1.17820165e+00  3.41250000e-09  1.20000000e+00 
 3.41350000e-09  1.78748035e-02  3.41350000e-09  1.17873873e+00  3.41350000e-09  1.20000000e+00 
 3.41450000e-09  1.74469986e-02  3.41450000e-09  1.17926266e+00  3.41450000e-09  1.20000000e+00 
 3.41550000e-09  1.70290590e-02  3.41550000e-09  1.17977374e+00  3.41550000e-09  1.20000000e+00 
 3.41650000e-09  1.66207758e-02  3.41650000e-09  1.18027229e+00  3.41650000e-09  1.20000000e+00 
 3.41750000e-09  1.62219445e-02  3.41750000e-09  1.18075861e+00  3.41750000e-09  1.20000000e+00 
 3.41850000e-09  1.58323631e-02  3.41850000e-09  1.18123300e+00  3.41850000e-09  1.20000000e+00 
 3.41950000e-09  1.54518337e-02  3.41950000e-09  1.18169575e+00  3.41950000e-09  1.20000000e+00 
 3.42050000e-09  1.50801612e-02  3.42050000e-09  1.18214715e+00  3.42050000e-09  1.20000000e+00 
 3.42150000e-09  1.47171544e-02  3.42150000e-09  1.18258746e+00  3.42150000e-09  1.20000000e+00 
 3.42250000e-09  1.43626249e-02  3.42250000e-09  1.18301697e+00  3.42250000e-09  1.20000000e+00 
 3.42350000e-09  1.40163883e-02  3.42350000e-09  1.18343592e+00  3.42350000e-09  1.20000000e+00 
 3.42450000e-09  1.36782628e-02  3.42450000e-09  1.18384459e+00  3.42450000e-09  1.20000000e+00 
 3.42550000e-09  1.33480706e-02  3.42550000e-09  1.18424321e+00  3.42550000e-09  1.20000000e+00 
 3.42650000e-09  1.30256365e-02  3.42650000e-09  1.18463204e+00  3.42650000e-09  1.20000000e+00 
 3.42750000e-09  1.27107894e-02  3.42750000e-09  1.18501132e+00  3.42750000e-09  1.20000000e+00 
 3.42850000e-09  1.24033605e-02  3.42850000e-09  1.18538126e+00  3.42850000e-09  1.20000000e+00 
 3.42950000e-09  1.21031851e-02  3.42950000e-09  1.18574212e+00  3.42950000e-09  1.20000000e+00 
 3.43050000e-09  1.18101008e-02  3.43050000e-09  1.18609409e+00  3.43050000e-09  1.20000000e+00 
 3.43150000e-09  1.15239491e-02  3.43150000e-09  1.18643741e+00  3.43150000e-09  1.20000000e+00 
 3.43250000e-09  1.12445742e-02  3.43250000e-09  1.18677228e+00  3.43250000e-09  1.20000000e+00 
 3.43350000e-09  1.09718235e-02  3.43350000e-09  1.18709892e+00  3.43350000e-09  1.20000000e+00 
 3.43450000e-09  1.07055472e-02  3.43450000e-09  1.18741751e+00  3.43450000e-09  1.20000000e+00 
 3.43550000e-09  1.04455989e-02  3.43550000e-09  1.18772826e+00  3.43550000e-09  1.20000000e+00 
 3.43650000e-09  1.01918348e-02  3.43650000e-09  1.18803136e+00  3.43650000e-09  1.20000000e+00 
 3.43750000e-09  9.94411436e-03  3.43750000e-09  1.18832700e+00  3.43750000e-09  1.20000000e+00 
 3.43850000e-09  9.70229945e-03  3.43850000e-09  1.18861536e+00  3.43850000e-09  1.20000000e+00 
 3.43950000e-09  9.46625523e-03  3.43950000e-09  1.18889661e+00  3.43950000e-09  1.20000000e+00 
 3.44050000e-09  9.23584933e-03  3.44050000e-09  1.18917094e+00  3.44050000e-09  1.20000000e+00 
 3.44150000e-09  9.01095238e-03  3.44150000e-09  1.18943850e+00  3.44150000e-09  1.20000000e+00 
 3.44250000e-09  8.79143748e-03  3.44250000e-09  1.18969948e+00  3.44250000e-09  1.20000000e+00 
 3.44350000e-09  8.57718064e-03  3.44350000e-09  1.18995402e+00  3.44350000e-09  1.20000000e+00 
 3.44450000e-09  8.36806027e-03  3.44450000e-09  1.19020229e+00  3.44450000e-09  1.20000000e+00 
 3.44550000e-09  8.16395754e-03  3.44550000e-09  1.19044443e+00  3.44550000e-09  1.20000000e+00 
 3.44650000e-09  7.96475601e-03  3.44650000e-09  1.19068061e+00  3.44650000e-09  1.20000000e+00 
 3.44750000e-09  7.77034188e-03  3.44750000e-09  1.19091096e+00  3.44750000e-09  1.20000000e+00 
 3.44850000e-09  7.58060365e-03  3.44850000e-09  1.19113563e+00  3.44850000e-09  1.20000000e+00 
 3.44950000e-09  7.39543239e-03  3.44950000e-09  1.19135476e+00  3.44950000e-09  1.20000000e+00 
 3.45050000e-09  7.21472138e-03  3.45050000e-09  1.19156848e+00  3.45050000e-09  1.20000000e+00 
 3.45150000e-09  7.03836637e-03  3.45150000e-09  1.19177694e+00  3.45150000e-09  1.20000000e+00 
 3.45250000e-09  6.86626526e-03  3.45250000e-09  1.19198024e+00  3.45250000e-09  1.20000000e+00 
 3.45350000e-09  6.69831831e-03  3.45350000e-09  1.19217854e+00  3.45350000e-09  1.20000000e+00 
 3.45450000e-09  6.53442788e-03  3.45450000e-09  1.19237193e+00  3.45450000e-09  1.20000000e+00 
 3.45550000e-09  6.37449858e-03  3.45550000e-09  1.19256056e+00  3.45550000e-09  1.20000000e+00 
 3.45650000e-09  6.21843703e-03  3.45650000e-09  1.19274453e+00  3.45650000e-09  1.20000000e+00 
 3.45750000e-09  6.06615206e-03  3.45750000e-09  1.19292395e+00  3.45750000e-09  1.20000000e+00 
 3.45850000e-09  5.91755441e-03  3.45850000e-09  1.19309895e+00  3.45850000e-09  1.20000000e+00 
 3.45950000e-09  5.77255692e-03  3.45950000e-09  1.19326963e+00  3.45950000e-09  1.20000000e+00 
 3.46050000e-09  5.63107430e-03  3.46050000e-09  1.19343609e+00  3.46050000e-09  1.20000000e+00 
 3.46150000e-09  5.49302326e-03  3.46150000e-09  1.19359844e+00  3.46150000e-09  1.20000000e+00 
 3.46250000e-09  5.35832231e-03  3.46250000e-09  1.19375678e+00  3.46250000e-09  1.20000000e+00 
 3.46350000e-09  5.22689191e-03  3.46350000e-09  1.19391121e+00  3.46350000e-09  1.20000000e+00 
 3.46450000e-09  5.09865421e-03  3.46450000e-09  1.19406182e+00  3.46450000e-09  1.20000000e+00 
 3.46550000e-09  4.97353323e-03  3.46550000e-09  1.19420872e+00  3.46550000e-09  1.20000000e+00 
 3.46650000e-09  4.85145464e-03  3.46650000e-09  1.19435198e+00  3.46650000e-09  1.20000000e+00 
 3.46750000e-09  4.73234589e-03  3.46750000e-09  1.19449171e+00  3.46750000e-09  1.20000000e+00 
 3.46850000e-09  4.61613601e-03  3.46850000e-09  1.19462798e+00  3.46850000e-09  1.20000000e+00 
 3.46950000e-09  4.50275574e-03  3.46950000e-09  1.19476089e+00  3.46950000e-09  1.20000000e+00 
 3.47050000e-09  4.39213734e-03  3.47050000e-09  1.19489051e+00  3.47050000e-09  1.20000000e+00 
 3.47150000e-09  4.28421470e-03  3.47150000e-09  1.19501693e+00  3.47150000e-09  1.20000000e+00 
 3.47250000e-09  4.17892317e-03  3.47250000e-09  1.19514022e+00  3.47250000e-09  1.20000000e+00 
 3.47350000e-09  4.07619966e-03  3.47350000e-09  1.19526047e+00  3.47350000e-09  1.20000000e+00 
 3.47450000e-09  3.97598249e-03  3.47450000e-09  1.19537774e+00  3.47450000e-09  1.20000000e+00 
 3.47550000e-09  3.87821145e-03  3.47550000e-09  1.19549212e+00  3.47550000e-09  1.20000000e+00 
 3.47650000e-09  3.78282770e-03  3.47650000e-09  1.19560366e+00  3.47650000e-09  1.20000000e+00 
 3.47750000e-09  3.68977381e-03  3.47750000e-09  1.19571245e+00  3.47750000e-09  1.20000000e+00 
 3.47850000e-09  3.59899364e-03  3.47850000e-09  1.19581855e+00  3.47850000e-09  1.20000000e+00 
 3.47950000e-09  3.51043242e-03  3.47950000e-09  1.19592203e+00  3.47950000e-09  1.20000000e+00 
 3.48050000e-09  3.42403662e-03  3.48050000e-09  1.19602294e+00  3.48050000e-09  1.20000000e+00 
 3.48150000e-09  3.33975398e-03  3.48150000e-09  1.19612137e+00  3.48150000e-09  1.20000000e+00 
 3.48250000e-09  3.25753346e-03  3.48250000e-09  1.19621735e+00  3.48250000e-09  1.20000000e+00 
 3.48350000e-09  3.17732524e-03  3.48350000e-09  1.19631097e+00  3.48350000e-09  1.20000000e+00 
 3.48450000e-09  3.09908065e-03  3.48450000e-09  1.19640227e+00  3.48450000e-09  1.20000000e+00 
 3.48550000e-09  3.02275219e-03  3.48550000e-09  1.19649131e+00  3.48550000e-09  1.20000000e+00 
 3.48650000e-09  2.94829346e-03  3.48650000e-09  1.19657815e+00  3.48650000e-09  1.20000000e+00 
 3.48750000e-09  2.87565917e-03  3.48750000e-09  1.19666284e+00  3.48750000e-09  1.20000000e+00 
 3.48850000e-09  2.80480510e-03  3.48850000e-09  1.19674543e+00  3.48850000e-09  1.20000000e+00 
 3.48950000e-09  2.73568808e-03  3.48950000e-09  1.19682598e+00  3.48950000e-09  1.20000000e+00 
 3.49050000e-09  2.66826595e-03  3.49050000e-09  1.19690454e+00  3.49050000e-09  1.20000000e+00 
 3.49150000e-09  2.60249757e-03  3.49150000e-09  1.19698116e+00  3.49150000e-09  1.20000000e+00 
 3.49250000e-09  2.53834278e-03  3.49250000e-09  1.19705588e+00  3.49250000e-09  1.20000000e+00 
 3.49350000e-09  2.47576236e-03  3.49350000e-09  1.19712875e+00  3.49350000e-09  1.20000000e+00 
 3.49450000e-09  2.41471803e-03  3.49450000e-09  1.19719982e+00  3.49450000e-09  1.20000000e+00 
 3.49550000e-09  2.35517243e-03  3.49550000e-09  1.19726913e+00  3.49550000e-09  1.20000000e+00 
 3.49650000e-09  2.29708909e-03  3.49650000e-09  1.19733673e+00  3.49650000e-09  1.20000000e+00 
 3.49750000e-09  2.24043240e-03  3.49750000e-09  1.19740265e+00  3.49750000e-09  1.20000000e+00 
 3.49850000e-09  2.18516761e-03  3.49850000e-09  1.19746694e+00  3.49850000e-09  1.20000000e+00 
 3.49925000e-09  2.14461306e-03  3.49925000e-09  1.19751412e+00  3.49925000e-09  1.20000000e+00 
 3.50000000e-09  2.10480832e-03  3.50000000e-09  1.19756041e+00  3.50000000e-09  1.20000000e+00 
 3.50010000e-09  1.74296350e-03  3.50010000e-09  1.19720447e+00  3.50010000e-09  1.19760000e+00 
 3.50030000e-09  8.68072046e-04  3.50030000e-09  1.19631100e+00  3.50030000e-09  1.19280000e+00 
 3.50070000e-09 -7.20088807e-04  3.50070000e-09  1.19460710e+00  3.50070000e-09  1.18320000e+00 
 3.50150000e-09 -2.95238148e-03  3.50150000e-09  1.19215100e+00  3.50150000e-09  1.16400000e+00 
 3.50250000e-09 -5.17005493e-03  3.50250000e-09  1.18969848e+00  3.50250000e-09  1.14000000e+00 
 3.50350000e-09 -6.99865617e-03  3.50350000e-09  1.18766887e+00  3.50350000e-09  1.11600000e+00 
 3.50450000e-09 -8.71983539e-03  3.50450000e-09  1.18578063e+00  3.50450000e-09  1.09200000e+00 
 3.50550000e-09 -1.03055183e-02  3.50550000e-09  1.18406214e+00  3.50550000e-09  1.06800000e+00 
 3.50650000e-09 -1.18441366e-02  3.50650000e-09  1.18243434e+00  3.50650000e-09  1.04400000e+00 
 3.50750000e-09 -1.32921294e-02  3.50750000e-09  1.18094018e+00  3.50750000e-09  1.02000000e+00 
 3.50850000e-09 -1.46990715e-02  3.50850000e-09  1.17953187e+00  3.50850000e-09  9.96000000e-01 
 3.50950000e-09 -1.60357301e-02  3.50950000e-09  1.17823399e+00  3.50950000e-09  9.72000000e-01 
 3.51050000e-09 -1.73362865e-02  3.51050000e-09  1.17701111e+00  3.51050000e-09  9.48000000e-01 
 3.51150000e-09 -1.85831898e-02  3.51150000e-09  1.17587493e+00  3.51150000e-09  9.24000000e-01 
 3.51250000e-09 -1.98025206e-02  3.51250000e-09  1.17479680e+00  3.51250000e-09  9.00000000e-01 
 3.51350000e-09 -2.09857793e-02  3.51350000e-09  1.17377778e+00  3.51350000e-09  8.76000000e-01 
 3.51440188e-09 -2.20419787e-02  3.51440188e-09  1.17288501e+00  3.51440188e-09  8.54354815e-01 
 3.51540188e-09 -2.31994500e-02  3.51540188e-09  1.17191498e+00  3.51540188e-09  8.30354815e-01 
 3.51640188e-09 -2.43641324e-02  3.51640188e-09  1.17093479e+00  3.51640188e-09  8.06354815e-01 
 3.51740188e-09 -2.55394626e-02  3.51740188e-09  1.16992703e+00  3.51740188e-09  7.82354815e-01 
 3.51840188e-09 -2.67424367e-02  3.51840188e-09  1.16886402e+00  3.51840188e-09  7.58354815e-01 
 3.51940188e-09 -2.79758345e-02  3.51940188e-09  1.16773049e+00  3.51940188e-09  7.34354815e-01 
 3.52040188e-09 -2.92513010e-02  3.52040188e-09  1.16650703e+00  3.52040188e-09  7.10354815e-01 
 3.52140188e-09 -3.05684500e-02  3.52140188e-09  1.16518625e+00  3.52140188e-09  6.86354815e-01 
 3.52240188e-09 -3.19326821e-02  3.52240188e-09  1.16375983e+00  3.52240188e-09  6.62354815e-01 
 3.52340188e-09 -3.33393453e-02  3.52340188e-09  1.16222933e+00  3.52340188e-09  6.38354815e-01 
 3.52440188e-09 -3.47848432e-02  3.52440188e-09  1.16060056e+00  3.52440188e-09  6.14354815e-01 
 3.52540188e-09 -3.62507389e-02  3.52540188e-09  1.15889718e+00  3.52540188e-09  5.90354815e-01 
 3.52640188e-09 -3.77103691e-02  3.52640188e-09  1.15715841e+00  3.52640188e-09  5.66354815e-01 
 3.52740188e-09 -3.91186602e-02  3.52740188e-09  1.15544294e+00  3.52740188e-09  5.42354815e-01 
 3.52840188e-09 -4.04238666e-02  3.52840188e-09  1.15381617e+00  3.52840188e-09  5.18354815e-01 
 3.52940188e-09 -4.15686423e-02  3.52940188e-09  1.15234258e+00  3.52940188e-09  4.94354815e-01 
 3.53040188e-09 -4.25069421e-02  3.53040188e-09  1.15107149e+00  3.53040188e-09  4.70354815e-01 
 3.53140188e-09 -4.32063018e-02  3.53140188e-09  1.15003361e+00  3.53140188e-09  4.46354815e-01 
 3.53240188e-09 -4.36544222e-02  3.53240188e-09  1.14923839e+00  3.53240188e-09  4.22354815e-01 
 3.53340188e-09 -4.38507155e-02  3.53340188e-09  1.14868089e+00  3.53340188e-09  3.98354815e-01 
 3.53440188e-09 -4.38043629e-02  3.53440188e-09  1.14834648e+00  3.53440188e-09  3.74354815e-01 
 3.53540188e-09 -4.35255790e-02  3.53540188e-09  1.14821796e+00  3.53540188e-09  3.50354815e-01 
 3.53640188e-09 -4.30255206e-02  3.53640188e-09  1.14827771e+00  3.53640188e-09  3.26354815e-01 
 3.53740188e-09 -4.23124669e-02  3.53740188e-09  1.14850996e+00  3.53740188e-09  3.02354815e-01 
 3.53840188e-09 -4.13949918e-02  3.53840188e-09  1.14889918e+00  3.53840188e-09  2.78354815e-01 
 3.53940188e-09 -4.02803804e-02  3.53940188e-09  1.14943035e+00  3.53940188e-09  2.54354815e-01 
 3.54040188e-09 -3.89763829e-02  3.54040188e-09  1.15008865e+00  3.54040188e-09  2.30354815e-01 
 3.54140188e-09 -3.74889656e-02  3.54140188e-09  1.15086074e+00  3.54140188e-09  2.06354815e-01 
 3.54240188e-09 -3.58241630e-02  3.54240188e-09  1.15173423e+00  3.54240188e-09  1.82354815e-01 
 3.54340188e-09 -3.39870661e-02  3.54340188e-09  1.15269774e+00  3.54340188e-09  1.58354815e-01 
 3.54440188e-09 -3.19832083e-02  3.54440188e-09  1.15374048e+00  3.54440188e-09  1.34354815e-01 
 3.54540188e-09 -2.98172527e-02  3.54540188e-09  1.15485271e+00  3.54540188e-09  1.10354815e-01 
 3.54640188e-09 -2.74939010e-02  3.54640188e-09  1.15602561e+00  3.54640188e-09  8.63548154e-02 
 3.54740188e-09 -2.50169103e-02  3.54740188e-09  1.15725148e+00  3.54740188e-09  6.23548154e-02 
 3.54840188e-09 -2.23899614e-02  3.54840188e-09  1.15852347e+00  3.54840188e-09  3.83548154e-02 
 3.54920094e-09 -2.01849820e-02  3.54920094e-09  1.15956910e+00  3.54920094e-09  1.91774077e-02 
 3.55000000e-09 -1.78876667e-02  3.55000000e-09  1.16063757e+00  3.55000000e-09  1.77635684e-15 
 3.55010000e-09 -1.72191124e-02  3.55010000e-09  1.16115831e+00  3.55010000e-09  0.00000000e+00 
 3.55030000e-09 -1.56837560e-02  3.55030000e-09  1.16244841e+00  3.55030000e-09  0.00000000e+00 
 3.55070000e-09 -1.25730547e-02  3.55070000e-09  1.16523250e+00  3.55070000e-09  0.00000000e+00 
 3.55150000e-09 -7.12319139e-03  3.55150000e-09  1.17013187e+00  3.55150000e-09  0.00000000e+00 
 3.55250000e-09 -1.12188562e-03  3.55250000e-09  1.17546977e+00  3.55250000e-09  0.00000000e+00 
 3.55350000e-09  4.00288673e-03  3.55350000e-09  1.17996852e+00  3.55350000e-09  0.00000000e+00 
 3.55450000e-09  8.50842146e-03  3.55450000e-09  1.18386620e+00  3.55450000e-09  0.00000000e+00 
 3.55550000e-09  1.24795678e-02  3.55550000e-09  1.18722752e+00  3.55550000e-09  0.00000000e+00 
 3.55650000e-09  1.60796717e-02  3.55650000e-09  1.19019629e+00  3.55650000e-09  0.00000000e+00 
 3.55750000e-09  1.93481057e-02  3.55750000e-09  1.19280408e+00  3.55750000e-09  0.00000000e+00 
 3.55850000e-09  2.23848460e-02  3.55850000e-09  1.19514127e+00  3.55850000e-09  0.00000000e+00 
 3.55950000e-09  2.52060938e-02  3.55950000e-09  1.19722347e+00  3.55950000e-09  0.00000000e+00 
 3.56050000e-09  2.78752855e-02  3.56050000e-09  1.19910901e+00  3.56050000e-09  0.00000000e+00 
 3.56150000e-09  3.03988414e-02  3.56150000e-09  1.20080656e+00  3.56150000e-09  0.00000000e+00 
 3.56250000e-09  3.28191423e-02  3.56250000e-09  1.20235568e+00  3.56250000e-09  0.00000000e+00 
 3.56350000e-09  3.51382399e-02  3.56350000e-09  1.20376189e+00  3.56350000e-09  0.00000000e+00 
 3.56450000e-09  3.73855848e-02  3.56450000e-09  1.20505295e+00  3.56450000e-09  0.00000000e+00 
 3.56550000e-09  3.95613504e-02  3.56550000e-09  1.20623284e+00  3.56550000e-09  0.00000000e+00 
 3.56650000e-09  4.16866165e-02  3.56650000e-09  1.20732157e+00  3.56650000e-09  0.00000000e+00 
 3.56750000e-09  4.37607890e-02  3.56750000e-09  1.20832231e+00  3.56750000e-09  0.00000000e+00 
 3.56850000e-09  4.57992925e-02  3.56850000e-09  1.20924977e+00  3.56850000e-09  0.00000000e+00 
 3.56950000e-09  4.78012626e-02  3.56950000e-09  1.21010664e+00  3.56950000e-09  0.00000000e+00 
 3.57050000e-09  4.97781732e-02  3.57050000e-09  1.21090391e+00  3.57050000e-09  0.00000000e+00 
 3.57150000e-09  5.17291090e-02  3.57150000e-09  1.21164391e+00  3.57150000e-09  0.00000000e+00 
 3.57250000e-09  5.36627131e-02  3.57250000e-09  1.21233498e+00  3.57250000e-09  0.00000000e+00 
 3.57350000e-09  5.55781134e-02  3.57350000e-09  1.21297917e+00  3.57350000e-09  0.00000000e+00 
 3.57450000e-09  5.74818854e-02  3.57450000e-09  1.21358285e+00  3.57450000e-09  0.00000000e+00 
 3.57550000e-09  5.93732371e-02  3.57550000e-09  1.21414784e+00  3.57550000e-09  0.00000000e+00 
 3.57650000e-09  6.12572117e-02  3.57650000e-09  1.21467908e+00  3.57650000e-09  0.00000000e+00 
 3.57750000e-09  6.31331092e-02  3.57750000e-09  1.21517818e+00  3.57750000e-09  0.00000000e+00 
 3.57850000e-09  6.50048241e-02  3.57850000e-09  1.21564899e+00  3.57850000e-09  0.00000000e+00 
 3.57950000e-09  6.68717479e-02  3.57950000e-09  1.21609293e+00  3.57950000e-09  0.00000000e+00 
 3.58050000e-09  6.87369074e-02  3.58050000e-09  1.21651304e+00  3.58050000e-09  0.00000000e+00 
 3.58150000e-09  7.05997801e-02  3.58150000e-09  1.21691057e+00  3.58150000e-09  0.00000000e+00 
 3.58250000e-09  7.24627321e-02  3.58250000e-09  1.21728794e+00  3.58250000e-09  0.00000000e+00 
 3.58350000e-09  7.43253200e-02  3.58350000e-09  1.21764624e+00  3.58350000e-09  0.00000000e+00 
 3.58450000e-09  7.61894045e-02  3.58450000e-09  1.21798743e+00  3.58450000e-09  0.00000000e+00 
 3.58550000e-09  7.80546133e-02  3.58550000e-09  1.21831247e+00  3.58550000e-09  0.00000000e+00 
 3.58650000e-09  7.99224190e-02  3.58650000e-09  1.21862294e+00  3.58650000e-09  0.00000000e+00 
 3.58750000e-09  8.17925130e-02  3.58750000e-09  1.21891968e+00  3.58750000e-09  0.00000000e+00 
 3.58850000e-09  8.36660687e-02  3.58850000e-09  1.21920399e+00  3.58850000e-09  0.00000000e+00 
 3.58950000e-09  8.55428342e-02  3.58950000e-09  1.21947662e+00  3.58950000e-09  0.00000000e+00 
 3.59050000e-09  8.74237522e-02  3.59050000e-09  1.21973863e+00  3.59050000e-09  0.00000000e+00 
 3.59150000e-09  8.93086211e-02  3.59150000e-09  1.21999067e+00  3.59150000e-09  0.00000000e+00 
 3.59250000e-09  9.11982051e-02  3.59250000e-09  1.22023365e+00  3.59250000e-09  0.00000000e+00 
 3.59350000e-09  9.30923476e-02  3.59350000e-09  1.22046814e+00  3.59350000e-09  0.00000000e+00 
 3.59450000e-09  9.49916749e-02  3.59450000e-09  1.22069488e+00  3.59450000e-09  0.00000000e+00 
 3.59550000e-09  9.68960706e-02  3.59550000e-09  1.22091440e+00  3.59550000e-09  0.00000000e+00 
 3.59650000e-09  9.88060547e-02  3.59650000e-09  1.22112732e+00  3.59650000e-09  0.00000000e+00 
 3.59750000e-09  1.00721547e-01  3.59750000e-09  1.22133412e+00  3.59750000e-09  0.00000000e+00 
 3.59850000e-09  1.02642985e-01  3.59850000e-09  1.22153531e+00  3.59850000e-09  0.00000000e+00 
 3.59950000e-09  1.04570321e-01  3.59950000e-09  1.22173134e+00  3.59950000e-09  0.00000000e+00 
 3.60050000e-09  1.06503931e-01  3.60050000e-09  1.22192264e+00  3.60050000e-09  0.00000000e+00 
 3.60150000e-09  1.08443796e-01  3.60150000e-09  1.22210961e+00  3.60150000e-09  0.00000000e+00 
 3.60250000e-09  1.10390245e-01  3.60250000e-09  1.22229264e+00  3.60250000e-09  0.00000000e+00 
 3.60350000e-09  1.12343287e-01  3.60350000e-09  1.22247206e+00  3.60350000e-09  0.00000000e+00 
 3.60450000e-09  1.14303214e-01  3.60450000e-09  1.22264823e+00  3.60450000e-09  0.00000000e+00 
 3.60550000e-09  1.16270060e-01  3.60550000e-09  1.22282147e+00  3.60550000e-09  0.00000000e+00 
 3.60650000e-09  1.18244093e-01  3.60650000e-09  1.22299206e+00  3.60650000e-09  0.00000000e+00 
 3.60750000e-09  1.20225370e-01  3.60750000e-09  1.22316031e+00  3.60750000e-09  0.00000000e+00 
 3.60850000e-09  1.22214140e-01  3.60850000e-09  1.22332649e+00  3.60850000e-09  0.00000000e+00 
 3.60950000e-09  1.24210482e-01  3.60950000e-09  1.22349085e+00  3.60950000e-09  0.00000000e+00 
 3.61050000e-09  1.26214634e-01  3.61050000e-09  1.22365365e+00  3.61050000e-09  0.00000000e+00 
 3.61150000e-09  1.28226696e-01  3.61150000e-09  1.22381512e+00  3.61150000e-09  0.00000000e+00 
 3.61250000e-09  1.30246900e-01  3.61250000e-09  1.22397549e+00  3.61250000e-09  0.00000000e+00 
 3.61350000e-09  1.32275365e-01  3.61350000e-09  1.22413498e+00  3.61350000e-09  0.00000000e+00 
 3.61450000e-09  1.34312320e-01  3.61450000e-09  1.22429381e+00  3.61450000e-09  0.00000000e+00 
 3.61550000e-09  1.36357905e-01  3.61550000e-09  1.22445218e+00  3.61550000e-09  0.00000000e+00 
 3.61650000e-09  1.38412350e-01  3.61650000e-09  1.22461029e+00  3.61650000e-09  0.00000000e+00 
 3.61750000e-09  1.40475813e-01  3.61750000e-09  1.22476833e+00  3.61750000e-09  0.00000000e+00 
 3.61850000e-09  1.42548529e-01  3.61850000e-09  1.22492649e+00  3.61850000e-09  0.00000000e+00 
 3.61950000e-09  1.44630674e-01  3.61950000e-09  1.22508495e+00  3.61950000e-09  0.00000000e+00 
 3.62050000e-09  1.46722491e-01  3.62050000e-09  1.22524388e+00  3.62050000e-09  0.00000000e+00 
 3.62150000e-09  1.48824173e-01  3.62150000e-09  1.22540347e+00  3.62150000e-09  0.00000000e+00 
 3.62250000e-09  1.50935972e-01  3.62250000e-09  1.22556388e+00  3.62250000e-09  0.00000000e+00 
 3.62350000e-09  1.53058100e-01  3.62350000e-09  1.22572528e+00  3.62350000e-09  0.00000000e+00 
 3.62450000e-09  1.55190818e-01  3.62450000e-09  1.22588784e+00  3.62450000e-09  0.00000000e+00 
 3.62550000e-09  1.57334359e-01  3.62550000e-09  1.22605171e+00  3.62550000e-09  0.00000000e+00 
 3.62650000e-09  1.59488995e-01  3.62650000e-09  1.22621706e+00  3.62650000e-09  0.00000000e+00 
 3.62750000e-09  1.61654976e-01  3.62750000e-09  1.22638405e+00  3.62750000e-09  0.00000000e+00 
 3.62850000e-09  1.63832589e-01  3.62850000e-09  1.22655282e+00  3.62850000e-09  0.00000000e+00 
 3.62950000e-09  1.66022101e-01  3.62950000e-09  1.22672355e+00  3.62950000e-09  0.00000000e+00 
 3.63050000e-09  1.68223813e-01  3.63050000e-09  1.22689637e+00  3.63050000e-09  0.00000000e+00 
 3.63150000e-09  1.70438011e-01  3.63150000e-09  1.22707145e+00  3.63150000e-09  0.00000000e+00 
 3.63250000e-09  1.72665010e-01  3.63250000e-09  1.22724894e+00  3.63250000e-09  0.00000000e+00 
 3.63350000e-09  1.74905115e-01  3.63350000e-09  1.22742899e+00  3.63350000e-09  0.00000000e+00 
 3.63450000e-09  1.77158655e-01  3.63450000e-09  1.22761174e+00  3.63450000e-09  0.00000000e+00 
 3.63550000e-09  1.79425953e-01  3.63550000e-09  1.22779736e+00  3.63550000e-09  0.00000000e+00 
 3.63650000e-09  1.81707352e-01  3.63650000e-09  1.22798598e+00  3.63650000e-09  0.00000000e+00 
 3.63750000e-09  1.84003193e-01  3.63750000e-09  1.22817776e+00  3.63750000e-09  0.00000000e+00 
 3.63850000e-09  1.86313832e-01  3.63850000e-09  1.22837284e+00  3.63850000e-09  0.00000000e+00 
 3.63950000e-09  1.88639625e-01  3.63950000e-09  1.22857137e+00  3.63950000e-09  0.00000000e+00 
 3.64050000e-09  1.90980944e-01  3.64050000e-09  1.22877349e+00  3.64050000e-09  0.00000000e+00 
 3.64150000e-09  1.93338156e-01  3.64150000e-09  1.22897936e+00  3.64150000e-09  0.00000000e+00 
 3.64250000e-09  1.95711646e-01  3.64250000e-09  1.22918910e+00  3.64250000e-09  0.00000000e+00 
 3.64350000e-09  1.98101793e-01  3.64350000e-09  1.22940286e+00  3.64350000e-09  0.00000000e+00 
 3.64450000e-09  2.00508989e-01  3.64450000e-09  1.22962078e+00  3.64450000e-09  0.00000000e+00 
 3.64550000e-09  2.02934765e-01  3.64550000e-09  1.22984407e+00  3.64550000e-09  0.00000000e+00 
 3.64650000e-09  2.05379006e-01  3.64650000e-09  1.23007256e+00  3.64650000e-09  0.00000000e+00 
 3.64750000e-09  2.07841267e-01  3.64750000e-09  1.23030509e+00  3.64750000e-09  0.00000000e+00 
 3.64850000e-09  2.10322291e-01  3.64850000e-09  1.23054211e+00  3.64850000e-09  0.00000000e+00 
 3.64950000e-09  2.12822336e-01  3.64950000e-09  1.23078381e+00  3.64950000e-09  0.00000000e+00 
 3.65050000e-09  2.15341886e-01  3.65050000e-09  1.23103037e+00  3.65050000e-09  0.00000000e+00 
 3.65150000e-09  2.17881262e-01  3.65150000e-09  1.23128189e+00  3.65150000e-09  0.00000000e+00 
 3.65250000e-09  2.20440897e-01  3.65250000e-09  1.23153847e+00  3.65250000e-09  0.00000000e+00 
 3.65350000e-09  2.23021135e-01  3.65350000e-09  1.23180020e+00  3.65350000e-09  0.00000000e+00 
 3.65450000e-09  2.25622371e-01  3.65450000e-09  1.23206717e+00  3.65450000e-09  0.00000000e+00 
 3.65550000e-09  2.28244949e-01  3.65550000e-09  1.23233945e+00  3.65550000e-09  0.00000000e+00 
 3.65650000e-09  2.30889232e-01  3.65650000e-09  1.23261709e+00  3.65650000e-09  0.00000000e+00 
 3.65750000e-09  2.33555547e-01  3.65750000e-09  1.23290015e+00  3.65750000e-09  0.00000000e+00 
 3.65850000e-09  2.36244221e-01  3.65850000e-09  1.23318865e+00  3.65850000e-09  0.00000000e+00 
 3.65950000e-09  2.38955550e-01  3.65950000e-09  1.23348261e+00  3.65950000e-09  0.00000000e+00 
 3.66050000e-09  2.41689821e-01  3.66050000e-09  1.23378203e+00  3.66050000e-09  0.00000000e+00 
 3.66150000e-09  2.44447291e-01  3.66150000e-09  1.23408692e+00  3.66150000e-09  0.00000000e+00 
 3.66250000e-09  2.47228197e-01  3.66250000e-09  1.23439722e+00  3.66250000e-09  0.00000000e+00 
 3.66350000e-09  2.50032748e-01  3.66350000e-09  1.23471291e+00  3.66350000e-09  0.00000000e+00 
 3.66450000e-09  2.52861128e-01  3.66450000e-09  1.23503392e+00  3.66450000e-09  0.00000000e+00 
 3.66550000e-09  2.55713488e-01  3.66550000e-09  1.23536017e+00  3.66550000e-09  0.00000000e+00 
 3.66650000e-09  2.58589952e-01  3.66650000e-09  1.23569157e+00  3.66650000e-09  0.00000000e+00 
 3.66750000e-09  2.61490609e-01  3.66750000e-09  1.23602800e+00  3.66750000e-09  0.00000000e+00 
 3.66850000e-09  2.64415519e-01  3.66850000e-09  1.23636933e+00  3.66850000e-09  0.00000000e+00 
 3.66950000e-09  2.67364705e-01  3.66950000e-09  1.23671543e+00  3.66950000e-09  0.00000000e+00 
 3.67050000e-09  2.70338161e-01  3.67050000e-09  1.23706611e+00  3.67050000e-09  0.00000000e+00 
 3.67150000e-09  2.73335842e-01  3.67150000e-09  1.23742123e+00  3.67150000e-09  0.00000000e+00 
 3.67250000e-09  2.76357675e-01  3.67250000e-09  1.23778057e+00  3.67250000e-09  0.00000000e+00 
 3.67350000e-09  2.79403550e-01  3.67350000e-09  1.23814395e+00  3.67350000e-09  0.00000000e+00 
 3.67450000e-09  2.82473328e-01  3.67450000e-09  1.23851115e+00  3.67450000e-09  0.00000000e+00 
 3.67550000e-09  2.85566837e-01  3.67550000e-09  1.23888194e+00  3.67550000e-09  0.00000000e+00 
 3.67650000e-09  2.88683877e-01  3.67650000e-09  1.23925611e+00  3.67650000e-09  0.00000000e+00 
 3.67750000e-09  2.91824220e-01  3.67750000e-09  1.23963341e+00  3.67750000e-09  0.00000000e+00 
 3.67850000e-09  2.94987610e-01  3.67850000e-09  1.24001361e+00  3.67850000e-09  0.00000000e+00 
 3.67950000e-09  2.98173768e-01  3.67950000e-09  1.24039646e+00  3.67950000e-09  0.00000000e+00 
 3.68050000e-09  3.01382395e-01  3.68050000e-09  1.24078173e+00  3.68050000e-09  0.00000000e+00 
 3.68150000e-09  3.04613168e-01  3.68150000e-09  1.24116916e+00  3.68150000e-09  0.00000000e+00 
 3.68250000e-09  3.07865749e-01  3.68250000e-09  1.24155853e+00  3.68250000e-09  0.00000000e+00 
 3.68350000e-09  3.11138884e-01  3.68350000e-09  1.24194874e+00  3.68350000e-09  0.00000000e+00 
 3.68450000e-09  3.14432471e-01  3.68450000e-09  1.24233965e+00  3.68450000e-09  0.00000000e+00 
 3.68550000e-09  3.17746887e-01  3.68550000e-09  1.24273207e+00  3.68550000e-09  0.00000000e+00 
 3.68650000e-09  3.21081537e-01  3.68650000e-09  1.24312572e+00  3.68650000e-09  0.00000000e+00 
 3.68750000e-09  3.24436132e-01  3.68750000e-09  1.24352033e+00  3.68750000e-09  0.00000000e+00 
 3.68850000e-09  3.27810224e-01  3.68850000e-09  1.24391563e+00  3.68850000e-09  0.00000000e+00 
 3.68950000e-09  3.31203458e-01  3.68950000e-09  1.24431143e+00  3.68950000e-09  0.00000000e+00 
 3.69050000e-09  3.34615411e-01  3.69050000e-09  1.24470752e+00  3.69050000e-09  0.00000000e+00 
 3.69150000e-09  3.38045699e-01  3.69150000e-09  1.24510373e+00  3.69150000e-09  0.00000000e+00 
 3.69250000e-09  3.41493913e-01  3.69250000e-09  1.24549989e+00  3.69250000e-09  0.00000000e+00 
 3.69350000e-09  3.44959657e-01  3.69350000e-09  1.24589585e+00  3.69350000e-09  0.00000000e+00 
 3.69450000e-09  3.48442532e-01  3.69450000e-09  1.24629145e+00  3.69450000e-09  0.00000000e+00 
 3.69550000e-09  3.51942146e-01  3.69550000e-09  1.24668656e+00  3.69550000e-09  0.00000000e+00 
 3.69650000e-09  3.55458110e-01  3.69650000e-09  1.24708106e+00  3.69650000e-09  0.00000000e+00 
 3.69750000e-09  3.58990039e-01  3.69750000e-09  1.24747482e+00  3.69750000e-09  0.00000000e+00 
 3.69850000e-09  3.62537558e-01  3.69850000e-09  1.24786775e+00  3.69850000e-09  0.00000000e+00 
 3.69950000e-09  3.66100293e-01  3.69950000e-09  1.24825974e+00  3.69950000e-09  0.00000000e+00 
 3.70050000e-09  3.69677884e-01  3.70050000e-09  1.24865071e+00  3.70050000e-09  0.00000000e+00 
 3.70150000e-09  3.73269971e-01  3.70150000e-09  1.24904055e+00  3.70150000e-09  0.00000000e+00 
 3.70250000e-09  3.76876208e-01  3.70250000e-09  1.24942922e+00  3.70250000e-09  0.00000000e+00 
 3.70350000e-09  3.80496705e-01  3.70350000e-09  1.24981691e+00  3.70350000e-09  0.00000000e+00 
 3.70450000e-09  3.84131062e-01  3.70450000e-09  1.25020369e+00  3.70450000e-09  0.00000000e+00 
 3.70550000e-09  3.87778545e-01  3.70550000e-09  1.25058913e+00  3.70550000e-09  0.00000000e+00 
 3.70650000e-09  3.91438936e-01  3.70650000e-09  1.25097304e+00  3.70650000e-09  0.00000000e+00 
 3.70750000e-09  3.95111859e-01  3.70750000e-09  1.25135540e+00  3.70750000e-09  0.00000000e+00 
 3.70850000e-09  3.98797030e-01  3.70850000e-09  1.25173616e+00  3.70850000e-09  0.00000000e+00 
 3.70950000e-09  4.02494122e-01  3.70950000e-09  1.25211528e+00  3.70950000e-09  0.00000000e+00 
 3.71050000e-09  4.06202842e-01  3.71050000e-09  1.25249270e+00  3.71050000e-09  0.00000000e+00 
 3.71150000e-09  4.09922890e-01  3.71150000e-09  1.25286837e+00  3.71150000e-09  0.00000000e+00 
 3.71250000e-09  4.13653981e-01  3.71250000e-09  1.25324224e+00  3.71250000e-09  0.00000000e+00 
 3.71350000e-09  4.17395831e-01  3.71350000e-09  1.25361426e+00  3.71350000e-09  0.00000000e+00 
 3.71450000e-09  4.21148160e-01  3.71450000e-09  1.25398435e+00  3.71450000e-09  0.00000000e+00 
 3.71550000e-09  4.24910699e-01  3.71550000e-09  1.25435246e+00  3.71550000e-09  0.00000000e+00 
 3.71650000e-09  4.28683172e-01  3.71650000e-09  1.25471852e+00  3.71650000e-09  0.00000000e+00 
 3.71750000e-09  4.32465316e-01  3.71750000e-09  1.25508244e+00  3.71750000e-09  0.00000000e+00 
 3.71850000e-09  4.36256861e-01  3.71850000e-09  1.25544415e+00  3.71850000e-09  0.00000000e+00 
 3.71950000e-09  4.40057545e-01  3.71950000e-09  1.25580355e+00  3.71950000e-09  0.00000000e+00 
 3.72050000e-09  4.43867101e-01  3.72050000e-09  1.25616054e+00  3.72050000e-09  0.00000000e+00 
 3.72150000e-09  4.47685269e-01  3.72150000e-09  1.25651500e+00  3.72150000e-09  0.00000000e+00 
 3.72250000e-09  4.51511781e-01  3.72250000e-09  1.25686681e+00  3.72250000e-09  0.00000000e+00 
 3.72350000e-09  4.55346374e-01  3.72350000e-09  1.25721584e+00  3.72350000e-09  0.00000000e+00 
 3.72450000e-09  4.59188779e-01  3.72450000e-09  1.25756194e+00  3.72450000e-09  0.00000000e+00 
 3.72550000e-09  4.63038730e-01  3.72550000e-09  1.25790495e+00  3.72550000e-09  0.00000000e+00 
 3.72650000e-09  4.66895954e-01  3.72650000e-09  1.25824469e+00  3.72650000e-09  0.00000000e+00 
 3.72750000e-09  4.70760180e-01  3.72750000e-09  1.25858097e+00  3.72750000e-09  0.00000000e+00 
 3.72850000e-09  4.74631130e-01  3.72850000e-09  1.25891358e+00  3.72850000e-09  0.00000000e+00 
 3.72950000e-09  4.78508530e-01  3.72950000e-09  1.25924232e+00  3.72950000e-09  0.00000000e+00 
 3.73050000e-09  4.82392097e-01  3.73050000e-09  1.25956694e+00  3.73050000e-09  0.00000000e+00 
 3.73150000e-09  4.86281553e-01  3.73150000e-09  1.25988720e+00  3.73150000e-09  0.00000000e+00 
 3.73250000e-09  4.90176614e-01  3.73250000e-09  1.26020283e+00  3.73250000e-09  0.00000000e+00 
 3.73350000e-09  4.94076999e-01  3.73350000e-09  1.26051357e+00  3.73350000e-09  0.00000000e+00 
 3.73450000e-09  4.97982426e-01  3.73450000e-09  1.26081912e+00  3.73450000e-09  0.00000000e+00 
 3.73550000e-09  5.01892617e-01  3.73550000e-09  1.26111918e+00  3.73550000e-09  0.00000000e+00 
 3.73650000e-09  5.05807295e-01  3.73650000e-09  1.26141346e+00  3.73650000e-09  0.00000000e+00 
 3.73750000e-09  5.09726211e-01  3.73750000e-09  1.26170217e+00  3.73750000e-09  0.00000000e+00 
 3.73850000e-09  5.13649100e-01  3.73850000e-09  1.26198445e+00  3.73850000e-09  0.00000000e+00 
 3.73950000e-09  5.17575494e-01  3.73950000e-09  1.26225947e+00  3.73950000e-09  0.00000000e+00 
 3.74050000e-09  5.21505218e-01  3.74050000e-09  1.26252740e+00  3.74050000e-09  0.00000000e+00 
 3.74150000e-09  5.25438136e-01  3.74150000e-09  1.26278791e+00  3.74150000e-09  0.00000000e+00 
 3.74250000e-09  5.29373985e-01  3.74250000e-09  1.26304072e+00  3.74250000e-09  0.00000000e+00 
 3.74350000e-09  5.33312621e-01  3.74350000e-09  1.26328549e+00  3.74350000e-09  0.00000000e+00 
 3.74450000e-09  5.37253849e-01  3.74450000e-09  1.26352193e+00  3.74450000e-09  0.00000000e+00 
 3.74550000e-09  5.41197546e-01  3.74550000e-09  1.26374975e+00  3.74550000e-09  0.00000000e+00 
 3.74650000e-09  5.45143575e-01  3.74650000e-09  1.26396868e+00  3.74650000e-09  0.00000000e+00 
 3.74750000e-09  5.49091852e-01  3.74750000e-09  1.26417844e+00  3.74750000e-09  0.00000000e+00 
 3.74850000e-09  5.53042306e-01  3.74850000e-09  1.26437881e+00  3.74850000e-09  0.00000000e+00 
 3.74950000e-09  5.56994905e-01  3.74950000e-09  1.26456955e+00  3.74950000e-09  0.00000000e+00 
 3.75050000e-09  5.60949642e-01  3.75050000e-09  1.26475045e+00  3.75050000e-09  0.00000000e+00 
 3.75150000e-09  5.64906549e-01  3.75150000e-09  1.26492134e+00  3.75150000e-09  0.00000000e+00 
 3.75250000e-09  5.68865690e-01  3.75250000e-09  1.26508205e+00  3.75250000e-09  0.00000000e+00 
 3.75350000e-09  5.72827163e-01  3.75350000e-09  1.26523242e+00  3.75350000e-09  0.00000000e+00 
 3.75450000e-09  5.76791101e-01  3.75450000e-09  1.26537235e+00  3.75450000e-09  0.00000000e+00 
 3.75550000e-09  5.80757671e-01  3.75550000e-09  1.26550173e+00  3.75550000e-09  0.00000000e+00 
 3.75650000e-09  5.84727077e-01  3.75650000e-09  1.26562046e+00  3.75650000e-09  0.00000000e+00 
 3.75750000e-09  5.88699554e-01  3.75750000e-09  1.26572849e+00  3.75750000e-09  0.00000000e+00 
 3.75850000e-09  5.92675371e-01  3.75850000e-09  1.26582576e+00  3.75850000e-09  0.00000000e+00 
 3.75950000e-09  5.96654829e-01  3.75950000e-09  1.26591224e+00  3.75950000e-09  0.00000000e+00 
 3.76050000e-09  6.00638259e-01  3.76050000e-09  1.26598789e+00  3.76050000e-09  0.00000000e+00 
 3.76150000e-09  6.04626023e-01  3.76150000e-09  1.26605271e+00  3.76150000e-09  0.00000000e+00 
 3.76250000e-09  6.08618510e-01  3.76250000e-09  1.26610669e+00  3.76250000e-09  0.00000000e+00 
 3.76350000e-09  6.12616729e-01  3.76350000e-09  1.26614897e+00  3.76350000e-09  0.00000000e+00 
 3.76450000e-09  6.16620762e-01  3.76450000e-09  1.26618029e+00  3.76450000e-09  0.00000000e+00 
 3.76550000e-09  6.20630864e-01  3.76550000e-09  1.26620161e+00  3.76550000e-09  0.00000000e+00 
 3.76650000e-09  6.24647704e-01  3.76650000e-09  1.26621227e+00  3.76650000e-09  0.00000000e+00 
 3.76750000e-09  6.28671606e-01  3.76750000e-09  1.26621218e+00  3.76750000e-09  0.00000000e+00 
 3.76850000e-09  6.32703248e-01  3.76850000e-09  1.26620139e+00  3.76850000e-09  0.00000000e+00 
 3.76950000e-09  6.36743089e-01  3.76950000e-09  1.26617991e+00  3.76950000e-09  0.00000000e+00 
 3.77050000e-09  6.40791759e-01  3.77050000e-09  1.26614777e+00  3.77050000e-09  0.00000000e+00 
 3.77150000e-09  6.44849801e-01  3.77150000e-09  1.26610500e+00  3.77150000e-09  0.00000000e+00 
 3.77250000e-09  6.48917847e-01  3.77250000e-09  1.26605161e+00  3.77250000e-09  0.00000000e+00 
 3.77350000e-09  6.52996492e-01  3.77350000e-09  1.26598763e+00  3.77350000e-09  0.00000000e+00 
 3.77450000e-09  6.57086383e-01  3.77450000e-09  1.26591306e+00  3.77450000e-09  0.00000000e+00 
 3.77550000e-09  6.61188149e-01  3.77550000e-09  1.26582792e+00  3.77550000e-09  0.00000000e+00 
 3.77650000e-09  6.65302451e-01  3.77650000e-09  1.26573222e+00  3.77650000e-09  0.00000000e+00 
 3.77750000e-09  6.69429943e-01  3.77750000e-09  1.26562595e+00  3.77750000e-09  0.00000000e+00 
 3.77850000e-09  6.73571292e-01  3.77850000e-09  1.26550910e+00  3.77850000e-09  0.00000000e+00 
 3.77950000e-09  6.77727163e-01  3.77950000e-09  1.26538165e+00  3.77950000e-09  0.00000000e+00 
 3.78050000e-09  6.81898225e-01  3.78050000e-09  1.26524360e+00  3.78050000e-09  0.00000000e+00 
 3.78150000e-09  6.86085142e-01  3.78150000e-09  1.26509489e+00  3.78150000e-09  0.00000000e+00 
 3.78250000e-09  6.90288570e-01  3.78250000e-09  1.26493548e+00  3.78250000e-09  0.00000000e+00 
 3.78350000e-09  6.94509161e-01  3.78350000e-09  1.26476532e+00  3.78350000e-09  0.00000000e+00 
 3.78450000e-09  6.98747547e-01  3.78450000e-09  1.26458433e+00  3.78450000e-09  0.00000000e+00 
 3.78550000e-09  7.03004349e-01  3.78550000e-09  1.26439244e+00  3.78550000e-09  0.00000000e+00 
 3.78650000e-09  7.07280161e-01  3.78650000e-09  1.26418955e+00  3.78650000e-09  0.00000000e+00 
 3.78750000e-09  7.11575555e-01  3.78750000e-09  1.26397555e+00  3.78750000e-09  0.00000000e+00 
 3.78850000e-09  7.15891071e-01  3.78850000e-09  1.26375030e+00  3.78850000e-09  0.00000000e+00 
 3.78950000e-09  7.20227216e-01  3.78950000e-09  1.26351368e+00  3.78950000e-09  0.00000000e+00 
 3.79050000e-09  7.24584453e-01  3.79050000e-09  1.26326551e+00  3.79050000e-09  0.00000000e+00 
 3.79150000e-09  7.28963203e-01  3.79150000e-09  1.26300562e+00  3.79150000e-09  0.00000000e+00 
 3.79250000e-09  7.33363835e-01  3.79250000e-09  1.26273383e+00  3.79250000e-09  0.00000000e+00 
 3.79350000e-09  7.37786665e-01  3.79350000e-09  1.26244992e+00  3.79350000e-09  0.00000000e+00 
 3.79450000e-09  7.42231948e-01  3.79450000e-09  1.26215367e+00  3.79450000e-09  0.00000000e+00 
 3.79550000e-09  7.46699876e-01  3.79550000e-09  1.26184484e+00  3.79550000e-09  0.00000000e+00 
 3.79650000e-09  7.51190569e-01  3.79650000e-09  1.26152317e+00  3.79650000e-09  0.00000000e+00 
 3.79750000e-09  7.55704077e-01  3.79750000e-09  1.26118840e+00  3.79750000e-09  0.00000000e+00 
 3.79850000e-09  7.60240370e-01  3.79850000e-09  1.26084023e+00  3.79850000e-09  0.00000000e+00 
 3.79950000e-09  7.64799338e-01  3.79950000e-09  1.26047837e+00  3.79950000e-09  0.00000000e+00 
 3.80050000e-09  7.69380788e-01  3.80050000e-09  1.26010251e+00  3.80050000e-09  0.00000000e+00 
 3.80150000e-09  7.73984438e-01  3.80150000e-09  1.25971233e+00  3.80150000e-09  0.00000000e+00 
 3.80250000e-09  7.78609917e-01  3.80250000e-09  1.25930751e+00  3.80250000e-09  0.00000000e+00 
 3.80350000e-09  7.83256763e-01  3.80350000e-09  1.25888770e+00  3.80350000e-09  0.00000000e+00 
 3.80450000e-09  7.87924419e-01  3.80450000e-09  1.25845256e+00  3.80450000e-09  0.00000000e+00 
 3.80550000e-09  7.92612236e-01  3.80550000e-09  1.25800174e+00  3.80550000e-09  0.00000000e+00 
 3.80650000e-09  7.97319468e-01  3.80650000e-09  1.25753488e+00  3.80650000e-09  0.00000000e+00 
 3.80750000e-09  8.02045272e-01  3.80750000e-09  1.25705161e+00  3.80750000e-09  0.00000000e+00 
 3.80850000e-09  8.06788711e-01  3.80850000e-09  1.25655157e+00  3.80850000e-09  0.00000000e+00 
 3.80950000e-09  8.11548751e-01  3.80950000e-09  1.25603440e+00  3.80950000e-09  0.00000000e+00 
 3.81050000e-09  8.16324264e-01  3.81050000e-09  1.25549971e+00  3.81050000e-09  0.00000000e+00 
 3.81150000e-09  8.21114028e-01  3.81150000e-09  1.25494714e+00  3.81150000e-09  0.00000000e+00 
 3.81250000e-09  8.25916727e-01  3.81250000e-09  1.25437633e+00  3.81250000e-09  0.00000000e+00 
 3.81350000e-09  8.30730955e-01  3.81350000e-09  1.25378691e+00  3.81350000e-09  0.00000000e+00 
 3.81450000e-09  8.35555220e-01  3.81450000e-09  1.25317854e+00  3.81450000e-09  0.00000000e+00 
 3.81550000e-09  8.40387940e-01  3.81550000e-09  1.25255090e+00  3.81550000e-09  0.00000000e+00 
 3.81650000e-09  8.45227456e-01  3.81650000e-09  1.25190368e+00  3.81650000e-09  0.00000000e+00 
 3.81750000e-09  8.50072027e-01  3.81750000e-09  1.25123659e+00  3.81750000e-09  0.00000000e+00 
 3.81850000e-09  8.54919840e-01  3.81850000e-09  1.25054942e+00  3.81850000e-09  0.00000000e+00 
 3.81950000e-09  8.59769014e-01  3.81950000e-09  1.24984197e+00  3.81950000e-09  0.00000000e+00 
 3.82050000e-09  8.64617601e-01  3.82050000e-09  1.24911414e+00  3.82050000e-09  0.00000000e+00 
 3.82150000e-09  8.69463596e-01  3.82150000e-09  1.24836586e+00  3.82150000e-09  0.00000000e+00 
 3.82250000e-09  8.74304943e-01  3.82250000e-09  1.24759719e+00  3.82250000e-09  0.00000000e+00 
 3.82350000e-09  8.79139534e-01  3.82350000e-09  1.24680825e+00  3.82350000e-09  0.00000000e+00 
 3.82450000e-09  8.83965222e-01  3.82450000e-09  1.24599929e+00  3.82450000e-09  0.00000000e+00 
 3.82550000e-09  8.88779825e-01  3.82550000e-09  1.24517065e+00  3.82550000e-09  0.00000000e+00 
 3.82650000e-09  8.93581134e-01  3.82650000e-09  1.24432280e+00  3.82650000e-09  0.00000000e+00 
 3.82750000e-09  8.98366921e-01  3.82750000e-09  1.24345633e+00  3.82750000e-09  0.00000000e+00 
 3.82850000e-09  9.03134949e-01  3.82850000e-09  1.24257192e+00  3.82850000e-09  0.00000000e+00 
 3.82950000e-09  9.07882986e-01  3.82950000e-09  1.24167040e+00  3.82950000e-09  0.00000000e+00 
 3.83050000e-09  9.12608812e-01  3.83050000e-09  1.24075265e+00  3.83050000e-09  0.00000000e+00 
 3.83150000e-09  9.17310236e-01  3.83150000e-09  1.23981968e+00  3.83150000e-09  0.00000000e+00 
 3.83250000e-09  9.21985108e-01  3.83250000e-09  1.23887254e+00  3.83250000e-09  0.00000000e+00 
 3.83350000e-09  9.26631329e-01  3.83350000e-09  1.23791236e+00  3.83350000e-09  0.00000000e+00 
 3.83450000e-09  9.31246866e-01  3.83450000e-09  1.23694029e+00  3.83450000e-09  0.00000000e+00 
 3.83550000e-09  9.35829761e-01  3.83550000e-09  1.23595753e+00  3.83550000e-09  0.00000000e+00 
 3.83650000e-09  9.40378135e-01  3.83650000e-09  1.23496528e+00  3.83650000e-09  0.00000000e+00 
 3.83750000e-09  9.44890201e-01  3.83750000e-09  1.23396473e+00  3.83750000e-09  0.00000000e+00 
 3.83850000e-09  9.49364267e-01  3.83850000e-09  1.23295708e+00  3.83850000e-09  0.00000000e+00 
 3.83950000e-09  9.53798736e-01  3.83950000e-09  1.23194352e+00  3.83950000e-09  0.00000000e+00 
 3.84050000e-09  9.58192111e-01  3.84050000e-09  1.23092518e+00  3.84050000e-09  0.00000000e+00 
 3.84150000e-09  9.62542994e-01  3.84150000e-09  1.22990319e+00  3.84150000e-09  0.00000000e+00 
 3.84250000e-09  9.66850086e-01  3.84250000e-09  1.22887865e+00  3.84250000e-09  0.00000000e+00 
 3.84350000e-09  9.71112186e-01  3.84350000e-09  1.22785259e+00  3.84350000e-09  0.00000000e+00 
 3.84450000e-09  9.75328187e-01  3.84450000e-09  1.22682604e+00  3.84450000e-09  0.00000000e+00 
 3.84550000e-09  9.79497076e-01  3.84550000e-09  1.22579998e+00  3.84550000e-09  0.00000000e+00 
 3.84650000e-09  9.83617931e-01  3.84650000e-09  1.22477534e+00  3.84650000e-09  0.00000000e+00 
 3.84750000e-09  9.87689915e-01  3.84750000e-09  1.22375301e+00  3.84750000e-09  0.00000000e+00 
 3.84850000e-09  9.91712278e-01  3.84850000e-09  1.22273387e+00  3.84850000e-09  0.00000000e+00 
 3.84950000e-09  9.95684348e-01  3.84950000e-09  1.22171872e+00  3.84950000e-09  0.00000000e+00 
 3.85050000e-09  9.99605531e-01  3.85050000e-09  1.22070834e+00  3.85050000e-09  0.00000000e+00 
 3.85150000e-09  1.00347531e+00  3.85150000e-09  1.21970349e+00  3.85150000e-09  0.00000000e+00 
 3.85250000e-09  1.00729323e+00  3.85250000e-09  1.21870486e+00  3.85250000e-09  0.00000000e+00 
 3.85350000e-09  1.01105892e+00  3.85350000e-09  1.21771314e+00  3.85350000e-09  0.00000000e+00 
 3.85450000e-09  1.01477206e+00  3.85450000e-09  1.21672894e+00  3.85450000e-09  0.00000000e+00 
 3.85550000e-09  1.01843329e+00  3.85550000e-09  1.21575350e+00  3.85550000e-09  0.00000000e+00 
 3.85650000e-09  1.02204152e+00  3.85650000e-09  1.21478689e+00  3.85650000e-09  0.00000000e+00 
 3.85750000e-09  1.02559614e+00  3.85750000e-09  1.21382906e+00  3.85750000e-09  0.00000000e+00 
 3.85850000e-09  1.02909754e+00  3.85850000e-09  1.21288089e+00  3.85850000e-09  0.00000000e+00 
 3.85950000e-09  1.03254556e+00  3.85950000e-09  1.21194282e+00  3.85950000e-09  0.00000000e+00 
 3.86050000e-09  1.03594035e+00  3.86050000e-09  1.21101535e+00  3.86050000e-09  0.00000000e+00 
 3.86150000e-09  1.03928186e+00  3.86150000e-09  1.21009889e+00  3.86150000e-09  0.00000000e+00 
 3.86250000e-09  1.04257028e+00  3.86250000e-09  1.20919383e+00  3.86250000e-09  0.00000000e+00 
 3.86350000e-09  1.04580568e+00  3.86350000e-09  1.20830054e+00  3.86350000e-09  0.00000000e+00 
 3.86450000e-09  1.04898829e+00  3.86450000e-09  1.20741936e+00  3.86450000e-09  0.00000000e+00 
 3.86550000e-09  1.05211828e+00  3.86550000e-09  1.20655059e+00  3.86550000e-09  0.00000000e+00 
 3.86650000e-09  1.05519593e+00  3.86650000e-09  1.20569452e+00  3.86650000e-09  0.00000000e+00 
 3.86750000e-09  1.05822150e+00  3.86750000e-09  1.20485140e+00  3.86750000e-09  0.00000000e+00 
 3.86850000e-09  1.06119530e+00  3.86850000e-09  1.20402147e+00  3.86850000e-09  0.00000000e+00 
 3.86950000e-09  1.06411767e+00  3.86950000e-09  1.20320495e+00  3.86950000e-09  0.00000000e+00 
 3.87050000e-09  1.06698896e+00  3.87050000e-09  1.20240202e+00  3.87050000e-09  0.00000000e+00 
 3.87150000e-09  1.06980957e+00  3.87150000e-09  1.20161285e+00  3.87150000e-09  0.00000000e+00 
 3.87250000e-09  1.07257989e+00  3.87250000e-09  1.20083759e+00  3.87250000e-09  0.00000000e+00 
 3.87350000e-09  1.07530036e+00  3.87350000e-09  1.20007637e+00  3.87350000e-09  0.00000000e+00 
 3.87450000e-09  1.07797142e+00  3.87450000e-09  1.19932930e+00  3.87450000e-09  0.00000000e+00 
 3.87550000e-09  1.08059354e+00  3.87550000e-09  1.19859646e+00  3.87550000e-09  0.00000000e+00 
 3.87650000e-09  1.08316721e+00  3.87650000e-09  1.19787793e+00  3.87650000e-09  0.00000000e+00 
 3.87750000e-09  1.08569290e+00  3.87750000e-09  1.19717377e+00  3.87750000e-09  0.00000000e+00 
 3.87850000e-09  1.08817114e+00  3.87850000e-09  1.19648402e+00  3.87850000e-09  0.00000000e+00 
 3.87950000e-09  1.09060245e+00  3.87950000e-09  1.19580870e+00  3.87950000e-09  0.00000000e+00 
 3.88050000e-09  1.09298737e+00  3.88050000e-09  1.19514782e+00  3.88050000e-09  0.00000000e+00 
 3.88150000e-09  1.09532643e+00  3.88150000e-09  1.19450139e+00  3.88150000e-09  0.00000000e+00 
 3.88250000e-09  1.09762019e+00  3.88250000e-09  1.19386938e+00  3.88250000e-09  0.00000000e+00 
 3.88350000e-09  1.09986921e+00  3.88350000e-09  1.19325177e+00  3.88350000e-09  0.00000000e+00 
 3.88450000e-09  1.10207406e+00  3.88450000e-09  1.19264851e+00  3.88450000e-09  0.00000000e+00 
 3.88550000e-09  1.10423532e+00  3.88550000e-09  1.19205955e+00  3.88550000e-09  0.00000000e+00 
 3.88650000e-09  1.10635357e+00  3.88650000e-09  1.19148483e+00  3.88650000e-09  0.00000000e+00 
 3.88750000e-09  1.10842939e+00  3.88750000e-09  1.19092427e+00  3.88750000e-09  0.00000000e+00 
 3.88850000e-09  1.11046337e+00  3.88850000e-09  1.19037780e+00  3.88850000e-09  0.00000000e+00 
 3.88950000e-09  1.11245611e+00  3.88950000e-09  1.18984532e+00  3.88950000e-09  0.00000000e+00 
 3.89050000e-09  1.11440819e+00  3.89050000e-09  1.18932672e+00  3.89050000e-09  0.00000000e+00 
 3.89150000e-09  1.11632023e+00  3.89150000e-09  1.18882190e+00  3.89150000e-09  0.00000000e+00 
 3.89250000e-09  1.11819280e+00  3.89250000e-09  1.18833075e+00  3.89250000e-09  0.00000000e+00 
 3.89350000e-09  1.12002652e+00  3.89350000e-09  1.18785314e+00  3.89350000e-09  0.00000000e+00 
 3.89450000e-09  1.12182199e+00  3.89450000e-09  1.18738894e+00  3.89450000e-09  0.00000000e+00 
 3.89550000e-09  1.12357979e+00  3.89550000e-09  1.18693801e+00  3.89550000e-09  0.00000000e+00 
 3.89650000e-09  1.12530053e+00  3.89650000e-09  1.18650022e+00  3.89650000e-09  0.00000000e+00 
 3.89750000e-09  1.12698480e+00  3.89750000e-09  1.18607541e+00  3.89750000e-09  0.00000000e+00 
 3.89850000e-09  1.12863319e+00  3.89850000e-09  1.18566344e+00  3.89850000e-09  0.00000000e+00 
 3.89950000e-09  1.13024631e+00  3.89950000e-09  1.18526415e+00  3.89950000e-09  0.00000000e+00 
 3.90050000e-09  1.13182472e+00  3.90050000e-09  1.18487738e+00  3.90050000e-09  0.00000000e+00 
 3.90150000e-09  1.13336903e+00  3.90150000e-09  1.18450296e+00  3.90150000e-09  0.00000000e+00 
 3.90250000e-09  1.13487981e+00  3.90250000e-09  1.18414073e+00  3.90250000e-09  0.00000000e+00 
 3.90350000e-09  1.13635764e+00  3.90350000e-09  1.18379052e+00  3.90350000e-09  0.00000000e+00 
 3.90450000e-09  1.13780309e+00  3.90450000e-09  1.18345215e+00  3.90450000e-09  0.00000000e+00 
 3.90550000e-09  1.13921674e+00  3.90550000e-09  1.18312546e+00  3.90550000e-09  0.00000000e+00 
 3.90650000e-09  1.14059914e+00  3.90650000e-09  1.18281025e+00  3.90650000e-09  0.00000000e+00 
 3.90750000e-09  1.14195086e+00  3.90750000e-09  1.18250636e+00  3.90750000e-09  0.00000000e+00 
 3.90850000e-09  1.14327245e+00  3.90850000e-09  1.18221360e+00  3.90850000e-09  0.00000000e+00 
 3.90950000e-09  1.14456447e+00  3.90950000e-09  1.18193180e+00  3.90950000e-09  0.00000000e+00 
 3.91050000e-09  1.14582746e+00  3.91050000e-09  1.18166076e+00  3.91050000e-09  0.00000000e+00 
 3.91150000e-09  1.14706195e+00  3.91150000e-09  1.18140030e+00  3.91150000e-09  0.00000000e+00 
 3.91250000e-09  1.14826847e+00  3.91250000e-09  1.18115024e+00  3.91250000e-09  0.00000000e+00 
 3.91350000e-09  1.14944757e+00  3.91350000e-09  1.18091040e+00  3.91350000e-09  0.00000000e+00 
 3.91450000e-09  1.15059975e+00  3.91450000e-09  1.18068058e+00  3.91450000e-09  0.00000000e+00 
 3.91550000e-09  1.15172553e+00  3.91550000e-09  1.18046061e+00  3.91550000e-09  0.00000000e+00 
 3.91650000e-09  1.15282542e+00  3.91650000e-09  1.18025029e+00  3.91650000e-09  0.00000000e+00 
 3.91750000e-09  1.15389993e+00  3.91750000e-09  1.18004945e+00  3.91750000e-09  0.00000000e+00 
 3.91850000e-09  1.15494954e+00  3.91850000e-09  1.17985789e+00  3.91850000e-09  0.00000000e+00 
 3.91950000e-09  1.15597474e+00  3.91950000e-09  1.17967544e+00  3.91950000e-09  0.00000000e+00 
 3.92050000e-09  1.15697603e+00  3.92050000e-09  1.17950192e+00  3.92050000e-09  0.00000000e+00 
 3.92150000e-09  1.15795388e+00  3.92150000e-09  1.17933713e+00  3.92150000e-09  0.00000000e+00 
 3.92250000e-09  1.15890875e+00  3.92250000e-09  1.17918090e+00  3.92250000e-09  0.00000000e+00 
 3.92350000e-09  1.15984110e+00  3.92350000e-09  1.17903305e+00  3.92350000e-09  0.00000000e+00 
 3.92450000e-09  1.16075140e+00  3.92450000e-09  1.17889340e+00  3.92450000e-09  0.00000000e+00 
 3.92550000e-09  1.16164010e+00  3.92550000e-09  1.17876177e+00  3.92550000e-09  0.00000000e+00 
 3.92650000e-09  1.16250763e+00  3.92650000e-09  1.17863798e+00  3.92650000e-09  0.00000000e+00 
 3.92750000e-09  1.16335443e+00  3.92750000e-09  1.17852187e+00  3.92750000e-09  0.00000000e+00 
 3.92850000e-09  1.16418093e+00  3.92850000e-09  1.17841326e+00  3.92850000e-09  0.00000000e+00 
 3.92950000e-09  1.16498756e+00  3.92950000e-09  1.17831197e+00  3.92950000e-09  0.00000000e+00 
 3.93050000e-09  1.16577473e+00  3.93050000e-09  1.17821784e+00  3.93050000e-09  0.00000000e+00 
 3.93150000e-09  1.16654285e+00  3.93150000e-09  1.17813070e+00  3.93150000e-09  0.00000000e+00 
 3.93250000e-09  1.16729231e+00  3.93250000e-09  1.17805039e+00  3.93250000e-09  0.00000000e+00 
 3.93350000e-09  1.16802353e+00  3.93350000e-09  1.17797673e+00  3.93350000e-09  0.00000000e+00 
 3.93450000e-09  1.16873688e+00  3.93450000e-09  1.17790957e+00  3.93450000e-09  0.00000000e+00 
 3.93550000e-09  1.16943275e+00  3.93550000e-09  1.17784876e+00  3.93550000e-09  0.00000000e+00 
 3.93650000e-09  1.17011152e+00  3.93650000e-09  1.17779412e+00  3.93650000e-09  0.00000000e+00 
 3.93750000e-09  1.17077355e+00  3.93750000e-09  1.17774550e+00  3.93750000e-09  0.00000000e+00 
 3.93850000e-09  1.17141921e+00  3.93850000e-09  1.17770276e+00  3.93850000e-09  0.00000000e+00 
 3.93950000e-09  1.17204885e+00  3.93950000e-09  1.17766573e+00  3.93950000e-09  0.00000000e+00 
 3.94050000e-09  1.17266284e+00  3.94050000e-09  1.17763428e+00  3.94050000e-09  0.00000000e+00 
 3.94150000e-09  1.17326150e+00  3.94150000e-09  1.17760824e+00  3.94150000e-09  0.00000000e+00 
 3.94250000e-09  1.17384518e+00  3.94250000e-09  1.17758749e+00  3.94250000e-09  0.00000000e+00 
 3.94350000e-09  1.17441422e+00  3.94350000e-09  1.17757186e+00  3.94350000e-09  0.00000000e+00 
 3.94450000e-09  1.17496893e+00  3.94450000e-09  1.17756123e+00  3.94450000e-09  0.00000000e+00 
 3.94550000e-09  1.17550964e+00  3.94550000e-09  1.17755546e+00  3.94550000e-09  0.00000000e+00 
 3.94650000e-09  1.17603666e+00  3.94650000e-09  1.17755441e+00  3.94650000e-09  0.00000000e+00 
 3.94750000e-09  1.17655030e+00  3.94750000e-09  1.17755794e+00  3.94750000e-09  0.00000000e+00 
 3.94850000e-09  1.17705087e+00  3.94850000e-09  1.17756592e+00  3.94850000e-09  0.00000000e+00 
 3.94950000e-09  1.17753866e+00  3.94950000e-09  1.17757823e+00  3.94950000e-09  0.00000000e+00 
 3.95050000e-09  1.17801395e+00  3.95050000e-09  1.17759473e+00  3.95050000e-09  0.00000000e+00 
 3.95150000e-09  1.17847705e+00  3.95150000e-09  1.17761531e+00  3.95150000e-09  0.00000000e+00 
 3.95250000e-09  1.17892822e+00  3.95250000e-09  1.17763984e+00  3.95250000e-09  0.00000000e+00 
 3.95350000e-09  1.17936774e+00  3.95350000e-09  1.17766819e+00  3.95350000e-09  0.00000000e+00 
 3.95450000e-09  1.17979588e+00  3.95450000e-09  1.17770026e+00  3.95450000e-09  0.00000000e+00 
 3.95550000e-09  1.18021291e+00  3.95550000e-09  1.17773592e+00  3.95550000e-09  0.00000000e+00 
 3.95650000e-09  1.18061908e+00  3.95650000e-09  1.17777507e+00  3.95650000e-09  0.00000000e+00 
 3.95750000e-09  1.18101464e+00  3.95750000e-09  1.17781758e+00  3.95750000e-09  0.00000000e+00 
 3.95850000e-09  1.18139986e+00  3.95850000e-09  1.17786336e+00  3.95850000e-09  0.00000000e+00 
 3.95950000e-09  1.18177496e+00  3.95950000e-09  1.17791228e+00  3.95950000e-09  0.00000000e+00 
 3.96050000e-09  1.18214019e+00  3.96050000e-09  1.17796426e+00  3.96050000e-09  0.00000000e+00 
 3.96150000e-09  1.18249578e+00  3.96150000e-09  1.17801918e+00  3.96150000e-09  0.00000000e+00 
 3.96250000e-09  1.18284196e+00  3.96250000e-09  1.17807694e+00  3.96250000e-09  0.00000000e+00 
 3.96350000e-09  1.18317896e+00  3.96350000e-09  1.17813745e+00  3.96350000e-09  0.00000000e+00 
 3.96450000e-09  1.18350700e+00  3.96450000e-09  1.17820060e+00  3.96450000e-09  0.00000000e+00 
 3.96550000e-09  1.18382628e+00  3.96550000e-09  1.17826631e+00  3.96550000e-09  0.00000000e+00 
 3.96650000e-09  1.18413702e+00  3.96650000e-09  1.17833448e+00  3.96650000e-09  0.00000000e+00 
 3.96750000e-09  1.18443944e+00  3.96750000e-09  1.17840502e+00  3.96750000e-09  0.00000000e+00 
 3.96850000e-09  1.18473372e+00  3.96850000e-09  1.17847784e+00  3.96850000e-09  0.00000000e+00 
 3.96950000e-09  1.18502007e+00  3.96950000e-09  1.17855285e+00  3.96950000e-09  0.00000000e+00 
 3.97050000e-09  1.18529868e+00  3.97050000e-09  1.17862998e+00  3.97050000e-09  0.00000000e+00 
 3.97150000e-09  1.18556974e+00  3.97150000e-09  1.17870912e+00  3.97150000e-09  0.00000000e+00 
 3.97250000e-09  1.18583344e+00  3.97250000e-09  1.17879022e+00  3.97250000e-09  0.00000000e+00 
 3.97350000e-09  1.18608995e+00  3.97350000e-09  1.17887318e+00  3.97350000e-09  0.00000000e+00 
 3.97450000e-09  1.18633946e+00  3.97450000e-09  1.17895792e+00  3.97450000e-09  0.00000000e+00 
 3.97550000e-09  1.18658214e+00  3.97550000e-09  1.17904438e+00  3.97550000e-09  0.00000000e+00 
 3.97650000e-09  1.18681816e+00  3.97650000e-09  1.17913248e+00  3.97650000e-09  0.00000000e+00 
 3.97750000e-09  1.18704768e+00  3.97750000e-09  1.17922214e+00  3.97750000e-09  0.00000000e+00 
 3.97850000e-09  1.18727087e+00  3.97850000e-09  1.17931330e+00  3.97850000e-09  0.00000000e+00 
 3.97950000e-09  1.18748789e+00  3.97950000e-09  1.17940588e+00  3.97950000e-09  0.00000000e+00 
 3.98050000e-09  1.18769889e+00  3.98050000e-09  1.17949982e+00  3.98050000e-09  0.00000000e+00 
 3.98150000e-09  1.18790403e+00  3.98150000e-09  1.17959506e+00  3.98150000e-09  0.00000000e+00 
 3.98250000e-09  1.18810345e+00  3.98250000e-09  1.17969152e+00  3.98250000e-09  0.00000000e+00 
 3.98350000e-09  1.18829730e+00  3.98350000e-09  1.17978916e+00  3.98350000e-09  0.00000000e+00 
 3.98450000e-09  1.18848572e+00  3.98450000e-09  1.17988789e+00  3.98450000e-09  0.00000000e+00 
 3.98550000e-09  1.18866885e+00  3.98550000e-09  1.17998768e+00  3.98550000e-09  0.00000000e+00 
 3.98650000e-09  1.18884683e+00  3.98650000e-09  1.18008845e+00  3.98650000e-09  0.00000000e+00 
 3.98750000e-09  1.18901979e+00  3.98750000e-09  1.18019016e+00  3.98750000e-09  0.00000000e+00 
 3.98850000e-09  1.18918786e+00  3.98850000e-09  1.18029274e+00  3.98850000e-09  0.00000000e+00 
 3.98950000e-09  1.18935117e+00  3.98950000e-09  1.18039615e+00  3.98950000e-09  0.00000000e+00 
 3.99050000e-09  1.18950984e+00  3.99050000e-09  1.18050033e+00  3.99050000e-09  0.00000000e+00 
 3.99150000e-09  1.18966399e+00  3.99150000e-09  1.18060524e+00  3.99150000e-09  0.00000000e+00 
 3.99250000e-09  1.18981374e+00  3.99250000e-09  1.18071081e+00  3.99250000e-09  0.00000000e+00 
 3.99350000e-09  1.18995921e+00  3.99350000e-09  1.18081701e+00  3.99350000e-09  0.00000000e+00 
 3.99450000e-09  1.19010051e+00  3.99450000e-09  1.18092379e+00  3.99450000e-09  0.00000000e+00 
 3.99550000e-09  1.19023774e+00  3.99550000e-09  1.18103110e+00  3.99550000e-09  0.00000000e+00 
 3.99650000e-09  1.19037103e+00  3.99650000e-09  1.18113889e+00  3.99650000e-09  0.00000000e+00 
 3.99750000e-09  1.19050047e+00  3.99750000e-09  1.18124713e+00  3.99750000e-09  0.00000000e+00 
 3.99850000e-09  1.19062616e+00  3.99850000e-09  1.18135578e+00  3.99850000e-09  0.00000000e+00 
 3.99925000e-09  1.19071803e+00  3.99925000e-09  1.18143749e+00  3.99925000e-09  0.00000000e+00 
 4.00000000e-09  1.19080787e+00  4.00000000e-09  1.18151939e+00  4.00000000e-09  0.00000000e+00 
 4.00010000e-09  1.19126849e+00  4.00010000e-09  1.18197909e+00  4.00010000e-09  2.40000000e-03 
 4.00030000e-09  1.19251226e+00  4.00030000e-09  1.18322142e+00  4.00030000e-09  7.20000000e-03 
 4.00070000e-09  1.19547543e+00  4.00070000e-09  1.18618574e+00  4.00070000e-09  1.68000000e-02 
 4.00150000e-09  1.20122614e+00  4.00150000e-09  1.19195273e+00  4.00150000e-09  3.60000000e-02 
 4.00250000e-09  1.20800249e+00  4.00250000e-09  1.19876367e+00  4.00250000e-09  6.00000000e-02 
 4.00350000e-09  1.21404383e+00  4.00350000e-09  1.20484385e+00  4.00350000e-09  8.40000000e-02 
 4.00450000e-09  1.21955399e+00  4.00450000e-09  1.21038901e+00  4.00450000e-09  1.08000000e-01 
 4.00550000e-09  1.22460978e+00  4.00550000e-09  1.21547117e+00  4.00550000e-09  1.32000000e-01 
 4.00650000e-09  1.22936097e+00  4.00650000e-09  1.22023742e+00  4.00650000e-09  1.56000000e-01 
 4.00750000e-09  1.23383587e+00  4.00750000e-09  1.22471518e+00  4.00750000e-09  1.80000000e-01 
 4.00850000e-09  1.23811719e+00  4.00850000e-09  1.22898710e+00  4.00850000e-09  2.04000000e-01 
 4.00950000e-09  1.24221347e+00  4.00950000e-09  1.23306236e+00  4.00950000e-09  2.28000000e-01 
 4.01050000e-09  1.24617561e+00  4.01050000e-09  1.23699268e+00  4.01050000e-09  2.52000000e-01 
 4.01150000e-09  1.25000664e+00  4.01150000e-09  1.24078211e+00  4.01150000e-09  2.76000000e-01 
 4.01250000e-09  1.25374118e+00  4.01250000e-09  1.24446622e+00  4.01250000e-09  3.00000000e-01 
 4.01350000e-09  1.25738129e+00  4.01350000e-09  1.24804801e+00  4.01350000e-09  3.24000000e-01 
 4.01450000e-09  1.26095248e+00  4.01450000e-09  1.25155378e+00  4.01450000e-09  3.48000000e-01 
 4.01550000e-09  1.26445763e+00  4.01550000e-09  1.25498713e+00  4.01550000e-09  3.72000000e-01 
 4.01650000e-09  1.26791708e+00  4.01650000e-09  1.25836894e+00  4.01650000e-09  3.96000000e-01 
 4.01750000e-09  1.27133434e+00  4.01750000e-09  1.26170317e+00  4.01750000e-09  4.20000000e-01 
 4.01850000e-09  1.27472473e+00  4.01850000e-09  1.26500550e+00  4.01850000e-09  4.44000000e-01 
 4.01950000e-09  1.27808981e+00  4.01950000e-09  1.26827772e+00  4.01950000e-09  4.68000000e-01 
 4.02050000e-09  1.28143861e+00  4.02050000e-09  1.27152906e+00  4.02050000e-09  4.92000000e-01 
 4.02150000e-09  1.28476934e+00  4.02150000e-09  1.27475785e+00  4.02150000e-09  5.16000000e-01 
 4.02250000e-09  1.28808668e+00  4.02250000e-09  1.27796883e+00  4.02250000e-09  5.40000000e-01 
 4.02350000e-09  1.29138926e+00  4.02350000e-09  1.28116059e+00  4.02350000e-09  5.64000000e-01 
 4.02450000e-09  1.29468224e+00  4.02450000e-09  1.28433818e+00  4.02450000e-09  5.88000000e-01 
 4.02550000e-09  1.29796632e+00  4.02550000e-09  1.28750210e+00  4.02550000e-09  6.12000000e-01 
 4.02650000e-09  1.30124596e+00  4.02650000e-09  1.29065647e+00  4.02650000e-09  6.36000000e-01 
 4.02750000e-09  1.30452070e+00  4.02750000e-09  1.29380045e+00  4.02750000e-09  6.60000000e-01 
 4.02850000e-09  1.30779167e+00  4.02850000e-09  1.29693472e+00  4.02850000e-09  6.84000000e-01 
 4.02950000e-09  1.31105543e+00  4.02950000e-09  1.30005533e+00  4.02950000e-09  7.08000000e-01 
 4.03050000e-09  1.31430907e+00  4.03050000e-09  1.30315884e+00  4.03050000e-09  7.32000000e-01 
 4.03150000e-09  1.31754552e+00  4.03150000e-09  1.30623751e+00  4.03150000e-09  7.56000000e-01 
 4.03250000e-09  1.32075695e+00  4.03250000e-09  1.30928277e+00  4.03250000e-09  7.80000000e-01 
 4.03350000e-09  1.32393036e+00  4.03350000e-09  1.31228065e+00  4.03350000e-09  8.04000000e-01 
 4.03450000e-09  1.32704876e+00  4.03450000e-09  1.31521293e+00  4.03450000e-09  8.28000000e-01 
 4.03550000e-09  1.33008608e+00  4.03550000e-09  1.31805205e+00  4.03550000e-09  8.52000000e-01 
 4.03650000e-09  1.33300736e+00  4.03650000e-09  1.32076161e+00  4.03650000e-09  8.76000000e-01 
 4.03750000e-09  1.33576691e+00  4.03750000e-09  1.32329503e+00  4.03750000e-09  9.00000000e-01 
 4.03850000e-09  1.33831321e+00  4.03850000e-09  1.32560104e+00  4.03850000e-09  9.24000000e-01 
 4.03950000e-09  1.34059167e+00  4.03950000e-09  1.32762632e+00  4.03950000e-09  9.48000000e-01 
 4.04050000e-09  1.34254898e+00  4.04050000e-09  1.32931946e+00  4.04050000e-09  9.72000000e-01 
 4.04150000e-09  1.34413393e+00  4.04150000e-09  1.33063165e+00  4.04150000e-09  9.96000000e-01 
 4.04250000e-09  1.34530184e+00  4.04250000e-09  1.33152098e+00  4.04250000e-09  1.02000000e+00 
 4.04350000e-09  1.34601765e+00  4.04350000e-09  1.33195480e+00  4.04350000e-09  1.04400000e+00 
 4.04450000e-09  1.34625769e+00  4.04450000e-09  1.33191028e+00  4.04450000e-09  1.06800000e+00 
 4.04550000e-09  1.34600583e+00  4.04550000e-09  1.33137061e+00  4.04550000e-09  1.09200000e+00 
 4.04650000e-09  1.34525122e+00  4.04650000e-09  1.33032394e+00  4.04650000e-09  1.11600000e+00 
 4.04750000e-09  1.34398756e+00  4.04750000e-09  1.32876380e+00  4.04750000e-09  1.14000000e+00 
 4.04850000e-09  1.34221451e+00  4.04850000e-09  1.32669080e+00  4.04850000e-09  1.16400000e+00 
 4.04925000e-09  1.34055307e+00  4.04925000e-09  1.32480318e+00  4.04925000e-09  1.18200000e+00 
 4.05000000e-09  1.33861208e+00  4.05000000e-09  1.32263618e+00  4.05000000e-09  1.20000000e+00 
 4.05010000e-09  1.33790536e+00  4.05010000e-09  1.32189945e+00  4.05010000e-09  1.20000000e+00 
 4.05030000e-09  1.33625247e+00  4.05030000e-09  1.32018675e+00  4.05030000e-09  1.20000000e+00 
 4.05070000e-09  1.33288351e+00  4.05070000e-09  1.31669836e+00  4.05070000e-09  1.20000000e+00 
 4.05150000e-09  1.32681650e+00  4.05150000e-09  1.31039329e+00  4.05150000e-09  1.20000000e+00 
 4.05250000e-09  1.31939618e+00  4.05250000e-09  1.30268239e+00  4.05250000e-09  1.20000000e+00 
 4.05350000e-09  1.31199016e+00  4.05350000e-09  1.29499677e+00  4.05350000e-09  1.20000000e+00 
 4.05450000e-09  1.30425332e+00  4.05450000e-09  1.28699293e+00  4.05450000e-09  1.20000000e+00 
 4.05550000e-09  1.29616712e+00  4.05550000e-09  1.27865445e+00  4.05550000e-09  1.20000000e+00 
 4.05650000e-09  1.28764289e+00  4.05650000e-09  1.26989611e+00  4.05650000e-09  1.20000000e+00 
 4.05750000e-09  1.27874969e+00  4.05750000e-09  1.26079113e+00  4.05750000e-09  1.20000000e+00 
 4.05850000e-09  1.26947840e+00  4.05850000e-09  1.25133463e+00  4.05850000e-09  1.20000000e+00 
 4.05950000e-09  1.25989901e+00  4.05950000e-09  1.24160066e+00  4.05950000e-09  1.20000000e+00 
 4.06050000e-09  1.25001337e+00  4.06050000e-09  1.23159379e+00  4.06050000e-09  1.20000000e+00 
 4.06150000e-09  1.23986996e+00  4.06150000e-09  1.22136487e+00  4.06150000e-09  1.20000000e+00 
 4.06250000e-09  1.22947459e+00  4.06250000e-09  1.21092141e+00  4.06250000e-09  1.20000000e+00 
 4.06350000e-09  1.21886296e+00  4.06350000e-09  1.20030023e+00  4.06350000e-09  1.20000000e+00 
 4.06450000e-09  1.20804210e+00  4.06450000e-09  1.18950893e+00  4.06450000e-09  1.20000000e+00 
 4.06550000e-09  1.19703937e+00  4.06550000e-09  1.17857500e+00  4.06550000e-09  1.20000000e+00 
 4.06650000e-09  1.18586264e+00  4.06650000e-09  1.16750600e+00  4.06650000e-09  1.20000000e+00 
 4.06750000e-09  1.17453399e+00  4.06750000e-09  1.15632347e+00  4.06750000e-09  1.20000000e+00 
 4.06850000e-09  1.16306187e+00  4.06850000e-09  1.14503500e+00  4.06850000e-09  1.20000000e+00 
 4.06950000e-09  1.15146484e+00  4.06950000e-09  1.13365819e+00  4.06950000e-09  1.20000000e+00 
 4.07050000e-09  1.13975165e+00  4.07050000e-09  1.12220061e+00  4.07050000e-09  1.20000000e+00 
 4.07150000e-09  1.12793833e+00  4.07150000e-09  1.11067709e+00  4.07150000e-09  1.20000000e+00 
 4.07250000e-09  1.11603364e+00  4.07250000e-09  1.09909507e+00  4.07250000e-09  1.20000000e+00 
 4.07350000e-09  1.10405163e+00  4.07350000e-09  1.08746729e+00  4.07350000e-09  1.20000000e+00 
 4.07450000e-09  1.09200086e+00  4.07450000e-09  1.07580094e+00  4.07450000e-09  1.20000000e+00 
 4.07550000e-09  1.07989377e+00  4.07550000e-09  1.06410713e+00  4.07550000e-09  1.20000000e+00 
 4.07650000e-09  1.06773855e+00  4.07650000e-09  1.05239272e+00  4.07650000e-09  1.20000000e+00 
 4.07750000e-09  1.05554633e+00  4.07750000e-09  1.04066756e+00  4.07750000e-09  1.20000000e+00 
 4.07850000e-09  1.04332492e+00  4.07850000e-09  1.02893817e+00  4.07850000e-09  1.20000000e+00 
 4.07950000e-09  1.03108441e+00  4.07950000e-09  1.01721344e+00  4.07950000e-09  1.20000000e+00 
 4.08050000e-09  1.01883233e+00  4.08050000e-09  1.00549975e+00  4.08050000e-09  1.20000000e+00 
 4.08150000e-09  1.00657810e+00  4.08150000e-09  9.93805382e-01  4.08150000e-09  1.20000000e+00 
 4.08250000e-09  9.94329211e-01  4.08250000e-09  9.82136804e-01  4.08250000e-09  1.20000000e+00 
 4.08350000e-09  9.82094860e-01  4.08350000e-09  9.70502214e-01  4.08350000e-09  1.20000000e+00 
 4.08450000e-09  9.69882982e-01  4.08450000e-09  9.58908631e-01  4.08450000e-09  1.20000000e+00 
 4.08550000e-09  9.57703195e-01  4.08550000e-09  9.47364811e-01  4.08550000e-09  1.20000000e+00 
 4.08650000e-09  9.45564557e-01  4.08650000e-09  9.35879002e-01  4.08650000e-09  1.20000000e+00 
 4.08750000e-09  9.33477993e-01  4.08750000e-09  9.24461363e-01  4.08750000e-09  1.20000000e+00 
 4.08850000e-09  9.21454569e-01  4.08850000e-09  9.13122202e-01  4.08850000e-09  1.20000000e+00 
 4.08950000e-09  9.09507474e-01  4.08950000e-09  9.01873929e-01  4.08950000e-09  1.20000000e+00 
 4.09050000e-09  8.97650554e-01  4.09050000e-09  8.90729539e-01  4.09050000e-09  1.20000000e+00 
 4.09150000e-09  8.85899754e-01  4.09150000e-09  8.79704007e-01  4.09150000e-09  1.20000000e+00 
 4.09250000e-09  8.74271650e-01  4.09250000e-09  8.68812762e-01  4.09250000e-09  1.20000000e+00 
 4.09350000e-09  8.62784262e-01  4.09350000e-09  8.58072487e-01  4.09350000e-09  1.20000000e+00 
 4.09450000e-09  8.51455525e-01  4.09450000e-09  8.47499571e-01  4.09450000e-09  1.20000000e+00 
 4.09550000e-09  8.40303699e-01  4.09550000e-09  8.37110549e-01  4.09550000e-09  1.20000000e+00 
 4.09650000e-09  8.29345998e-01  4.09650000e-09  8.26920743e-01  4.09650000e-09  1.20000000e+00 
 4.09750000e-09  8.18598913e-01  4.09750000e-09  8.16944628e-01  4.09750000e-09  1.20000000e+00 
 4.09850000e-09  8.08077142e-01  4.09850000e-09  8.07194774e-01  4.09850000e-09  1.20000000e+00 
 4.09950000e-09  7.97793960e-01  4.09950000e-09  7.97682249e-01  4.09950000e-09  1.20000000e+00 
 4.10050000e-09  7.87760492e-01  4.10050000e-09  7.88415908e-01  4.10050000e-09  1.20000000e+00 
 4.10150000e-09  7.77986190e-01  4.10150000e-09  7.79402896e-01  4.10150000e-09  1.20000000e+00 
 4.10250000e-09  7.68478401e-01  4.10250000e-09  7.70648232e-01  4.10250000e-09  1.20000000e+00 
 4.10350000e-09  7.59242862e-01  4.10350000e-09  7.62155343e-01  4.10350000e-09  1.20000000e+00 
 4.10450000e-09  7.50283382e-01  4.10450000e-09  7.53925791e-01  4.10450000e-09  1.20000000e+00 
 4.10550000e-09  7.41602252e-01  4.10550000e-09  7.45959757e-01  4.10550000e-09  1.20000000e+00 
 4.10650000e-09  7.33199992e-01  4.10650000e-09  7.38255861e-01  4.10650000e-09  1.20000000e+00 
 4.10750000e-09  7.25075729e-01  4.10750000e-09  7.30811625e-01  4.10750000e-09  1.20000000e+00 
 4.10850000e-09  7.17227043e-01  4.10850000e-09  7.23623394e-01  4.10850000e-09  1.20000000e+00 
 4.10950000e-09  7.09650355e-01  4.10950000e-09  7.16686788e-01  4.10950000e-09  1.20000000e+00 
 4.11050000e-09  7.02340867e-01  4.11050000e-09  7.09996680e-01  4.11050000e-09  1.20000000e+00 
 4.11150000e-09  6.95292935e-01  4.11150000e-09  7.03547587e-01  4.11150000e-09  1.20000000e+00 
 4.11250000e-09  6.88500051e-01  4.11250000e-09  6.97333647e-01  4.11250000e-09  1.20000000e+00 
 4.11350000e-09  6.81955170e-01  4.11350000e-09  6.91348902e-01  4.11350000e-09  1.20000000e+00 
 4.11450000e-09  6.75650704e-01  4.11450000e-09  6.85587227e-01  4.11450000e-09  1.20000000e+00 
 4.11550000e-09  6.69578802e-01  4.11550000e-09  6.80042525e-01  4.11550000e-09  1.20000000e+00 
 4.11650000e-09  6.63731363e-01  4.11650000e-09  6.74708628e-01  4.11650000e-09  1.20000000e+00 
 4.11750000e-09  6.58100276e-01  4.11750000e-09  6.69579441e-01  4.11750000e-09  1.20000000e+00 
 4.11850000e-09  6.52677442e-01  4.11850000e-09  6.64648859e-01  4.11850000e-09  1.20000000e+00 
 4.11950000e-09  6.47454970e-01  4.11950000e-09  6.59910895e-01  4.11950000e-09  1.20000000e+00 
 4.12050000e-09  6.42425176e-01  4.12050000e-09  6.55359621e-01  4.12050000e-09  1.20000000e+00 
 4.12150000e-09  6.37580728e-01  4.12150000e-09  6.50989278e-01  4.12150000e-09  1.20000000e+00 
 4.12250000e-09  6.32910620e-01  4.12250000e-09  6.46790297e-01  4.12250000e-09  1.20000000e+00 
 4.12350000e-09  6.28411331e-01  4.12350000e-09  6.42760543e-01  4.12350000e-09  1.20000000e+00 
 4.12450000e-09  6.24079941e-01  4.12450000e-09  6.38897830e-01  4.12450000e-09  1.20000000e+00 
 4.12550000e-09  6.19908251e-01  4.12550000e-09  6.35194903e-01  4.12550000e-09  1.20000000e+00 
 4.12650000e-09  6.15890897e-01  4.12650000e-09  6.31647199e-01  4.12650000e-09  1.20000000e+00 
 4.12750000e-09  6.12022033e-01  4.12750000e-09  6.28249591e-01  4.12750000e-09  1.20000000e+00 
 4.12850000e-09  6.08296596e-01  4.12850000e-09  6.24997685e-01  4.12850000e-09  1.20000000e+00 
 4.12950000e-09  6.04709380e-01  4.12950000e-09  6.21886855e-01  4.12950000e-09  1.20000000e+00 
 4.13050000e-09  6.01255600e-01  4.13050000e-09  6.18912907e-01  4.13050000e-09  1.20000000e+00 
 4.13150000e-09  5.97930428e-01  4.13150000e-09  6.16071530e-01  4.13150000e-09  1.20000000e+00 
 4.13250000e-09  5.94729275e-01  4.13250000e-09  6.13358690e-01  4.13250000e-09  1.20000000e+00 
 4.13350000e-09  5.91647559e-01  4.13350000e-09  6.10770302e-01  4.13350000e-09  1.20000000e+00 
 4.13450000e-09  5.88680848e-01  4.13450000e-09  6.08302469e-01  4.13450000e-09  1.20000000e+00 
 4.13550000e-09  5.85824748e-01  4.13550000e-09  6.05951287e-01  4.13550000e-09  1.20000000e+00 
 4.13650000e-09  5.83074973e-01  4.13650000e-09  6.03712997e-01  4.13650000e-09  1.20000000e+00 
 4.13750000e-09  5.80427302e-01  4.13750000e-09  6.01583862e-01  4.13750000e-09  1.20000000e+00 
 4.13850000e-09  5.77877604e-01  4.13850000e-09  5.99560265e-01  4.13850000e-09  1.20000000e+00 
 4.13950000e-09  5.75421832e-01  4.13950000e-09  5.97638638e-01  4.13950000e-09  1.20000000e+00 
 4.14050000e-09  5.73056026e-01  4.14050000e-09  5.95815522e-01  4.14050000e-09  1.20000000e+00 
 4.14150000e-09  5.70776325e-01  4.14150000e-09  5.94087523e-01  4.14150000e-09  1.20000000e+00 
 4.14250000e-09  5.68578954e-01  4.14250000e-09  5.92451354e-01  4.14250000e-09  1.20000000e+00 
 4.14350000e-09  5.66460248e-01  4.14350000e-09  5.90903805e-01  4.14350000e-09  1.20000000e+00 
 4.14450000e-09  5.64416629e-01  4.14450000e-09  5.89441769e-01  4.14450000e-09  1.20000000e+00 
 4.14550000e-09  5.62444633e-01  4.14550000e-09  5.88062228e-01  4.14550000e-09  1.20000000e+00 
 4.14650000e-09  5.60540886e-01  4.14650000e-09  5.86762266e-01  4.14650000e-09  1.20000000e+00 
 4.14750000e-09  5.58702129e-01  4.14750000e-09  5.85539055e-01  4.14750000e-09  1.20000000e+00 
 4.14850000e-09  5.56925193e-01  4.14850000e-09  5.84389875e-01  4.14850000e-09  1.20000000e+00 
 4.14950000e-09  5.55207022e-01  4.14950000e-09  5.83312094e-01  4.14950000e-09  1.20000000e+00 
 4.15050000e-09  5.53544648e-01  4.15050000e-09  5.82303183e-01  4.15050000e-09  1.20000000e+00 
 4.15150000e-09  5.51935212e-01  4.15150000e-09  5.81360704e-01  4.15150000e-09  1.20000000e+00 
 4.15250000e-09  5.50375944e-01  4.15250000e-09  5.80482317e-01  4.15250000e-09  1.20000000e+00 
 4.15350000e-09  5.48864177e-01  4.15350000e-09  5.79665775e-01  4.15350000e-09  1.20000000e+00 
 4.15450000e-09  5.47397325e-01  4.15450000e-09  5.78908924e-01  4.15450000e-09  1.20000000e+00 
 4.15550000e-09  5.45972905e-01  4.15550000e-09  5.78209697e-01  4.15550000e-09  1.20000000e+00 
 4.15650000e-09  5.44588509e-01  4.15650000e-09  5.77566119e-01  4.15650000e-09  1.20000000e+00 
 4.15750000e-09  5.43241823e-01  4.15750000e-09  5.76976300e-01  4.15750000e-09  1.20000000e+00 
 4.15850000e-09  5.41930609e-01  4.15850000e-09  5.76438437e-01  4.15850000e-09  1.20000000e+00 
 4.15950000e-09  5.40652712e-01  4.15950000e-09  5.75950805e-01  4.15950000e-09  1.20000000e+00 
 4.16050000e-09  5.39406050e-01  4.16050000e-09  5.75511764e-01  4.16050000e-09  1.20000000e+00 
 4.16150000e-09  5.38188619e-01  4.16150000e-09  5.75119749e-01  4.16150000e-09  1.20000000e+00 
 4.16250000e-09  5.36998479e-01  4.16250000e-09  5.74773272e-01  4.16250000e-09  1.20000000e+00 
 4.16350000e-09  5.35833766e-01  4.16350000e-09  5.74470919e-01  4.16350000e-09  1.20000000e+00 
 4.16450000e-09  5.34692673e-01  4.16450000e-09  5.74211346e-01  4.16450000e-09  1.20000000e+00 
 4.16550000e-09  5.33573463e-01  4.16550000e-09  5.73993280e-01  4.16550000e-09  1.20000000e+00 
 4.16650000e-09  5.32474453e-01  4.16650000e-09  5.73815514e-01  4.16650000e-09  1.20000000e+00 
 4.16750000e-09  5.31394021e-01  4.16750000e-09  5.73676906e-01  4.16750000e-09  1.20000000e+00 
 4.16850000e-09  5.30330598e-01  4.16850000e-09  5.73576376e-01  4.16850000e-09  1.20000000e+00 
 4.16950000e-09  5.29282668e-01  4.16950000e-09  5.73512908e-01  4.16950000e-09  1.20000000e+00 
 4.17050000e-09  5.28248762e-01  4.17050000e-09  5.73485540e-01  4.17050000e-09  1.20000000e+00 
 4.17150000e-09  5.27227464e-01  4.17150000e-09  5.73493370e-01  4.17150000e-09  1.20000000e+00 
 4.17250000e-09  5.26217397e-01  4.17250000e-09  5.73535549e-01  4.17250000e-09  1.20000000e+00 
 4.17350000e-09  5.25217232e-01  4.17350000e-09  5.73611282e-01  4.17350000e-09  1.20000000e+00 
 4.17450000e-09  5.24225676e-01  4.17450000e-09  5.73719825e-01  4.17450000e-09  1.20000000e+00 
 4.17550000e-09  5.23241479e-01  4.17550000e-09  5.73860484e-01  4.17550000e-09  1.20000000e+00 
 4.17650000e-09  5.22263423e-01  4.17650000e-09  5.74032610e-01  4.17650000e-09  1.20000000e+00 
 4.17750000e-09  5.21290329e-01  4.17750000e-09  5.74235604e-01  4.17750000e-09  1.20000000e+00 
 4.17850000e-09  5.20321047e-01  4.17850000e-09  5.74468909e-01  4.17850000e-09  1.20000000e+00 
 4.17950000e-09  5.19354462e-01  4.17950000e-09  5.74732011e-01  4.17950000e-09  1.20000000e+00 
 4.18050000e-09  5.18389482e-01  4.18050000e-09  5.75024438e-01  4.18050000e-09  1.20000000e+00 
 4.18150000e-09  5.17425048e-01  4.18150000e-09  5.75345759e-01  4.18150000e-09  1.20000000e+00 
 4.18250000e-09  5.16460122e-01  4.18250000e-09  5.75695580e-01  4.18250000e-09  1.20000000e+00 
 4.18350000e-09  5.15493695e-01  4.18350000e-09  5.76073547e-01  4.18350000e-09  1.20000000e+00 
 4.18450000e-09  5.14524774e-01  4.18450000e-09  5.76479340e-01  4.18450000e-09  1.20000000e+00 
 4.18550000e-09  5.13552394e-01  4.18550000e-09  5.76912675e-01  4.18550000e-09  1.20000000e+00 
 4.18650000e-09  5.12575602e-01  4.18650000e-09  5.77373301e-01  4.18650000e-09  1.20000000e+00 
 4.18750000e-09  5.11593469e-01  4.18750000e-09  5.77861003e-01  4.18750000e-09  1.20000000e+00 
 4.18850000e-09  5.10605078e-01  4.18850000e-09  5.78375595e-01  4.18850000e-09  1.20000000e+00 
 4.18950000e-09  5.09609532e-01  4.18950000e-09  5.78916923e-01  4.18950000e-09  1.20000000e+00 
 4.19050000e-09  5.08605942e-01  4.19050000e-09  5.79484861e-01  4.19050000e-09  1.20000000e+00 
 4.19150000e-09  5.07593437e-01  4.19150000e-09  5.80079317e-01  4.19150000e-09  1.20000000e+00 
 4.19250000e-09  5.06571155e-01  4.19250000e-09  5.80700221e-01  4.19250000e-09  1.20000000e+00 
 4.19350000e-09  5.05538244e-01  4.19350000e-09  5.81347535e-01  4.19350000e-09  1.20000000e+00 
 4.19450000e-09  5.04493819e-01  4.19450000e-09  5.82021193e-01  4.19450000e-09  1.20000000e+00 
 4.19550000e-09  5.03437066e-01  4.19550000e-09  5.82721243e-01  4.19550000e-09  1.20000000e+00 
 4.19650000e-09  5.02367197e-01  4.19650000e-09  5.83447759e-01  4.19650000e-09  1.20000000e+00 
 4.19750000e-09  5.01283382e-01  4.19750000e-09  5.84200788e-01  4.19750000e-09  1.20000000e+00 
 4.19850000e-09  5.00184802e-01  4.19850000e-09  5.84980420e-01  4.19850000e-09  1.20000000e+00 
 4.19950000e-09  4.99070695e-01  4.19950000e-09  5.85786828e-01  4.19950000e-09  1.20000000e+00 
 4.20050000e-09  4.97940230e-01  4.20050000e-09  5.86620102e-01  4.20050000e-09  1.20000000e+00 
 4.20150000e-09  4.96792544e-01  4.20150000e-09  5.87480351e-01  4.20150000e-09  1.20000000e+00 
 4.20250000e-09  4.95626845e-01  4.20250000e-09  5.88367776e-01  4.20250000e-09  1.20000000e+00 
 4.20350000e-09  4.94442326e-01  4.20350000e-09  5.89282568e-01  4.20350000e-09  1.20000000e+00 
 4.20450000e-09  4.93238188e-01  4.20450000e-09  5.90224960e-01  4.20450000e-09  1.20000000e+00 
 4.20550000e-09  4.92013619e-01  4.20550000e-09  5.91195182e-01  4.20550000e-09  1.20000000e+00 
 4.20650000e-09  4.90767814e-01  4.20650000e-09  5.92193503e-01  4.20650000e-09  1.20000000e+00 
 4.20750000e-09  4.89499957e-01  4.20750000e-09  5.93220196e-01  4.20750000e-09  1.20000000e+00 
 4.20850000e-09  4.88209232e-01  4.20850000e-09  5.94275567e-01  4.20850000e-09  1.20000000e+00 
 4.20950000e-09  4.86894818e-01  4.20950000e-09  5.95359929e-01  4.20950000e-09  1.20000000e+00 
 4.21050000e-09  4.85555888e-01  4.21050000e-09  5.96473625e-01  4.21050000e-09  1.20000000e+00 
 4.21150000e-09  4.84191610e-01  4.21150000e-09  5.97617006e-01  4.21150000e-09  1.20000000e+00 
 4.21250000e-09  4.82801142e-01  4.21250000e-09  5.98790450e-01  4.21250000e-09  1.20000000e+00 
 4.21350000e-09  4.81383640e-01  4.21350000e-09  5.99994347e-01  4.21350000e-09  1.20000000e+00 
 4.21450000e-09  4.79938141e-01  4.21450000e-09  6.01228962e-01  4.21450000e-09  1.20000000e+00 
 4.21550000e-09  4.78463817e-01  4.21550000e-09  6.02494833e-01  4.21550000e-09  1.20000000e+00 
 4.21650000e-09  4.76959910e-01  4.21650000e-09  6.03792482e-01  4.21650000e-09  1.20000000e+00 
 4.21750000e-09  4.75425515e-01  4.21750000e-09  6.05122326e-01  4.21750000e-09  1.20000000e+00 
 4.21850000e-09  4.73859734e-01  4.21850000e-09  6.06484853e-01  4.21850000e-09  1.20000000e+00 
 4.21950000e-09  4.72261651e-01  4.21950000e-09  6.07880538e-01  4.21950000e-09  1.20000000e+00 
 4.22050000e-09  4.70630353e-01  4.22050000e-09  6.09309908e-01  4.22050000e-09  1.20000000e+00 
 4.22150000e-09  4.68964906e-01  4.22150000e-09  6.10773475e-01  4.22150000e-09  1.20000000e+00 
 4.22250000e-09  4.67264369e-01  4.22250000e-09  6.12271794e-01  4.22250000e-09  1.20000000e+00 
 4.22350000e-09  4.65527786e-01  4.22350000e-09  6.13805414e-01  4.22350000e-09  1.20000000e+00 
 4.22450000e-09  4.63754188e-01  4.22450000e-09  6.15374918e-01  4.22450000e-09  1.20000000e+00 
 4.22550000e-09  4.61942592e-01  4.22550000e-09  6.16980889e-01  4.22550000e-09  1.20000000e+00 
 4.22650000e-09  4.60092001e-01  4.22650000e-09  6.18623937e-01  4.22650000e-09  1.20000000e+00 
 4.22750000e-09  4.58201403e-01  4.22750000e-09  6.20304677e-01  4.22750000e-09  1.20000000e+00 
 4.22850000e-09  4.56269769e-01  4.22850000e-09  6.22023748e-01  4.22850000e-09  1.20000000e+00 
 4.22950000e-09  4.54296058e-01  4.22950000e-09  6.23781797e-01  4.22950000e-09  1.20000000e+00 
 4.23050000e-09  4.52279209e-01  4.23050000e-09  6.25579489e-01  4.23050000e-09  1.20000000e+00 
 4.23150000e-09  4.50218150e-01  4.23150000e-09  6.27417501e-01  4.23150000e-09  1.20000000e+00 
 4.23250000e-09  4.48111787e-01  4.23250000e-09  6.29296526e-01  4.23250000e-09  1.20000000e+00 
 4.23350000e-09  4.45959016e-01  4.23350000e-09  6.31217268e-01  4.23350000e-09  1.20000000e+00 
 4.23450000e-09  4.43758714e-01  4.23450000e-09  6.33180446e-01  4.23450000e-09  1.20000000e+00 
 4.23550000e-09  4.41509742e-01  4.23550000e-09  6.35186789e-01  4.23550000e-09  1.20000000e+00 
 4.23650000e-09  4.39210947e-01  4.23650000e-09  6.37237042e-01  4.23650000e-09  1.20000000e+00 
 4.23750000e-09  4.36861161e-01  4.23750000e-09  6.39331960e-01  4.23750000e-09  1.20000000e+00 
 4.23850000e-09  4.34459200e-01  4.23850000e-09  6.41472307e-01  4.23850000e-09  1.20000000e+00 
 4.23950000e-09  4.32003868e-01  4.23950000e-09  6.43658860e-01  4.23950000e-09  1.20000000e+00 
 4.24050000e-09  4.29493958e-01  4.24050000e-09  6.45892406e-01  4.24050000e-09  1.20000000e+00 
 4.24150000e-09  4.26928248e-01  4.24150000e-09  6.48173737e-01  4.24150000e-09  1.20000000e+00 
 4.24250000e-09  4.24305511e-01  4.24250000e-09  6.50503657e-01  4.24250000e-09  1.20000000e+00 
 4.24350000e-09  4.21624511e-01  4.24350000e-09  6.52882974e-01  4.24350000e-09  1.20000000e+00 
 4.24450000e-09  4.18884004e-01  4.24450000e-09  6.55312501e-01  4.24450000e-09  1.20000000e+00 
 4.24550000e-09  4.16082748e-01  4.24550000e-09  6.57793056e-01  4.24550000e-09  1.20000000e+00 
 4.24650000e-09  4.13219499e-01  4.24650000e-09  6.60325458e-01  4.24650000e-09  1.20000000e+00 
 4.24750000e-09  4.10293020e-01  4.24750000e-09  6.62910526e-01  4.24750000e-09  1.20000000e+00 
 4.24850000e-09  4.07302083e-01  4.24850000e-09  6.65549077e-01  4.24850000e-09  1.20000000e+00 
 4.24950000e-09  4.04245474e-01  4.24950000e-09  6.68241924e-01  4.24950000e-09  1.20000000e+00 
 4.25050000e-09  4.01122002e-01  4.25050000e-09  6.70989872e-01  4.25050000e-09  1.20000000e+00 
 4.25150000e-09  3.97930503e-01  4.25150000e-09  6.73793715e-01  4.25150000e-09  1.20000000e+00 
 4.25250000e-09  3.94669850e-01  4.25250000e-09  6.76654236e-01  4.25250000e-09  1.20000000e+00 
 4.25350000e-09  3.91338965e-01  4.25350000e-09  6.79572197e-01  4.25350000e-09  1.20000000e+00 
 4.25450000e-09  3.87936825e-01  4.25450000e-09  6.82548344e-01  4.25450000e-09  1.20000000e+00 
 4.25550000e-09  3.84462477e-01  4.25550000e-09  6.85583396e-01  4.25550000e-09  1.20000000e+00 
 4.25650000e-09  3.80915052e-01  4.25650000e-09  6.88678044e-01  4.25650000e-09  1.20000000e+00 
 4.25750000e-09  3.77293782e-01  4.25750000e-09  6.91832946e-01  4.25750000e-09  1.20000000e+00 
 4.25850000e-09  3.73598016e-01  4.25850000e-09  6.95048725e-01  4.25850000e-09  1.20000000e+00 
 4.25950000e-09  3.69827237e-01  4.25950000e-09  6.98325961e-01  4.25950000e-09  1.20000000e+00 
 4.26050000e-09  3.65981088e-01  4.26050000e-09  7.01665194e-01  4.26050000e-09  1.20000000e+00 
 4.26150000e-09  3.62059391e-01  4.26150000e-09  7.05066912e-01  4.26150000e-09  1.20000000e+00 
 4.26250000e-09  3.58062173e-01  4.26250000e-09  7.08531557e-01  4.26250000e-09  1.20000000e+00 
 4.26350000e-09  3.53989692e-01  4.26350000e-09  7.12059516e-01  4.26350000e-09  1.20000000e+00 
 4.26450000e-09  3.49842461e-01  4.26450000e-09  7.15651123e-01  4.26450000e-09  1.20000000e+00 
 4.26550000e-09  3.45621283e-01  4.26550000e-09  7.19306656e-01  4.26550000e-09  1.20000000e+00 
 4.26650000e-09  3.41327270e-01  4.26650000e-09  7.23026337e-01  4.26650000e-09  1.20000000e+00 
 4.26750000e-09  3.36961879e-01  4.26750000e-09  7.26810332e-01  4.26750000e-09  1.20000000e+00 
 4.26850000e-09  3.32526936e-01  4.26850000e-09  7.30658747e-01  4.26850000e-09  1.20000000e+00 
 4.26950000e-09  3.28024664e-01  4.26950000e-09  7.34571635e-01  4.26950000e-09  1.20000000e+00 
 4.27050000e-09  3.23457708e-01  4.27050000e-09  7.38548990e-01  4.27050000e-09  1.20000000e+00 
 4.27150000e-09  3.18829158e-01  4.27150000e-09  7.42590747e-01  4.27150000e-09  1.20000000e+00 
 4.27250000e-09  3.14142571e-01  4.27250000e-09  7.46696787e-01  4.27250000e-09  1.20000000e+00 
 4.27350000e-09  3.09401989e-01  4.27350000e-09  7.50866927e-01  4.27350000e-09  1.20000000e+00 
 4.27450000e-09  3.04611948e-01  4.27450000e-09  7.55100931e-01  4.27450000e-09  1.20000000e+00 
 4.27550000e-09  2.99777494e-01  4.27550000e-09  7.59398498e-01  4.27550000e-09  1.20000000e+00 
 4.27650000e-09  2.94904182e-01  4.27650000e-09  7.63759270e-01  4.27650000e-09  1.20000000e+00 
 4.27750000e-09  2.89998074e-01  4.27750000e-09  7.68182829e-01  4.27750000e-09  1.20000000e+00 
 4.27850000e-09  2.85065727e-01  4.27850000e-09  7.72668696e-01  4.27850000e-09  1.20000000e+00 
 4.27950000e-09  2.80114177e-01  4.27950000e-09  7.77216338e-01  4.27950000e-09  1.20000000e+00 
 4.28050000e-09  2.75150907e-01  4.28050000e-09  7.81825160e-01  4.28050000e-09  1.20000000e+00 
 4.28150000e-09  2.70183807e-01  4.28150000e-09  7.86494516e-01  4.28150000e-09  1.20000000e+00 
 4.28250000e-09  2.65221120e-01  4.28250000e-09  7.91223700e-01  4.28250000e-09  1.20000000e+00 
 4.28350000e-09  2.60271378e-01  4.28350000e-09  7.96011953e-01  4.28350000e-09  1.20000000e+00 
 4.28450000e-09  2.55343323e-01  4.28450000e-09  8.00858450e-01  4.28450000e-09  1.20000000e+00 
 4.28550000e-09  2.50445813e-01  4.28550000e-09  8.05762299e-01  4.28550000e-09  1.20000000e+00 
 4.28650000e-09  2.45587723e-01  4.28650000e-09  8.10722524e-01  4.28650000e-09  1.20000000e+00 
 4.28750000e-09  2.40777828e-01  4.28750000e-09  8.15738046e-01  4.28750000e-09  1.20000000e+00 
 4.28850000e-09  2.36024688e-01  4.28850000e-09  8.20807661e-01  4.28850000e-09  1.20000000e+00 
 4.28950000e-09  2.31336521e-01  4.28950000e-09  8.25930009e-01  4.28950000e-09  1.20000000e+00 
 4.29050000e-09  2.26721080e-01  4.29050000e-09  8.31103537e-01  4.29050000e-09  1.20000000e+00 
 4.29150000e-09  2.22185540e-01  4.29150000e-09  8.36326462e-01  4.29150000e-09  1.20000000e+00 
 4.29250000e-09  2.17736385e-01  4.29250000e-09  8.41596731e-01  4.29250000e-09  1.20000000e+00 
 4.29350000e-09  2.13379315e-01  4.29350000e-09  8.46911983e-01  4.29350000e-09  1.20000000e+00 
 4.29450000e-09  2.09119171e-01  4.29450000e-09  8.52269509e-01  4.29450000e-09  1.20000000e+00 
 4.29550000e-09  2.04959879e-01  4.29550000e-09  8.57666232e-01  4.29550000e-09  1.20000000e+00 
 4.29650000e-09  2.00904417e-01  4.29650000e-09  8.63098686e-01  4.29650000e-09  1.20000000e+00 
 4.29750000e-09  1.96954807e-01  4.29750000e-09  8.68563008e-01  4.29750000e-09  1.20000000e+00 
 4.29850000e-09  1.93112129e-01  4.29850000e-09  8.74054950e-01  4.29850000e-09  1.20000000e+00 
 4.29950000e-09  1.89376560e-01  4.29950000e-09  8.79569896e-01  4.29950000e-09  1.20000000e+00 
 4.30050000e-09  1.85747427e-01  4.30050000e-09  8.85102896e-01  4.30050000e-09  1.20000000e+00 
 4.30150000e-09  1.82223281e-01  4.30150000e-09  8.90648711e-01  4.30150000e-09  1.20000000e+00 
 4.30250000e-09  1.78801978e-01  4.30250000e-09  8.96201866e-01  4.30250000e-09  1.20000000e+00 
 4.30350000e-09  1.75480773e-01  4.30350000e-09  9.01756703e-01  4.30350000e-09  1.20000000e+00 
 4.30450000e-09  1.72256413e-01  4.30450000e-09  9.07307450e-01  4.30450000e-09  1.20000000e+00 
 4.30550000e-09  1.69125237e-01  4.30550000e-09  9.12848280e-01  4.30550000e-09  1.20000000e+00 
 4.30650000e-09  1.66083265e-01  4.30650000e-09  9.18373369e-01  4.30650000e-09  1.20000000e+00 
 4.30750000e-09  1.63126293e-01  4.30750000e-09  9.23876961e-01  4.30750000e-09  1.20000000e+00 
 4.30850000e-09  1.60249973e-01  4.30850000e-09  9.29353412e-01  4.30850000e-09  1.20000000e+00 
 4.30950000e-09  1.57449889e-01  4.30950000e-09  9.34797245e-01  4.30950000e-09  1.20000000e+00 
 4.31050000e-09  1.54721622e-01  4.31050000e-09  9.40203188e-01  4.31050000e-09  1.20000000e+00 
 4.31150000e-09  1.52060812e-01  4.31150000e-09  9.45566208e-01  4.31150000e-09  1.20000000e+00 
 4.31250000e-09  1.49463204e-01  4.31250000e-09  9.50881542e-01  4.31250000e-09  1.20000000e+00 
 4.31350000e-09  1.46924687e-01  4.31350000e-09  9.56144716e-01  4.31350000e-09  1.20000000e+00 
 4.31450000e-09  1.44441331e-01  4.31450000e-09  9.61351566e-01  4.31450000e-09  1.20000000e+00 
 4.31550000e-09  1.42009409e-01  4.31550000e-09  9.66498245e-01  4.31550000e-09  1.20000000e+00 
 4.31650000e-09  1.39625414e-01  4.31650000e-09  9.71581231e-01  4.31650000e-09  1.20000000e+00 
 4.31750000e-09  1.37286073e-01  4.31750000e-09  9.76597330e-01  4.31750000e-09  1.20000000e+00 
 4.31850000e-09  1.34988356e-01  4.31850000e-09  9.81543671e-01  4.31850000e-09  1.20000000e+00 
 4.31950000e-09  1.32729472e-01  4.31950000e-09  9.86417705e-01  4.31950000e-09  1.20000000e+00 
 4.32050000e-09  1.30506873e-01  4.32050000e-09  9.91217196e-01  4.32050000e-09  1.20000000e+00 
 4.32150000e-09  1.28318248e-01  4.32150000e-09  9.95940210e-01  4.32150000e-09  1.20000000e+00 
 4.32250000e-09  1.26161514e-01  4.32250000e-09  1.00058510e+00  4.32250000e-09  1.20000000e+00 
 4.32350000e-09  1.24034810e-01  4.32350000e-09  1.00515051e+00  4.32350000e-09  1.20000000e+00 
 4.32450000e-09  1.21936481e-01  4.32450000e-09  1.00963532e+00  4.32450000e-09  1.20000000e+00 
 4.32550000e-09  1.19865075e-01  4.32550000e-09  1.01403870e+00  4.32550000e-09  1.20000000e+00 
 4.32650000e-09  1.17819319e-01  4.32650000e-09  1.01836001e+00  4.32650000e-09  1.20000000e+00 
 4.32750000e-09  1.15798117e-01  4.32750000e-09  1.02259885e+00  4.32750000e-09  1.20000000e+00 
 4.32850000e-09  1.13800530e-01  4.32850000e-09  1.02675503e+00  4.32850000e-09  1.20000000e+00 
 4.32950000e-09  1.11825763e-01  4.32950000e-09  1.03082853e+00  4.32950000e-09  1.20000000e+00 
 4.33050000e-09  1.09873155e-01  4.33050000e-09  1.03481951e+00  4.33050000e-09  1.20000000e+00 
 4.33150000e-09  1.07942166e-01  4.33150000e-09  1.03872829e+00  4.33150000e-09  1.20000000e+00 
 4.33250000e-09  1.06032362e-01  4.33250000e-09  1.04255531e+00  4.33250000e-09  1.20000000e+00 
 4.33350000e-09  1.04142264e-01  4.33350000e-09  1.04630278e+00  4.33350000e-09  1.20000000e+00 
 4.33450000e-09  1.02272799e-01  4.33450000e-09  1.04996992e+00  4.33450000e-09  1.20000000e+00 
 4.33550000e-09  1.00424916e-01  4.33550000e-09  1.05355712e+00  4.33550000e-09  1.20000000e+00 
 4.33650000e-09  9.85973962e-02  4.33650000e-09  1.05706570e+00  4.33650000e-09  1.20000000e+00 
 4.33750000e-09  9.67900923e-02  4.33750000e-09  1.06049620e+00  4.33750000e-09  1.20000000e+00 
 4.33850000e-09  9.50029731e-02  4.33850000e-09  1.06384993e+00  4.33850000e-09  1.20000000e+00 
 4.33950000e-09  9.32360668e-02  4.33950000e-09  1.06712780e+00  4.33950000e-09  1.20000000e+00 
 4.34050000e-09  9.14894461e-02  4.34050000e-09  1.07033114e+00  4.34050000e-09  1.20000000e+00 
 4.34150000e-09  8.97631988e-02  4.34150000e-09  1.07346103e+00  4.34150000e-09  1.20000000e+00 
 4.34250000e-09  8.80581506e-02  4.34250000e-09  1.07651795e+00  4.34250000e-09  1.20000000e+00 
 4.34350000e-09  8.63736774e-02  4.34350000e-09  1.07950389e+00  4.34350000e-09  1.20000000e+00 
 4.34450000e-09  8.47092800e-02  4.34450000e-09  1.08242040e+00  4.34450000e-09  1.20000000e+00 
 4.34550000e-09  8.30657734e-02  4.34550000e-09  1.08526857e+00  4.34550000e-09  1.20000000e+00 
 4.34650000e-09  8.14433199e-02  4.34650000e-09  1.08805002e+00  4.34650000e-09  1.20000000e+00 
 4.34750000e-09  7.98415232e-02  4.34750000e-09  1.09076651e+00  4.34750000e-09  1.20000000e+00 
 4.34850000e-09  7.82610893e-02  4.34850000e-09  1.09341898e+00  4.34850000e-09  1.20000000e+00 
 4.34950000e-09  7.67026170e-02  4.34950000e-09  1.09600849e+00  4.34950000e-09  1.20000000e+00 
 4.35050000e-09  7.51656969e-02  4.35050000e-09  1.09853661e+00  4.35050000e-09  1.20000000e+00 
 4.35150000e-09  7.36504345e-02  4.35150000e-09  1.10100436e+00  4.35150000e-09  1.20000000e+00 
 4.35250000e-09  7.21568934e-02  4.35250000e-09  1.10341325e+00  4.35250000e-09  1.20000000e+00 
 4.35350000e-09  7.06851717e-02  4.35350000e-09  1.10576441e+00  4.35350000e-09  1.20000000e+00 
 4.35450000e-09  6.92353200e-02  4.35450000e-09  1.10805927e+00  4.35450000e-09  1.20000000e+00 
 4.35550000e-09  6.78074045e-02  4.35550000e-09  1.11029896e+00  4.35550000e-09  1.20000000e+00 
 4.35650000e-09  6.64014450e-02  4.35650000e-09  1.11248485e+00  4.35650000e-09  1.20000000e+00 
 4.35750000e-09  6.50174746e-02  4.35750000e-09  1.11461809e+00  4.35750000e-09  1.20000000e+00 
 4.35850000e-09  6.36554797e-02  4.35850000e-09  1.11669996e+00  4.35850000e-09  1.20000000e+00 
 4.35950000e-09  6.23154602e-02  4.35950000e-09  1.11873158e+00  4.35950000e-09  1.20000000e+00 
 4.36050000e-09  6.09973694e-02  4.36050000e-09  1.12071420e+00  4.36050000e-09  1.20000000e+00 
 4.36150000e-09  5.97011745e-02  4.36150000e-09  1.12264889e+00  4.36150000e-09  1.20000000e+00 
 4.36250000e-09  5.84267968e-02  4.36250000e-09  1.12453685e+00  4.36250000e-09  1.20000000e+00 
 4.36350000e-09  5.71741721e-02  4.36350000e-09  1.12637913e+00  4.36350000e-09  1.20000000e+00 
 4.36450000e-09  5.59431918e-02  4.36450000e-09  1.12817685e+00  4.36450000e-09  1.20000000e+00 
 4.36550000e-09  5.47337617e-02  4.36550000e-09  1.12993103e+00  4.36550000e-09  1.20000000e+00 
 4.36650000e-09  5.35457460e-02  4.36650000e-09  1.13164275e+00  4.36650000e-09  1.20000000e+00 
 4.36750000e-09  5.23790225e-02  4.36750000e-09  1.13331298e+00  4.36750000e-09  1.20000000e+00 
 4.36850000e-09  5.12334308e-02  4.36850000e-09  1.13494275e+00  4.36850000e-09  1.20000000e+00 
 4.36950000e-09  5.01088231e-02  4.36950000e-09  1.13653300e+00  4.36950000e-09  1.20000000e+00 
 4.37050000e-09  4.90050172e-02  4.37050000e-09  1.13808470e+00  4.37050000e-09  1.20000000e+00 
 4.37150000e-09  4.79218423e-02  4.37150000e-09  1.13959875e+00  4.37150000e-09  1.20000000e+00 
 4.37250000e-09  4.68590969e-02  4.37250000e-09  1.14107609e+00  4.37250000e-09  1.20000000e+00 
 4.37350000e-09  4.58165904e-02  4.37350000e-09  1.14251756e+00  4.37350000e-09  1.20000000e+00 
 4.37450000e-09  4.47941045e-02  4.37450000e-09  1.14392406e+00  4.37450000e-09  1.20000000e+00 
 4.37550000e-09  4.37914310e-02  4.37550000e-09  1.14529641e+00  4.37550000e-09  1.20000000e+00 
 4.37650000e-09  4.28083379e-02  4.37650000e-09  1.14663544e+00  4.37650000e-09  1.20000000e+00 
 4.37750000e-09  4.18446022e-02  4.37750000e-09  1.14794194e+00  4.37750000e-09  1.20000000e+00 
 4.37850000e-09  4.08999802e-02  4.37850000e-09  1.14921672e+00  4.37850000e-09  1.20000000e+00 
 4.37950000e-09  3.99742367e-02  4.37950000e-09  1.15046052e+00  4.37950000e-09  1.20000000e+00 
 4.38050000e-09  3.90671186e-02  4.38050000e-09  1.15167410e+00  4.38050000e-09  1.20000000e+00 
 4.38150000e-09  3.81783810e-02  4.38150000e-09  1.15285818e+00  4.38150000e-09  1.20000000e+00 
 4.38250000e-09  3.73077636e-02  4.38250000e-09  1.15401347e+00  4.38250000e-09  1.20000000e+00 
 4.38350000e-09  3.64550136e-02  4.38350000e-09  1.15514068e+00  4.38350000e-09  1.20000000e+00 
 4.38450000e-09  3.56198657e-02  4.38450000e-09  1.15624047e+00  4.38450000e-09  1.20000000e+00 
 4.38550000e-09  3.48020614e-02  4.38550000e-09  1.15731350e+00  4.38550000e-09  1.20000000e+00 
 4.38650000e-09  3.40013318e-02  4.38650000e-09  1.15836043e+00  4.38650000e-09  1.20000000e+00 
 4.38750000e-09  3.32174148e-02  4.38750000e-09  1.15938188e+00  4.38750000e-09  1.20000000e+00 
 4.38850000e-09  3.24500395e-02  4.38850000e-09  1.16037846e+00  4.38850000e-09  1.20000000e+00 
 4.38950000e-09  3.16989414e-02  4.38950000e-09  1.16135078e+00  4.38950000e-09  1.20000000e+00 
 4.39050000e-09  3.09638495e-02  4.39050000e-09  1.16229942e+00  4.39050000e-09  1.20000000e+00 
 4.39150000e-09  3.02444984e-02  4.39150000e-09  1.16322494e+00  4.39150000e-09  1.20000000e+00 
 4.39250000e-09  2.95406177e-02  4.39250000e-09  1.16412792e+00  4.39250000e-09  1.20000000e+00 
 4.39350000e-09  2.88519429e-02  4.39350000e-09  1.16500889e+00  4.39350000e-09  1.20000000e+00 
 4.39450000e-09  2.81782053e-02  4.39450000e-09  1.16586838e+00  4.39450000e-09  1.20000000e+00 
 4.39550000e-09  2.75191421e-02  4.39550000e-09  1.16670692e+00  4.39550000e-09  1.20000000e+00 
 4.39650000e-09  2.68744876e-02  4.39650000e-09  1.16752500e+00  4.39650000e-09  1.20000000e+00 
 4.39750000e-09  2.62439814e-02  4.39750000e-09  1.16832312e+00  4.39750000e-09  1.20000000e+00 
 4.39850000e-09  2.56273616e-02  4.39850000e-09  1.16910177e+00  4.39850000e-09  1.20000000e+00 
 4.39950000e-09  2.50243714e-02  4.39950000e-09  1.16986140e+00  4.39950000e-09  1.20000000e+00 
 4.40050000e-09  2.44347531e-02  4.40050000e-09  1.17060249e+00  4.40050000e-09  1.20000000e+00 
 4.40150000e-09  2.38582542e-02  4.40150000e-09  1.17132548e+00  4.40150000e-09  1.20000000e+00 
 4.40250000e-09  2.32946221e-02  4.40250000e-09  1.17203081e+00  4.40250000e-09  1.20000000e+00 
 4.40350000e-09  2.27436089e-02  4.40350000e-09  1.17271890e+00  4.40350000e-09  1.20000000e+00 
 4.40450000e-09  2.22049675e-02  4.40450000e-09  1.17339017e+00  4.40450000e-09  1.20000000e+00 
 4.40550000e-09  2.16784554e-02  4.40550000e-09  1.17404503e+00  4.40550000e-09  1.20000000e+00 
 4.40650000e-09  2.11638313e-02  4.40650000e-09  1.17468387e+00  4.40650000e-09  1.20000000e+00 
 4.40750000e-09  2.06608584e-02  4.40750000e-09  1.17530709e+00  4.40750000e-09  1.20000000e+00 
 4.40850000e-09  2.01693015e-02  4.40850000e-09  1.17591506e+00  4.40850000e-09  1.20000000e+00 
 4.40950000e-09  1.96889301e-02  4.40950000e-09  1.17650814e+00  4.40950000e-09  1.20000000e+00 
 4.41050000e-09  1.92195151e-02  4.41050000e-09  1.17708671e+00  4.41050000e-09  1.20000000e+00 
 4.41150000e-09  1.87608323e-02  4.41150000e-09  1.17765111e+00  4.41150000e-09  1.20000000e+00 
 4.41250000e-09  1.83126595e-02  4.41250000e-09  1.17820168e+00  4.41250000e-09  1.20000000e+00 
 4.41350000e-09  1.78747787e-02  4.41350000e-09  1.17873876e+00  4.41350000e-09  1.20000000e+00 
 4.41450000e-09  1.74469744e-02  4.41450000e-09  1.17926269e+00  4.41450000e-09  1.20000000e+00 
 4.41550000e-09  1.70290353e-02  4.41550000e-09  1.17977377e+00  4.41550000e-09  1.20000000e+00 
 4.41650000e-09  1.66207526e-02  4.41650000e-09  1.18027231e+00  4.41650000e-09  1.20000000e+00 
 4.41750000e-09  1.62219219e-02  4.41750000e-09  1.18075864e+00  4.41750000e-09  1.20000000e+00 
 4.41850000e-09  1.58323410e-02  4.41850000e-09  1.18123303e+00  4.41850000e-09  1.20000000e+00 
 4.41950000e-09  1.54518122e-02  4.41950000e-09  1.18169578e+00  4.41950000e-09  1.20000000e+00 
 4.42050000e-09  1.50801402e-02  4.42050000e-09  1.18214717e+00  4.42050000e-09  1.20000000e+00 
 4.42150000e-09  1.47171339e-02  4.42150000e-09  1.18258749e+00  4.42150000e-09  1.20000000e+00 
 4.42250000e-09  1.43626049e-02  4.42250000e-09  1.18301699e+00  4.42250000e-09  1.20000000e+00 
 4.42350000e-09  1.40163687e-02  4.42350000e-09  1.18343595e+00  4.42350000e-09  1.20000000e+00 
 4.42450000e-09  1.36782436e-02  4.42450000e-09  1.18384461e+00  4.42450000e-09  1.20000000e+00 
 4.42550000e-09  1.33480519e-02  4.42550000e-09  1.18424324e+00  4.42550000e-09  1.20000000e+00 
 4.42650000e-09  1.30256183e-02  4.42650000e-09  1.18463207e+00  4.42650000e-09  1.20000000e+00 
 4.42750000e-09  1.27107716e-02  4.42750000e-09  1.18501134e+00  4.42750000e-09  1.20000000e+00 
 4.42850000e-09  1.24033431e-02  4.42850000e-09  1.18538128e+00  4.42850000e-09  1.20000000e+00 
 4.42950000e-09  1.21031681e-02  4.42950000e-09  1.18574214e+00  4.42950000e-09  1.20000000e+00 
 4.43050000e-09  1.18100842e-02  4.43050000e-09  1.18609411e+00  4.43050000e-09  1.20000000e+00 
 4.43150000e-09  1.15239329e-02  4.43150000e-09  1.18643743e+00  4.43150000e-09  1.20000000e+00 
 4.43250000e-09  1.12445584e-02  4.43250000e-09  1.18677230e+00  4.43250000e-09  1.20000000e+00 
 4.43350000e-09  1.09718080e-02  4.43350000e-09  1.18709894e+00  4.43350000e-09  1.20000000e+00 
 4.43450000e-09  1.07055321e-02  4.43450000e-09  1.18741753e+00  4.43450000e-09  1.20000000e+00 
 4.43550000e-09  1.04455842e-02  4.43550000e-09  1.18772828e+00  4.43550000e-09  1.20000000e+00 
 4.43650000e-09  1.01918205e-02  4.43650000e-09  1.18803138e+00  4.43650000e-09  1.20000000e+00 
 4.43750000e-09  9.94410033e-03  4.43750000e-09  1.18832702e+00  4.43750000e-09  1.20000000e+00 
 4.43850000e-09  9.70228576e-03  4.43850000e-09  1.18861537e+00  4.43850000e-09  1.20000000e+00 
 4.43950000e-09  9.46624186e-03  4.43950000e-09  1.18889663e+00  4.43950000e-09  1.20000000e+00 
 4.44050000e-09  9.23583628e-03  4.44050000e-09  1.18917095e+00  4.44050000e-09  1.20000000e+00 
 4.44150000e-09  9.01093964e-03  4.44150000e-09  1.18943852e+00  4.44150000e-09  1.20000000e+00 
 4.44250000e-09  8.79142505e-03  4.44250000e-09  1.18969949e+00  4.44250000e-09  1.20000000e+00 
 4.44350000e-09  8.57716851e-03  4.44350000e-09  1.18995403e+00  4.44350000e-09  1.20000000e+00 
 4.44450000e-09  8.36804842e-03  4.44450000e-09  1.19020230e+00  4.44450000e-09  1.20000000e+00 
 4.44550000e-09  8.16394598e-03  4.44550000e-09  1.19044445e+00  4.44550000e-09  1.20000000e+00 
 4.44650000e-09  7.96474473e-03  4.44650000e-09  1.19068062e+00  4.44650000e-09  1.20000000e+00 
 4.44750000e-09  7.77033087e-03  4.44750000e-09  1.19091097e+00  4.44750000e-09  1.20000000e+00 
 4.44850000e-09  7.58059291e-03  4.44850000e-09  1.19113564e+00  4.44850000e-09  1.20000000e+00 
 4.44950000e-09  7.39542191e-03  4.44950000e-09  1.19135477e+00  4.44950000e-09  1.20000000e+00 
 4.45050000e-09  7.21471115e-03  4.45050000e-09  1.19156850e+00  4.45050000e-09  1.20000000e+00 
 4.45150000e-09  7.03835638e-03  4.45150000e-09  1.19177695e+00  4.45150000e-09  1.20000000e+00 
 4.45250000e-09  6.86625551e-03  4.45250000e-09  1.19198026e+00  4.45250000e-09  1.20000000e+00 
 4.45350000e-09  6.69830880e-03  4.45350000e-09  1.19217855e+00  4.45350000e-09  1.20000000e+00 
 4.45450000e-09  6.53441860e-03  4.45450000e-09  1.19237194e+00  4.45450000e-09  1.20000000e+00 
 4.45550000e-09  6.37448952e-03  4.45550000e-09  1.19256057e+00  4.45550000e-09  1.20000000e+00 
 4.45650000e-09  6.21842820e-03  4.45650000e-09  1.19274454e+00  4.45650000e-09  1.20000000e+00 
 4.45750000e-09  6.06614344e-03  4.45750000e-09  1.19292396e+00  4.45750000e-09  1.20000000e+00 
 4.45850000e-09  5.91754600e-03  4.45850000e-09  1.19309896e+00  4.45850000e-09  1.20000000e+00 
 4.45950000e-09  5.77254871e-03  4.45950000e-09  1.19326964e+00  4.45950000e-09  1.20000000e+00 
 4.46050000e-09  5.63106628e-03  4.46050000e-09  1.19343610e+00  4.46050000e-09  1.20000000e+00 
 4.46150000e-09  5.49301544e-03  4.46150000e-09  1.19359845e+00  4.46150000e-09  1.20000000e+00 
 4.46250000e-09  5.35831469e-03  4.46250000e-09  1.19375679e+00  4.46250000e-09  1.20000000e+00 
 4.46350000e-09  5.22688447e-03  4.46350000e-09  1.19391122e+00  4.46350000e-09  1.20000000e+00 
 4.46450000e-09  5.09864695e-03  4.46450000e-09  1.19406183e+00  4.46450000e-09  1.20000000e+00 
 4.46550000e-09  4.97352614e-03  4.46550000e-09  1.19420873e+00  4.46550000e-09  1.20000000e+00 
 4.46650000e-09  4.85144773e-03  4.46650000e-09  1.19435199e+00  4.46650000e-09  1.20000000e+00 
 4.46750000e-09  4.73233914e-03  4.46750000e-09  1.19449172e+00  4.46750000e-09  1.20000000e+00 
 4.46850000e-09  4.61612943e-03  4.46850000e-09  1.19462799e+00  4.46850000e-09  1.20000000e+00 
 4.46950000e-09  4.50274932e-03  4.46950000e-09  1.19476090e+00  4.46950000e-09  1.20000000e+00 
 4.47050000e-09  4.39213108e-03  4.47050000e-09  1.19489052e+00  4.47050000e-09  1.20000000e+00 
 4.47150000e-09  4.28420859e-03  4.47150000e-09  1.19501694e+00  4.47150000e-09  1.20000000e+00 
 4.47250000e-09  4.17891721e-03  4.47250000e-09  1.19514023e+00  4.47250000e-09  1.20000000e+00 
 4.47350000e-09  4.07619384e-03  4.47350000e-09  1.19526047e+00  4.47350000e-09  1.20000000e+00 
 4.47450000e-09  3.97597681e-03  4.47450000e-09  1.19537775e+00  4.47450000e-09  1.20000000e+00 
 4.47550000e-09  3.87820591e-03  4.47550000e-09  1.19549212e+00  4.47550000e-09  1.20000000e+00 
 4.47650000e-09  3.78282230e-03  4.47650000e-09  1.19560367e+00  4.47650000e-09  1.20000000e+00 
 4.47750000e-09  3.68976854e-03  4.47750000e-09  1.19571246e+00  4.47750000e-09  1.20000000e+00 
 4.47850000e-09  3.59898850e-03  4.47850000e-09  1.19581856e+00  4.47850000e-09  1.20000000e+00 
 4.47950000e-09  3.51042741e-03  4.47950000e-09  1.19592203e+00  4.47950000e-09  1.20000000e+00 
 4.48050000e-09  3.42403173e-03  4.48050000e-09  1.19602295e+00  4.48050000e-09  1.20000000e+00 
 4.48150000e-09  3.33974921e-03  4.48150000e-09  1.19612137e+00  4.48150000e-09  1.20000000e+00 
 4.48250000e-09  3.25752881e-03  4.48250000e-09  1.19621736e+00  4.48250000e-09  1.20000000e+00 
 4.48350000e-09  3.17732070e-03  4.48350000e-09  1.19631097e+00  4.48350000e-09  1.20000000e+00 
 4.48450000e-09  3.09907622e-03  4.48450000e-09  1.19640227e+00  4.48450000e-09  1.20000000e+00 
 4.48550000e-09  3.02274787e-03  4.48550000e-09  1.19649131e+00  4.48550000e-09  1.20000000e+00 
 4.48650000e-09  2.94828924e-03  4.48650000e-09  1.19657815e+00  4.48650000e-09  1.20000000e+00 
 4.48750000e-09  2.87565506e-03  4.48750000e-09  1.19666284e+00  4.48750000e-09  1.20000000e+00 
 4.48850000e-09  2.80480109e-03  4.48850000e-09  1.19674544e+00  4.48850000e-09  1.20000000e+00 
 4.48950000e-09  2.73568416e-03  4.48950000e-09  1.19682599e+00  4.48950000e-09  1.20000000e+00 
 4.49050000e-09  2.66826213e-03  4.49050000e-09  1.19690455e+00  4.49050000e-09  1.20000000e+00 
 4.49150000e-09  2.60249385e-03  4.49150000e-09  1.19698117e+00  4.49150000e-09  1.20000000e+00 
 4.49250000e-09  2.53833915e-03  4.49250000e-09  1.19705589e+00  4.49250000e-09  1.20000000e+00 
 4.49350000e-09  2.47575882e-03  4.49350000e-09  1.19712876e+00  4.49350000e-09  1.20000000e+00 
 4.49450000e-09  2.41471458e-03  4.49450000e-09  1.19719983e+00  4.49450000e-09  1.20000000e+00 
 4.49550000e-09  2.35516906e-03  4.49550000e-09  1.19726914e+00  4.49550000e-09  1.20000000e+00 
 4.49650000e-09  2.29708580e-03  4.49650000e-09  1.19733673e+00  4.49650000e-09  1.20000000e+00 
 4.49750000e-09  2.24042919e-03  4.49750000e-09  1.19740266e+00  4.49750000e-09  1.20000000e+00 
 4.49850000e-09  2.18516449e-03  4.49850000e-09  1.19746695e+00  4.49850000e-09  1.20000000e+00 
 4.49925000e-09  2.14460999e-03  4.49925000e-09  1.19751412e+00  4.49925000e-09  1.20000000e+00 
 4.50000000e-09  2.10480530e-03  4.50000000e-09  1.19756041e+00  4.50000000e-09  1.20000000e+00 
 4.50010000e-09  1.74296049e-03  4.50010000e-09  1.19720447e+00  4.50010000e-09  1.19760000e+00 
 4.50030000e-09  8.68069055e-04  4.50030000e-09  1.19631100e+00  4.50030000e-09  1.19280000e+00 
 4.50070000e-09 -7.20091768e-04  4.50070000e-09  1.19460710e+00  4.50070000e-09  1.18320000e+00 
 4.50150000e-09 -2.95238438e-03  4.50150000e-09  1.19215101e+00  4.50150000e-09  1.16400000e+00 
 4.50250000e-09 -5.17005776e-03  4.50250000e-09  1.18969848e+00  4.50250000e-09  1.14000000e+00 
 4.50350000e-09 -6.99865893e-03  4.50350000e-09  1.18766887e+00  4.50350000e-09  1.11600000e+00 
 4.50450000e-09 -8.71983807e-03  4.50450000e-09  1.18578064e+00  4.50450000e-09  1.09200000e+00 
 4.50550000e-09 -1.03055209e-02  4.50550000e-09  1.18406215e+00  4.50550000e-09  1.06800000e+00 
 4.50650000e-09 -1.18441392e-02  4.50650000e-09  1.18243434e+00  4.50650000e-09  1.04400000e+00 
 4.50750000e-09 -1.32921319e-02  4.50750000e-09  1.18094019e+00  4.50750000e-09  1.02000000e+00 
 4.50850000e-09 -1.46990740e-02  4.50850000e-09  1.17953187e+00  4.50850000e-09  9.96000000e-01 
 4.50950000e-09 -1.60357324e-02  4.50950000e-09  1.17823399e+00  4.50950000e-09  9.72000000e-01 
 4.51050000e-09 -1.73362888e-02  4.51050000e-09  1.17701111e+00  4.51050000e-09  9.48000000e-01 
 4.51150000e-09 -1.85831921e-02  4.51150000e-09  1.17587494e+00  4.51150000e-09  9.24000000e-01 
 4.51250000e-09 -1.98025228e-02  4.51250000e-09  1.17479681e+00  4.51250000e-09  9.00000000e-01 
 4.51350000e-09 -2.09857814e-02  4.51350000e-09  1.17377778e+00  4.51350000e-09  8.76000000e-01 
 4.51440188e-09 -2.20419808e-02  4.51440188e-09  1.17288502e+00  4.51440188e-09  8.54354815e-01 
 4.51540188e-09 -2.31994520e-02  4.51540188e-09  1.17191498e+00  4.51540188e-09  8.30354815e-01 
 4.51640188e-09 -2.43641344e-02  4.51640188e-09  1.17093480e+00  4.51640188e-09  8.06354815e-01 
 4.51740188e-09 -2.55394645e-02  4.51740188e-09  1.16992704e+00  4.51740188e-09  7.82354815e-01 
 4.51840188e-09 -2.67424386e-02  4.51840188e-09  1.16886402e+00  4.51840188e-09  7.58354815e-01 
 4.51940188e-09 -2.79758364e-02  4.51940188e-09  1.16773049e+00  4.51940188e-09  7.34354815e-01 
 4.52040188e-09 -2.92513028e-02  4.52040188e-09  1.16650703e+00  4.52040188e-09  7.10354815e-01 
 4.52140188e-09 -3.05684519e-02  4.52140188e-09  1.16518626e+00  4.52140188e-09  6.86354815e-01 
 4.52240188e-09 -3.19326839e-02  4.52240188e-09  1.16375984e+00  4.52240188e-09  6.62354815e-01 
 4.52340188e-09 -3.33393471e-02  4.52340188e-09  1.16222933e+00  4.52340188e-09  6.38354815e-01 
 4.52440188e-09 -3.47848450e-02  4.52440188e-09  1.16060056e+00  4.52440188e-09  6.14354815e-01 
 4.52540188e-09 -3.62507406e-02  4.52540188e-09  1.15889718e+00  4.52540188e-09  5.90354815e-01 
 4.52640188e-09 -3.77103707e-02  4.52640188e-09  1.15715841e+00  4.52640188e-09  5.66354815e-01 
 4.52740188e-09 -3.91186618e-02  4.52740188e-09  1.15544294e+00  4.52740188e-09  5.42354815e-01 
 4.52840188e-09 -4.04238682e-02  4.52840188e-09  1.15381618e+00  4.52840188e-09  5.18354815e-01 
 4.52940188e-09 -4.15686439e-02  4.52940188e-09  1.15234258e+00  4.52940188e-09  4.94354815e-01 
 4.53040188e-09 -4.25069436e-02  4.53040188e-09  1.15107149e+00  4.53040188e-09  4.70354815e-01 
 4.53140188e-09 -4.32063033e-02  4.53140188e-09  1.15003361e+00  4.53140188e-09  4.46354815e-01 
 4.53240188e-09 -4.36544237e-02  4.53240188e-09  1.14923839e+00  4.53240188e-09  4.22354815e-01 
 4.53340188e-09 -4.38507170e-02  4.53340188e-09  1.14868089e+00  4.53340188e-09  3.98354815e-01 
 4.53440188e-09 -4.38043644e-02  4.53440188e-09  1.14834648e+00  4.53440188e-09  3.74354815e-01 
 4.53540188e-09 -4.35255805e-02  4.53540188e-09  1.14821796e+00  4.53540188e-09  3.50354815e-01 
 4.53640188e-09 -4.30255221e-02  4.53640188e-09  1.14827771e+00  4.53640188e-09  3.26354815e-01 
 4.53740188e-09 -4.23124684e-02  4.53740188e-09  1.14850996e+00  4.53740188e-09  3.02354815e-01 
 4.53840188e-09 -4.13949933e-02  4.53840188e-09  1.14889918e+00  4.53840188e-09  2.78354815e-01 
 4.53940188e-09 -4.02803818e-02  4.53940188e-09  1.14943035e+00  4.53940188e-09  2.54354815e-01 
 4.54040188e-09 -3.89763843e-02  4.54040188e-09  1.15008865e+00  4.54040188e-09  2.30354815e-01 
 4.54140188e-09 -3.74889671e-02  4.54140188e-09  1.15086074e+00  4.54140188e-09  2.06354815e-01 
 4.54240188e-09 -3.58241644e-02  4.54240188e-09  1.15173423e+00  4.54240188e-09  1.82354815e-01 
 4.54340188e-09 -3.39870675e-02  4.54340188e-09  1.15269774e+00  4.54340188e-09  1.58354815e-01 
 4.54440188e-09 -3.19832097e-02  4.54440188e-09  1.15374048e+00  4.54440188e-09  1.34354815e-01 
 4.54540188e-09 -2.98172542e-02  4.54540188e-09  1.15485271e+00  4.54540188e-09  1.10354815e-01 
 4.54640188e-09 -2.74939024e-02  4.54640188e-09  1.15602561e+00  4.54640188e-09  8.63548154e-02 
 4.54740188e-09 -2.50169118e-02  4.54740188e-09  1.15725148e+00  4.54740188e-09  6.23548154e-02 
 4.54840188e-09 -2.23899628e-02  4.54840188e-09  1.15852347e+00  4.54840188e-09  3.83548154e-02 
 4.54920094e-09 -2.01849834e-02  4.54920094e-09  1.15956911e+00  4.54920094e-09  1.91774077e-02 
 4.55000000e-09 -1.78876681e-02  4.55000000e-09  1.16063757e+00  4.55000000e-09  1.77635684e-15 
 4.55010000e-09 -1.72191138e-02  4.55010000e-09  1.16115831e+00  4.55010000e-09  0.00000000e+00 
 4.55030000e-09 -1.56837575e-02  4.55030000e-09  1.16244841e+00  4.55030000e-09  0.00000000e+00 
 4.55070000e-09 -1.25730562e-02  4.55070000e-09  1.16523250e+00  4.55070000e-09  0.00000000e+00 
 4.55150000e-09 -7.12319284e-03  4.55150000e-09  1.17013187e+00  4.55150000e-09  0.00000000e+00 
 4.55250000e-09 -1.12188707e-03  4.55250000e-09  1.17546977e+00  4.55250000e-09  0.00000000e+00 
 4.55350000e-09  4.00288528e-03  4.55350000e-09  1.17996852e+00  4.55350000e-09  0.00000000e+00 
 4.55450000e-09  8.50842001e-03  4.55450000e-09  1.18386620e+00  4.55450000e-09  0.00000000e+00 
 4.55550000e-09  1.24795664e-02  4.55550000e-09  1.18722752e+00  4.55550000e-09  0.00000000e+00 
 4.55650000e-09  1.60796702e-02  4.55650000e-09  1.19019629e+00  4.55650000e-09  0.00000000e+00 
 4.55750000e-09  1.93481042e-02  4.55750000e-09  1.19280408e+00  4.55750000e-09  0.00000000e+00 
 4.55850000e-09  2.23848445e-02  4.55850000e-09  1.19514127e+00  4.55850000e-09  0.00000000e+00 
 4.55950000e-09  2.52060924e-02  4.55950000e-09  1.19722347e+00  4.55950000e-09  0.00000000e+00 
 4.56050000e-09  2.78752841e-02  4.56050000e-09  1.19910901e+00  4.56050000e-09  0.00000000e+00 
 4.56150000e-09  3.03988399e-02  4.56150000e-09  1.20080656e+00  4.56150000e-09  0.00000000e+00 
 4.56250000e-09  3.28191408e-02  4.56250000e-09  1.20235568e+00  4.56250000e-09  0.00000000e+00 
 4.56350000e-09  3.51382384e-02  4.56350000e-09  1.20376189e+00  4.56350000e-09  0.00000000e+00 
 4.56450000e-09  3.73855834e-02  4.56450000e-09  1.20505295e+00  4.56450000e-09  0.00000000e+00 
 4.56550000e-09  3.95613489e-02  4.56550000e-09  1.20623284e+00  4.56550000e-09  0.00000000e+00 
 4.56650000e-09  4.16866150e-02  4.56650000e-09  1.20732157e+00  4.56650000e-09  0.00000000e+00 
 4.56750000e-09  4.37607875e-02  4.56750000e-09  1.20832231e+00  4.56750000e-09  0.00000000e+00 
 4.56850000e-09  4.57992910e-02  4.56850000e-09  1.20924977e+00  4.56850000e-09  0.00000000e+00 
 4.56950000e-09  4.78012610e-02  4.56950000e-09  1.21010664e+00  4.56950000e-09  0.00000000e+00 
 4.57050000e-09  4.97781717e-02  4.57050000e-09  1.21090391e+00  4.57050000e-09  0.00000000e+00 
 4.57150000e-09  5.17291075e-02  4.57150000e-09  1.21164392e+00  4.57150000e-09  0.00000000e+00 
 4.57250000e-09  5.36627116e-02  4.57250000e-09  1.21233498e+00  4.57250000e-09  0.00000000e+00 
 4.57350000e-09  5.55781119e-02  4.57350000e-09  1.21297917e+00  4.57350000e-09  0.00000000e+00 
 4.57450000e-09  5.74818839e-02  4.57450000e-09  1.21358285e+00  4.57450000e-09  0.00000000e+00 
 4.57550000e-09  5.93732356e-02  4.57550000e-09  1.21414784e+00  4.57550000e-09  0.00000000e+00 
 4.57650000e-09  6.12572102e-02  4.57650000e-09  1.21467909e+00  4.57650000e-09  0.00000000e+00 
 4.57750000e-09  6.31331076e-02  4.57750000e-09  1.21517818e+00  4.57750000e-09  0.00000000e+00 
 4.57850000e-09  6.50048225e-02  4.57850000e-09  1.21564899e+00  4.57850000e-09  0.00000000e+00 
 4.57950000e-09  6.68717464e-02  4.57950000e-09  1.21609293e+00  4.57950000e-09  0.00000000e+00 
 4.58050000e-09  6.87369059e-02  4.58050000e-09  1.21651304e+00  4.58050000e-09  0.00000000e+00 
 4.58150000e-09  7.05997785e-02  4.58150000e-09  1.21691057e+00  4.58150000e-09  0.00000000e+00 
 4.58250000e-09  7.24627306e-02  4.58250000e-09  1.21728794e+00  4.58250000e-09  0.00000000e+00 
 4.58350000e-09  7.43253184e-02  4.58350000e-09  1.21764624e+00  4.58350000e-09  0.00000000e+00 
 4.58450000e-09  7.61894030e-02  4.58450000e-09  1.21798743e+00  4.58450000e-09  0.00000000e+00 
 4.58550000e-09  7.80546117e-02  4.58550000e-09  1.21831247e+00  4.58550000e-09  0.00000000e+00 
 4.58650000e-09  7.99224175e-02  4.58650000e-09  1.21862294e+00  4.58650000e-09  0.00000000e+00 
 4.58750000e-09  8.17925114e-02  4.58750000e-09  1.21891968e+00  4.58750000e-09  0.00000000e+00 
 4.58850000e-09  8.36660672e-02  4.58850000e-09  1.21920399e+00  4.58850000e-09  0.00000000e+00 
 4.58950000e-09  8.55428327e-02  4.58950000e-09  1.21947662e+00  4.58950000e-09  0.00000000e+00 
 4.59050000e-09  8.74237507e-02  4.59050000e-09  1.21973863e+00  4.59050000e-09  0.00000000e+00 
 4.59150000e-09  8.93086195e-02  4.59150000e-09  1.21999067e+00  4.59150000e-09  0.00000000e+00 
 4.59250000e-09  9.11982035e-02  4.59250000e-09  1.22023365e+00  4.59250000e-09  0.00000000e+00 
 4.59350000e-09  9.30923460e-02  4.59350000e-09  1.22046814e+00  4.59350000e-09  0.00000000e+00 
 4.59450000e-09  9.49916734e-02  4.59450000e-09  1.22069488e+00  4.59450000e-09  0.00000000e+00 
 4.59550000e-09  9.68960691e-02  4.59550000e-09  1.22091440e+00  4.59550000e-09  0.00000000e+00 
 4.59650000e-09  9.88060532e-02  4.59650000e-09  1.22112732e+00  4.59650000e-09  0.00000000e+00 
 4.59750000e-09  1.00721545e-01  4.59750000e-09  1.22133412e+00  4.59750000e-09  0.00000000e+00 
 4.59850000e-09  1.02642983e-01  4.59850000e-09  1.22153531e+00  4.59850000e-09  0.00000000e+00 
 4.59950000e-09  1.04570319e-01  4.59950000e-09  1.22173134e+00  4.59950000e-09  0.00000000e+00 
 4.60050000e-09  1.06503929e-01  4.60050000e-09  1.22192264e+00  4.60050000e-09  0.00000000e+00 
 4.60150000e-09  1.08443795e-01  4.60150000e-09  1.22210961e+00  4.60150000e-09  0.00000000e+00 
 4.60250000e-09  1.10390244e-01  4.60250000e-09  1.22229264e+00  4.60250000e-09  0.00000000e+00 
 4.60350000e-09  1.12343285e-01  4.60350000e-09  1.22247206e+00  4.60350000e-09  0.00000000e+00 
 4.60450000e-09  1.14303212e-01  4.60450000e-09  1.22264823e+00  4.60450000e-09  0.00000000e+00 
 4.60550000e-09  1.16270059e-01  4.60550000e-09  1.22282147e+00  4.60550000e-09  0.00000000e+00 
 4.60650000e-09  1.18244092e-01  4.60650000e-09  1.22299206e+00  4.60650000e-09  0.00000000e+00 
 4.60750000e-09  1.20225368e-01  4.60750000e-09  1.22316031e+00  4.60750000e-09  0.00000000e+00 
 4.60850000e-09  1.22214138e-01  4.60850000e-09  1.22332649e+00  4.60850000e-09  0.00000000e+00 
 4.60950000e-09  1.24210480e-01  4.60950000e-09  1.22349085e+00  4.60950000e-09  0.00000000e+00 
 4.61050000e-09  1.26214633e-01  4.61050000e-09  1.22365365e+00  4.61050000e-09  0.00000000e+00 
 4.61150000e-09  1.28226695e-01  4.61150000e-09  1.22381512e+00  4.61150000e-09  0.00000000e+00 
 4.61250000e-09  1.30246899e-01  4.61250000e-09  1.22397549e+00  4.61250000e-09  0.00000000e+00 
 4.61350000e-09  1.32275363e-01  4.61350000e-09  1.22413498e+00  4.61350000e-09  0.00000000e+00 
 4.61450000e-09  1.34312319e-01  4.61450000e-09  1.22429381e+00  4.61450000e-09  0.00000000e+00 
 4.61550000e-09  1.36357903e-01  4.61550000e-09  1.22445218e+00  4.61550000e-09  0.00000000e+00 
 4.61650000e-09  1.38412349e-01  4.61650000e-09  1.22461029e+00  4.61650000e-09  0.00000000e+00 
 4.61750000e-09  1.40475811e-01  4.61750000e-09  1.22476833e+00  4.61750000e-09  0.00000000e+00 
 4.61850000e-09  1.42548527e-01  4.61850000e-09  1.22492649e+00  4.61850000e-09  0.00000000e+00 
 4.61950000e-09  1.44630673e-01  4.61950000e-09  1.22508495e+00  4.61950000e-09  0.00000000e+00 
 4.62050000e-09  1.46722489e-01  4.62050000e-09  1.22524388e+00  4.62050000e-09  0.00000000e+00 
 4.62150000e-09  1.48824171e-01  4.62150000e-09  1.22540347e+00  4.62150000e-09  0.00000000e+00 
 4.62250000e-09  1.50935970e-01  4.62250000e-09  1.22556388e+00  4.62250000e-09  0.00000000e+00 
 4.62350000e-09  1.53058098e-01  4.62350000e-09  1.22572528e+00  4.62350000e-09  0.00000000e+00 
 4.62450000e-09  1.55190817e-01  4.62450000e-09  1.22588784e+00  4.62450000e-09  0.00000000e+00 
 4.62550000e-09  1.57334357e-01  4.62550000e-09  1.22605171e+00  4.62550000e-09  0.00000000e+00 
 4.62650000e-09  1.59488994e-01  4.62650000e-09  1.22621706e+00  4.62650000e-09  0.00000000e+00 
 4.62750000e-09  1.61654975e-01  4.62750000e-09  1.22638405e+00  4.62750000e-09  0.00000000e+00 
 4.62850000e-09  1.63832587e-01  4.62850000e-09  1.22655282e+00  4.62850000e-09  0.00000000e+00 
 4.62950000e-09  1.66022099e-01  4.62950000e-09  1.22672355e+00  4.62950000e-09  0.00000000e+00 
 4.63050000e-09  1.68223811e-01  4.63050000e-09  1.22689637e+00  4.63050000e-09  0.00000000e+00 
 4.63150000e-09  1.70438009e-01  4.63150000e-09  1.22707145e+00  4.63150000e-09  0.00000000e+00 
 4.63250000e-09  1.72665008e-01  4.63250000e-09  1.22724894e+00  4.63250000e-09  0.00000000e+00 
 4.63350000e-09  1.74905113e-01  4.63350000e-09  1.22742899e+00  4.63350000e-09  0.00000000e+00 
 4.63450000e-09  1.77158653e-01  4.63450000e-09  1.22761174e+00  4.63450000e-09  0.00000000e+00 
 4.63550000e-09  1.79425951e-01  4.63550000e-09  1.22779736e+00  4.63550000e-09  0.00000000e+00 
 4.63650000e-09  1.81707351e-01  4.63650000e-09  1.22798598e+00  4.63650000e-09  0.00000000e+00 
 4.63750000e-09  1.84003191e-01  4.63750000e-09  1.22817776e+00  4.63750000e-09  0.00000000e+00 
 4.63850000e-09  1.86313830e-01  4.63850000e-09  1.22837284e+00  4.63850000e-09  0.00000000e+00 
 4.63950000e-09  1.88639623e-01  4.63950000e-09  1.22857137e+00  4.63950000e-09  0.00000000e+00 
 4.64050000e-09  1.90980942e-01  4.64050000e-09  1.22877349e+00  4.64050000e-09  0.00000000e+00 
 4.64150000e-09  1.93338155e-01  4.64150000e-09  1.22897936e+00  4.64150000e-09  0.00000000e+00 
 4.64250000e-09  1.95711644e-01  4.64250000e-09  1.22918910e+00  4.64250000e-09  0.00000000e+00 
 4.64350000e-09  1.98101791e-01  4.64350000e-09  1.22940286e+00  4.64350000e-09  0.00000000e+00 
 4.64450000e-09  2.00508987e-01  4.64450000e-09  1.22962078e+00  4.64450000e-09  0.00000000e+00 
 4.64550000e-09  2.02934763e-01  4.64550000e-09  1.22984407e+00  4.64550000e-09  0.00000000e+00 
 4.64650000e-09  2.05379004e-01  4.64650000e-09  1.23007256e+00  4.64650000e-09  0.00000000e+00 
 4.64750000e-09  2.07841265e-01  4.64750000e-09  1.23030509e+00  4.64750000e-09  0.00000000e+00 
 4.64850000e-09  2.10322289e-01  4.64850000e-09  1.23054211e+00  4.64850000e-09  0.00000000e+00 
 4.64950000e-09  2.12822334e-01  4.64950000e-09  1.23078381e+00  4.64950000e-09  0.00000000e+00 
 4.65050000e-09  2.15341884e-01  4.65050000e-09  1.23103037e+00  4.65050000e-09  0.00000000e+00 
 4.65150000e-09  2.17881260e-01  4.65150000e-09  1.23128189e+00  4.65150000e-09  0.00000000e+00 
 4.65250000e-09  2.20440895e-01  4.65250000e-09  1.23153847e+00  4.65250000e-09  0.00000000e+00 
 4.65350000e-09  2.23021133e-01  4.65350000e-09  1.23180020e+00  4.65350000e-09  0.00000000e+00 
 4.65450000e-09  2.25622369e-01  4.65450000e-09  1.23206717e+00  4.65450000e-09  0.00000000e+00 
 4.65550000e-09  2.28244947e-01  4.65550000e-09  1.23233945e+00  4.65550000e-09  0.00000000e+00 
 4.65650000e-09  2.30889230e-01  4.65650000e-09  1.23261709e+00  4.65650000e-09  0.00000000e+00 
 4.65750000e-09  2.33555545e-01  4.65750000e-09  1.23290015e+00  4.65750000e-09  0.00000000e+00 
 4.65850000e-09  2.36244219e-01  4.65850000e-09  1.23318865e+00  4.65850000e-09  0.00000000e+00 
 4.65950000e-09  2.38955548e-01  4.65950000e-09  1.23348261e+00  4.65950000e-09  0.00000000e+00 
 4.66050000e-09  2.41689819e-01  4.66050000e-09  1.23378203e+00  4.66050000e-09  0.00000000e+00 
 4.66150000e-09  2.44447289e-01  4.66150000e-09  1.23408692e+00  4.66150000e-09  0.00000000e+00 
 4.66250000e-09  2.47228195e-01  4.66250000e-09  1.23439722e+00  4.66250000e-09  0.00000000e+00 
 4.66350000e-09  2.50032746e-01  4.66350000e-09  1.23471291e+00  4.66350000e-09  0.00000000e+00 
 4.66450000e-09  2.52861126e-01  4.66450000e-09  1.23503392e+00  4.66450000e-09  0.00000000e+00 
 4.66550000e-09  2.55713486e-01  4.66550000e-09  1.23536017e+00  4.66550000e-09  0.00000000e+00 
 4.66650000e-09  2.58589950e-01  4.66650000e-09  1.23569157e+00  4.66650000e-09  0.00000000e+00 
 4.66750000e-09  2.61490607e-01  4.66750000e-09  1.23602800e+00  4.66750000e-09  0.00000000e+00 
 4.66850000e-09  2.64415517e-01  4.66850000e-09  1.23636933e+00  4.66850000e-09  0.00000000e+00 
 4.66950000e-09  2.67364703e-01  4.66950000e-09  1.23671542e+00  4.66950000e-09  0.00000000e+00 
 4.67050000e-09  2.70338158e-01  4.67050000e-09  1.23706611e+00  4.67050000e-09  0.00000000e+00 
 4.67150000e-09  2.73335840e-01  4.67150000e-09  1.23742123e+00  4.67150000e-09  0.00000000e+00 
 4.67250000e-09  2.76357673e-01  4.67250000e-09  1.23778057e+00  4.67250000e-09  0.00000000e+00 
 4.67350000e-09  2.79403548e-01  4.67350000e-09  1.23814395e+00  4.67350000e-09  0.00000000e+00 
 4.67450000e-09  2.82473326e-01  4.67450000e-09  1.23851114e+00  4.67450000e-09  0.00000000e+00 
 4.67550000e-09  2.85566835e-01  4.67550000e-09  1.23888194e+00  4.67550000e-09  0.00000000e+00 
 4.67650000e-09  2.88683875e-01  4.67650000e-09  1.23925611e+00  4.67650000e-09  0.00000000e+00 
 4.67750000e-09  2.91824217e-01  4.67750000e-09  1.23963341e+00  4.67750000e-09  0.00000000e+00 
 4.67850000e-09  2.94987607e-01  4.67850000e-09  1.24001361e+00  4.67850000e-09  0.00000000e+00 
 4.67950000e-09  2.98173766e-01  4.67950000e-09  1.24039646e+00  4.67950000e-09  0.00000000e+00 
 4.68050000e-09  3.01382392e-01  4.68050000e-09  1.24078173e+00  4.68050000e-09  0.00000000e+00 
 4.68150000e-09  3.04613166e-01  4.68150000e-09  1.24116916e+00  4.68150000e-09  0.00000000e+00 
 4.68250000e-09  3.07865747e-01  4.68250000e-09  1.24155853e+00  4.68250000e-09  0.00000000e+00 
 4.68350000e-09  3.11138882e-01  4.68350000e-09  1.24194874e+00  4.68350000e-09  0.00000000e+00 
 4.68450000e-09  3.14432468e-01  4.68450000e-09  1.24233965e+00  4.68450000e-09  0.00000000e+00 
 4.68550000e-09  3.17746884e-01  4.68550000e-09  1.24273207e+00  4.68550000e-09  0.00000000e+00 
 4.68650000e-09  3.21081534e-01  4.68650000e-09  1.24312572e+00  4.68650000e-09  0.00000000e+00 
 4.68750000e-09  3.24436129e-01  4.68750000e-09  1.24352033e+00  4.68750000e-09  0.00000000e+00 
 4.68850000e-09  3.27810222e-01  4.68850000e-09  1.24391563e+00  4.68850000e-09  0.00000000e+00 
 4.68950000e-09  3.31203455e-01  4.68950000e-09  1.24431143e+00  4.68950000e-09  0.00000000e+00 
 4.69050000e-09  3.34615409e-01  4.69050000e-09  1.24470752e+00  4.69050000e-09  0.00000000e+00 
 4.69150000e-09  3.38045696e-01  4.69150000e-09  1.24510373e+00  4.69150000e-09  0.00000000e+00 
 4.69250000e-09  3.41493910e-01  4.69250000e-09  1.24549989e+00  4.69250000e-09  0.00000000e+00 
 4.69350000e-09  3.44959654e-01  4.69350000e-09  1.24589584e+00  4.69350000e-09  0.00000000e+00 
 4.69450000e-09  3.48442530e-01  4.69450000e-09  1.24629145e+00  4.69450000e-09  0.00000000e+00 
 4.69550000e-09  3.51942143e-01  4.69550000e-09  1.24668656e+00  4.69550000e-09  0.00000000e+00 
 4.69650000e-09  3.55458107e-01  4.69650000e-09  1.24708106e+00  4.69650000e-09  0.00000000e+00 
 4.69750000e-09  3.58990036e-01  4.69750000e-09  1.24747482e+00  4.69750000e-09  0.00000000e+00 
 4.69850000e-09  3.62537555e-01  4.69850000e-09  1.24786775e+00  4.69850000e-09  0.00000000e+00 
 4.69950000e-09  3.66100290e-01  4.69950000e-09  1.24825974e+00  4.69950000e-09  0.00000000e+00 
 4.70050000e-09  3.69677881e-01  4.70050000e-09  1.24865070e+00  4.70050000e-09  0.00000000e+00 
 4.70150000e-09  3.73269968e-01  4.70150000e-09  1.24904055e+00  4.70150000e-09  0.00000000e+00 
 4.70250000e-09  3.76876206e-01  4.70250000e-09  1.24942922e+00  4.70250000e-09  0.00000000e+00 
 4.70350000e-09  3.80496702e-01  4.70350000e-09  1.24981691e+00  4.70350000e-09  0.00000000e+00 
 4.70450000e-09  3.84131059e-01  4.70450000e-09  1.25020369e+00  4.70450000e-09  0.00000000e+00 
 4.70550000e-09  3.87778542e-01  4.70550000e-09  1.25058913e+00  4.70550000e-09  0.00000000e+00 
 4.70650000e-09  3.91438933e-01  4.70650000e-09  1.25097304e+00  4.70650000e-09  0.00000000e+00 
 4.70750000e-09  3.95111856e-01  4.70750000e-09  1.25135540e+00  4.70750000e-09  0.00000000e+00 
 4.70850000e-09  3.98797027e-01  4.70850000e-09  1.25173616e+00  4.70850000e-09  0.00000000e+00 
 4.70950000e-09  4.02494119e-01  4.70950000e-09  1.25211528e+00  4.70950000e-09  0.00000000e+00 
 4.71050000e-09  4.06202839e-01  4.71050000e-09  1.25249270e+00  4.71050000e-09  0.00000000e+00 
 4.71150000e-09  4.09922887e-01  4.71150000e-09  1.25286837e+00  4.71150000e-09  0.00000000e+00 
 4.71250000e-09  4.13653978e-01  4.71250000e-09  1.25324224e+00  4.71250000e-09  0.00000000e+00 
 4.71350000e-09  4.17395828e-01  4.71350000e-09  1.25361426e+00  4.71350000e-09  0.00000000e+00 
 4.71450000e-09  4.21148157e-01  4.71450000e-09  1.25398435e+00  4.71450000e-09  0.00000000e+00 
 4.71550000e-09  4.24910696e-01  4.71550000e-09  1.25435246e+00  4.71550000e-09  0.00000000e+00 
 4.71650000e-09  4.28683169e-01  4.71650000e-09  1.25471852e+00  4.71650000e-09  0.00000000e+00 
 4.71750000e-09  4.32465313e-01  4.71750000e-09  1.25508244e+00  4.71750000e-09  0.00000000e+00 
 4.71850000e-09  4.36256858e-01  4.71850000e-09  1.25544415e+00  4.71850000e-09  0.00000000e+00 
 4.71950000e-09  4.40057542e-01  4.71950000e-09  1.25580355e+00  4.71950000e-09  0.00000000e+00 
 4.72050000e-09  4.43867098e-01  4.72050000e-09  1.25616054e+00  4.72050000e-09  0.00000000e+00 
 4.72150000e-09  4.47685266e-01  4.72150000e-09  1.25651500e+00  4.72150000e-09  0.00000000e+00 
 4.72250000e-09  4.51511778e-01  4.72250000e-09  1.25686681e+00  4.72250000e-09  0.00000000e+00 
 4.72350000e-09  4.55346371e-01  4.72350000e-09  1.25721584e+00  4.72350000e-09  0.00000000e+00 
 4.72450000e-09  4.59188776e-01  4.72450000e-09  1.25756194e+00  4.72450000e-09  0.00000000e+00 
 4.72550000e-09  4.63038727e-01  4.72550000e-09  1.25790495e+00  4.72550000e-09  0.00000000e+00 
 4.72650000e-09  4.66895951e-01  4.72650000e-09  1.25824469e+00  4.72650000e-09  0.00000000e+00 
 4.72750000e-09  4.70760177e-01  4.72750000e-09  1.25858096e+00  4.72750000e-09  0.00000000e+00 
 4.72850000e-09  4.74631127e-01  4.72850000e-09  1.25891358e+00  4.72850000e-09  0.00000000e+00 
 4.72950000e-09  4.78508527e-01  4.72950000e-09  1.25924232e+00  4.72950000e-09  0.00000000e+00 
 4.73050000e-09  4.82392094e-01  4.73050000e-09  1.25956694e+00  4.73050000e-09  0.00000000e+00 
 4.73150000e-09  4.86281550e-01  4.73150000e-09  1.25988720e+00  4.73150000e-09  0.00000000e+00 
 4.73250000e-09  4.90176611e-01  4.73250000e-09  1.26020283e+00  4.73250000e-09  0.00000000e+00 
 4.73350000e-09  4.94076996e-01  4.73350000e-09  1.26051357e+00  4.73350000e-09  0.00000000e+00 
 4.73450000e-09  4.97982423e-01  4.73450000e-09  1.26081912e+00  4.73450000e-09  0.00000000e+00 
 4.73550000e-09  5.01892614e-01  4.73550000e-09  1.26111918e+00  4.73550000e-09  0.00000000e+00 
 4.73650000e-09  5.05807292e-01  4.73650000e-09  1.26141346e+00  4.73650000e-09  0.00000000e+00 
 4.73750000e-09  5.09726208e-01  4.73750000e-09  1.26170217e+00  4.73750000e-09  0.00000000e+00 
 4.73850000e-09  5.13649097e-01  4.73850000e-09  1.26198445e+00  4.73850000e-09  0.00000000e+00 
 4.73950000e-09  5.17575491e-01  4.73950000e-09  1.26225947e+00  4.73950000e-09  0.00000000e+00 
 4.74050000e-09  5.21505214e-01  4.74050000e-09  1.26252740e+00  4.74050000e-09  0.00000000e+00 
 4.74150000e-09  5.25438132e-01  4.74150000e-09  1.26278791e+00  4.74150000e-09  0.00000000e+00 
 4.74250000e-09  5.29373981e-01  4.74250000e-09  1.26304072e+00  4.74250000e-09  0.00000000e+00 
 4.74350000e-09  5.33312618e-01  4.74350000e-09  1.26328549e+00  4.74350000e-09  0.00000000e+00 
 4.74450000e-09  5.37253846e-01  4.74450000e-09  1.26352193e+00  4.74450000e-09  0.00000000e+00 
 4.74550000e-09  5.41197543e-01  4.74550000e-09  1.26374975e+00  4.74550000e-09  0.00000000e+00 
 4.74650000e-09  5.45143571e-01  4.74650000e-09  1.26396868e+00  4.74650000e-09  0.00000000e+00 
 4.74750000e-09  5.49091849e-01  4.74750000e-09  1.26417844e+00  4.74750000e-09  0.00000000e+00 
 4.74850000e-09  5.53042302e-01  4.74850000e-09  1.26437881e+00  4.74850000e-09  0.00000000e+00 
 4.74950000e-09  5.56994901e-01  4.74950000e-09  1.26456955e+00  4.74950000e-09  0.00000000e+00 
 4.75050000e-09  5.60949638e-01  4.75050000e-09  1.26475045e+00  4.75050000e-09  0.00000000e+00 
 4.75150000e-09  5.64906546e-01  4.75150000e-09  1.26492134e+00  4.75150000e-09  0.00000000e+00 
 4.75250000e-09  5.68865687e-01  4.75250000e-09  1.26508204e+00  4.75250000e-09  0.00000000e+00 
 4.75350000e-09  5.72827160e-01  4.75350000e-09  1.26523242e+00  4.75350000e-09  0.00000000e+00 
 4.75450000e-09  5.76791097e-01  4.75450000e-09  1.26537235e+00  4.75450000e-09  0.00000000e+00 
 4.75550000e-09  5.80757668e-01  4.75550000e-09  1.26550173e+00  4.75550000e-09  0.00000000e+00 
 4.75650000e-09  5.84727074e-01  4.75650000e-09  1.26562046e+00  4.75650000e-09  0.00000000e+00 
 4.75750000e-09  5.88699551e-01  4.75750000e-09  1.26572849e+00  4.75750000e-09  0.00000000e+00 
 4.75850000e-09  5.92675368e-01  4.75850000e-09  1.26582576e+00  4.75850000e-09  0.00000000e+00 
 4.75950000e-09  5.96654825e-01  4.75950000e-09  1.26591224e+00  4.75950000e-09  0.00000000e+00 
 4.76050000e-09  6.00638256e-01  4.76050000e-09  1.26598789e+00  4.76050000e-09  0.00000000e+00 
 4.76150000e-09  6.04626020e-01  4.76150000e-09  1.26605271e+00  4.76150000e-09  0.00000000e+00 
 4.76250000e-09  6.08618507e-01  4.76250000e-09  1.26610669e+00  4.76250000e-09  0.00000000e+00 
 4.76350000e-09  6.12616726e-01  4.76350000e-09  1.26614897e+00  4.76350000e-09  0.00000000e+00 
 4.76450000e-09  6.16620759e-01  4.76450000e-09  1.26618029e+00  4.76450000e-09  0.00000000e+00 
 4.76550000e-09  6.20630860e-01  4.76550000e-09  1.26620161e+00  4.76550000e-09  0.00000000e+00 
 4.76650000e-09  6.24647701e-01  4.76650000e-09  1.26621227e+00  4.76650000e-09  0.00000000e+00 
 4.76750000e-09  6.28671603e-01  4.76750000e-09  1.26621218e+00  4.76750000e-09  0.00000000e+00 
 4.76850000e-09  6.32703245e-01  4.76850000e-09  1.26620139e+00  4.76850000e-09  0.00000000e+00 
 4.76950000e-09  6.36743086e-01  4.76950000e-09  1.26617991e+00  4.76950000e-09  0.00000000e+00 
 4.77050000e-09  6.40791756e-01  4.77050000e-09  1.26614777e+00  4.77050000e-09  0.00000000e+00 
 4.77150000e-09  6.44849798e-01  4.77150000e-09  1.26610500e+00  4.77150000e-09  0.00000000e+00 
 4.77250000e-09  6.48917844e-01  4.77250000e-09  1.26605161e+00  4.77250000e-09  0.00000000e+00 
 4.77350000e-09  6.52996489e-01  4.77350000e-09  1.26598763e+00  4.77350000e-09  0.00000000e+00 
 4.77450000e-09  6.57086380e-01  4.77450000e-09  1.26591306e+00  4.77450000e-09  0.00000000e+00 
 4.77550000e-09  6.61188146e-01  4.77550000e-09  1.26582792e+00  4.77550000e-09  0.00000000e+00 
 4.77650000e-09  6.65302448e-01  4.77650000e-09  1.26573222e+00  4.77650000e-09  0.00000000e+00 
 4.77750000e-09  6.69429940e-01  4.77750000e-09  1.26562595e+00  4.77750000e-09  0.00000000e+00 
 4.77850000e-09  6.73571289e-01  4.77850000e-09  1.26550910e+00  4.77850000e-09  0.00000000e+00 
 4.77950000e-09  6.77727160e-01  4.77950000e-09  1.26538166e+00  4.77950000e-09  0.00000000e+00 
 4.78050000e-09  6.81898222e-01  4.78050000e-09  1.26524360e+00  4.78050000e-09  0.00000000e+00 
 4.78150000e-09  6.86085138e-01  4.78150000e-09  1.26509489e+00  4.78150000e-09  0.00000000e+00 
 4.78250000e-09  6.90288567e-01  4.78250000e-09  1.26493548e+00  4.78250000e-09  0.00000000e+00 
 4.78350000e-09  6.94509158e-01  4.78350000e-09  1.26476532e+00  4.78350000e-09  0.00000000e+00 
 4.78450000e-09  6.98747544e-01  4.78450000e-09  1.26458433e+00  4.78450000e-09  0.00000000e+00 
 4.78550000e-09  7.03004345e-01  4.78550000e-09  1.26439244e+00  4.78550000e-09  0.00000000e+00 
 4.78650000e-09  7.07280157e-01  4.78650000e-09  1.26418955e+00  4.78650000e-09  0.00000000e+00 
 4.78750000e-09  7.11575552e-01  4.78750000e-09  1.26397555e+00  4.78750000e-09  0.00000000e+00 
 4.78850000e-09  7.15891068e-01  4.78850000e-09  1.26375030e+00  4.78850000e-09  0.00000000e+00 
 4.78950000e-09  7.20227213e-01  4.78950000e-09  1.26351368e+00  4.78950000e-09  0.00000000e+00 
 4.79050000e-09  7.24584449e-01  4.79050000e-09  1.26326551e+00  4.79050000e-09  0.00000000e+00 
 4.79150000e-09  7.28963199e-01  4.79150000e-09  1.26300562e+00  4.79150000e-09  0.00000000e+00 
 4.79250000e-09  7.33363831e-01  4.79250000e-09  1.26273383e+00  4.79250000e-09  0.00000000e+00 
 4.79350000e-09  7.37786662e-01  4.79350000e-09  1.26244992e+00  4.79350000e-09  0.00000000e+00 
 4.79450000e-09  7.42231945e-01  4.79450000e-09  1.26215368e+00  4.79450000e-09  0.00000000e+00 
 4.79550000e-09  7.46699873e-01  4.79550000e-09  1.26184484e+00  4.79550000e-09  0.00000000e+00 
 4.79650000e-09  7.51190566e-01  4.79650000e-09  1.26152317e+00  4.79650000e-09  0.00000000e+00 
 4.79750000e-09  7.55704073e-01  4.79750000e-09  1.26118840e+00  4.79750000e-09  0.00000000e+00 
 4.79850000e-09  7.60240366e-01  4.79850000e-09  1.26084023e+00  4.79850000e-09  0.00000000e+00 
 4.79950000e-09  7.64799334e-01  4.79950000e-09  1.26047837e+00  4.79950000e-09  0.00000000e+00 
 4.80050000e-09  7.69380784e-01  4.80050000e-09  1.26010251e+00  4.80050000e-09  0.00000000e+00 
 4.80150000e-09  7.73984434e-01  4.80150000e-09  1.25971233e+00  4.80150000e-09  0.00000000e+00 
 4.80250000e-09  7.78609913e-01  4.80250000e-09  1.25930751e+00  4.80250000e-09  0.00000000e+00 
 4.80350000e-09  7.83256759e-01  4.80350000e-09  1.25888770e+00  4.80350000e-09  0.00000000e+00 
 4.80450000e-09  7.87924415e-01  4.80450000e-09  1.25845256e+00  4.80450000e-09  0.00000000e+00 
 4.80550000e-09  7.92612233e-01  4.80550000e-09  1.25800174e+00  4.80550000e-09  0.00000000e+00 
 4.80650000e-09  7.97319464e-01  4.80650000e-09  1.25753488e+00  4.80650000e-09  0.00000000e+00 
 4.80750000e-09  8.02045268e-01  4.80750000e-09  1.25705161e+00  4.80750000e-09  0.00000000e+00 
 4.80850000e-09  8.06788707e-01  4.80850000e-09  1.25655158e+00  4.80850000e-09  0.00000000e+00 
 4.80950000e-09  8.11548747e-01  4.80950000e-09  1.25603440e+00  4.80950000e-09  0.00000000e+00 
 4.81050000e-09  8.16324260e-01  4.81050000e-09  1.25549971e+00  4.81050000e-09  0.00000000e+00 
 4.81150000e-09  8.21114024e-01  4.81150000e-09  1.25494714e+00  4.81150000e-09  0.00000000e+00 
 4.81250000e-09  8.25916723e-01  4.81250000e-09  1.25437633e+00  4.81250000e-09  0.00000000e+00 
 4.81350000e-09  8.30730952e-01  4.81350000e-09  1.25378691e+00  4.81350000e-09  0.00000000e+00 
 4.81450000e-09  8.35555216e-01  4.81450000e-09  1.25317855e+00  4.81450000e-09  0.00000000e+00 
 4.81550000e-09  8.40387937e-01  4.81550000e-09  1.25255090e+00  4.81550000e-09  0.00000000e+00 
 4.81650000e-09  8.45227452e-01  4.81650000e-09  1.25190368e+00  4.81650000e-09  0.00000000e+00 
 4.81750000e-09  8.50072023e-01  4.81750000e-09  1.25123659e+00  4.81750000e-09  0.00000000e+00 
 4.81850000e-09  8.54919836e-01  4.81850000e-09  1.25054942e+00  4.81850000e-09  0.00000000e+00 
 4.81950000e-09  8.59769010e-01  4.81950000e-09  1.24984197e+00  4.81950000e-09  0.00000000e+00 
 4.82050000e-09  8.64617597e-01  4.82050000e-09  1.24911414e+00  4.82050000e-09  0.00000000e+00 
 4.82150000e-09  8.69463593e-01  4.82150000e-09  1.24836586e+00  4.82150000e-09  0.00000000e+00 
 4.82250000e-09  8.74304939e-01  4.82250000e-09  1.24759719e+00  4.82250000e-09  0.00000000e+00 
 4.82350000e-09  8.79139530e-01  4.82350000e-09  1.24680825e+00  4.82350000e-09  0.00000000e+00 
 4.82450000e-09  8.83965218e-01  4.82450000e-09  1.24599929e+00  4.82450000e-09  0.00000000e+00 
 4.82550000e-09  8.88779821e-01  4.82550000e-09  1.24517065e+00  4.82550000e-09  0.00000000e+00 
 4.82650000e-09  8.93581130e-01  4.82650000e-09  1.24432280e+00  4.82650000e-09  0.00000000e+00 
 4.82750000e-09  8.98366917e-01  4.82750000e-09  1.24345633e+00  4.82750000e-09  0.00000000e+00 
 4.82850000e-09  9.03134945e-01  4.82850000e-09  1.24257192e+00  4.82850000e-09  0.00000000e+00 
 4.82950000e-09  9.07882982e-01  4.82950000e-09  1.24167040e+00  4.82950000e-09  0.00000000e+00 
 4.83050000e-09  9.12608808e-01  4.83050000e-09  1.24075265e+00  4.83050000e-09  0.00000000e+00 
 4.83150000e-09  9.17310232e-01  4.83150000e-09  1.23981968e+00  4.83150000e-09  0.00000000e+00 
 4.83250000e-09  9.21985104e-01  4.83250000e-09  1.23887254e+00  4.83250000e-09  0.00000000e+00 
 4.83350000e-09  9.26631325e-01  4.83350000e-09  1.23791236e+00  4.83350000e-09  0.00000000e+00 
 4.83450000e-09  9.31246863e-01  4.83450000e-09  1.23694029e+00  4.83450000e-09  0.00000000e+00 
 4.83550000e-09  9.35829757e-01  4.83550000e-09  1.23595753e+00  4.83550000e-09  0.00000000e+00 
 4.83650000e-09  9.40378131e-01  4.83650000e-09  1.23496528e+00  4.83650000e-09  0.00000000e+00 
 4.83750000e-09  9.44890198e-01  4.83750000e-09  1.23396473e+00  4.83750000e-09  0.00000000e+00 
 4.83850000e-09  9.49364264e-01  4.83850000e-09  1.23295708e+00  4.83850000e-09  0.00000000e+00 
 4.83950000e-09  9.53798733e-01  4.83950000e-09  1.23194352e+00  4.83950000e-09  0.00000000e+00 
 4.84050000e-09  9.58192108e-01  4.84050000e-09  1.23092518e+00  4.84050000e-09  0.00000000e+00 
 4.84150000e-09  9.62542991e-01  4.84150000e-09  1.22990319e+00  4.84150000e-09  0.00000000e+00 
 4.84250000e-09  9.66850083e-01  4.84250000e-09  1.22887865e+00  4.84250000e-09  0.00000000e+00 
 4.84350000e-09  9.71112182e-01  4.84350000e-09  1.22785259e+00  4.84350000e-09  0.00000000e+00 
 4.84450000e-09  9.75328183e-01  4.84450000e-09  1.22682604e+00  4.84450000e-09  0.00000000e+00 
 4.84550000e-09  9.79497073e-01  4.84550000e-09  1.22579998e+00  4.84550000e-09  0.00000000e+00 
 4.84650000e-09  9.83617927e-01  4.84650000e-09  1.22477534e+00  4.84650000e-09  0.00000000e+00 
 4.84750000e-09  9.87689912e-01  4.84750000e-09  1.22375302e+00  4.84750000e-09  0.00000000e+00 
 4.84850000e-09  9.91712275e-01  4.84850000e-09  1.22273387e+00  4.84850000e-09  0.00000000e+00 
 4.84950000e-09  9.95684344e-01  4.84950000e-09  1.22171872e+00  4.84950000e-09  0.00000000e+00 
 4.85050000e-09  9.99605528e-01  4.85050000e-09  1.22070834e+00  4.85050000e-09  0.00000000e+00 
 4.85150000e-09  1.00347531e+00  4.85150000e-09  1.21970349e+00  4.85150000e-09  0.00000000e+00 
 4.85250000e-09  1.00729323e+00  4.85250000e-09  1.21870486e+00  4.85250000e-09  0.00000000e+00 
 4.85350000e-09  1.01105892e+00  4.85350000e-09  1.21771314e+00  4.85350000e-09  0.00000000e+00 
 4.85450000e-09  1.01477206e+00  4.85450000e-09  1.21672895e+00  4.85450000e-09  0.00000000e+00 
 4.85550000e-09  1.01843329e+00  4.85550000e-09  1.21575350e+00  4.85550000e-09  0.00000000e+00 
 4.85650000e-09  1.02204152e+00  4.85650000e-09  1.21478689e+00  4.85650000e-09  0.00000000e+00 
 4.85750000e-09  1.02559614e+00  4.85750000e-09  1.21382906e+00  4.85750000e-09  0.00000000e+00 
 4.85850000e-09  1.02909754e+00  4.85850000e-09  1.21288090e+00  4.85850000e-09  0.00000000e+00 
 4.85950000e-09  1.03254556e+00  4.85950000e-09  1.21194282e+00  4.85950000e-09  0.00000000e+00 
 4.86050000e-09  1.03594034e+00  4.86050000e-09  1.21101535e+00  4.86050000e-09  0.00000000e+00 
 4.86150000e-09  1.03928186e+00  4.86150000e-09  1.21009889e+00  4.86150000e-09  0.00000000e+00 
 4.86250000e-09  1.04257028e+00  4.86250000e-09  1.20919383e+00  4.86250000e-09  0.00000000e+00 
 4.86350000e-09  1.04580568e+00  4.86350000e-09  1.20830054e+00  4.86350000e-09  0.00000000e+00 
 4.86450000e-09  1.04898829e+00  4.86450000e-09  1.20741936e+00  4.86450000e-09  0.00000000e+00 
 4.86550000e-09  1.05211828e+00  4.86550000e-09  1.20655059e+00  4.86550000e-09  0.00000000e+00 
 4.86650000e-09  1.05519593e+00  4.86650000e-09  1.20569452e+00  4.86650000e-09  0.00000000e+00 
 4.86750000e-09  1.05822150e+00  4.86750000e-09  1.20485140e+00  4.86750000e-09  0.00000000e+00 
 4.86850000e-09  1.06119530e+00  4.86850000e-09  1.20402147e+00  4.86850000e-09  0.00000000e+00 
 4.86950000e-09  1.06411766e+00  4.86950000e-09  1.20320495e+00  4.86950000e-09  0.00000000e+00 
 4.87050000e-09  1.06698896e+00  4.87050000e-09  1.20240202e+00  4.87050000e-09  0.00000000e+00 
 4.87150000e-09  1.06980956e+00  4.87150000e-09  1.20161285e+00  4.87150000e-09  0.00000000e+00 
 4.87250000e-09  1.07257989e+00  4.87250000e-09  1.20083759e+00  4.87250000e-09  0.00000000e+00 
 4.87350000e-09  1.07530036e+00  4.87350000e-09  1.20007637e+00  4.87350000e-09  0.00000000e+00 
 4.87450000e-09  1.07797142e+00  4.87450000e-09  1.19932930e+00  4.87450000e-09  0.00000000e+00 
 4.87550000e-09  1.08059354e+00  4.87550000e-09  1.19859646e+00  4.87550000e-09  0.00000000e+00 
 4.87650000e-09  1.08316720e+00  4.87650000e-09  1.19787793e+00  4.87650000e-09  0.00000000e+00 
 4.87750000e-09  1.08569290e+00  4.87750000e-09  1.19717377e+00  4.87750000e-09  0.00000000e+00 
 4.87850000e-09  1.08817114e+00  4.87850000e-09  1.19648402e+00  4.87850000e-09  0.00000000e+00 
 4.87950000e-09  1.09060245e+00  4.87950000e-09  1.19580870e+00  4.87950000e-09  0.00000000e+00 
 4.88050000e-09  1.09298737e+00  4.88050000e-09  1.19514783e+00  4.88050000e-09  0.00000000e+00 
 4.88150000e-09  1.09532642e+00  4.88150000e-09  1.19450139e+00  4.88150000e-09  0.00000000e+00 
 4.88250000e-09  1.09762018e+00  4.88250000e-09  1.19386938e+00  4.88250000e-09  0.00000000e+00 
 4.88350000e-09  1.09986921e+00  4.88350000e-09  1.19325177e+00  4.88350000e-09  0.00000000e+00 
 4.88450000e-09  1.10207406e+00  4.88450000e-09  1.19264851e+00  4.88450000e-09  0.00000000e+00 
 4.88550000e-09  1.10423532e+00  4.88550000e-09  1.19205955e+00  4.88550000e-09  0.00000000e+00 
 4.88650000e-09  1.10635357e+00  4.88650000e-09  1.19148483e+00  4.88650000e-09  0.00000000e+00 
 4.88750000e-09  1.10842938e+00  4.88750000e-09  1.19092427e+00  4.88750000e-09  0.00000000e+00 
 4.88850000e-09  1.11046337e+00  4.88850000e-09  1.19037780e+00  4.88850000e-09  0.00000000e+00 
 4.88950000e-09  1.11245610e+00  4.88950000e-09  1.18984532e+00  4.88950000e-09  0.00000000e+00 
 4.89050000e-09  1.11440819e+00  4.89050000e-09  1.18932672e+00  4.89050000e-09  0.00000000e+00 
 4.89150000e-09  1.11632022e+00  4.89150000e-09  1.18882190e+00  4.89150000e-09  0.00000000e+00 
 4.89250000e-09  1.11819280e+00  4.89250000e-09  1.18833075e+00  4.89250000e-09  0.00000000e+00 
 4.89350000e-09  1.12002652e+00  4.89350000e-09  1.18785314e+00  4.89350000e-09  0.00000000e+00 
 4.89450000e-09  1.12182199e+00  4.89450000e-09  1.18738894e+00  4.89450000e-09  0.00000000e+00 
 4.89550000e-09  1.12357979e+00  4.89550000e-09  1.18693801e+00  4.89550000e-09  0.00000000e+00 
 4.89650000e-09  1.12530053e+00  4.89650000e-09  1.18650022e+00  4.89650000e-09  0.00000000e+00 
 4.89750000e-09  1.12698480e+00  4.89750000e-09  1.18607541e+00  4.89750000e-09  0.00000000e+00 
 4.89850000e-09  1.12863319e+00  4.89850000e-09  1.18566344e+00  4.89850000e-09  0.00000000e+00 
 4.89950000e-09  1.13024631e+00  4.89950000e-09  1.18526415e+00  4.89950000e-09  0.00000000e+00 
 4.90050000e-09  1.13182472e+00  4.90050000e-09  1.18487738e+00  4.90050000e-09  0.00000000e+00 
 4.90150000e-09  1.13336903e+00  4.90150000e-09  1.18450296e+00  4.90150000e-09  0.00000000e+00 
 4.90250000e-09  1.13487981e+00  4.90250000e-09  1.18414073e+00  4.90250000e-09  0.00000000e+00 
 4.90350000e-09  1.13635764e+00  4.90350000e-09  1.18379052e+00  4.90350000e-09  0.00000000e+00 
 4.90450000e-09  1.13780309e+00  4.90450000e-09  1.18345215e+00  4.90450000e-09  0.00000000e+00 
 4.90550000e-09  1.13921673e+00  4.90550000e-09  1.18312546e+00  4.90550000e-09  0.00000000e+00 
 4.90650000e-09  1.14059914e+00  4.90650000e-09  1.18281025e+00  4.90650000e-09  0.00000000e+00 
 4.90750000e-09  1.14195086e+00  4.90750000e-09  1.18250636e+00  4.90750000e-09  0.00000000e+00 
 4.90850000e-09  1.14327245e+00  4.90850000e-09  1.18221360e+00  4.90850000e-09  0.00000000e+00 
 4.90950000e-09  1.14456447e+00  4.90950000e-09  1.18193180e+00  4.90950000e-09  0.00000000e+00 
 4.91050000e-09  1.14582745e+00  4.91050000e-09  1.18166076e+00  4.91050000e-09  0.00000000e+00 
 4.91150000e-09  1.14706194e+00  4.91150000e-09  1.18140030e+00  4.91150000e-09  0.00000000e+00 
 4.91250000e-09  1.14826847e+00  4.91250000e-09  1.18115024e+00  4.91250000e-09  0.00000000e+00 
 4.91350000e-09  1.14944757e+00  4.91350000e-09  1.18091040e+00  4.91350000e-09  0.00000000e+00 
 4.91450000e-09  1.15059975e+00  4.91450000e-09  1.18068058e+00  4.91450000e-09  0.00000000e+00 
 4.91550000e-09  1.15172553e+00  4.91550000e-09  1.18046061e+00  4.91550000e-09  0.00000000e+00 
 4.91650000e-09  1.15282542e+00  4.91650000e-09  1.18025029e+00  4.91650000e-09  0.00000000e+00 
 4.91750000e-09  1.15389992e+00  4.91750000e-09  1.18004945e+00  4.91750000e-09  0.00000000e+00 
 4.91850000e-09  1.15494954e+00  4.91850000e-09  1.17985789e+00  4.91850000e-09  0.00000000e+00 
 4.91950000e-09  1.15597474e+00  4.91950000e-09  1.17967544e+00  4.91950000e-09  0.00000000e+00 
 4.92050000e-09  1.15697603e+00  4.92050000e-09  1.17950192e+00  4.92050000e-09  0.00000000e+00 
 4.92150000e-09  1.15795388e+00  4.92150000e-09  1.17933713e+00  4.92150000e-09  0.00000000e+00 
 4.92250000e-09  1.15890874e+00  4.92250000e-09  1.17918090e+00  4.92250000e-09  0.00000000e+00 
 4.92350000e-09  1.15984110e+00  4.92350000e-09  1.17903305e+00  4.92350000e-09  0.00000000e+00 
 4.92450000e-09  1.16075140e+00  4.92450000e-09  1.17889340e+00  4.92450000e-09  0.00000000e+00 
 4.92550000e-09  1.16164010e+00  4.92550000e-09  1.17876177e+00  4.92550000e-09  0.00000000e+00 
 4.92650000e-09  1.16250763e+00  4.92650000e-09  1.17863798e+00  4.92650000e-09  0.00000000e+00 
 4.92750000e-09  1.16335443e+00  4.92750000e-09  1.17852187e+00  4.92750000e-09  0.00000000e+00 
 4.92850000e-09  1.16418093e+00  4.92850000e-09  1.17841326e+00  4.92850000e-09  0.00000000e+00 
 4.92950000e-09  1.16498756e+00  4.92950000e-09  1.17831197e+00  4.92950000e-09  0.00000000e+00 
 4.93050000e-09  1.16577473e+00  4.93050000e-09  1.17821784e+00  4.93050000e-09  0.00000000e+00 
 4.93150000e-09  1.16654285e+00  4.93150000e-09  1.17813070e+00  4.93150000e-09  0.00000000e+00 
 4.93250000e-09  1.16729231e+00  4.93250000e-09  1.17805039e+00  4.93250000e-09  0.00000000e+00 
 4.93350000e-09  1.16802353e+00  4.93350000e-09  1.17797673e+00  4.93350000e-09  0.00000000e+00 
 4.93450000e-09  1.16873688e+00  4.93450000e-09  1.17790957e+00  4.93450000e-09  0.00000000e+00 
 4.93550000e-09  1.16943275e+00  4.93550000e-09  1.17784876e+00  4.93550000e-09  0.00000000e+00 
 4.93650000e-09  1.17011152e+00  4.93650000e-09  1.17779412e+00  4.93650000e-09  0.00000000e+00 
 4.93750000e-09  1.17077355e+00  4.93750000e-09  1.17774550e+00  4.93750000e-09  0.00000000e+00 
 4.93850000e-09  1.17141921e+00  4.93850000e-09  1.17770276e+00  4.93850000e-09  0.00000000e+00 
 4.93950000e-09  1.17204885e+00  4.93950000e-09  1.17766573e+00  4.93950000e-09  0.00000000e+00 
 4.94050000e-09  1.17266284e+00  4.94050000e-09  1.17763428e+00  4.94050000e-09  0.00000000e+00 
 4.94150000e-09  1.17326150e+00  4.94150000e-09  1.17760824e+00  4.94150000e-09  0.00000000e+00 
 4.94250000e-09  1.17384518e+00  4.94250000e-09  1.17758749e+00  4.94250000e-09  0.00000000e+00 
 4.94350000e-09  1.17441422e+00  4.94350000e-09  1.17757186e+00  4.94350000e-09  0.00000000e+00 
 4.94450000e-09  1.17496893e+00  4.94450000e-09  1.17756123e+00  4.94450000e-09  0.00000000e+00 
 4.94550000e-09  1.17550964e+00  4.94550000e-09  1.17755546e+00  4.94550000e-09  0.00000000e+00 
 4.94650000e-09  1.17603666e+00  4.94650000e-09  1.17755441e+00  4.94650000e-09  0.00000000e+00 
 4.94750000e-09  1.17655030e+00  4.94750000e-09  1.17755794e+00  4.94750000e-09  0.00000000e+00 
 4.94850000e-09  1.17705087e+00  4.94850000e-09  1.17756592e+00  4.94850000e-09  0.00000000e+00 
 4.94950000e-09  1.17753866e+00  4.94950000e-09  1.17757823e+00  4.94950000e-09  0.00000000e+00 
 4.95050000e-09  1.17801395e+00  4.95050000e-09  1.17759473e+00  4.95050000e-09  0.00000000e+00 
 4.95150000e-09  1.17847705e+00  4.95150000e-09  1.17761531e+00  4.95150000e-09  0.00000000e+00 
 4.95250000e-09  1.17892822e+00  4.95250000e-09  1.17763984e+00  4.95250000e-09  0.00000000e+00 
 4.95350000e-09  1.17936774e+00  4.95350000e-09  1.17766819e+00  4.95350000e-09  0.00000000e+00 
 4.95450000e-09  1.17979588e+00  4.95450000e-09  1.17770026e+00  4.95450000e-09  0.00000000e+00 
 4.95550000e-09  1.18021291e+00  4.95550000e-09  1.17773592e+00  4.95550000e-09  0.00000000e+00 
 4.95650000e-09  1.18061908e+00  4.95650000e-09  1.17777507e+00  4.95650000e-09  0.00000000e+00 
 4.95750000e-09  1.18101464e+00  4.95750000e-09  1.17781758e+00  4.95750000e-09  0.00000000e+00 
 4.95850000e-09  1.18139986e+00  4.95850000e-09  1.17786336e+00  4.95850000e-09  0.00000000e+00 
 4.95950000e-09  1.18177496e+00  4.95950000e-09  1.17791228e+00  4.95950000e-09  0.00000000e+00 
 4.96050000e-09  1.18214019e+00  4.96050000e-09  1.17796426e+00  4.96050000e-09  0.00000000e+00 
 4.96150000e-09  1.18249578e+00  4.96150000e-09  1.17801918e+00  4.96150000e-09  0.00000000e+00 
 4.96250000e-09  1.18284196e+00  4.96250000e-09  1.17807694e+00  4.96250000e-09  0.00000000e+00 
 4.96350000e-09  1.18317896e+00  4.96350000e-09  1.17813745e+00  4.96350000e-09  0.00000000e+00 
 4.96450000e-09  1.18350700e+00  4.96450000e-09  1.17820060e+00  4.96450000e-09  0.00000000e+00 
 4.96550000e-09  1.18382628e+00  4.96550000e-09  1.17826631e+00  4.96550000e-09  0.00000000e+00 
 4.96650000e-09  1.18413702e+00  4.96650000e-09  1.17833448e+00  4.96650000e-09  0.00000000e+00 
 4.96750000e-09  1.18443944e+00  4.96750000e-09  1.17840502e+00  4.96750000e-09  0.00000000e+00 
 4.96850000e-09  1.18473372e+00  4.96850000e-09  1.17847784e+00  4.96850000e-09  0.00000000e+00 
 4.96950000e-09  1.18502007e+00  4.96950000e-09  1.17855285e+00  4.96950000e-09  0.00000000e+00 
 4.97050000e-09  1.18529868e+00  4.97050000e-09  1.17862998e+00  4.97050000e-09  0.00000000e+00 
 4.97150000e-09  1.18556974e+00  4.97150000e-09  1.17870912e+00  4.97150000e-09  0.00000000e+00 
 4.97250000e-09  1.18583344e+00  4.97250000e-09  1.17879022e+00  4.97250000e-09  0.00000000e+00 
 4.97350000e-09  1.18608995e+00  4.97350000e-09  1.17887318e+00  4.97350000e-09  0.00000000e+00 
 4.97450000e-09  1.18633946e+00  4.97450000e-09  1.17895792e+00  4.97450000e-09  0.00000000e+00 
 4.97550000e-09  1.18658214e+00  4.97550000e-09  1.17904438e+00  4.97550000e-09  0.00000000e+00 
 4.97650000e-09  1.18681816e+00  4.97650000e-09  1.17913248e+00  4.97650000e-09  0.00000000e+00 
 4.97750000e-09  1.18704768e+00  4.97750000e-09  1.17922214e+00  4.97750000e-09  0.00000000e+00 
 4.97850000e-09  1.18727087e+00  4.97850000e-09  1.17931330e+00  4.97850000e-09  0.00000000e+00 
 4.97950000e-09  1.18748789e+00  4.97950000e-09  1.17940588e+00  4.97950000e-09  0.00000000e+00 
 4.98050000e-09  1.18769889e+00  4.98050000e-09  1.17949982e+00  4.98050000e-09  0.00000000e+00 
 4.98150000e-09  1.18790403e+00  4.98150000e-09  1.17959506e+00  4.98150000e-09  0.00000000e+00 
 4.98250000e-09  1.18810345e+00  4.98250000e-09  1.17969152e+00  4.98250000e-09  0.00000000e+00 
 4.98350000e-09  1.18829730e+00  4.98350000e-09  1.17978916e+00  4.98350000e-09  0.00000000e+00 
 4.98450000e-09  1.18848572e+00  4.98450000e-09  1.17988789e+00  4.98450000e-09  0.00000000e+00 
 4.98550000e-09  1.18866885e+00  4.98550000e-09  1.17998768e+00  4.98550000e-09  0.00000000e+00 
 4.98650000e-09  1.18884683e+00  4.98650000e-09  1.18008845e+00  4.98650000e-09  0.00000000e+00 
 4.98750000e-09  1.18901979e+00  4.98750000e-09  1.18019016e+00  4.98750000e-09  0.00000000e+00 
 4.98850000e-09  1.18918786e+00  4.98850000e-09  1.18029274e+00  4.98850000e-09  0.00000000e+00 
 4.98950000e-09  1.18935117e+00  4.98950000e-09  1.18039615e+00  4.98950000e-09  0.00000000e+00 
 4.99050000e-09  1.18950984e+00  4.99050000e-09  1.18050033e+00  4.99050000e-09  0.00000000e+00 
 4.99150000e-09  1.18966399e+00  4.99150000e-09  1.18060524e+00  4.99150000e-09  0.00000000e+00 
 4.99250000e-09  1.18981374e+00  4.99250000e-09  1.18071081e+00  4.99250000e-09  0.00000000e+00 
 4.99350000e-09  1.18995921e+00  4.99350000e-09  1.18081701e+00  4.99350000e-09  0.00000000e+00 
 4.99450000e-09  1.19010051e+00  4.99450000e-09  1.18092379e+00  4.99450000e-09  0.00000000e+00 
 4.99550000e-09  1.19023774e+00  4.99550000e-09  1.18103110e+00  4.99550000e-09  0.00000000e+00 
 4.99650000e-09  1.19037103e+00  4.99650000e-09  1.18113889e+00  4.99650000e-09  0.00000000e+00 
 4.99750000e-09  1.19050047e+00  4.99750000e-09  1.18124713e+00  4.99750000e-09  0.00000000e+00 
 4.99850000e-09  1.19062616e+00  4.99850000e-09  1.18135578e+00  4.99850000e-09  0.00000000e+00 
 4.99925000e-09  1.19071803e+00  4.99925000e-09  1.18143749e+00  4.99925000e-09  0.00000000e+00 
 5.00000000e-09  1.19080787e+00  5.00000000e-09  1.18151939e+00  5.00000000e-09  0.00000000e+00 
