 0.000000e+00  1.200000e+00  0.000000e+00  1.200000e+00  0.000000e+00  0.000000e+00 
 1.000000e-14  1.200022e+00  1.000000e-14  1.200022e+00  1.000000e-14  2.400000e-04 
 2.000000e-14  1.200044e+00  2.000000e-14  1.200044e+00  2.000000e-14  4.800000e-04 
 4.000000e-14  1.200088e+00  4.000000e-14  1.200088e+00  4.000000e-14  9.600000e-04 
 8.000000e-14  1.200177e+00  8.000000e-14  1.200177e+00  8.000000e-14  1.920000e-03 
 1.600000e-13  1.200353e+00  1.600000e-13  1.200353e+00  1.600000e-13  3.840000e-03 
 3.200000e-13  1.200705e+00  3.200000e-13  1.200705e+00  3.200000e-13  7.680000e-03 
 6.400000e-13  1.201404e+00  6.400000e-13  1.201404e+00  6.400000e-13  1.536000e-02 
 1.280000e-12  1.202787e+00  1.280000e-12  1.202787e+00  1.280000e-12  3.072000e-02 
 2.280000e-12  1.204905e+00  2.280000e-12  1.204905e+00  2.280000e-12  5.472000e-02 
 3.280000e-12  1.206977e+00  3.280000e-12  1.206977e+00  3.280000e-12  7.872000e-02 
 4.280000e-12  1.209006e+00  4.280000e-12  1.209006e+00  4.280000e-12  1.027200e-01 
 5.280000e-12  1.210996e+00  5.280000e-12  1.210996e+00  5.280000e-12  1.267200e-01 
 6.280000e-12  1.212952e+00  6.280000e-12  1.212952e+00  6.280000e-12  1.507200e-01 
 7.280000e-12  1.214877e+00  7.280000e-12  1.214877e+00  7.280000e-12  1.747200e-01 
 8.280000e-12  1.216774e+00  8.280000e-12  1.216774e+00  8.280000e-12  1.987200e-01 
 9.280000e-12  1.218647e+00  9.280000e-12  1.218647e+00  9.280000e-12  2.227200e-01 
 1.028000e-11  1.220499e+00  1.028000e-11  1.220499e+00  1.028000e-11  2.467200e-01 
 1.128000e-11  1.222334e+00  1.128000e-11  1.222334e+00  1.128000e-11  2.707200e-01 
 1.228000e-11  1.224156e+00  1.228000e-11  1.224156e+00  1.228000e-11  2.947200e-01 
 1.328000e-11  1.225966e+00  1.328000e-11  1.225966e+00  1.328000e-11  3.187200e-01 
 1.428000e-11  1.227768e+00  1.428000e-11  1.227768e+00  1.428000e-11  3.427200e-01 
 1.528000e-11  1.229566e+00  1.528000e-11  1.229566e+00  1.528000e-11  3.667200e-01 
 1.628000e-11  1.231362e+00  1.628000e-11  1.231362e+00  1.628000e-11  3.907200e-01 
 1.728000e-11  1.233160e+00  1.728000e-11  1.233160e+00  1.728000e-11  4.147200e-01 
 1.828000e-11  1.234962e+00  1.828000e-11  1.234962e+00  1.828000e-11  4.387200e-01 
 1.928000e-11  1.236773e+00  1.928000e-11  1.236773e+00  1.928000e-11  4.627200e-01 
 2.028000e-11  1.238594e+00  2.028000e-11  1.238594e+00  2.028000e-11  4.867200e-01 
 2.128000e-11  1.240430e+00  2.128000e-11  1.240430e+00  2.128000e-11  5.107200e-01 
 2.228000e-11  1.242285e+00  2.228000e-11  1.242284e+00  2.228000e-11  5.347200e-01 
 2.328000e-11  1.244162e+00  2.328000e-11  1.244159e+00  2.328000e-11  5.587200e-01 
 2.428000e-11  1.246065e+00  2.428000e-11  1.246057e+00  2.428000e-11  5.827200e-01 
 2.528000e-11  1.247999e+00  2.528000e-11  1.247984e+00  2.528000e-11  6.067200e-01 
 2.628000e-11  1.249969e+00  2.628000e-11  1.249945e+00  2.628000e-11  6.307200e-01 
 2.728000e-11  1.251981e+00  2.728000e-11  1.251944e+00  2.728000e-11  6.547200e-01 
 2.828000e-11  1.254043e+00  2.828000e-11  1.253989e+00  2.828000e-11  6.787200e-01 
 2.928000e-11  1.256162e+00  2.928000e-11  1.256086e+00  2.928000e-11  7.027200e-01 
 3.028000e-11  1.258349e+00  3.028000e-11  1.258246e+00  3.028000e-11  7.267200e-01 
 3.128000e-11  1.260620e+00  3.128000e-11  1.260482e+00  3.128000e-11  7.507200e-01 
 3.228000e-11  1.262994e+00  3.228000e-11  1.262815e+00  3.228000e-11  7.747200e-01 
 3.328000e-11  1.265501e+00  3.328000e-11  1.265275e+00  3.328000e-11  7.987200e-01 
 3.428000e-11  1.268130e+00  3.428000e-11  1.267849e+00  3.428000e-11  8.227200e-01 
 3.528000e-11  1.270808e+00  3.528000e-11  1.270465e+00  3.528000e-11  8.467200e-01 
 3.628000e-11  1.273480e+00  3.628000e-11  1.273066e+00  3.628000e-11  8.707200e-01 
 3.728000e-11  1.276124e+00  3.728000e-11  1.275630e+00  3.728000e-11  8.947200e-01 
 3.828000e-11  1.278642e+00  3.828000e-11  1.278057e+00  3.828000e-11  9.187200e-01 
 3.928000e-11  1.280937e+00  3.928000e-11  1.280253e+00  3.928000e-11  9.427200e-01 
 4.028000e-11  1.282995e+00  4.028000e-11  1.282203e+00  4.028000e-11  9.667200e-01 
 4.128000e-11  1.284801e+00  4.128000e-11  1.283894e+00  4.128000e-11  9.907200e-01 
 4.228000e-11  1.286339e+00  4.228000e-11  1.285312e+00  4.228000e-11  1.014720e+00 
 4.328000e-11  1.287595e+00  4.328000e-11  1.286443e+00  4.328000e-11  1.038720e+00 
 4.428000e-11  1.288552e+00  4.428000e-11  1.287274e+00  4.428000e-11  1.062720e+00 
 4.528000e-11  1.289197e+00  4.528000e-11  1.287792e+00  4.528000e-11  1.086720e+00 
 4.628000e-11  1.289512e+00  4.628000e-11  1.287982e+00  4.628000e-11  1.110720e+00 
 4.728000e-11  1.289482e+00  4.728000e-11  1.287832e+00  4.728000e-11  1.134720e+00 
 4.828000e-11  1.289091e+00  4.828000e-11  1.287329e+00  4.828000e-11  1.158720e+00 
 4.928000e-11  1.288323e+00  4.928000e-11  1.286460e+00  4.928000e-11  1.182720e+00 
 5.000000e-11  1.287526e+00  5.000000e-11  1.285600e+00  5.000000e-11  1.200000e+00 
 5.010000e-11  1.287365e+00  5.010000e-11  1.285433e+00  5.010000e-11  1.200000e+00 
 5.030000e-11  1.287038e+00  5.030000e-11  1.285094e+00  5.030000e-11  1.200000e+00 
 5.070000e-11  1.286355e+00  5.070000e-11  1.284389e+00  5.070000e-11  1.200000e+00 
 5.150000e-11  1.284872e+00  5.150000e-11  1.282870e+00  5.150000e-11  1.200000e+00 
 5.250000e-11  1.282802e+00  5.250000e-11  1.280774e+00  5.250000e-11  1.200000e+00 
 5.350000e-11  1.280496e+00  5.350000e-11  1.278471e+00  5.350000e-11  1.200000e+00 
 5.450000e-11  1.277958e+00  5.450000e-11  1.275973e+00  5.450000e-11  1.200000e+00 
 5.550000e-11  1.275194e+00  5.550000e-11  1.273293e+00  5.550000e-11  1.200000e+00 
 5.650000e-11  1.272210e+00  5.650000e-11  1.270442e+00  5.650000e-11  1.200000e+00 
 5.750000e-11  1.269010e+00  5.750000e-11  1.267432e+00  5.750000e-11  1.200000e+00 
 5.850000e-11  1.265598e+00  5.850000e-11  1.264272e+00  5.850000e-11  1.200000e+00 
 5.950000e-11  1.261980e+00  5.950000e-11  1.260971e+00  5.950000e-11  1.200000e+00 
 6.050000e-11  1.258162e+00  6.050000e-11  1.257540e+00  6.050000e-11  1.200000e+00 
 6.150000e-11  1.254152e+00  6.150000e-11  1.253989e+00  6.150000e-11  1.200000e+00 
 6.250000e-11  1.249958e+00  6.250000e-11  1.250325e+00  6.250000e-11  1.200000e+00 
 6.350000e-11  1.245585e+00  6.350000e-11  1.246553e+00  6.350000e-11  1.200000e+00 
 6.450000e-11  1.241040e+00  6.450000e-11  1.242678e+00  6.450000e-11  1.200000e+00 
 6.550000e-11  1.236329e+00  6.550000e-11  1.238709e+00  6.550000e-11  1.200000e+00 
 6.650000e-11  1.231459e+00  6.650000e-11  1.234652e+00  6.650000e-11  1.200000e+00 
 6.750000e-11  1.226437e+00  6.750000e-11  1.230511e+00  6.750000e-11  1.200000e+00 
 6.850000e-11  1.221269e+00  6.850000e-11  1.226293e+00  6.850000e-11  1.200000e+00 
 6.950000e-11  1.215963e+00  6.950000e-11  1.222001e+00  6.950000e-11  1.200000e+00 
 7.050000e-11  1.210524e+00  7.050000e-11  1.217642e+00  7.050000e-11  1.200000e+00 
 7.150000e-11  1.204961e+00  7.150000e-11  1.213218e+00  7.150000e-11  1.200000e+00 
 7.250000e-11  1.199279e+00  7.250000e-11  1.208736e+00  7.250000e-11  1.200000e+00 
 7.350000e-11  1.193486e+00  7.350000e-11  1.204199e+00  7.350000e-11  1.200000e+00 
 7.450000e-11  1.187586e+00  7.450000e-11  1.199597e+00  7.450000e-11  1.200000e+00 
 7.550000e-11  1.181575e+00  7.550000e-11  1.194924e+00  7.550000e-11  1.200000e+00 
 7.650000e-11  1.175448e+00  7.650000e-11  1.190186e+00  7.650000e-11  1.200000e+00 
 7.750000e-11  1.169212e+00  7.750000e-11  1.185387e+00  7.750000e-11  1.200000e+00 
 7.850000e-11  1.162869e+00  7.850000e-11  1.180529e+00  7.850000e-11  1.200000e+00 
 7.950000e-11  1.156425e+00  7.950000e-11  1.175615e+00  7.950000e-11  1.200000e+00 
 8.050000e-11  1.149883e+00  8.050000e-11  1.170649e+00  8.050000e-11  1.200000e+00 
 8.150000e-11  1.143248e+00  8.150000e-11  1.165632e+00  8.150000e-11  1.200000e+00 
 8.250000e-11  1.136522e+00  8.250000e-11  1.160567e+00  8.250000e-11  1.200000e+00 
 8.350000e-11  1.129710e+00  8.350000e-11  1.155456e+00  8.350000e-11  1.200000e+00 
 8.450000e-11  1.122819e+00  8.450000e-11  1.150302e+00  8.450000e-11  1.200000e+00 
 8.550000e-11  1.115877e+00  8.550000e-11  1.145107e+00  8.550000e-11  1.200000e+00 
 8.650000e-11  1.108888e+00  8.650000e-11  1.139889e+00  8.650000e-11  1.200000e+00 
 8.750000e-11  1.101859e+00  8.750000e-11  1.134651e+00  8.750000e-11  1.200000e+00 
 8.850000e-11  1.094801e+00  8.850000e-11  1.129375e+00  8.850000e-11  1.200000e+00 
 8.950000e-11  1.087719e+00  8.950000e-11  1.124064e+00  8.950000e-11  1.200000e+00 
 9.050000e-11  1.080616e+00  9.050000e-11  1.118717e+00  9.050000e-11  1.200000e+00 
 9.150000e-11  1.073506e+00  9.150000e-11  1.113345e+00  9.150000e-11  1.200000e+00 
 9.250000e-11  1.066392e+00  9.250000e-11  1.107959e+00  9.250000e-11  1.200000e+00 
 9.350000e-11  1.059265e+00  9.350000e-11  1.102566e+00  9.350000e-11  1.200000e+00 
 9.450000e-11  1.052126e+00  9.450000e-11  1.097167e+00  9.450000e-11  1.200000e+00 
 9.550000e-11  1.044977e+00  9.550000e-11  1.091762e+00  9.550000e-11  1.200000e+00 
 9.650000e-11  1.037821e+00  9.650000e-11  1.086352e+00  9.650000e-11  1.200000e+00 
 9.750000e-11  1.030657e+00  9.750000e-11  1.080938e+00  9.750000e-11  1.200000e+00 
 9.850000e-11  1.023488e+00  9.850000e-11  1.075522e+00  9.850000e-11  1.200000e+00 
 9.950000e-11  1.016315e+00  9.950000e-11  1.070103e+00  9.950000e-11  1.200000e+00 
 1.005000e-10  1.009138e+00  1.005000e-10  1.064682e+00  1.005000e-10  1.200000e+00 
 1.015000e-10  1.001960e+00  1.015000e-10  1.059261e+00  1.015000e-10  1.200000e+00 
 1.025000e-10  9.947798e-01  1.025000e-10  1.053839e+00  1.025000e-10  1.200000e+00 
 1.035000e-10  9.875994e-01  1.035000e-10  1.048417e+00  1.035000e-10  1.200000e+00 
 1.045000e-10  9.804193e-01  1.045000e-10  1.042996e+00  1.045000e-10  1.200000e+00 
 1.055000e-10  9.732403e-01  1.055000e-10  1.037576e+00  1.055000e-10  1.200000e+00 
 1.065000e-10  9.660629e-01  1.065000e-10  1.032157e+00  1.065000e-10  1.200000e+00 
 1.075000e-10  9.588878e-01  1.075000e-10  1.026741e+00  1.075000e-10  1.200000e+00 
 1.085000e-10  9.517156e-01  1.085000e-10  1.021326e+00  1.085000e-10  1.200000e+00 
 1.095000e-10  9.445467e-01  1.095000e-10  1.015914e+00  1.095000e-10  1.200000e+00 
 1.105000e-10  9.373816e-01  1.105000e-10  1.010505e+00  1.105000e-10  1.200000e+00 
 1.115000e-10  9.302207e-01  1.115000e-10  1.005099e+00  1.115000e-10  1.200000e+00 
 1.125000e-10  9.230644e-01  1.125000e-10  9.996970e-01  1.125000e-10  1.200000e+00 
 1.135000e-10  9.159131e-01  1.135000e-10  9.942983e-01  1.135000e-10  1.200000e+00 
 1.145000e-10  9.087671e-01  1.145000e-10  9.889035e-01  1.145000e-10  1.200000e+00 
 1.155000e-10  9.016268e-01  1.155000e-10  9.835127e-01  1.155000e-10  1.200000e+00 
 1.165000e-10  8.944924e-01  1.165000e-10  9.781263e-01  1.165000e-10  1.200000e+00 
 1.175000e-10  8.873641e-01  1.175000e-10  9.727445e-01  1.175000e-10  1.200000e+00 
 1.185000e-10  8.802423e-01  1.185000e-10  9.673672e-01  1.185000e-10  1.200000e+00 
 1.195000e-10  8.731271e-01  1.195000e-10  9.619948e-01  1.195000e-10  1.200000e+00 
 1.205000e-10  8.660188e-01  1.205000e-10  9.566274e-01  1.205000e-10  1.200000e+00 
 1.215000e-10  8.589175e-01  1.215000e-10  9.512652e-01  1.215000e-10  1.200000e+00 
 1.225000e-10  8.518235e-01  1.225000e-10  9.459082e-01  1.225000e-10  1.200000e+00 
 1.235000e-10  8.447370e-01  1.235000e-10  9.405565e-01  1.235000e-10  1.200000e+00 
 1.245000e-10  8.377416e-01  1.245000e-10  9.352173e-01  1.245000e-10  1.200000e+00 
 1.255000e-10  8.308863e-01  1.255000e-10  9.299084e-01  1.255000e-10  1.200000e+00 
 1.265000e-10  8.241304e-01  1.265000e-10  9.246486e-01  1.265000e-10  1.200000e+00 
 1.275000e-10  8.174459e-01  1.275000e-10  9.194506e-01  1.275000e-10  1.200000e+00 
 1.285000e-10  8.108152e-01  1.285000e-10  9.143238e-01  1.285000e-10  1.200000e+00 
 1.295000e-10  8.042258e-01  1.295000e-10  9.092751e-01  1.295000e-10  1.200000e+00 
 1.305000e-10  7.976671e-01  1.305000e-10  9.043100e-01  1.305000e-10  1.200000e+00 
 1.315000e-10  7.911275e-01  1.315000e-10  8.994342e-01  1.315000e-10  1.200000e+00 
 1.325000e-10  7.845981e-01  1.325000e-10  8.946544e-01  1.325000e-10  1.200000e+00 
 1.335000e-10  7.780765e-01  1.335000e-10  8.900053e-01  1.335000e-10  1.200000e+00 
 1.345000e-10  7.715663e-01  1.345000e-10  8.855263e-01  1.345000e-10  1.200000e+00 
 1.355000e-10  7.650741e-01  1.355000e-10  8.812178e-01  1.355000e-10  1.200000e+00 
 1.365000e-10  7.586050e-01  1.365000e-10  8.770682e-01  1.365000e-10  1.200000e+00 
 1.375000e-10  7.521618e-01  1.375000e-10  8.730706e-01  1.375000e-10  1.200000e+00 
 1.385000e-10  7.457457e-01  1.385000e-10  8.692212e-01  1.385000e-10  1.200000e+00 
 1.395000e-10  7.393570e-01  1.395000e-10  8.655177e-01  1.395000e-10  1.200000e+00 
 1.405000e-10  7.329953e-01  1.405000e-10  8.619593e-01  1.405000e-10  1.200000e+00 
 1.415000e-10  7.266595e-01  1.415000e-10  8.585460e-01  1.415000e-10  1.200000e+00 
 1.425000e-10  7.203481e-01  1.425000e-10  8.552779e-01  1.425000e-10  1.200000e+00 
 1.435000e-10  7.140591e-01  1.435000e-10  8.521557e-01  1.435000e-10  1.200000e+00 
 1.445000e-10  7.077905e-01  1.445000e-10  8.491803e-01  1.445000e-10  1.200000e+00 
 1.455000e-10  7.015398e-01  1.455000e-10  8.463529e-01  1.455000e-10  1.200000e+00 
 1.465000e-10  6.953044e-01  1.465000e-10  8.436751e-01  1.465000e-10  1.200000e+00 
 1.475000e-10  6.890816e-01  1.475000e-10  8.411484e-01  1.475000e-10  1.200000e+00 
 1.485000e-10  6.828684e-01  1.485000e-10  8.387745e-01  1.485000e-10  1.200000e+00 
 1.495000e-10  6.766617e-01  1.495000e-10  8.365553e-01  1.495000e-10  1.200000e+00 
 1.505000e-10  6.704584e-01  1.505000e-10  8.344926e-01  1.505000e-10  1.200000e+00 
 1.515000e-10  6.642553e-01  1.515000e-10  8.325885e-01  1.515000e-10  1.200000e+00 
 1.525000e-10  6.580489e-01  1.525000e-10  8.308451e-01  1.525000e-10  1.200000e+00 
 1.535000e-10  6.518357e-01  1.535000e-10  8.292646e-01  1.535000e-10  1.200000e+00 
 1.545000e-10  6.456121e-01  1.545000e-10  8.278492e-01  1.545000e-10  1.200000e+00 
 1.555000e-10  6.393744e-01  1.555000e-10  8.266012e-01  1.555000e-10  1.200000e+00 
 1.565000e-10  6.331189e-01  1.565000e-10  8.255230e-01  1.565000e-10  1.200000e+00 
 1.575000e-10  6.268417e-01  1.575000e-10  8.246171e-01  1.575000e-10  1.200000e+00 
 1.585000e-10  6.205387e-01  1.585000e-10  8.238861e-01  1.585000e-10  1.200000e+00 
 1.595000e-10  6.142059e-01  1.595000e-10  8.233326e-01  1.595000e-10  1.200000e+00 
 1.605000e-10  6.078391e-01  1.605000e-10  8.229592e-01  1.605000e-10  1.200000e+00 
 1.615000e-10  6.014341e-01  1.615000e-10  8.227688e-01  1.615000e-10  1.200000e+00 
 1.625000e-10  5.949863e-01  1.625000e-10  8.227640e-01  1.625000e-10  1.200000e+00 
 1.635000e-10  5.884913e-01  1.635000e-10  8.229480e-01  1.635000e-10  1.200000e+00 
 1.645000e-10  5.819445e-01  1.645000e-10  8.233235e-01  1.645000e-10  1.200000e+00 
 1.655000e-10  5.753412e-01  1.655000e-10  8.238937e-01  1.655000e-10  1.200000e+00 
 1.665000e-10  5.686766e-01  1.665000e-10  8.246617e-01  1.665000e-10  1.200000e+00 
 1.675000e-10  5.619456e-01  1.675000e-10  8.256306e-01  1.675000e-10  1.200000e+00 
 1.685000e-10  5.551432e-01  1.685000e-10  8.268036e-01  1.685000e-10  1.200000e+00 
 1.695000e-10  5.482642e-01  1.695000e-10  8.281841e-01  1.695000e-10  1.200000e+00 
 1.705000e-10  5.413034e-01  1.705000e-10  8.297753e-01  1.705000e-10  1.200000e+00 
 1.715000e-10  5.342554e-01  1.715000e-10  8.315807e-01  1.715000e-10  1.200000e+00 
 1.725000e-10  5.271145e-01  1.725000e-10  8.336036e-01  1.725000e-10  1.200000e+00 
 1.735000e-10  5.198753e-01  1.735000e-10  8.358476e-01  1.735000e-10  1.200000e+00 
 1.745000e-10  5.125319e-01  1.745000e-10  8.383160e-01  1.745000e-10  1.200000e+00 
 1.755000e-10  5.050786e-01  1.755000e-10  8.410123e-01  1.755000e-10  1.200000e+00 
 1.765000e-10  4.975094e-01  1.765000e-10  8.439399e-01  1.765000e-10  1.200000e+00 
 1.775000e-10  4.898185e-01  1.775000e-10  8.471024e-01  1.775000e-10  1.200000e+00 
 1.785000e-10  4.819997e-01  1.785000e-10  8.505031e-01  1.785000e-10  1.200000e+00 
 1.795000e-10  4.740470e-01  1.795000e-10  8.541452e-01  1.795000e-10  1.200000e+00 
 1.805000e-10  4.659544e-01  1.805000e-10  8.580320e-01  1.805000e-10  1.200000e+00 
 1.815000e-10  4.577586e-01  1.815000e-10  8.621236e-01  1.815000e-10  1.200000e+00 
 1.825000e-10  4.495621e-01  1.825000e-10  8.663082e-01  1.825000e-10  1.200000e+00 
 1.835000e-10  4.414116e-01  1.835000e-10  8.705233e-01  1.835000e-10  1.200000e+00 
 1.845000e-10  4.333772e-01  1.845000e-10  8.746873e-01  1.845000e-10  1.200000e+00 
 1.855000e-10  4.255403e-01  1.855000e-10  8.787218e-01  1.855000e-10  1.200000e+00 
 1.865000e-10  4.178878e-01  1.865000e-10  8.826511e-01  1.865000e-10  1.200000e+00 
 1.875000e-10  4.103964e-01  1.875000e-10  8.865074e-01  1.875000e-10  1.200000e+00 
 1.885000e-10  4.030510e-01  1.885000e-10  8.903138e-01  1.885000e-10  1.200000e+00 
 1.895000e-10  3.958413e-01  1.895000e-10  8.940870e-01  1.895000e-10  1.200000e+00 
 1.905000e-10  3.887601e-01  1.905000e-10  8.978393e-01  1.905000e-10  1.200000e+00 
 1.915000e-10  3.818024e-01  1.915000e-10  9.015798e-01  1.915000e-10  1.200000e+00 
 1.925000e-10  3.749653e-01  1.925000e-10  9.053148e-01  1.925000e-10  1.200000e+00 
 1.935000e-10  3.682460e-01  1.935000e-10  9.090497e-01  1.935000e-10  1.200000e+00 
 1.945000e-10  3.616417e-01  1.945000e-10  9.127889e-01  1.945000e-10  1.200000e+00 
 1.955000e-10  3.551507e-01  1.955000e-10  9.165351e-01  1.955000e-10  1.200000e+00 
 1.965000e-10  3.487719e-01  1.965000e-10  9.202899e-01  1.965000e-10  1.200000e+00 
 1.975000e-10  3.425040e-01  1.975000e-10  9.240544e-01  1.975000e-10  1.200000e+00 
 1.985000e-10  3.363460e-01  1.985000e-10  9.278289e-01  1.985000e-10  1.200000e+00 
 1.995000e-10  3.302967e-01  1.995000e-10  9.316134e-01  1.995000e-10  1.200000e+00 
 2.005000e-10  3.243550e-01  2.005000e-10  9.354073e-01  2.005000e-10  1.200000e+00 
 2.015000e-10  3.185200e-01  2.015000e-10  9.392096e-01  2.015000e-10  1.200000e+00 
 2.025000e-10  3.127902e-01  2.025000e-10  9.430194e-01  2.025000e-10  1.200000e+00 
 2.035000e-10  3.071645e-01  2.035000e-10  9.468351e-01  2.035000e-10  1.200000e+00 
 2.045000e-10  3.016416e-01  2.045000e-10  9.506551e-01  2.045000e-10  1.200000e+00 
 2.055000e-10  2.962197e-01  2.055000e-10  9.544778e-01  2.055000e-10  1.200000e+00 
 2.065000e-10  2.908974e-01  2.065000e-10  9.583014e-01  2.065000e-10  1.200000e+00 
 2.075000e-10  2.856730e-01  2.075000e-10  9.621238e-01  2.075000e-10  1.200000e+00 
 2.085000e-10  2.805448e-01  2.085000e-10  9.659432e-01  2.085000e-10  1.200000e+00 
 2.095000e-10  2.755110e-01  2.095000e-10  9.697574e-01  2.095000e-10  1.200000e+00 
 2.105000e-10  2.705699e-01  2.105000e-10  9.735643e-01  2.105000e-10  1.200000e+00 
 2.115000e-10  2.657196e-01  2.115000e-10  9.773619e-01  2.115000e-10  1.200000e+00 
 2.125000e-10  2.609582e-01  2.125000e-10  9.811479e-01  2.125000e-10  1.200000e+00 
 2.135000e-10  2.562837e-01  2.135000e-10  9.849204e-01  2.135000e-10  1.200000e+00 
 2.145000e-10  2.516943e-01  2.145000e-10  9.886772e-01  2.145000e-10  1.200000e+00 
 2.155000e-10  2.471881e-01  2.155000e-10  9.924163e-01  2.155000e-10  1.200000e+00 
 2.165000e-10  2.427632e-01  2.165000e-10  9.961356e-01  2.165000e-10  1.200000e+00 
 2.175000e-10  2.384176e-01  2.175000e-10  9.998332e-01  2.175000e-10  1.200000e+00 
 2.185000e-10  2.341495e-01  2.185000e-10  1.003507e+00  2.185000e-10  1.200000e+00 
 2.195000e-10  2.299571e-01  2.195000e-10  1.007156e+00  2.195000e-10  1.200000e+00 
 2.205000e-10  2.258385e-01  2.205000e-10  1.010777e+00  2.205000e-10  1.200000e+00 
 2.215000e-10  2.217920e-01  2.215000e-10  1.014369e+00  2.215000e-10  1.200000e+00 
 2.225000e-10  2.178158e-01  2.225000e-10  1.017931e+00  2.225000e-10  1.200000e+00 
 2.235000e-10  2.139084e-01  2.235000e-10  1.021460e+00  2.235000e-10  1.200000e+00 
 2.245000e-10  2.100679e-01  2.245000e-10  1.024956e+00  2.245000e-10  1.200000e+00 
 2.255000e-10  2.062929e-01  2.255000e-10  1.028417e+00  2.255000e-10  1.200000e+00 
 2.265000e-10  2.025819e-01  2.265000e-10  1.031841e+00  2.265000e-10  1.200000e+00 
 2.275000e-10  1.989333e-01  2.275000e-10  1.035228e+00  2.275000e-10  1.200000e+00 
 2.285000e-10  1.953457e-01  2.285000e-10  1.038575e+00  2.285000e-10  1.200000e+00 
 2.295000e-10  1.918177e-01  2.295000e-10  1.041883e+00  2.295000e-10  1.200000e+00 
 2.305000e-10  1.883481e-01  2.305000e-10  1.045150e+00  2.305000e-10  1.200000e+00 
 2.315000e-10  1.849356e-01  2.315000e-10  1.048375e+00  2.315000e-10  1.200000e+00 
 2.325000e-10  1.815789e-01  2.325000e-10  1.051557e+00  2.325000e-10  1.200000e+00 
 2.335000e-10  1.782769e-01  2.335000e-10  1.054696e+00  2.335000e-10  1.200000e+00 
 2.345000e-10  1.750286e-01  2.345000e-10  1.057791e+00  2.345000e-10  1.200000e+00 
 2.355000e-10  1.718327e-01  2.355000e-10  1.060840e+00  2.355000e-10  1.200000e+00 
 2.365000e-10  1.686884e-01  2.365000e-10  1.063845e+00  2.365000e-10  1.200000e+00 
 2.375000e-10  1.655945e-01  2.375000e-10  1.066804e+00  2.375000e-10  1.200000e+00 
 2.385000e-10  1.625504e-01  2.385000e-10  1.069716e+00  2.385000e-10  1.200000e+00 
 2.395000e-10  1.595549e-01  2.395000e-10  1.072583e+00  2.395000e-10  1.200000e+00 
 2.405000e-10  1.566073e-01  2.405000e-10  1.075402e+00  2.405000e-10  1.200000e+00 
 2.415000e-10  1.537068e-01  2.415000e-10  1.078175e+00  2.415000e-10  1.200000e+00 
 2.425000e-10  1.508525e-01  2.425000e-10  1.080900e+00  2.425000e-10  1.200000e+00 
 2.435000e-10  1.480438e-01  2.435000e-10  1.083579e+00  2.435000e-10  1.200000e+00 
 2.445000e-10  1.452800e-01  2.445000e-10  1.086210e+00  2.445000e-10  1.200000e+00 
 2.455000e-10  1.425603e-01  2.455000e-10  1.088794e+00  2.455000e-10  1.200000e+00 
 2.465000e-10  1.398841e-01  2.465000e-10  1.091332e+00  2.465000e-10  1.200000e+00 
 2.475000e-10  1.372507e-01  2.475000e-10  1.093822e+00  2.475000e-10  1.200000e+00 
 2.485000e-10  1.346597e-01  2.485000e-10  1.096266e+00  2.485000e-10  1.200000e+00 
 2.495000e-10  1.321102e-01  2.495000e-10  1.098663e+00  2.495000e-10  1.200000e+00 
 2.505000e-10  1.296019e-01  2.505000e-10  1.101015e+00  2.505000e-10  1.200000e+00 
 2.515000e-10  1.271342e-01  2.515000e-10  1.103320e+00  2.515000e-10  1.200000e+00 
 2.525000e-10  1.247064e-01  2.525000e-10  1.105580e+00  2.525000e-10  1.200000e+00 
 2.535000e-10  1.223182e-01  2.535000e-10  1.107795e+00  2.535000e-10  1.200000e+00 
 2.545000e-10  1.199689e-01  2.545000e-10  1.109965e+00  2.545000e-10  1.200000e+00 
 2.555000e-10  1.176581e-01  2.555000e-10  1.112090e+00  2.555000e-10  1.200000e+00 
 2.565000e-10  1.153854e-01  2.565000e-10  1.114172e+00  2.565000e-10  1.200000e+00 
 2.575000e-10  1.131502e-01  2.575000e-10  1.116211e+00  2.575000e-10  1.200000e+00 
 2.585000e-10  1.109521e-01  2.585000e-10  1.118206e+00  2.585000e-10  1.200000e+00 
 2.595000e-10  1.087907e-01  2.595000e-10  1.120160e+00  2.595000e-10  1.200000e+00 
 2.605000e-10  1.066654e-01  2.605000e-10  1.122071e+00  2.605000e-10  1.200000e+00 
 2.615000e-10  1.045763e-01  2.615000e-10  1.123941e+00  2.615000e-10  1.200000e+00 
 2.625000e-10  1.025241e-01  2.625000e-10  1.125771e+00  2.625000e-10  1.200000e+00 
 2.635000e-10  1.005083e-01  2.635000e-10  1.127560e+00  2.635000e-10  1.200000e+00 
 2.645000e-10  9.852811e-02  2.645000e-10  1.129308e+00  2.645000e-10  1.200000e+00 
 2.655000e-10  9.658298e-02  2.655000e-10  1.131015e+00  2.655000e-10  1.200000e+00 
 2.665000e-10  9.467229e-02  2.665000e-10  1.132683e+00  2.665000e-10  1.200000e+00 
 2.675000e-10  9.279549e-02  2.675000e-10  1.134312e+00  2.675000e-10  1.200000e+00 
 2.685000e-10  9.095204e-02  2.685000e-10  1.135904e+00  2.685000e-10  1.200000e+00 
 2.695000e-10  8.914143e-02  2.695000e-10  1.137458e+00  2.695000e-10  1.200000e+00 
 2.705000e-10  8.736313e-02  2.705000e-10  1.138975e+00  2.705000e-10  1.200000e+00 
 2.715000e-10  8.561667e-02  2.715000e-10  1.140457e+00  2.715000e-10  1.200000e+00 
 2.725000e-10  8.390155e-02  2.725000e-10  1.141904e+00  2.725000e-10  1.200000e+00 
 2.735000e-10  8.221732e-02  2.735000e-10  1.143316e+00  2.735000e-10  1.200000e+00 
 2.745000e-10  8.056349e-02  2.745000e-10  1.144695e+00  2.745000e-10  1.200000e+00 
 2.755000e-10  7.893963e-02  2.755000e-10  1.146040e+00  2.755000e-10  1.200000e+00 
 2.765000e-10  7.734528e-02  2.765000e-10  1.147354e+00  2.765000e-10  1.200000e+00 
 2.775000e-10  7.578000e-02  2.775000e-10  1.148636e+00  2.775000e-10  1.200000e+00 
 2.785000e-10  7.424336e-02  2.785000e-10  1.149887e+00  2.785000e-10  1.200000e+00 
 2.795000e-10  7.273493e-02  2.795000e-10  1.151108e+00  2.795000e-10  1.200000e+00 
 2.805000e-10  7.125429e-02  2.805000e-10  1.152299e+00  2.805000e-10  1.200000e+00 
 2.815000e-10  6.980101e-02  2.815000e-10  1.153461e+00  2.815000e-10  1.200000e+00 
 2.825000e-10  6.837469e-02  2.825000e-10  1.154596e+00  2.825000e-10  1.200000e+00 
 2.835000e-10  6.697492e-02  2.835000e-10  1.155702e+00  2.835000e-10  1.200000e+00 
 2.845000e-10  6.560129e-02  2.845000e-10  1.156782e+00  2.845000e-10  1.200000e+00 
 2.855000e-10  6.425340e-02  2.855000e-10  1.157835e+00  2.855000e-10  1.200000e+00 
 2.865000e-10  6.293085e-02  2.865000e-10  1.158863e+00  2.865000e-10  1.200000e+00 
 2.875000e-10  6.163326e-02  2.875000e-10  1.159865e+00  2.875000e-10  1.200000e+00 
 2.885000e-10  6.035959e-02  2.885000e-10  1.160843e+00  2.885000e-10  1.200000e+00 
 2.895000e-10  5.910947e-02  2.895000e-10  1.161798e+00  2.895000e-10  1.200000e+00 
 2.905000e-10  5.788321e-02  2.905000e-10  1.162729e+00  2.905000e-10  1.200000e+00 
 2.915000e-10  5.668043e-02  2.915000e-10  1.163637e+00  2.915000e-10  1.200000e+00 
 2.925000e-10  5.550076e-02  2.925000e-10  1.164523e+00  2.925000e-10  1.200000e+00 
 2.935000e-10  5.434383e-02  2.935000e-10  1.165387e+00  2.935000e-10  1.200000e+00 
 2.945000e-10  5.320929e-02  2.945000e-10  1.166229e+00  2.945000e-10  1.200000e+00 
 2.955000e-10  5.209676e-02  2.955000e-10  1.167051e+00  2.955000e-10  1.200000e+00 
 2.965000e-10  5.100589e-02  2.965000e-10  1.167853e+00  2.965000e-10  1.200000e+00 
 2.975000e-10  4.993631e-02  2.975000e-10  1.168635e+00  2.975000e-10  1.200000e+00 
 2.985000e-10  4.888767e-02  2.985000e-10  1.169397e+00  2.985000e-10  1.200000e+00 
 2.995000e-10  4.785963e-02  2.995000e-10  1.170141e+00  2.995000e-10  1.200000e+00 
 3.005000e-10  4.685183e-02  3.005000e-10  1.170866e+00  3.005000e-10  1.200000e+00 
 3.015000e-10  4.586393e-02  3.015000e-10  1.171573e+00  3.015000e-10  1.200000e+00 
 3.025000e-10  4.489559e-02  3.025000e-10  1.172263e+00  3.025000e-10  1.200000e+00 
 3.035000e-10  4.394648e-02  3.035000e-10  1.172936e+00  3.035000e-10  1.200000e+00 
 3.045000e-10  4.301625e-02  3.045000e-10  1.173592e+00  3.045000e-10  1.200000e+00 
 3.055000e-10  4.210458e-02  3.055000e-10  1.174231e+00  3.055000e-10  1.200000e+00 
 3.065000e-10  4.121115e-02  3.065000e-10  1.174855e+00  3.065000e-10  1.200000e+00 
 3.075000e-10  4.033563e-02  3.075000e-10  1.175464e+00  3.075000e-10  1.200000e+00 
 3.085000e-10  3.947771e-02  3.085000e-10  1.176057e+00  3.085000e-10  1.200000e+00 
 3.095000e-10  3.863708e-02  3.095000e-10  1.176636e+00  3.095000e-10  1.200000e+00 
 3.105000e-10  3.781342e-02  3.105000e-10  1.177201e+00  3.105000e-10  1.200000e+00 
 3.115000e-10  3.700643e-02  3.115000e-10  1.177751e+00  3.115000e-10  1.200000e+00 
 3.125000e-10  3.621581e-02  3.125000e-10  1.178288e+00  3.125000e-10  1.200000e+00 
 3.135000e-10  3.544126e-02  3.135000e-10  1.178812e+00  3.135000e-10  1.200000e+00 
 3.145000e-10  3.468249e-02  3.145000e-10  1.179322e+00  3.145000e-10  1.200000e+00 
 3.155000e-10  3.393921e-02  3.155000e-10  1.179820e+00  3.155000e-10  1.200000e+00 
 3.165000e-10  3.321113e-02  3.165000e-10  1.180306e+00  3.165000e-10  1.200000e+00 
 3.175000e-10  3.249797e-02  3.175000e-10  1.180780e+00  3.175000e-10  1.200000e+00 
 3.185000e-10  3.179946e-02  3.185000e-10  1.181242e+00  3.185000e-10  1.200000e+00 
 3.195000e-10  3.111533e-02  3.195000e-10  1.181692e+00  3.195000e-10  1.200000e+00 
 3.205000e-10  3.044529e-02  3.205000e-10  1.182132e+00  3.205000e-10  1.200000e+00 
 3.215000e-10  2.978910e-02  3.215000e-10  1.182561e+00  3.215000e-10  1.200000e+00 
 3.225000e-10  2.914647e-02  3.225000e-10  1.182979e+00  3.225000e-10  1.200000e+00 
 3.235000e-10  2.851717e-02  3.235000e-10  1.183387e+00  3.235000e-10  1.200000e+00 
 3.245000e-10  2.790094e-02  3.245000e-10  1.183784e+00  3.245000e-10  1.200000e+00 
 3.255000e-10  2.729751e-02  3.255000e-10  1.184172e+00  3.255000e-10  1.200000e+00 
 3.265000e-10  2.670666e-02  3.265000e-10  1.184551e+00  3.265000e-10  1.200000e+00 
 3.275000e-10  2.612814e-02  3.275000e-10  1.184920e+00  3.275000e-10  1.200000e+00 
 3.285000e-10  2.556171e-02  3.285000e-10  1.185280e+00  3.285000e-10  1.200000e+00 
 3.295000e-10  2.500713e-02  3.295000e-10  1.185631e+00  3.295000e-10  1.200000e+00 
 3.305000e-10  2.446417e-02  3.305000e-10  1.185974e+00  3.305000e-10  1.200000e+00 
 3.315000e-10  2.393262e-02  3.315000e-10  1.186308e+00  3.315000e-10  1.200000e+00 
 3.325000e-10  2.341224e-02  3.325000e-10  1.186634e+00  3.325000e-10  1.200000e+00 
 3.335000e-10  2.290282e-02  3.335000e-10  1.186953e+00  3.335000e-10  1.200000e+00 
 3.345000e-10  2.240414e-02  3.345000e-10  1.187263e+00  3.345000e-10  1.200000e+00 
 3.355000e-10  2.191598e-02  3.355000e-10  1.187566e+00  3.355000e-10  1.200000e+00 
 3.365000e-10  2.143815e-02  3.365000e-10  1.187861e+00  3.365000e-10  1.200000e+00 
 3.375000e-10  2.097042e-02  3.375000e-10  1.188149e+00  3.375000e-10  1.200000e+00 
 3.385000e-10  2.051262e-02  3.385000e-10  1.188430e+00  3.385000e-10  1.200000e+00 
 3.395000e-10  2.006453e-02  3.395000e-10  1.188704e+00  3.395000e-10  1.200000e+00 
 3.405000e-10  1.962595e-02  3.405000e-10  1.188972e+00  3.405000e-10  1.200000e+00 
 3.415000e-10  1.919671e-02  3.415000e-10  1.189233e+00  3.415000e-10  1.200000e+00 
 3.425000e-10  1.877661e-02  3.425000e-10  1.189488e+00  3.425000e-10  1.200000e+00 
 3.435000e-10  1.836547e-02  3.435000e-10  1.189736e+00  3.435000e-10  1.200000e+00 
 3.445000e-10  1.796311e-02  3.445000e-10  1.189979e+00  3.445000e-10  1.200000e+00 
 3.455000e-10  1.756934e-02  3.455000e-10  1.190215e+00  3.455000e-10  1.200000e+00 
 3.465000e-10  1.718400e-02  3.465000e-10  1.190446e+00  3.465000e-10  1.200000e+00 
 3.475000e-10  1.680691e-02  3.475000e-10  1.190672e+00  3.475000e-10  1.200000e+00 
 3.485000e-10  1.643790e-02  3.485000e-10  1.190891e+00  3.485000e-10  1.200000e+00 
 3.495000e-10  1.607681e-02  3.495000e-10  1.191106e+00  3.495000e-10  1.200000e+00 
 3.505000e-10  1.572348e-02  3.505000e-10  1.191315e+00  3.505000e-10  1.200000e+00 
 3.515000e-10  1.537774e-02  3.515000e-10  1.191519e+00  3.515000e-10  1.200000e+00 
 3.525000e-10  1.503945e-02  3.525000e-10  1.191719e+00  3.525000e-10  1.200000e+00 
 3.535000e-10  1.470844e-02  3.535000e-10  1.191913e+00  3.535000e-10  1.200000e+00 
 3.545000e-10  1.438457e-02  3.545000e-10  1.192103e+00  3.545000e-10  1.200000e+00 
 3.555000e-10  1.406769e-02  3.555000e-10  1.192289e+00  3.555000e-10  1.200000e+00 
 3.565000e-10  1.375766e-02  3.565000e-10  1.192469e+00  3.565000e-10  1.200000e+00 
 3.575000e-10  1.345433e-02  3.575000e-10  1.192646e+00  3.575000e-10  1.200000e+00 
 3.585000e-10  1.315755e-02  3.585000e-10  1.192818e+00  3.585000e-10  1.200000e+00 
 3.595000e-10  1.286721e-02  3.595000e-10  1.192986e+00  3.595000e-10  1.200000e+00 
 3.605000e-10  1.258316e-02  3.605000e-10  1.193150e+00  3.605000e-10  1.200000e+00 
 3.615000e-10  1.230527e-02  3.615000e-10  1.193310e+00  3.615000e-10  1.200000e+00 
 3.625000e-10  1.203341e-02  3.625000e-10  1.193467e+00  3.625000e-10  1.200000e+00 
 3.635000e-10  1.176745e-02  3.635000e-10  1.193619e+00  3.635000e-10  1.200000e+00 
 3.645000e-10  1.150728e-02  3.645000e-10  1.193768e+00  3.645000e-10  1.200000e+00 
 3.655000e-10  1.125276e-02  3.655000e-10  1.193914e+00  3.655000e-10  1.200000e+00 
 3.665000e-10  1.100379e-02  3.665000e-10  1.194056e+00  3.665000e-10  1.200000e+00 
 3.675000e-10  1.076024e-02  3.675000e-10  1.194194e+00  3.675000e-10  1.200000e+00 
 3.685000e-10  1.052199e-02  3.685000e-10  1.194329e+00  3.685000e-10  1.200000e+00 
 3.695000e-10  1.028895e-02  3.695000e-10  1.194461e+00  3.695000e-10  1.200000e+00 
 3.705000e-10  1.006099e-02  3.705000e-10  1.194590e+00  3.705000e-10  1.200000e+00 
 3.715000e-10  9.838007e-03  3.715000e-10  1.194716e+00  3.715000e-10  1.200000e+00 
 3.725000e-10  9.619899e-03  3.725000e-10  1.194839e+00  3.725000e-10  1.200000e+00 
 3.735000e-10  9.406561e-03  3.735000e-10  1.194959e+00  3.735000e-10  1.200000e+00 
 3.745000e-10  9.197890e-03  3.745000e-10  1.195076e+00  3.745000e-10  1.200000e+00 
 3.755000e-10  8.993788e-03  3.755000e-10  1.195190e+00  3.755000e-10  1.200000e+00 
 3.765000e-10  8.794157e-03  3.765000e-10  1.195302e+00  3.765000e-10  1.200000e+00 
 3.775000e-10  8.598901e-03  3.775000e-10  1.195411e+00  3.775000e-10  1.200000e+00 
 3.785000e-10  8.407927e-03  3.785000e-10  1.195517e+00  3.785000e-10  1.200000e+00 
 3.795000e-10  8.221143e-03  3.795000e-10  1.195621e+00  3.795000e-10  1.200000e+00 
 3.805000e-10  8.038460e-03  3.805000e-10  1.195722e+00  3.805000e-10  1.200000e+00 
 3.815000e-10  7.859789e-03  3.815000e-10  1.195821e+00  3.815000e-10  1.200000e+00 
 3.825000e-10  7.685044e-03  3.825000e-10  1.195918e+00  3.825000e-10  1.200000e+00 
 3.835000e-10  7.514141e-03  3.835000e-10  1.196012e+00  3.835000e-10  1.200000e+00 
 3.845000e-10  7.346998e-03  3.845000e-10  1.196104e+00  3.845000e-10  1.200000e+00 
 3.855000e-10  7.183533e-03  3.855000e-10  1.196194e+00  3.855000e-10  1.200000e+00 
 3.865000e-10  7.023667e-03  3.865000e-10  1.196282e+00  3.865000e-10  1.200000e+00 
 3.875000e-10  6.867323e-03  3.875000e-10  1.196368e+00  3.875000e-10  1.200000e+00 
 3.885000e-10  6.714424e-03  3.885000e-10  1.196452e+00  3.885000e-10  1.200000e+00 
 3.895000e-10  6.564895e-03  3.895000e-10  1.196534e+00  3.895000e-10  1.200000e+00 
 3.905000e-10  6.418665e-03  3.905000e-10  1.196614e+00  3.905000e-10  1.200000e+00 
 3.915000e-10  6.275662e-03  3.915000e-10  1.196692e+00  3.915000e-10  1.200000e+00 
 3.925000e-10  6.135815e-03  3.925000e-10  1.196768e+00  3.925000e-10  1.200000e+00 
 3.935000e-10  5.999056e-03  3.935000e-10  1.196842e+00  3.935000e-10  1.200000e+00 
 3.945000e-10  5.865319e-03  3.945000e-10  1.196915e+00  3.945000e-10  1.200000e+00 
 3.955000e-10  5.734537e-03  3.955000e-10  1.196986e+00  3.955000e-10  1.200000e+00 
 3.965000e-10  5.606647e-03  3.965000e-10  1.197055e+00  3.965000e-10  1.200000e+00 
 3.975000e-10  5.481586e-03  3.975000e-10  1.197123e+00  3.975000e-10  1.200000e+00 
 3.985000e-10  5.359291e-03  3.985000e-10  1.197189e+00  3.985000e-10  1.200000e+00 
 3.995000e-10  5.239703e-03  3.995000e-10  1.197254e+00  3.995000e-10  1.200000e+00 
 4.005000e-10  5.122763e-03  4.005000e-10  1.197317e+00  4.005000e-10  1.200000e+00 
 4.015000e-10  5.008412e-03  4.015000e-10  1.197378e+00  4.015000e-10  1.200000e+00 
 4.025000e-10  4.896596e-03  4.025000e-10  1.197438e+00  4.025000e-10  1.200000e+00 
 4.035000e-10  4.787257e-03  4.035000e-10  1.197497e+00  4.035000e-10  1.200000e+00 
 4.045000e-10  4.680342e-03  4.045000e-10  1.197555e+00  4.045000e-10  1.200000e+00 
 4.055000e-10  4.575799e-03  4.055000e-10  1.197611e+00  4.055000e-10  1.200000e+00 
 4.065000e-10  4.473574e-03  4.065000e-10  1.197665e+00  4.065000e-10  1.200000e+00 
 4.075000e-10  4.373618e-03  4.075000e-10  1.197719e+00  4.075000e-10  1.200000e+00 
 4.085000e-10  4.275881e-03  4.085000e-10  1.197771e+00  4.085000e-10  1.200000e+00 
 4.095000e-10  4.180313e-03  4.095000e-10  1.197822e+00  4.095000e-10  1.200000e+00 
 4.105000e-10  4.086868e-03  4.105000e-10  1.197872e+00  4.105000e-10  1.200000e+00 
 4.115000e-10  3.995499e-03  4.115000e-10  1.197921e+00  4.115000e-10  1.200000e+00 
 4.125000e-10  3.906160e-03  4.125000e-10  1.197968e+00  4.125000e-10  1.200000e+00 
 4.135000e-10  3.818808e-03  4.135000e-10  1.198015e+00  4.135000e-10  1.200000e+00 
 4.145000e-10  3.733397e-03  4.145000e-10  1.198060e+00  4.145000e-10  1.200000e+00 
 4.155000e-10  3.649885e-03  4.155000e-10  1.198104e+00  4.155000e-10  1.200000e+00 
 4.165000e-10  3.568231e-03  4.165000e-10  1.198148e+00  4.165000e-10  1.200000e+00 
 4.175000e-10  3.488394e-03  4.175000e-10  1.198190e+00  4.175000e-10  1.200000e+00 
 4.185000e-10  3.410334e-03  4.185000e-10  1.198231e+00  4.185000e-10  1.200000e+00 
 4.195000e-10  3.334011e-03  4.195000e-10  1.198272e+00  4.195000e-10  1.200000e+00 
 4.205000e-10  3.259388e-03  4.205000e-10  1.198311e+00  4.205000e-10  1.200000e+00 
 4.215000e-10  3.186427e-03  4.215000e-10  1.198350e+00  4.215000e-10  1.200000e+00 
 4.225000e-10  3.115090e-03  4.225000e-10  1.198387e+00  4.225000e-10  1.200000e+00 
 4.235000e-10  3.045343e-03  4.235000e-10  1.198424e+00  4.235000e-10  1.200000e+00 
 4.245000e-10  2.977151e-03  4.245000e-10  1.198460e+00  4.245000e-10  1.200000e+00 
 4.255000e-10  2.910478e-03  4.255000e-10  1.198495e+00  4.255000e-10  1.200000e+00 
 4.265000e-10  2.845292e-03  4.265000e-10  1.198530e+00  4.265000e-10  1.200000e+00 
 4.275000e-10  2.781559e-03  4.275000e-10  1.198563e+00  4.275000e-10  1.200000e+00 
 4.285000e-10  2.719247e-03  4.285000e-10  1.198596e+00  4.285000e-10  1.200000e+00 
 4.295000e-10  2.658326e-03  4.295000e-10  1.198628e+00  4.295000e-10  1.200000e+00 
 4.305000e-10  2.598764e-03  4.305000e-10  1.198659e+00  4.305000e-10  1.200000e+00 
 4.315000e-10  2.540531e-03  4.315000e-10  1.198690e+00  4.315000e-10  1.200000e+00 
 4.325000e-10  2.483597e-03  4.325000e-10  1.198719e+00  4.325000e-10  1.200000e+00 
 4.335000e-10  2.427935e-03  4.335000e-10  1.198749e+00  4.335000e-10  1.200000e+00 
 4.345000e-10  2.373515e-03  4.345000e-10  1.198777e+00  4.345000e-10  1.200000e+00 
 4.355000e-10  2.320310e-03  4.355000e-10  1.198805e+00  4.355000e-10  1.200000e+00 
 4.365000e-10  2.268294e-03  4.365000e-10  1.198832e+00  4.365000e-10  1.200000e+00 
 4.375000e-10  2.217439e-03  4.375000e-10  1.198859e+00  4.375000e-10  1.200000e+00 
 4.385000e-10  2.167721e-03  4.385000e-10  1.198885e+00  4.385000e-10  1.200000e+00 
 4.395000e-10  2.119114e-03  4.395000e-10  1.198910e+00  4.395000e-10  1.200000e+00 
 4.405000e-10  2.071592e-03  4.405000e-10  1.198935e+00  4.405000e-10  1.200000e+00 
 4.415000e-10  2.025133e-03  4.415000e-10  1.198959e+00  4.415000e-10  1.200000e+00 
 4.425000e-10  1.979713e-03  4.425000e-10  1.198983e+00  4.425000e-10  1.200000e+00 
 4.435000e-10  1.935308e-03  4.435000e-10  1.199006e+00  4.435000e-10  1.200000e+00 
 4.445000e-10  1.891896e-03  4.445000e-10  1.199028e+00  4.445000e-10  1.200000e+00 
 4.455000e-10  1.849455e-03  4.455000e-10  1.199050e+00  4.455000e-10  1.200000e+00 
 4.465000e-10  1.807963e-03  4.465000e-10  1.199072e+00  4.465000e-10  1.200000e+00 
 4.475000e-10  1.767399e-03  4.475000e-10  1.199093e+00  4.475000e-10  1.200000e+00 
 4.485000e-10  1.727743e-03  4.485000e-10  1.199113e+00  4.485000e-10  1.200000e+00 
 4.495000e-10  1.688974e-03  4.495000e-10  1.199134e+00  4.495000e-10  1.200000e+00 
 4.505000e-10  1.651072e-03  4.505000e-10  1.199153e+00  4.505000e-10  1.200000e+00 
 4.515000e-10  1.614019e-03  4.515000e-10  1.199172e+00  4.515000e-10  1.200000e+00 
 4.525000e-10  1.577795e-03  4.525000e-10  1.199191e+00  4.525000e-10  1.200000e+00 
 4.535000e-10  1.542382e-03  4.535000e-10  1.199210e+00  4.535000e-10  1.200000e+00 
 4.545000e-10  1.507762e-03  4.545000e-10  1.199228e+00  4.545000e-10  1.200000e+00 
 4.555000e-10  1.473918e-03  4.555000e-10  1.199245e+00  4.555000e-10  1.200000e+00 
 4.565000e-10  1.440830e-03  4.565000e-10  1.199262e+00  4.565000e-10  1.200000e+00 
 4.575000e-10  1.408484e-03  4.575000e-10  1.199279e+00  4.575000e-10  1.200000e+00 
 4.585000e-10  1.376863e-03  4.585000e-10  1.199295e+00  4.585000e-10  1.200000e+00 
 4.595000e-10  1.345950e-03  4.595000e-10  1.199311e+00  4.595000e-10  1.200000e+00 
 4.605000e-10  1.315729e-03  4.605000e-10  1.199327e+00  4.605000e-10  1.200000e+00 
 4.615000e-10  1.286185e-03  4.615000e-10  1.199342e+00  4.615000e-10  1.200000e+00 
 4.625000e-10  1.257304e-03  4.625000e-10  1.199357e+00  4.625000e-10  1.200000e+00 
 4.635000e-10  1.229069e-03  4.635000e-10  1.199371e+00  4.635000e-10  1.200000e+00 
 4.645000e-10  1.201468e-03  4.645000e-10  1.199386e+00  4.645000e-10  1.200000e+00 
 4.655000e-10  1.174485e-03  4.655000e-10  1.199400e+00  4.655000e-10  1.200000e+00 
 4.665000e-10  1.148106e-03  4.665000e-10  1.199413e+00  4.665000e-10  1.200000e+00 
 4.675000e-10  1.122319e-03  4.675000e-10  1.199427e+00  4.675000e-10  1.200000e+00 
 4.685000e-10  1.097111e-03  4.685000e-10  1.199439e+00  4.685000e-10  1.200000e+00 
 4.695000e-10  1.072467e-03  4.695000e-10  1.199452e+00  4.695000e-10  1.200000e+00 
 4.705000e-10  1.048376e-03  4.705000e-10  1.199465e+00  4.705000e-10  1.200000e+00 
 4.715000e-10  1.024825e-03  4.715000e-10  1.199477e+00  4.715000e-10  1.200000e+00 
 4.725000e-10  1.001802e-03  4.725000e-10  1.199489e+00  4.725000e-10  1.200000e+00 
 4.735000e-10  9.792958e-04  4.735000e-10  1.199500e+00  4.735000e-10  1.200000e+00 
 4.745000e-10  9.572942e-04  4.745000e-10  1.199511e+00  4.745000e-10  1.200000e+00 
 4.755000e-10  9.357861e-04  4.755000e-10  1.199522e+00  4.755000e-10  1.200000e+00 
 4.765000e-10  9.147605e-04  4.765000e-10  1.199533e+00  4.765000e-10  1.200000e+00 
 4.775000e-10  8.942066e-04  4.775000e-10  1.199544e+00  4.775000e-10  1.200000e+00 
 4.785000e-10  8.741138e-04  4.785000e-10  1.199554e+00  4.785000e-10  1.200000e+00 
 4.795000e-10  8.544718e-04  4.795000e-10  1.199564e+00  4.795000e-10  1.200000e+00 
 4.805000e-10  8.352706e-04  4.805000e-10  1.199574e+00  4.805000e-10  1.200000e+00 
 4.815000e-10  8.165002e-04  4.815000e-10  1.199584e+00  4.815000e-10  1.200000e+00 
 4.825000e-10  7.981510e-04  4.825000e-10  1.199593e+00  4.825000e-10  1.200000e+00 
 4.835000e-10  7.802136e-04  4.835000e-10  1.199602e+00  4.835000e-10  1.200000e+00 
 4.845000e-10  7.626789e-04  4.845000e-10  1.199611e+00  4.845000e-10  1.200000e+00 
 4.855000e-10  7.455376e-04  4.855000e-10  1.199620e+00  4.855000e-10  1.200000e+00 
 4.865000e-10  7.287812e-04  4.865000e-10  1.199629e+00  4.865000e-10  1.200000e+00 
 4.875000e-10  7.124009e-04  4.875000e-10  1.199637e+00  4.875000e-10  1.200000e+00 
 4.885000e-10  6.963883e-04  4.885000e-10  1.199645e+00  4.885000e-10  1.200000e+00 
 4.895000e-10  6.807352e-04  4.895000e-10  1.199653e+00  4.895000e-10  1.200000e+00 
 4.905000e-10  6.654335e-04  4.905000e-10  1.199661e+00  4.905000e-10  1.200000e+00 
 4.915000e-10  6.504754e-04  4.915000e-10  1.199669e+00  4.915000e-10  1.200000e+00 
 4.925000e-10  6.358531e-04  4.925000e-10  1.199676e+00  4.925000e-10  1.200000e+00 
 4.935000e-10  6.215592e-04  4.935000e-10  1.199684e+00  4.935000e-10  1.200000e+00 
 4.945000e-10  6.075863e-04  4.945000e-10  1.199691e+00  4.945000e-10  1.200000e+00 
 4.955000e-10  5.939271e-04  4.955000e-10  1.199698e+00  4.955000e-10  1.200000e+00 
 4.965000e-10  5.805747e-04  4.965000e-10  1.199705e+00  4.965000e-10  1.200000e+00 
 4.975000e-10  5.675222e-04  4.975000e-10  1.199711e+00  4.975000e-10  1.200000e+00 
 4.985000e-10  5.547628e-04  4.985000e-10  1.199718e+00  4.985000e-10  1.200000e+00 
 4.995000e-10  5.422900e-04  4.995000e-10  1.199724e+00  4.995000e-10  1.200000e+00 
 5.000000e-10  5.361593e-04  5.000000e-10  1.199727e+00  5.000000e-10  1.200000e+00 
 5.001000e-10  5.347441e-04  5.001000e-10  1.199727e+00  5.001000e-10  1.197600e+00 
 5.003000e-10  5.314599e-04  5.003000e-10  1.199726e+00  5.003000e-10  1.192800e+00 
 5.007000e-10  5.215098e-04  5.007000e-10  1.199718e+00  5.007000e-10  1.183200e+00 
 5.015000e-10  4.827738e-04  5.015000e-10  1.199680e+00  5.015000e-10  1.164000e+00 
 5.025000e-10  3.892869e-04  5.025000e-10  1.199596e+00  5.025000e-10  1.140000e+00 
 5.035000e-10  2.301837e-04  5.035000e-10  1.199456e+00  5.035000e-10  1.116000e+00 
 5.045000e-10 -1.609437e-05  5.045000e-10  1.199203e+00  5.045000e-10  1.092000e+00 
 5.055000e-10 -3.573987e-04  5.055000e-10  1.198808e+00  5.055000e-10  1.068000e+00 
 5.065000e-10 -7.861003e-04  5.065000e-10  1.198285e+00  5.065000e-10  1.044000e+00 
 5.075000e-10 -1.293525e-03  5.075000e-10  1.197647e+00  5.075000e-10  1.020000e+00 
 5.085000e-10 -1.870735e-03  5.085000e-10  1.196906e+00  5.085000e-10  9.960000e-01 
 5.095000e-10 -2.508964e-03  5.095000e-10  1.196074e+00  5.095000e-10  9.720000e-01 
 5.105000e-10 -3.199882e-03  5.105000e-10  1.195161e+00  5.105000e-10  9.480000e-01 
 5.115000e-10 -3.935718e-03  5.115000e-10  1.194181e+00  5.115000e-10  9.240000e-01 
 5.125000e-10 -4.709305e-03  5.125000e-10  1.193143e+00  5.125000e-10  9.000000e-01 
 5.135000e-10 -5.514073e-03  5.135000e-10  1.192060e+00  5.135000e-10  8.760000e-01 
 5.145000e-10 -6.344005e-03  5.145000e-10  1.190942e+00  5.145000e-10  8.520000e-01 
 5.155000e-10 -7.193597e-03  5.155000e-10  1.189803e+00  5.155000e-10  8.280000e-01 
 5.165000e-10 -8.057801e-03  5.165000e-10  1.188654e+00  5.165000e-10  8.040000e-01 
 5.175000e-10 -8.917677e-03  5.175000e-10  1.187549e+00  5.175000e-10  7.800000e-01 
 5.185000e-10 -9.785081e-03  5.185000e-10  1.186412e+00  5.185000e-10  7.560000e-01 
 5.195000e-10 -1.065950e-02  5.195000e-10  1.185194e+00  5.195000e-10  7.320000e-01 
 5.205000e-10 -1.149902e-02  5.205000e-10  1.183991e+00  5.205000e-10  7.080000e-01 
 5.215000e-10 -1.228283e-02  5.215000e-10  1.182835e+00  5.215000e-10  6.840000e-01 
 5.225000e-10 -1.299763e-02  5.225000e-10  1.181739e+00  5.225000e-10  6.600000e-01 
 5.235000e-10 -1.363284e-02  5.235000e-10  1.180709e+00  5.235000e-10  6.360000e-01 
 5.245000e-10 -1.417950e-02  5.245000e-10  1.179749e+00  5.245000e-10  6.120000e-01 
 5.255000e-10 -1.462978e-02  5.255000e-10  1.178860e+00  5.255000e-10  5.880000e-01 
 5.265000e-10 -1.497676e-02  5.265000e-10  1.178043e+00  5.265000e-10  5.640000e-01 
 5.275000e-10 -1.521434e-02  5.275000e-10  1.177298e+00  5.275000e-10  5.400000e-01 
 5.285000e-10 -1.533713e-02  5.285000e-10  1.176626e+00  5.285000e-10  5.160000e-01 
 5.295000e-10 -1.534045e-02  5.295000e-10  1.176025e+00  5.295000e-10  4.920000e-01 
 5.305000e-10 -1.522039e-02  5.305000e-10  1.175494e+00  5.305000e-10  4.680000e-01 
 5.315000e-10 -1.497390e-02  5.315000e-10  1.175030e+00  5.315000e-10  4.440000e-01 
 5.325000e-10 -1.459904e-02  5.325000e-10  1.174631e+00  5.325000e-10  4.200000e-01 
 5.335000e-10 -1.409548e-02  5.335000e-10  1.174292e+00  5.335000e-10  3.960000e-01 
 5.345000e-10 -1.346413e-02  5.345000e-10  1.174010e+00  5.345000e-10  3.720000e-01 
 5.355000e-10 -1.270527e-02  5.355000e-10  1.173782e+00  5.355000e-10  3.480000e-01 
 5.365000e-10 -1.181681e-02  5.365000e-10  1.173611e+00  5.365000e-10  3.240000e-01 
 5.375000e-10 -1.079308e-02  5.375000e-10  1.173499e+00  5.375000e-10  3.000000e-01 
 5.385000e-10 -9.624260e-03  5.385000e-10  1.173452e+00  5.385000e-10  2.760000e-01 
 5.395000e-10 -8.297143e-03  5.395000e-10  1.173475e+00  5.395000e-10  2.520000e-01 
 5.405000e-10 -6.796392e-03  5.405000e-10  1.173573e+00  5.405000e-10  2.280000e-01 
 5.415000e-10 -5.105505e-03  5.415000e-10  1.173749e+00  5.415000e-10  2.040000e-01 
 5.425000e-10 -3.207451e-03  5.425000e-10  1.174005e+00  5.425000e-10  1.800000e-01 
 5.435000e-10 -1.085085e-03  5.435000e-10  1.174343e+00  5.435000e-10  1.560000e-01 
 5.445000e-10  1.278612e-03  5.445000e-10  1.174764e+00  5.445000e-10  1.320000e-01 
 5.455000e-10  3.900401e-03  5.455000e-10  1.175270e+00  5.455000e-10  1.080000e-01 
 5.465000e-10  6.794171e-03  5.465000e-10  1.175861e+00  5.465000e-10  8.400000e-02 
 5.475000e-10  9.971901e-03  5.475000e-10  1.176534e+00  5.475000e-10  6.000000e-02 
 5.485000e-10  1.344811e-02  5.485000e-10  1.177291e+00  5.485000e-10  3.600000e-02 
 5.495000e-10  1.723881e-02  5.495000e-10  1.178130e+00  5.495000e-10  1.200000e-02 
 5.500000e-10  1.925652e-02  5.500000e-10  1.178581e+00  5.500000e-10  0.000000e+00 
 5.501000e-10  1.971749e-02  5.501000e-10  1.178845e+00  5.501000e-10  0.000000e+00 
 5.503000e-10  2.063283e-02  5.503000e-10  1.179368e+00  5.503000e-10  0.000000e+00 
 5.507000e-10  2.242550e-02  5.507000e-10  1.180391e+00  5.507000e-10  0.000000e+00 
 5.515000e-10  2.587285e-02  5.515000e-10  1.182343e+00  5.515000e-10  0.000000e+00 
 5.525000e-10  2.995490e-02  5.525000e-10  1.184618e+00  5.525000e-10  0.000000e+00 
 5.535000e-10  3.382238e-02  5.535000e-10  1.186722e+00  5.535000e-10  0.000000e+00 
 5.545000e-10  3.750891e-02  5.545000e-10  1.188671e+00  5.545000e-10  0.000000e+00 
 5.555000e-10  4.104108e-02  5.555000e-10  1.190477e+00  5.555000e-10  0.000000e+00 
 5.565000e-10  4.444029e-02  5.565000e-10  1.192153e+00  5.565000e-10  0.000000e+00 
 5.575000e-10  4.772407e-02  5.575000e-10  1.193709e+00  5.575000e-10  0.000000e+00 
 5.585000e-10  5.090636e-02  5.585000e-10  1.195154e+00  5.585000e-10  0.000000e+00 
 5.595000e-10  5.399922e-02  5.595000e-10  1.196500e+00  5.595000e-10  0.000000e+00 
 5.605000e-10  5.701361e-02  5.605000e-10  1.197751e+00  5.605000e-10  0.000000e+00 
 5.615000e-10  5.995865e-02  5.615000e-10  1.198918e+00  5.615000e-10  0.000000e+00 
 5.625000e-10  6.284297e-02  5.625000e-10  1.200005e+00  5.625000e-10  0.000000e+00 
 5.635000e-10  6.567361e-02  5.635000e-10  1.201020e+00  5.635000e-10  0.000000e+00 
 5.645000e-10  6.845597e-02  5.645000e-10  1.201967e+00  5.645000e-10  0.000000e+00 
 5.655000e-10  7.119538e-02  5.655000e-10  1.202854e+00  5.655000e-10  0.000000e+00 
 5.665000e-10  7.389657e-02  5.665000e-10  1.203683e+00  5.665000e-10  0.000000e+00 
 5.675000e-10  7.656379e-02  5.675000e-10  1.204460e+00  5.675000e-10  0.000000e+00 
 5.685000e-10  7.920088e-02  5.685000e-10  1.205188e+00  5.685000e-10  0.000000e+00 
 5.695000e-10  8.181128e-02  5.695000e-10  1.205871e+00  5.695000e-10  0.000000e+00 
 5.705000e-10  8.439813e-02  5.705000e-10  1.206513e+00  5.705000e-10  0.000000e+00 
 5.715000e-10  8.696424e-02  5.715000e-10  1.207117e+00  5.715000e-10  0.000000e+00 
 5.725000e-10  8.951220e-02  5.725000e-10  1.207685e+00  5.725000e-10  0.000000e+00 
 5.735000e-10  9.204432e-02  5.735000e-10  1.208220e+00  5.735000e-10  0.000000e+00 
 5.745000e-10  9.456274e-02  5.745000e-10  1.208725e+00  5.745000e-10  0.000000e+00 
 5.755000e-10  9.706941e-02  5.755000e-10  1.209202e+00  5.755000e-10  0.000000e+00 
 5.765000e-10  9.956610e-02  5.765000e-10  1.209653e+00  5.765000e-10  0.000000e+00 
 5.775000e-10  1.020544e-01  5.775000e-10  1.210079e+00  5.775000e-10  0.000000e+00 
 5.785000e-10  1.045359e-01  5.785000e-10  1.210483e+00  5.785000e-10  0.000000e+00 
 5.795000e-10  1.070119e-01  5.795000e-10  1.210867e+00  5.795000e-10  0.000000e+00 
 5.805000e-10  1.094837e-01  5.805000e-10  1.211231e+00  5.805000e-10  0.000000e+00 
 5.815000e-10  1.119524e-01  5.815000e-10  1.211577e+00  5.815000e-10  0.000000e+00 
 5.825000e-10  1.144191e-01  5.825000e-10  1.211907e+00  5.825000e-10  0.000000e+00 
 5.835000e-10  1.168849e-01  5.835000e-10  1.212222e+00  5.835000e-10  0.000000e+00 
 5.845000e-10  1.193507e-01  5.845000e-10  1.212523e+00  5.845000e-10  0.000000e+00 
 5.855000e-10  1.218174e-01  5.855000e-10  1.212810e+00  5.855000e-10  0.000000e+00 
 5.865000e-10  1.242857e-01  5.865000e-10  1.213086e+00  5.865000e-10  0.000000e+00 
 5.875000e-10  1.267564e-01  5.875000e-10  1.213351e+00  5.875000e-10  0.000000e+00 
 5.885000e-10  1.292303e-01  5.885000e-10  1.213605e+00  5.885000e-10  0.000000e+00 
 5.895000e-10  1.317081e-01  5.895000e-10  1.213850e+00  5.895000e-10  0.000000e+00 
 5.905000e-10  1.341905e-01  5.905000e-10  1.214086e+00  5.905000e-10  0.000000e+00 
 5.915000e-10  1.366780e-01  5.915000e-10  1.214314e+00  5.915000e-10  0.000000e+00 
 5.925000e-10  1.391712e-01  5.925000e-10  1.214534e+00  5.925000e-10  0.000000e+00 
 5.935000e-10  1.416708e-01  5.935000e-10  1.214748e+00  5.935000e-10  0.000000e+00 
 5.945000e-10  1.441773e-01  5.945000e-10  1.214956e+00  5.945000e-10  0.000000e+00 
 5.955000e-10  1.466914e-01  5.955000e-10  1.215159e+00  5.955000e-10  0.000000e+00 
 5.965000e-10  1.492134e-01  5.965000e-10  1.215356e+00  5.965000e-10  0.000000e+00 
 5.975000e-10  1.517440e-01  5.975000e-10  1.215549e+00  5.975000e-10  0.000000e+00 
 5.985000e-10  1.542838e-01  5.985000e-10  1.215738e+00  5.985000e-10  0.000000e+00 
 5.995000e-10  1.568332e-01  5.995000e-10  1.215923e+00  5.995000e-10  0.000000e+00 
 6.005000e-10  1.593929e-01  6.005000e-10  1.216105e+00  6.005000e-10  0.000000e+00 
 6.015000e-10  1.619633e-01  6.015000e-10  1.216284e+00  6.015000e-10  0.000000e+00 
 6.025000e-10  1.645450e-01  6.025000e-10  1.216461e+00  6.025000e-10  0.000000e+00 
 6.035000e-10  1.671387e-01  6.035000e-10  1.216636e+00  6.035000e-10  0.000000e+00 
 6.045000e-10  1.697448e-01  6.045000e-10  1.216810e+00  6.045000e-10  0.000000e+00 
 6.055000e-10  1.723640e-01  6.055000e-10  1.216982e+00  6.055000e-10  0.000000e+00 
 6.065000e-10  1.749970e-01  6.065000e-10  1.217154e+00  6.065000e-10  0.000000e+00 
 6.075000e-10  1.776444e-01  6.075000e-10  1.217325e+00  6.075000e-10  0.000000e+00 
 6.085000e-10  1.803068e-01  6.085000e-10  1.217496e+00  6.085000e-10  0.000000e+00 
 6.095000e-10  1.829850e-01  6.095000e-10  1.217668e+00  6.095000e-10  0.000000e+00 
 6.105000e-10  1.856798e-01  6.105000e-10  1.217840e+00  6.105000e-10  0.000000e+00 
 6.115000e-10  1.883920e-01  6.115000e-10  1.218013e+00  6.115000e-10  0.000000e+00 
 6.125000e-10  1.911225e-01  6.125000e-10  1.218188e+00  6.125000e-10  0.000000e+00 
 6.135000e-10  1.938721e-01  6.135000e-10  1.218365e+00  6.135000e-10  0.000000e+00 
 6.145000e-10  1.966419e-01  6.145000e-10  1.218544e+00  6.145000e-10  0.000000e+00 
 6.155000e-10  1.994330e-01  6.155000e-10  1.218726e+00  6.155000e-10  0.000000e+00 
 6.165000e-10  2.022465e-01  6.165000e-10  1.218911e+00  6.165000e-10  0.000000e+00 
 6.175000e-10  2.050836e-01  6.175000e-10  1.219100e+00  6.175000e-10  0.000000e+00 
 6.185000e-10  2.079459e-01  6.185000e-10  1.219294e+00  6.185000e-10  0.000000e+00 
 6.195000e-10  2.108348e-01  6.195000e-10  1.219492e+00  6.195000e-10  0.000000e+00 
 6.205000e-10  2.137521e-01  6.205000e-10  1.219697e+00  6.205000e-10  0.000000e+00 
 6.215000e-10  2.166996e-01  6.215000e-10  1.219907e+00  6.215000e-10  0.000000e+00 
 6.225000e-10  2.196796e-01  6.225000e-10  1.220126e+00  6.225000e-10  0.000000e+00 
 6.235000e-10  2.226943e-01  6.235000e-10  1.220353e+00  6.235000e-10  0.000000e+00 
 6.245000e-10  2.257468e-01  6.245000e-10  1.220590e+00  6.245000e-10  0.000000e+00 
 6.255000e-10  2.288401e-01  6.255000e-10  1.220838e+00  6.255000e-10  0.000000e+00 
 6.265000e-10  2.319782e-01  6.265000e-10  1.221099e+00  6.265000e-10  0.000000e+00 
 6.275000e-10  2.351657e-01  6.275000e-10  1.221376e+00  6.275000e-10  0.000000e+00 
 6.285000e-10  2.384081e-01  6.285000e-10  1.221671e+00  6.285000e-10  0.000000e+00 
 6.295000e-10  2.417123e-01  6.295000e-10  1.221988e+00  6.295000e-10  0.000000e+00 
 6.305000e-10  2.450871e-01  6.305000e-10  1.222333e+00  6.305000e-10  0.000000e+00 
 6.315000e-10  2.485440e-01  6.315000e-10  1.222712e+00  6.315000e-10  0.000000e+00 
 6.325000e-10  2.520993e-01  6.325000e-10  1.223138e+00  6.325000e-10  0.000000e+00 
 6.335000e-10  2.557775e-01  6.335000e-10  1.223629e+00  6.335000e-10  0.000000e+00 
 6.345000e-10  2.596026e-01  6.345000e-10  1.224192e+00  6.345000e-10  0.000000e+00 
 6.355000e-10  2.635719e-01  6.355000e-10  1.224786e+00  6.355000e-10  0.000000e+00 
 6.365000e-10  2.676643e-01  6.365000e-10  1.225374e+00  6.365000e-10  0.000000e+00 
 6.375000e-10  2.718636e-01  6.375000e-10  1.225959e+00  6.375000e-10  0.000000e+00 
 6.385000e-10  2.761567e-01  6.385000e-10  1.226540e+00  6.385000e-10  0.000000e+00 
 6.395000e-10  2.805335e-01  6.395000e-10  1.227117e+00  6.395000e-10  0.000000e+00 
 6.405000e-10  2.849856e-01  6.405000e-10  1.227689e+00  6.405000e-10  0.000000e+00 
 6.415000e-10  2.895062e-01  6.415000e-10  1.228258e+00  6.415000e-10  0.000000e+00 
 6.425000e-10  2.940899e-01  6.425000e-10  1.228823e+00  6.425000e-10  0.000000e+00 
 6.435000e-10  2.987320e-01  6.435000e-10  1.229383e+00  6.435000e-10  0.000000e+00 
 6.445000e-10  3.034289e-01  6.445000e-10  1.229940e+00  6.445000e-10  0.000000e+00 
 6.455000e-10  3.081774e-01  6.455000e-10  1.230493e+00  6.455000e-10  0.000000e+00 
 6.465000e-10  3.129746e-01  6.465000e-10  1.231042e+00  6.465000e-10  0.000000e+00 
 6.475000e-10  3.178183e-01  6.475000e-10  1.231587e+00  6.475000e-10  0.000000e+00 
 6.485000e-10  3.227065e-01  6.485000e-10  1.232128e+00  6.485000e-10  0.000000e+00 
 6.495000e-10  3.276373e-01  6.495000e-10  1.232666e+00  6.495000e-10  0.000000e+00 
 6.505000e-10  3.326092e-01  6.505000e-10  1.233199e+00  6.505000e-10  0.000000e+00 
 6.515000e-10  3.376208e-01  6.515000e-10  1.233730e+00  6.515000e-10  0.000000e+00 
 6.525000e-10  3.426708e-01  6.525000e-10  1.234257e+00  6.525000e-10  0.000000e+00 
 6.535000e-10  3.477582e-01  6.535000e-10  1.234780e+00  6.535000e-10  0.000000e+00 
 6.545000e-10  3.528818e-01  6.545000e-10  1.235301e+00  6.545000e-10  0.000000e+00 
 6.555000e-10  3.580408e-01  6.555000e-10  1.235818e+00  6.555000e-10  0.000000e+00 
 6.565000e-10  3.632343e-01  6.565000e-10  1.236332e+00  6.565000e-10  0.000000e+00 
 6.575000e-10  3.684615e-01  6.575000e-10  1.236844e+00  6.575000e-10  0.000000e+00 
 6.585000e-10  3.737218e-01  6.585000e-10  1.237352e+00  6.585000e-10  0.000000e+00 
 6.595000e-10  3.790143e-01  6.595000e-10  1.237859e+00  6.595000e-10  0.000000e+00 
 6.605000e-10  3.843386e-01  6.605000e-10  1.238362e+00  6.605000e-10  0.000000e+00 
 6.615000e-10  3.896940e-01  6.615000e-10  1.238864e+00  6.615000e-10  0.000000e+00 
 6.625000e-10  3.950801e-01  6.625000e-10  1.239363e+00  6.625000e-10  0.000000e+00 
 6.635000e-10  4.004961e-01  6.635000e-10  1.239861e+00  6.635000e-10  0.000000e+00 
 6.645000e-10  4.059372e-01  6.645000e-10  1.240355e+00  6.645000e-10  0.000000e+00 
 6.655000e-10  4.113990e-01  6.655000e-10  1.240845e+00  6.655000e-10  0.000000e+00 
 6.665000e-10  4.168807e-01  6.665000e-10  1.241331e+00  6.665000e-10  0.000000e+00 
 6.675000e-10  4.223813e-01  6.675000e-10  1.241814e+00  6.675000e-10  0.000000e+00 
 6.685000e-10  4.279001e-01  6.685000e-10  1.242292e+00  6.685000e-10  0.000000e+00 
 6.695000e-10  4.334362e-01  6.695000e-10  1.242767e+00  6.695000e-10  0.000000e+00 
 6.705000e-10  4.389887e-01  6.705000e-10  1.243237e+00  6.705000e-10  0.000000e+00 
 6.715000e-10  4.445569e-01  6.715000e-10  1.243704e+00  6.715000e-10  0.000000e+00 
 6.725000e-10  4.501398e-01  6.725000e-10  1.244166e+00  6.725000e-10  0.000000e+00 
 6.735000e-10  4.557367e-01  6.735000e-10  1.244625e+00  6.735000e-10  0.000000e+00 
 6.745000e-10  4.613468e-01  6.745000e-10  1.245080e+00  6.745000e-10  0.000000e+00 
 6.755000e-10  4.669693e-01  6.755000e-10  1.245530e+00  6.755000e-10  0.000000e+00 
 6.765000e-10  4.726035e-01  6.765000e-10  1.245977e+00  6.765000e-10  0.000000e+00 
 6.775000e-10  4.782487e-01  6.775000e-10  1.246420e+00  6.775000e-10  0.000000e+00 
 6.785000e-10  4.839042e-01  6.785000e-10  1.246859e+00  6.785000e-10  0.000000e+00 
 6.795000e-10  4.895692e-01  6.795000e-10  1.247294e+00  6.795000e-10  0.000000e+00 
 6.805000e-10  4.952431e-01  6.805000e-10  1.247726e+00  6.805000e-10  0.000000e+00 
 6.815000e-10  5.009253e-01  6.815000e-10  1.248153e+00  6.815000e-10  0.000000e+00 
 6.825000e-10  5.066151e-01  6.825000e-10  1.248576e+00  6.825000e-10  0.000000e+00 
 6.835000e-10  5.123120e-01  6.835000e-10  1.248996e+00  6.835000e-10  0.000000e+00 
 6.845000e-10  5.180154e-01  6.845000e-10  1.249411e+00  6.845000e-10  0.000000e+00 
 6.855000e-10  5.237248e-01  6.855000e-10  1.249822e+00  6.855000e-10  0.000000e+00 
 6.865000e-10  5.294397e-01  6.865000e-10  1.250229e+00  6.865000e-10  0.000000e+00 
 6.875000e-10  5.351595e-01  6.875000e-10  1.250632e+00  6.875000e-10  0.000000e+00 
 6.885000e-10  5.408839e-01  6.885000e-10  1.251031e+00  6.885000e-10  0.000000e+00 
 6.895000e-10  5.466125e-01  6.895000e-10  1.251426e+00  6.895000e-10  0.000000e+00 
 6.905000e-10  5.523444e-01  6.905000e-10  1.251816e+00  6.905000e-10  0.000000e+00 
 6.915000e-10  5.580785e-01  6.915000e-10  1.252200e+00  6.915000e-10  0.000000e+00 
 6.925000e-10  5.638142e-01  6.925000e-10  1.252575e+00  6.925000e-10  0.000000e+00 
 6.935000e-10  5.695511e-01  6.935000e-10  1.252938e+00  6.935000e-10  0.000000e+00 
 6.945000e-10  5.752889e-01  6.945000e-10  1.253287e+00  6.945000e-10  0.000000e+00 
 6.955000e-10  5.810273e-01  6.955000e-10  1.253621e+00  6.955000e-10  0.000000e+00 
 6.965000e-10  5.867661e-01  6.965000e-10  1.253936e+00  6.965000e-10  0.000000e+00 
 6.975000e-10  5.925052e-01  6.975000e-10  1.254230e+00  6.975000e-10  0.000000e+00 
 6.985000e-10  5.982447e-01  6.985000e-10  1.254501e+00  6.985000e-10  0.000000e+00 
 6.995000e-10  6.039848e-01  6.995000e-10  1.254748e+00  6.995000e-10  0.000000e+00 
 7.005000e-10  6.097256e-01  7.005000e-10  1.254968e+00  7.005000e-10  0.000000e+00 
 7.015000e-10  6.154677e-01  7.015000e-10  1.255159e+00  7.015000e-10  0.000000e+00 
 7.025000e-10  6.212115e-01  7.025000e-10  1.255319e+00  7.025000e-10  0.000000e+00 
 7.035000e-10  6.269579e-01  7.035000e-10  1.255447e+00  7.035000e-10  0.000000e+00 
 7.045000e-10  6.327078e-01  7.045000e-10  1.255541e+00  7.045000e-10  0.000000e+00 
 7.055000e-10  6.384624e-01  7.055000e-10  1.255598e+00  7.055000e-10  0.000000e+00 
 7.065000e-10  6.442232e-01  7.065000e-10  1.255618e+00  7.065000e-10  0.000000e+00 
 7.075000e-10  6.499921e-01  7.075000e-10  1.255598e+00  7.075000e-10  0.000000e+00 
 7.085000e-10  6.557713e-01  7.085000e-10  1.255537e+00  7.085000e-10  0.000000e+00 
 7.095000e-10  6.615633e-01  7.095000e-10  1.255432e+00  7.095000e-10  0.000000e+00 
 7.105000e-10  6.673716e-01  7.105000e-10  1.255283e+00  7.105000e-10  0.000000e+00 
 7.115000e-10  6.732000e-01  7.115000e-10  1.255086e+00  7.115000e-10  0.000000e+00 
 7.125000e-10  6.790537e-01  7.125000e-10  1.254840e+00  7.125000e-10  0.000000e+00 
 7.135000e-10  6.849387e-01  7.135000e-10  1.254542e+00  7.135000e-10  0.000000e+00 
 7.145000e-10  6.908630e-01  7.145000e-10  1.254189e+00  7.145000e-10  0.000000e+00 
 7.155000e-10  6.968377e-01  7.155000e-10  1.253778e+00  7.155000e-10  0.000000e+00 
 7.165000e-10  7.028773e-01  7.165000e-10  1.253306e+00  7.165000e-10  0.000000e+00 
 7.175000e-10  7.090028e-01  7.175000e-10  1.252768e+00  7.175000e-10  0.000000e+00 
 7.185000e-10  7.152490e-01  7.185000e-10  1.252161e+00  7.185000e-10  0.000000e+00 
 7.195000e-10  7.216883e-01  7.195000e-10  1.251485e+00  7.195000e-10  0.000000e+00 
 7.205000e-10  7.283848e-01  7.205000e-10  1.250735e+00  7.205000e-10  0.000000e+00 
 7.215000e-10  7.352419e-01  7.215000e-10  1.249926e+00  7.215000e-10  0.000000e+00 
 7.225000e-10  7.421335e-01  7.225000e-10  1.249104e+00  7.225000e-10  0.000000e+00 
 7.235000e-10  7.490330e-01  7.235000e-10  1.248286e+00  7.235000e-10  0.000000e+00 
 7.245000e-10  7.559361e-01  7.245000e-10  1.247477e+00  7.245000e-10  0.000000e+00 
 7.255000e-10  7.628395e-01  7.255000e-10  1.246678e+00  7.255000e-10  0.000000e+00 
 7.265000e-10  7.697416e-01  7.265000e-10  1.245892e+00  7.265000e-10  0.000000e+00 
 7.275000e-10  7.766430e-01  7.275000e-10  1.245124e+00  7.275000e-10  0.000000e+00 
 7.285000e-10  7.835481e-01  7.285000e-10  1.244379e+00  7.285000e-10  0.000000e+00 
 7.295000e-10  7.904684e-01  7.295000e-10  1.243664e+00  7.295000e-10  0.000000e+00 
 7.305000e-10  7.974301e-01  7.305000e-10  1.242989e+00  7.305000e-10  0.000000e+00 
 7.315000e-10  8.044993e-01  7.315000e-10  1.242370e+00  7.315000e-10  0.000000e+00 
 7.325000e-10  8.118056e-01  7.325000e-10  1.241824e+00  7.325000e-10  0.000000e+00 
 7.335000e-10  8.192418e-01  7.335000e-10  1.241311e+00  7.335000e-10  0.000000e+00 
 7.345000e-10  8.266046e-01  7.345000e-10  1.240782e+00  7.345000e-10  0.000000e+00 
 7.355000e-10  8.338903e-01  7.355000e-10  1.240233e+00  7.355000e-10  0.000000e+00 
 7.365000e-10  8.410959e-01  7.365000e-10  1.239665e+00  7.365000e-10  0.000000e+00 
 7.375000e-10  8.482184e-01  7.375000e-10  1.239076e+00  7.375000e-10  0.000000e+00 
 7.385000e-10  8.552582e-01  7.385000e-10  1.238449e+00  7.385000e-10  0.000000e+00 
 7.395000e-10  8.622170e-01  7.395000e-10  1.237769e+00  7.395000e-10  0.000000e+00 
 7.405000e-10  8.690942e-01  7.405000e-10  1.237039e+00  7.405000e-10  0.000000e+00 
 7.415000e-10  8.758893e-01  7.415000e-10  1.236260e+00  7.415000e-10  0.000000e+00 
 7.425000e-10  8.826015e-01  7.425000e-10  1.235437e+00  7.425000e-10  0.000000e+00 
 7.435000e-10  8.892303e-01  7.435000e-10  1.234571e+00  7.435000e-10  0.000000e+00 
 7.445000e-10  8.957752e-01  7.445000e-10  1.233665e+00  7.445000e-10  0.000000e+00 
 7.455000e-10  9.022356e-01  7.455000e-10  1.232723e+00  7.455000e-10  0.000000e+00 
 7.465000e-10  9.086110e-01  7.465000e-10  1.231747e+00  7.465000e-10  0.000000e+00 
 7.475000e-10  9.149010e-01  7.475000e-10  1.230739e+00  7.475000e-10  0.000000e+00 
 7.485000e-10  9.211053e-01  7.485000e-10  1.229702e+00  7.485000e-10  0.000000e+00 
 7.495000e-10  9.272234e-01  7.495000e-10  1.228639e+00  7.495000e-10  0.000000e+00 
 7.505000e-10  9.332551e-01  7.505000e-10  1.227552e+00  7.505000e-10  0.000000e+00 
 7.515000e-10  9.392001e-01  7.515000e-10  1.226444e+00  7.515000e-10  0.000000e+00 
 7.525000e-10  9.450581e-01  7.525000e-10  1.225316e+00  7.525000e-10  0.000000e+00 
 7.535000e-10  9.508006e-01  7.535000e-10  1.224167e+00  7.535000e-10  0.000000e+00 
 7.545000e-10  9.563971e-01  7.545000e-10  1.222995e+00  7.545000e-10  0.000000e+00 
 7.555000e-10  9.618539e-01  7.555000e-10  1.221800e+00  7.555000e-10  0.000000e+00 
 7.565000e-10  9.671871e-01  7.565000e-10  1.220588e+00  7.565000e-10  0.000000e+00 
 7.575000e-10  9.724093e-01  7.575000e-10  1.219360e+00  7.575000e-10  0.000000e+00 
 7.585000e-10  9.775307e-01  7.585000e-10  1.218121e+00  7.585000e-10  0.000000e+00 
 7.595000e-10  9.825589e-01  7.595000e-10  1.216872e+00  7.595000e-10  0.000000e+00 
 7.605000e-10  9.875002e-01  7.605000e-10  1.215618e+00  7.605000e-10  0.000000e+00 
 7.615000e-10  9.923590e-01  7.615000e-10  1.214360e+00  7.615000e-10  0.000000e+00 
 7.625000e-10  9.971392e-01  7.625000e-10  1.213101e+00  7.625000e-10  0.000000e+00 
 7.635000e-10  1.001843e+00  7.635000e-10  1.211843e+00  7.635000e-10  0.000000e+00 
 7.645000e-10  1.006474e+00  7.645000e-10  1.210590e+00  7.645000e-10  0.000000e+00 
 7.655000e-10  1.011032e+00  7.655000e-10  1.209342e+00  7.655000e-10  0.000000e+00 
 7.665000e-10  1.015518e+00  7.665000e-10  1.208101e+00  7.665000e-10  0.000000e+00 
 7.675000e-10  1.019934e+00  7.675000e-10  1.206871e+00  7.675000e-10  0.000000e+00 
 7.685000e-10  1.024280e+00  7.685000e-10  1.205652e+00  7.685000e-10  0.000000e+00 
 7.695000e-10  1.028557e+00  7.695000e-10  1.204447e+00  7.695000e-10  0.000000e+00 
 7.705000e-10  1.032763e+00  7.705000e-10  1.203257e+00  7.705000e-10  0.000000e+00 
 7.715000e-10  1.036900e+00  7.715000e-10  1.202083e+00  7.715000e-10  0.000000e+00 
 7.725000e-10  1.040968e+00  7.725000e-10  1.200926e+00  7.725000e-10  0.000000e+00 
 7.735000e-10  1.044965e+00  7.735000e-10  1.199789e+00  7.735000e-10  0.000000e+00 
 7.745000e-10  1.048890e+00  7.745000e-10  1.198675e+00  7.745000e-10  0.000000e+00 
 7.755000e-10  1.052742e+00  7.755000e-10  1.197584e+00  7.755000e-10  0.000000e+00 
 7.765000e-10  1.056520e+00  7.765000e-10  1.196519e+00  7.765000e-10  0.000000e+00 
 7.775000e-10  1.060226e+00  7.775000e-10  1.195478e+00  7.775000e-10  0.000000e+00 
 7.785000e-10  1.063859e+00  7.785000e-10  1.194464e+00  7.785000e-10  0.000000e+00 
 7.795000e-10  1.067419e+00  7.795000e-10  1.193475e+00  7.795000e-10  0.000000e+00 
 7.805000e-10  1.070908e+00  7.805000e-10  1.192514e+00  7.805000e-10  0.000000e+00 
 7.815000e-10  1.074325e+00  7.815000e-10  1.191579e+00  7.815000e-10  0.000000e+00 
 7.825000e-10  1.077670e+00  7.825000e-10  1.190671e+00  7.825000e-10  0.000000e+00 
 7.835000e-10  1.080946e+00  7.835000e-10  1.189790e+00  7.835000e-10  0.000000e+00 
 7.845000e-10  1.084151e+00  7.845000e-10  1.188937e+00  7.845000e-10  0.000000e+00 
 7.855000e-10  1.087286e+00  7.855000e-10  1.188112e+00  7.855000e-10  0.000000e+00 
 7.865000e-10  1.090353e+00  7.865000e-10  1.187314e+00  7.865000e-10  0.000000e+00 
 7.875000e-10  1.093351e+00  7.875000e-10  1.186544e+00  7.875000e-10  0.000000e+00 
 7.885000e-10  1.096281e+00  7.885000e-10  1.185803e+00  7.885000e-10  0.000000e+00 
 7.895000e-10  1.099143e+00  7.895000e-10  1.185089e+00  7.895000e-10  0.000000e+00 
 7.905000e-10  1.101939e+00  7.905000e-10  1.184403e+00  7.905000e-10  0.000000e+00 
 7.915000e-10  1.104669e+00  7.915000e-10  1.183745e+00  7.915000e-10  0.000000e+00 
 7.925000e-10  1.107334e+00  7.925000e-10  1.183115e+00  7.925000e-10  0.000000e+00 
 7.935000e-10  1.109934e+00  7.935000e-10  1.182512e+00  7.935000e-10  0.000000e+00 
 7.945000e-10  1.112471e+00  7.945000e-10  1.181937e+00  7.945000e-10  0.000000e+00 
 7.955000e-10  1.114945e+00  7.955000e-10  1.181388e+00  7.955000e-10  0.000000e+00 
 7.965000e-10  1.117356e+00  7.965000e-10  1.180867e+00  7.965000e-10  0.000000e+00 
 7.975000e-10  1.119706e+00  7.975000e-10  1.180372e+00  7.975000e-10  0.000000e+00 
 7.985000e-10  1.121996e+00  7.985000e-10  1.179903e+00  7.985000e-10  0.000000e+00 
 7.995000e-10  1.124227e+00  7.995000e-10  1.179460e+00  7.995000e-10  0.000000e+00 
 8.005000e-10  1.126397e+00  8.005000e-10  1.179043e+00  8.005000e-10  0.000000e+00 
 8.015000e-10  1.128506e+00  8.015000e-10  1.178651e+00  8.015000e-10  0.000000e+00 
 8.025000e-10  1.130554e+00  8.025000e-10  1.178285e+00  8.025000e-10  0.000000e+00 
 8.035000e-10  1.132544e+00  8.035000e-10  1.177943e+00  8.035000e-10  0.000000e+00 
 8.045000e-10  1.134476e+00  8.045000e-10  1.177625e+00  8.045000e-10  0.000000e+00 
 8.055000e-10  1.136352e+00  8.055000e-10  1.177330e+00  8.055000e-10  0.000000e+00 
 8.065000e-10  1.138174e+00  8.065000e-10  1.177057e+00  8.065000e-10  0.000000e+00 
 8.075000e-10  1.139944e+00  8.075000e-10  1.176806e+00  8.075000e-10  0.000000e+00 
 8.085000e-10  1.141661e+00  8.085000e-10  1.176576e+00  8.085000e-10  0.000000e+00 
 8.095000e-10  1.143329e+00  8.095000e-10  1.176367e+00  8.095000e-10  0.000000e+00 
 8.105000e-10  1.144948e+00  8.105000e-10  1.176177e+00  8.105000e-10  0.000000e+00 
 8.115000e-10  1.146519e+00  8.115000e-10  1.176006e+00  8.115000e-10  0.000000e+00 
 8.125000e-10  1.148046e+00  8.125000e-10  1.175853e+00  8.125000e-10  0.000000e+00 
 8.135000e-10  1.149529e+00  8.135000e-10  1.175718e+00  8.135000e-10  0.000000e+00 
 8.145000e-10  1.150969e+00  8.145000e-10  1.175600e+00  8.145000e-10  0.000000e+00 
 8.155000e-10  1.152365e+00  8.155000e-10  1.175499e+00  8.155000e-10  0.000000e+00 
 8.165000e-10  1.153721e+00  8.165000e-10  1.175413e+00  8.165000e-10  0.000000e+00 
 8.175000e-10  1.155036e+00  8.175000e-10  1.175343e+00  8.175000e-10  0.000000e+00 
 8.185000e-10  1.156311e+00  8.185000e-10  1.175287e+00  8.185000e-10  0.000000e+00 
 8.195000e-10  1.157549e+00  8.195000e-10  1.175245e+00  8.195000e-10  0.000000e+00 
 8.205000e-10  1.158750e+00  8.205000e-10  1.175217e+00  8.205000e-10  0.000000e+00 
 8.215000e-10  1.159914e+00  8.215000e-10  1.175202e+00  8.215000e-10  0.000000e+00 
 8.225000e-10  1.161044e+00  8.225000e-10  1.175200e+00  8.225000e-10  0.000000e+00 
 8.235000e-10  1.162140e+00  8.235000e-10  1.175209e+00  8.235000e-10  0.000000e+00 
 8.245000e-10  1.163202e+00  8.245000e-10  1.175230e+00  8.245000e-10  0.000000e+00 
 8.255000e-10  1.164233e+00  8.255000e-10  1.175262e+00  8.255000e-10  0.000000e+00 
 8.265000e-10  1.165232e+00  8.265000e-10  1.175305e+00  8.265000e-10  0.000000e+00 
 8.275000e-10  1.166201e+00  8.275000e-10  1.175357e+00  8.275000e-10  0.000000e+00 
 8.285000e-10  1.167141e+00  8.285000e-10  1.175420e+00  8.285000e-10  0.000000e+00 
 8.295000e-10  1.168052e+00  8.295000e-10  1.175491e+00  8.295000e-10  0.000000e+00 
 8.305000e-10  1.168936e+00  8.305000e-10  1.175571e+00  8.305000e-10  0.000000e+00 
 8.315000e-10  1.169792e+00  8.315000e-10  1.175660e+00  8.315000e-10  0.000000e+00 
 8.325000e-10  1.170622e+00  8.325000e-10  1.175757e+00  8.325000e-10  0.000000e+00 
 8.335000e-10  1.171427e+00  8.335000e-10  1.175861e+00  8.335000e-10  0.000000e+00 
 8.345000e-10  1.172207e+00  8.345000e-10  1.175972e+00  8.345000e-10  0.000000e+00 
 8.355000e-10  1.172964e+00  8.355000e-10  1.176090e+00  8.355000e-10  0.000000e+00 
 8.365000e-10  1.173696e+00  8.365000e-10  1.176215e+00  8.365000e-10  0.000000e+00 
 8.375000e-10  1.174407e+00  8.375000e-10  1.176346e+00  8.375000e-10  0.000000e+00 
 8.385000e-10  1.175095e+00  8.385000e-10  1.176482e+00  8.385000e-10  0.000000e+00 
 8.395000e-10  1.175762e+00  8.395000e-10  1.176624e+00  8.395000e-10  0.000000e+00 
 8.405000e-10  1.176409e+00  8.405000e-10  1.176772e+00  8.405000e-10  0.000000e+00 
 8.415000e-10  1.177035e+00  8.415000e-10  1.176924e+00  8.415000e-10  0.000000e+00 
 8.425000e-10  1.177643e+00  8.425000e-10  1.177080e+00  8.425000e-10  0.000000e+00 
 8.435000e-10  1.178231e+00  8.435000e-10  1.177241e+00  8.435000e-10  0.000000e+00 
 8.445000e-10  1.178801e+00  8.445000e-10  1.177406e+00  8.445000e-10  0.000000e+00 
 8.455000e-10  1.179353e+00  8.455000e-10  1.177575e+00  8.455000e-10  0.000000e+00 
 8.465000e-10  1.179888e+00  8.465000e-10  1.177747e+00  8.465000e-10  0.000000e+00 
 8.475000e-10  1.180406e+00  8.475000e-10  1.177923e+00  8.475000e-10  0.000000e+00 
 8.485000e-10  1.180908e+00  8.485000e-10  1.178102e+00  8.485000e-10  0.000000e+00 
 8.495000e-10  1.181394e+00  8.495000e-10  1.178283e+00  8.495000e-10  0.000000e+00 
 8.505000e-10  1.181865e+00  8.505000e-10  1.178467e+00  8.505000e-10  0.000000e+00 
 8.515000e-10  1.182321e+00  8.515000e-10  1.178653e+00  8.515000e-10  0.000000e+00 
 8.525000e-10  1.182762e+00  8.525000e-10  1.178842e+00  8.525000e-10  0.000000e+00 
 8.535000e-10  1.183190e+00  8.535000e-10  1.179032e+00  8.535000e-10  0.000000e+00 
 8.545000e-10  1.183605e+00  8.545000e-10  1.179225e+00  8.545000e-10  0.000000e+00 
 8.555000e-10  1.184006e+00  8.555000e-10  1.179418e+00  8.555000e-10  0.000000e+00 
 8.565000e-10  1.184394e+00  8.565000e-10  1.179614e+00  8.565000e-10  0.000000e+00 
 8.575000e-10  1.184771e+00  8.575000e-10  1.179810e+00  8.575000e-10  0.000000e+00 
 8.585000e-10  1.185135e+00  8.585000e-10  1.180008e+00  8.585000e-10  0.000000e+00 
 8.595000e-10  1.185488e+00  8.595000e-10  1.180207e+00  8.595000e-10  0.000000e+00 
 8.605000e-10  1.185829e+00  8.605000e-10  1.180406e+00  8.605000e-10  0.000000e+00 
 8.615000e-10  1.186160e+00  8.615000e-10  1.180606e+00  8.615000e-10  0.000000e+00 
 8.625000e-10  1.186480e+00  8.625000e-10  1.180807e+00  8.625000e-10  0.000000e+00 
 8.635000e-10  1.186790e+00  8.635000e-10  1.181008e+00  8.635000e-10  0.000000e+00 
 8.645000e-10  1.187090e+00  8.645000e-10  1.181210e+00  8.645000e-10  0.000000e+00 
 8.655000e-10  1.187381e+00  8.655000e-10  1.181411e+00  8.655000e-10  0.000000e+00 
 8.665000e-10  1.187662e+00  8.665000e-10  1.181613e+00  8.665000e-10  0.000000e+00 
 8.675000e-10  1.187934e+00  8.675000e-10  1.181814e+00  8.675000e-10  0.000000e+00 
 8.685000e-10  1.188198e+00  8.685000e-10  1.182015e+00  8.685000e-10  0.000000e+00 
 8.695000e-10  1.188453e+00  8.695000e-10  1.182217e+00  8.695000e-10  0.000000e+00 
 8.705000e-10  1.188700e+00  8.705000e-10  1.182417e+00  8.705000e-10  0.000000e+00 
 8.715000e-10  1.188939e+00  8.715000e-10  1.182618e+00  8.715000e-10  0.000000e+00 
 8.725000e-10  1.189171e+00  8.725000e-10  1.182817e+00  8.725000e-10  0.000000e+00 
 8.735000e-10  1.189395e+00  8.735000e-10  1.183016e+00  8.735000e-10  0.000000e+00 
 8.745000e-10  1.189611e+00  8.745000e-10  1.183215e+00  8.745000e-10  0.000000e+00 
 8.755000e-10  1.189821e+00  8.755000e-10  1.183412e+00  8.755000e-10  0.000000e+00 
 8.765000e-10  1.190024e+00  8.765000e-10  1.183609e+00  8.765000e-10  0.000000e+00 
 8.775000e-10  1.190221e+00  8.775000e-10  1.183805e+00  8.775000e-10  0.000000e+00 
 8.785000e-10  1.190411e+00  8.785000e-10  1.184000e+00  8.785000e-10  0.000000e+00 
 8.795000e-10  1.190596e+00  8.795000e-10  1.184194e+00  8.795000e-10  0.000000e+00 
 8.805000e-10  1.190774e+00  8.805000e-10  1.184387e+00  8.805000e-10  0.000000e+00 
 8.815000e-10  1.190947e+00  8.815000e-10  1.184578e+00  8.815000e-10  0.000000e+00 
 8.825000e-10  1.191114e+00  8.825000e-10  1.184769e+00  8.825000e-10  0.000000e+00 
 8.835000e-10  1.191275e+00  8.835000e-10  1.184958e+00  8.835000e-10  0.000000e+00 
 8.845000e-10  1.191432e+00  8.845000e-10  1.185146e+00  8.845000e-10  0.000000e+00 
 8.855000e-10  1.191584e+00  8.855000e-10  1.185333e+00  8.855000e-10  0.000000e+00 
 8.865000e-10  1.191730e+00  8.865000e-10  1.185518e+00  8.865000e-10  0.000000e+00 
 8.875000e-10  1.191872e+00  8.875000e-10  1.185702e+00  8.875000e-10  0.000000e+00 
 8.885000e-10  1.192010e+00  8.885000e-10  1.185885e+00  8.885000e-10  0.000000e+00 
 8.895000e-10  1.192143e+00  8.895000e-10  1.186066e+00  8.895000e-10  0.000000e+00 
 8.905000e-10  1.192272e+00  8.905000e-10  1.186245e+00  8.905000e-10  0.000000e+00 
 8.915000e-10  1.192397e+00  8.915000e-10  1.186423e+00  8.915000e-10  0.000000e+00 
 8.925000e-10  1.192518e+00  8.925000e-10  1.186600e+00  8.925000e-10  0.000000e+00 
 8.935000e-10  1.192635e+00  8.935000e-10  1.186775e+00  8.935000e-10  0.000000e+00 
 8.945000e-10  1.192748e+00  8.945000e-10  1.186948e+00  8.945000e-10  0.000000e+00 
 8.955000e-10  1.192858e+00  8.955000e-10  1.187120e+00  8.955000e-10  0.000000e+00 
 8.965000e-10  1.192964e+00  8.965000e-10  1.187290e+00  8.965000e-10  0.000000e+00 
 8.975000e-10  1.193067e+00  8.975000e-10  1.187459e+00  8.975000e-10  0.000000e+00 
 8.985000e-10  1.193167e+00  8.985000e-10  1.187625e+00  8.985000e-10  0.000000e+00 
 8.995000e-10  1.193263e+00  8.995000e-10  1.187791e+00  8.995000e-10  0.000000e+00 
 9.005000e-10  1.193357e+00  9.005000e-10  1.187954e+00  9.005000e-10  0.000000e+00 
 9.015000e-10  1.193448e+00  9.015000e-10  1.188116e+00  9.015000e-10  0.000000e+00 
 9.025000e-10  1.193536e+00  9.025000e-10  1.188276e+00  9.025000e-10  0.000000e+00 
 9.035000e-10  1.193621e+00  9.035000e-10  1.188435e+00  9.035000e-10  0.000000e+00 
 9.045000e-10  1.193703e+00  9.045000e-10  1.188591e+00  9.045000e-10  0.000000e+00 
 9.055000e-10  1.193783e+00  9.055000e-10  1.188746e+00  9.055000e-10  0.000000e+00 
 9.065000e-10  1.193861e+00  9.065000e-10  1.188900e+00  9.065000e-10  0.000000e+00 
 9.075000e-10  1.193936e+00  9.075000e-10  1.189051e+00  9.075000e-10  0.000000e+00 
 9.085000e-10  1.194009e+00  9.085000e-10  1.189201e+00  9.085000e-10  0.000000e+00 
 9.095000e-10  1.194080e+00  9.095000e-10  1.189349e+00  9.095000e-10  0.000000e+00 
 9.105000e-10  1.194149e+00  9.105000e-10  1.189496e+00  9.105000e-10  0.000000e+00 
 9.115000e-10  1.194215e+00  9.115000e-10  1.189641e+00  9.115000e-10  0.000000e+00 
 9.125000e-10  1.194280e+00  9.125000e-10  1.189784e+00  9.125000e-10  0.000000e+00 
 9.135000e-10  1.194342e+00  9.135000e-10  1.189925e+00  9.135000e-10  0.000000e+00 
 9.145000e-10  1.194403e+00  9.145000e-10  1.190065e+00  9.145000e-10  0.000000e+00 
 9.155000e-10  1.194462e+00  9.155000e-10  1.190203e+00  9.155000e-10  0.000000e+00 
 9.165000e-10  1.194520e+00  9.165000e-10  1.190339e+00  9.165000e-10  0.000000e+00 
 9.175000e-10  1.194575e+00  9.175000e-10  1.190474e+00  9.175000e-10  0.000000e+00 
 9.185000e-10  1.194629e+00  9.185000e-10  1.190606e+00  9.185000e-10  0.000000e+00 
 9.195000e-10  1.194682e+00  9.195000e-10  1.190738e+00  9.195000e-10  0.000000e+00 
 9.205000e-10  1.194733e+00  9.205000e-10  1.190867e+00  9.205000e-10  0.000000e+00 
 9.215000e-10  1.194783e+00  9.215000e-10  1.190995e+00  9.215000e-10  0.000000e+00 
 9.225000e-10  1.194831e+00  9.225000e-10  1.191121e+00  9.225000e-10  0.000000e+00 
 9.235000e-10  1.194878e+00  9.235000e-10  1.191246e+00  9.235000e-10  0.000000e+00 
 9.245000e-10  1.194924e+00  9.245000e-10  1.191369e+00  9.245000e-10  0.000000e+00 
 9.255000e-10  1.194968e+00  9.255000e-10  1.191491e+00  9.255000e-10  0.000000e+00 
 9.265000e-10  1.195011e+00  9.265000e-10  1.191610e+00  9.265000e-10  0.000000e+00 
 9.275000e-10  1.195053e+00  9.275000e-10  1.191729e+00  9.275000e-10  0.000000e+00 
 9.285000e-10  1.195094e+00  9.285000e-10  1.191845e+00  9.285000e-10  0.000000e+00 
 9.295000e-10  1.195134e+00  9.295000e-10  1.191960e+00  9.295000e-10  0.000000e+00 
 9.305000e-10  1.195173e+00  9.305000e-10  1.192074e+00  9.305000e-10  0.000000e+00 
 9.315000e-10  1.195211e+00  9.315000e-10  1.192186e+00  9.315000e-10  0.000000e+00 
 9.325000e-10  1.195248e+00  9.325000e-10  1.192296e+00  9.325000e-10  0.000000e+00 
 9.335000e-10  1.195284e+00  9.335000e-10  1.192405e+00  9.335000e-10  0.000000e+00 
 9.345000e-10  1.195319e+00  9.345000e-10  1.192513e+00  9.345000e-10  0.000000e+00 
 9.355000e-10  1.195353e+00  9.355000e-10  1.192619e+00  9.355000e-10  0.000000e+00 
 9.365000e-10  1.195386e+00  9.365000e-10  1.192723e+00  9.365000e-10  0.000000e+00 
 9.375000e-10  1.195419e+00  9.375000e-10  1.192826e+00  9.375000e-10  0.000000e+00 
 9.385000e-10  1.195451e+00  9.385000e-10  1.192928e+00  9.385000e-10  0.000000e+00 
 9.395000e-10  1.195482e+00  9.395000e-10  1.193028e+00  9.395000e-10  0.000000e+00 
 9.405000e-10  1.195512e+00  9.405000e-10  1.193127e+00  9.405000e-10  0.000000e+00 
 9.415000e-10  1.195542e+00  9.415000e-10  1.193224e+00  9.415000e-10  0.000000e+00 
 9.425000e-10  1.195571e+00  9.425000e-10  1.193320e+00  9.425000e-10  0.000000e+00 
 9.435000e-10  1.195600e+00  9.435000e-10  1.193415e+00  9.435000e-10  0.000000e+00 
 9.445000e-10  1.195627e+00  9.445000e-10  1.193508e+00  9.445000e-10  0.000000e+00 
 9.455000e-10  1.195655e+00  9.455000e-10  1.193600e+00  9.455000e-10  0.000000e+00 
 9.465000e-10  1.195681e+00  9.465000e-10  1.193690e+00  9.465000e-10  0.000000e+00 
 9.475000e-10  1.195707e+00  9.475000e-10  1.193779e+00  9.475000e-10  0.000000e+00 
 9.485000e-10  1.195733e+00  9.485000e-10  1.193867e+00  9.485000e-10  0.000000e+00 
 9.495000e-10  1.195758e+00  9.495000e-10  1.193954e+00  9.495000e-10  0.000000e+00 
 9.505000e-10  1.195783e+00  9.505000e-10  1.194039e+00  9.505000e-10  0.000000e+00 
 9.515000e-10  1.195807e+00  9.515000e-10  1.194124e+00  9.515000e-10  0.000000e+00 
 9.525000e-10  1.195830e+00  9.525000e-10  1.194206e+00  9.525000e-10  0.000000e+00 
 9.535000e-10  1.195854e+00  9.535000e-10  1.194288e+00  9.535000e-10  0.000000e+00 
 9.545000e-10  1.195877e+00  9.545000e-10  1.194369e+00  9.545000e-10  0.000000e+00 
 9.555000e-10  1.195899e+00  9.555000e-10  1.194448e+00  9.555000e-10  0.000000e+00 
 9.565000e-10  1.195921e+00  9.565000e-10  1.194526e+00  9.565000e-10  0.000000e+00 
 9.575000e-10  1.195943e+00  9.575000e-10  1.194603e+00  9.575000e-10  0.000000e+00 
 9.585000e-10  1.195964e+00  9.585000e-10  1.194679e+00  9.585000e-10  0.000000e+00 
 9.595000e-10  1.195985e+00  9.595000e-10  1.194753e+00  9.595000e-10  0.000000e+00 
 9.605000e-10  1.196005e+00  9.605000e-10  1.194827e+00  9.605000e-10  0.000000e+00 
 9.615000e-10  1.196026e+00  9.615000e-10  1.194899e+00  9.615000e-10  0.000000e+00 
 9.625000e-10  1.196046e+00  9.625000e-10  1.194971e+00  9.625000e-10  0.000000e+00 
 9.635000e-10  1.196065e+00  9.635000e-10  1.195041e+00  9.635000e-10  0.000000e+00 
 9.645000e-10  1.196085e+00  9.645000e-10  1.195110e+00  9.645000e-10  0.000000e+00 
 9.655000e-10  1.196104e+00  9.655000e-10  1.195178e+00  9.655000e-10  0.000000e+00 
 9.665000e-10  1.196123e+00  9.665000e-10  1.195245e+00  9.665000e-10  0.000000e+00 
 9.675000e-10  1.196141e+00  9.675000e-10  1.195311e+00  9.675000e-10  0.000000e+00 
 9.685000e-10  1.196160e+00  9.685000e-10  1.195376e+00  9.685000e-10  0.000000e+00 
 9.695000e-10  1.196178e+00  9.695000e-10  1.195441e+00  9.695000e-10  0.000000e+00 
 9.705000e-10  1.196196e+00  9.705000e-10  1.195504e+00  9.705000e-10  0.000000e+00 
 9.715000e-10  1.196213e+00  9.715000e-10  1.195566e+00  9.715000e-10  0.000000e+00 
 9.725000e-10  1.196231e+00  9.725000e-10  1.195627e+00  9.725000e-10  0.000000e+00 
 9.735000e-10  1.196248e+00  9.735000e-10  1.195687e+00  9.735000e-10  0.000000e+00 
 9.745000e-10  1.196265e+00  9.745000e-10  1.195747e+00  9.745000e-10  0.000000e+00 
 9.755000e-10  1.196282e+00  9.755000e-10  1.195805e+00  9.755000e-10  0.000000e+00 
 9.765000e-10  1.196299e+00  9.765000e-10  1.195863e+00  9.765000e-10  0.000000e+00 
 9.775000e-10  1.196315e+00  9.775000e-10  1.195919e+00  9.775000e-10  0.000000e+00 
 9.785000e-10  1.196331e+00  9.785000e-10  1.195975e+00  9.785000e-10  0.000000e+00 
 9.795000e-10  1.196348e+00  9.795000e-10  1.196030e+00  9.795000e-10  0.000000e+00 
 9.805000e-10  1.196364e+00  9.805000e-10  1.196084e+00  9.805000e-10  0.000000e+00 
 9.815000e-10  1.196379e+00  9.815000e-10  1.196137e+00  9.815000e-10  0.000000e+00 
 9.825000e-10  1.196395e+00  9.825000e-10  1.196190e+00  9.825000e-10  0.000000e+00 
 9.835000e-10  1.196411e+00  9.835000e-10  1.196241e+00  9.835000e-10  0.000000e+00 
 9.845000e-10  1.196426e+00  9.845000e-10  1.196292e+00  9.845000e-10  0.000000e+00 
 9.855000e-10  1.196441e+00  9.855000e-10  1.196342e+00  9.855000e-10  0.000000e+00 
 9.865000e-10  1.196456e+00  9.865000e-10  1.196391e+00  9.865000e-10  0.000000e+00 
 9.875000e-10  1.196471e+00  9.875000e-10  1.196440e+00  9.875000e-10  0.000000e+00 
 9.885000e-10  1.196486e+00  9.885000e-10  1.196488e+00  9.885000e-10  0.000000e+00 
 9.895000e-10  1.196501e+00  9.895000e-10  1.196535e+00  9.895000e-10  0.000000e+00 
 9.905000e-10  1.196516e+00  9.905000e-10  1.196581e+00  9.905000e-10  0.000000e+00 
 9.915000e-10  1.196530e+00  9.915000e-10  1.196627e+00  9.915000e-10  0.000000e+00 
 9.925000e-10  1.196545e+00  9.925000e-10  1.196671e+00  9.925000e-10  0.000000e+00 
 9.935000e-10  1.196559e+00  9.935000e-10  1.196716e+00  9.935000e-10  0.000000e+00 
 9.945000e-10  1.196573e+00  9.945000e-10  1.196759e+00  9.945000e-10  0.000000e+00 
 9.955000e-10  1.196587e+00  9.955000e-10  1.196802e+00  9.955000e-10  0.000000e+00 
 9.965000e-10  1.196601e+00  9.965000e-10  1.196844e+00  9.965000e-10  0.000000e+00 
 9.975000e-10  1.196615e+00  9.975000e-10  1.196885e+00  9.975000e-10  0.000000e+00 
 9.985000e-10  1.196629e+00  9.985000e-10  1.196926e+00  9.985000e-10  0.000000e+00 
 9.995000e-10  1.196643e+00  9.995000e-10  1.196966e+00  9.995000e-10  0.000000e+00 
 1.000000e-09  1.196650e+00  1.000000e-09  1.196986e+00  1.000000e-09  0.000000e+00 
 1.000100e-09  1.196872e+00  1.000100e-09  1.197211e+00  1.000100e-09  2.400000e-03 
 1.000300e-09  1.197315e+00  1.000300e-09  1.197659e+00  1.000300e-09  7.200000e-03 
 1.000700e-09  1.198193e+00  1.000700e-09  1.198547e+00  1.000700e-09  1.680000e-02 
 1.001500e-09  1.199919e+00  1.001500e-09  1.200295e+00  1.001500e-09  3.600000e-02 
 1.002500e-09  1.202025e+00  1.002500e-09  1.202430e+00  1.002500e-09  6.000000e-02 
 1.003500e-09  1.204080e+00  1.003500e-09  1.204514e+00  1.003500e-09  8.400000e-02 
 1.004500e-09  1.206088e+00  1.004500e-09  1.206553e+00  1.004500e-09  1.080000e-01 
 1.005500e-09  1.208053e+00  1.005500e-09  1.208550e+00  1.005500e-09  1.320000e-01 
 1.006500e-09  1.209979e+00  1.006500e-09  1.210509e+00  1.006500e-09  1.560000e-01 
 1.007500e-09  1.211871e+00  1.007500e-09  1.212435e+00  1.007500e-09  1.800000e-01 
 1.008500e-09  1.213731e+00  1.008500e-09  1.214331e+00  1.008500e-09  2.040000e-01 
 1.009500e-09  1.215563e+00  1.009500e-09  1.216201e+00  1.009500e-09  2.280000e-01 
 1.010500e-09  1.217372e+00  1.010500e-09  1.218048e+00  1.010500e-09  2.520000e-01 
 1.011500e-09  1.219160e+00  1.011500e-09  1.219876e+00  1.011500e-09  2.760000e-01 
 1.012500e-09  1.220931e+00  1.012500e-09  1.221687e+00  1.012500e-09  3.000000e-01 
 1.013500e-09  1.222687e+00  1.013500e-09  1.223485e+00  1.013500e-09  3.240000e-01 
 1.014500e-09  1.224433e+00  1.014500e-09  1.225274e+00  1.014500e-09  3.480000e-01 
 1.015500e-09  1.226171e+00  1.015500e-09  1.227056e+00  1.015500e-09  3.720000e-01 
 1.016500e-09  1.227905e+00  1.016500e-09  1.228834e+00  1.016500e-09  3.960000e-01 
 1.017500e-09  1.229637e+00  1.017500e-09  1.230613e+00  1.017500e-09  4.200000e-01 
 1.018500e-09  1.231371e+00  1.018500e-09  1.232394e+00  1.018500e-09  4.440000e-01 
 1.019500e-09  1.233110e+00  1.019500e-09  1.234181e+00  1.019500e-09  4.680000e-01 
 1.020500e-09  1.234857e+00  1.020500e-09  1.235975e+00  1.020500e-09  4.920000e-01 
 1.021500e-09  1.236614e+00  1.021500e-09  1.237781e+00  1.021500e-09  5.160000e-01 
 1.022500e-09  1.238386e+00  1.022500e-09  1.239598e+00  1.022500e-09  5.400000e-01 
 1.023500e-09  1.240175e+00  1.023500e-09  1.241430e+00  1.023500e-09  5.640000e-01 
 1.024500e-09  1.241984e+00  1.024500e-09  1.243282e+00  1.024500e-09  5.880000e-01 
 1.025500e-09  1.243818e+00  1.025500e-09  1.245157e+00  1.025500e-09  6.120000e-01 
 1.026500e-09  1.245682e+00  1.026500e-09  1.247063e+00  1.026500e-09  6.360000e-01 
 1.027500e-09  1.247582e+00  1.027500e-09  1.249004e+00  1.027500e-09  6.600000e-01 
 1.028500e-09  1.249524e+00  1.028500e-09  1.250986e+00  1.028500e-09  6.840000e-01 
 1.029500e-09  1.251516e+00  1.029500e-09  1.253017e+00  1.029500e-09  7.080000e-01 
 1.030500e-09  1.253568e+00  1.030500e-09  1.255107e+00  1.030500e-09  7.320000e-01 
 1.031500e-09  1.255698e+00  1.031500e-09  1.257271e+00  1.031500e-09  7.560000e-01 
 1.032500e-09  1.257929e+00  1.032500e-09  1.259534e+00  1.032500e-09  7.800000e-01 
 1.033500e-09  1.260296e+00  1.033500e-09  1.261927e+00  1.033500e-09  8.040000e-01 
 1.034500e-09  1.262764e+00  1.034500e-09  1.264418e+00  1.034500e-09  8.280000e-01 
 1.035500e-09  1.265250e+00  1.035500e-09  1.266924e+00  1.035500e-09  8.520000e-01 
 1.036500e-09  1.267709e+00  1.036500e-09  1.269403e+00  1.036500e-09  8.760000e-01 
 1.037500e-09  1.270074e+00  1.037500e-09  1.271796e+00  1.037500e-09  9.000000e-01 
 1.038500e-09  1.272246e+00  1.038500e-09  1.274004e+00  1.038500e-09  9.240000e-01 
 1.039500e-09  1.274176e+00  1.039500e-09  1.275973e+00  1.039500e-09  9.480000e-01 
 1.040500e-09  1.275852e+00  1.040500e-09  1.277689e+00  1.040500e-09  9.720000e-01 
 1.041500e-09  1.277257e+00  1.041500e-09  1.279140e+00  1.041500e-09  9.960000e-01 
 1.042500e-09  1.278378e+00  1.042500e-09  1.280313e+00  1.042500e-09  1.020000e+00 
 1.043500e-09  1.279198e+00  1.043500e-09  1.281194e+00  1.043500e-09  1.044000e+00 
 1.044500e-09  1.279703e+00  1.044500e-09  1.281771e+00  1.044500e-09  1.068000e+00 
 1.045500e-09  1.279876e+00  1.045500e-09  1.282031e+00  1.045500e-09  1.092000e+00 
 1.046500e-09  1.279701e+00  1.046500e-09  1.281961e+00  1.046500e-09  1.116000e+00 
 1.047500e-09  1.279163e+00  1.047500e-09  1.281549e+00  1.047500e-09  1.140000e+00 
 1.048500e-09  1.278244e+00  1.048500e-09  1.280781e+00  1.048500e-09  1.164000e+00 
 1.049500e-09  1.276929e+00  1.049500e-09  1.279645e+00  1.049500e-09  1.188000e+00 
 1.050000e-09  1.276116e+00  1.050000e-09  1.278934e+00  1.050000e-09  1.200000e+00 
 1.050100e-09  1.275921e+00  1.050100e-09  1.278757e+00  1.050100e-09  1.200000e+00 
 1.050300e-09  1.275525e+00  1.050300e-09  1.278398e+00  1.050300e-09  1.200000e+00 
 1.050700e-09  1.274704e+00  1.050700e-09  1.277653e+00  1.050700e-09  1.200000e+00 
 1.051500e-09  1.272941e+00  1.051500e-09  1.276055e+00  1.051500e-09  1.200000e+00 
 1.052500e-09  1.270516e+00  1.052500e-09  1.273864e+00  1.052500e-09  1.200000e+00 
 1.053500e-09  1.267848e+00  1.053500e-09  1.271469e+00  1.053500e-09  1.200000e+00 
 1.054500e-09  1.264942e+00  1.054500e-09  1.268884e+00  1.054500e-09  1.200000e+00 
 1.055500e-09  1.261804e+00  1.055500e-09  1.266120e+00  1.055500e-09  1.200000e+00 
 1.056500e-09  1.258441e+00  1.056500e-09  1.263189e+00  1.056500e-09  1.200000e+00 
 1.057500e-09  1.254862e+00  1.057500e-09  1.260103e+00  1.057500e-09  1.200000e+00 
 1.058500e-09  1.251077e+00  1.058500e-09  1.256873e+00  1.058500e-09  1.200000e+00 
 1.059500e-09  1.247092e+00  1.059500e-09  1.253512e+00  1.059500e-09  1.200000e+00 
 1.060500e-09  1.242913e+00  1.060500e-09  1.250029e+00  1.060500e-09  1.200000e+00 
 1.061500e-09  1.238548e+00  1.061500e-09  1.246432e+00  1.061500e-09  1.200000e+00 
 1.062500e-09  1.234004e+00  1.062500e-09  1.242728e+00  1.062500e-09  1.200000e+00 
 1.063500e-09  1.229287e+00  1.063500e-09  1.238920e+00  1.063500e-09  1.200000e+00 
 1.064500e-09  1.224404e+00  1.064500e-09  1.235014e+00  1.064500e-09  1.200000e+00 
 1.065500e-09  1.219364e+00  1.065500e-09  1.231019e+00  1.065500e-09  1.200000e+00 
 1.066500e-09  1.214173e+00  1.066500e-09  1.226942e+00  1.066500e-09  1.200000e+00 
 1.067500e-09  1.208837e+00  1.067500e-09  1.222788e+00  1.067500e-09  1.200000e+00 
 1.068500e-09  1.203366e+00  1.068500e-09  1.218563e+00  1.068500e-09  1.200000e+00 
 1.069500e-09  1.197764e+00  1.069500e-09  1.214270e+00  1.069500e-09  1.200000e+00 
 1.070500e-09  1.192041e+00  1.070500e-09  1.209916e+00  1.070500e-09  1.200000e+00 
 1.071500e-09  1.186200e+00  1.071500e-09  1.205488e+00  1.071500e-09  1.200000e+00 
 1.072500e-09  1.180250e+00  1.072500e-09  1.200981e+00  1.072500e-09  1.200000e+00 
 1.073500e-09  1.174189e+00  1.073500e-09  1.196403e+00  1.073500e-09  1.200000e+00 
 1.074500e-09  1.168012e+00  1.074500e-09  1.191759e+00  1.074500e-09  1.200000e+00 
 1.075500e-09  1.161723e+00  1.075500e-09  1.187050e+00  1.075500e-09  1.200000e+00 
 1.076500e-09  1.155324e+00  1.076500e-09  1.182281e+00  1.076500e-09  1.200000e+00 
 1.077500e-09  1.148822e+00  1.077500e-09  1.177455e+00  1.077500e-09  1.200000e+00 
 1.078500e-09  1.142220e+00  1.078500e-09  1.172573e+00  1.078500e-09  1.200000e+00 
 1.079500e-09  1.135521e+00  1.079500e-09  1.167638e+00  1.079500e-09  1.200000e+00 
 1.080500e-09  1.128730e+00  1.080500e-09  1.162655e+00  1.080500e-09  1.200000e+00 
 1.081500e-09  1.121859e+00  1.081500e-09  1.157624e+00  1.081500e-09  1.200000e+00 
 1.082500e-09  1.114934e+00  1.082500e-09  1.152547e+00  1.082500e-09  1.200000e+00 
 1.083500e-09  1.107959e+00  1.083500e-09  1.147444e+00  1.083500e-09  1.200000e+00 
 1.084500e-09  1.100938e+00  1.084500e-09  1.142316e+00  1.084500e-09  1.200000e+00 
 1.085500e-09  1.093885e+00  1.085500e-09  1.137148e+00  1.085500e-09  1.200000e+00 
 1.086500e-09  1.086805e+00  1.086500e-09  1.131942e+00  1.086500e-09  1.200000e+00 
 1.087500e-09  1.079700e+00  1.087500e-09  1.126697e+00  1.087500e-09  1.200000e+00 
 1.088500e-09  1.072575e+00  1.088500e-09  1.121415e+00  1.088500e-09  1.200000e+00 
 1.089500e-09  1.065443e+00  1.089500e-09  1.116100e+00  1.089500e-09  1.200000e+00 
 1.090500e-09  1.058308e+00  1.090500e-09  1.110763e+00  1.090500e-09  1.200000e+00 
 1.091500e-09  1.051159e+00  1.091500e-09  1.105417e+00  1.091500e-09  1.200000e+00 
 1.092500e-09  1.044000e+00  1.092500e-09  1.100062e+00  1.092500e-09  1.200000e+00 
 1.093500e-09  1.036832e+00  1.093500e-09  1.094699e+00  1.093500e-09  1.200000e+00 
 1.094500e-09  1.029656e+00  1.094500e-09  1.089330e+00  1.094500e-09  1.200000e+00 
 1.095500e-09  1.022474e+00  1.095500e-09  1.083955e+00  1.095500e-09  1.200000e+00 
 1.096500e-09  1.015287e+00  1.096500e-09  1.078575e+00  1.096500e-09  1.200000e+00 
 1.097500e-09  1.008097e+00  1.097500e-09  1.073192e+00  1.097500e-09  1.200000e+00 
 1.098500e-09  1.000904e+00  1.098500e-09  1.067805e+00  1.098500e-09  1.200000e+00 
 1.099500e-09  9.937095e-01  1.099500e-09  1.062416e+00  1.099500e-09  1.200000e+00 
 1.100500e-09  9.865144e-01  1.100500e-09  1.057025e+00  1.100500e-09  1.200000e+00 
 1.101500e-09  9.793195e-01  1.101500e-09  1.051633e+00  1.101500e-09  1.200000e+00 
 1.102500e-09  9.721256e-01  1.102500e-09  1.046240e+00  1.102500e-09  1.200000e+00 
 1.103500e-09  9.649334e-01  1.103500e-09  1.040848e+00  1.103500e-09  1.200000e+00 
 1.104500e-09  9.577435e-01  1.104500e-09  1.035455e+00  1.104500e-09  1.200000e+00 
 1.105500e-09  9.505566e-01  1.105500e-09  1.030063e+00  1.105500e-09  1.200000e+00 
 1.106500e-09  9.433730e-01  1.106500e-09  1.024673e+00  1.106500e-09  1.200000e+00 
 1.107500e-09  9.361935e-01  1.107500e-09  1.019284e+00  1.107500e-09  1.200000e+00 
 1.108500e-09  9.290183e-01  1.108500e-09  1.013897e+00  1.108500e-09  1.200000e+00 
 1.109500e-09  9.218479e-01  1.109500e-09  1.008512e+00  1.109500e-09  1.200000e+00 
 1.110500e-09  9.146827e-01  1.110500e-09  1.003130e+00  1.110500e-09  1.200000e+00 
 1.111500e-09  9.075231e-01  1.111500e-09  9.977511e-01  1.111500e-09  1.200000e+00 
 1.112500e-09  9.003693e-01  1.112500e-09  9.923752e-01  1.112500e-09  1.200000e+00 
 1.113500e-09  8.932216e-01  1.113500e-09  9.870026e-01  1.113500e-09  1.200000e+00 
 1.114500e-09  8.860804e-01  1.114500e-09  9.816336e-01  1.114500e-09  1.200000e+00 
 1.115500e-09  8.789459e-01  1.115500e-09  9.762686e-01  1.115500e-09  1.200000e+00 
 1.116500e-09  8.718183e-01  1.116500e-09  9.709075e-01  1.116500e-09  1.200000e+00 
 1.117500e-09  8.646978e-01  1.117500e-09  9.655508e-01  1.117500e-09  1.200000e+00 
 1.118500e-09  8.575846e-01  1.118500e-09  9.601984e-01  1.118500e-09  1.200000e+00 
 1.119500e-09  8.504790e-01  1.119500e-09  9.548507e-01  1.119500e-09  1.200000e+00 
 1.120500e-09  8.433868e-01  1.120500e-09  9.495082e-01  1.120500e-09  1.200000e+00 
 1.121500e-09  8.363974e-01  1.121500e-09  9.441794e-01  1.121500e-09  1.200000e+00 
 1.122500e-09  8.295489e-01  1.122500e-09  9.388833e-01  1.122500e-09  1.200000e+00 
 1.123500e-09  8.227951e-01  1.123500e-09  9.336381e-01  1.123500e-09  1.200000e+00 
 1.124500e-09  8.161099e-01  1.124500e-09  9.284563e-01  1.124500e-09  1.200000e+00 
 1.125500e-09  8.094767e-01  1.125500e-09  9.233466e-01  1.125500e-09  1.200000e+00 
 1.126500e-09  8.028836e-01  1.126500e-09  9.183157e-01  1.126500e-09  1.200000e+00 
 1.127500e-09  7.963192e-01  1.127500e-09  9.133692e-01  1.127500e-09  1.200000e+00 
 1.128500e-09  7.897721e-01  1.128500e-09  9.085131e-01  1.128500e-09  1.200000e+00 
 1.129500e-09  7.832349e-01  1.129500e-09  9.037542e-01  1.129500e-09  1.200000e+00 
 1.130500e-09  7.767025e-01  1.130500e-09  8.990989e-01  1.130500e-09  1.200000e+00 
 1.131500e-09  7.701701e-01  1.131500e-09  8.945532e-01  1.131500e-09  1.200000e+00 
 1.132500e-09  7.636368e-01  1.132500e-09  8.901586e-01  1.132500e-09  1.200000e+00 
 1.133500e-09  7.571078e-01  1.133500e-09  8.859485e-01  1.133500e-09  1.200000e+00 
 1.134500e-09  7.505901e-01  1.134500e-09  8.819138e-01  1.134500e-09  1.200000e+00 
 1.135500e-09  7.440880e-01  1.135500e-09  8.780445e-01  1.135500e-09  1.200000e+00 
 1.136500e-09  7.376040e-01  1.136500e-09  8.743346e-01  1.136500e-09  1.200000e+00 
 1.137500e-09  7.311390e-01  1.137500e-09  8.707809e-01  1.137500e-09  1.200000e+00 
 1.138500e-09  7.246930e-01  1.138500e-09  8.673816e-01  1.138500e-09  1.200000e+00 
 1.139500e-09  7.182652e-01  1.139500e-09  8.641361e-01  1.139500e-09  1.200000e+00 
 1.140500e-09  7.118543e-01  1.140500e-09  8.610445e-01  1.140500e-09  1.200000e+00 
 1.141500e-09  7.054587e-01  1.141500e-09  8.581074e-01  1.141500e-09  1.200000e+00 
 1.142500e-09  6.990762e-01  1.142500e-09  8.553254e-01  1.142500e-09  1.200000e+00 
 1.143500e-09  6.927044e-01  1.143500e-09  8.526998e-01  1.143500e-09  1.200000e+00 
 1.144500e-09  6.863405e-01  1.144500e-09  8.502320e-01  1.144500e-09  1.200000e+00 
 1.145500e-09  6.799819e-01  1.145500e-09  8.479237e-01  1.145500e-09  1.200000e+00 
 1.146500e-09  6.736254e-01  1.146500e-09  8.457767e-01  1.146500e-09  1.200000e+00 
 1.147500e-09  6.672679e-01  1.147500e-09  8.437928e-01  1.147500e-09  1.200000e+00 
 1.148500e-09  6.609061e-01  1.148500e-09  8.419741e-01  1.148500e-09  1.200000e+00 
 1.149500e-09  6.545364e-01  1.149500e-09  8.403229e-01  1.149500e-09  1.200000e+00 
 1.150500e-09  6.481553e-01  1.150500e-09  8.388412e-01  1.150500e-09  1.200000e+00 
 1.151500e-09  6.417592e-01  1.151500e-09  8.375316e-01  1.151500e-09  1.200000e+00 
 1.152500e-09  6.353441e-01  1.152500e-09  8.363963e-01  1.152500e-09  1.200000e+00 
 1.153500e-09  6.289062e-01  1.153500e-09  8.354380e-01  1.153500e-09  1.200000e+00 
 1.154500e-09  6.224414e-01  1.154500e-09  8.346591e-01  1.154500e-09  1.200000e+00 
 1.155500e-09  6.159456e-01  1.155500e-09  8.340625e-01  1.155500e-09  1.200000e+00 
 1.156500e-09  6.094146e-01  1.156500e-09  8.336507e-01  1.156500e-09  1.200000e+00 
 1.157500e-09  6.028438e-01  1.157500e-09  8.334268e-01  1.157500e-09  1.200000e+00 
 1.158500e-09  5.962290e-01  1.158500e-09  8.333934e-01  1.158500e-09  1.200000e+00 
 1.159500e-09  5.895656e-01  1.159500e-09  8.335538e-01  1.159500e-09  1.200000e+00 
 1.160500e-09  5.828487e-01  1.160500e-09  8.339108e-01  1.160500e-09  1.200000e+00 
 1.161500e-09  5.760736e-01  1.161500e-09  8.344676e-01  1.161500e-09  1.200000e+00 
 1.162500e-09  5.692354e-01  1.162500e-09  8.352273e-01  1.162500e-09  1.200000e+00 
 1.163500e-09  5.623291e-01  1.163500e-09  8.361933e-01  1.163500e-09  1.200000e+00 
 1.164500e-09  5.553495e-01  1.164500e-09  8.373688e-01  1.164500e-09  1.200000e+00 
 1.165500e-09  5.482914e-01  1.165500e-09  8.387572e-01  1.165500e-09  1.200000e+00 
 1.166500e-09  5.411493e-01  1.166500e-09  8.403618e-01  1.166500e-09  1.200000e+00 
 1.167500e-09  5.339179e-01  1.167500e-09  8.421862e-01  1.167500e-09  1.200000e+00 
 1.168500e-09  5.265915e-01  1.168500e-09  8.442337e-01  1.168500e-09  1.200000e+00 
 1.169500e-09  5.191645e-01  1.169500e-09  8.465080e-01  1.169500e-09  1.200000e+00 
 1.170500e-09  5.116311e-01  1.170500e-09  8.490125e-01  1.170500e-09  1.200000e+00 
 1.171500e-09  5.039854e-01  1.171500e-09  8.517506e-01  1.171500e-09  1.200000e+00 
 1.172500e-09  4.962217e-01  1.172500e-09  8.547259e-01  1.172500e-09  1.200000e+00 
 1.173500e-09  4.883338e-01  1.173500e-09  8.579419e-01  1.173500e-09  1.200000e+00 
 1.174500e-09  4.803159e-01  1.174500e-09  8.614019e-01  1.174500e-09  1.200000e+00 
 1.175500e-09  4.721619e-01  1.175500e-09  8.651091e-01  1.175500e-09  1.200000e+00 
 1.176500e-09  4.639152e-01  1.176500e-09  8.690170e-01  1.176500e-09  1.200000e+00 
 1.177500e-09  4.556775e-01  1.177500e-09  8.730143e-01  1.177500e-09  1.200000e+00 
 1.178500e-09  4.474875e-01  1.178500e-09  8.770461e-01  1.178500e-09  1.200000e+00 
 1.179500e-09  4.394065e-01  1.179500e-09  8.810392e-01  1.179500e-09  1.200000e+00 
 1.180500e-09  4.315152e-01  1.180500e-09  8.849135e-01  1.180500e-09  1.200000e+00 
 1.181500e-09  4.238080e-01  1.181500e-09  8.886841e-01  1.181500e-09  1.200000e+00 
 1.182500e-09  4.162623e-01  1.182500e-09  8.923829e-01  1.182500e-09  1.200000e+00 
 1.183500e-09  4.088632e-01  1.183500e-09  8.960328e-01  1.183500e-09  1.200000e+00 
 1.184500e-09  4.016001e-01  1.184500e-09  8.996503e-01  1.184500e-09  1.200000e+00 
 1.185500e-09  3.944660e-01  1.185500e-09  9.032478e-01  1.185500e-09  1.200000e+00 
 1.186500e-09  3.874558e-01  1.186500e-09  9.068344e-01  1.186500e-09  1.200000e+00 
 1.187500e-09  3.805656e-01  1.187500e-09  9.104170e-01  1.187500e-09  1.200000e+00 
 1.188500e-09  3.737928e-01  1.188500e-09  9.140009e-01  1.188500e-09  1.200000e+00 
 1.189500e-09  3.671357e-01  1.189500e-09  9.175894e-01  1.189500e-09  1.200000e+00 
 1.190500e-09  3.605923e-01  1.190500e-09  9.211852e-01  1.190500e-09  1.200000e+00 
 1.191500e-09  3.541608e-01  1.191500e-09  9.247908e-01  1.191500e-09  1.200000e+00 
 1.192500e-09  3.478398e-01  1.192500e-09  9.284070e-01  1.192500e-09  1.200000e+00 
 1.193500e-09  3.416280e-01  1.193500e-09  9.320347e-01  1.193500e-09  1.200000e+00 
 1.194500e-09  3.355243e-01  1.194500e-09  9.356737e-01  1.194500e-09  1.200000e+00 
 1.195500e-09  3.295276e-01  1.195500e-09  9.393235e-01  1.195500e-09  1.200000e+00 
 1.196500e-09  3.236367e-01  1.196500e-09  9.429831e-01  1.196500e-09  1.200000e+00 
 1.197500e-09  3.178504e-01  1.197500e-09  9.466517e-01  1.197500e-09  1.200000e+00 
 1.198500e-09  3.121673e-01  1.198500e-09  9.503278e-01  1.198500e-09  1.200000e+00 
 1.199500e-09  3.065858e-01  1.199500e-09  9.540102e-01  1.199500e-09  1.200000e+00 
 1.200500e-09  3.011045e-01  1.200500e-09  9.576971e-01  1.200500e-09  1.200000e+00 
 1.201500e-09  2.957218e-01  1.201500e-09  9.613870e-01  1.201500e-09  1.200000e+00 
 1.202500e-09  2.904360e-01  1.202500e-09  9.650779e-01  1.202500e-09  1.200000e+00 
 1.203500e-09  2.852455e-01  1.203500e-09  9.687680e-01  1.203500e-09  1.200000e+00 
 1.204500e-09  2.801486e-01  1.204500e-09  9.724552e-01  1.204500e-09  1.200000e+00 
 1.205500e-09  2.751434e-01  1.205500e-09  9.761376e-01  1.205500e-09  1.200000e+00 
 1.206500e-09  2.702282e-01  1.206500e-09  9.798131e-01  1.206500e-09  1.200000e+00 
 1.207500e-09  2.654011e-01  1.207500e-09  9.834797e-01  1.207500e-09  1.200000e+00 
 1.208500e-09  2.606604e-01  1.208500e-09  9.871354e-01  1.208500e-09  1.200000e+00 
 1.209500e-09  2.560042e-01  1.209500e-09  9.907781e-01  1.209500e-09  1.200000e+00 
 1.210500e-09  2.514306e-01  1.210500e-09  9.944059e-01  1.210500e-09  1.200000e+00 
 1.211500e-09  2.469379e-01  1.211500e-09  9.980168e-01  1.211500e-09  1.200000e+00 
 1.212500e-09  2.425242e-01  1.212500e-09  1.001609e+00  1.212500e-09  1.200000e+00 
 1.213500e-09  2.381878e-01  1.213500e-09  1.005180e+00  1.213500e-09  1.200000e+00 
 1.214500e-09  2.339269e-01  1.214500e-09  1.008729e+00  1.214500e-09  1.200000e+00 
 1.215500e-09  2.297399e-01  1.215500e-09  1.012253e+00  1.215500e-09  1.200000e+00 
 1.216500e-09  2.256249e-01  1.216500e-09  1.015752e+00  1.216500e-09  1.200000e+00 
 1.217500e-09  2.215804e-01  1.217500e-09  1.019223e+00  1.217500e-09  1.200000e+00 
 1.218500e-09  2.176048e-01  1.218500e-09  1.022664e+00  1.218500e-09  1.200000e+00 
 1.219500e-09  2.136965e-01  1.219500e-09  1.026075e+00  1.219500e-09  1.200000e+00 
 1.220500e-09  2.098541e-01  1.220500e-09  1.029454e+00  1.220500e-09  1.200000e+00 
 1.221500e-09  2.060760e-01  1.221500e-09  1.032799e+00  1.221500e-09  1.200000e+00 
 1.222500e-09  2.023608e-01  1.222500e-09  1.036109e+00  1.222500e-09  1.200000e+00 
 1.223500e-09  1.987072e-01  1.223500e-09  1.039384e+00  1.223500e-09  1.200000e+00 
 1.224500e-09  1.951139e-01  1.224500e-09  1.042621e+00  1.224500e-09  1.200000e+00 
 1.225500e-09  1.915796e-01  1.225500e-09  1.045820e+00  1.225500e-09  1.200000e+00 
 1.226500e-09  1.881031e-01  1.226500e-09  1.048980e+00  1.226500e-09  1.200000e+00 
 1.227500e-09  1.846832e-01  1.227500e-09  1.052100e+00  1.227500e-09  1.200000e+00 
 1.228500e-09  1.813187e-01  1.228500e-09  1.055179e+00  1.228500e-09  1.200000e+00 
 1.229500e-09  1.780087e-01  1.229500e-09  1.058217e+00  1.229500e-09  1.200000e+00 
 1.230500e-09  1.747521e-01  1.230500e-09  1.061212e+00  1.230500e-09  1.200000e+00 
 1.231500e-09  1.715478e-01  1.231500e-09  1.064165e+00  1.231500e-09  1.200000e+00 
 1.232500e-09  1.683950e-01  1.232500e-09  1.067074e+00  1.232500e-09  1.200000e+00 
 1.233500e-09  1.652927e-01  1.233500e-09  1.069940e+00  1.233500e-09  1.200000e+00 
 1.234500e-09  1.622401e-01  1.234500e-09  1.072761e+00  1.234500e-09  1.200000e+00 
 1.235500e-09  1.592363e-01  1.235500e-09  1.075538e+00  1.235500e-09  1.200000e+00 
 1.236500e-09  1.562805e-01  1.236500e-09  1.078271e+00  1.236500e-09  1.200000e+00 
 1.237500e-09  1.533719e-01  1.237500e-09  1.080958e+00  1.237500e-09  1.200000e+00 
 1.238500e-09  1.505099e-01  1.238500e-09  1.083600e+00  1.238500e-09  1.200000e+00 
 1.239500e-09  1.476936e-01  1.239500e-09  1.086197e+00  1.239500e-09  1.200000e+00 
 1.240500e-09  1.449225e-01  1.240500e-09  1.088750e+00  1.240500e-09  1.200000e+00 
 1.241500e-09  1.421958e-01  1.241500e-09  1.091256e+00  1.241500e-09  1.200000e+00 
 1.242500e-09  1.395129e-01  1.242500e-09  1.093718e+00  1.242500e-09  1.200000e+00 
 1.243500e-09  1.368732e-01  1.243500e-09  1.096135e+00  1.243500e-09  1.200000e+00 
 1.244500e-09  1.342762e-01  1.244500e-09  1.098508e+00  1.244500e-09  1.200000e+00 
 1.245500e-09  1.317211e-01  1.245500e-09  1.100835e+00  1.245500e-09  1.200000e+00 
 1.246500e-09  1.292076e-01  1.246500e-09  1.103119e+00  1.246500e-09  1.200000e+00 
 1.247500e-09  1.267349e-01  1.247500e-09  1.105358e+00  1.247500e-09  1.200000e+00 
 1.248500e-09  1.243027e-01  1.248500e-09  1.107554e+00  1.248500e-09  1.200000e+00 
 1.249500e-09  1.219104e-01  1.249500e-09  1.109706e+00  1.249500e-09  1.200000e+00 
 1.250500e-09  1.195574e-01  1.250500e-09  1.111816e+00  1.250500e-09  1.200000e+00 
 1.251500e-09  1.172433e-01  1.251500e-09  1.113882e+00  1.251500e-09  1.200000e+00 
 1.252500e-09  1.149677e-01  1.252500e-09  1.115907e+00  1.252500e-09  1.200000e+00 
 1.253500e-09  1.127299e-01  1.253500e-09  1.117890e+00  1.253500e-09  1.200000e+00 
 1.254500e-09  1.105296e-01  1.254500e-09  1.119832e+00  1.254500e-09  1.200000e+00 
 1.255500e-09  1.083664e-01  1.255500e-09  1.121732e+00  1.255500e-09  1.200000e+00 
 1.256500e-09  1.062396e-01  1.256500e-09  1.123593e+00  1.256500e-09  1.200000e+00 
 1.257500e-09  1.041497e-01  1.257500e-09  1.125414e+00  1.257500e-09  1.200000e+00 
 1.258500e-09  1.020970e-01  1.258500e-09  1.127195e+00  1.258500e-09  1.200000e+00 
 1.259500e-09  1.000809e-01  1.259500e-09  1.128936e+00  1.259500e-09  1.200000e+00 
 1.260500e-09  9.810073e-02  1.260500e-09  1.130637e+00  1.260500e-09  1.200000e+00 
 1.261500e-09  9.615593e-02  1.261500e-09  1.132300e+00  1.261500e-09  1.200000e+00 
 1.262500e-09  9.424589e-02  1.262500e-09  1.133926e+00  1.262500e-09  1.200000e+00 
 1.263500e-09  9.237003e-02  1.263500e-09  1.135513e+00  1.263500e-09  1.200000e+00 
 1.264500e-09  9.052779e-02  1.264500e-09  1.137064e+00  1.264500e-09  1.200000e+00 
 1.265500e-09  8.871866e-02  1.265500e-09  1.138580e+00  1.265500e-09  1.200000e+00 
 1.266500e-09  8.694211e-02  1.266500e-09  1.140060e+00  1.266500e-09  1.200000e+00 
 1.267500e-09  8.519762e-02  1.267500e-09  1.141505e+00  1.267500e-09  1.200000e+00 
 1.268500e-09  8.348471e-02  1.268500e-09  1.142917e+00  1.268500e-09  1.200000e+00 
 1.269500e-09  8.180290e-02  1.269500e-09  1.144295e+00  1.269500e-09  1.200000e+00 
 1.270500e-09  8.015170e-02  1.270500e-09  1.145641e+00  1.270500e-09  1.200000e+00 
 1.271500e-09  7.853066e-02  1.271500e-09  1.146956e+00  1.271500e-09  1.200000e+00 
 1.272500e-09  7.693931e-02  1.272500e-09  1.148239e+00  1.272500e-09  1.200000e+00 
 1.273500e-09  7.537719e-02  1.273500e-09  1.149491e+00  1.273500e-09  1.200000e+00 
 1.274500e-09  7.384388e-02  1.274500e-09  1.150714e+00  1.274500e-09  1.200000e+00 
 1.275500e-09  7.233891e-02  1.275500e-09  1.151907e+00  1.275500e-09  1.200000e+00 
 1.276500e-09  7.086188e-02  1.276500e-09  1.153072e+00  1.276500e-09  1.200000e+00 
 1.277500e-09  6.941233e-02  1.277500e-09  1.154209e+00  1.277500e-09  1.200000e+00 
 1.278500e-09  6.798986e-02  1.278500e-09  1.155319e+00  1.278500e-09  1.200000e+00 
 1.279500e-09  6.659404e-02  1.279500e-09  1.156402e+00  1.279500e-09  1.200000e+00 
 1.280500e-09  6.522446e-02  1.280500e-09  1.157458e+00  1.280500e-09  1.200000e+00 
 1.281500e-09  6.388071e-02  1.281500e-09  1.158489e+00  1.281500e-09  1.200000e+00 
 1.282500e-09  6.256238e-02  1.282500e-09  1.159495e+00  1.282500e-09  1.200000e+00 
 1.283500e-09  6.126908e-02  1.283500e-09  1.160477e+00  1.283500e-09  1.200000e+00 
 1.284500e-09  5.999977e-02  1.284500e-09  1.161435e+00  1.284500e-09  1.200000e+00 
 1.285500e-09  5.875408e-02  1.285500e-09  1.162371e+00  1.285500e-09  1.200000e+00 
 1.286500e-09  5.753229e-02  1.286500e-09  1.163283e+00  1.286500e-09  1.200000e+00 
 1.287500e-09  5.633402e-02  1.287500e-09  1.164173e+00  1.287500e-09  1.200000e+00 
 1.288500e-09  5.515891e-02  1.288500e-09  1.165042e+00  1.288500e-09  1.200000e+00 
 1.289500e-09  5.400658e-02  1.289500e-09  1.165889e+00  1.289500e-09  1.200000e+00 
 1.290500e-09  5.287664e-02  1.290500e-09  1.166715e+00  1.290500e-09  1.200000e+00 
 1.291500e-09  5.176875e-02  1.291500e-09  1.167521e+00  1.291500e-09  1.200000e+00 
 1.292500e-09  5.068252e-02  1.292500e-09  1.168308e+00  1.292500e-09  1.200000e+00 
 1.293500e-09  4.961761e-02  1.293500e-09  1.169075e+00  1.293500e-09  1.200000e+00 
 1.294500e-09  4.857364e-02  1.294500e-09  1.169823e+00  1.294500e-09  1.200000e+00 
 1.295500e-09  4.755026e-02  1.295500e-09  1.170553e+00  1.295500e-09  1.200000e+00 
 1.296500e-09  4.654712e-02  1.296500e-09  1.171265e+00  1.296500e-09  1.200000e+00 
 1.297500e-09  4.556387e-02  1.297500e-09  1.171960e+00  1.297500e-09  1.200000e+00 
 1.298500e-09  4.460017e-02  1.298500e-09  1.172638e+00  1.298500e-09  1.200000e+00 
 1.299500e-09  4.365568e-02  1.299500e-09  1.173298e+00  1.299500e-09  1.200000e+00 
 1.300500e-09  4.273006e-02  1.300500e-09  1.173943e+00  1.300500e-09  1.200000e+00 
 1.301500e-09  4.182299e-02  1.301500e-09  1.174572e+00  1.301500e-09  1.200000e+00 
 1.302500e-09  4.093412e-02  1.302500e-09  1.175185e+00  1.302500e-09  1.200000e+00 
 1.303500e-09  4.006314e-02  1.303500e-09  1.175783e+00  1.303500e-09  1.200000e+00 
 1.304500e-09  3.920973e-02  1.304500e-09  1.176367e+00  1.304500e-09  1.200000e+00 
 1.305500e-09  3.837357e-02  1.305500e-09  1.176936e+00  1.305500e-09  1.200000e+00 
 1.306500e-09  3.755435e-02  1.306500e-09  1.177491e+00  1.306500e-09  1.200000e+00 
 1.307500e-09  3.675176e-02  1.307500e-09  1.178033e+00  1.307500e-09  1.200000e+00 
 1.308500e-09  3.596551e-02  1.308500e-09  1.178561e+00  1.308500e-09  1.200000e+00 
 1.309500e-09  3.519529e-02  1.309500e-09  1.179076e+00  1.309500e-09  1.200000e+00 
 1.310500e-09  3.444081e-02  1.310500e-09  1.179579e+00  1.310500e-09  1.200000e+00 
 1.311500e-09  3.370177e-02  1.311500e-09  1.180069e+00  1.311500e-09  1.200000e+00 
 1.312500e-09  3.297789e-02  1.312500e-09  1.180547e+00  1.312500e-09  1.200000e+00 
 1.313500e-09  3.226889e-02  1.313500e-09  1.181013e+00  1.313500e-09  1.200000e+00 
 1.314500e-09  3.157449e-02  1.314500e-09  1.181468e+00  1.314500e-09  1.200000e+00 
 1.315500e-09  3.089442e-02  1.315500e-09  1.181912e+00  1.315500e-09  1.200000e+00 
 1.316500e-09  3.022840e-02  1.316500e-09  1.182345e+00  1.316500e-09  1.200000e+00 
 1.317500e-09  2.957617e-02  1.317500e-09  1.182767e+00  1.317500e-09  1.200000e+00 
 1.318500e-09  2.893746e-02  1.318500e-09  1.183179e+00  1.318500e-09  1.200000e+00 
 1.319500e-09  2.831202e-02  1.319500e-09  1.183581e+00  1.319500e-09  1.200000e+00 
 1.320500e-09  2.769960e-02  1.320500e-09  1.183973e+00  1.320500e-09  1.200000e+00 
 1.321500e-09  2.709995e-02  1.321500e-09  1.184356e+00  1.321500e-09  1.200000e+00 
 1.322500e-09  2.651281e-02  1.322500e-09  1.184729e+00  1.322500e-09  1.200000e+00 
 1.323500e-09  2.593794e-02  1.323500e-09  1.185092e+00  1.323500e-09  1.200000e+00 
 1.324500e-09  2.537512e-02  1.324500e-09  1.185448e+00  1.324500e-09  1.200000e+00 
 1.325500e-09  2.482410e-02  1.325500e-09  1.185794e+00  1.325500e-09  1.200000e+00 
 1.326500e-09  2.428465e-02  1.326500e-09  1.186132e+00  1.326500e-09  1.200000e+00 
 1.327500e-09  2.375655e-02  1.327500e-09  1.186461e+00  1.327500e-09  1.200000e+00 
 1.328500e-09  2.323957e-02  1.328500e-09  1.186783e+00  1.328500e-09  1.200000e+00 
 1.329500e-09  2.273350e-02  1.329500e-09  1.187097e+00  1.329500e-09  1.200000e+00 
 1.330500e-09  2.223811e-02  1.330500e-09  1.187403e+00  1.330500e-09  1.200000e+00 
 1.331500e-09  2.175320e-02  1.331500e-09  1.187702e+00  1.331500e-09  1.200000e+00 
 1.332500e-09  2.127856e-02  1.332500e-09  1.187993e+00  1.332500e-09  1.200000e+00 
 1.333500e-09  2.081398e-02  1.333500e-09  1.188277e+00  1.333500e-09  1.200000e+00 
 1.334500e-09  2.035927e-02  1.334500e-09  1.188555e+00  1.334500e-09  1.200000e+00 
 1.335500e-09  1.991421e-02  1.335500e-09  1.188826e+00  1.335500e-09  1.200000e+00 
 1.336500e-09  1.947863e-02  1.336500e-09  1.189090e+00  1.336500e-09  1.200000e+00 
 1.337500e-09  1.905233e-02  1.337500e-09  1.189347e+00  1.337500e-09  1.200000e+00 
 1.338500e-09  1.863512e-02  1.338500e-09  1.189599e+00  1.338500e-09  1.200000e+00 
 1.339500e-09  1.822682e-02  1.339500e-09  1.189844e+00  1.339500e-09  1.200000e+00 
 1.340500e-09  1.782725e-02  1.340500e-09  1.190084e+00  1.340500e-09  1.200000e+00 
 1.341500e-09  1.743622e-02  1.341500e-09  1.190317e+00  1.341500e-09  1.200000e+00 
 1.342500e-09  1.705357e-02  1.342500e-09  1.190545e+00  1.342500e-09  1.200000e+00 
 1.343500e-09  1.667913e-02  1.343500e-09  1.190768e+00  1.343500e-09  1.200000e+00 
 1.344500e-09  1.631272e-02  1.344500e-09  1.190985e+00  1.344500e-09  1.200000e+00 
 1.345500e-09  1.595419e-02  1.345500e-09  1.191197e+00  1.345500e-09  1.200000e+00 
 1.346500e-09  1.560337e-02  1.346500e-09  1.191404e+00  1.346500e-09  1.200000e+00 
 1.347500e-09  1.526010e-02  1.347500e-09  1.191606e+00  1.347500e-09  1.200000e+00 
 1.348500e-09  1.492422e-02  1.348500e-09  1.191803e+00  1.348500e-09  1.200000e+00 
 1.349500e-09  1.459559e-02  1.349500e-09  1.191995e+00  1.349500e-09  1.200000e+00 
 1.350500e-09  1.427405e-02  1.350500e-09  1.192183e+00  1.350500e-09  1.200000e+00 
 1.351500e-09  1.395945e-02  1.351500e-09  1.192366e+00  1.351500e-09  1.200000e+00 
 1.352500e-09  1.365166e-02  1.352500e-09  1.192544e+00  1.352500e-09  1.200000e+00 
 1.353500e-09  1.335053e-02  1.353500e-09  1.192719e+00  1.353500e-09  1.200000e+00 
 1.354500e-09  1.305592e-02  1.354500e-09  1.192889e+00  1.354500e-09  1.200000e+00 
 1.355500e-09  1.276769e-02  1.355500e-09  1.193055e+00  1.355500e-09  1.200000e+00 
 1.356500e-09  1.248572e-02  1.356500e-09  1.193218e+00  1.356500e-09  1.200000e+00 
 1.357500e-09  1.220987e-02  1.357500e-09  1.193376e+00  1.357500e-09  1.200000e+00 
 1.358500e-09  1.194001e-02  1.358500e-09  1.193530e+00  1.358500e-09  1.200000e+00 
 1.359500e-09  1.167601e-02  1.359500e-09  1.193681e+00  1.359500e-09  1.200000e+00 
 1.360500e-09  1.141776e-02  1.360500e-09  1.193829e+00  1.360500e-09  1.200000e+00 
 1.361500e-09  1.116513e-02  1.361500e-09  1.193972e+00  1.361500e-09  1.200000e+00 
 1.362500e-09  1.091801e-02  1.362500e-09  1.194113e+00  1.362500e-09  1.200000e+00 
 1.363500e-09  1.067627e-02  1.363500e-09  1.194250e+00  1.363500e-09  1.200000e+00 
 1.364500e-09  1.043980e-02  1.364500e-09  1.194383e+00  1.364500e-09  1.200000e+00 
 1.365500e-09  1.020850e-02  1.365500e-09  1.194514e+00  1.365500e-09  1.200000e+00 
 1.366500e-09  9.982247e-03  1.366500e-09  1.194642e+00  1.366500e-09  1.200000e+00 
 1.367500e-09  9.760940e-03  1.367500e-09  1.194766e+00  1.367500e-09  1.200000e+00 
 1.368500e-09  9.544472e-03  1.368500e-09  1.194888e+00  1.368500e-09  1.200000e+00 
 1.369500e-09  9.332741e-03  1.369500e-09  1.195006e+00  1.369500e-09  1.200000e+00 
 1.370500e-09  9.125646e-03  1.370500e-09  1.195122e+00  1.370500e-09  1.200000e+00 
 1.371500e-09  8.923087e-03  1.371500e-09  1.195235e+00  1.371500e-09  1.200000e+00 
 1.372500e-09  8.724968e-03  1.372500e-09  1.195345e+00  1.372500e-09  1.200000e+00 
 1.373500e-09  8.531194e-03  1.373500e-09  1.195453e+00  1.373500e-09  1.200000e+00 
 1.374500e-09  8.341672e-03  1.374500e-09  1.195559e+00  1.374500e-09  1.200000e+00 
 1.375500e-09  8.156310e-03  1.375500e-09  1.195661e+00  1.375500e-09  1.200000e+00 
 1.376500e-09  7.975020e-03  1.376500e-09  1.195762e+00  1.376500e-09  1.200000e+00 
 1.377500e-09  7.797714e-03  1.377500e-09  1.195860e+00  1.377500e-09  1.200000e+00 
 1.378500e-09  7.624306e-03  1.378500e-09  1.195955e+00  1.378500e-09  1.200000e+00 
 1.379500e-09  7.454712e-03  1.379500e-09  1.196049e+00  1.379500e-09  1.200000e+00 
 1.380500e-09  7.288851e-03  1.380500e-09  1.196140e+00  1.380500e-09  1.200000e+00 
 1.381500e-09  7.126642e-03  1.381500e-09  1.196229e+00  1.381500e-09  1.200000e+00 
 1.382500e-09  6.968006e-03  1.382500e-09  1.196316e+00  1.382500e-09  1.200000e+00 
 1.383500e-09  6.812866e-03  1.383500e-09  1.196401e+00  1.383500e-09  1.200000e+00 
 1.384500e-09  6.661147e-03  1.384500e-09  1.196484e+00  1.384500e-09  1.200000e+00 
 1.385500e-09  6.512774e-03  1.385500e-09  1.196565e+00  1.385500e-09  1.200000e+00 
 1.386500e-09  6.367674e-03  1.386500e-09  1.196644e+00  1.386500e-09  1.200000e+00 
 1.387500e-09  6.225778e-03  1.387500e-09  1.196721e+00  1.387500e-09  1.200000e+00 
 1.388500e-09  6.087015e-03  1.388500e-09  1.196797e+00  1.388500e-09  1.200000e+00 
 1.389500e-09  5.951318e-03  1.389500e-09  1.196870e+00  1.389500e-09  1.200000e+00 
 1.390500e-09  5.818620e-03  1.390500e-09  1.196942e+00  1.390500e-09  1.200000e+00 
 1.391500e-09  5.688856e-03  1.391500e-09  1.197013e+00  1.391500e-09  1.200000e+00 
 1.392500e-09  5.561961e-03  1.392500e-09  1.197081e+00  1.392500e-09  1.200000e+00 
 1.393500e-09  5.437874e-03  1.393500e-09  1.197148e+00  1.393500e-09  1.200000e+00 
 1.394500e-09  5.316534e-03  1.394500e-09  1.197214e+00  1.394500e-09  1.200000e+00 
 1.395500e-09  5.197880e-03  1.395500e-09  1.197278e+00  1.395500e-09  1.200000e+00 
 1.396500e-09  5.081854e-03  1.396500e-09  1.197340e+00  1.396500e-09  1.200000e+00 
 1.397500e-09  4.968399e-03  1.397500e-09  1.197401e+00  1.397500e-09  1.200000e+00 
 1.398500e-09  4.857458e-03  1.398500e-09  1.197461e+00  1.398500e-09  1.200000e+00 
 1.399500e-09  4.748976e-03  1.399500e-09  1.197519e+00  1.399500e-09  1.200000e+00 
 1.400500e-09  4.642901e-03  1.400500e-09  1.197576e+00  1.400500e-09  1.200000e+00 
 1.401500e-09  4.539178e-03  1.401500e-09  1.197632e+00  1.401500e-09  1.200000e+00 
 1.402500e-09  4.437757e-03  1.402500e-09  1.197686e+00  1.402500e-09  1.200000e+00 
 1.403500e-09  4.338587e-03  1.403500e-09  1.197739e+00  1.403500e-09  1.200000e+00 
 1.404500e-09  4.241619e-03  1.404500e-09  1.197791e+00  1.404500e-09  1.200000e+00 
 1.405500e-09  4.146805e-03  1.405500e-09  1.197841e+00  1.405500e-09  1.200000e+00 
 1.406500e-09  4.054097e-03  1.406500e-09  1.197891e+00  1.406500e-09  1.200000e+00 
 1.407500e-09  3.963449e-03  1.407500e-09  1.197939e+00  1.407500e-09  1.200000e+00 
 1.408500e-09  3.874816e-03  1.408500e-09  1.197986e+00  1.408500e-09  1.200000e+00 
 1.409500e-09  3.788153e-03  1.409500e-09  1.198032e+00  1.409500e-09  1.200000e+00 
 1.410500e-09  3.703418e-03  1.410500e-09  1.198077e+00  1.410500e-09  1.200000e+00 
 1.411500e-09  3.620567e-03  1.411500e-09  1.198121e+00  1.411500e-09  1.200000e+00 
 1.412500e-09  3.539560e-03  1.412500e-09  1.198164e+00  1.412500e-09  1.200000e+00 
 1.413500e-09  3.460356e-03  1.413500e-09  1.198206e+00  1.413500e-09  1.200000e+00 
 1.414500e-09  3.382914e-03  1.414500e-09  1.198247e+00  1.414500e-09  1.200000e+00 
 1.415500e-09  3.307197e-03  1.415500e-09  1.198287e+00  1.415500e-09  1.200000e+00 
 1.416500e-09  3.233166e-03  1.416500e-09  1.198326e+00  1.416500e-09  1.200000e+00 
 1.417500e-09  3.160784e-03  1.417500e-09  1.198364e+00  1.417500e-09  1.200000e+00 
 1.418500e-09  3.090015e-03  1.418500e-09  1.198401e+00  1.418500e-09  1.200000e+00 
 1.419500e-09  3.020823e-03  1.419500e-09  1.198438e+00  1.419500e-09  1.200000e+00 
 1.420500e-09  2.953173e-03  1.420500e-09  1.198473e+00  1.420500e-09  1.200000e+00 
 1.421500e-09  2.887031e-03  1.421500e-09  1.198508e+00  1.421500e-09  1.200000e+00 
 1.422500e-09  2.822364e-03  1.422500e-09  1.198542e+00  1.422500e-09  1.200000e+00 
 1.423500e-09  2.759139e-03  1.423500e-09  1.198575e+00  1.423500e-09  1.200000e+00 
 1.424500e-09  2.697324e-03  1.424500e-09  1.198608e+00  1.424500e-09  1.200000e+00 
 1.425500e-09  2.636889e-03  1.425500e-09  1.198639e+00  1.425500e-09  1.200000e+00 
 1.426500e-09  2.577802e-03  1.426500e-09  1.198670e+00  1.426500e-09  1.200000e+00 
 1.427500e-09  2.520034e-03  1.427500e-09  1.198701e+00  1.427500e-09  1.200000e+00 
 1.428500e-09  2.463555e-03  1.428500e-09  1.198730e+00  1.428500e-09  1.200000e+00 
 1.429500e-09  2.408338e-03  1.429500e-09  1.198759e+00  1.429500e-09  1.200000e+00 
 1.430500e-09  2.354353e-03  1.430500e-09  1.198787e+00  1.430500e-09  1.200000e+00 
 1.431500e-09  2.301574e-03  1.431500e-09  1.198815e+00  1.431500e-09  1.200000e+00 
 1.432500e-09  2.249974e-03  1.432500e-09  1.198842e+00  1.432500e-09  1.200000e+00 
 1.433500e-09  2.199527e-03  1.433500e-09  1.198868e+00  1.433500e-09  1.200000e+00 
 1.434500e-09  2.150206e-03  1.434500e-09  1.198894e+00  1.434500e-09  1.200000e+00 
 1.435500e-09  2.101989e-03  1.435500e-09  1.198919e+00  1.435500e-09  1.200000e+00 
 1.436500e-09  2.054848e-03  1.436500e-09  1.198944e+00  1.436500e-09  1.200000e+00 
 1.437500e-09  2.008762e-03  1.437500e-09  1.198968e+00  1.437500e-09  1.200000e+00 
 1.438500e-09  1.963706e-03  1.438500e-09  1.198991e+00  1.438500e-09  1.200000e+00 
 1.439500e-09  1.919657e-03  1.439500e-09  1.199014e+00  1.439500e-09  1.200000e+00 
 1.440500e-09  1.876594e-03  1.440500e-09  1.199036e+00  1.440500e-09  1.200000e+00 
 1.441500e-09  1.834493e-03  1.441500e-09  1.199058e+00  1.441500e-09  1.200000e+00 
 1.442500e-09  1.793334e-03  1.442500e-09  1.199080e+00  1.442500e-09  1.200000e+00 
 1.443500e-09  1.753097e-03  1.443500e-09  1.199101e+00  1.443500e-09  1.200000e+00 
 1.444500e-09  1.713759e-03  1.444500e-09  1.199121e+00  1.444500e-09  1.200000e+00 
 1.445500e-09  1.675302e-03  1.445500e-09  1.199141e+00  1.445500e-09  1.200000e+00 
 1.446500e-09  1.637705e-03  1.446500e-09  1.199160e+00  1.446500e-09  1.200000e+00 
 1.447500e-09  1.600950e-03  1.447500e-09  1.199179e+00  1.447500e-09  1.200000e+00 
 1.448500e-09  1.565018e-03  1.448500e-09  1.199198e+00  1.448500e-09  1.200000e+00 
 1.449500e-09  1.529890e-03  1.449500e-09  1.199216e+00  1.449500e-09  1.200000e+00 
 1.450500e-09  1.495549e-03  1.450500e-09  1.199234e+00  1.450500e-09  1.200000e+00 
 1.451500e-09  1.461976e-03  1.451500e-09  1.199251e+00  1.451500e-09  1.200000e+00 
 1.452500e-09  1.429156e-03  1.452500e-09  1.199268e+00  1.452500e-09  1.200000e+00 
 1.453500e-09  1.397070e-03  1.453500e-09  1.199285e+00  1.453500e-09  1.200000e+00 
 1.454500e-09  1.365704e-03  1.454500e-09  1.199301e+00  1.454500e-09  1.200000e+00 
 1.455500e-09  1.335040e-03  1.455500e-09  1.199317e+00  1.455500e-09  1.200000e+00 
 1.456500e-09  1.305063e-03  1.456500e-09  1.199332e+00  1.456500e-09  1.200000e+00 
 1.457500e-09  1.275757e-03  1.457500e-09  1.199348e+00  1.457500e-09  1.200000e+00 
 1.458500e-09  1.247109e-03  1.458500e-09  1.199362e+00  1.458500e-09  1.200000e+00 
 1.459500e-09  1.219102e-03  1.459500e-09  1.199377e+00  1.459500e-09  1.200000e+00 
 1.460500e-09  1.191723e-03  1.460500e-09  1.199391e+00  1.460500e-09  1.200000e+00 
 1.461500e-09  1.164958e-03  1.461500e-09  1.199405e+00  1.461500e-09  1.200000e+00 
 1.462500e-09  1.138793e-03  1.462500e-09  1.199418e+00  1.462500e-09  1.200000e+00 
 1.463500e-09  1.113214e-03  1.463500e-09  1.199431e+00  1.463500e-09  1.200000e+00 
 1.464500e-09  1.088209e-03  1.464500e-09  1.199444e+00  1.464500e-09  1.200000e+00 
 1.465500e-09  1.063764e-03  1.465500e-09  1.199457e+00  1.465500e-09  1.200000e+00 
 1.466500e-09  1.039868e-03  1.466500e-09  1.199469e+00  1.466500e-09  1.200000e+00 
 1.467500e-09  1.016508e-03  1.467500e-09  1.199481e+00  1.467500e-09  1.200000e+00 
 1.468500e-09  9.936709e-04  1.468500e-09  1.199493e+00  1.468500e-09  1.200000e+00 
 1.469500e-09  9.713465e-04  1.469500e-09  1.199504e+00  1.469500e-09  1.200000e+00 
 1.470500e-09  9.495228e-04  1.470500e-09  1.199515e+00  1.470500e-09  1.200000e+00 
 1.471500e-09  9.281887e-04  1.471500e-09  1.199526e+00  1.471500e-09  1.200000e+00 
 1.472500e-09  9.073332e-04  1.472500e-09  1.199537e+00  1.472500e-09  1.200000e+00 
 1.473500e-09  8.869455e-04  1.473500e-09  1.199548e+00  1.473500e-09  1.200000e+00 
 1.474500e-09  8.670153e-04  1.474500e-09  1.199558e+00  1.474500e-09  1.200000e+00 
 1.475500e-09  8.475323e-04  1.475500e-09  1.199568e+00  1.475500e-09  1.200000e+00 
 1.476500e-09  8.284865e-04  1.476500e-09  1.199578e+00  1.476500e-09  1.200000e+00 
 1.477500e-09  8.098681e-04  1.477500e-09  1.199587e+00  1.477500e-09  1.200000e+00 
 1.478500e-09  7.916675e-04  1.478500e-09  1.199596e+00  1.478500e-09  1.200000e+00 
 1.479500e-09  7.738754e-04  1.479500e-09  1.199606e+00  1.479500e-09  1.200000e+00 
 1.480500e-09  7.564826e-04  1.480500e-09  1.199614e+00  1.480500e-09  1.200000e+00 
 1.481500e-09  7.394803e-04  1.481500e-09  1.199623e+00  1.481500e-09  1.200000e+00 
 1.482500e-09  7.228596e-04  1.482500e-09  1.199632e+00  1.482500e-09  1.200000e+00 
 1.483500e-09  7.066120e-04  1.483500e-09  1.199640e+00  1.483500e-09  1.200000e+00 
 1.484500e-09  6.907291e-04  1.484500e-09  1.199648e+00  1.484500e-09  1.200000e+00 
 1.485500e-09  6.752029e-04  1.485500e-09  1.199656e+00  1.485500e-09  1.200000e+00 
 1.486500e-09  6.600252e-04  1.486500e-09  1.199664e+00  1.486500e-09  1.200000e+00 
 1.487500e-09  6.451884e-04  1.487500e-09  1.199671e+00  1.487500e-09  1.200000e+00 
 1.488500e-09  6.306847e-04  1.488500e-09  1.199679e+00  1.488500e-09  1.200000e+00 
 1.489500e-09  6.165067e-04  1.489500e-09  1.199686e+00  1.489500e-09  1.200000e+00 
 1.490500e-09  6.026470e-04  1.490500e-09  1.199693e+00  1.490500e-09  1.200000e+00 
 1.491500e-09  5.890987e-04  1.491500e-09  1.199700e+00  1.491500e-09  1.200000e+00 
 1.492500e-09  5.758546e-04  1.492500e-09  1.199707e+00  1.492500e-09  1.200000e+00 
 1.493500e-09  5.629079e-04  1.493500e-09  1.199714e+00  1.493500e-09  1.200000e+00 
 1.494500e-09  5.502521e-04  1.494500e-09  1.199720e+00  1.494500e-09  1.200000e+00 
 1.495500e-09  5.378805e-04  1.495500e-09  1.199726e+00  1.495500e-09  1.200000e+00 
 1.496500e-09  5.257868e-04  1.496500e-09  1.199733e+00  1.496500e-09  1.200000e+00 
 1.497500e-09  5.139648e-04  1.497500e-09  1.199739e+00  1.497500e-09  1.200000e+00 
 1.498500e-09  5.024084e-04  1.498500e-09  1.199744e+00  1.498500e-09  1.200000e+00 
 1.499500e-09  4.911115e-04  1.499500e-09  1.199750e+00  1.499500e-09  1.200000e+00 
 1.500000e-09  4.855588e-04  1.500000e-09  1.199753e+00  1.500000e-09  1.200000e+00 
 1.500100e-09  4.842583e-04  1.500100e-09  1.199753e+00  1.500100e-09  1.197600e+00 
 1.500300e-09  4.812029e-04  1.500300e-09  1.199752e+00  1.500300e-09  1.192800e+00 
 1.500700e-09  4.717071e-04  1.500700e-09  1.199744e+00  1.500700e-09  1.183200e+00 
 1.501500e-09  4.338662e-04  1.501500e-09  1.199705e+00  1.501500e-09  1.164000e+00 
 1.502500e-09  3.414722e-04  1.502500e-09  1.199621e+00  1.502500e-09  1.140000e+00 
 1.503500e-09  1.834312e-04  1.503500e-09  1.199480e+00  1.503500e-09  1.116000e+00 
 1.504500e-09 -6.181968e-05  1.504500e-09  1.199227e+00  1.504500e-09  1.092000e+00 
 1.505500e-09 -4.021330e-04  1.505500e-09  1.198831e+00  1.505500e-09  1.068000e+00 
 1.506500e-09 -8.298780e-04  1.506500e-09  1.198307e+00  1.506500e-09  1.044000e+00 
 1.507500e-09 -1.336379e-03  1.507500e-09  1.197668e+00  1.507500e-09  1.020000e+00 
 1.508500e-09 -1.912697e-03  1.508500e-09  1.196927e+00  1.508500e-09  9.960000e-01 
 1.509500e-09 -2.550066e-03  1.509500e-09  1.196094e+00  1.509500e-09  9.720000e-01 
 1.510500e-09 -3.240155e-03  1.510500e-09  1.195181e+00  1.510500e-09  9.480000e-01 
 1.511500e-09 -3.975194e-03  1.511500e-09  1.194200e+00  1.511500e-09  9.240000e-01 
 1.512500e-09 -4.748015e-03  1.512500e-09  1.193161e+00  1.512500e-09  9.000000e-01 
 1.513500e-09 -5.552048e-03  1.513500e-09  1.192077e+00  1.513500e-09  8.760000e-01 
 1.514500e-09 -6.381278e-03  1.514500e-09  1.190959e+00  1.514500e-09  8.520000e-01 
 1.515500e-09 -7.230198e-03  1.515500e-09  1.189818e+00  1.515500e-09  8.280000e-01 
 1.516500e-09 -8.093764e-03  1.516500e-09  1.188668e+00  1.516500e-09  8.040000e-01 
 1.517500e-09 -8.953028e-03  1.517500e-09  1.187562e+00  1.517500e-09  7.800000e-01 
 1.518500e-09 -9.819772e-03  1.518500e-09  1.186425e+00  1.518500e-09  7.560000e-01 
 1.519500e-09 -1.069347e-02  1.519500e-09  1.185206e+00  1.519500e-09  7.320000e-01 
 1.520500e-09 -1.153228e-02  1.520500e-09  1.184003e+00  1.520500e-09  7.080000e-01 
 1.521500e-09 -1.231539e-02  1.521500e-09  1.182847e+00  1.521500e-09  6.840000e-01 
 1.522500e-09 -1.302952e-02  1.522500e-09  1.181751e+00  1.522500e-09  6.600000e-01 
 1.523500e-09 -1.366410e-02  1.523500e-09  1.180721e+00  1.523500e-09  6.360000e-01 
 1.524500e-09 -1.421015e-02  1.524500e-09  1.179760e+00  1.524500e-09  6.120000e-01 
 1.525500e-09 -1.465984e-02  1.525500e-09  1.178870e+00  1.525500e-09  5.880000e-01 
 1.526500e-09 -1.500627e-02  1.526500e-09  1.178053e+00  1.526500e-09  5.640000e-01 
 1.527500e-09 -1.524333e-02  1.527500e-09  1.177309e+00  1.527500e-09  5.400000e-01 
 1.528500e-09 -1.536562e-02  1.528500e-09  1.176636e+00  1.528500e-09  5.160000e-01 
 1.529500e-09 -1.536848e-02  1.529500e-09  1.176035e+00  1.529500e-09  4.920000e-01 
 1.530500e-09 -1.524798e-02  1.530500e-09  1.175503e+00  1.530500e-09  4.680000e-01 
 1.531500e-09 -1.500108e-02  1.531500e-09  1.175039e+00  1.531500e-09  4.440000e-01 
 1.532500e-09 -1.462583e-02  1.532500e-09  1.174640e+00  1.532500e-09  4.200000e-01 
 1.533500e-09 -1.412193e-02  1.533500e-09  1.174301e+00  1.533500e-09  3.960000e-01 
 1.534500e-09 -1.349025e-02  1.534500e-09  1.174018e+00  1.534500e-09  3.720000e-01 
 1.535500e-09 -1.273109e-02  1.535500e-09  1.173790e+00  1.535500e-09  3.480000e-01 
 1.536500e-09 -1.184236e-02  1.536500e-09  1.173619e+00  1.536500e-09  3.240000e-01 
 1.537500e-09 -1.081838e-02  1.537500e-09  1.173506e+00  1.537500e-09  3.000000e-01 
 1.538500e-09 -9.649345e-03  1.538500e-09  1.173459e+00  1.538500e-09  2.760000e-01 
 1.539500e-09 -8.322042e-03  1.539500e-09  1.173482e+00  1.539500e-09  2.520000e-01 
 1.540500e-09 -6.821134e-03  1.540500e-09  1.173580e+00  1.540500e-09  2.280000e-01 
 1.541500e-09 -5.130117e-03  1.541500e-09  1.173755e+00  1.541500e-09  2.040000e-01 
 1.542500e-09 -3.231960e-03  1.542500e-09  1.174011e+00  1.542500e-09  1.800000e-01 
 1.543500e-09 -1.109516e-03  1.543500e-09  1.174349e+00  1.543500e-09  1.560000e-01 
 1.544500e-09  1.254236e-03  1.544500e-09  1.174770e+00  1.544500e-09  1.320000e-01 
 1.545500e-09  3.876058e-03  1.545500e-09  1.175276e+00  1.545500e-09  1.080000e-01 
 1.546500e-09  6.769841e-03  1.546500e-09  1.175866e+00  1.546500e-09  8.400000e-02 
 1.547500e-09  9.947565e-03  1.547500e-09  1.176539e+00  1.547500e-09  6.000000e-02 
 1.548500e-09  1.342374e-02  1.548500e-09  1.177295e+00  1.548500e-09  3.600000e-02 
 1.549500e-09  1.721440e-02  1.549500e-09  1.178134e+00  1.549500e-09  1.200000e-02 
 1.550000e-09  1.923208e-02  1.550000e-09  1.178585e+00  1.550000e-09  0.000000e+00 
 1.550100e-09  1.969305e-02  1.550100e-09  1.178849e+00  1.550100e-09  0.000000e+00 
 1.550300e-09  2.060837e-02  1.550300e-09  1.179372e+00  1.550300e-09  0.000000e+00 
 1.550700e-09  2.240102e-02  1.550700e-09  1.180395e+00  1.550700e-09  0.000000e+00 
 1.551500e-09  2.584830e-02  1.551500e-09  1.182347e+00  1.551500e-09  0.000000e+00 
 1.552500e-09  2.993027e-02  1.552500e-09  1.184621e+00  1.552500e-09  0.000000e+00 
 1.553500e-09  3.379767e-02  1.553500e-09  1.186726e+00  1.553500e-09  0.000000e+00 
 1.554500e-09  3.748412e-02  1.554500e-09  1.188674e+00  1.554500e-09  0.000000e+00 
 1.555500e-09  4.101620e-02  1.555500e-09  1.190480e+00  1.555500e-09  0.000000e+00 
 1.556500e-09  4.441534e-02  1.556500e-09  1.192156e+00  1.556500e-09  0.000000e+00 
 1.557500e-09  4.769904e-02  1.557500e-09  1.193711e+00  1.557500e-09  0.000000e+00 
 1.558500e-09  5.088124e-02  1.558500e-09  1.195157e+00  1.558500e-09  0.000000e+00 
 1.559500e-09  5.397403e-02  1.559500e-09  1.196502e+00  1.559500e-09  0.000000e+00 
 1.560500e-09  5.698834e-02  1.560500e-09  1.197754e+00  1.560500e-09  0.000000e+00 
 1.561500e-09  5.993330e-02  1.561500e-09  1.198920e+00  1.561500e-09  0.000000e+00 
 1.562500e-09  6.281755e-02  1.562500e-09  1.200007e+00  1.562500e-09  0.000000e+00 
 1.563500e-09  6.564810e-02  1.563500e-09  1.201021e+00  1.563500e-09  0.000000e+00 
 1.564500e-09  6.843039e-02  1.564500e-09  1.201969e+00  1.564500e-09  0.000000e+00 
 1.565500e-09  7.116972e-02  1.565500e-09  1.202855e+00  1.565500e-09  0.000000e+00 
 1.566500e-09  7.387083e-02  1.566500e-09  1.203684e+00  1.566500e-09  0.000000e+00 
 1.567500e-09  7.653797e-02  1.567500e-09  1.204461e+00  1.567500e-09  0.000000e+00 
 1.568500e-09  7.917498e-02  1.568500e-09  1.205189e+00  1.568500e-09  0.000000e+00 
 1.569500e-09  8.178531e-02  1.569500e-09  1.205873e+00  1.569500e-09  0.000000e+00 
 1.570500e-09  8.437207e-02  1.570500e-09  1.206514e+00  1.570500e-09  0.000000e+00 
 1.571500e-09  8.693810e-02  1.571500e-09  1.207118e+00  1.571500e-09  0.000000e+00 
 1.572500e-09  8.948597e-02  1.572500e-09  1.207686e+00  1.572500e-09  0.000000e+00 
 1.573500e-09  9.201801e-02  1.573500e-09  1.208221e+00  1.573500e-09  0.000000e+00 
 1.574500e-09  9.453636e-02  1.574500e-09  1.208726e+00  1.574500e-09  0.000000e+00 
 1.575500e-09  9.704294e-02  1.575500e-09  1.209203e+00  1.575500e-09  0.000000e+00 
 1.576500e-09  9.953954e-02  1.576500e-09  1.209653e+00  1.576500e-09  0.000000e+00 
 1.577500e-09  1.020278e-01  1.577500e-09  1.210080e+00  1.577500e-09  0.000000e+00 
 1.578500e-09  1.045092e-01  1.578500e-09  1.210484e+00  1.578500e-09  0.000000e+00 
 1.579500e-09  1.069851e-01  1.579500e-09  1.210867e+00  1.579500e-09  0.000000e+00 
 1.580500e-09  1.094568e-01  1.580500e-09  1.211231e+00  1.580500e-09  0.000000e+00 
 1.581500e-09  1.119254e-01  1.581500e-09  1.211577e+00  1.581500e-09  0.000000e+00 
 1.582500e-09  1.143921e-01  1.582500e-09  1.211907e+00  1.582500e-09  0.000000e+00 
 1.583500e-09  1.168578e-01  1.583500e-09  1.212222e+00  1.583500e-09  0.000000e+00 
 1.584500e-09  1.193234e-01  1.584500e-09  1.212523e+00  1.584500e-09  0.000000e+00 
 1.585500e-09  1.217900e-01  1.585500e-09  1.212810e+00  1.585500e-09  0.000000e+00 
 1.586500e-09  1.242582e-01  1.586500e-09  1.213086e+00  1.586500e-09  0.000000e+00 
 1.587500e-09  1.267289e-01  1.587500e-09  1.213350e+00  1.587500e-09  0.000000e+00 
 1.588500e-09  1.292027e-01  1.588500e-09  1.213605e+00  1.588500e-09  0.000000e+00 
 1.589500e-09  1.316804e-01  1.589500e-09  1.213849e+00  1.589500e-09  0.000000e+00 
 1.590500e-09  1.341626e-01  1.590500e-09  1.214085e+00  1.590500e-09  0.000000e+00 
 1.591500e-09  1.366500e-01  1.591500e-09  1.214313e+00  1.591500e-09  0.000000e+00 
 1.592500e-09  1.391431e-01  1.592500e-09  1.214534e+00  1.592500e-09  0.000000e+00 
 1.593500e-09  1.416426e-01  1.593500e-09  1.214748e+00  1.593500e-09  0.000000e+00 
 1.594500e-09  1.441490e-01  1.594500e-09  1.214956e+00  1.594500e-09  0.000000e+00 
 1.595500e-09  1.466629e-01  1.595500e-09  1.215158e+00  1.595500e-09  0.000000e+00 
 1.596500e-09  1.491848e-01  1.596500e-09  1.215355e+00  1.596500e-09  0.000000e+00 
 1.597500e-09  1.517153e-01  1.597500e-09  1.215548e+00  1.597500e-09  0.000000e+00 
 1.598500e-09  1.542550e-01  1.598500e-09  1.215737e+00  1.598500e-09  0.000000e+00 
 1.599500e-09  1.568043e-01  1.599500e-09  1.215922e+00  1.599500e-09  0.000000e+00 
 1.600500e-09  1.593638e-01  1.600500e-09  1.216104e+00  1.600500e-09  0.000000e+00 
 1.601500e-09  1.619340e-01  1.601500e-09  1.216283e+00  1.601500e-09  0.000000e+00 
 1.602500e-09  1.645156e-01  1.602500e-09  1.216460e+00  1.602500e-09  0.000000e+00 
 1.603500e-09  1.671091e-01  1.603500e-09  1.216635e+00  1.603500e-09  0.000000e+00 
 1.604500e-09  1.697151e-01  1.604500e-09  1.216809e+00  1.604500e-09  0.000000e+00 
 1.605500e-09  1.723342e-01  1.605500e-09  1.216981e+00  1.605500e-09  0.000000e+00 
 1.606500e-09  1.749669e-01  1.606500e-09  1.217153e+00  1.606500e-09  0.000000e+00 
 1.607500e-09  1.776141e-01  1.607500e-09  1.217324e+00  1.607500e-09  0.000000e+00 
 1.608500e-09  1.802764e-01  1.608500e-09  1.217495e+00  1.608500e-09  0.000000e+00 
 1.609500e-09  1.829544e-01  1.609500e-09  1.217666e+00  1.609500e-09  0.000000e+00 
 1.610500e-09  1.856490e-01  1.610500e-09  1.217839e+00  1.610500e-09  0.000000e+00 
 1.611500e-09  1.883610e-01  1.611500e-09  1.218012e+00  1.611500e-09  0.000000e+00 
 1.612500e-09  1.910912e-01  1.612500e-09  1.218187e+00  1.612500e-09  0.000000e+00 
 1.613500e-09  1.938406e-01  1.613500e-09  1.218363e+00  1.613500e-09  0.000000e+00 
 1.614500e-09  1.966102e-01  1.614500e-09  1.218542e+00  1.614500e-09  0.000000e+00 
 1.615500e-09  1.994010e-01  1.615500e-09  1.218724e+00  1.615500e-09  0.000000e+00 
 1.616500e-09  2.022142e-01  1.616500e-09  1.218910e+00  1.616500e-09  0.000000e+00 
 1.617500e-09  2.050511e-01  1.617500e-09  1.219099e+00  1.617500e-09  0.000000e+00 
 1.618500e-09  2.079131e-01  1.618500e-09  1.219292e+00  1.618500e-09  0.000000e+00 
 1.619500e-09  2.108017e-01  1.619500e-09  1.219490e+00  1.619500e-09  0.000000e+00 
 1.620500e-09  2.137186e-01  1.620500e-09  1.219695e+00  1.620500e-09  0.000000e+00 
 1.621500e-09  2.166658e-01  1.621500e-09  1.219905e+00  1.621500e-09  0.000000e+00 
 1.622500e-09  2.196454e-01  1.622500e-09  1.220124e+00  1.622500e-09  0.000000e+00 
 1.623500e-09  2.226597e-01  1.623500e-09  1.220351e+00  1.623500e-09  0.000000e+00 
 1.624500e-09  2.257117e-01  1.624500e-09  1.220587e+00  1.624500e-09  0.000000e+00 
 1.625500e-09  2.288046e-01  1.625500e-09  1.220835e+00  1.625500e-09  0.000000e+00 
 1.626500e-09  2.319421e-01  1.626500e-09  1.221096e+00  1.626500e-09  0.000000e+00 
 1.627500e-09  2.351291e-01  1.627500e-09  1.221373e+00  1.627500e-09  0.000000e+00 
 1.628500e-09  2.383708e-01  1.628500e-09  1.221668e+00  1.628500e-09  0.000000e+00 
 1.629500e-09  2.416743e-01  1.629500e-09  1.221985e+00  1.629500e-09  0.000000e+00 
 1.630500e-09  2.450481e-01  1.630500e-09  1.222329e+00  1.630500e-09  0.000000e+00 
 1.631500e-09  2.485040e-01  1.631500e-09  1.222708e+00  1.631500e-09  0.000000e+00 
 1.632500e-09  2.520581e-01  1.632500e-09  1.223133e+00  1.632500e-09  0.000000e+00 
 1.633500e-09  2.557347e-01  1.633500e-09  1.223623e+00  1.633500e-09  0.000000e+00 
 1.634500e-09  2.595581e-01  1.634500e-09  1.224186e+00  1.634500e-09  0.000000e+00 
 1.635500e-09  2.635259e-01  1.635500e-09  1.224779e+00  1.635500e-09  0.000000e+00 
 1.636500e-09  2.676171e-01  1.636500e-09  1.225368e+00  1.636500e-09  0.000000e+00 
 1.637500e-09  2.718153e-01  1.637500e-09  1.225953e+00  1.637500e-09  0.000000e+00 
 1.638500e-09  2.761075e-01  1.638500e-09  1.226534e+00  1.638500e-09  0.000000e+00 
 1.639500e-09  2.804834e-01  1.639500e-09  1.227110e+00  1.639500e-09  0.000000e+00 
 1.640500e-09  2.849346e-01  1.640500e-09  1.227683e+00  1.640500e-09  0.000000e+00 
 1.641500e-09  2.894545e-01  1.641500e-09  1.228252e+00  1.641500e-09  0.000000e+00 
 1.642500e-09  2.940375e-01  1.642500e-09  1.228817e+00  1.642500e-09  0.000000e+00 
 1.643500e-09  2.986790e-01  1.643500e-09  1.229377e+00  1.643500e-09  0.000000e+00 
 1.644500e-09  3.033753e-01  1.644500e-09  1.229934e+00  1.644500e-09  0.000000e+00 
 1.645500e-09  3.081232e-01  1.645500e-09  1.230487e+00  1.645500e-09  0.000000e+00 
 1.646500e-09  3.129199e-01  1.646500e-09  1.231036e+00  1.646500e-09  0.000000e+00 
 1.647500e-09  3.177631e-01  1.647500e-09  1.231581e+00  1.647500e-09  0.000000e+00 
 1.648500e-09  3.226507e-01  1.648500e-09  1.232122e+00  1.648500e-09  0.000000e+00 
 1.649500e-09  3.275811e-01  1.649500e-09  1.232660e+00  1.649500e-09  0.000000e+00 
 1.650500e-09  3.325525e-01  1.650500e-09  1.233193e+00  1.650500e-09  0.000000e+00 
 1.651500e-09  3.375637e-01  1.651500e-09  1.233724e+00  1.651500e-09  0.000000e+00 
 1.652500e-09  3.426133e-01  1.652500e-09  1.234251e+00  1.652500e-09  0.000000e+00 
 1.653500e-09  3.477002e-01  1.653500e-09  1.234774e+00  1.653500e-09  0.000000e+00 
 1.654500e-09  3.528235e-01  1.654500e-09  1.235295e+00  1.654500e-09  0.000000e+00 
 1.655500e-09  3.579821e-01  1.655500e-09  1.235812e+00  1.655500e-09  0.000000e+00 
 1.656500e-09  3.631752e-01  1.656500e-09  1.236326e+00  1.656500e-09  0.000000e+00 
 1.657500e-09  3.684020e-01  1.657500e-09  1.236838e+00  1.657500e-09  0.000000e+00 
 1.658500e-09  3.736619e-01  1.658500e-09  1.237347e+00  1.658500e-09  0.000000e+00 
 1.659500e-09  3.789540e-01  1.659500e-09  1.237853e+00  1.659500e-09  0.000000e+00 
 1.660500e-09  3.842780e-01  1.660500e-09  1.238357e+00  1.660500e-09  0.000000e+00 
 1.661500e-09  3.896331e-01  1.661500e-09  1.238858e+00  1.661500e-09  0.000000e+00 
 1.662500e-09  3.950188e-01  1.662500e-09  1.239358e+00  1.662500e-09  0.000000e+00 
 1.663500e-09  4.004344e-01  1.663500e-09  1.239855e+00  1.663500e-09  0.000000e+00 
 1.664500e-09  4.058753e-01  1.664500e-09  1.240349e+00  1.664500e-09  0.000000e+00 
 1.665500e-09  4.113369e-01  1.665500e-09  1.240840e+00  1.665500e-09  0.000000e+00 
 1.666500e-09  4.168184e-01  1.666500e-09  1.241326e+00  1.666500e-09  0.000000e+00 
 1.667500e-09  4.223188e-01  1.667500e-09  1.241808e+00  1.667500e-09  0.000000e+00 
 1.668500e-09  4.278374e-01  1.668500e-09  1.242287e+00  1.668500e-09  0.000000e+00 
 1.669500e-09  4.333733e-01  1.669500e-09  1.242761e+00  1.669500e-09  0.000000e+00 
 1.670500e-09  4.389256e-01  1.670500e-09  1.243232e+00  1.670500e-09  0.000000e+00 
 1.671500e-09  4.444936e-01  1.671500e-09  1.243698e+00  1.671500e-09  0.000000e+00 
 1.672500e-09  4.500763e-01  1.672500e-09  1.244161e+00  1.672500e-09  0.000000e+00 
 1.673500e-09  4.556731e-01  1.673500e-09  1.244620e+00  1.673500e-09  0.000000e+00 
 1.674500e-09  4.612830e-01  1.674500e-09  1.245075e+00  1.674500e-09  0.000000e+00 
 1.675500e-09  4.669054e-01  1.675500e-09  1.245525e+00  1.675500e-09  0.000000e+00 
 1.676500e-09  4.725395e-01  1.676500e-09  1.245972e+00  1.676500e-09  0.000000e+00 
 1.677500e-09  4.781846e-01  1.677500e-09  1.246415e+00  1.677500e-09  0.000000e+00 
 1.678500e-09  4.838399e-01  1.678500e-09  1.246854e+00  1.678500e-09  0.000000e+00 
 1.679500e-09  4.895048e-01  1.679500e-09  1.247290e+00  1.679500e-09  0.000000e+00 
 1.680500e-09  4.951787e-01  1.680500e-09  1.247721e+00  1.680500e-09  0.000000e+00 
 1.681500e-09  5.008607e-01  1.681500e-09  1.248148e+00  1.681500e-09  0.000000e+00 
 1.682500e-09  5.065505e-01  1.682500e-09  1.248572e+00  1.682500e-09  0.000000e+00 
 1.683500e-09  5.122473e-01  1.683500e-09  1.248991e+00  1.683500e-09  0.000000e+00 
 1.684500e-09  5.179507e-01  1.684500e-09  1.249406e+00  1.684500e-09  0.000000e+00 
 1.685500e-09  5.236600e-01  1.685500e-09  1.249818e+00  1.685500e-09  0.000000e+00 
 1.686500e-09  5.293748e-01  1.686500e-09  1.250225e+00  1.686500e-09  0.000000e+00 
 1.687500e-09  5.350946e-01  1.687500e-09  1.250628e+00  1.687500e-09  0.000000e+00 
 1.688500e-09  5.408189e-01  1.688500e-09  1.251027e+00  1.688500e-09  0.000000e+00 
 1.689500e-09  5.465474e-01  1.689500e-09  1.251422e+00  1.689500e-09  0.000000e+00 
 1.690500e-09  5.522793e-01  1.690500e-09  1.251812e+00  1.690500e-09  0.000000e+00 
 1.691500e-09  5.580134e-01  1.691500e-09  1.252195e+00  1.691500e-09  0.000000e+00 
 1.692500e-09  5.637491e-01  1.692500e-09  1.252570e+00  1.692500e-09  0.000000e+00 
 1.693500e-09  5.694860e-01  1.693500e-09  1.252934e+00  1.693500e-09  0.000000e+00 
 1.694500e-09  5.752237e-01  1.694500e-09  1.253284e+00  1.694500e-09  0.000000e+00 
 1.695500e-09  5.809621e-01  1.695500e-09  1.253617e+00  1.695500e-09  0.000000e+00 
 1.696500e-09  5.867009e-01  1.696500e-09  1.253932e+00  1.696500e-09  0.000000e+00 
 1.697500e-09  5.924400e-01  1.697500e-09  1.254227e+00  1.697500e-09  0.000000e+00 
 1.698500e-09  5.981796e-01  1.698500e-09  1.254498e+00  1.698500e-09  0.000000e+00 
 1.699500e-09  6.039196e-01  1.699500e-09  1.254745e+00  1.699500e-09  0.000000e+00 
 1.700500e-09  6.096604e-01  1.700500e-09  1.254965e+00  1.700500e-09  0.000000e+00 
 1.701500e-09  6.154025e-01  1.701500e-09  1.255157e+00  1.701500e-09  0.000000e+00 
 1.702500e-09  6.211463e-01  1.702500e-09  1.255318e+00  1.702500e-09  0.000000e+00 
 1.703500e-09  6.268926e-01  1.703500e-09  1.255446e+00  1.703500e-09  0.000000e+00 
 1.704500e-09  6.326425e-01  1.704500e-09  1.255540e+00  1.704500e-09  0.000000e+00 
 1.705500e-09  6.383970e-01  1.705500e-09  1.255598e+00  1.705500e-09  0.000000e+00 
 1.706500e-09  6.441578e-01  1.706500e-09  1.255618e+00  1.706500e-09  0.000000e+00 
 1.707500e-09  6.499266e-01  1.707500e-09  1.255598e+00  1.707500e-09  0.000000e+00 
 1.708500e-09  6.557056e-01  1.708500e-09  1.255538e+00  1.708500e-09  0.000000e+00 
 1.709500e-09  6.614975e-01  1.709500e-09  1.255434e+00  1.709500e-09  0.000000e+00 
 1.710500e-09  6.673055e-01  1.710500e-09  1.255285e+00  1.710500e-09  0.000000e+00 
 1.711500e-09  6.731337e-01  1.711500e-09  1.255089e+00  1.711500e-09  0.000000e+00 
 1.712500e-09  6.789871e-01  1.712500e-09  1.254843e+00  1.712500e-09  0.000000e+00 
 1.713500e-09  6.848717e-01  1.713500e-09  1.254546e+00  1.713500e-09  0.000000e+00 
 1.714500e-09  6.907955e-01  1.714500e-09  1.254194e+00  1.714500e-09  0.000000e+00 
 1.715500e-09  6.967695e-01  1.715500e-09  1.253783e+00  1.715500e-09  0.000000e+00 
 1.716500e-09  7.028083e-01  1.716500e-09  1.253312e+00  1.716500e-09  0.000000e+00 
 1.717500e-09  7.089327e-01  1.717500e-09  1.252774e+00  1.717500e-09  0.000000e+00 
 1.718500e-09  7.151773e-01  1.718500e-09  1.252168e+00  1.718500e-09  0.000000e+00 
 1.719500e-09  7.216135e-01  1.719500e-09  1.251493e+00  1.719500e-09  0.000000e+00 
 1.720500e-09  7.283069e-01  1.720500e-09  1.250744e+00  1.720500e-09  0.000000e+00 
 1.721500e-09  7.351630e-01  1.721500e-09  1.249936e+00  1.721500e-09  0.000000e+00 
 1.722500e-09  7.420544e-01  1.722500e-09  1.249113e+00  1.722500e-09  0.000000e+00 
 1.723500e-09  7.489539e-01  1.723500e-09  1.248296e+00  1.723500e-09  0.000000e+00 
 1.724500e-09  7.558569e-01  1.724500e-09  1.247486e+00  1.724500e-09  0.000000e+00 
 1.725500e-09  7.627604e-01  1.725500e-09  1.246687e+00  1.725500e-09  0.000000e+00 
 1.726500e-09  7.696625e-01  1.726500e-09  1.245901e+00  1.726500e-09  0.000000e+00 
 1.727500e-09  7.765639e-01  1.727500e-09  1.245133e+00  1.727500e-09  0.000000e+00 
 1.728500e-09  7.834689e-01  1.728500e-09  1.244388e+00  1.728500e-09  0.000000e+00 
 1.729500e-09  7.903890e-01  1.729500e-09  1.243672e+00  1.729500e-09  0.000000e+00 
 1.730500e-09  7.973499e-01  1.730500e-09  1.242996e+00  1.730500e-09  0.000000e+00 
 1.731500e-09  8.044172e-01  1.731500e-09  1.242377e+00  1.731500e-09  0.000000e+00 
 1.732500e-09  8.117225e-01  1.732500e-09  1.241830e+00  1.732500e-09  0.000000e+00 
 1.733500e-09  8.191595e-01  1.733500e-09  1.241318e+00  1.733500e-09  0.000000e+00 
 1.734500e-09  8.265230e-01  1.734500e-09  1.240788e+00  1.734500e-09  0.000000e+00 
 1.735500e-09  8.338096e-01  1.735500e-09  1.240240e+00  1.735500e-09  0.000000e+00 
 1.736500e-09  8.410161e-01  1.736500e-09  1.239672e+00  1.736500e-09  0.000000e+00 
 1.737500e-09  8.481396e-01  1.737500e-09  1.239083e+00  1.737500e-09  0.000000e+00 
 1.738500e-09  8.551803e-01  1.738500e-09  1.238456e+00  1.738500e-09  0.000000e+00 
 1.739500e-09  8.621400e-01  1.739500e-09  1.237777e+00  1.739500e-09  0.000000e+00 
 1.740500e-09  8.690181e-01  1.740500e-09  1.237047e+00  1.740500e-09  0.000000e+00 
 1.741500e-09  8.758141e-01  1.741500e-09  1.236269e+00  1.741500e-09  0.000000e+00 
 1.742500e-09  8.825273e-01  1.742500e-09  1.235446e+00  1.742500e-09  0.000000e+00 
 1.743500e-09  8.891570e-01  1.743500e-09  1.234580e+00  1.743500e-09  0.000000e+00 
 1.744500e-09  8.957028e-01  1.744500e-09  1.233675e+00  1.744500e-09  0.000000e+00 
 1.745500e-09  9.021641e-01  1.745500e-09  1.232733e+00  1.745500e-09  0.000000e+00 
 1.746500e-09  9.085405e-01  1.746500e-09  1.231758e+00  1.746500e-09  0.000000e+00 
 1.747500e-09  9.148315e-01  1.747500e-09  1.230750e+00  1.747500e-09  0.000000e+00 
 1.748500e-09  9.210367e-01  1.748500e-09  1.229714e+00  1.748500e-09  0.000000e+00 
 1.749500e-09  9.271558e-01  1.749500e-09  1.228651e+00  1.749500e-09  0.000000e+00 
 1.750500e-09  9.331885e-01  1.750500e-09  1.227564e+00  1.750500e-09  0.000000e+00 
 1.751500e-09  9.391344e-01  1.751500e-09  1.226456e+00  1.751500e-09  0.000000e+00 
 1.752500e-09  9.449935e-01  1.752500e-09  1.225329e+00  1.752500e-09  0.000000e+00 
 1.753500e-09  9.507374e-01  1.753500e-09  1.224180e+00  1.753500e-09  0.000000e+00 
 1.754500e-09  9.563355e-01  1.754500e-09  1.223008e+00  1.754500e-09  0.000000e+00 
 1.755500e-09  9.617937e-01  1.755500e-09  1.221813e+00  1.755500e-09  0.000000e+00 
 1.756500e-09  9.671282e-01  1.756500e-09  1.220601e+00  1.756500e-09  0.000000e+00 
 1.757500e-09  9.723516e-01  1.757500e-09  1.219374e+00  1.757500e-09  0.000000e+00 
 1.758500e-09  9.774741e-01  1.758500e-09  1.218134e+00  1.758500e-09  0.000000e+00 
 1.759500e-09  9.825033e-01  1.759500e-09  1.216886e+00  1.759500e-09  0.000000e+00 
 1.760500e-09  9.874455e-01  1.760500e-09  1.215632e+00  1.760500e-09  0.000000e+00 
 1.761500e-09  9.923053e-01  1.761500e-09  1.214374e+00  1.761500e-09  0.000000e+00 
 1.762500e-09  9.970863e-01  1.762500e-09  1.213115e+00  1.762500e-09  0.000000e+00 
 1.763500e-09  1.001791e+00  1.763500e-09  1.211857e+00  1.763500e-09  0.000000e+00 
 1.764500e-09  1.006422e+00  1.764500e-09  1.210603e+00  1.764500e-09  0.000000e+00 
 1.765500e-09  1.010981e+00  1.765500e-09  1.209355e+00  1.765500e-09  0.000000e+00 
 1.766500e-09  1.015469e+00  1.766500e-09  1.208115e+00  1.766500e-09  0.000000e+00 
 1.767500e-09  1.019885e+00  1.767500e-09  1.206885e+00  1.767500e-09  0.000000e+00 
 1.768500e-09  1.024232e+00  1.768500e-09  1.205666e+00  1.768500e-09  0.000000e+00 
 1.769500e-09  1.028509e+00  1.769500e-09  1.204460e+00  1.769500e-09  0.000000e+00 
 1.770500e-09  1.032717e+00  1.770500e-09  1.203270e+00  1.770500e-09  0.000000e+00 
 1.771500e-09  1.036854e+00  1.771500e-09  1.202095e+00  1.771500e-09  0.000000e+00 
 1.772500e-09  1.040923e+00  1.772500e-09  1.200939e+00  1.772500e-09  0.000000e+00 
 1.773500e-09  1.044921e+00  1.773500e-09  1.199802e+00  1.773500e-09  0.000000e+00 
 1.774500e-09  1.048847e+00  1.774500e-09  1.198687e+00  1.774500e-09  0.000000e+00 
 1.775500e-09  1.052699e+00  1.775500e-09  1.197596e+00  1.775500e-09  0.000000e+00 
 1.776500e-09  1.056479e+00  1.776500e-09  1.196530e+00  1.776500e-09  0.000000e+00 
 1.777500e-09  1.060185e+00  1.777500e-09  1.195489e+00  1.777500e-09  0.000000e+00 
 1.778500e-09  1.063819e+00  1.778500e-09  1.194475e+00  1.778500e-09  0.000000e+00 
 1.779500e-09  1.067380e+00  1.779500e-09  1.193486e+00  1.779500e-09  0.000000e+00 
 1.780500e-09  1.070869e+00  1.780500e-09  1.192524e+00  1.780500e-09  0.000000e+00 
 1.781500e-09  1.074287e+00  1.781500e-09  1.191589e+00  1.781500e-09  0.000000e+00 
 1.782500e-09  1.077634e+00  1.782500e-09  1.190680e+00  1.782500e-09  0.000000e+00 
 1.783500e-09  1.080910e+00  1.783500e-09  1.189799e+00  1.783500e-09  0.000000e+00 
 1.784500e-09  1.084115e+00  1.784500e-09  1.188946e+00  1.784500e-09  0.000000e+00 
 1.785500e-09  1.087252e+00  1.785500e-09  1.188120e+00  1.785500e-09  0.000000e+00 
 1.786500e-09  1.090319e+00  1.786500e-09  1.187323e+00  1.786500e-09  0.000000e+00 
 1.787500e-09  1.093318e+00  1.787500e-09  1.186553e+00  1.787500e-09  0.000000e+00 
 1.788500e-09  1.096248e+00  1.788500e-09  1.185811e+00  1.788500e-09  0.000000e+00 
 1.789500e-09  1.099112e+00  1.789500e-09  1.185096e+00  1.789500e-09  0.000000e+00 
 1.790500e-09  1.101908e+00  1.790500e-09  1.184410e+00  1.790500e-09  0.000000e+00 
 1.791500e-09  1.104639e+00  1.791500e-09  1.183752e+00  1.791500e-09  0.000000e+00 
 1.792500e-09  1.107305e+00  1.792500e-09  1.183121e+00  1.792500e-09  0.000000e+00 
 1.793500e-09  1.109906e+00  1.793500e-09  1.182518e+00  1.793500e-09  0.000000e+00 
 1.794500e-09  1.112443e+00  1.794500e-09  1.181943e+00  1.794500e-09  0.000000e+00 
 1.795500e-09  1.114917e+00  1.795500e-09  1.181394e+00  1.795500e-09  0.000000e+00 
 1.796500e-09  1.117330e+00  1.796500e-09  1.180872e+00  1.796500e-09  0.000000e+00 
 1.797500e-09  1.119681e+00  1.797500e-09  1.180377e+00  1.797500e-09  0.000000e+00 
 1.798500e-09  1.121971e+00  1.798500e-09  1.179908e+00  1.798500e-09  0.000000e+00 
 1.799500e-09  1.124202e+00  1.799500e-09  1.179465e+00  1.799500e-09  0.000000e+00 
 1.800500e-09  1.126373e+00  1.800500e-09  1.179047e+00  1.800500e-09  0.000000e+00 
 1.801500e-09  1.128483e+00  1.801500e-09  1.178655e+00  1.801500e-09  0.000000e+00 
 1.802500e-09  1.130532e+00  1.802500e-09  1.178289e+00  1.802500e-09  0.000000e+00 
 1.803500e-09  1.132522e+00  1.803500e-09  1.177946e+00  1.803500e-09  0.000000e+00 
 1.804500e-09  1.134455e+00  1.804500e-09  1.177628e+00  1.804500e-09  0.000000e+00 
 1.805500e-09  1.136332e+00  1.805500e-09  1.177333e+00  1.805500e-09  0.000000e+00 
 1.806500e-09  1.138154e+00  1.806500e-09  1.177060e+00  1.806500e-09  0.000000e+00 
 1.807500e-09  1.139924e+00  1.807500e-09  1.176809e+00  1.807500e-09  0.000000e+00 
 1.808500e-09  1.141642e+00  1.808500e-09  1.176579e+00  1.808500e-09  0.000000e+00 
 1.809500e-09  1.143310e+00  1.809500e-09  1.176369e+00  1.809500e-09  0.000000e+00 
 1.810500e-09  1.144930e+00  1.810500e-09  1.176179e+00  1.810500e-09  0.000000e+00 
 1.811500e-09  1.146502e+00  1.811500e-09  1.176007e+00  1.811500e-09  0.000000e+00 
 1.812500e-09  1.148029e+00  1.812500e-09  1.175854e+00  1.812500e-09  0.000000e+00 
 1.813500e-09  1.149513e+00  1.813500e-09  1.175719e+00  1.813500e-09  0.000000e+00 
 1.814500e-09  1.150953e+00  1.814500e-09  1.175601e+00  1.814500e-09  0.000000e+00 
 1.815500e-09  1.152350e+00  1.815500e-09  1.175499e+00  1.815500e-09  0.000000e+00 
 1.816500e-09  1.153706e+00  1.816500e-09  1.175414e+00  1.816500e-09  0.000000e+00 
 1.817500e-09  1.155021e+00  1.817500e-09  1.175343e+00  1.817500e-09  0.000000e+00 
 1.818500e-09  1.156297e+00  1.818500e-09  1.175287e+00  1.818500e-09  0.000000e+00 
 1.819500e-09  1.157536e+00  1.819500e-09  1.175245e+00  1.819500e-09  0.000000e+00 
 1.820500e-09  1.158737e+00  1.820500e-09  1.175217e+00  1.820500e-09  0.000000e+00 
 1.821500e-09  1.159902e+00  1.821500e-09  1.175202e+00  1.821500e-09  0.000000e+00 
 1.822500e-09  1.161032e+00  1.822500e-09  1.175200e+00  1.822500e-09  0.000000e+00 
 1.823500e-09  1.162128e+00  1.823500e-09  1.175209e+00  1.823500e-09  0.000000e+00 
 1.824500e-09  1.163191e+00  1.824500e-09  1.175230e+00  1.824500e-09  0.000000e+00 
 1.825500e-09  1.164222e+00  1.825500e-09  1.175262e+00  1.825500e-09  0.000000e+00 
 1.826500e-09  1.165221e+00  1.826500e-09  1.175304e+00  1.826500e-09  0.000000e+00 
 1.827500e-09  1.166191e+00  1.827500e-09  1.175357e+00  1.827500e-09  0.000000e+00 
 1.828500e-09  1.167131e+00  1.828500e-09  1.175419e+00  1.828500e-09  0.000000e+00 
 1.829500e-09  1.168042e+00  1.829500e-09  1.175490e+00  1.829500e-09  0.000000e+00 
 1.830500e-09  1.168926e+00  1.830500e-09  1.175570e+00  1.830500e-09  0.000000e+00 
 1.831500e-09  1.169783e+00  1.831500e-09  1.175659e+00  1.831500e-09  0.000000e+00 
 1.832500e-09  1.170613e+00  1.832500e-09  1.175755e+00  1.832500e-09  0.000000e+00 
 1.833500e-09  1.171418e+00  1.833500e-09  1.175859e+00  1.833500e-09  0.000000e+00 
 1.834500e-09  1.172199e+00  1.834500e-09  1.175971e+00  1.834500e-09  0.000000e+00 
 1.835500e-09  1.172955e+00  1.835500e-09  1.176089e+00  1.835500e-09  0.000000e+00 
 1.836500e-09  1.173688e+00  1.836500e-09  1.176213e+00  1.836500e-09  0.000000e+00 
 1.837500e-09  1.174399e+00  1.837500e-09  1.176344e+00  1.837500e-09  0.000000e+00 
 1.838500e-09  1.175088e+00  1.838500e-09  1.176481e+00  1.838500e-09  0.000000e+00 
 1.839500e-09  1.175755e+00  1.839500e-09  1.176623e+00  1.839500e-09  0.000000e+00 
 1.840500e-09  1.176402e+00  1.840500e-09  1.176770e+00  1.840500e-09  0.000000e+00 
 1.841500e-09  1.177029e+00  1.841500e-09  1.176922e+00  1.841500e-09  0.000000e+00 
 1.842500e-09  1.177636e+00  1.842500e-09  1.177078e+00  1.842500e-09  0.000000e+00 
 1.843500e-09  1.178224e+00  1.843500e-09  1.177239e+00  1.843500e-09  0.000000e+00 
 1.844500e-09  1.178794e+00  1.844500e-09  1.177404e+00  1.844500e-09  0.000000e+00 
 1.845500e-09  1.179347e+00  1.845500e-09  1.177573e+00  1.845500e-09  0.000000e+00 
 1.846500e-09  1.179882e+00  1.846500e-09  1.177745e+00  1.846500e-09  0.000000e+00 
 1.847500e-09  1.180400e+00  1.847500e-09  1.177921e+00  1.847500e-09  0.000000e+00 
 1.848500e-09  1.180902e+00  1.848500e-09  1.178099e+00  1.848500e-09  0.000000e+00 
 1.849500e-09  1.181388e+00  1.849500e-09  1.178281e+00  1.849500e-09  0.000000e+00 
 1.850500e-09  1.181859e+00  1.850500e-09  1.178465e+00  1.850500e-09  0.000000e+00 
 1.851500e-09  1.182316e+00  1.851500e-09  1.178651e+00  1.851500e-09  0.000000e+00 
 1.852500e-09  1.182758e+00  1.852500e-09  1.178840e+00  1.852500e-09  0.000000e+00 
 1.853500e-09  1.183186e+00  1.853500e-09  1.179030e+00  1.853500e-09  0.000000e+00 
 1.854500e-09  1.183600e+00  1.854500e-09  1.179222e+00  1.854500e-09  0.000000e+00 
 1.855500e-09  1.184001e+00  1.855500e-09  1.179416e+00  1.855500e-09  0.000000e+00 
 1.856500e-09  1.184390e+00  1.856500e-09  1.179612e+00  1.856500e-09  0.000000e+00 
 1.857500e-09  1.184767e+00  1.857500e-09  1.179808e+00  1.857500e-09  0.000000e+00 
 1.858500e-09  1.185131e+00  1.858500e-09  1.180006e+00  1.858500e-09  0.000000e+00 
 1.859500e-09  1.185484e+00  1.859500e-09  1.180205e+00  1.859500e-09  0.000000e+00 
 1.860500e-09  1.185826e+00  1.860500e-09  1.180404e+00  1.860500e-09  0.000000e+00 
 1.861500e-09  1.186156e+00  1.861500e-09  1.180604e+00  1.861500e-09  0.000000e+00 
 1.862500e-09  1.186477e+00  1.862500e-09  1.180805e+00  1.862500e-09  0.000000e+00 
 1.863500e-09  1.186787e+00  1.863500e-09  1.181006e+00  1.863500e-09  0.000000e+00 
 1.864500e-09  1.187087e+00  1.864500e-09  1.181207e+00  1.864500e-09  0.000000e+00 
 1.865500e-09  1.187378e+00  1.865500e-09  1.181409e+00  1.865500e-09  0.000000e+00 
 1.866500e-09  1.187659e+00  1.866500e-09  1.181610e+00  1.866500e-09  0.000000e+00 
 1.867500e-09  1.187931e+00  1.867500e-09  1.181812e+00  1.867500e-09  0.000000e+00 
 1.868500e-09  1.188195e+00  1.868500e-09  1.182013e+00  1.868500e-09  0.000000e+00 
 1.869500e-09  1.188450e+00  1.869500e-09  1.182214e+00  1.869500e-09  0.000000e+00 
 1.870500e-09  1.188697e+00  1.870500e-09  1.182415e+00  1.870500e-09  0.000000e+00 
 1.871500e-09  1.188937e+00  1.871500e-09  1.182615e+00  1.871500e-09  0.000000e+00 
 1.872500e-09  1.189168e+00  1.872500e-09  1.182815e+00  1.872500e-09  0.000000e+00 
 1.873500e-09  1.189392e+00  1.873500e-09  1.183014e+00  1.873500e-09  0.000000e+00 
 1.874500e-09  1.189609e+00  1.874500e-09  1.183213e+00  1.874500e-09  0.000000e+00 
 1.875500e-09  1.189819e+00  1.875500e-09  1.183410e+00  1.875500e-09  0.000000e+00 
 1.876500e-09  1.190022e+00  1.876500e-09  1.183607e+00  1.876500e-09  0.000000e+00 
 1.877500e-09  1.190219e+00  1.877500e-09  1.183803e+00  1.877500e-09  0.000000e+00 
 1.878500e-09  1.190409e+00  1.878500e-09  1.183998e+00  1.878500e-09  0.000000e+00 
 1.879500e-09  1.190594e+00  1.879500e-09  1.184192e+00  1.879500e-09  0.000000e+00 
 1.880500e-09  1.190772e+00  1.880500e-09  1.184385e+00  1.880500e-09  0.000000e+00 
 1.881500e-09  1.190945e+00  1.881500e-09  1.184576e+00  1.881500e-09  0.000000e+00 
 1.882500e-09  1.191112e+00  1.882500e-09  1.184767e+00  1.882500e-09  0.000000e+00 
 1.883500e-09  1.191274e+00  1.883500e-09  1.184956e+00  1.883500e-09  0.000000e+00 
 1.884500e-09  1.191430e+00  1.884500e-09  1.185144e+00  1.884500e-09  0.000000e+00 
 1.885500e-09  1.191582e+00  1.885500e-09  1.185331e+00  1.885500e-09  0.000000e+00 
 1.886500e-09  1.191729e+00  1.886500e-09  1.185516e+00  1.886500e-09  0.000000e+00 
 1.887500e-09  1.191871e+00  1.887500e-09  1.185700e+00  1.887500e-09  0.000000e+00 
 1.888500e-09  1.192008e+00  1.888500e-09  1.185883e+00  1.888500e-09  0.000000e+00 
 1.889500e-09  1.192142e+00  1.889500e-09  1.186064e+00  1.889500e-09  0.000000e+00 
 1.890500e-09  1.192271e+00  1.890500e-09  1.186243e+00  1.890500e-09  0.000000e+00 
 1.891500e-09  1.192395e+00  1.891500e-09  1.186421e+00  1.891500e-09  0.000000e+00 
 1.892500e-09  1.192516e+00  1.892500e-09  1.186598e+00  1.892500e-09  0.000000e+00 
 1.893500e-09  1.192633e+00  1.893500e-09  1.186773e+00  1.893500e-09  0.000000e+00 
 1.894500e-09  1.192747e+00  1.894500e-09  1.186946e+00  1.894500e-09  0.000000e+00 
 1.895500e-09  1.192857e+00  1.895500e-09  1.187118e+00  1.895500e-09  0.000000e+00 
 1.896500e-09  1.192963e+00  1.896500e-09  1.187288e+00  1.896500e-09  0.000000e+00 
 1.897500e-09  1.193066e+00  1.897500e-09  1.187457e+00  1.897500e-09  0.000000e+00 
 1.898500e-09  1.193166e+00  1.898500e-09  1.187624e+00  1.898500e-09  0.000000e+00 
 1.899500e-09  1.193262e+00  1.899500e-09  1.187789e+00  1.899500e-09  0.000000e+00 
 1.900500e-09  1.193356e+00  1.900500e-09  1.187952e+00  1.900500e-09  0.000000e+00 
 1.901500e-09  1.193447e+00  1.901500e-09  1.188114e+00  1.901500e-09  0.000000e+00 
 1.902500e-09  1.193535e+00  1.902500e-09  1.188274e+00  1.902500e-09  0.000000e+00 
 1.903500e-09  1.193620e+00  1.903500e-09  1.188433e+00  1.903500e-09  0.000000e+00 
 1.904500e-09  1.193703e+00  1.904500e-09  1.188590e+00  1.904500e-09  0.000000e+00 
 1.905500e-09  1.193783e+00  1.905500e-09  1.188745e+00  1.905500e-09  0.000000e+00 
 1.906500e-09  1.193860e+00  1.906500e-09  1.188898e+00  1.906500e-09  0.000000e+00 
 1.907500e-09  1.193935e+00  1.907500e-09  1.189050e+00  1.907500e-09  0.000000e+00 
 1.908500e-09  1.194008e+00  1.908500e-09  1.189200e+00  1.908500e-09  0.000000e+00 
 1.909500e-09  1.194079e+00  1.909500e-09  1.189348e+00  1.909500e-09  0.000000e+00 
 1.910500e-09  1.194148e+00  1.910500e-09  1.189494e+00  1.910500e-09  0.000000e+00 
 1.911500e-09  1.194214e+00  1.911500e-09  1.189639e+00  1.911500e-09  0.000000e+00 
 1.912500e-09  1.194279e+00  1.912500e-09  1.189782e+00  1.912500e-09  0.000000e+00 
 1.913500e-09  1.194342e+00  1.913500e-09  1.189924e+00  1.913500e-09  0.000000e+00 
 1.914500e-09  1.194403e+00  1.914500e-09  1.190063e+00  1.914500e-09  0.000000e+00 
 1.915500e-09  1.194462e+00  1.915500e-09  1.190201e+00  1.915500e-09  0.000000e+00 
 1.916500e-09  1.194519e+00  1.916500e-09  1.190337e+00  1.916500e-09  0.000000e+00 
 1.917500e-09  1.194575e+00  1.917500e-09  1.190472e+00  1.917500e-09  0.000000e+00 
 1.918500e-09  1.194629e+00  1.918500e-09  1.190605e+00  1.918500e-09  0.000000e+00 
 1.919500e-09  1.194681e+00  1.919500e-09  1.190736e+00  1.919500e-09  0.000000e+00 
 1.920500e-09  1.194733e+00  1.920500e-09  1.190866e+00  1.920500e-09  0.000000e+00 
 1.921500e-09  1.194782e+00  1.921500e-09  1.190994e+00  1.921500e-09  0.000000e+00 
 1.922500e-09  1.194830e+00  1.922500e-09  1.191120e+00  1.922500e-09  0.000000e+00 
 1.923500e-09  1.194877e+00  1.923500e-09  1.191245e+00  1.923500e-09  0.000000e+00 
 1.924500e-09  1.194923e+00  1.924500e-09  1.191368e+00  1.924500e-09  0.000000e+00 
 1.925500e-09  1.194967e+00  1.925500e-09  1.191489e+00  1.925500e-09  0.000000e+00 
 1.926500e-09  1.195011e+00  1.926500e-09  1.191609e+00  1.926500e-09  0.000000e+00 
 1.927500e-09  1.195053e+00  1.927500e-09  1.191727e+00  1.927500e-09  0.000000e+00 
 1.928500e-09  1.195094e+00  1.928500e-09  1.191844e+00  1.928500e-09  0.000000e+00 
 1.929500e-09  1.195134e+00  1.929500e-09  1.191959e+00  1.929500e-09  0.000000e+00 
 1.930500e-09  1.195173e+00  1.930500e-09  1.192073e+00  1.930500e-09  0.000000e+00 
 1.931500e-09  1.195210e+00  1.931500e-09  1.192185e+00  1.931500e-09  0.000000e+00 
 1.932500e-09  1.195247e+00  1.932500e-09  1.192295e+00  1.932500e-09  0.000000e+00 
 1.933500e-09  1.195283e+00  1.933500e-09  1.192404e+00  1.933500e-09  0.000000e+00 
 1.934500e-09  1.195318e+00  1.934500e-09  1.192512e+00  1.934500e-09  0.000000e+00 
 1.935500e-09  1.195353e+00  1.935500e-09  1.192618e+00  1.935500e-09  0.000000e+00 
 1.936500e-09  1.195386e+00  1.936500e-09  1.192722e+00  1.936500e-09  0.000000e+00 
 1.937500e-09  1.195419e+00  1.937500e-09  1.192825e+00  1.937500e-09  0.000000e+00 
 1.938500e-09  1.195451e+00  1.938500e-09  1.192927e+00  1.938500e-09  0.000000e+00 
 1.939500e-09  1.195482e+00  1.939500e-09  1.193027e+00  1.939500e-09  0.000000e+00 
 1.940500e-09  1.195512e+00  1.940500e-09  1.193126e+00  1.940500e-09  0.000000e+00 
 1.941500e-09  1.195542e+00  1.941500e-09  1.193223e+00  1.941500e-09  0.000000e+00 
 1.942500e-09  1.195571e+00  1.942500e-09  1.193319e+00  1.942500e-09  0.000000e+00 
 1.943500e-09  1.195599e+00  1.943500e-09  1.193413e+00  1.943500e-09  0.000000e+00 
 1.944500e-09  1.195627e+00  1.944500e-09  1.193507e+00  1.944500e-09  0.000000e+00 
 1.945500e-09  1.195654e+00  1.945500e-09  1.193599e+00  1.945500e-09  0.000000e+00 
 1.946500e-09  1.195681e+00  1.946500e-09  1.193689e+00  1.946500e-09  0.000000e+00 
 1.947500e-09  1.195707e+00  1.947500e-09  1.193778e+00  1.947500e-09  0.000000e+00 
 1.948500e-09  1.195733e+00  1.948500e-09  1.193866e+00  1.948500e-09  0.000000e+00 
 1.949500e-09  1.195758e+00  1.949500e-09  1.193953e+00  1.949500e-09  0.000000e+00 
 1.950500e-09  1.195782e+00  1.950500e-09  1.194038e+00  1.950500e-09  0.000000e+00 
 1.951500e-09  1.195807e+00  1.951500e-09  1.194123e+00  1.951500e-09  0.000000e+00 
 1.952500e-09  1.195830e+00  1.952500e-09  1.194206e+00  1.952500e-09  0.000000e+00 
 1.953500e-09  1.195853e+00  1.953500e-09  1.194287e+00  1.953500e-09  0.000000e+00 
 1.954500e-09  1.195876e+00  1.954500e-09  1.194368e+00  1.954500e-09  0.000000e+00 
 1.955500e-09  1.195899e+00  1.955500e-09  1.194447e+00  1.955500e-09  0.000000e+00 
 1.956500e-09  1.195921e+00  1.956500e-09  1.194525e+00  1.956500e-09  0.000000e+00 
 1.957500e-09  1.195942e+00  1.957500e-09  1.194602e+00  1.957500e-09  0.000000e+00 
 1.958500e-09  1.195964e+00  1.958500e-09  1.194678e+00  1.958500e-09  0.000000e+00 
 1.959500e-09  1.195985e+00  1.959500e-09  1.194752e+00  1.959500e-09  0.000000e+00 
 1.960500e-09  1.196005e+00  1.960500e-09  1.194826e+00  1.960500e-09  0.000000e+00 
 1.961500e-09  1.196026e+00  1.961500e-09  1.194898e+00  1.961500e-09  0.000000e+00 
 1.962500e-09  1.196046e+00  1.962500e-09  1.194970e+00  1.962500e-09  0.000000e+00 
 1.963500e-09  1.196065e+00  1.963500e-09  1.195040e+00  1.963500e-09  0.000000e+00 
 1.964500e-09  1.196085e+00  1.964500e-09  1.195109e+00  1.964500e-09  0.000000e+00 
 1.965500e-09  1.196104e+00  1.965500e-09  1.195177e+00  1.965500e-09  0.000000e+00 
 1.966500e-09  1.196123e+00  1.966500e-09  1.195245e+00  1.966500e-09  0.000000e+00 
 1.967500e-09  1.196141e+00  1.967500e-09  1.195311e+00  1.967500e-09  0.000000e+00 
 1.968500e-09  1.196160e+00  1.968500e-09  1.195376e+00  1.968500e-09  0.000000e+00 
 1.969500e-09  1.196178e+00  1.969500e-09  1.195440e+00  1.969500e-09  0.000000e+00 
 1.970500e-09  1.196196e+00  1.970500e-09  1.195503e+00  1.970500e-09  0.000000e+00 
 1.971500e-09  1.196213e+00  1.971500e-09  1.195565e+00  1.971500e-09  0.000000e+00 
 1.972500e-09  1.196231e+00  1.972500e-09  1.195626e+00  1.972500e-09  0.000000e+00 
 1.973500e-09  1.196248e+00  1.973500e-09  1.195687e+00  1.973500e-09  0.000000e+00 
 1.974500e-09  1.196265e+00  1.974500e-09  1.195746e+00  1.974500e-09  0.000000e+00 
 1.975500e-09  1.196282e+00  1.975500e-09  1.195804e+00  1.975500e-09  0.000000e+00 
 1.976500e-09  1.196298e+00  1.976500e-09  1.195862e+00  1.976500e-09  0.000000e+00 
 1.977500e-09  1.196315e+00  1.977500e-09  1.195919e+00  1.977500e-09  0.000000e+00 
 1.978500e-09  1.196331e+00  1.978500e-09  1.195974e+00  1.978500e-09  0.000000e+00 
 1.979500e-09  1.196347e+00  1.979500e-09  1.196029e+00  1.979500e-09  0.000000e+00 
 1.980500e-09  1.196363e+00  1.980500e-09  1.196083e+00  1.980500e-09  0.000000e+00 
 1.981500e-09  1.196379e+00  1.981500e-09  1.196137e+00  1.981500e-09  0.000000e+00 
 1.982500e-09  1.196395e+00  1.982500e-09  1.196189e+00  1.982500e-09  0.000000e+00 
 1.983500e-09  1.196410e+00  1.983500e-09  1.196241e+00  1.983500e-09  0.000000e+00 
 1.984500e-09  1.196426e+00  1.984500e-09  1.196292e+00  1.984500e-09  0.000000e+00 
 1.985500e-09  1.196441e+00  1.985500e-09  1.196342e+00  1.985500e-09  0.000000e+00 
 1.986500e-09  1.196456e+00  1.986500e-09  1.196391e+00  1.986500e-09  0.000000e+00 
 1.987500e-09  1.196471e+00  1.987500e-09  1.196439e+00  1.987500e-09  0.000000e+00 
 1.988500e-09  1.196486e+00  1.988500e-09  1.196487e+00  1.988500e-09  0.000000e+00 
 1.989500e-09  1.196501e+00  1.989500e-09  1.196534e+00  1.989500e-09  0.000000e+00 
 1.990500e-09  1.196516e+00  1.990500e-09  1.196580e+00  1.990500e-09  0.000000e+00 
 1.991500e-09  1.196530e+00  1.991500e-09  1.196626e+00  1.991500e-09  0.000000e+00 
 1.992500e-09  1.196544e+00  1.992500e-09  1.196671e+00  1.992500e-09  0.000000e+00 
 1.993500e-09  1.196559e+00  1.993500e-09  1.196715e+00  1.993500e-09  0.000000e+00 
 1.994500e-09  1.196573e+00  1.994500e-09  1.196759e+00  1.994500e-09  0.000000e+00 
 1.995500e-09  1.196587e+00  1.995500e-09  1.196801e+00  1.995500e-09  0.000000e+00 
 1.996500e-09  1.196601e+00  1.996500e-09  1.196843e+00  1.996500e-09  0.000000e+00 
 1.997500e-09  1.196615e+00  1.997500e-09  1.196885e+00  1.997500e-09  0.000000e+00 
 1.998500e-09  1.196629e+00  1.998500e-09  1.196926e+00  1.998500e-09  0.000000e+00 
 1.999500e-09  1.196643e+00  1.999500e-09  1.196966e+00  1.999500e-09  0.000000e+00 
 2.000000e-09  1.196649e+00  2.000000e-09  1.196986e+00  2.000000e-09  0.000000e+00 
 2.000100e-09  1.196872e+00  2.000100e-09  1.197211e+00  2.000100e-09  2.400000e-03 
 2.000300e-09  1.197315e+00  2.000300e-09  1.197659e+00  2.000300e-09  7.200000e-03 
 2.000700e-09  1.198192e+00  2.000700e-09  1.198547e+00  2.000700e-09  1.680000e-02 
 2.001500e-09  1.199919e+00  2.001500e-09  1.200295e+00  2.001500e-09  3.600000e-02 
 2.002500e-09  1.202025e+00  2.002500e-09  1.202429e+00  2.002500e-09  6.000000e-02 
 2.003500e-09  1.204080e+00  2.003500e-09  1.204513e+00  2.003500e-09  8.400000e-02 
 2.004500e-09  1.206088e+00  2.004500e-09  1.206552e+00  2.004500e-09  1.080000e-01 
 2.005500e-09  1.208053e+00  2.005500e-09  1.208549e+00  2.005500e-09  1.320000e-01 
 2.006500e-09  1.209979e+00  2.006500e-09  1.210509e+00  2.006500e-09  1.560000e-01 
 2.007500e-09  1.211870e+00  2.007500e-09  1.212435e+00  2.007500e-09  1.800000e-01 
 2.008500e-09  1.213731e+00  2.008500e-09  1.214331e+00  2.008500e-09  2.040000e-01 
 2.009500e-09  1.215563e+00  2.009500e-09  1.216201e+00  2.009500e-09  2.280000e-01 
 2.010500e-09  1.217372e+00  2.010500e-09  1.218048e+00  2.010500e-09  2.520000e-01 
 2.011500e-09  1.219160e+00  2.011500e-09  1.219875e+00  2.011500e-09  2.760000e-01 
 2.012500e-09  1.220931e+00  2.012500e-09  1.221686e+00  2.012500e-09  3.000000e-01 
 2.013500e-09  1.222687e+00  2.013500e-09  1.223485e+00  2.013500e-09  3.240000e-01 
 2.014500e-09  1.224433e+00  2.014500e-09  1.225273e+00  2.014500e-09  3.480000e-01 
 2.015500e-09  1.226171e+00  2.015500e-09  1.227055e+00  2.015500e-09  3.720000e-01 
 2.016500e-09  1.227905e+00  2.016500e-09  1.228834e+00  2.016500e-09  3.960000e-01 
 2.017500e-09  1.229637e+00  2.017500e-09  1.230612e+00  2.017500e-09  4.200000e-01 
 2.018500e-09  1.231371e+00  2.018500e-09  1.232393e+00  2.018500e-09  4.440000e-01 
 2.019500e-09  1.233110e+00  2.019500e-09  1.234180e+00  2.019500e-09  4.680000e-01 
 2.020500e-09  1.234856e+00  2.020500e-09  1.235975e+00  2.020500e-09  4.920000e-01 
 2.021500e-09  1.236614e+00  2.021500e-09  1.237780e+00  2.021500e-09  5.160000e-01 
 2.022500e-09  1.238386e+00  2.022500e-09  1.239598e+00  2.022500e-09  5.400000e-01 
 2.023500e-09  1.240174e+00  2.023500e-09  1.241430e+00  2.023500e-09  5.640000e-01 
 2.024500e-09  1.241983e+00  2.024500e-09  1.243281e+00  2.024500e-09  5.880000e-01 
 2.025500e-09  1.243818e+00  2.025500e-09  1.245157e+00  2.025500e-09  6.120000e-01 
 2.026500e-09  1.245682e+00  2.026500e-09  1.247062e+00  2.026500e-09  6.360000e-01 
 2.027500e-09  1.247582e+00  2.027500e-09  1.249003e+00  2.027500e-09  6.600000e-01 
 2.028500e-09  1.249524e+00  2.028500e-09  1.250986e+00  2.028500e-09  6.840000e-01 
 2.029500e-09  1.251515e+00  2.029500e-09  1.253017e+00  2.029500e-09  7.080000e-01 
 2.030500e-09  1.253568e+00  2.030500e-09  1.255107e+00  2.030500e-09  7.320000e-01 
 2.031500e-09  1.255698e+00  2.031500e-09  1.257271e+00  2.031500e-09  7.560000e-01 
 2.032500e-09  1.257929e+00  2.032500e-09  1.259534e+00  2.032500e-09  7.800000e-01 
 2.033500e-09  1.260296e+00  2.033500e-09  1.261927e+00  2.033500e-09  8.040000e-01 
 2.034500e-09  1.262764e+00  2.034500e-09  1.264417e+00  2.034500e-09  8.280000e-01 
 2.035500e-09  1.265249e+00  2.035500e-09  1.266923e+00  2.035500e-09  8.520000e-01 
 2.036500e-09  1.267709e+00  2.036500e-09  1.269403e+00  2.036500e-09  8.760000e-01 
 2.037500e-09  1.270074e+00  2.037500e-09  1.271796e+00  2.037500e-09  9.000000e-01 
 2.038500e-09  1.272246e+00  2.038500e-09  1.274004e+00  2.038500e-09  9.240000e-01 
 2.039500e-09  1.274176e+00  2.039500e-09  1.275973e+00  2.039500e-09  9.480000e-01 
 2.040500e-09  1.275852e+00  2.040500e-09  1.277689e+00  2.040500e-09  9.720000e-01 
 2.041500e-09  1.277257e+00  2.041500e-09  1.279140e+00  2.041500e-09  9.960000e-01 
 2.042500e-09  1.278377e+00  2.042500e-09  1.280313e+00  2.042500e-09  1.020000e+00 
 2.043500e-09  1.279198e+00  2.043500e-09  1.281194e+00  2.043500e-09  1.044000e+00 
 2.044500e-09  1.279702e+00  2.044500e-09  1.281771e+00  2.044500e-09  1.068000e+00 
 2.045500e-09  1.279875e+00  2.045500e-09  1.282031e+00  2.045500e-09  1.092000e+00 
 2.046500e-09  1.279701e+00  2.046500e-09  1.281961e+00  2.046500e-09  1.116000e+00 
 2.047500e-09  1.279163e+00  2.047500e-09  1.281548e+00  2.047500e-09  1.140000e+00 
 2.048500e-09  1.278244e+00  2.048500e-09  1.280780e+00  2.048500e-09  1.164000e+00 
 2.049500e-09  1.276928e+00  2.049500e-09  1.279644e+00  2.049500e-09  1.188000e+00 
 2.050000e-09  1.276116e+00  2.050000e-09  1.278934e+00  2.050000e-09  1.200000e+00 
 2.050100e-09  1.275920e+00  2.050100e-09  1.278756e+00  2.050100e-09  1.200000e+00 
 2.050300e-09  1.275524e+00  2.050300e-09  1.278397e+00  2.050300e-09  1.200000e+00 
 2.050700e-09  1.274703e+00  2.050700e-09  1.277652e+00  2.050700e-09  1.200000e+00 
 2.051500e-09  1.272941e+00  2.051500e-09  1.276054e+00  2.051500e-09  1.200000e+00 
 2.052500e-09  1.270516e+00  2.052500e-09  1.273863e+00  2.052500e-09  1.200000e+00 
 2.053500e-09  1.267847e+00  2.053500e-09  1.271469e+00  2.053500e-09  1.200000e+00 
 2.054500e-09  1.264941e+00  2.054500e-09  1.268883e+00  2.054500e-09  1.200000e+00 
 2.055500e-09  1.261803e+00  2.055500e-09  1.266119e+00  2.055500e-09  1.200000e+00 
 2.056500e-09  1.258440e+00  2.056500e-09  1.263189e+00  2.056500e-09  1.200000e+00 
 2.057500e-09  1.254862e+00  2.057500e-09  1.260102e+00  2.057500e-09  1.200000e+00 
 2.058500e-09  1.251077e+00  2.058500e-09  1.256872e+00  2.058500e-09  1.200000e+00 
 2.059500e-09  1.247091e+00  2.059500e-09  1.253511e+00  2.059500e-09  1.200000e+00 
 2.060500e-09  1.242913e+00  2.060500e-09  1.250028e+00  2.060500e-09  1.200000e+00 
 2.061500e-09  1.238548e+00  2.061500e-09  1.246431e+00  2.061500e-09  1.200000e+00 
 2.062500e-09  1.234004e+00  2.062500e-09  1.242727e+00  2.062500e-09  1.200000e+00 
 2.063500e-09  1.229287e+00  2.063500e-09  1.238919e+00  2.063500e-09  1.200000e+00 
 2.064500e-09  1.224404e+00  2.064500e-09  1.235013e+00  2.064500e-09  1.200000e+00 
 2.065500e-09  1.219364e+00  2.065500e-09  1.231018e+00  2.065500e-09  1.200000e+00 
 2.066500e-09  1.214172e+00  2.066500e-09  1.226941e+00  2.066500e-09  1.200000e+00 
 2.067500e-09  1.208837e+00  2.067500e-09  1.222787e+00  2.067500e-09  1.200000e+00 
 2.068500e-09  1.203365e+00  2.068500e-09  1.218562e+00  2.068500e-09  1.200000e+00 
 2.069500e-09  1.197764e+00  2.069500e-09  1.214269e+00  2.069500e-09  1.200000e+00 
 2.070500e-09  1.192040e+00  2.070500e-09  1.209915e+00  2.070500e-09  1.200000e+00 
 2.071500e-09  1.186200e+00  2.071500e-09  1.205487e+00  2.071500e-09  1.200000e+00 
 2.072500e-09  1.180249e+00  2.072500e-09  1.200980e+00  2.072500e-09  1.200000e+00 
 2.073500e-09  1.174188e+00  2.073500e-09  1.196402e+00  2.073500e-09  1.200000e+00 
 2.074500e-09  1.168012e+00  2.074500e-09  1.191758e+00  2.074500e-09  1.200000e+00 
 2.075500e-09  1.161722e+00  2.075500e-09  1.187050e+00  2.075500e-09  1.200000e+00 
 2.076500e-09  1.155324e+00  2.076500e-09  1.182281e+00  2.076500e-09  1.200000e+00 
 2.077500e-09  1.148821e+00  2.077500e-09  1.177454e+00  2.077500e-09  1.200000e+00 
 2.078500e-09  1.142219e+00  2.078500e-09  1.172572e+00  2.078500e-09  1.200000e+00 
 2.079500e-09  1.135521e+00  2.079500e-09  1.167638e+00  2.079500e-09  1.200000e+00 
 2.080500e-09  1.128730e+00  2.080500e-09  1.162654e+00  2.080500e-09  1.200000e+00 
 2.081500e-09  1.121859e+00  2.081500e-09  1.157623e+00  2.081500e-09  1.200000e+00 
 2.082500e-09  1.114933e+00  2.082500e-09  1.152546e+00  2.082500e-09  1.200000e+00 
 2.083500e-09  1.107958e+00  2.083500e-09  1.147443e+00  2.083500e-09  1.200000e+00 
 2.084500e-09  1.100937e+00  2.084500e-09  1.142315e+00  2.084500e-09  1.200000e+00 
 2.085500e-09  1.093885e+00  2.085500e-09  1.137147e+00  2.085500e-09  1.200000e+00 
 2.086500e-09  1.086804e+00  2.086500e-09  1.131941e+00  2.086500e-09  1.200000e+00 
 2.087500e-09  1.079700e+00  2.087500e-09  1.126696e+00  2.087500e-09  1.200000e+00 
 2.088500e-09  1.072575e+00  2.088500e-09  1.121415e+00  2.088500e-09  1.200000e+00 
 2.089500e-09  1.065443e+00  2.089500e-09  1.116099e+00  2.089500e-09  1.200000e+00 
 2.090500e-09  1.058307e+00  2.090500e-09  1.110763e+00  2.090500e-09  1.200000e+00 
 2.091500e-09  1.051159e+00  2.091500e-09  1.105416e+00  2.091500e-09  1.200000e+00 
 2.092500e-09  1.044000e+00  2.092500e-09  1.100061e+00  2.092500e-09  1.200000e+00 
 2.093500e-09  1.036832e+00  2.093500e-09  1.094698e+00  2.093500e-09  1.200000e+00 
 2.094500e-09  1.029656e+00  2.094500e-09  1.089329e+00  2.094500e-09  1.200000e+00 
 2.095500e-09  1.022474e+00  2.095500e-09  1.083954e+00  2.095500e-09  1.200000e+00 
 2.096500e-09  1.015287e+00  2.096500e-09  1.078575e+00  2.096500e-09  1.200000e+00 
 2.097500e-09  1.008097e+00  2.097500e-09  1.073191e+00  2.097500e-09  1.200000e+00 
 2.098500e-09  1.000904e+00  2.098500e-09  1.067804e+00  2.098500e-09  1.200000e+00 
 2.099500e-09  9.937091e-01  2.099500e-09  1.062415e+00  2.099500e-09  1.200000e+00 
 2.100500e-09  9.865140e-01  2.100500e-09  1.057024e+00  2.100500e-09  1.200000e+00 
 2.101500e-09  9.793191e-01  2.101500e-09  1.051632e+00  2.101500e-09  1.200000e+00 
 2.102500e-09  9.721252e-01  2.102500e-09  1.046239e+00  2.102500e-09  1.200000e+00 
 2.103500e-09  9.649330e-01  2.103500e-09  1.040847e+00  2.103500e-09  1.200000e+00 
 2.104500e-09  9.577431e-01  2.104500e-09  1.035454e+00  2.104500e-09  1.200000e+00 
 2.105500e-09  9.505562e-01  2.105500e-09  1.030062e+00  2.105500e-09  1.200000e+00 
 2.106500e-09  9.433727e-01  2.106500e-09  1.024672e+00  2.106500e-09  1.200000e+00 
 2.107500e-09  9.361931e-01  2.107500e-09  1.019283e+00  2.107500e-09  1.200000e+00 
 2.108500e-09  9.290179e-01  2.108500e-09  1.013896e+00  2.108500e-09  1.200000e+00 
 2.109500e-09  9.218475e-01  2.109500e-09  1.008511e+00  2.109500e-09  1.200000e+00 
 2.110500e-09  9.146823e-01  2.110500e-09  1.003129e+00  2.110500e-09  1.200000e+00 
 2.111500e-09  9.075227e-01  2.111500e-09  9.977502e-01  2.111500e-09  1.200000e+00 
 2.112500e-09  9.003689e-01  2.112500e-09  9.923742e-01  2.112500e-09  1.200000e+00 
 2.113500e-09  8.932213e-01  2.113500e-09  9.870016e-01  2.113500e-09  1.200000e+00 
 2.114500e-09  8.860801e-01  2.114500e-09  9.816327e-01  2.114500e-09  1.200000e+00 
 2.115500e-09  8.789455e-01  2.115500e-09  9.762676e-01  2.115500e-09  1.200000e+00 
 2.116500e-09  8.718179e-01  2.116500e-09  9.709066e-01  2.116500e-09  1.200000e+00 
 2.117500e-09  8.646974e-01  2.117500e-09  9.655498e-01  2.117500e-09  1.200000e+00 
 2.118500e-09  8.575843e-01  2.118500e-09  9.601975e-01  2.118500e-09  1.200000e+00 
 2.119500e-09  8.504786e-01  2.119500e-09  9.548498e-01  2.119500e-09  1.200000e+00 
 2.120500e-09  8.433865e-01  2.120500e-09  9.495073e-01  2.120500e-09  1.200000e+00 
 2.121500e-09  8.363970e-01  2.121500e-09  9.441785e-01  2.121500e-09  1.200000e+00 
 2.122500e-09  8.295485e-01  2.122500e-09  9.388824e-01  2.122500e-09  1.200000e+00 
 2.123500e-09  8.227947e-01  2.123500e-09  9.336372e-01  2.123500e-09  1.200000e+00 
 2.124500e-09  8.161096e-01  2.124500e-09  9.284554e-01  2.124500e-09  1.200000e+00 
 2.125500e-09  8.094764e-01  2.125500e-09  9.233457e-01  2.125500e-09  1.200000e+00 
 2.126500e-09  8.028833e-01  2.126500e-09  9.183148e-01  2.126500e-09  1.200000e+00 
 2.127500e-09  7.963188e-01  2.127500e-09  9.133683e-01  2.127500e-09  1.200000e+00 
 2.128500e-09  7.897717e-01  2.128500e-09  9.085122e-01  2.128500e-09  1.200000e+00 
 2.129500e-09  7.832345e-01  2.129500e-09  9.037532e-01  2.129500e-09  1.200000e+00 
 2.130500e-09  7.767022e-01  2.130500e-09  8.990980e-01  2.130500e-09  1.200000e+00 
 2.131500e-09  7.701698e-01  2.131500e-09  8.945523e-01  2.131500e-09  1.200000e+00 
 2.132500e-09  7.636365e-01  2.132500e-09  8.901578e-01  2.132500e-09  1.200000e+00 
 2.133500e-09  7.571075e-01  2.133500e-09  8.859477e-01  2.133500e-09  1.200000e+00 
 2.134500e-09  7.505897e-01  2.134500e-09  8.819130e-01  2.134500e-09  1.200000e+00 
 2.135500e-09  7.440877e-01  2.135500e-09  8.780436e-01  2.135500e-09  1.200000e+00 
 2.136500e-09  7.376037e-01  2.136500e-09  8.743338e-01  2.136500e-09  1.200000e+00 
 2.137500e-09  7.311387e-01  2.137500e-09  8.707801e-01  2.137500e-09  1.200000e+00 
 2.138500e-09  7.246927e-01  2.138500e-09  8.673808e-01  2.138500e-09  1.200000e+00 
 2.139500e-09  7.182649e-01  2.139500e-09  8.641353e-01  2.139500e-09  1.200000e+00 
 2.140500e-09  7.118541e-01  2.140500e-09  8.610437e-01  2.140500e-09  1.200000e+00 
 2.141500e-09  7.054585e-01  2.141500e-09  8.581066e-01  2.141500e-09  1.200000e+00 
 2.142500e-09  6.990759e-01  2.142500e-09  8.553247e-01  2.142500e-09  1.200000e+00 
 2.143500e-09  6.927041e-01  2.143500e-09  8.526991e-01  2.143500e-09  1.200000e+00 
 2.144500e-09  6.863403e-01  2.144500e-09  8.502313e-01  2.144500e-09  1.200000e+00 
 2.145500e-09  6.799817e-01  2.145500e-09  8.479230e-01  2.145500e-09  1.200000e+00 
 2.146500e-09  6.736252e-01  2.146500e-09  8.457759e-01  2.146500e-09  1.200000e+00 
 2.147500e-09  6.672677e-01  2.147500e-09  8.437921e-01  2.147500e-09  1.200000e+00 
 2.148500e-09  6.609059e-01  2.148500e-09  8.419734e-01  2.148500e-09  1.200000e+00 
 2.149500e-09  6.545362e-01  2.149500e-09  8.403222e-01  2.149500e-09  1.200000e+00 
 2.150500e-09  6.481551e-01  2.150500e-09  8.388405e-01  2.150500e-09  1.200000e+00 
 2.151500e-09  6.417590e-01  2.151500e-09  8.375309e-01  2.151500e-09  1.200000e+00 
 2.152500e-09  6.353439e-01  2.152500e-09  8.363956e-01  2.152500e-09  1.200000e+00 
 2.153500e-09  6.289060e-01  2.153500e-09  8.354373e-01  2.153500e-09  1.200000e+00 
 2.154500e-09  6.224413e-01  2.154500e-09  8.346584e-01  2.154500e-09  1.200000e+00 
 2.155500e-09  6.159455e-01  2.155500e-09  8.340618e-01  2.155500e-09  1.200000e+00 
 2.156500e-09  6.094144e-01  2.156500e-09  8.336500e-01  2.156500e-09  1.200000e+00 
 2.157500e-09  6.028437e-01  2.157500e-09  8.334261e-01  2.157500e-09  1.200000e+00 
 2.158500e-09  5.962289e-01  2.158500e-09  8.333928e-01  2.158500e-09  1.200000e+00 
 2.159500e-09  5.895655e-01  2.159500e-09  8.335531e-01  2.159500e-09  1.200000e+00 
 2.160500e-09  5.828486e-01  2.160500e-09  8.339101e-01  2.160500e-09  1.200000e+00 
 2.161500e-09  5.760735e-01  2.161500e-09  8.344669e-01  2.161500e-09  1.200000e+00 
 2.162500e-09  5.692354e-01  2.162500e-09  8.352266e-01  2.162500e-09  1.200000e+00 
 2.163500e-09  5.623291e-01  2.163500e-09  8.361926e-01  2.163500e-09  1.200000e+00 
 2.164500e-09  5.553495e-01  2.164500e-09  8.373681e-01  2.164500e-09  1.200000e+00 
 2.165500e-09  5.482914e-01  2.165500e-09  8.387565e-01  2.165500e-09  1.200000e+00 
 2.166500e-09  5.411493e-01  2.166500e-09  8.403611e-01  2.166500e-09  1.200000e+00 
 2.167500e-09  5.339179e-01  2.167500e-09  8.421855e-01  2.167500e-09  1.200000e+00 
 2.168500e-09  5.265915e-01  2.168500e-09  8.442331e-01  2.168500e-09  1.200000e+00 
 2.169500e-09  5.191645e-01  2.169500e-09  8.465073e-01  2.169500e-09  1.200000e+00 
 2.170500e-09  5.116311e-01  2.170500e-09  8.490118e-01  2.170500e-09  1.200000e+00 
 2.171500e-09  5.039855e-01  2.171500e-09  8.517499e-01  2.171500e-09  1.200000e+00 
 2.172500e-09  4.962217e-01  2.172500e-09  8.547253e-01  2.172500e-09  1.200000e+00 
 2.173500e-09  4.883339e-01  2.173500e-09  8.579412e-01  2.173500e-09  1.200000e+00 
 2.174500e-09  4.803160e-01  2.174500e-09  8.614012e-01  2.174500e-09  1.200000e+00 
 2.175500e-09  4.721620e-01  2.175500e-09  8.651084e-01  2.175500e-09  1.200000e+00 
 2.176500e-09  4.639153e-01  2.176500e-09  8.690164e-01  2.176500e-09  1.200000e+00 
 2.177500e-09  4.556775e-01  2.177500e-09  8.730136e-01  2.177500e-09  1.200000e+00 
 2.178500e-09  4.474876e-01  2.178500e-09  8.770455e-01  2.178500e-09  1.200000e+00 
 2.179500e-09  4.394066e-01  2.179500e-09  8.810386e-01  2.179500e-09  1.200000e+00 
 2.180500e-09  4.315153e-01  2.180500e-09  8.849128e-01  2.180500e-09  1.200000e+00 
 2.181500e-09  4.238080e-01  2.181500e-09  8.886834e-01  2.181500e-09  1.200000e+00 
 2.182500e-09  4.162624e-01  2.182500e-09  8.923823e-01  2.182500e-09  1.200000e+00 
 2.183500e-09  4.088632e-01  2.183500e-09  8.960322e-01  2.183500e-09  1.200000e+00 
 2.184500e-09  4.016002e-01  2.184500e-09  8.996498e-01  2.184500e-09  1.200000e+00 
 2.185500e-09  3.944661e-01  2.185500e-09  9.032472e-01  2.185500e-09  1.200000e+00 
 2.186500e-09  3.874558e-01  2.186500e-09  9.068338e-01  2.186500e-09  1.200000e+00 
 2.187500e-09  3.805657e-01  2.187500e-09  9.104165e-01  2.187500e-09  1.200000e+00 
 2.188500e-09  3.737929e-01  2.188500e-09  9.140004e-01  2.188500e-09  1.200000e+00 
 2.189500e-09  3.671357e-01  2.189500e-09  9.175889e-01  2.189500e-09  1.200000e+00 
 2.190500e-09  3.605923e-01  2.190500e-09  9.211847e-01  2.190500e-09  1.200000e+00 
 2.191500e-09  3.541608e-01  2.191500e-09  9.247903e-01  2.191500e-09  1.200000e+00 
 2.192500e-09  3.478398e-01  2.192500e-09  9.284065e-01  2.192500e-09  1.200000e+00 
 2.193500e-09  3.416280e-01  2.193500e-09  9.320342e-01  2.193500e-09  1.200000e+00 
 2.194500e-09  3.355243e-01  2.194500e-09  9.356732e-01  2.194500e-09  1.200000e+00 
 2.195500e-09  3.295276e-01  2.195500e-09  9.393230e-01  2.195500e-09  1.200000e+00 
 2.196500e-09  3.236367e-01  2.196500e-09  9.429827e-01  2.196500e-09  1.200000e+00 
 2.197500e-09  3.178504e-01  2.197500e-09  9.466512e-01  2.197500e-09  1.200000e+00 
 2.198500e-09  3.121673e-01  2.198500e-09  9.503273e-01  2.198500e-09  1.200000e+00 
 2.199500e-09  3.065858e-01  2.199500e-09  9.540097e-01  2.199500e-09  1.200000e+00 
 2.200500e-09  3.011045e-01  2.200500e-09  9.576967e-01  2.200500e-09  1.200000e+00 
 2.201500e-09  2.957218e-01  2.201500e-09  9.613866e-01  2.201500e-09  1.200000e+00 
 2.202500e-09  2.904360e-01  2.202500e-09  9.650775e-01  2.202500e-09  1.200000e+00 
 2.203500e-09  2.852455e-01  2.203500e-09  9.687676e-01  2.203500e-09  1.200000e+00 
 2.204500e-09  2.801486e-01  2.204500e-09  9.724548e-01  2.204500e-09  1.200000e+00 
 2.205500e-09  2.751434e-01  2.205500e-09  9.761372e-01  2.205500e-09  1.200000e+00 
 2.206500e-09  2.702282e-01  2.206500e-09  9.798127e-01  2.206500e-09  1.200000e+00 
 2.207500e-09  2.654011e-01  2.207500e-09  9.834793e-01  2.207500e-09  1.200000e+00 
 2.208500e-09  2.606604e-01  2.208500e-09  9.871350e-01  2.208500e-09  1.200000e+00 
 2.209500e-09  2.560042e-01  2.209500e-09  9.907778e-01  2.209500e-09  1.200000e+00 
 2.210500e-09  2.514306e-01  2.210500e-09  9.944055e-01  2.210500e-09  1.200000e+00 
 2.211500e-09  2.469379e-01  2.211500e-09  9.980164e-01  2.211500e-09  1.200000e+00 
 2.212500e-09  2.425242e-01  2.212500e-09  1.001608e+00  2.212500e-09  1.200000e+00 
 2.213500e-09  2.381878e-01  2.213500e-09  1.005180e+00  2.213500e-09  1.200000e+00 
 2.214500e-09  2.339269e-01  2.214500e-09  1.008729e+00  2.214500e-09  1.200000e+00 
 2.215500e-09  2.297399e-01  2.215500e-09  1.012253e+00  2.215500e-09  1.200000e+00 
 2.216500e-09  2.256249e-01  2.216500e-09  1.015752e+00  2.216500e-09  1.200000e+00 
 2.217500e-09  2.215804e-01  2.217500e-09  1.019222e+00  2.217500e-09  1.200000e+00 
 2.218500e-09  2.176048e-01  2.218500e-09  1.022664e+00  2.218500e-09  1.200000e+00 
 2.219500e-09  2.136965e-01  2.219500e-09  1.026075e+00  2.219500e-09  1.200000e+00 
 2.220500e-09  2.098541e-01  2.220500e-09  1.029454e+00  2.220500e-09  1.200000e+00 
 2.221500e-09  2.060760e-01  2.221500e-09  1.032799e+00  2.221500e-09  1.200000e+00 
 2.222500e-09  2.023608e-01  2.222500e-09  1.036109e+00  2.222500e-09  1.200000e+00 
 2.223500e-09  1.987072e-01  2.223500e-09  1.039384e+00  2.223500e-09  1.200000e+00 
 2.224500e-09  1.951139e-01  2.224500e-09  1.042621e+00  2.224500e-09  1.200000e+00 
 2.225500e-09  1.915796e-01  2.225500e-09  1.045820e+00  2.225500e-09  1.200000e+00 
 2.226500e-09  1.881031e-01  2.226500e-09  1.048980e+00  2.226500e-09  1.200000e+00 
 2.227500e-09  1.846831e-01  2.227500e-09  1.052100e+00  2.227500e-09  1.200000e+00 
 2.228500e-09  1.813187e-01  2.228500e-09  1.055179e+00  2.228500e-09  1.200000e+00 
 2.229500e-09  1.780087e-01  2.229500e-09  1.058217e+00  2.229500e-09  1.200000e+00 
 2.230500e-09  1.747521e-01  2.230500e-09  1.061212e+00  2.230500e-09  1.200000e+00 
 2.231500e-09  1.715478e-01  2.231500e-09  1.064165e+00  2.231500e-09  1.200000e+00 
 2.232500e-09  1.683950e-01  2.232500e-09  1.067074e+00  2.232500e-09  1.200000e+00 
 2.233500e-09  1.652927e-01  2.233500e-09  1.069940e+00  2.233500e-09  1.200000e+00 
 2.234500e-09  1.622401e-01  2.234500e-09  1.072761e+00  2.234500e-09  1.200000e+00 
 2.235500e-09  1.592363e-01  2.235500e-09  1.075538e+00  2.235500e-09  1.200000e+00 
 2.236500e-09  1.562805e-01  2.236500e-09  1.078270e+00  2.236500e-09  1.200000e+00 
 2.237500e-09  1.533719e-01  2.237500e-09  1.080958e+00  2.237500e-09  1.200000e+00 
 2.238500e-09  1.505099e-01  2.238500e-09  1.083600e+00  2.238500e-09  1.200000e+00 
 2.239500e-09  1.476936e-01  2.239500e-09  1.086197e+00  2.239500e-09  1.200000e+00 
 2.240500e-09  1.449225e-01  2.240500e-09  1.088749e+00  2.240500e-09  1.200000e+00 
 2.241500e-09  1.421958e-01  2.241500e-09  1.091256e+00  2.241500e-09  1.200000e+00 
 2.242500e-09  1.395129e-01  2.242500e-09  1.093718e+00  2.242500e-09  1.200000e+00 
 2.243500e-09  1.368732e-01  2.243500e-09  1.096135e+00  2.243500e-09  1.200000e+00 
 2.244500e-09  1.342762e-01  2.244500e-09  1.098508e+00  2.244500e-09  1.200000e+00 
 2.245500e-09  1.317212e-01  2.245500e-09  1.100835e+00  2.245500e-09  1.200000e+00 
 2.246500e-09  1.292076e-01  2.246500e-09  1.103119e+00  2.246500e-09  1.200000e+00 
 2.247500e-09  1.267350e-01  2.247500e-09  1.105358e+00  2.247500e-09  1.200000e+00 
 2.248500e-09  1.243027e-01  2.248500e-09  1.107554e+00  2.248500e-09  1.200000e+00 
 2.249500e-09  1.219104e-01  2.249500e-09  1.109706e+00  2.249500e-09  1.200000e+00 
 2.250500e-09  1.195574e-01  2.250500e-09  1.111816e+00  2.250500e-09  1.200000e+00 
 2.251500e-09  1.172434e-01  2.251500e-09  1.113882e+00  2.251500e-09  1.200000e+00 
 2.252500e-09  1.149677e-01  2.252500e-09  1.115907e+00  2.252500e-09  1.200000e+00 
 2.253500e-09  1.127299e-01  2.253500e-09  1.117890e+00  2.253500e-09  1.200000e+00 
 2.254500e-09  1.105297e-01  2.254500e-09  1.119831e+00  2.254500e-09  1.200000e+00 
 2.255500e-09  1.083664e-01  2.255500e-09  1.121732e+00  2.255500e-09  1.200000e+00 
 2.256500e-09  1.062397e-01  2.256500e-09  1.123593e+00  2.256500e-09  1.200000e+00 
 2.257500e-09  1.041498e-01  2.257500e-09  1.125414e+00  2.257500e-09  1.200000e+00 
 2.258500e-09  1.020970e-01  2.258500e-09  1.127195e+00  2.258500e-09  1.200000e+00 
 2.259500e-09  1.000809e-01  2.259500e-09  1.128936e+00  2.259500e-09  1.200000e+00 
 2.260500e-09  9.810075e-02  2.260500e-09  1.130637e+00  2.260500e-09  1.200000e+00 
 2.261500e-09  9.615595e-02  2.261500e-09  1.132300e+00  2.261500e-09  1.200000e+00 
 2.262500e-09  9.424591e-02  2.262500e-09  1.133925e+00  2.262500e-09  1.200000e+00 
 2.263500e-09  9.237004e-02  2.263500e-09  1.135513e+00  2.263500e-09  1.200000e+00 
 2.264500e-09  9.052781e-02  2.264500e-09  1.137064e+00  2.264500e-09  1.200000e+00 
 2.265500e-09  8.871868e-02  2.265500e-09  1.138580e+00  2.265500e-09  1.200000e+00 
 2.266500e-09  8.694212e-02  2.266500e-09  1.140060e+00  2.266500e-09  1.200000e+00 
 2.267500e-09  8.519764e-02  2.267500e-09  1.141505e+00  2.267500e-09  1.200000e+00 
 2.268500e-09  8.348473e-02  2.268500e-09  1.142917e+00  2.268500e-09  1.200000e+00 
 2.269500e-09  8.180292e-02  2.269500e-09  1.144295e+00  2.269500e-09  1.200000e+00 
 2.270500e-09  8.015172e-02  2.270500e-09  1.145641e+00  2.270500e-09  1.200000e+00 
 2.271500e-09  7.853068e-02  2.271500e-09  1.146956e+00  2.271500e-09  1.200000e+00 
 2.272500e-09  7.693932e-02  2.272500e-09  1.148239e+00  2.272500e-09  1.200000e+00 
 2.273500e-09  7.537721e-02  2.273500e-09  1.149491e+00  2.273500e-09  1.200000e+00 
 2.274500e-09  7.384389e-02  2.274500e-09  1.150714e+00  2.274500e-09  1.200000e+00 
 2.275500e-09  7.233893e-02  2.275500e-09  1.151907e+00  2.275500e-09  1.200000e+00 
 2.276500e-09  7.086189e-02  2.276500e-09  1.153072e+00  2.276500e-09  1.200000e+00 
 2.277500e-09  6.941235e-02  2.277500e-09  1.154209e+00  2.277500e-09  1.200000e+00 
 2.278500e-09  6.798987e-02  2.278500e-09  1.155319e+00  2.278500e-09  1.200000e+00 
 2.279500e-09  6.659405e-02  2.279500e-09  1.156401e+00  2.279500e-09  1.200000e+00 
 2.280500e-09  6.522447e-02  2.280500e-09  1.157458e+00  2.280500e-09  1.200000e+00 
 2.281500e-09  6.388072e-02  2.281500e-09  1.158489e+00  2.281500e-09  1.200000e+00 
 2.282500e-09  6.256240e-02  2.282500e-09  1.159495e+00  2.282500e-09  1.200000e+00 
 2.283500e-09  6.126910e-02  2.283500e-09  1.160477e+00  2.283500e-09  1.200000e+00 
 2.284500e-09  5.999979e-02  2.284500e-09  1.161435e+00  2.284500e-09  1.200000e+00 
 2.285500e-09  5.875409e-02  2.285500e-09  1.162371e+00  2.285500e-09  1.200000e+00 
 2.286500e-09  5.753230e-02  2.286500e-09  1.163283e+00  2.286500e-09  1.200000e+00 
 2.287500e-09  5.633404e-02  2.287500e-09  1.164173e+00  2.287500e-09  1.200000e+00 
 2.288500e-09  5.515893e-02  2.288500e-09  1.165042e+00  2.288500e-09  1.200000e+00 
 2.289500e-09  5.400659e-02  2.289500e-09  1.165889e+00  2.289500e-09  1.200000e+00 
 2.290500e-09  5.287666e-02  2.290500e-09  1.166715e+00  2.290500e-09  1.200000e+00 
 2.291500e-09  5.176876e-02  2.291500e-09  1.167521e+00  2.291500e-09  1.200000e+00 
 2.292500e-09  5.068254e-02  2.292500e-09  1.168308e+00  2.292500e-09  1.200000e+00 
 2.293500e-09  4.961762e-02  2.293500e-09  1.169075e+00  2.293500e-09  1.200000e+00 
 2.294500e-09  4.857365e-02  2.294500e-09  1.169823e+00  2.294500e-09  1.200000e+00 
 2.295500e-09  4.755027e-02  2.295500e-09  1.170553e+00  2.295500e-09  1.200000e+00 
 2.296500e-09  4.654713e-02  2.296500e-09  1.171265e+00  2.296500e-09  1.200000e+00 
 2.297500e-09  4.556389e-02  2.297500e-09  1.171960e+00  2.297500e-09  1.200000e+00 
 2.298500e-09  4.460019e-02  2.298500e-09  1.172638e+00  2.298500e-09  1.200000e+00 
 2.299500e-09  4.365570e-02  2.299500e-09  1.173298e+00  2.299500e-09  1.200000e+00 
 2.300500e-09  4.273008e-02  2.300500e-09  1.173943e+00  2.300500e-09  1.200000e+00 
 2.301500e-09  4.182300e-02  2.301500e-09  1.174572e+00  2.301500e-09  1.200000e+00 
 2.302500e-09  4.093413e-02  2.302500e-09  1.175185e+00  2.302500e-09  1.200000e+00 
 2.303500e-09  4.006315e-02  2.303500e-09  1.175783e+00  2.303500e-09  1.200000e+00 
 2.304500e-09  3.920974e-02  2.304500e-09  1.176367e+00  2.304500e-09  1.200000e+00 
 2.305500e-09  3.837358e-02  2.305500e-09  1.176936e+00  2.305500e-09  1.200000e+00 
 2.306500e-09  3.755436e-02  2.306500e-09  1.177491e+00  2.306500e-09  1.200000e+00 
 2.307500e-09  3.675178e-02  2.307500e-09  1.178033e+00  2.307500e-09  1.200000e+00 
 2.308500e-09  3.596552e-02  2.308500e-09  1.178561e+00  2.308500e-09  1.200000e+00 
 2.309500e-09  3.519530e-02  2.309500e-09  1.179076e+00  2.309500e-09  1.200000e+00 
 2.310500e-09  3.444082e-02  2.310500e-09  1.179579e+00  2.310500e-09  1.200000e+00 
 2.311500e-09  3.370178e-02  2.311500e-09  1.180069e+00  2.311500e-09  1.200000e+00 
 2.312500e-09  3.297790e-02  2.312500e-09  1.180547e+00  2.312500e-09  1.200000e+00 
 2.313500e-09  3.226890e-02  2.313500e-09  1.181013e+00  2.313500e-09  1.200000e+00 
 2.314500e-09  3.157450e-02  2.314500e-09  1.181468e+00  2.314500e-09  1.200000e+00 
 2.315500e-09  3.089443e-02  2.315500e-09  1.181912e+00  2.315500e-09  1.200000e+00 
 2.316500e-09  3.022841e-02  2.316500e-09  1.182345e+00  2.316500e-09  1.200000e+00 
 2.317500e-09  2.957618e-02  2.317500e-09  1.182767e+00  2.317500e-09  1.200000e+00 
 2.318500e-09  2.893747e-02  2.318500e-09  1.183179e+00  2.318500e-09  1.200000e+00 
 2.319500e-09  2.831203e-02  2.319500e-09  1.183581e+00  2.319500e-09  1.200000e+00 
 2.320500e-09  2.769961e-02  2.320500e-09  1.183973e+00  2.320500e-09  1.200000e+00 
 2.321500e-09  2.709995e-02  2.321500e-09  1.184355e+00  2.321500e-09  1.200000e+00 
 2.322500e-09  2.651282e-02  2.322500e-09  1.184729e+00  2.322500e-09  1.200000e+00 
 2.323500e-09  2.593795e-02  2.323500e-09  1.185092e+00  2.323500e-09  1.200000e+00 
 2.324500e-09  2.537513e-02  2.324500e-09  1.185448e+00  2.324500e-09  1.200000e+00 
 2.325500e-09  2.482411e-02  2.325500e-09  1.185794e+00  2.325500e-09  1.200000e+00 
 2.326500e-09  2.428466e-02  2.326500e-09  1.186132e+00  2.326500e-09  1.200000e+00 
 2.327500e-09  2.375656e-02  2.327500e-09  1.186461e+00  2.327500e-09  1.200000e+00 
 2.328500e-09  2.323958e-02  2.328500e-09  1.186783e+00  2.328500e-09  1.200000e+00 
 2.329500e-09  2.273351e-02  2.329500e-09  1.187097e+00  2.329500e-09  1.200000e+00 
 2.330500e-09  2.223812e-02  2.330500e-09  1.187403e+00  2.330500e-09  1.200000e+00 
 2.331500e-09  2.175321e-02  2.331500e-09  1.187702e+00  2.331500e-09  1.200000e+00 
 2.332500e-09  2.127857e-02  2.332500e-09  1.187993e+00  2.332500e-09  1.200000e+00 
 2.333500e-09  2.081399e-02  2.333500e-09  1.188277e+00  2.333500e-09  1.200000e+00 
 2.334500e-09  2.035927e-02  2.334500e-09  1.188555e+00  2.334500e-09  1.200000e+00 
 2.335500e-09  1.991422e-02  2.335500e-09  1.188826e+00  2.335500e-09  1.200000e+00 
 2.336500e-09  1.947864e-02  2.336500e-09  1.189090e+00  2.336500e-09  1.200000e+00 
 2.337500e-09  1.905234e-02  2.337500e-09  1.189347e+00  2.337500e-09  1.200000e+00 
 2.338500e-09  1.863513e-02  2.338500e-09  1.189599e+00  2.338500e-09  1.200000e+00 
 2.339500e-09  1.822683e-02  2.339500e-09  1.189844e+00  2.339500e-09  1.200000e+00 
 2.340500e-09  1.782725e-02  2.340500e-09  1.190084e+00  2.340500e-09  1.200000e+00 
 2.341500e-09  1.743623e-02  2.341500e-09  1.190317e+00  2.341500e-09  1.200000e+00 
 2.342500e-09  1.705358e-02  2.342500e-09  1.190545e+00  2.342500e-09  1.200000e+00 
 2.343500e-09  1.667914e-02  2.343500e-09  1.190768e+00  2.343500e-09  1.200000e+00 
 2.344500e-09  1.631273e-02  2.344500e-09  1.190985e+00  2.344500e-09  1.200000e+00 
 2.345500e-09  1.595420e-02  2.345500e-09  1.191197e+00  2.345500e-09  1.200000e+00 
 2.346500e-09  1.560337e-02  2.346500e-09  1.191404e+00  2.346500e-09  1.200000e+00 
 2.347500e-09  1.526010e-02  2.347500e-09  1.191606e+00  2.347500e-09  1.200000e+00 
 2.348500e-09  1.492422e-02  2.348500e-09  1.191803e+00  2.348500e-09  1.200000e+00 
 2.349500e-09  1.459559e-02  2.349500e-09  1.191995e+00  2.349500e-09  1.200000e+00 
 2.350500e-09  1.427405e-02  2.350500e-09  1.192182e+00  2.350500e-09  1.200000e+00 
 2.351500e-09  1.395946e-02  2.351500e-09  1.192366e+00  2.351500e-09  1.200000e+00 
 2.352500e-09  1.365167e-02  2.352500e-09  1.192544e+00  2.352500e-09  1.200000e+00 
 2.353500e-09  1.335053e-02  2.353500e-09  1.192719e+00  2.353500e-09  1.200000e+00 
 2.354500e-09  1.305592e-02  2.354500e-09  1.192889e+00  2.354500e-09  1.200000e+00 
 2.355500e-09  1.276770e-02  2.355500e-09  1.193055e+00  2.355500e-09  1.200000e+00 
 2.356500e-09  1.248572e-02  2.356500e-09  1.193218e+00  2.356500e-09  1.200000e+00 
 2.357500e-09  1.220987e-02  2.357500e-09  1.193376e+00  2.357500e-09  1.200000e+00 
 2.358500e-09  1.194001e-02  2.358500e-09  1.193530e+00  2.358500e-09  1.200000e+00 
 2.359500e-09  1.167602e-02  2.359500e-09  1.193681e+00  2.359500e-09  1.200000e+00 
 2.360500e-09  1.141776e-02  2.360500e-09  1.193829e+00  2.360500e-09  1.200000e+00 
 2.361500e-09  1.116514e-02  2.361500e-09  1.193972e+00  2.361500e-09  1.200000e+00 
 2.362500e-09  1.091801e-02  2.362500e-09  1.194113e+00  2.362500e-09  1.200000e+00 
 2.363500e-09  1.067627e-02  2.363500e-09  1.194250e+00  2.363500e-09  1.200000e+00 
 2.364500e-09  1.043981e-02  2.364500e-09  1.194383e+00  2.364500e-09  1.200000e+00 
 2.365500e-09  1.020850e-02  2.365500e-09  1.194514e+00  2.365500e-09  1.200000e+00 
 2.366500e-09  9.982250e-03  2.366500e-09  1.194642e+00  2.366500e-09  1.200000e+00 
 2.367500e-09  9.760943e-03  2.367500e-09  1.194766e+00  2.367500e-09  1.200000e+00 
 2.368500e-09  9.544476e-03  2.368500e-09  1.194888e+00  2.368500e-09  1.200000e+00 
 2.369500e-09  9.332745e-03  2.369500e-09  1.195006e+00  2.369500e-09  1.200000e+00 
 2.370500e-09  9.125649e-03  2.370500e-09  1.195122e+00  2.370500e-09  1.200000e+00 
 2.371500e-09  8.923090e-03  2.371500e-09  1.195235e+00  2.371500e-09  1.200000e+00 
 2.372500e-09  8.724971e-03  2.372500e-09  1.195345e+00  2.372500e-09  1.200000e+00 
 2.373500e-09  8.531197e-03  2.373500e-09  1.195453e+00  2.373500e-09  1.200000e+00 
 2.374500e-09  8.341675e-03  2.374500e-09  1.195558e+00  2.374500e-09  1.200000e+00 
 2.375500e-09  8.156313e-03  2.375500e-09  1.195661e+00  2.375500e-09  1.200000e+00 
 2.376500e-09  7.975023e-03  2.376500e-09  1.195762e+00  2.376500e-09  1.200000e+00 
 2.377500e-09  7.797717e-03  2.377500e-09  1.195860e+00  2.377500e-09  1.200000e+00 
 2.378500e-09  7.624309e-03  2.378500e-09  1.195955e+00  2.378500e-09  1.200000e+00 
 2.379500e-09  7.454715e-03  2.379500e-09  1.196049e+00  2.379500e-09  1.200000e+00 
 2.380500e-09  7.288854e-03  2.380500e-09  1.196140e+00  2.380500e-09  1.200000e+00 
 2.381500e-09  7.126645e-03  2.381500e-09  1.196229e+00  2.381500e-09  1.200000e+00 
 2.382500e-09  6.968009e-03  2.382500e-09  1.196316e+00  2.382500e-09  1.200000e+00 
 2.383500e-09  6.812869e-03  2.383500e-09  1.196401e+00  2.383500e-09  1.200000e+00 
 2.384500e-09  6.661149e-03  2.384500e-09  1.196484e+00  2.384500e-09  1.200000e+00 
 2.385500e-09  6.512776e-03  2.385500e-09  1.196565e+00  2.385500e-09  1.200000e+00 
 2.386500e-09  6.367677e-03  2.386500e-09  1.196644e+00  2.386500e-09  1.200000e+00 
 2.387500e-09  6.225780e-03  2.387500e-09  1.196721e+00  2.387500e-09  1.200000e+00 
 2.388500e-09  6.087018e-03  2.388500e-09  1.196797e+00  2.388500e-09  1.200000e+00 
 2.389500e-09  5.951320e-03  2.389500e-09  1.196870e+00  2.389500e-09  1.200000e+00 
 2.390500e-09  5.818622e-03  2.390500e-09  1.196942e+00  2.390500e-09  1.200000e+00 
 2.391500e-09  5.688858e-03  2.391500e-09  1.197013e+00  2.391500e-09  1.200000e+00 
 2.392500e-09  5.561963e-03  2.392500e-09  1.197081e+00  2.392500e-09  1.200000e+00 
 2.393500e-09  5.437877e-03  2.393500e-09  1.197148e+00  2.393500e-09  1.200000e+00 
 2.394500e-09  5.316536e-03  2.394500e-09  1.197214e+00  2.394500e-09  1.200000e+00 
 2.395500e-09  5.197882e-03  2.395500e-09  1.197278e+00  2.395500e-09  1.200000e+00 
 2.396500e-09  5.081856e-03  2.396500e-09  1.197340e+00  2.396500e-09  1.200000e+00 
 2.397500e-09  4.968401e-03  2.397500e-09  1.197401e+00  2.397500e-09  1.200000e+00 
 2.398500e-09  4.857460e-03  2.398500e-09  1.197461e+00  2.398500e-09  1.200000e+00 
 2.399500e-09  4.748978e-03  2.399500e-09  1.197519e+00  2.399500e-09  1.200000e+00 
 2.400500e-09  4.642903e-03  2.400500e-09  1.197576e+00  2.400500e-09  1.200000e+00 
 2.401500e-09  4.539180e-03  2.401500e-09  1.197632e+00  2.401500e-09  1.200000e+00 
 2.402500e-09  4.437759e-03  2.402500e-09  1.197686e+00  2.402500e-09  1.200000e+00 
 2.403500e-09  4.338589e-03  2.403500e-09  1.197739e+00  2.403500e-09  1.200000e+00 
 2.404500e-09  4.241621e-03  2.404500e-09  1.197791e+00  2.404500e-09  1.200000e+00 
 2.405500e-09  4.146807e-03  2.405500e-09  1.197841e+00  2.405500e-09  1.200000e+00 
 2.406500e-09  4.054099e-03  2.406500e-09  1.197891e+00  2.406500e-09  1.200000e+00 
 2.407500e-09  3.963451e-03  2.407500e-09  1.197939e+00  2.407500e-09  1.200000e+00 
 2.408500e-09  3.874817e-03  2.408500e-09  1.197986e+00  2.408500e-09  1.200000e+00 
 2.409500e-09  3.788155e-03  2.409500e-09  1.198032e+00  2.409500e-09  1.200000e+00 
 2.410500e-09  3.703419e-03  2.410500e-09  1.198077e+00  2.410500e-09  1.200000e+00 
 2.411500e-09  3.620569e-03  2.411500e-09  1.198121e+00  2.411500e-09  1.200000e+00 
 2.412500e-09  3.539561e-03  2.412500e-09  1.198164e+00  2.412500e-09  1.200000e+00 
 2.413500e-09  3.460357e-03  2.413500e-09  1.198206e+00  2.413500e-09  1.200000e+00 
 2.414500e-09  3.382916e-03  2.414500e-09  1.198247e+00  2.414500e-09  1.200000e+00 
 2.415500e-09  3.307198e-03  2.415500e-09  1.198287e+00  2.415500e-09  1.200000e+00 
 2.416500e-09  3.233168e-03  2.416500e-09  1.198326e+00  2.416500e-09  1.200000e+00 
 2.417500e-09  3.160786e-03  2.417500e-09  1.198364e+00  2.417500e-09  1.200000e+00 
 2.418500e-09  3.090016e-03  2.418500e-09  1.198401e+00  2.418500e-09  1.200000e+00 
 2.419500e-09  3.020824e-03  2.419500e-09  1.198438e+00  2.419500e-09  1.200000e+00 
 2.420500e-09  2.953174e-03  2.420500e-09  1.198473e+00  2.420500e-09  1.200000e+00 
 2.421500e-09  2.887032e-03  2.421500e-09  1.198508e+00  2.421500e-09  1.200000e+00 
 2.422500e-09  2.822365e-03  2.422500e-09  1.198542e+00  2.422500e-09  1.200000e+00 
 2.423500e-09  2.759140e-03  2.423500e-09  1.198575e+00  2.423500e-09  1.200000e+00 
 2.424500e-09  2.697326e-03  2.424500e-09  1.198608e+00  2.424500e-09  1.200000e+00 
 2.425500e-09  2.636890e-03  2.425500e-09  1.198639e+00  2.425500e-09  1.200000e+00 
 2.426500e-09  2.577803e-03  2.426500e-09  1.198670e+00  2.426500e-09  1.200000e+00 
 2.427500e-09  2.520035e-03  2.427500e-09  1.198701e+00  2.427500e-09  1.200000e+00 
 2.428500e-09  2.463556e-03  2.428500e-09  1.198730e+00  2.428500e-09  1.200000e+00 
 2.429500e-09  2.408339e-03  2.429500e-09  1.198759e+00  2.429500e-09  1.200000e+00 
 2.430500e-09  2.354354e-03  2.430500e-09  1.198787e+00  2.430500e-09  1.200000e+00 
 2.431500e-09  2.301575e-03  2.431500e-09  1.198815e+00  2.431500e-09  1.200000e+00 
 2.432500e-09  2.249975e-03  2.432500e-09  1.198842e+00  2.432500e-09  1.200000e+00 
 2.433500e-09  2.199527e-03  2.433500e-09  1.198868e+00  2.433500e-09  1.200000e+00 
 2.434500e-09  2.150207e-03  2.434500e-09  1.198894e+00  2.434500e-09  1.200000e+00 
 2.435500e-09  2.101989e-03  2.435500e-09  1.198919e+00  2.435500e-09  1.200000e+00 
 2.436500e-09  2.054849e-03  2.436500e-09  1.198944e+00  2.436500e-09  1.200000e+00 
 2.437500e-09  2.008763e-03  2.437500e-09  1.198968e+00  2.437500e-09  1.200000e+00 
 2.438500e-09  1.963707e-03  2.438500e-09  1.198991e+00  2.438500e-09  1.200000e+00 
 2.439500e-09  1.919658e-03  2.439500e-09  1.199014e+00  2.439500e-09  1.200000e+00 
 2.440500e-09  1.876594e-03  2.440500e-09  1.199036e+00  2.440500e-09  1.200000e+00 
 2.441500e-09  1.834494e-03  2.441500e-09  1.199058e+00  2.441500e-09  1.200000e+00 
 2.442500e-09  1.793335e-03  2.442500e-09  1.199080e+00  2.442500e-09  1.200000e+00 
 2.443500e-09  1.753097e-03  2.443500e-09  1.199101e+00  2.443500e-09  1.200000e+00 
 2.444500e-09  1.713760e-03  2.444500e-09  1.199121e+00  2.444500e-09  1.200000e+00 
 2.445500e-09  1.675302e-03  2.445500e-09  1.199141e+00  2.445500e-09  1.200000e+00 
 2.446500e-09  1.637706e-03  2.446500e-09  1.199160e+00  2.446500e-09  1.200000e+00 
 2.447500e-09  1.600951e-03  2.447500e-09  1.199179e+00  2.447500e-09  1.200000e+00 
 2.448500e-09  1.565018e-03  2.448500e-09  1.199198e+00  2.448500e-09  1.200000e+00 
 2.449500e-09  1.529891e-03  2.449500e-09  1.199216e+00  2.449500e-09  1.200000e+00 
 2.450500e-09  1.495549e-03  2.450500e-09  1.199234e+00  2.450500e-09  1.200000e+00 
 2.451500e-09  1.461977e-03  2.451500e-09  1.199251e+00  2.451500e-09  1.200000e+00 
 2.452500e-09  1.429156e-03  2.452500e-09  1.199268e+00  2.452500e-09  1.200000e+00 
 2.453500e-09  1.397071e-03  2.453500e-09  1.199285e+00  2.453500e-09  1.200000e+00 
 2.454500e-09  1.365704e-03  2.454500e-09  1.199301e+00  2.454500e-09  1.200000e+00 
 2.455500e-09  1.335040e-03  2.455500e-09  1.199317e+00  2.455500e-09  1.200000e+00 
 2.456500e-09  1.305063e-03  2.456500e-09  1.199332e+00  2.456500e-09  1.200000e+00 
 2.457500e-09  1.275758e-03  2.457500e-09  1.199348e+00  2.457500e-09  1.200000e+00 
 2.458500e-09  1.247109e-03  2.458500e-09  1.199362e+00  2.458500e-09  1.200000e+00 
 2.459500e-09  1.219103e-03  2.459500e-09  1.199377e+00  2.459500e-09  1.200000e+00 
 2.460500e-09  1.191724e-03  2.460500e-09  1.199391e+00  2.460500e-09  1.200000e+00 
 2.461500e-09  1.164959e-03  2.461500e-09  1.199405e+00  2.461500e-09  1.200000e+00 
 2.462500e-09  1.138793e-03  2.462500e-09  1.199418e+00  2.462500e-09  1.200000e+00 
 2.463500e-09  1.113215e-03  2.463500e-09  1.199431e+00  2.463500e-09  1.200000e+00 
 2.464500e-09  1.088209e-03  2.464500e-09  1.199444e+00  2.464500e-09  1.200000e+00 
 2.465500e-09  1.063765e-03  2.465500e-09  1.199457e+00  2.465500e-09  1.200000e+00 
 2.466500e-09  1.039868e-03  2.466500e-09  1.199469e+00  2.466500e-09  1.200000e+00 
 2.467500e-09  1.016508e-03  2.467500e-09  1.199481e+00  2.467500e-09  1.200000e+00 
 2.468500e-09  9.936713e-04  2.468500e-09  1.199493e+00  2.468500e-09  1.200000e+00 
 2.469500e-09  9.713469e-04  2.469500e-09  1.199504e+00  2.469500e-09  1.200000e+00 
 2.470500e-09  9.495232e-04  2.470500e-09  1.199515e+00  2.470500e-09  1.200000e+00 
 2.471500e-09  9.281891e-04  2.471500e-09  1.199526e+00  2.471500e-09  1.200000e+00 
 2.472500e-09  9.073335e-04  2.472500e-09  1.199537e+00  2.472500e-09  1.200000e+00 
 2.473500e-09  8.869459e-04  2.473500e-09  1.199548e+00  2.473500e-09  1.200000e+00 
 2.474500e-09  8.670157e-04  2.474500e-09  1.199558e+00  2.474500e-09  1.200000e+00 
 2.475500e-09  8.475326e-04  2.475500e-09  1.199568e+00  2.475500e-09  1.200000e+00 
 2.476500e-09  8.284868e-04  2.476500e-09  1.199578e+00  2.476500e-09  1.200000e+00 
 2.477500e-09  8.098684e-04  2.477500e-09  1.199587e+00  2.477500e-09  1.200000e+00 
 2.478500e-09  7.916678e-04  2.478500e-09  1.199596e+00  2.478500e-09  1.200000e+00 
 2.479500e-09  7.738757e-04  2.479500e-09  1.199606e+00  2.479500e-09  1.200000e+00 
 2.480500e-09  7.564829e-04  2.480500e-09  1.199614e+00  2.480500e-09  1.200000e+00 
 2.481500e-09  7.394806e-04  2.481500e-09  1.199623e+00  2.481500e-09  1.200000e+00 
 2.482500e-09  7.228598e-04  2.482500e-09  1.199632e+00  2.482500e-09  1.200000e+00 
 2.483500e-09  7.066122e-04  2.483500e-09  1.199640e+00  2.483500e-09  1.200000e+00 
 2.484500e-09  6.907294e-04  2.484500e-09  1.199648e+00  2.484500e-09  1.200000e+00 
 2.485500e-09  6.752032e-04  2.485500e-09  1.199656e+00  2.485500e-09  1.200000e+00 
 2.486500e-09  6.600255e-04  2.486500e-09  1.199664e+00  2.486500e-09  1.200000e+00 
 2.487500e-09  6.451886e-04  2.487500e-09  1.199671e+00  2.487500e-09  1.200000e+00 
 2.488500e-09  6.306849e-04  2.488500e-09  1.199679e+00  2.488500e-09  1.200000e+00 
 2.489500e-09  6.165069e-04  2.489500e-09  1.199686e+00  2.489500e-09  1.200000e+00 
 2.490500e-09  6.026473e-04  2.490500e-09  1.199693e+00  2.490500e-09  1.200000e+00 
 2.491500e-09  5.890989e-04  2.491500e-09  1.199700e+00  2.491500e-09  1.200000e+00 
 2.492500e-09  5.758548e-04  2.492500e-09  1.199707e+00  2.492500e-09  1.200000e+00 
 2.493500e-09  5.629081e-04  2.493500e-09  1.199714e+00  2.493500e-09  1.200000e+00 
 2.494500e-09  5.502523e-04  2.494500e-09  1.199720e+00  2.494500e-09  1.200000e+00 
 2.495500e-09  5.378807e-04  2.495500e-09  1.199726e+00  2.495500e-09  1.200000e+00 
 2.496500e-09  5.257870e-04  2.496500e-09  1.199733e+00  2.496500e-09  1.200000e+00 
 2.497500e-09  5.139650e-04  2.497500e-09  1.199739e+00  2.497500e-09  1.200000e+00 
 2.498500e-09  5.024086e-04  2.498500e-09  1.199744e+00  2.498500e-09  1.200000e+00 
 2.499500e-09  4.911117e-04  2.499500e-09  1.199750e+00  2.499500e-09  1.200000e+00 
 2.500000e-09  4.855590e-04  2.500000e-09  1.199753e+00  2.500000e-09  1.200000e+00 
 2.500100e-09  4.842585e-04  2.500100e-09  1.199753e+00  2.500100e-09  1.197600e+00 
 2.500300e-09  4.812031e-04  2.500300e-09  1.199752e+00  2.500300e-09  1.192800e+00 
 2.500700e-09  4.717073e-04  2.500700e-09  1.199744e+00  2.500700e-09  1.183200e+00 
 2.501500e-09  4.338663e-04  2.501500e-09  1.199705e+00  2.501500e-09  1.164000e+00 
 2.502500e-09  3.414724e-04  2.502500e-09  1.199621e+00  2.502500e-09  1.140000e+00 
 2.503500e-09  1.834314e-04  2.503500e-09  1.199480e+00  2.503500e-09  1.116000e+00 
 2.504500e-09 -6.181951e-05  2.504500e-09  1.199227e+00  2.504500e-09  1.092000e+00 
 2.505500e-09 -4.021328e-04  2.505500e-09  1.198831e+00  2.505500e-09  1.068000e+00 
 2.506500e-09 -8.298779e-04  2.506500e-09  1.198307e+00  2.506500e-09  1.044000e+00 
 2.507500e-09 -1.336379e-03  2.507500e-09  1.197668e+00  2.507500e-09  1.020000e+00 
 2.508500e-09 -1.912697e-03  2.508500e-09  1.196927e+00  2.508500e-09  9.960000e-01 
 2.509500e-09 -2.550066e-03  2.509500e-09  1.196094e+00  2.509500e-09  9.720000e-01 
 2.510500e-09 -3.240155e-03  2.510500e-09  1.195181e+00  2.510500e-09  9.480000e-01 
 2.511500e-09 -3.975194e-03  2.511500e-09  1.194200e+00  2.511500e-09  9.240000e-01 
 2.512500e-09 -4.748015e-03  2.512500e-09  1.193161e+00  2.512500e-09  9.000000e-01 
 2.513500e-09 -5.552048e-03  2.513500e-09  1.192077e+00  2.513500e-09  8.760000e-01 
 2.514500e-09 -6.381277e-03  2.514500e-09  1.190959e+00  2.514500e-09  8.520000e-01 
 2.515500e-09 -7.230198e-03  2.515500e-09  1.189818e+00  2.515500e-09  8.280000e-01 
 2.516500e-09 -8.093764e-03  2.516500e-09  1.188668e+00  2.516500e-09  8.040000e-01 
 2.517500e-09 -8.953028e-03  2.517500e-09  1.187562e+00  2.517500e-09  7.800000e-01 
 2.518500e-09 -9.819772e-03  2.518500e-09  1.186425e+00  2.518500e-09  7.560000e-01 
 2.519500e-09 -1.069347e-02  2.519500e-09  1.185206e+00  2.519500e-09  7.320000e-01 
 2.520500e-09 -1.153228e-02  2.520500e-09  1.184003e+00  2.520500e-09  7.080000e-01 
 2.521500e-09 -1.231539e-02  2.521500e-09  1.182847e+00  2.521500e-09  6.840000e-01 
 2.522500e-09 -1.302952e-02  2.522500e-09  1.181751e+00  2.522500e-09  6.600000e-01 
 2.523500e-09 -1.366410e-02  2.523500e-09  1.180721e+00  2.523500e-09  6.360000e-01 
 2.524500e-09 -1.421015e-02  2.524500e-09  1.179760e+00  2.524500e-09  6.120000e-01 
 2.525500e-09 -1.465984e-02  2.525500e-09  1.178870e+00  2.525500e-09  5.880000e-01 
 2.526500e-09 -1.500627e-02  2.526500e-09  1.178053e+00  2.526500e-09  5.640000e-01 
 2.527500e-09 -1.524333e-02  2.527500e-09  1.177309e+00  2.527500e-09  5.400000e-01 
 2.528500e-09 -1.536562e-02  2.528500e-09  1.176636e+00  2.528500e-09  5.160000e-01 
 2.529500e-09 -1.536848e-02  2.529500e-09  1.176035e+00  2.529500e-09  4.920000e-01 
 2.530500e-09 -1.524798e-02  2.530500e-09  1.175503e+00  2.530500e-09  4.680000e-01 
 2.531500e-09 -1.500108e-02  2.531500e-09  1.175039e+00  2.531500e-09  4.440000e-01 
 2.532500e-09 -1.462583e-02  2.532500e-09  1.174640e+00  2.532500e-09  4.200000e-01 
 2.533500e-09 -1.412193e-02  2.533500e-09  1.174301e+00  2.533500e-09  3.960000e-01 
 2.534500e-09 -1.349025e-02  2.534500e-09  1.174018e+00  2.534500e-09  3.720000e-01 
 2.535500e-09 -1.273109e-02  2.535500e-09  1.173790e+00  2.535500e-09  3.480000e-01 
 2.536500e-09 -1.184236e-02  2.536500e-09  1.173619e+00  2.536500e-09  3.240000e-01 
 2.537500e-09 -1.081838e-02  2.537500e-09  1.173506e+00  2.537500e-09  3.000000e-01 
 2.538500e-09 -9.649345e-03  2.538500e-09  1.173459e+00  2.538500e-09  2.760000e-01 
 2.539500e-09 -8.322042e-03  2.539500e-09  1.173482e+00  2.539500e-09  2.520000e-01 
 2.540500e-09 -6.821134e-03  2.540500e-09  1.173580e+00  2.540500e-09  2.280000e-01 
 2.541500e-09 -5.130117e-03  2.541500e-09  1.173755e+00  2.541500e-09  2.040000e-01 
 2.542500e-09 -3.231960e-03  2.542500e-09  1.174011e+00  2.542500e-09  1.800000e-01 
 2.543500e-09 -1.109515e-03  2.543500e-09  1.174349e+00  2.543500e-09  1.560000e-01 
 2.544500e-09  1.254237e-03  2.544500e-09  1.174770e+00  2.544500e-09  1.320000e-01 
 2.545500e-09  3.876058e-03  2.545500e-09  1.175276e+00  2.545500e-09  1.080000e-01 
 2.546500e-09  6.769841e-03  2.546500e-09  1.175866e+00  2.546500e-09  8.400000e-02 
 2.547500e-09  9.947565e-03  2.547500e-09  1.176539e+00  2.547500e-09  6.000000e-02 
 2.548500e-09  1.342374e-02  2.548500e-09  1.177295e+00  2.548500e-09  3.600000e-02 
 2.549500e-09  1.721440e-02  2.549500e-09  1.178134e+00  2.549500e-09  1.200000e-02 
 2.550000e-09  1.923208e-02  2.550000e-09  1.178585e+00  2.550000e-09  1.776357e-15 
 2.550100e-09  1.969305e-02  2.550100e-09  1.178849e+00  2.550100e-09  0.000000e+00 
 2.550300e-09  2.060837e-02  2.550300e-09  1.179372e+00  2.550300e-09  0.000000e+00 
 2.550700e-09  2.240102e-02  2.550700e-09  1.180395e+00  2.550700e-09  0.000000e+00 
 2.551500e-09  2.584830e-02  2.551500e-09  1.182347e+00  2.551500e-09  0.000000e+00 
 2.552500e-09  2.993027e-02  2.552500e-09  1.184621e+00  2.552500e-09  0.000000e+00 
 2.553500e-09  3.379767e-02  2.553500e-09  1.186726e+00  2.553500e-09  0.000000e+00 
 2.554500e-09  3.748412e-02  2.554500e-09  1.188674e+00  2.554500e-09  0.000000e+00 
 2.555500e-09  4.101620e-02  2.555500e-09  1.190480e+00  2.555500e-09  0.000000e+00 
 2.556500e-09  4.441534e-02  2.556500e-09  1.192156e+00  2.556500e-09  0.000000e+00 
 2.557500e-09  4.769904e-02  2.557500e-09  1.193711e+00  2.557500e-09  0.000000e+00 
 2.558500e-09  5.088124e-02  2.558500e-09  1.195157e+00  2.558500e-09  0.000000e+00 
 2.559500e-09  5.397403e-02  2.559500e-09  1.196502e+00  2.559500e-09  0.000000e+00 
 2.560500e-09  5.698834e-02  2.560500e-09  1.197754e+00  2.560500e-09  0.000000e+00 
 2.561500e-09  5.993330e-02  2.561500e-09  1.198920e+00  2.561500e-09  0.000000e+00 
 2.562500e-09  6.281755e-02  2.562500e-09  1.200007e+00  2.562500e-09  0.000000e+00 
 2.563500e-09  6.564810e-02  2.563500e-09  1.201021e+00  2.563500e-09  0.000000e+00 
 2.564500e-09  6.843039e-02  2.564500e-09  1.201969e+00  2.564500e-09  0.000000e+00 
 2.565500e-09  7.116972e-02  2.565500e-09  1.202855e+00  2.565500e-09  0.000000e+00 
 2.566500e-09  7.387083e-02  2.566500e-09  1.203684e+00  2.566500e-09  0.000000e+00 
 2.567500e-09  7.653797e-02  2.567500e-09  1.204461e+00  2.567500e-09  0.000000e+00 
 2.568500e-09  7.917498e-02  2.568500e-09  1.205189e+00  2.568500e-09  0.000000e+00 
 2.569500e-09  8.178531e-02  2.569500e-09  1.205873e+00  2.569500e-09  0.000000e+00 
 2.570500e-09  8.437207e-02  2.570500e-09  1.206514e+00  2.570500e-09  0.000000e+00 
 2.571500e-09  8.693810e-02  2.571500e-09  1.207118e+00  2.571500e-09  0.000000e+00 
 2.572500e-09  8.948597e-02  2.572500e-09  1.207686e+00  2.572500e-09  0.000000e+00 
 2.573500e-09  9.201801e-02  2.573500e-09  1.208221e+00  2.573500e-09  0.000000e+00 
 2.574500e-09  9.453636e-02  2.574500e-09  1.208726e+00  2.574500e-09  0.000000e+00 
 2.575500e-09  9.704294e-02  2.575500e-09  1.209203e+00  2.575500e-09  0.000000e+00 
 2.576500e-09  9.953954e-02  2.576500e-09  1.209653e+00  2.576500e-09  0.000000e+00 
 2.577500e-09  1.020278e-01  2.577500e-09  1.210080e+00  2.577500e-09  0.000000e+00 
 2.578500e-09  1.045092e-01  2.578500e-09  1.210484e+00  2.578500e-09  0.000000e+00 
 2.579500e-09  1.069851e-01  2.579500e-09  1.210867e+00  2.579500e-09  0.000000e+00 
 2.580500e-09  1.094568e-01  2.580500e-09  1.211231e+00  2.580500e-09  0.000000e+00 
 2.581500e-09  1.119254e-01  2.581500e-09  1.211577e+00  2.581500e-09  0.000000e+00 
 2.582500e-09  1.143921e-01  2.582500e-09  1.211907e+00  2.582500e-09  0.000000e+00 
 2.583500e-09  1.168578e-01  2.583500e-09  1.212222e+00  2.583500e-09  0.000000e+00 
 2.584500e-09  1.193234e-01  2.584500e-09  1.212523e+00  2.584500e-09  0.000000e+00 
 2.585500e-09  1.217900e-01  2.585500e-09  1.212810e+00  2.585500e-09  0.000000e+00 
 2.586500e-09  1.242582e-01  2.586500e-09  1.213086e+00  2.586500e-09  0.000000e+00 
 2.587500e-09  1.267289e-01  2.587500e-09  1.213350e+00  2.587500e-09  0.000000e+00 
 2.588500e-09  1.292027e-01  2.588500e-09  1.213605e+00  2.588500e-09  0.000000e+00 
 2.589500e-09  1.316804e-01  2.589500e-09  1.213849e+00  2.589500e-09  0.000000e+00 
 2.590500e-09  1.341626e-01  2.590500e-09  1.214085e+00  2.590500e-09  0.000000e+00 
 2.591500e-09  1.366500e-01  2.591500e-09  1.214313e+00  2.591500e-09  0.000000e+00 
 2.592500e-09  1.391431e-01  2.592500e-09  1.214534e+00  2.592500e-09  0.000000e+00 
 2.593500e-09  1.416426e-01  2.593500e-09  1.214748e+00  2.593500e-09  0.000000e+00 
 2.594500e-09  1.441490e-01  2.594500e-09  1.214956e+00  2.594500e-09  0.000000e+00 
 2.595500e-09  1.466629e-01  2.595500e-09  1.215158e+00  2.595500e-09  0.000000e+00 
 2.596500e-09  1.491848e-01  2.596500e-09  1.215355e+00  2.596500e-09  0.000000e+00 
 2.597500e-09  1.517153e-01  2.597500e-09  1.215548e+00  2.597500e-09  0.000000e+00 
 2.598500e-09  1.542550e-01  2.598500e-09  1.215737e+00  2.598500e-09  0.000000e+00 
 2.599500e-09  1.568043e-01  2.599500e-09  1.215922e+00  2.599500e-09  0.000000e+00 
 2.600500e-09  1.593638e-01  2.600500e-09  1.216104e+00  2.600500e-09  0.000000e+00 
 2.601500e-09  1.619340e-01  2.601500e-09  1.216283e+00  2.601500e-09  0.000000e+00 
 2.602500e-09  1.645156e-01  2.602500e-09  1.216460e+00  2.602500e-09  0.000000e+00 
 2.603500e-09  1.671091e-01  2.603500e-09  1.216635e+00  2.603500e-09  0.000000e+00 
 2.604500e-09  1.697151e-01  2.604500e-09  1.216809e+00  2.604500e-09  0.000000e+00 
 2.605500e-09  1.723342e-01  2.605500e-09  1.216981e+00  2.605500e-09  0.000000e+00 
 2.606500e-09  1.749669e-01  2.606500e-09  1.217153e+00  2.606500e-09  0.000000e+00 
 2.607500e-09  1.776141e-01  2.607500e-09  1.217324e+00  2.607500e-09  0.000000e+00 
 2.608500e-09  1.802764e-01  2.608500e-09  1.217495e+00  2.608500e-09  0.000000e+00 
 2.609500e-09  1.829544e-01  2.609500e-09  1.217666e+00  2.609500e-09  0.000000e+00 
 2.610500e-09  1.856490e-01  2.610500e-09  1.217839e+00  2.610500e-09  0.000000e+00 
 2.611500e-09  1.883610e-01  2.611500e-09  1.218012e+00  2.611500e-09  0.000000e+00 
 2.612500e-09  1.910912e-01  2.612500e-09  1.218187e+00  2.612500e-09  0.000000e+00 
 2.613500e-09  1.938406e-01  2.613500e-09  1.218363e+00  2.613500e-09  0.000000e+00 
 2.614500e-09  1.966102e-01  2.614500e-09  1.218542e+00  2.614500e-09  0.000000e+00 
 2.615500e-09  1.994010e-01  2.615500e-09  1.218724e+00  2.615500e-09  0.000000e+00 
 2.616500e-09  2.022142e-01  2.616500e-09  1.218910e+00  2.616500e-09  0.000000e+00 
 2.617500e-09  2.050511e-01  2.617500e-09  1.219099e+00  2.617500e-09  0.000000e+00 
 2.618500e-09  2.079131e-01  2.618500e-09  1.219292e+00  2.618500e-09  0.000000e+00 
 2.619500e-09  2.108017e-01  2.619500e-09  1.219490e+00  2.619500e-09  0.000000e+00 
 2.620500e-09  2.137186e-01  2.620500e-09  1.219695e+00  2.620500e-09  0.000000e+00 
 2.621500e-09  2.166658e-01  2.621500e-09  1.219905e+00  2.621500e-09  0.000000e+00 
 2.622500e-09  2.196454e-01  2.622500e-09  1.220124e+00  2.622500e-09  0.000000e+00 
 2.623500e-09  2.226597e-01  2.623500e-09  1.220351e+00  2.623500e-09  0.000000e+00 
 2.624500e-09  2.257117e-01  2.624500e-09  1.220587e+00  2.624500e-09  0.000000e+00 
 2.625500e-09  2.288046e-01  2.625500e-09  1.220835e+00  2.625500e-09  0.000000e+00 
 2.626500e-09  2.319421e-01  2.626500e-09  1.221096e+00  2.626500e-09  0.000000e+00 
 2.627500e-09  2.351291e-01  2.627500e-09  1.221373e+00  2.627500e-09  0.000000e+00 
 2.628500e-09  2.383708e-01  2.628500e-09  1.221668e+00  2.628500e-09  0.000000e+00 
 2.629500e-09  2.416743e-01  2.629500e-09  1.221985e+00  2.629500e-09  0.000000e+00 
 2.630500e-09  2.450481e-01  2.630500e-09  1.222329e+00  2.630500e-09  0.000000e+00 
 2.631500e-09  2.485040e-01  2.631500e-09  1.222708e+00  2.631500e-09  0.000000e+00 
 2.632500e-09  2.520581e-01  2.632500e-09  1.223133e+00  2.632500e-09  0.000000e+00 
 2.633500e-09  2.557347e-01  2.633500e-09  1.223623e+00  2.633500e-09  0.000000e+00 
 2.634500e-09  2.595581e-01  2.634500e-09  1.224186e+00  2.634500e-09  0.000000e+00 
 2.635500e-09  2.635259e-01  2.635500e-09  1.224779e+00  2.635500e-09  0.000000e+00 
 2.636500e-09  2.676171e-01  2.636500e-09  1.225368e+00  2.636500e-09  0.000000e+00 
 2.637500e-09  2.718153e-01  2.637500e-09  1.225953e+00  2.637500e-09  0.000000e+00 
 2.638500e-09  2.761075e-01  2.638500e-09  1.226534e+00  2.638500e-09  0.000000e+00 
 2.639500e-09  2.804834e-01  2.639500e-09  1.227110e+00  2.639500e-09  0.000000e+00 
 2.640500e-09  2.849346e-01  2.640500e-09  1.227683e+00  2.640500e-09  0.000000e+00 
 2.641500e-09  2.894545e-01  2.641500e-09  1.228252e+00  2.641500e-09  0.000000e+00 
 2.642500e-09  2.940375e-01  2.642500e-09  1.228817e+00  2.642500e-09  0.000000e+00 
 2.643500e-09  2.986790e-01  2.643500e-09  1.229377e+00  2.643500e-09  0.000000e+00 
 2.644500e-09  3.033753e-01  2.644500e-09  1.229934e+00  2.644500e-09  0.000000e+00 
 2.645500e-09  3.081232e-01  2.645500e-09  1.230487e+00  2.645500e-09  0.000000e+00 
 2.646500e-09  3.129199e-01  2.646500e-09  1.231036e+00  2.646500e-09  0.000000e+00 
 2.647500e-09  3.177631e-01  2.647500e-09  1.231581e+00  2.647500e-09  0.000000e+00 
 2.648500e-09  3.226507e-01  2.648500e-09  1.232122e+00  2.648500e-09  0.000000e+00 
 2.649500e-09  3.275811e-01  2.649500e-09  1.232660e+00  2.649500e-09  0.000000e+00 
 2.650500e-09  3.325525e-01  2.650500e-09  1.233193e+00  2.650500e-09  0.000000e+00 
 2.651500e-09  3.375637e-01  2.651500e-09  1.233724e+00  2.651500e-09  0.000000e+00 
 2.652500e-09  3.426133e-01  2.652500e-09  1.234251e+00  2.652500e-09  0.000000e+00 
 2.653500e-09  3.477002e-01  2.653500e-09  1.234774e+00  2.653500e-09  0.000000e+00 
 2.654500e-09  3.528235e-01  2.654500e-09  1.235295e+00  2.654500e-09  0.000000e+00 
 2.655500e-09  3.579821e-01  2.655500e-09  1.235812e+00  2.655500e-09  0.000000e+00 
 2.656500e-09  3.631752e-01  2.656500e-09  1.236326e+00  2.656500e-09  0.000000e+00 
 2.657500e-09  3.684020e-01  2.657500e-09  1.236838e+00  2.657500e-09  0.000000e+00 
 2.658500e-09  3.736619e-01  2.658500e-09  1.237347e+00  2.658500e-09  0.000000e+00 
 2.659500e-09  3.789540e-01  2.659500e-09  1.237853e+00  2.659500e-09  0.000000e+00 
 2.660500e-09  3.842780e-01  2.660500e-09  1.238357e+00  2.660500e-09  0.000000e+00 
 2.661500e-09  3.896331e-01  2.661500e-09  1.238858e+00  2.661500e-09  0.000000e+00 
 2.662500e-09  3.950188e-01  2.662500e-09  1.239358e+00  2.662500e-09  0.000000e+00 
 2.663500e-09  4.004344e-01  2.663500e-09  1.239855e+00  2.663500e-09  0.000000e+00 
 2.664500e-09  4.058753e-01  2.664500e-09  1.240349e+00  2.664500e-09  0.000000e+00 
 2.665500e-09  4.113369e-01  2.665500e-09  1.240840e+00  2.665500e-09  0.000000e+00 
 2.666500e-09  4.168184e-01  2.666500e-09  1.241326e+00  2.666500e-09  0.000000e+00 
 2.667500e-09  4.223188e-01  2.667500e-09  1.241808e+00  2.667500e-09  0.000000e+00 
 2.668500e-09  4.278374e-01  2.668500e-09  1.242287e+00  2.668500e-09  0.000000e+00 
 2.669500e-09  4.333733e-01  2.669500e-09  1.242761e+00  2.669500e-09  0.000000e+00 
 2.670500e-09  4.389256e-01  2.670500e-09  1.243232e+00  2.670500e-09  0.000000e+00 
 2.671500e-09  4.444936e-01  2.671500e-09  1.243698e+00  2.671500e-09  0.000000e+00 
 2.672500e-09  4.500763e-01  2.672500e-09  1.244161e+00  2.672500e-09  0.000000e+00 
 2.673500e-09  4.556731e-01  2.673500e-09  1.244620e+00  2.673500e-09  0.000000e+00 
 2.674500e-09  4.612830e-01  2.674500e-09  1.245075e+00  2.674500e-09  0.000000e+00 
 2.675500e-09  4.669054e-01  2.675500e-09  1.245525e+00  2.675500e-09  0.000000e+00 
 2.676500e-09  4.725395e-01  2.676500e-09  1.245972e+00  2.676500e-09  0.000000e+00 
 2.677500e-09  4.781846e-01  2.677500e-09  1.246415e+00  2.677500e-09  0.000000e+00 
 2.678500e-09  4.838399e-01  2.678500e-09  1.246854e+00  2.678500e-09  0.000000e+00 
 2.679500e-09  4.895048e-01  2.679500e-09  1.247290e+00  2.679500e-09  0.000000e+00 
 2.680500e-09  4.951787e-01  2.680500e-09  1.247721e+00  2.680500e-09  0.000000e+00 
 2.681500e-09  5.008607e-01  2.681500e-09  1.248148e+00  2.681500e-09  0.000000e+00 
 2.682500e-09  5.065505e-01  2.682500e-09  1.248572e+00  2.682500e-09  0.000000e+00 
 2.683500e-09  5.122473e-01  2.683500e-09  1.248991e+00  2.683500e-09  0.000000e+00 
 2.684500e-09  5.179507e-01  2.684500e-09  1.249406e+00  2.684500e-09  0.000000e+00 
 2.685500e-09  5.236600e-01  2.685500e-09  1.249818e+00  2.685500e-09  0.000000e+00 
 2.686500e-09  5.293748e-01  2.686500e-09  1.250225e+00  2.686500e-09  0.000000e+00 
 2.687500e-09  5.350946e-01  2.687500e-09  1.250628e+00  2.687500e-09  0.000000e+00 
 2.688500e-09  5.408189e-01  2.688500e-09  1.251027e+00  2.688500e-09  0.000000e+00 
 2.689500e-09  5.465474e-01  2.689500e-09  1.251422e+00  2.689500e-09  0.000000e+00 
 2.690500e-09  5.522793e-01  2.690500e-09  1.251812e+00  2.690500e-09  0.000000e+00 
 2.691500e-09  5.580134e-01  2.691500e-09  1.252195e+00  2.691500e-09  0.000000e+00 
 2.692500e-09  5.637491e-01  2.692500e-09  1.252570e+00  2.692500e-09  0.000000e+00 
 2.693500e-09  5.694860e-01  2.693500e-09  1.252934e+00  2.693500e-09  0.000000e+00 
 2.694500e-09  5.752237e-01  2.694500e-09  1.253284e+00  2.694500e-09  0.000000e+00 
 2.695500e-09  5.809621e-01  2.695500e-09  1.253617e+00  2.695500e-09  0.000000e+00 
 2.696500e-09  5.867009e-01  2.696500e-09  1.253932e+00  2.696500e-09  0.000000e+00 
 2.697500e-09  5.924400e-01  2.697500e-09  1.254227e+00  2.697500e-09  0.000000e+00 
 2.698500e-09  5.981796e-01  2.698500e-09  1.254498e+00  2.698500e-09  0.000000e+00 
 2.699500e-09  6.039196e-01  2.699500e-09  1.254745e+00  2.699500e-09  0.000000e+00 
 2.700500e-09  6.096604e-01  2.700500e-09  1.254965e+00  2.700500e-09  0.000000e+00 
 2.701500e-09  6.154025e-01  2.701500e-09  1.255157e+00  2.701500e-09  0.000000e+00 
 2.702500e-09  6.211463e-01  2.702500e-09  1.255318e+00  2.702500e-09  0.000000e+00 
 2.703500e-09  6.268926e-01  2.703500e-09  1.255446e+00  2.703500e-09  0.000000e+00 
 2.704500e-09  6.326425e-01  2.704500e-09  1.255540e+00  2.704500e-09  0.000000e+00 
 2.705500e-09  6.383970e-01  2.705500e-09  1.255598e+00  2.705500e-09  0.000000e+00 
 2.706500e-09  6.441578e-01  2.706500e-09  1.255618e+00  2.706500e-09  0.000000e+00 
 2.707500e-09  6.499266e-01  2.707500e-09  1.255598e+00  2.707500e-09  0.000000e+00 
 2.708500e-09  6.557056e-01  2.708500e-09  1.255538e+00  2.708500e-09  0.000000e+00 
 2.709500e-09  6.614975e-01  2.709500e-09  1.255434e+00  2.709500e-09  0.000000e+00 
 2.710500e-09  6.673055e-01  2.710500e-09  1.255285e+00  2.710500e-09  0.000000e+00 
 2.711500e-09  6.731337e-01  2.711500e-09  1.255089e+00  2.711500e-09  0.000000e+00 
 2.712500e-09  6.789871e-01  2.712500e-09  1.254843e+00  2.712500e-09  0.000000e+00 
 2.713500e-09  6.848717e-01  2.713500e-09  1.254546e+00  2.713500e-09  0.000000e+00 
 2.714500e-09  6.907955e-01  2.714500e-09  1.254194e+00  2.714500e-09  0.000000e+00 
 2.715500e-09  6.967695e-01  2.715500e-09  1.253783e+00  2.715500e-09  0.000000e+00 
 2.716500e-09  7.028083e-01  2.716500e-09  1.253312e+00  2.716500e-09  0.000000e+00 
 2.717500e-09  7.089327e-01  2.717500e-09  1.252774e+00  2.717500e-09  0.000000e+00 
 2.718500e-09  7.151773e-01  2.718500e-09  1.252168e+00  2.718500e-09  0.000000e+00 
 2.719500e-09  7.216135e-01  2.719500e-09  1.251493e+00  2.719500e-09  0.000000e+00 
 2.720500e-09  7.283069e-01  2.720500e-09  1.250744e+00  2.720500e-09  0.000000e+00 
 2.721500e-09  7.351630e-01  2.721500e-09  1.249936e+00  2.721500e-09  0.000000e+00 
 2.722500e-09  7.420544e-01  2.722500e-09  1.249113e+00  2.722500e-09  0.000000e+00 
 2.723500e-09  7.489539e-01  2.723500e-09  1.248296e+00  2.723500e-09  0.000000e+00 
 2.724500e-09  7.558569e-01  2.724500e-09  1.247486e+00  2.724500e-09  0.000000e+00 
 2.725500e-09  7.627604e-01  2.725500e-09  1.246687e+00  2.725500e-09  0.000000e+00 
 2.726500e-09  7.696625e-01  2.726500e-09  1.245901e+00  2.726500e-09  0.000000e+00 
 2.727500e-09  7.765639e-01  2.727500e-09  1.245133e+00  2.727500e-09  0.000000e+00 
 2.728500e-09  7.834689e-01  2.728500e-09  1.244388e+00  2.728500e-09  0.000000e+00 
 2.729500e-09  7.903890e-01  2.729500e-09  1.243672e+00  2.729500e-09  0.000000e+00 
 2.730500e-09  7.973499e-01  2.730500e-09  1.242996e+00  2.730500e-09  0.000000e+00 
 2.731500e-09  8.044172e-01  2.731500e-09  1.242377e+00  2.731500e-09  0.000000e+00 
 2.732500e-09  8.117225e-01  2.732500e-09  1.241830e+00  2.732500e-09  0.000000e+00 
 2.733500e-09  8.191595e-01  2.733500e-09  1.241318e+00  2.733500e-09  0.000000e+00 
 2.734500e-09  8.265230e-01  2.734500e-09  1.240788e+00  2.734500e-09  0.000000e+00 
 2.735500e-09  8.338096e-01  2.735500e-09  1.240240e+00  2.735500e-09  0.000000e+00 
 2.736500e-09  8.410161e-01  2.736500e-09  1.239672e+00  2.736500e-09  0.000000e+00 
 2.737500e-09  8.481396e-01  2.737500e-09  1.239083e+00  2.737500e-09  0.000000e+00 
 2.738500e-09  8.551803e-01  2.738500e-09  1.238456e+00  2.738500e-09  0.000000e+00 
 2.739500e-09  8.621400e-01  2.739500e-09  1.237777e+00  2.739500e-09  0.000000e+00 
 2.740500e-09  8.690181e-01  2.740500e-09  1.237047e+00  2.740500e-09  0.000000e+00 
 2.741500e-09  8.758141e-01  2.741500e-09  1.236269e+00  2.741500e-09  0.000000e+00 
 2.742500e-09  8.825273e-01  2.742500e-09  1.235446e+00  2.742500e-09  0.000000e+00 
 2.743500e-09  8.891570e-01  2.743500e-09  1.234580e+00  2.743500e-09  0.000000e+00 
 2.744500e-09  8.957028e-01  2.744500e-09  1.233675e+00  2.744500e-09  0.000000e+00 
 2.745500e-09  9.021641e-01  2.745500e-09  1.232733e+00  2.745500e-09  0.000000e+00 
 2.746500e-09  9.085405e-01  2.746500e-09  1.231758e+00  2.746500e-09  0.000000e+00 
 2.747500e-09  9.148315e-01  2.747500e-09  1.230750e+00  2.747500e-09  0.000000e+00 
 2.748500e-09  9.210367e-01  2.748500e-09  1.229714e+00  2.748500e-09  0.000000e+00 
 2.749500e-09  9.271558e-01  2.749500e-09  1.228651e+00  2.749500e-09  0.000000e+00 
 2.750500e-09  9.331885e-01  2.750500e-09  1.227564e+00  2.750500e-09  0.000000e+00 
 2.751500e-09  9.391344e-01  2.751500e-09  1.226456e+00  2.751500e-09  0.000000e+00 
 2.752500e-09  9.449935e-01  2.752500e-09  1.225329e+00  2.752500e-09  0.000000e+00 
 2.753500e-09  9.507374e-01  2.753500e-09  1.224180e+00  2.753500e-09  0.000000e+00 
 2.754500e-09  9.563355e-01  2.754500e-09  1.223008e+00  2.754500e-09  0.000000e+00 
 2.755500e-09  9.617937e-01  2.755500e-09  1.221813e+00  2.755500e-09  0.000000e+00 
 2.756500e-09  9.671282e-01  2.756500e-09  1.220601e+00  2.756500e-09  0.000000e+00 
 2.757500e-09  9.723516e-01  2.757500e-09  1.219374e+00  2.757500e-09  0.000000e+00 
 2.758500e-09  9.774741e-01  2.758500e-09  1.218134e+00  2.758500e-09  0.000000e+00 
 2.759500e-09  9.825033e-01  2.759500e-09  1.216886e+00  2.759500e-09  0.000000e+00 
 2.760500e-09  9.874455e-01  2.760500e-09  1.215632e+00  2.760500e-09  0.000000e+00 
 2.761500e-09  9.923053e-01  2.761500e-09  1.214374e+00  2.761500e-09  0.000000e+00 
 2.762500e-09  9.970863e-01  2.762500e-09  1.213115e+00  2.762500e-09  0.000000e+00 
 2.763500e-09  1.001791e+00  2.763500e-09  1.211857e+00  2.763500e-09  0.000000e+00 
 2.764500e-09  1.006422e+00  2.764500e-09  1.210603e+00  2.764500e-09  0.000000e+00 
 2.765500e-09  1.010981e+00  2.765500e-09  1.209355e+00  2.765500e-09  0.000000e+00 
 2.766500e-09  1.015469e+00  2.766500e-09  1.208115e+00  2.766500e-09  0.000000e+00 
 2.767500e-09  1.019885e+00  2.767500e-09  1.206885e+00  2.767500e-09  0.000000e+00 
 2.768500e-09  1.024232e+00  2.768500e-09  1.205666e+00  2.768500e-09  0.000000e+00 
 2.769500e-09  1.028509e+00  2.769500e-09  1.204460e+00  2.769500e-09  0.000000e+00 
 2.770500e-09  1.032717e+00  2.770500e-09  1.203270e+00  2.770500e-09  0.000000e+00 
 2.771500e-09  1.036854e+00  2.771500e-09  1.202095e+00  2.771500e-09  0.000000e+00 
 2.772500e-09  1.040923e+00  2.772500e-09  1.200939e+00  2.772500e-09  0.000000e+00 
 2.773500e-09  1.044921e+00  2.773500e-09  1.199802e+00  2.773500e-09  0.000000e+00 
 2.774500e-09  1.048847e+00  2.774500e-09  1.198687e+00  2.774500e-09  0.000000e+00 
 2.775500e-09  1.052699e+00  2.775500e-09  1.197596e+00  2.775500e-09  0.000000e+00 
 2.776500e-09  1.056479e+00  2.776500e-09  1.196530e+00  2.776500e-09  0.000000e+00 
 2.777500e-09  1.060185e+00  2.777500e-09  1.195489e+00  2.777500e-09  0.000000e+00 
 2.778500e-09  1.063819e+00  2.778500e-09  1.194475e+00  2.778500e-09  0.000000e+00 
 2.779500e-09  1.067380e+00  2.779500e-09  1.193486e+00  2.779500e-09  0.000000e+00 
 2.780500e-09  1.070869e+00  2.780500e-09  1.192524e+00  2.780500e-09  0.000000e+00 
 2.781500e-09  1.074287e+00  2.781500e-09  1.191589e+00  2.781500e-09  0.000000e+00 
 2.782500e-09  1.077634e+00  2.782500e-09  1.190680e+00  2.782500e-09  0.000000e+00 
 2.783500e-09  1.080910e+00  2.783500e-09  1.189799e+00  2.783500e-09  0.000000e+00 
 2.784500e-09  1.084115e+00  2.784500e-09  1.188946e+00  2.784500e-09  0.000000e+00 
 2.785500e-09  1.087252e+00  2.785500e-09  1.188120e+00  2.785500e-09  0.000000e+00 
 2.786500e-09  1.090319e+00  2.786500e-09  1.187323e+00  2.786500e-09  0.000000e+00 
 2.787500e-09  1.093318e+00  2.787500e-09  1.186553e+00  2.787500e-09  0.000000e+00 
 2.788500e-09  1.096248e+00  2.788500e-09  1.185811e+00  2.788500e-09  0.000000e+00 
 2.789500e-09  1.099112e+00  2.789500e-09  1.185096e+00  2.789500e-09  0.000000e+00 
 2.790500e-09  1.101908e+00  2.790500e-09  1.184410e+00  2.790500e-09  0.000000e+00 
 2.791500e-09  1.104639e+00  2.791500e-09  1.183752e+00  2.791500e-09  0.000000e+00 
 2.792500e-09  1.107305e+00  2.792500e-09  1.183121e+00  2.792500e-09  0.000000e+00 
 2.793500e-09  1.109906e+00  2.793500e-09  1.182518e+00  2.793500e-09  0.000000e+00 
 2.794500e-09  1.112443e+00  2.794500e-09  1.181943e+00  2.794500e-09  0.000000e+00 
 2.795500e-09  1.114917e+00  2.795500e-09  1.181394e+00  2.795500e-09  0.000000e+00 
 2.796500e-09  1.117330e+00  2.796500e-09  1.180872e+00  2.796500e-09  0.000000e+00 
 2.797500e-09  1.119681e+00  2.797500e-09  1.180377e+00  2.797500e-09  0.000000e+00 
 2.798500e-09  1.121971e+00  2.798500e-09  1.179908e+00  2.798500e-09  0.000000e+00 
 2.799500e-09  1.124202e+00  2.799500e-09  1.179465e+00  2.799500e-09  0.000000e+00 
 2.800500e-09  1.126373e+00  2.800500e-09  1.179047e+00  2.800500e-09  0.000000e+00 
 2.801500e-09  1.128483e+00  2.801500e-09  1.178655e+00  2.801500e-09  0.000000e+00 
 2.802500e-09  1.130532e+00  2.802500e-09  1.178289e+00  2.802500e-09  0.000000e+00 
 2.803500e-09  1.132522e+00  2.803500e-09  1.177946e+00  2.803500e-09  0.000000e+00 
 2.804500e-09  1.134455e+00  2.804500e-09  1.177628e+00  2.804500e-09  0.000000e+00 
 2.805500e-09  1.136332e+00  2.805500e-09  1.177333e+00  2.805500e-09  0.000000e+00 
 2.806500e-09  1.138154e+00  2.806500e-09  1.177060e+00  2.806500e-09  0.000000e+00 
 2.807500e-09  1.139924e+00  2.807500e-09  1.176809e+00  2.807500e-09  0.000000e+00 
 2.808500e-09  1.141642e+00  2.808500e-09  1.176579e+00  2.808500e-09  0.000000e+00 
 2.809500e-09  1.143310e+00  2.809500e-09  1.176369e+00  2.809500e-09  0.000000e+00 
 2.810500e-09  1.144930e+00  2.810500e-09  1.176179e+00  2.810500e-09  0.000000e+00 
 2.811500e-09  1.146502e+00  2.811500e-09  1.176007e+00  2.811500e-09  0.000000e+00 
 2.812500e-09  1.148029e+00  2.812500e-09  1.175854e+00  2.812500e-09  0.000000e+00 
 2.813500e-09  1.149513e+00  2.813500e-09  1.175719e+00  2.813500e-09  0.000000e+00 
 2.814500e-09  1.150953e+00  2.814500e-09  1.175601e+00  2.814500e-09  0.000000e+00 
 2.815500e-09  1.152350e+00  2.815500e-09  1.175499e+00  2.815500e-09  0.000000e+00 
 2.816500e-09  1.153706e+00  2.816500e-09  1.175414e+00  2.816500e-09  0.000000e+00 
 2.817500e-09  1.155021e+00  2.817500e-09  1.175343e+00  2.817500e-09  0.000000e+00 
 2.818500e-09  1.156297e+00  2.818500e-09  1.175287e+00  2.818500e-09  0.000000e+00 
 2.819500e-09  1.157536e+00  2.819500e-09  1.175245e+00  2.819500e-09  0.000000e+00 
 2.820500e-09  1.158737e+00  2.820500e-09  1.175217e+00  2.820500e-09  0.000000e+00 
 2.821500e-09  1.159902e+00  2.821500e-09  1.175202e+00  2.821500e-09  0.000000e+00 
 2.822500e-09  1.161032e+00  2.822500e-09  1.175200e+00  2.822500e-09  0.000000e+00 
 2.823500e-09  1.162128e+00  2.823500e-09  1.175209e+00  2.823500e-09  0.000000e+00 
 2.824500e-09  1.163191e+00  2.824500e-09  1.175230e+00  2.824500e-09  0.000000e+00 
 2.825500e-09  1.164222e+00  2.825500e-09  1.175262e+00  2.825500e-09  0.000000e+00 
 2.826500e-09  1.165221e+00  2.826500e-09  1.175304e+00  2.826500e-09  0.000000e+00 
 2.827500e-09  1.166191e+00  2.827500e-09  1.175357e+00  2.827500e-09  0.000000e+00 
 2.828500e-09  1.167131e+00  2.828500e-09  1.175419e+00  2.828500e-09  0.000000e+00 
 2.829500e-09  1.168042e+00  2.829500e-09  1.175490e+00  2.829500e-09  0.000000e+00 
 2.830500e-09  1.168926e+00  2.830500e-09  1.175570e+00  2.830500e-09  0.000000e+00 
 2.831500e-09  1.169783e+00  2.831500e-09  1.175659e+00  2.831500e-09  0.000000e+00 
 2.832500e-09  1.170613e+00  2.832500e-09  1.175755e+00  2.832500e-09  0.000000e+00 
 2.833500e-09  1.171418e+00  2.833500e-09  1.175859e+00  2.833500e-09  0.000000e+00 
 2.834500e-09  1.172199e+00  2.834500e-09  1.175971e+00  2.834500e-09  0.000000e+00 
 2.835500e-09  1.172955e+00  2.835500e-09  1.176089e+00  2.835500e-09  0.000000e+00 
 2.836500e-09  1.173688e+00  2.836500e-09  1.176213e+00  2.836500e-09  0.000000e+00 
 2.837500e-09  1.174399e+00  2.837500e-09  1.176344e+00  2.837500e-09  0.000000e+00 
 2.838500e-09  1.175088e+00  2.838500e-09  1.176481e+00  2.838500e-09  0.000000e+00 
 2.839500e-09  1.175755e+00  2.839500e-09  1.176623e+00  2.839500e-09  0.000000e+00 
 2.840500e-09  1.176402e+00  2.840500e-09  1.176770e+00  2.840500e-09  0.000000e+00 
 2.841500e-09  1.177029e+00  2.841500e-09  1.176922e+00  2.841500e-09  0.000000e+00 
 2.842500e-09  1.177636e+00  2.842500e-09  1.177078e+00  2.842500e-09  0.000000e+00 
 2.843500e-09  1.178224e+00  2.843500e-09  1.177239e+00  2.843500e-09  0.000000e+00 
 2.844500e-09  1.178794e+00  2.844500e-09  1.177404e+00  2.844500e-09  0.000000e+00 
 2.845500e-09  1.179347e+00  2.845500e-09  1.177573e+00  2.845500e-09  0.000000e+00 
 2.846500e-09  1.179882e+00  2.846500e-09  1.177745e+00  2.846500e-09  0.000000e+00 
 2.847500e-09  1.180400e+00  2.847500e-09  1.177921e+00  2.847500e-09  0.000000e+00 
 2.848500e-09  1.180902e+00  2.848500e-09  1.178099e+00  2.848500e-09  0.000000e+00 
 2.849500e-09  1.181388e+00  2.849500e-09  1.178281e+00  2.849500e-09  0.000000e+00 
 2.850500e-09  1.181859e+00  2.850500e-09  1.178465e+00  2.850500e-09  0.000000e+00 
 2.851500e-09  1.182316e+00  2.851500e-09  1.178651e+00  2.851500e-09  0.000000e+00 
 2.852500e-09  1.182758e+00  2.852500e-09  1.178840e+00  2.852500e-09  0.000000e+00 
 2.853500e-09  1.183186e+00  2.853500e-09  1.179030e+00  2.853500e-09  0.000000e+00 
 2.854500e-09  1.183600e+00  2.854500e-09  1.179222e+00  2.854500e-09  0.000000e+00 
 2.855500e-09  1.184001e+00  2.855500e-09  1.179416e+00  2.855500e-09  0.000000e+00 
 2.856500e-09  1.184390e+00  2.856500e-09  1.179612e+00  2.856500e-09  0.000000e+00 
 2.857500e-09  1.184767e+00  2.857500e-09  1.179808e+00  2.857500e-09  0.000000e+00 
 2.858500e-09  1.185131e+00  2.858500e-09  1.180006e+00  2.858500e-09  0.000000e+00 
 2.859500e-09  1.185484e+00  2.859500e-09  1.180205e+00  2.859500e-09  0.000000e+00 
 2.860500e-09  1.185826e+00  2.860500e-09  1.180404e+00  2.860500e-09  0.000000e+00 
 2.861500e-09  1.186156e+00  2.861500e-09  1.180604e+00  2.861500e-09  0.000000e+00 
 2.862500e-09  1.186477e+00  2.862500e-09  1.180805e+00  2.862500e-09  0.000000e+00 
 2.863500e-09  1.186787e+00  2.863500e-09  1.181006e+00  2.863500e-09  0.000000e+00 
 2.864500e-09  1.187087e+00  2.864500e-09  1.181207e+00  2.864500e-09  0.000000e+00 
 2.865500e-09  1.187378e+00  2.865500e-09  1.181409e+00  2.865500e-09  0.000000e+00 
 2.866500e-09  1.187659e+00  2.866500e-09  1.181610e+00  2.866500e-09  0.000000e+00 
 2.867500e-09  1.187931e+00  2.867500e-09  1.181812e+00  2.867500e-09  0.000000e+00 
 2.868500e-09  1.188195e+00  2.868500e-09  1.182013e+00  2.868500e-09  0.000000e+00 
 2.869500e-09  1.188450e+00  2.869500e-09  1.182214e+00  2.869500e-09  0.000000e+00 
 2.870500e-09  1.188697e+00  2.870500e-09  1.182415e+00  2.870500e-09  0.000000e+00 
 2.871500e-09  1.188937e+00  2.871500e-09  1.182615e+00  2.871500e-09  0.000000e+00 
 2.872500e-09  1.189168e+00  2.872500e-09  1.182815e+00  2.872500e-09  0.000000e+00 
 2.873500e-09  1.189392e+00  2.873500e-09  1.183014e+00  2.873500e-09  0.000000e+00 
 2.874500e-09  1.189609e+00  2.874500e-09  1.183213e+00  2.874500e-09  0.000000e+00 
 2.875500e-09  1.189819e+00  2.875500e-09  1.183410e+00  2.875500e-09  0.000000e+00 
 2.876500e-09  1.190022e+00  2.876500e-09  1.183607e+00  2.876500e-09  0.000000e+00 
 2.877500e-09  1.190219e+00  2.877500e-09  1.183803e+00  2.877500e-09  0.000000e+00 
 2.878500e-09  1.190409e+00  2.878500e-09  1.183998e+00  2.878500e-09  0.000000e+00 
 2.879500e-09  1.190594e+00  2.879500e-09  1.184192e+00  2.879500e-09  0.000000e+00 
 2.880500e-09  1.190772e+00  2.880500e-09  1.184385e+00  2.880500e-09  0.000000e+00 
 2.881500e-09  1.190945e+00  2.881500e-09  1.184576e+00  2.881500e-09  0.000000e+00 
 2.882500e-09  1.191112e+00  2.882500e-09  1.184767e+00  2.882500e-09  0.000000e+00 
 2.883500e-09  1.191274e+00  2.883500e-09  1.184956e+00  2.883500e-09  0.000000e+00 
 2.884500e-09  1.191430e+00  2.884500e-09  1.185144e+00  2.884500e-09  0.000000e+00 
 2.885500e-09  1.191582e+00  2.885500e-09  1.185331e+00  2.885500e-09  0.000000e+00 
 2.886500e-09  1.191729e+00  2.886500e-09  1.185516e+00  2.886500e-09  0.000000e+00 
 2.887500e-09  1.191871e+00  2.887500e-09  1.185700e+00  2.887500e-09  0.000000e+00 
 2.888500e-09  1.192008e+00  2.888500e-09  1.185883e+00  2.888500e-09  0.000000e+00 
 2.889500e-09  1.192142e+00  2.889500e-09  1.186064e+00  2.889500e-09  0.000000e+00 
 2.890500e-09  1.192271e+00  2.890500e-09  1.186243e+00  2.890500e-09  0.000000e+00 
 2.891500e-09  1.192395e+00  2.891500e-09  1.186421e+00  2.891500e-09  0.000000e+00 
 2.892500e-09  1.192516e+00  2.892500e-09  1.186598e+00  2.892500e-09  0.000000e+00 
 2.893500e-09  1.192633e+00  2.893500e-09  1.186773e+00  2.893500e-09  0.000000e+00 
 2.894500e-09  1.192747e+00  2.894500e-09  1.186946e+00  2.894500e-09  0.000000e+00 
 2.895500e-09  1.192857e+00  2.895500e-09  1.187118e+00  2.895500e-09  0.000000e+00 
 2.896500e-09  1.192963e+00  2.896500e-09  1.187288e+00  2.896500e-09  0.000000e+00 
 2.897500e-09  1.193066e+00  2.897500e-09  1.187457e+00  2.897500e-09  0.000000e+00 
 2.898500e-09  1.193166e+00  2.898500e-09  1.187624e+00  2.898500e-09  0.000000e+00 
 2.899500e-09  1.193262e+00  2.899500e-09  1.187789e+00  2.899500e-09  0.000000e+00 
 2.900500e-09  1.193356e+00  2.900500e-09  1.187952e+00  2.900500e-09  0.000000e+00 
 2.901500e-09  1.193447e+00  2.901500e-09  1.188114e+00  2.901500e-09  0.000000e+00 
 2.902500e-09  1.193535e+00  2.902500e-09  1.188274e+00  2.902500e-09  0.000000e+00 
 2.903500e-09  1.193620e+00  2.903500e-09  1.188433e+00  2.903500e-09  0.000000e+00 
 2.904500e-09  1.193703e+00  2.904500e-09  1.188590e+00  2.904500e-09  0.000000e+00 
 2.905500e-09  1.193783e+00  2.905500e-09  1.188745e+00  2.905500e-09  0.000000e+00 
 2.906500e-09  1.193860e+00  2.906500e-09  1.188898e+00  2.906500e-09  0.000000e+00 
 2.907500e-09  1.193935e+00  2.907500e-09  1.189050e+00  2.907500e-09  0.000000e+00 
 2.908500e-09  1.194008e+00  2.908500e-09  1.189200e+00  2.908500e-09  0.000000e+00 
 2.909500e-09  1.194079e+00  2.909500e-09  1.189348e+00  2.909500e-09  0.000000e+00 
 2.910500e-09  1.194148e+00  2.910500e-09  1.189494e+00  2.910500e-09  0.000000e+00 
 2.911500e-09  1.194214e+00  2.911500e-09  1.189639e+00  2.911500e-09  0.000000e+00 
 2.912500e-09  1.194279e+00  2.912500e-09  1.189782e+00  2.912500e-09  0.000000e+00 
 2.913500e-09  1.194342e+00  2.913500e-09  1.189924e+00  2.913500e-09  0.000000e+00 
 2.914500e-09  1.194403e+00  2.914500e-09  1.190063e+00  2.914500e-09  0.000000e+00 
 2.915500e-09  1.194462e+00  2.915500e-09  1.190201e+00  2.915500e-09  0.000000e+00 
 2.916500e-09  1.194519e+00  2.916500e-09  1.190337e+00  2.916500e-09  0.000000e+00 
 2.917500e-09  1.194575e+00  2.917500e-09  1.190472e+00  2.917500e-09  0.000000e+00 
 2.918500e-09  1.194629e+00  2.918500e-09  1.190605e+00  2.918500e-09  0.000000e+00 
 2.919500e-09  1.194681e+00  2.919500e-09  1.190736e+00  2.919500e-09  0.000000e+00 
 2.920500e-09  1.194733e+00  2.920500e-09  1.190866e+00  2.920500e-09  0.000000e+00 
 2.921500e-09  1.194782e+00  2.921500e-09  1.190994e+00  2.921500e-09  0.000000e+00 
 2.922500e-09  1.194830e+00  2.922500e-09  1.191120e+00  2.922500e-09  0.000000e+00 
 2.923500e-09  1.194877e+00  2.923500e-09  1.191245e+00  2.923500e-09  0.000000e+00 
 2.924500e-09  1.194923e+00  2.924500e-09  1.191368e+00  2.924500e-09  0.000000e+00 
 2.925500e-09  1.194967e+00  2.925500e-09  1.191489e+00  2.925500e-09  0.000000e+00 
 2.926500e-09  1.195011e+00  2.926500e-09  1.191609e+00  2.926500e-09  0.000000e+00 
 2.927500e-09  1.195053e+00  2.927500e-09  1.191727e+00  2.927500e-09  0.000000e+00 
 2.928500e-09  1.195094e+00  2.928500e-09  1.191844e+00  2.928500e-09  0.000000e+00 
 2.929500e-09  1.195134e+00  2.929500e-09  1.191959e+00  2.929500e-09  0.000000e+00 
 2.930500e-09  1.195173e+00  2.930500e-09  1.192073e+00  2.930500e-09  0.000000e+00 
 2.931500e-09  1.195210e+00  2.931500e-09  1.192185e+00  2.931500e-09  0.000000e+00 
 2.932500e-09  1.195247e+00  2.932500e-09  1.192295e+00  2.932500e-09  0.000000e+00 
 2.933500e-09  1.195283e+00  2.933500e-09  1.192404e+00  2.933500e-09  0.000000e+00 
 2.934500e-09  1.195318e+00  2.934500e-09  1.192512e+00  2.934500e-09  0.000000e+00 
 2.935500e-09  1.195353e+00  2.935500e-09  1.192618e+00  2.935500e-09  0.000000e+00 
 2.936500e-09  1.195386e+00  2.936500e-09  1.192722e+00  2.936500e-09  0.000000e+00 
 2.937500e-09  1.195419e+00  2.937500e-09  1.192825e+00  2.937500e-09  0.000000e+00 
 2.938500e-09  1.195451e+00  2.938500e-09  1.192927e+00  2.938500e-09  0.000000e+00 
 2.939500e-09  1.195482e+00  2.939500e-09  1.193027e+00  2.939500e-09  0.000000e+00 
 2.940500e-09  1.195512e+00  2.940500e-09  1.193126e+00  2.940500e-09  0.000000e+00 
 2.941500e-09  1.195542e+00  2.941500e-09  1.193223e+00  2.941500e-09  0.000000e+00 
 2.942500e-09  1.195571e+00  2.942500e-09  1.193319e+00  2.942500e-09  0.000000e+00 
 2.943500e-09  1.195599e+00  2.943500e-09  1.193413e+00  2.943500e-09  0.000000e+00 
 2.944500e-09  1.195627e+00  2.944500e-09  1.193507e+00  2.944500e-09  0.000000e+00 
 2.945500e-09  1.195654e+00  2.945500e-09  1.193599e+00  2.945500e-09  0.000000e+00 
 2.946500e-09  1.195681e+00  2.946500e-09  1.193689e+00  2.946500e-09  0.000000e+00 
 2.947500e-09  1.195707e+00  2.947500e-09  1.193778e+00  2.947500e-09  0.000000e+00 
 2.948500e-09  1.195733e+00  2.948500e-09  1.193866e+00  2.948500e-09  0.000000e+00 
 2.949500e-09  1.195758e+00  2.949500e-09  1.193953e+00  2.949500e-09  0.000000e+00 
 2.950500e-09  1.195782e+00  2.950500e-09  1.194038e+00  2.950500e-09  0.000000e+00 
 2.951500e-09  1.195807e+00  2.951500e-09  1.194123e+00  2.951500e-09  0.000000e+00 
 2.952500e-09  1.195830e+00  2.952500e-09  1.194206e+00  2.952500e-09  0.000000e+00 
 2.953500e-09  1.195853e+00  2.953500e-09  1.194287e+00  2.953500e-09  0.000000e+00 
 2.954500e-09  1.195876e+00  2.954500e-09  1.194368e+00  2.954500e-09  0.000000e+00 
 2.955500e-09  1.195899e+00  2.955500e-09  1.194447e+00  2.955500e-09  0.000000e+00 
 2.956500e-09  1.195921e+00  2.956500e-09  1.194525e+00  2.956500e-09  0.000000e+00 
 2.957500e-09  1.195942e+00  2.957500e-09  1.194602e+00  2.957500e-09  0.000000e+00 
 2.958500e-09  1.195964e+00  2.958500e-09  1.194678e+00  2.958500e-09  0.000000e+00 
 2.959500e-09  1.195985e+00  2.959500e-09  1.194752e+00  2.959500e-09  0.000000e+00 
 2.960500e-09  1.196005e+00  2.960500e-09  1.194826e+00  2.960500e-09  0.000000e+00 
 2.961500e-09  1.196026e+00  2.961500e-09  1.194898e+00  2.961500e-09  0.000000e+00 
 2.962500e-09  1.196046e+00  2.962500e-09  1.194970e+00  2.962500e-09  0.000000e+00 
 2.963500e-09  1.196065e+00  2.963500e-09  1.195040e+00  2.963500e-09  0.000000e+00 
 2.964500e-09  1.196085e+00  2.964500e-09  1.195109e+00  2.964500e-09  0.000000e+00 
 2.965500e-09  1.196104e+00  2.965500e-09  1.195177e+00  2.965500e-09  0.000000e+00 
 2.966500e-09  1.196123e+00  2.966500e-09  1.195245e+00  2.966500e-09  0.000000e+00 
 2.967500e-09  1.196141e+00  2.967500e-09  1.195311e+00  2.967500e-09  0.000000e+00 
 2.968500e-09  1.196160e+00  2.968500e-09  1.195376e+00  2.968500e-09  0.000000e+00 
 2.969500e-09  1.196178e+00  2.969500e-09  1.195440e+00  2.969500e-09  0.000000e+00 
 2.970500e-09  1.196196e+00  2.970500e-09  1.195503e+00  2.970500e-09  0.000000e+00 
 2.971500e-09  1.196213e+00  2.971500e-09  1.195565e+00  2.971500e-09  0.000000e+00 
 2.972500e-09  1.196231e+00  2.972500e-09  1.195626e+00  2.972500e-09  0.000000e+00 
 2.973500e-09  1.196248e+00  2.973500e-09  1.195687e+00  2.973500e-09  0.000000e+00 
 2.974500e-09  1.196265e+00  2.974500e-09  1.195746e+00  2.974500e-09  0.000000e+00 
 2.975500e-09  1.196282e+00  2.975500e-09  1.195804e+00  2.975500e-09  0.000000e+00 
 2.976500e-09  1.196298e+00  2.976500e-09  1.195862e+00  2.976500e-09  0.000000e+00 
 2.977500e-09  1.196315e+00  2.977500e-09  1.195919e+00  2.977500e-09  0.000000e+00 
 2.978500e-09  1.196331e+00  2.978500e-09  1.195974e+00  2.978500e-09  0.000000e+00 
 2.979500e-09  1.196347e+00  2.979500e-09  1.196029e+00  2.979500e-09  0.000000e+00 
 2.980500e-09  1.196363e+00  2.980500e-09  1.196083e+00  2.980500e-09  0.000000e+00 
 2.981500e-09  1.196379e+00  2.981500e-09  1.196137e+00  2.981500e-09  0.000000e+00 
 2.982500e-09  1.196395e+00  2.982500e-09  1.196189e+00  2.982500e-09  0.000000e+00 
 2.983500e-09  1.196410e+00  2.983500e-09  1.196241e+00  2.983500e-09  0.000000e+00 
 2.984500e-09  1.196426e+00  2.984500e-09  1.196292e+00  2.984500e-09  0.000000e+00 
 2.985500e-09  1.196441e+00  2.985500e-09  1.196342e+00  2.985500e-09  0.000000e+00 
 2.986500e-09  1.196456e+00  2.986500e-09  1.196391e+00  2.986500e-09  0.000000e+00 
 2.987500e-09  1.196471e+00  2.987500e-09  1.196439e+00  2.987500e-09  0.000000e+00 
 2.988500e-09  1.196486e+00  2.988500e-09  1.196487e+00  2.988500e-09  0.000000e+00 
 2.989500e-09  1.196501e+00  2.989500e-09  1.196534e+00  2.989500e-09  0.000000e+00 
 2.990500e-09  1.196516e+00  2.990500e-09  1.196580e+00  2.990500e-09  0.000000e+00 
 2.991500e-09  1.196530e+00  2.991500e-09  1.196626e+00  2.991500e-09  0.000000e+00 
 2.992500e-09  1.196544e+00  2.992500e-09  1.196671e+00  2.992500e-09  0.000000e+00 
 2.993500e-09  1.196559e+00  2.993500e-09  1.196715e+00  2.993500e-09  0.000000e+00 
 2.994500e-09  1.196573e+00  2.994500e-09  1.196759e+00  2.994500e-09  0.000000e+00 
 2.995500e-09  1.196587e+00  2.995500e-09  1.196801e+00  2.995500e-09  0.000000e+00 
 2.996500e-09  1.196601e+00  2.996500e-09  1.196843e+00  2.996500e-09  0.000000e+00 
 2.997500e-09  1.196615e+00  2.997500e-09  1.196885e+00  2.997500e-09  0.000000e+00 
 2.998500e-09  1.196629e+00  2.998500e-09  1.196926e+00  2.998500e-09  0.000000e+00 
 2.999500e-09  1.196643e+00  2.999500e-09  1.196966e+00  2.999500e-09  0.000000e+00 
 3.000000e-09  1.196649e+00  3.000000e-09  1.196986e+00  3.000000e-09  0.000000e+00 
 3.000100e-09  1.196872e+00  3.000100e-09  1.197211e+00  3.000100e-09  2.400000e-03 
 3.000300e-09  1.197315e+00  3.000300e-09  1.197659e+00  3.000300e-09  7.200000e-03 
 3.000700e-09  1.198192e+00  3.000700e-09  1.198547e+00  3.000700e-09  1.680000e-02 
 3.001500e-09  1.199919e+00  3.001500e-09  1.200295e+00  3.001500e-09  3.600000e-02 
 3.002500e-09  1.202025e+00  3.002500e-09  1.202429e+00  3.002500e-09  6.000000e-02 
 3.003500e-09  1.204080e+00  3.003500e-09  1.204513e+00  3.003500e-09  8.400000e-02 
 3.004500e-09  1.206088e+00  3.004500e-09  1.206552e+00  3.004500e-09  1.080000e-01 
 3.005500e-09  1.208053e+00  3.005500e-09  1.208549e+00  3.005500e-09  1.320000e-01 
 3.006500e-09  1.209979e+00  3.006500e-09  1.210509e+00  3.006500e-09  1.560000e-01 
 3.007500e-09  1.211870e+00  3.007500e-09  1.212435e+00  3.007500e-09  1.800000e-01 
 3.008500e-09  1.213731e+00  3.008500e-09  1.214331e+00  3.008500e-09  2.040000e-01 
 3.009500e-09  1.215563e+00  3.009500e-09  1.216201e+00  3.009500e-09  2.280000e-01 
 3.010500e-09  1.217372e+00  3.010500e-09  1.218048e+00  3.010500e-09  2.520000e-01 
 3.011500e-09  1.219160e+00  3.011500e-09  1.219875e+00  3.011500e-09  2.760000e-01 
 3.012500e-09  1.220931e+00  3.012500e-09  1.221686e+00  3.012500e-09  3.000000e-01 
 3.013500e-09  1.222687e+00  3.013500e-09  1.223485e+00  3.013500e-09  3.240000e-01 
 3.014500e-09  1.224433e+00  3.014500e-09  1.225273e+00  3.014500e-09  3.480000e-01 
 3.015500e-09  1.226171e+00  3.015500e-09  1.227055e+00  3.015500e-09  3.720000e-01 
 3.016500e-09  1.227905e+00  3.016500e-09  1.228834e+00  3.016500e-09  3.960000e-01 
 3.017500e-09  1.229637e+00  3.017500e-09  1.230612e+00  3.017500e-09  4.200000e-01 
 3.018500e-09  1.231371e+00  3.018500e-09  1.232393e+00  3.018500e-09  4.440000e-01 
 3.019500e-09  1.233110e+00  3.019500e-09  1.234180e+00  3.019500e-09  4.680000e-01 
 3.020500e-09  1.234856e+00  3.020500e-09  1.235975e+00  3.020500e-09  4.920000e-01 
 3.021500e-09  1.236614e+00  3.021500e-09  1.237780e+00  3.021500e-09  5.160000e-01 
 3.022500e-09  1.238386e+00  3.022500e-09  1.239598e+00  3.022500e-09  5.400000e-01 
 3.023500e-09  1.240174e+00  3.023500e-09  1.241430e+00  3.023500e-09  5.640000e-01 
 3.024500e-09  1.241983e+00  3.024500e-09  1.243281e+00  3.024500e-09  5.880000e-01 
 3.025500e-09  1.243818e+00  3.025500e-09  1.245157e+00  3.025500e-09  6.120000e-01 
 3.026500e-09  1.245682e+00  3.026500e-09  1.247062e+00  3.026500e-09  6.360000e-01 
 3.027500e-09  1.247582e+00  3.027500e-09  1.249003e+00  3.027500e-09  6.600000e-01 
 3.028500e-09  1.249524e+00  3.028500e-09  1.250986e+00  3.028500e-09  6.840000e-01 
 3.029500e-09  1.251515e+00  3.029500e-09  1.253017e+00  3.029500e-09  7.080000e-01 
 3.030500e-09  1.253568e+00  3.030500e-09  1.255107e+00  3.030500e-09  7.320000e-01 
 3.031500e-09  1.255698e+00  3.031500e-09  1.257271e+00  3.031500e-09  7.560000e-01 
 3.032500e-09  1.257929e+00  3.032500e-09  1.259534e+00  3.032500e-09  7.800000e-01 
 3.033500e-09  1.260296e+00  3.033500e-09  1.261927e+00  3.033500e-09  8.040000e-01 
 3.034500e-09  1.262764e+00  3.034500e-09  1.264417e+00  3.034500e-09  8.280000e-01 
 3.035500e-09  1.265249e+00  3.035500e-09  1.266923e+00  3.035500e-09  8.520000e-01 
 3.036500e-09  1.267709e+00  3.036500e-09  1.269403e+00  3.036500e-09  8.760000e-01 
 3.037500e-09  1.270074e+00  3.037500e-09  1.271796e+00  3.037500e-09  9.000000e-01 
 3.038500e-09  1.272246e+00  3.038500e-09  1.274004e+00  3.038500e-09  9.240000e-01 
 3.039500e-09  1.274176e+00  3.039500e-09  1.275973e+00  3.039500e-09  9.480000e-01 
 3.040500e-09  1.275852e+00  3.040500e-09  1.277689e+00  3.040500e-09  9.720000e-01 
 3.041500e-09  1.277257e+00  3.041500e-09  1.279140e+00  3.041500e-09  9.960000e-01 
 3.042500e-09  1.278377e+00  3.042500e-09  1.280313e+00  3.042500e-09  1.020000e+00 
 3.043500e-09  1.279198e+00  3.043500e-09  1.281194e+00  3.043500e-09  1.044000e+00 
 3.044500e-09  1.279702e+00  3.044500e-09  1.281771e+00  3.044500e-09  1.068000e+00 
 3.045500e-09  1.279875e+00  3.045500e-09  1.282031e+00  3.045500e-09  1.092000e+00 
 3.046500e-09  1.279701e+00  3.046500e-09  1.281961e+00  3.046500e-09  1.116000e+00 
 3.047500e-09  1.279163e+00  3.047500e-09  1.281548e+00  3.047500e-09  1.140000e+00 
 3.048500e-09  1.278244e+00  3.048500e-09  1.280780e+00  3.048500e-09  1.164000e+00 
 3.049500e-09  1.276928e+00  3.049500e-09  1.279644e+00  3.049500e-09  1.188000e+00 
 3.050000e-09  1.276116e+00  3.050000e-09  1.278934e+00  3.050000e-09  1.200000e+00 
 3.050100e-09  1.275920e+00  3.050100e-09  1.278756e+00  3.050100e-09  1.200000e+00 
 3.050300e-09  1.275524e+00  3.050300e-09  1.278397e+00  3.050300e-09  1.200000e+00 
 3.050700e-09  1.274703e+00  3.050700e-09  1.277652e+00  3.050700e-09  1.200000e+00 
 3.051500e-09  1.272941e+00  3.051500e-09  1.276054e+00  3.051500e-09  1.200000e+00 
 3.052500e-09  1.270516e+00  3.052500e-09  1.273863e+00  3.052500e-09  1.200000e+00 
 3.053500e-09  1.267847e+00  3.053500e-09  1.271469e+00  3.053500e-09  1.200000e+00 
 3.054500e-09  1.264941e+00  3.054500e-09  1.268883e+00  3.054500e-09  1.200000e+00 
 3.055500e-09  1.261803e+00  3.055500e-09  1.266119e+00  3.055500e-09  1.200000e+00 
 3.056500e-09  1.258440e+00  3.056500e-09  1.263189e+00  3.056500e-09  1.200000e+00 
 3.057500e-09  1.254862e+00  3.057500e-09  1.260102e+00  3.057500e-09  1.200000e+00 
 3.058500e-09  1.251077e+00  3.058500e-09  1.256872e+00  3.058500e-09  1.200000e+00 
 3.059500e-09  1.247091e+00  3.059500e-09  1.253511e+00  3.059500e-09  1.200000e+00 
 3.060500e-09  1.242913e+00  3.060500e-09  1.250028e+00  3.060500e-09  1.200000e+00 
 3.061500e-09  1.238548e+00  3.061500e-09  1.246431e+00  3.061500e-09  1.200000e+00 
 3.062500e-09  1.234004e+00  3.062500e-09  1.242727e+00  3.062500e-09  1.200000e+00 
 3.063500e-09  1.229287e+00  3.063500e-09  1.238919e+00  3.063500e-09  1.200000e+00 
 3.064500e-09  1.224404e+00  3.064500e-09  1.235013e+00  3.064500e-09  1.200000e+00 
 3.065500e-09  1.219364e+00  3.065500e-09  1.231018e+00  3.065500e-09  1.200000e+00 
 3.066500e-09  1.214172e+00  3.066500e-09  1.226941e+00  3.066500e-09  1.200000e+00 
 3.067500e-09  1.208837e+00  3.067500e-09  1.222787e+00  3.067500e-09  1.200000e+00 
 3.068500e-09  1.203365e+00  3.068500e-09  1.218562e+00  3.068500e-09  1.200000e+00 
 3.069500e-09  1.197764e+00  3.069500e-09  1.214269e+00  3.069500e-09  1.200000e+00 
 3.070500e-09  1.192040e+00  3.070500e-09  1.209915e+00  3.070500e-09  1.200000e+00 
 3.071500e-09  1.186200e+00  3.071500e-09  1.205487e+00  3.071500e-09  1.200000e+00 
 3.072500e-09  1.180249e+00  3.072500e-09  1.200980e+00  3.072500e-09  1.200000e+00 
 3.073500e-09  1.174188e+00  3.073500e-09  1.196402e+00  3.073500e-09  1.200000e+00 
 3.074500e-09  1.168012e+00  3.074500e-09  1.191758e+00  3.074500e-09  1.200000e+00 
 3.075500e-09  1.161722e+00  3.075500e-09  1.187050e+00  3.075500e-09  1.200000e+00 
 3.076500e-09  1.155324e+00  3.076500e-09  1.182281e+00  3.076500e-09  1.200000e+00 
 3.077500e-09  1.148821e+00  3.077500e-09  1.177454e+00  3.077500e-09  1.200000e+00 
 3.078500e-09  1.142219e+00  3.078500e-09  1.172572e+00  3.078500e-09  1.200000e+00 
 3.079500e-09  1.135521e+00  3.079500e-09  1.167638e+00  3.079500e-09  1.200000e+00 
 3.080500e-09  1.128730e+00  3.080500e-09  1.162654e+00  3.080500e-09  1.200000e+00 
 3.081500e-09  1.121859e+00  3.081500e-09  1.157623e+00  3.081500e-09  1.200000e+00 
 3.082500e-09  1.114933e+00  3.082500e-09  1.152546e+00  3.082500e-09  1.200000e+00 
 3.083500e-09  1.107958e+00  3.083500e-09  1.147443e+00  3.083500e-09  1.200000e+00 
 3.084500e-09  1.100937e+00  3.084500e-09  1.142315e+00  3.084500e-09  1.200000e+00 
 3.085500e-09  1.093885e+00  3.085500e-09  1.137147e+00  3.085500e-09  1.200000e+00 
 3.086500e-09  1.086804e+00  3.086500e-09  1.131941e+00  3.086500e-09  1.200000e+00 
 3.087500e-09  1.079700e+00  3.087500e-09  1.126696e+00  3.087500e-09  1.200000e+00 
 3.088500e-09  1.072575e+00  3.088500e-09  1.121415e+00  3.088500e-09  1.200000e+00 
 3.089500e-09  1.065443e+00  3.089500e-09  1.116099e+00  3.089500e-09  1.200000e+00 
 3.090500e-09  1.058307e+00  3.090500e-09  1.110763e+00  3.090500e-09  1.200000e+00 
 3.091500e-09  1.051159e+00  3.091500e-09  1.105416e+00  3.091500e-09  1.200000e+00 
 3.092500e-09  1.044000e+00  3.092500e-09  1.100061e+00  3.092500e-09  1.200000e+00 
 3.093500e-09  1.036832e+00  3.093500e-09  1.094698e+00  3.093500e-09  1.200000e+00 
 3.094500e-09  1.029656e+00  3.094500e-09  1.089329e+00  3.094500e-09  1.200000e+00 
 3.095500e-09  1.022474e+00  3.095500e-09  1.083954e+00  3.095500e-09  1.200000e+00 
 3.096500e-09  1.015287e+00  3.096500e-09  1.078575e+00  3.096500e-09  1.200000e+00 
 3.097500e-09  1.008097e+00  3.097500e-09  1.073191e+00  3.097500e-09  1.200000e+00 
 3.098500e-09  1.000904e+00  3.098500e-09  1.067804e+00  3.098500e-09  1.200000e+00 
 3.099500e-09  9.937091e-01  3.099500e-09  1.062415e+00  3.099500e-09  1.200000e+00 
 3.100500e-09  9.865140e-01  3.100500e-09  1.057024e+00  3.100500e-09  1.200000e+00 
 3.101500e-09  9.793191e-01  3.101500e-09  1.051632e+00  3.101500e-09  1.200000e+00 
 3.102500e-09  9.721252e-01  3.102500e-09  1.046239e+00  3.102500e-09  1.200000e+00 
 3.103500e-09  9.649330e-01  3.103500e-09  1.040847e+00  3.103500e-09  1.200000e+00 
 3.104500e-09  9.577431e-01  3.104500e-09  1.035454e+00  3.104500e-09  1.200000e+00 
 3.105500e-09  9.505562e-01  3.105500e-09  1.030062e+00  3.105500e-09  1.200000e+00 
 3.106500e-09  9.433727e-01  3.106500e-09  1.024672e+00  3.106500e-09  1.200000e+00 
 3.107500e-09  9.361931e-01  3.107500e-09  1.019283e+00  3.107500e-09  1.200000e+00 
 3.108500e-09  9.290179e-01  3.108500e-09  1.013896e+00  3.108500e-09  1.200000e+00 
 3.109500e-09  9.218475e-01  3.109500e-09  1.008511e+00  3.109500e-09  1.200000e+00 
 3.110500e-09  9.146823e-01  3.110500e-09  1.003129e+00  3.110500e-09  1.200000e+00 
 3.111500e-09  9.075227e-01  3.111500e-09  9.977502e-01  3.111500e-09  1.200000e+00 
 3.112500e-09  9.003689e-01  3.112500e-09  9.923742e-01  3.112500e-09  1.200000e+00 
 3.113500e-09  8.932213e-01  3.113500e-09  9.870016e-01  3.113500e-09  1.200000e+00 
 3.114500e-09  8.860801e-01  3.114500e-09  9.816327e-01  3.114500e-09  1.200000e+00 
 3.115500e-09  8.789455e-01  3.115500e-09  9.762676e-01  3.115500e-09  1.200000e+00 
 3.116500e-09  8.718179e-01  3.116500e-09  9.709066e-01  3.116500e-09  1.200000e+00 
 3.117500e-09  8.646974e-01  3.117500e-09  9.655498e-01  3.117500e-09  1.200000e+00 
 3.118500e-09  8.575843e-01  3.118500e-09  9.601975e-01  3.118500e-09  1.200000e+00 
 3.119500e-09  8.504786e-01  3.119500e-09  9.548498e-01  3.119500e-09  1.200000e+00 
 3.120500e-09  8.433865e-01  3.120500e-09  9.495073e-01  3.120500e-09  1.200000e+00 
 3.121500e-09  8.363970e-01  3.121500e-09  9.441785e-01  3.121500e-09  1.200000e+00 
 3.122500e-09  8.295485e-01  3.122500e-09  9.388824e-01  3.122500e-09  1.200000e+00 
 3.123500e-09  8.227947e-01  3.123500e-09  9.336372e-01  3.123500e-09  1.200000e+00 
 3.124500e-09  8.161096e-01  3.124500e-09  9.284554e-01  3.124500e-09  1.200000e+00 
 3.125500e-09  8.094764e-01  3.125500e-09  9.233457e-01  3.125500e-09  1.200000e+00 
 3.126500e-09  8.028833e-01  3.126500e-09  9.183148e-01  3.126500e-09  1.200000e+00 
 3.127500e-09  7.963188e-01  3.127500e-09  9.133683e-01  3.127500e-09  1.200000e+00 
 3.128500e-09  7.897717e-01  3.128500e-09  9.085122e-01  3.128500e-09  1.200000e+00 
 3.129500e-09  7.832345e-01  3.129500e-09  9.037532e-01  3.129500e-09  1.200000e+00 
 3.130500e-09  7.767022e-01  3.130500e-09  8.990980e-01  3.130500e-09  1.200000e+00 
 3.131500e-09  7.701698e-01  3.131500e-09  8.945523e-01  3.131500e-09  1.200000e+00 
 3.132500e-09  7.636365e-01  3.132500e-09  8.901578e-01  3.132500e-09  1.200000e+00 
 3.133500e-09  7.571075e-01  3.133500e-09  8.859477e-01  3.133500e-09  1.200000e+00 
 3.134500e-09  7.505897e-01  3.134500e-09  8.819130e-01  3.134500e-09  1.200000e+00 
 3.135500e-09  7.440877e-01  3.135500e-09  8.780436e-01  3.135500e-09  1.200000e+00 
 3.136500e-09  7.376037e-01  3.136500e-09  8.743338e-01  3.136500e-09  1.200000e+00 
 3.137500e-09  7.311387e-01  3.137500e-09  8.707801e-01  3.137500e-09  1.200000e+00 
 3.138500e-09  7.246927e-01  3.138500e-09  8.673808e-01  3.138500e-09  1.200000e+00 
 3.139500e-09  7.182649e-01  3.139500e-09  8.641353e-01  3.139500e-09  1.200000e+00 
 3.140500e-09  7.118541e-01  3.140500e-09  8.610437e-01  3.140500e-09  1.200000e+00 
 3.141500e-09  7.054585e-01  3.141500e-09  8.581066e-01  3.141500e-09  1.200000e+00 
 3.142500e-09  6.990759e-01  3.142500e-09  8.553247e-01  3.142500e-09  1.200000e+00 
 3.143500e-09  6.927041e-01  3.143500e-09  8.526991e-01  3.143500e-09  1.200000e+00 
 3.144500e-09  6.863403e-01  3.144500e-09  8.502313e-01  3.144500e-09  1.200000e+00 
 3.145500e-09  6.799817e-01  3.145500e-09  8.479230e-01  3.145500e-09  1.200000e+00 
 3.146500e-09  6.736252e-01  3.146500e-09  8.457759e-01  3.146500e-09  1.200000e+00 
 3.147500e-09  6.672677e-01  3.147500e-09  8.437921e-01  3.147500e-09  1.200000e+00 
 3.148500e-09  6.609059e-01  3.148500e-09  8.419734e-01  3.148500e-09  1.200000e+00 
 3.149500e-09  6.545362e-01  3.149500e-09  8.403222e-01  3.149500e-09  1.200000e+00 
 3.150500e-09  6.481551e-01  3.150500e-09  8.388405e-01  3.150500e-09  1.200000e+00 
 3.151500e-09  6.417590e-01  3.151500e-09  8.375309e-01  3.151500e-09  1.200000e+00 
 3.152500e-09  6.353439e-01  3.152500e-09  8.363956e-01  3.152500e-09  1.200000e+00 
 3.153500e-09  6.289060e-01  3.153500e-09  8.354373e-01  3.153500e-09  1.200000e+00 
 3.154500e-09  6.224413e-01  3.154500e-09  8.346584e-01  3.154500e-09  1.200000e+00 
 3.155500e-09  6.159455e-01  3.155500e-09  8.340618e-01  3.155500e-09  1.200000e+00 
 3.156500e-09  6.094144e-01  3.156500e-09  8.336500e-01  3.156500e-09  1.200000e+00 
 3.157500e-09  6.028437e-01  3.157500e-09  8.334261e-01  3.157500e-09  1.200000e+00 
 3.158500e-09  5.962289e-01  3.158500e-09  8.333928e-01  3.158500e-09  1.200000e+00 
 3.159500e-09  5.895655e-01  3.159500e-09  8.335531e-01  3.159500e-09  1.200000e+00 
 3.160500e-09  5.828486e-01  3.160500e-09  8.339101e-01  3.160500e-09  1.200000e+00 
 3.161500e-09  5.760735e-01  3.161500e-09  8.344669e-01  3.161500e-09  1.200000e+00 
 3.162500e-09  5.692354e-01  3.162500e-09  8.352266e-01  3.162500e-09  1.200000e+00 
 3.163500e-09  5.623291e-01  3.163500e-09  8.361926e-01  3.163500e-09  1.200000e+00 
 3.164500e-09  5.553495e-01  3.164500e-09  8.373681e-01  3.164500e-09  1.200000e+00 
 3.165500e-09  5.482914e-01  3.165500e-09  8.387565e-01  3.165500e-09  1.200000e+00 
 3.166500e-09  5.411493e-01  3.166500e-09  8.403611e-01  3.166500e-09  1.200000e+00 
 3.167500e-09  5.339179e-01  3.167500e-09  8.421855e-01  3.167500e-09  1.200000e+00 
 3.168500e-09  5.265915e-01  3.168500e-09  8.442331e-01  3.168500e-09  1.200000e+00 
 3.169500e-09  5.191645e-01  3.169500e-09  8.465073e-01  3.169500e-09  1.200000e+00 
 3.170500e-09  5.116311e-01  3.170500e-09  8.490118e-01  3.170500e-09  1.200000e+00 
 3.171500e-09  5.039855e-01  3.171500e-09  8.517499e-01  3.171500e-09  1.200000e+00 
 3.172500e-09  4.962217e-01  3.172500e-09  8.547253e-01  3.172500e-09  1.200000e+00 
 3.173500e-09  4.883339e-01  3.173500e-09  8.579412e-01  3.173500e-09  1.200000e+00 
 3.174500e-09  4.803160e-01  3.174500e-09  8.614012e-01  3.174500e-09  1.200000e+00 
 3.175500e-09  4.721620e-01  3.175500e-09  8.651084e-01  3.175500e-09  1.200000e+00 
 3.176500e-09  4.639153e-01  3.176500e-09  8.690164e-01  3.176500e-09  1.200000e+00 
 3.177500e-09  4.556775e-01  3.177500e-09  8.730136e-01  3.177500e-09  1.200000e+00 
 3.178500e-09  4.474876e-01  3.178500e-09  8.770455e-01  3.178500e-09  1.200000e+00 
 3.179500e-09  4.394066e-01  3.179500e-09  8.810386e-01  3.179500e-09  1.200000e+00 
 3.180500e-09  4.315153e-01  3.180500e-09  8.849128e-01  3.180500e-09  1.200000e+00 
 3.181500e-09  4.238080e-01  3.181500e-09  8.886834e-01  3.181500e-09  1.200000e+00 
 3.182500e-09  4.162624e-01  3.182500e-09  8.923823e-01  3.182500e-09  1.200000e+00 
 3.183500e-09  4.088632e-01  3.183500e-09  8.960322e-01  3.183500e-09  1.200000e+00 
 3.184500e-09  4.016002e-01  3.184500e-09  8.996498e-01  3.184500e-09  1.200000e+00 
 3.185500e-09  3.944661e-01  3.185500e-09  9.032472e-01  3.185500e-09  1.200000e+00 
 3.186500e-09  3.874558e-01  3.186500e-09  9.068338e-01  3.186500e-09  1.200000e+00 
 3.187500e-09  3.805657e-01  3.187500e-09  9.104165e-01  3.187500e-09  1.200000e+00 
 3.188500e-09  3.737929e-01  3.188500e-09  9.140004e-01  3.188500e-09  1.200000e+00 
 3.189500e-09  3.671357e-01  3.189500e-09  9.175889e-01  3.189500e-09  1.200000e+00 
 3.190500e-09  3.605923e-01  3.190500e-09  9.211847e-01  3.190500e-09  1.200000e+00 
 3.191500e-09  3.541608e-01  3.191500e-09  9.247903e-01  3.191500e-09  1.200000e+00 
 3.192500e-09  3.478398e-01  3.192500e-09  9.284065e-01  3.192500e-09  1.200000e+00 
 3.193500e-09  3.416280e-01  3.193500e-09  9.320342e-01  3.193500e-09  1.200000e+00 
 3.194500e-09  3.355243e-01  3.194500e-09  9.356732e-01  3.194500e-09  1.200000e+00 
 3.195500e-09  3.295276e-01  3.195500e-09  9.393230e-01  3.195500e-09  1.200000e+00 
 3.196500e-09  3.236367e-01  3.196500e-09  9.429827e-01  3.196500e-09  1.200000e+00 
 3.197500e-09  3.178504e-01  3.197500e-09  9.466512e-01  3.197500e-09  1.200000e+00 
 3.198500e-09  3.121673e-01  3.198500e-09  9.503273e-01  3.198500e-09  1.200000e+00 
 3.199500e-09  3.065858e-01  3.199500e-09  9.540097e-01  3.199500e-09  1.200000e+00 
 3.200500e-09  3.011045e-01  3.200500e-09  9.576967e-01  3.200500e-09  1.200000e+00 
 3.201500e-09  2.957218e-01  3.201500e-09  9.613866e-01  3.201500e-09  1.200000e+00 
 3.202500e-09  2.904360e-01  3.202500e-09  9.650775e-01  3.202500e-09  1.200000e+00 
 3.203500e-09  2.852455e-01  3.203500e-09  9.687676e-01  3.203500e-09  1.200000e+00 
 3.204500e-09  2.801486e-01  3.204500e-09  9.724548e-01  3.204500e-09  1.200000e+00 
 3.205500e-09  2.751434e-01  3.205500e-09  9.761372e-01  3.205500e-09  1.200000e+00 
 3.206500e-09  2.702282e-01  3.206500e-09  9.798127e-01  3.206500e-09  1.200000e+00 
 3.207500e-09  2.654011e-01  3.207500e-09  9.834793e-01  3.207500e-09  1.200000e+00 
 3.208500e-09  2.606604e-01  3.208500e-09  9.871350e-01  3.208500e-09  1.200000e+00 
 3.209500e-09  2.560042e-01  3.209500e-09  9.907778e-01  3.209500e-09  1.200000e+00 
 3.210500e-09  2.514306e-01  3.210500e-09  9.944055e-01  3.210500e-09  1.200000e+00 
 3.211500e-09  2.469379e-01  3.211500e-09  9.980164e-01  3.211500e-09  1.200000e+00 
 3.212500e-09  2.425242e-01  3.212500e-09  1.001608e+00  3.212500e-09  1.200000e+00 
 3.213500e-09  2.381878e-01  3.213500e-09  1.005180e+00  3.213500e-09  1.200000e+00 
 3.214500e-09  2.339269e-01  3.214500e-09  1.008729e+00  3.214500e-09  1.200000e+00 
 3.215500e-09  2.297399e-01  3.215500e-09  1.012253e+00  3.215500e-09  1.200000e+00 
 3.216500e-09  2.256249e-01  3.216500e-09  1.015752e+00  3.216500e-09  1.200000e+00 
 3.217500e-09  2.215804e-01  3.217500e-09  1.019222e+00  3.217500e-09  1.200000e+00 
 3.218500e-09  2.176048e-01  3.218500e-09  1.022664e+00  3.218500e-09  1.200000e+00 
 3.219500e-09  2.136965e-01  3.219500e-09  1.026075e+00  3.219500e-09  1.200000e+00 
 3.220500e-09  2.098541e-01  3.220500e-09  1.029454e+00  3.220500e-09  1.200000e+00 
 3.221500e-09  2.060760e-01  3.221500e-09  1.032799e+00  3.221500e-09  1.200000e+00 
 3.222500e-09  2.023608e-01  3.222500e-09  1.036109e+00  3.222500e-09  1.200000e+00 
 3.223500e-09  1.987072e-01  3.223500e-09  1.039384e+00  3.223500e-09  1.200000e+00 
 3.224500e-09  1.951139e-01  3.224500e-09  1.042621e+00  3.224500e-09  1.200000e+00 
 3.225500e-09  1.915796e-01  3.225500e-09  1.045820e+00  3.225500e-09  1.200000e+00 
 3.226500e-09  1.881031e-01  3.226500e-09  1.048980e+00  3.226500e-09  1.200000e+00 
 3.227500e-09  1.846831e-01  3.227500e-09  1.052100e+00  3.227500e-09  1.200000e+00 
 3.228500e-09  1.813187e-01  3.228500e-09  1.055179e+00  3.228500e-09  1.200000e+00 
 3.229500e-09  1.780087e-01  3.229500e-09  1.058217e+00  3.229500e-09  1.200000e+00 
 3.230500e-09  1.747521e-01  3.230500e-09  1.061212e+00  3.230500e-09  1.200000e+00 
 3.231500e-09  1.715478e-01  3.231500e-09  1.064165e+00  3.231500e-09  1.200000e+00 
 3.232500e-09  1.683950e-01  3.232500e-09  1.067074e+00  3.232500e-09  1.200000e+00 
 3.233500e-09  1.652927e-01  3.233500e-09  1.069940e+00  3.233500e-09  1.200000e+00 
 3.234500e-09  1.622401e-01  3.234500e-09  1.072761e+00  3.234500e-09  1.200000e+00 
 3.235500e-09  1.592363e-01  3.235500e-09  1.075538e+00  3.235500e-09  1.200000e+00 
 3.236500e-09  1.562805e-01  3.236500e-09  1.078270e+00  3.236500e-09  1.200000e+00 
 3.237500e-09  1.533719e-01  3.237500e-09  1.080958e+00  3.237500e-09  1.200000e+00 
 3.238500e-09  1.505099e-01  3.238500e-09  1.083600e+00  3.238500e-09  1.200000e+00 
 3.239500e-09  1.476936e-01  3.239500e-09  1.086197e+00  3.239500e-09  1.200000e+00 
 3.240500e-09  1.449225e-01  3.240500e-09  1.088749e+00  3.240500e-09  1.200000e+00 
 3.241500e-09  1.421958e-01  3.241500e-09  1.091256e+00  3.241500e-09  1.200000e+00 
 3.242500e-09  1.395129e-01  3.242500e-09  1.093718e+00  3.242500e-09  1.200000e+00 
 3.243500e-09  1.368732e-01  3.243500e-09  1.096135e+00  3.243500e-09  1.200000e+00 
 3.244500e-09  1.342762e-01  3.244500e-09  1.098508e+00  3.244500e-09  1.200000e+00 
 3.245500e-09  1.317212e-01  3.245500e-09  1.100835e+00  3.245500e-09  1.200000e+00 
 3.246500e-09  1.292076e-01  3.246500e-09  1.103119e+00  3.246500e-09  1.200000e+00 
 3.247500e-09  1.267350e-01  3.247500e-09  1.105358e+00  3.247500e-09  1.200000e+00 
 3.248500e-09  1.243027e-01  3.248500e-09  1.107554e+00  3.248500e-09  1.200000e+00 
 3.249500e-09  1.219104e-01  3.249500e-09  1.109706e+00  3.249500e-09  1.200000e+00 
 3.250500e-09  1.195574e-01  3.250500e-09  1.111816e+00  3.250500e-09  1.200000e+00 
 3.251500e-09  1.172434e-01  3.251500e-09  1.113882e+00  3.251500e-09  1.200000e+00 
 3.252500e-09  1.149677e-01  3.252500e-09  1.115907e+00  3.252500e-09  1.200000e+00 
 3.253500e-09  1.127299e-01  3.253500e-09  1.117890e+00  3.253500e-09  1.200000e+00 
 3.254500e-09  1.105297e-01  3.254500e-09  1.119831e+00  3.254500e-09  1.200000e+00 
 3.255500e-09  1.083664e-01  3.255500e-09  1.121732e+00  3.255500e-09  1.200000e+00 
 3.256500e-09  1.062397e-01  3.256500e-09  1.123593e+00  3.256500e-09  1.200000e+00 
 3.257500e-09  1.041498e-01  3.257500e-09  1.125414e+00  3.257500e-09  1.200000e+00 
 3.258500e-09  1.020970e-01  3.258500e-09  1.127195e+00  3.258500e-09  1.200000e+00 
 3.259500e-09  1.000809e-01  3.259500e-09  1.128936e+00  3.259500e-09  1.200000e+00 
 3.260500e-09  9.810075e-02  3.260500e-09  1.130637e+00  3.260500e-09  1.200000e+00 
 3.261500e-09  9.615595e-02  3.261500e-09  1.132300e+00  3.261500e-09  1.200000e+00 
 3.262500e-09  9.424591e-02  3.262500e-09  1.133925e+00  3.262500e-09  1.200000e+00 
 3.263500e-09  9.237004e-02  3.263500e-09  1.135513e+00  3.263500e-09  1.200000e+00 
 3.264500e-09  9.052781e-02  3.264500e-09  1.137064e+00  3.264500e-09  1.200000e+00 
 3.265500e-09  8.871868e-02  3.265500e-09  1.138580e+00  3.265500e-09  1.200000e+00 
 3.266500e-09  8.694212e-02  3.266500e-09  1.140060e+00  3.266500e-09  1.200000e+00 
 3.267500e-09  8.519764e-02  3.267500e-09  1.141505e+00  3.267500e-09  1.200000e+00 
 3.268500e-09  8.348473e-02  3.268500e-09  1.142917e+00  3.268500e-09  1.200000e+00 
 3.269500e-09  8.180292e-02  3.269500e-09  1.144295e+00  3.269500e-09  1.200000e+00 
 3.270500e-09  8.015172e-02  3.270500e-09  1.145641e+00  3.270500e-09  1.200000e+00 
 3.271500e-09  7.853068e-02  3.271500e-09  1.146956e+00  3.271500e-09  1.200000e+00 
 3.272500e-09  7.693932e-02  3.272500e-09  1.148239e+00  3.272500e-09  1.200000e+00 
 3.273500e-09  7.537721e-02  3.273500e-09  1.149491e+00  3.273500e-09  1.200000e+00 
 3.274500e-09  7.384389e-02  3.274500e-09  1.150714e+00  3.274500e-09  1.200000e+00 
 3.275500e-09  7.233893e-02  3.275500e-09  1.151907e+00  3.275500e-09  1.200000e+00 
 3.276500e-09  7.086189e-02  3.276500e-09  1.153072e+00  3.276500e-09  1.200000e+00 
 3.277500e-09  6.941235e-02  3.277500e-09  1.154209e+00  3.277500e-09  1.200000e+00 
 3.278500e-09  6.798987e-02  3.278500e-09  1.155319e+00  3.278500e-09  1.200000e+00 
 3.279500e-09  6.659405e-02  3.279500e-09  1.156401e+00  3.279500e-09  1.200000e+00 
 3.280500e-09  6.522447e-02  3.280500e-09  1.157458e+00  3.280500e-09  1.200000e+00 
 3.281500e-09  6.388072e-02  3.281500e-09  1.158489e+00  3.281500e-09  1.200000e+00 
 3.282500e-09  6.256240e-02  3.282500e-09  1.159495e+00  3.282500e-09  1.200000e+00 
 3.283500e-09  6.126910e-02  3.283500e-09  1.160477e+00  3.283500e-09  1.200000e+00 
 3.284500e-09  5.999979e-02  3.284500e-09  1.161435e+00  3.284500e-09  1.200000e+00 
 3.285500e-09  5.875409e-02  3.285500e-09  1.162371e+00  3.285500e-09  1.200000e+00 
 3.286500e-09  5.753230e-02  3.286500e-09  1.163283e+00  3.286500e-09  1.200000e+00 
 3.287500e-09  5.633404e-02  3.287500e-09  1.164173e+00  3.287500e-09  1.200000e+00 
 3.288500e-09  5.515893e-02  3.288500e-09  1.165042e+00  3.288500e-09  1.200000e+00 
 3.289500e-09  5.400659e-02  3.289500e-09  1.165889e+00  3.289500e-09  1.200000e+00 
 3.290500e-09  5.287666e-02  3.290500e-09  1.166715e+00  3.290500e-09  1.200000e+00 
 3.291500e-09  5.176876e-02  3.291500e-09  1.167521e+00  3.291500e-09  1.200000e+00 
 3.292500e-09  5.068254e-02  3.292500e-09  1.168308e+00  3.292500e-09  1.200000e+00 
 3.293500e-09  4.961762e-02  3.293500e-09  1.169075e+00  3.293500e-09  1.200000e+00 
 3.294500e-09  4.857365e-02  3.294500e-09  1.169823e+00  3.294500e-09  1.200000e+00 
 3.295500e-09  4.755027e-02  3.295500e-09  1.170553e+00  3.295500e-09  1.200000e+00 
 3.296500e-09  4.654713e-02  3.296500e-09  1.171265e+00  3.296500e-09  1.200000e+00 
 3.297500e-09  4.556389e-02  3.297500e-09  1.171960e+00  3.297500e-09  1.200000e+00 
 3.298500e-09  4.460019e-02  3.298500e-09  1.172638e+00  3.298500e-09  1.200000e+00 
 3.299500e-09  4.365570e-02  3.299500e-09  1.173298e+00  3.299500e-09  1.200000e+00 
 3.300500e-09  4.273008e-02  3.300500e-09  1.173943e+00  3.300500e-09  1.200000e+00 
 3.301500e-09  4.182300e-02  3.301500e-09  1.174572e+00  3.301500e-09  1.200000e+00 
 3.302500e-09  4.093413e-02  3.302500e-09  1.175185e+00  3.302500e-09  1.200000e+00 
 3.303500e-09  4.006315e-02  3.303500e-09  1.175783e+00  3.303500e-09  1.200000e+00 
 3.304500e-09  3.920974e-02  3.304500e-09  1.176367e+00  3.304500e-09  1.200000e+00 
 3.305500e-09  3.837358e-02  3.305500e-09  1.176936e+00  3.305500e-09  1.200000e+00 
 3.306500e-09  3.755436e-02  3.306500e-09  1.177491e+00  3.306500e-09  1.200000e+00 
 3.307500e-09  3.675178e-02  3.307500e-09  1.178033e+00  3.307500e-09  1.200000e+00 
 3.308500e-09  3.596552e-02  3.308500e-09  1.178561e+00  3.308500e-09  1.200000e+00 
 3.309500e-09  3.519530e-02  3.309500e-09  1.179076e+00  3.309500e-09  1.200000e+00 
 3.310500e-09  3.444082e-02  3.310500e-09  1.179579e+00  3.310500e-09  1.200000e+00 
 3.311500e-09  3.370178e-02  3.311500e-09  1.180069e+00  3.311500e-09  1.200000e+00 
 3.312500e-09  3.297790e-02  3.312500e-09  1.180547e+00  3.312500e-09  1.200000e+00 
 3.313500e-09  3.226890e-02  3.313500e-09  1.181013e+00  3.313500e-09  1.200000e+00 
 3.314500e-09  3.157450e-02  3.314500e-09  1.181468e+00  3.314500e-09  1.200000e+00 
 3.315500e-09  3.089443e-02  3.315500e-09  1.181912e+00  3.315500e-09  1.200000e+00 
 3.316500e-09  3.022841e-02  3.316500e-09  1.182345e+00  3.316500e-09  1.200000e+00 
 3.317500e-09  2.957618e-02  3.317500e-09  1.182767e+00  3.317500e-09  1.200000e+00 
 3.318500e-09  2.893747e-02  3.318500e-09  1.183179e+00  3.318500e-09  1.200000e+00 
 3.319500e-09  2.831203e-02  3.319500e-09  1.183581e+00  3.319500e-09  1.200000e+00 
 3.320500e-09  2.769961e-02  3.320500e-09  1.183973e+00  3.320500e-09  1.200000e+00 
 3.321500e-09  2.709995e-02  3.321500e-09  1.184355e+00  3.321500e-09  1.200000e+00 
 3.322500e-09  2.651282e-02  3.322500e-09  1.184729e+00  3.322500e-09  1.200000e+00 
 3.323500e-09  2.593795e-02  3.323500e-09  1.185092e+00  3.323500e-09  1.200000e+00 
 3.324500e-09  2.537513e-02  3.324500e-09  1.185448e+00  3.324500e-09  1.200000e+00 
 3.325500e-09  2.482411e-02  3.325500e-09  1.185794e+00  3.325500e-09  1.200000e+00 
 3.326500e-09  2.428466e-02  3.326500e-09  1.186132e+00  3.326500e-09  1.200000e+00 
 3.327500e-09  2.375656e-02  3.327500e-09  1.186461e+00  3.327500e-09  1.200000e+00 
 3.328500e-09  2.323958e-02  3.328500e-09  1.186783e+00  3.328500e-09  1.200000e+00 
 3.329500e-09  2.273351e-02  3.329500e-09  1.187097e+00  3.329500e-09  1.200000e+00 
 3.330500e-09  2.223812e-02  3.330500e-09  1.187403e+00  3.330500e-09  1.200000e+00 
 3.331500e-09  2.175321e-02  3.331500e-09  1.187702e+00  3.331500e-09  1.200000e+00 
 3.332500e-09  2.127857e-02  3.332500e-09  1.187993e+00  3.332500e-09  1.200000e+00 
 3.333500e-09  2.081399e-02  3.333500e-09  1.188277e+00  3.333500e-09  1.200000e+00 
 3.334500e-09  2.035927e-02  3.334500e-09  1.188555e+00  3.334500e-09  1.200000e+00 
 3.335500e-09  1.991422e-02  3.335500e-09  1.188826e+00  3.335500e-09  1.200000e+00 
 3.336500e-09  1.947864e-02  3.336500e-09  1.189090e+00  3.336500e-09  1.200000e+00 
 3.337500e-09  1.905234e-02  3.337500e-09  1.189347e+00  3.337500e-09  1.200000e+00 
 3.338500e-09  1.863513e-02  3.338500e-09  1.189599e+00  3.338500e-09  1.200000e+00 
 3.339500e-09  1.822683e-02  3.339500e-09  1.189844e+00  3.339500e-09  1.200000e+00 
 3.340500e-09  1.782725e-02  3.340500e-09  1.190084e+00  3.340500e-09  1.200000e+00 
 3.341500e-09  1.743623e-02  3.341500e-09  1.190317e+00  3.341500e-09  1.200000e+00 
 3.342500e-09  1.705358e-02  3.342500e-09  1.190545e+00  3.342500e-09  1.200000e+00 
 3.343500e-09  1.667914e-02  3.343500e-09  1.190768e+00  3.343500e-09  1.200000e+00 
 3.344500e-09  1.631273e-02  3.344500e-09  1.190985e+00  3.344500e-09  1.200000e+00 
 3.345500e-09  1.595420e-02  3.345500e-09  1.191197e+00  3.345500e-09  1.200000e+00 
 3.346500e-09  1.560337e-02  3.346500e-09  1.191404e+00  3.346500e-09  1.200000e+00 
 3.347500e-09  1.526010e-02  3.347500e-09  1.191606e+00  3.347500e-09  1.200000e+00 
 3.348500e-09  1.492422e-02  3.348500e-09  1.191803e+00  3.348500e-09  1.200000e+00 
 3.349500e-09  1.459559e-02  3.349500e-09  1.191995e+00  3.349500e-09  1.200000e+00 
 3.350500e-09  1.427405e-02  3.350500e-09  1.192182e+00  3.350500e-09  1.200000e+00 
 3.351500e-09  1.395946e-02  3.351500e-09  1.192366e+00  3.351500e-09  1.200000e+00 
 3.352500e-09  1.365167e-02  3.352500e-09  1.192544e+00  3.352500e-09  1.200000e+00 
 3.353500e-09  1.335053e-02  3.353500e-09  1.192719e+00  3.353500e-09  1.200000e+00 
 3.354500e-09  1.305592e-02  3.354500e-09  1.192889e+00  3.354500e-09  1.200000e+00 
 3.355500e-09  1.276770e-02  3.355500e-09  1.193055e+00  3.355500e-09  1.200000e+00 
 3.356500e-09  1.248572e-02  3.356500e-09  1.193218e+00  3.356500e-09  1.200000e+00 
 3.357500e-09  1.220987e-02  3.357500e-09  1.193376e+00  3.357500e-09  1.200000e+00 
 3.358500e-09  1.194001e-02  3.358500e-09  1.193530e+00  3.358500e-09  1.200000e+00 
 3.359500e-09  1.167602e-02  3.359500e-09  1.193681e+00  3.359500e-09  1.200000e+00 
 3.360500e-09  1.141776e-02  3.360500e-09  1.193829e+00  3.360500e-09  1.200000e+00 
 3.361500e-09  1.116514e-02  3.361500e-09  1.193972e+00  3.361500e-09  1.200000e+00 
 3.362500e-09  1.091801e-02  3.362500e-09  1.194113e+00  3.362500e-09  1.200000e+00 
 3.363500e-09  1.067627e-02  3.363500e-09  1.194250e+00  3.363500e-09  1.200000e+00 
 3.364500e-09  1.043981e-02  3.364500e-09  1.194383e+00  3.364500e-09  1.200000e+00 
 3.365500e-09  1.020850e-02  3.365500e-09  1.194514e+00  3.365500e-09  1.200000e+00 
 3.366500e-09  9.982250e-03  3.366500e-09  1.194642e+00  3.366500e-09  1.200000e+00 
 3.367500e-09  9.760943e-03  3.367500e-09  1.194766e+00  3.367500e-09  1.200000e+00 
 3.368500e-09  9.544476e-03  3.368500e-09  1.194888e+00  3.368500e-09  1.200000e+00 
 3.369500e-09  9.332745e-03  3.369500e-09  1.195006e+00  3.369500e-09  1.200000e+00 
 3.370500e-09  9.125649e-03  3.370500e-09  1.195122e+00  3.370500e-09  1.200000e+00 
 3.371500e-09  8.923090e-03  3.371500e-09  1.195235e+00  3.371500e-09  1.200000e+00 
 3.372500e-09  8.724971e-03  3.372500e-09  1.195345e+00  3.372500e-09  1.200000e+00 
 3.373500e-09  8.531197e-03  3.373500e-09  1.195453e+00  3.373500e-09  1.200000e+00 
 3.374500e-09  8.341675e-03  3.374500e-09  1.195558e+00  3.374500e-09  1.200000e+00 
 3.375500e-09  8.156313e-03  3.375500e-09  1.195661e+00  3.375500e-09  1.200000e+00 
 3.376500e-09  7.975023e-03  3.376500e-09  1.195762e+00  3.376500e-09  1.200000e+00 
 3.377500e-09  7.797717e-03  3.377500e-09  1.195860e+00  3.377500e-09  1.200000e+00 
 3.378500e-09  7.624309e-03  3.378500e-09  1.195955e+00  3.378500e-09  1.200000e+00 
 3.379500e-09  7.454715e-03  3.379500e-09  1.196049e+00  3.379500e-09  1.200000e+00 
 3.380500e-09  7.288854e-03  3.380500e-09  1.196140e+00  3.380500e-09  1.200000e+00 
 3.381500e-09  7.126645e-03  3.381500e-09  1.196229e+00  3.381500e-09  1.200000e+00 
 3.382500e-09  6.968009e-03  3.382500e-09  1.196316e+00  3.382500e-09  1.200000e+00 
 3.383500e-09  6.812869e-03  3.383500e-09  1.196401e+00  3.383500e-09  1.200000e+00 
 3.384500e-09  6.661149e-03  3.384500e-09  1.196484e+00  3.384500e-09  1.200000e+00 
 3.385500e-09  6.512776e-03  3.385500e-09  1.196565e+00  3.385500e-09  1.200000e+00 
 3.386500e-09  6.367677e-03  3.386500e-09  1.196644e+00  3.386500e-09  1.200000e+00 
 3.387500e-09  6.225780e-03  3.387500e-09  1.196721e+00  3.387500e-09  1.200000e+00 
 3.388500e-09  6.087018e-03  3.388500e-09  1.196797e+00  3.388500e-09  1.200000e+00 
 3.389500e-09  5.951320e-03  3.389500e-09  1.196870e+00  3.389500e-09  1.200000e+00 
 3.390500e-09  5.818622e-03  3.390500e-09  1.196942e+00  3.390500e-09  1.200000e+00 
 3.391500e-09  5.688858e-03  3.391500e-09  1.197013e+00  3.391500e-09  1.200000e+00 
 3.392500e-09  5.561963e-03  3.392500e-09  1.197081e+00  3.392500e-09  1.200000e+00 
 3.393500e-09  5.437877e-03  3.393500e-09  1.197148e+00  3.393500e-09  1.200000e+00 
 3.394500e-09  5.316536e-03  3.394500e-09  1.197214e+00  3.394500e-09  1.200000e+00 
 3.395500e-09  5.197882e-03  3.395500e-09  1.197278e+00  3.395500e-09  1.200000e+00 
 3.396500e-09  5.081856e-03  3.396500e-09  1.197340e+00  3.396500e-09  1.200000e+00 
 3.397500e-09  4.968401e-03  3.397500e-09  1.197401e+00  3.397500e-09  1.200000e+00 
 3.398500e-09  4.857460e-03  3.398500e-09  1.197461e+00  3.398500e-09  1.200000e+00 
 3.399500e-09  4.748978e-03  3.399500e-09  1.197519e+00  3.399500e-09  1.200000e+00 
 3.400500e-09  4.642903e-03  3.400500e-09  1.197576e+00  3.400500e-09  1.200000e+00 
 3.401500e-09  4.539180e-03  3.401500e-09  1.197632e+00  3.401500e-09  1.200000e+00 
 3.402500e-09  4.437759e-03  3.402500e-09  1.197686e+00  3.402500e-09  1.200000e+00 
 3.403500e-09  4.338589e-03  3.403500e-09  1.197739e+00  3.403500e-09  1.200000e+00 
 3.404500e-09  4.241621e-03  3.404500e-09  1.197791e+00  3.404500e-09  1.200000e+00 
 3.405500e-09  4.146807e-03  3.405500e-09  1.197841e+00  3.405500e-09  1.200000e+00 
 3.406500e-09  4.054099e-03  3.406500e-09  1.197891e+00  3.406500e-09  1.200000e+00 
 3.407500e-09  3.963451e-03  3.407500e-09  1.197939e+00  3.407500e-09  1.200000e+00 
 3.408500e-09  3.874817e-03  3.408500e-09  1.197986e+00  3.408500e-09  1.200000e+00 
 3.409500e-09  3.788155e-03  3.409500e-09  1.198032e+00  3.409500e-09  1.200000e+00 
 3.410500e-09  3.703419e-03  3.410500e-09  1.198077e+00  3.410500e-09  1.200000e+00 
 3.411500e-09  3.620569e-03  3.411500e-09  1.198121e+00  3.411500e-09  1.200000e+00 
 3.412500e-09  3.539561e-03  3.412500e-09  1.198164e+00  3.412500e-09  1.200000e+00 
 3.413500e-09  3.460357e-03  3.413500e-09  1.198206e+00  3.413500e-09  1.200000e+00 
 3.414500e-09  3.382916e-03  3.414500e-09  1.198247e+00  3.414500e-09  1.200000e+00 
 3.415500e-09  3.307198e-03  3.415500e-09  1.198287e+00  3.415500e-09  1.200000e+00 
 3.416500e-09  3.233168e-03  3.416500e-09  1.198326e+00  3.416500e-09  1.200000e+00 
 3.417500e-09  3.160786e-03  3.417500e-09  1.198364e+00  3.417500e-09  1.200000e+00 
 3.418500e-09  3.090016e-03  3.418500e-09  1.198401e+00  3.418500e-09  1.200000e+00 
 3.419500e-09  3.020824e-03  3.419500e-09  1.198438e+00  3.419500e-09  1.200000e+00 
 3.420500e-09  2.953174e-03  3.420500e-09  1.198473e+00  3.420500e-09  1.200000e+00 
 3.421500e-09  2.887032e-03  3.421500e-09  1.198508e+00  3.421500e-09  1.200000e+00 
 3.422500e-09  2.822365e-03  3.422500e-09  1.198542e+00  3.422500e-09  1.200000e+00 
 3.423500e-09  2.759140e-03  3.423500e-09  1.198575e+00  3.423500e-09  1.200000e+00 
 3.424500e-09  2.697326e-03  3.424500e-09  1.198608e+00  3.424500e-09  1.200000e+00 
 3.425500e-09  2.636890e-03  3.425500e-09  1.198639e+00  3.425500e-09  1.200000e+00 
 3.426500e-09  2.577803e-03  3.426500e-09  1.198670e+00  3.426500e-09  1.200000e+00 
 3.427500e-09  2.520035e-03  3.427500e-09  1.198701e+00  3.427500e-09  1.200000e+00 
 3.428500e-09  2.463556e-03  3.428500e-09  1.198730e+00  3.428500e-09  1.200000e+00 
 3.429500e-09  2.408339e-03  3.429500e-09  1.198759e+00  3.429500e-09  1.200000e+00 
 3.430500e-09  2.354354e-03  3.430500e-09  1.198787e+00  3.430500e-09  1.200000e+00 
 3.431500e-09  2.301575e-03  3.431500e-09  1.198815e+00  3.431500e-09  1.200000e+00 
 3.432500e-09  2.249975e-03  3.432500e-09  1.198842e+00  3.432500e-09  1.200000e+00 
 3.433500e-09  2.199527e-03  3.433500e-09  1.198868e+00  3.433500e-09  1.200000e+00 
 3.434500e-09  2.150207e-03  3.434500e-09  1.198894e+00  3.434500e-09  1.200000e+00 
 3.435500e-09  2.101989e-03  3.435500e-09  1.198919e+00  3.435500e-09  1.200000e+00 
 3.436500e-09  2.054849e-03  3.436500e-09  1.198944e+00  3.436500e-09  1.200000e+00 
 3.437500e-09  2.008763e-03  3.437500e-09  1.198968e+00  3.437500e-09  1.200000e+00 
 3.438500e-09  1.963707e-03  3.438500e-09  1.198991e+00  3.438500e-09  1.200000e+00 
 3.439500e-09  1.919658e-03  3.439500e-09  1.199014e+00  3.439500e-09  1.200000e+00 
 3.440500e-09  1.876594e-03  3.440500e-09  1.199036e+00  3.440500e-09  1.200000e+00 
 3.441500e-09  1.834494e-03  3.441500e-09  1.199058e+00  3.441500e-09  1.200000e+00 
 3.442500e-09  1.793335e-03  3.442500e-09  1.199080e+00  3.442500e-09  1.200000e+00 
 3.443500e-09  1.753097e-03  3.443500e-09  1.199101e+00  3.443500e-09  1.200000e+00 
 3.444500e-09  1.713760e-03  3.444500e-09  1.199121e+00  3.444500e-09  1.200000e+00 
 3.445500e-09  1.675302e-03  3.445500e-09  1.199141e+00  3.445500e-09  1.200000e+00 
 3.446500e-09  1.637706e-03  3.446500e-09  1.199160e+00  3.446500e-09  1.200000e+00 
 3.447500e-09  1.600951e-03  3.447500e-09  1.199179e+00  3.447500e-09  1.200000e+00 
 3.448500e-09  1.565018e-03  3.448500e-09  1.199198e+00  3.448500e-09  1.200000e+00 
 3.449500e-09  1.529891e-03  3.449500e-09  1.199216e+00  3.449500e-09  1.200000e+00 
 3.450500e-09  1.495549e-03  3.450500e-09  1.199234e+00  3.450500e-09  1.200000e+00 
 3.451500e-09  1.461977e-03  3.451500e-09  1.199251e+00  3.451500e-09  1.200000e+00 
 3.452500e-09  1.429156e-03  3.452500e-09  1.199268e+00  3.452500e-09  1.200000e+00 
 3.453500e-09  1.397071e-03  3.453500e-09  1.199285e+00  3.453500e-09  1.200000e+00 
 3.454500e-09  1.365704e-03  3.454500e-09  1.199301e+00  3.454500e-09  1.200000e+00 
 3.455500e-09  1.335040e-03  3.455500e-09  1.199317e+00  3.455500e-09  1.200000e+00 
 3.456500e-09  1.305063e-03  3.456500e-09  1.199332e+00  3.456500e-09  1.200000e+00 
 3.457500e-09  1.275758e-03  3.457500e-09  1.199348e+00  3.457500e-09  1.200000e+00 
 3.458500e-09  1.247109e-03  3.458500e-09  1.199362e+00  3.458500e-09  1.200000e+00 
 3.459500e-09  1.219103e-03  3.459500e-09  1.199377e+00  3.459500e-09  1.200000e+00 
 3.460500e-09  1.191724e-03  3.460500e-09  1.199391e+00  3.460500e-09  1.200000e+00 
 3.461500e-09  1.164959e-03  3.461500e-09  1.199405e+00  3.461500e-09  1.200000e+00 
 3.462500e-09  1.138793e-03  3.462500e-09  1.199418e+00  3.462500e-09  1.200000e+00 
 3.463500e-09  1.113215e-03  3.463500e-09  1.199431e+00  3.463500e-09  1.200000e+00 
 3.464500e-09  1.088209e-03  3.464500e-09  1.199444e+00  3.464500e-09  1.200000e+00 
 3.465500e-09  1.063765e-03  3.465500e-09  1.199457e+00  3.465500e-09  1.200000e+00 
 3.466500e-09  1.039868e-03  3.466500e-09  1.199469e+00  3.466500e-09  1.200000e+00 
 3.467500e-09  1.016508e-03  3.467500e-09  1.199481e+00  3.467500e-09  1.200000e+00 
 3.468500e-09  9.936713e-04  3.468500e-09  1.199493e+00  3.468500e-09  1.200000e+00 
 3.469500e-09  9.713469e-04  3.469500e-09  1.199504e+00  3.469500e-09  1.200000e+00 
 3.470500e-09  9.495232e-04  3.470500e-09  1.199515e+00  3.470500e-09  1.200000e+00 
 3.471500e-09  9.281891e-04  3.471500e-09  1.199526e+00  3.471500e-09  1.200000e+00 
 3.472500e-09  9.073335e-04  3.472500e-09  1.199537e+00  3.472500e-09  1.200000e+00 
 3.473500e-09  8.869459e-04  3.473500e-09  1.199548e+00  3.473500e-09  1.200000e+00 
 3.474500e-09  8.670157e-04  3.474500e-09  1.199558e+00  3.474500e-09  1.200000e+00 
 3.475500e-09  8.475326e-04  3.475500e-09  1.199568e+00  3.475500e-09  1.200000e+00 
 3.476500e-09  8.284868e-04  3.476500e-09  1.199578e+00  3.476500e-09  1.200000e+00 
 3.477500e-09  8.098684e-04  3.477500e-09  1.199587e+00  3.477500e-09  1.200000e+00 
 3.478500e-09  7.916678e-04  3.478500e-09  1.199596e+00  3.478500e-09  1.200000e+00 
 3.479500e-09  7.738757e-04  3.479500e-09  1.199606e+00  3.479500e-09  1.200000e+00 
 3.480500e-09  7.564829e-04  3.480500e-09  1.199614e+00  3.480500e-09  1.200000e+00 
 3.481500e-09  7.394806e-04  3.481500e-09  1.199623e+00  3.481500e-09  1.200000e+00 
 3.482500e-09  7.228598e-04  3.482500e-09  1.199632e+00  3.482500e-09  1.200000e+00 
 3.483500e-09  7.066122e-04  3.483500e-09  1.199640e+00  3.483500e-09  1.200000e+00 
 3.484500e-09  6.907294e-04  3.484500e-09  1.199648e+00  3.484500e-09  1.200000e+00 
 3.485500e-09  6.752032e-04  3.485500e-09  1.199656e+00  3.485500e-09  1.200000e+00 
 3.486500e-09  6.600255e-04  3.486500e-09  1.199664e+00  3.486500e-09  1.200000e+00 
 3.487500e-09  6.451886e-04  3.487500e-09  1.199671e+00  3.487500e-09  1.200000e+00 
 3.488500e-09  6.306849e-04  3.488500e-09  1.199679e+00  3.488500e-09  1.200000e+00 
 3.489500e-09  6.165069e-04  3.489500e-09  1.199686e+00  3.489500e-09  1.200000e+00 
 3.490500e-09  6.026473e-04  3.490500e-09  1.199693e+00  3.490500e-09  1.200000e+00 
 3.491500e-09  5.890989e-04  3.491500e-09  1.199700e+00  3.491500e-09  1.200000e+00 
 3.492500e-09  5.758548e-04  3.492500e-09  1.199707e+00  3.492500e-09  1.200000e+00 
 3.493500e-09  5.629081e-04  3.493500e-09  1.199714e+00  3.493500e-09  1.200000e+00 
 3.494500e-09  5.502523e-04  3.494500e-09  1.199720e+00  3.494500e-09  1.200000e+00 
 3.495500e-09  5.378807e-04  3.495500e-09  1.199726e+00  3.495500e-09  1.200000e+00 
 3.496500e-09  5.257870e-04  3.496500e-09  1.199733e+00  3.496500e-09  1.200000e+00 
 3.497500e-09  5.139650e-04  3.497500e-09  1.199739e+00  3.497500e-09  1.200000e+00 
 3.498500e-09  5.024086e-04  3.498500e-09  1.199744e+00  3.498500e-09  1.200000e+00 
 3.499500e-09  4.911117e-04  3.499500e-09  1.199750e+00  3.499500e-09  1.200000e+00 
 3.500000e-09  4.855590e-04  3.500000e-09  1.199753e+00  3.500000e-09  1.200000e+00 
 3.500100e-09  4.842585e-04  3.500100e-09  1.199753e+00  3.500100e-09  1.197600e+00 
 3.500300e-09  4.812031e-04  3.500300e-09  1.199752e+00  3.500300e-09  1.192800e+00 
 3.500700e-09  4.717073e-04  3.500700e-09  1.199744e+00  3.500700e-09  1.183200e+00 
 3.501500e-09  4.338663e-04  3.501500e-09  1.199705e+00  3.501500e-09  1.164000e+00 
 3.502500e-09  3.414724e-04  3.502500e-09  1.199621e+00  3.502500e-09  1.140000e+00 
 3.503500e-09  1.834314e-04  3.503500e-09  1.199480e+00  3.503500e-09  1.116000e+00 
 3.504500e-09 -6.181951e-05  3.504500e-09  1.199227e+00  3.504500e-09  1.092000e+00 
 3.505500e-09 -4.021328e-04  3.505500e-09  1.198831e+00  3.505500e-09  1.068000e+00 
 3.506500e-09 -8.298779e-04  3.506500e-09  1.198307e+00  3.506500e-09  1.044000e+00 
 3.507500e-09 -1.336379e-03  3.507500e-09  1.197668e+00  3.507500e-09  1.020000e+00 
 3.508500e-09 -1.912697e-03  3.508500e-09  1.196927e+00  3.508500e-09  9.960000e-01 
 3.509500e-09 -2.550066e-03  3.509500e-09  1.196094e+00  3.509500e-09  9.720000e-01 
 3.510500e-09 -3.240155e-03  3.510500e-09  1.195181e+00  3.510500e-09  9.480000e-01 
 3.511500e-09 -3.975194e-03  3.511500e-09  1.194200e+00  3.511500e-09  9.240000e-01 
 3.512500e-09 -4.748015e-03  3.512500e-09  1.193161e+00  3.512500e-09  9.000000e-01 
 3.513500e-09 -5.552048e-03  3.513500e-09  1.192077e+00  3.513500e-09  8.760000e-01 
 3.514500e-09 -6.381277e-03  3.514500e-09  1.190959e+00  3.514500e-09  8.520000e-01 
 3.515500e-09 -7.230198e-03  3.515500e-09  1.189818e+00  3.515500e-09  8.280000e-01 
 3.516500e-09 -8.093764e-03  3.516500e-09  1.188668e+00  3.516500e-09  8.040000e-01 
 3.517500e-09 -8.953028e-03  3.517500e-09  1.187562e+00  3.517500e-09  7.800000e-01 
 3.518500e-09 -9.819772e-03  3.518500e-09  1.186425e+00  3.518500e-09  7.560000e-01 
 3.519500e-09 -1.069347e-02  3.519500e-09  1.185206e+00  3.519500e-09  7.320000e-01 
 3.520500e-09 -1.153228e-02  3.520500e-09  1.184003e+00  3.520500e-09  7.080000e-01 
 3.521500e-09 -1.231539e-02  3.521500e-09  1.182847e+00  3.521500e-09  6.840000e-01 
 3.522500e-09 -1.302952e-02  3.522500e-09  1.181751e+00  3.522500e-09  6.600000e-01 
 3.523500e-09 -1.366410e-02  3.523500e-09  1.180721e+00  3.523500e-09  6.360000e-01 
 3.524500e-09 -1.421015e-02  3.524500e-09  1.179760e+00  3.524500e-09  6.120000e-01 
 3.525500e-09 -1.465984e-02  3.525500e-09  1.178870e+00  3.525500e-09  5.880000e-01 
 3.526500e-09 -1.500627e-02  3.526500e-09  1.178053e+00  3.526500e-09  5.640000e-01 
 3.527500e-09 -1.524333e-02  3.527500e-09  1.177309e+00  3.527500e-09  5.400000e-01 
 3.528500e-09 -1.536562e-02  3.528500e-09  1.176636e+00  3.528500e-09  5.160000e-01 
 3.529500e-09 -1.536848e-02  3.529500e-09  1.176035e+00  3.529500e-09  4.920000e-01 
 3.530500e-09 -1.524798e-02  3.530500e-09  1.175503e+00  3.530500e-09  4.680000e-01 
 3.531500e-09 -1.500108e-02  3.531500e-09  1.175039e+00  3.531500e-09  4.440000e-01 
 3.532500e-09 -1.462583e-02  3.532500e-09  1.174640e+00  3.532500e-09  4.200000e-01 
 3.533500e-09 -1.412193e-02  3.533500e-09  1.174301e+00  3.533500e-09  3.960000e-01 
 3.534500e-09 -1.349025e-02  3.534500e-09  1.174018e+00  3.534500e-09  3.720000e-01 
 3.535500e-09 -1.273109e-02  3.535500e-09  1.173790e+00  3.535500e-09  3.480000e-01 
 3.536500e-09 -1.184236e-02  3.536500e-09  1.173619e+00  3.536500e-09  3.240000e-01 
 3.537500e-09 -1.081838e-02  3.537500e-09  1.173506e+00  3.537500e-09  3.000000e-01 
 3.538500e-09 -9.649345e-03  3.538500e-09  1.173459e+00  3.538500e-09  2.760000e-01 
 3.539500e-09 -8.322042e-03  3.539500e-09  1.173482e+00  3.539500e-09  2.520000e-01 
 3.540500e-09 -6.821134e-03  3.540500e-09  1.173580e+00  3.540500e-09  2.280000e-01 
 3.541500e-09 -5.130117e-03  3.541500e-09  1.173755e+00  3.541500e-09  2.040000e-01 
 3.542500e-09 -3.231960e-03  3.542500e-09  1.174011e+00  3.542500e-09  1.800000e-01 
 3.543500e-09 -1.109515e-03  3.543500e-09  1.174349e+00  3.543500e-09  1.560000e-01 
 3.544500e-09  1.254237e-03  3.544500e-09  1.174770e+00  3.544500e-09  1.320000e-01 
 3.545500e-09  3.876058e-03  3.545500e-09  1.175276e+00  3.545500e-09  1.080000e-01 
 3.546500e-09  6.769841e-03  3.546500e-09  1.175866e+00  3.546500e-09  8.400000e-02 
 3.547500e-09  9.947565e-03  3.547500e-09  1.176539e+00  3.547500e-09  6.000000e-02 
 3.548500e-09  1.342374e-02  3.548500e-09  1.177295e+00  3.548500e-09  3.600000e-02 
 3.549500e-09  1.721440e-02  3.549500e-09  1.178134e+00  3.549500e-09  1.200000e-02 
 3.550000e-09  1.923208e-02  3.550000e-09  1.178585e+00  3.550000e-09  1.776357e-15 
 3.550100e-09  1.969305e-02  3.550100e-09  1.178849e+00  3.550100e-09  0.000000e+00 
 3.550300e-09  2.060837e-02  3.550300e-09  1.179372e+00  3.550300e-09  0.000000e+00 
 3.550700e-09  2.240102e-02  3.550700e-09  1.180395e+00  3.550700e-09  0.000000e+00 
 3.551500e-09  2.584830e-02  3.551500e-09  1.182347e+00  3.551500e-09  0.000000e+00 
 3.552500e-09  2.993027e-02  3.552500e-09  1.184621e+00  3.552500e-09  0.000000e+00 
 3.553500e-09  3.379767e-02  3.553500e-09  1.186726e+00  3.553500e-09  0.000000e+00 
 3.554500e-09  3.748412e-02  3.554500e-09  1.188674e+00  3.554500e-09  0.000000e+00 
 3.555500e-09  4.101620e-02  3.555500e-09  1.190480e+00  3.555500e-09  0.000000e+00 
 3.556500e-09  4.441534e-02  3.556500e-09  1.192156e+00  3.556500e-09  0.000000e+00 
 3.557500e-09  4.769904e-02  3.557500e-09  1.193711e+00  3.557500e-09  0.000000e+00 
 3.558500e-09  5.088124e-02  3.558500e-09  1.195157e+00  3.558500e-09  0.000000e+00 
 3.559500e-09  5.397403e-02  3.559500e-09  1.196502e+00  3.559500e-09  0.000000e+00 
 3.560500e-09  5.698834e-02  3.560500e-09  1.197754e+00  3.560500e-09  0.000000e+00 
 3.561500e-09  5.993330e-02  3.561500e-09  1.198920e+00  3.561500e-09  0.000000e+00 
 3.562500e-09  6.281755e-02  3.562500e-09  1.200007e+00  3.562500e-09  0.000000e+00 
 3.563500e-09  6.564810e-02  3.563500e-09  1.201021e+00  3.563500e-09  0.000000e+00 
 3.564500e-09  6.843039e-02  3.564500e-09  1.201969e+00  3.564500e-09  0.000000e+00 
 3.565500e-09  7.116972e-02  3.565500e-09  1.202855e+00  3.565500e-09  0.000000e+00 
 3.566500e-09  7.387083e-02  3.566500e-09  1.203684e+00  3.566500e-09  0.000000e+00 
 3.567500e-09  7.653797e-02  3.567500e-09  1.204461e+00  3.567500e-09  0.000000e+00 
 3.568500e-09  7.917498e-02  3.568500e-09  1.205189e+00  3.568500e-09  0.000000e+00 
 3.569500e-09  8.178531e-02  3.569500e-09  1.205873e+00  3.569500e-09  0.000000e+00 
 3.570500e-09  8.437207e-02  3.570500e-09  1.206514e+00  3.570500e-09  0.000000e+00 
 3.571500e-09  8.693810e-02  3.571500e-09  1.207118e+00  3.571500e-09  0.000000e+00 
 3.572500e-09  8.948597e-02  3.572500e-09  1.207686e+00  3.572500e-09  0.000000e+00 
 3.573500e-09  9.201801e-02  3.573500e-09  1.208221e+00  3.573500e-09  0.000000e+00 
 3.574500e-09  9.453636e-02  3.574500e-09  1.208726e+00  3.574500e-09  0.000000e+00 
 3.575500e-09  9.704294e-02  3.575500e-09  1.209203e+00  3.575500e-09  0.000000e+00 
 3.576500e-09  9.953954e-02  3.576500e-09  1.209653e+00  3.576500e-09  0.000000e+00 
 3.577500e-09  1.020278e-01  3.577500e-09  1.210080e+00  3.577500e-09  0.000000e+00 
 3.578500e-09  1.045092e-01  3.578500e-09  1.210484e+00  3.578500e-09  0.000000e+00 
 3.579500e-09  1.069851e-01  3.579500e-09  1.210867e+00  3.579500e-09  0.000000e+00 
 3.580500e-09  1.094568e-01  3.580500e-09  1.211231e+00  3.580500e-09  0.000000e+00 
 3.581500e-09  1.119254e-01  3.581500e-09  1.211577e+00  3.581500e-09  0.000000e+00 
 3.582500e-09  1.143921e-01  3.582500e-09  1.211907e+00  3.582500e-09  0.000000e+00 
 3.583500e-09  1.168578e-01  3.583500e-09  1.212222e+00  3.583500e-09  0.000000e+00 
 3.584500e-09  1.193234e-01  3.584500e-09  1.212523e+00  3.584500e-09  0.000000e+00 
 3.585500e-09  1.217900e-01  3.585500e-09  1.212810e+00  3.585500e-09  0.000000e+00 
 3.586500e-09  1.242582e-01  3.586500e-09  1.213086e+00  3.586500e-09  0.000000e+00 
 3.587500e-09  1.267289e-01  3.587500e-09  1.213350e+00  3.587500e-09  0.000000e+00 
 3.588500e-09  1.292027e-01  3.588500e-09  1.213605e+00  3.588500e-09  0.000000e+00 
 3.589500e-09  1.316804e-01  3.589500e-09  1.213849e+00  3.589500e-09  0.000000e+00 
 3.590500e-09  1.341626e-01  3.590500e-09  1.214085e+00  3.590500e-09  0.000000e+00 
 3.591500e-09  1.366500e-01  3.591500e-09  1.214313e+00  3.591500e-09  0.000000e+00 
 3.592500e-09  1.391431e-01  3.592500e-09  1.214534e+00  3.592500e-09  0.000000e+00 
 3.593500e-09  1.416426e-01  3.593500e-09  1.214748e+00  3.593500e-09  0.000000e+00 
 3.594500e-09  1.441490e-01  3.594500e-09  1.214956e+00  3.594500e-09  0.000000e+00 
 3.595500e-09  1.466629e-01  3.595500e-09  1.215158e+00  3.595500e-09  0.000000e+00 
 3.596500e-09  1.491848e-01  3.596500e-09  1.215355e+00  3.596500e-09  0.000000e+00 
 3.597500e-09  1.517153e-01  3.597500e-09  1.215548e+00  3.597500e-09  0.000000e+00 
 3.598500e-09  1.542550e-01  3.598500e-09  1.215737e+00  3.598500e-09  0.000000e+00 
 3.599500e-09  1.568043e-01  3.599500e-09  1.215922e+00  3.599500e-09  0.000000e+00 
 3.600500e-09  1.593638e-01  3.600500e-09  1.216104e+00  3.600500e-09  0.000000e+00 
 3.601500e-09  1.619340e-01  3.601500e-09  1.216283e+00  3.601500e-09  0.000000e+00 
 3.602500e-09  1.645156e-01  3.602500e-09  1.216460e+00  3.602500e-09  0.000000e+00 
 3.603500e-09  1.671091e-01  3.603500e-09  1.216635e+00  3.603500e-09  0.000000e+00 
 3.604500e-09  1.697151e-01  3.604500e-09  1.216809e+00  3.604500e-09  0.000000e+00 
 3.605500e-09  1.723342e-01  3.605500e-09  1.216981e+00  3.605500e-09  0.000000e+00 
 3.606500e-09  1.749669e-01  3.606500e-09  1.217153e+00  3.606500e-09  0.000000e+00 
 3.607500e-09  1.776141e-01  3.607500e-09  1.217324e+00  3.607500e-09  0.000000e+00 
 3.608500e-09  1.802764e-01  3.608500e-09  1.217495e+00  3.608500e-09  0.000000e+00 
 3.609500e-09  1.829544e-01  3.609500e-09  1.217666e+00  3.609500e-09  0.000000e+00 
 3.610500e-09  1.856490e-01  3.610500e-09  1.217839e+00  3.610500e-09  0.000000e+00 
 3.611500e-09  1.883610e-01  3.611500e-09  1.218012e+00  3.611500e-09  0.000000e+00 
 3.612500e-09  1.910912e-01  3.612500e-09  1.218187e+00  3.612500e-09  0.000000e+00 
 3.613500e-09  1.938406e-01  3.613500e-09  1.218363e+00  3.613500e-09  0.000000e+00 
 3.614500e-09  1.966102e-01  3.614500e-09  1.218542e+00  3.614500e-09  0.000000e+00 
 3.615500e-09  1.994010e-01  3.615500e-09  1.218724e+00  3.615500e-09  0.000000e+00 
 3.616500e-09  2.022142e-01  3.616500e-09  1.218910e+00  3.616500e-09  0.000000e+00 
 3.617500e-09  2.050511e-01  3.617500e-09  1.219099e+00  3.617500e-09  0.000000e+00 
 3.618500e-09  2.079131e-01  3.618500e-09  1.219292e+00  3.618500e-09  0.000000e+00 
 3.619500e-09  2.108017e-01  3.619500e-09  1.219490e+00  3.619500e-09  0.000000e+00 
 3.620500e-09  2.137186e-01  3.620500e-09  1.219695e+00  3.620500e-09  0.000000e+00 
 3.621500e-09  2.166658e-01  3.621500e-09  1.219905e+00  3.621500e-09  0.000000e+00 
 3.622500e-09  2.196454e-01  3.622500e-09  1.220124e+00  3.622500e-09  0.000000e+00 
 3.623500e-09  2.226597e-01  3.623500e-09  1.220351e+00  3.623500e-09  0.000000e+00 
 3.624500e-09  2.257117e-01  3.624500e-09  1.220587e+00  3.624500e-09  0.000000e+00 
 3.625500e-09  2.288046e-01  3.625500e-09  1.220835e+00  3.625500e-09  0.000000e+00 
 3.626500e-09  2.319421e-01  3.626500e-09  1.221096e+00  3.626500e-09  0.000000e+00 
 3.627500e-09  2.351291e-01  3.627500e-09  1.221373e+00  3.627500e-09  0.000000e+00 
 3.628500e-09  2.383708e-01  3.628500e-09  1.221668e+00  3.628500e-09  0.000000e+00 
 3.629500e-09  2.416743e-01  3.629500e-09  1.221985e+00  3.629500e-09  0.000000e+00 
 3.630500e-09  2.450481e-01  3.630500e-09  1.222329e+00  3.630500e-09  0.000000e+00 
 3.631500e-09  2.485040e-01  3.631500e-09  1.222708e+00  3.631500e-09  0.000000e+00 
 3.632500e-09  2.520581e-01  3.632500e-09  1.223133e+00  3.632500e-09  0.000000e+00 
 3.633500e-09  2.557347e-01  3.633500e-09  1.223623e+00  3.633500e-09  0.000000e+00 
 3.634500e-09  2.595581e-01  3.634500e-09  1.224186e+00  3.634500e-09  0.000000e+00 
 3.635500e-09  2.635259e-01  3.635500e-09  1.224779e+00  3.635500e-09  0.000000e+00 
 3.636500e-09  2.676171e-01  3.636500e-09  1.225368e+00  3.636500e-09  0.000000e+00 
 3.637500e-09  2.718153e-01  3.637500e-09  1.225953e+00  3.637500e-09  0.000000e+00 
 3.638500e-09  2.761075e-01  3.638500e-09  1.226534e+00  3.638500e-09  0.000000e+00 
 3.639500e-09  2.804834e-01  3.639500e-09  1.227110e+00  3.639500e-09  0.000000e+00 
 3.640500e-09  2.849346e-01  3.640500e-09  1.227683e+00  3.640500e-09  0.000000e+00 
 3.641500e-09  2.894545e-01  3.641500e-09  1.228252e+00  3.641500e-09  0.000000e+00 
 3.642500e-09  2.940375e-01  3.642500e-09  1.228817e+00  3.642500e-09  0.000000e+00 
 3.643500e-09  2.986790e-01  3.643500e-09  1.229377e+00  3.643500e-09  0.000000e+00 
 3.644500e-09  3.033753e-01  3.644500e-09  1.229934e+00  3.644500e-09  0.000000e+00 
 3.645500e-09  3.081232e-01  3.645500e-09  1.230487e+00  3.645500e-09  0.000000e+00 
 3.646500e-09  3.129199e-01  3.646500e-09  1.231036e+00  3.646500e-09  0.000000e+00 
 3.647500e-09  3.177631e-01  3.647500e-09  1.231581e+00  3.647500e-09  0.000000e+00 
 3.648500e-09  3.226507e-01  3.648500e-09  1.232122e+00  3.648500e-09  0.000000e+00 
 3.649500e-09  3.275811e-01  3.649500e-09  1.232660e+00  3.649500e-09  0.000000e+00 
 3.650500e-09  3.325525e-01  3.650500e-09  1.233193e+00  3.650500e-09  0.000000e+00 
 3.651500e-09  3.375637e-01  3.651500e-09  1.233724e+00  3.651500e-09  0.000000e+00 
 3.652500e-09  3.426133e-01  3.652500e-09  1.234251e+00  3.652500e-09  0.000000e+00 
 3.653500e-09  3.477002e-01  3.653500e-09  1.234774e+00  3.653500e-09  0.000000e+00 
 3.654500e-09  3.528235e-01  3.654500e-09  1.235295e+00  3.654500e-09  0.000000e+00 
 3.655500e-09  3.579821e-01  3.655500e-09  1.235812e+00  3.655500e-09  0.000000e+00 
 3.656500e-09  3.631752e-01  3.656500e-09  1.236326e+00  3.656500e-09  0.000000e+00 
 3.657500e-09  3.684020e-01  3.657500e-09  1.236838e+00  3.657500e-09  0.000000e+00 
 3.658500e-09  3.736619e-01  3.658500e-09  1.237347e+00  3.658500e-09  0.000000e+00 
 3.659500e-09  3.789540e-01  3.659500e-09  1.237853e+00  3.659500e-09  0.000000e+00 
 3.660500e-09  3.842780e-01  3.660500e-09  1.238357e+00  3.660500e-09  0.000000e+00 
 3.661500e-09  3.896331e-01  3.661500e-09  1.238858e+00  3.661500e-09  0.000000e+00 
 3.662500e-09  3.950188e-01  3.662500e-09  1.239358e+00  3.662500e-09  0.000000e+00 
 3.663500e-09  4.004344e-01  3.663500e-09  1.239855e+00  3.663500e-09  0.000000e+00 
 3.664500e-09  4.058753e-01  3.664500e-09  1.240349e+00  3.664500e-09  0.000000e+00 
 3.665500e-09  4.113369e-01  3.665500e-09  1.240840e+00  3.665500e-09  0.000000e+00 
 3.666500e-09  4.168184e-01  3.666500e-09  1.241326e+00  3.666500e-09  0.000000e+00 
 3.667500e-09  4.223188e-01  3.667500e-09  1.241808e+00  3.667500e-09  0.000000e+00 
 3.668500e-09  4.278374e-01  3.668500e-09  1.242287e+00  3.668500e-09  0.000000e+00 
 3.669500e-09  4.333733e-01  3.669500e-09  1.242761e+00  3.669500e-09  0.000000e+00 
 3.670500e-09  4.389256e-01  3.670500e-09  1.243232e+00  3.670500e-09  0.000000e+00 
 3.671500e-09  4.444936e-01  3.671500e-09  1.243698e+00  3.671500e-09  0.000000e+00 
 3.672500e-09  4.500763e-01  3.672500e-09  1.244161e+00  3.672500e-09  0.000000e+00 
 3.673500e-09  4.556731e-01  3.673500e-09  1.244620e+00  3.673500e-09  0.000000e+00 
 3.674500e-09  4.612830e-01  3.674500e-09  1.245075e+00  3.674500e-09  0.000000e+00 
 3.675500e-09  4.669054e-01  3.675500e-09  1.245525e+00  3.675500e-09  0.000000e+00 
 3.676500e-09  4.725395e-01  3.676500e-09  1.245972e+00  3.676500e-09  0.000000e+00 
 3.677500e-09  4.781846e-01  3.677500e-09  1.246415e+00  3.677500e-09  0.000000e+00 
 3.678500e-09  4.838399e-01  3.678500e-09  1.246854e+00  3.678500e-09  0.000000e+00 
 3.679500e-09  4.895048e-01  3.679500e-09  1.247290e+00  3.679500e-09  0.000000e+00 
 3.680500e-09  4.951787e-01  3.680500e-09  1.247721e+00  3.680500e-09  0.000000e+00 
 3.681500e-09  5.008607e-01  3.681500e-09  1.248148e+00  3.681500e-09  0.000000e+00 
 3.682500e-09  5.065505e-01  3.682500e-09  1.248572e+00  3.682500e-09  0.000000e+00 
 3.683500e-09  5.122473e-01  3.683500e-09  1.248991e+00  3.683500e-09  0.000000e+00 
 3.684500e-09  5.179507e-01  3.684500e-09  1.249406e+00  3.684500e-09  0.000000e+00 
 3.685500e-09  5.236600e-01  3.685500e-09  1.249818e+00  3.685500e-09  0.000000e+00 
 3.686500e-09  5.293748e-01  3.686500e-09  1.250225e+00  3.686500e-09  0.000000e+00 
 3.687500e-09  5.350946e-01  3.687500e-09  1.250628e+00  3.687500e-09  0.000000e+00 
 3.688500e-09  5.408189e-01  3.688500e-09  1.251027e+00  3.688500e-09  0.000000e+00 
 3.689500e-09  5.465474e-01  3.689500e-09  1.251422e+00  3.689500e-09  0.000000e+00 
 3.690500e-09  5.522793e-01  3.690500e-09  1.251812e+00  3.690500e-09  0.000000e+00 
 3.691500e-09  5.580134e-01  3.691500e-09  1.252195e+00  3.691500e-09  0.000000e+00 
 3.692500e-09  5.637491e-01  3.692500e-09  1.252570e+00  3.692500e-09  0.000000e+00 
 3.693500e-09  5.694860e-01  3.693500e-09  1.252934e+00  3.693500e-09  0.000000e+00 
 3.694500e-09  5.752237e-01  3.694500e-09  1.253284e+00  3.694500e-09  0.000000e+00 
 3.695500e-09  5.809621e-01  3.695500e-09  1.253617e+00  3.695500e-09  0.000000e+00 
 3.696500e-09  5.867009e-01  3.696500e-09  1.253932e+00  3.696500e-09  0.000000e+00 
 3.697500e-09  5.924400e-01  3.697500e-09  1.254227e+00  3.697500e-09  0.000000e+00 
 3.698500e-09  5.981796e-01  3.698500e-09  1.254498e+00  3.698500e-09  0.000000e+00 
 3.699500e-09  6.039196e-01  3.699500e-09  1.254745e+00  3.699500e-09  0.000000e+00 
 3.700500e-09  6.096604e-01  3.700500e-09  1.254965e+00  3.700500e-09  0.000000e+00 
 3.701500e-09  6.154025e-01  3.701500e-09  1.255157e+00  3.701500e-09  0.000000e+00 
 3.702500e-09  6.211463e-01  3.702500e-09  1.255318e+00  3.702500e-09  0.000000e+00 
 3.703500e-09  6.268926e-01  3.703500e-09  1.255446e+00  3.703500e-09  0.000000e+00 
 3.704500e-09  6.326425e-01  3.704500e-09  1.255540e+00  3.704500e-09  0.000000e+00 
 3.705500e-09  6.383970e-01  3.705500e-09  1.255598e+00  3.705500e-09  0.000000e+00 
 3.706500e-09  6.441578e-01  3.706500e-09  1.255618e+00  3.706500e-09  0.000000e+00 
 3.707500e-09  6.499266e-01  3.707500e-09  1.255598e+00  3.707500e-09  0.000000e+00 
 3.708500e-09  6.557056e-01  3.708500e-09  1.255538e+00  3.708500e-09  0.000000e+00 
 3.709500e-09  6.614975e-01  3.709500e-09  1.255434e+00  3.709500e-09  0.000000e+00 
 3.710500e-09  6.673055e-01  3.710500e-09  1.255285e+00  3.710500e-09  0.000000e+00 
 3.711500e-09  6.731337e-01  3.711500e-09  1.255089e+00  3.711500e-09  0.000000e+00 
 3.712500e-09  6.789871e-01  3.712500e-09  1.254843e+00  3.712500e-09  0.000000e+00 
 3.713500e-09  6.848717e-01  3.713500e-09  1.254546e+00  3.713500e-09  0.000000e+00 
 3.714500e-09  6.907955e-01  3.714500e-09  1.254194e+00  3.714500e-09  0.000000e+00 
 3.715500e-09  6.967695e-01  3.715500e-09  1.253783e+00  3.715500e-09  0.000000e+00 
 3.716500e-09  7.028083e-01  3.716500e-09  1.253312e+00  3.716500e-09  0.000000e+00 
 3.717500e-09  7.089327e-01  3.717500e-09  1.252774e+00  3.717500e-09  0.000000e+00 
 3.718500e-09  7.151773e-01  3.718500e-09  1.252168e+00  3.718500e-09  0.000000e+00 
 3.719500e-09  7.216135e-01  3.719500e-09  1.251493e+00  3.719500e-09  0.000000e+00 
 3.720500e-09  7.283069e-01  3.720500e-09  1.250744e+00  3.720500e-09  0.000000e+00 
 3.721500e-09  7.351630e-01  3.721500e-09  1.249936e+00  3.721500e-09  0.000000e+00 
 3.722500e-09  7.420544e-01  3.722500e-09  1.249113e+00  3.722500e-09  0.000000e+00 
 3.723500e-09  7.489539e-01  3.723500e-09  1.248296e+00  3.723500e-09  0.000000e+00 
 3.724500e-09  7.558569e-01  3.724500e-09  1.247486e+00  3.724500e-09  0.000000e+00 
 3.725500e-09  7.627604e-01  3.725500e-09  1.246687e+00  3.725500e-09  0.000000e+00 
 3.726500e-09  7.696625e-01  3.726500e-09  1.245901e+00  3.726500e-09  0.000000e+00 
 3.727500e-09  7.765639e-01  3.727500e-09  1.245133e+00  3.727500e-09  0.000000e+00 
 3.728500e-09  7.834689e-01  3.728500e-09  1.244388e+00  3.728500e-09  0.000000e+00 
 3.729500e-09  7.903890e-01  3.729500e-09  1.243672e+00  3.729500e-09  0.000000e+00 
 3.730500e-09  7.973499e-01  3.730500e-09  1.242996e+00  3.730500e-09  0.000000e+00 
 3.731500e-09  8.044172e-01  3.731500e-09  1.242377e+00  3.731500e-09  0.000000e+00 
 3.732500e-09  8.117225e-01  3.732500e-09  1.241830e+00  3.732500e-09  0.000000e+00 
 3.733500e-09  8.191595e-01  3.733500e-09  1.241318e+00  3.733500e-09  0.000000e+00 
 3.734500e-09  8.265230e-01  3.734500e-09  1.240788e+00  3.734500e-09  0.000000e+00 
 3.735500e-09  8.338096e-01  3.735500e-09  1.240240e+00  3.735500e-09  0.000000e+00 
 3.736500e-09  8.410161e-01  3.736500e-09  1.239672e+00  3.736500e-09  0.000000e+00 
 3.737500e-09  8.481396e-01  3.737500e-09  1.239083e+00  3.737500e-09  0.000000e+00 
 3.738500e-09  8.551803e-01  3.738500e-09  1.238456e+00  3.738500e-09  0.000000e+00 
 3.739500e-09  8.621400e-01  3.739500e-09  1.237777e+00  3.739500e-09  0.000000e+00 
 3.740500e-09  8.690181e-01  3.740500e-09  1.237047e+00  3.740500e-09  0.000000e+00 
 3.741500e-09  8.758141e-01  3.741500e-09  1.236269e+00  3.741500e-09  0.000000e+00 
 3.742500e-09  8.825273e-01  3.742500e-09  1.235446e+00  3.742500e-09  0.000000e+00 
 3.743500e-09  8.891570e-01  3.743500e-09  1.234580e+00  3.743500e-09  0.000000e+00 
 3.744500e-09  8.957028e-01  3.744500e-09  1.233675e+00  3.744500e-09  0.000000e+00 
 3.745500e-09  9.021641e-01  3.745500e-09  1.232733e+00  3.745500e-09  0.000000e+00 
 3.746500e-09  9.085405e-01  3.746500e-09  1.231758e+00  3.746500e-09  0.000000e+00 
 3.747500e-09  9.148315e-01  3.747500e-09  1.230750e+00  3.747500e-09  0.000000e+00 
 3.748500e-09  9.210367e-01  3.748500e-09  1.229714e+00  3.748500e-09  0.000000e+00 
 3.749500e-09  9.271558e-01  3.749500e-09  1.228651e+00  3.749500e-09  0.000000e+00 
 3.750500e-09  9.331885e-01  3.750500e-09  1.227564e+00  3.750500e-09  0.000000e+00 
 3.751500e-09  9.391344e-01  3.751500e-09  1.226456e+00  3.751500e-09  0.000000e+00 
 3.752500e-09  9.449935e-01  3.752500e-09  1.225329e+00  3.752500e-09  0.000000e+00 
 3.753500e-09  9.507374e-01  3.753500e-09  1.224180e+00  3.753500e-09  0.000000e+00 
 3.754500e-09  9.563355e-01  3.754500e-09  1.223008e+00  3.754500e-09  0.000000e+00 
 3.755500e-09  9.617937e-01  3.755500e-09  1.221813e+00  3.755500e-09  0.000000e+00 
 3.756500e-09  9.671282e-01  3.756500e-09  1.220601e+00  3.756500e-09  0.000000e+00 
 3.757500e-09  9.723516e-01  3.757500e-09  1.219374e+00  3.757500e-09  0.000000e+00 
 3.758500e-09  9.774741e-01  3.758500e-09  1.218134e+00  3.758500e-09  0.000000e+00 
 3.759500e-09  9.825033e-01  3.759500e-09  1.216886e+00  3.759500e-09  0.000000e+00 
 3.760500e-09  9.874455e-01  3.760500e-09  1.215632e+00  3.760500e-09  0.000000e+00 
 3.761500e-09  9.923053e-01  3.761500e-09  1.214374e+00  3.761500e-09  0.000000e+00 
 3.762500e-09  9.970863e-01  3.762500e-09  1.213115e+00  3.762500e-09  0.000000e+00 
 3.763500e-09  1.001791e+00  3.763500e-09  1.211857e+00  3.763500e-09  0.000000e+00 
 3.764500e-09  1.006422e+00  3.764500e-09  1.210603e+00  3.764500e-09  0.000000e+00 
 3.765500e-09  1.010981e+00  3.765500e-09  1.209355e+00  3.765500e-09  0.000000e+00 
 3.766500e-09  1.015469e+00  3.766500e-09  1.208115e+00  3.766500e-09  0.000000e+00 
 3.767500e-09  1.019885e+00  3.767500e-09  1.206885e+00  3.767500e-09  0.000000e+00 
 3.768500e-09  1.024232e+00  3.768500e-09  1.205666e+00  3.768500e-09  0.000000e+00 
 3.769500e-09  1.028509e+00  3.769500e-09  1.204460e+00  3.769500e-09  0.000000e+00 
 3.770500e-09  1.032717e+00  3.770500e-09  1.203270e+00  3.770500e-09  0.000000e+00 
 3.771500e-09  1.036854e+00  3.771500e-09  1.202095e+00  3.771500e-09  0.000000e+00 
 3.772500e-09  1.040923e+00  3.772500e-09  1.200939e+00  3.772500e-09  0.000000e+00 
 3.773500e-09  1.044921e+00  3.773500e-09  1.199802e+00  3.773500e-09  0.000000e+00 
 3.774500e-09  1.048847e+00  3.774500e-09  1.198687e+00  3.774500e-09  0.000000e+00 
 3.775500e-09  1.052699e+00  3.775500e-09  1.197596e+00  3.775500e-09  0.000000e+00 
 3.776500e-09  1.056479e+00  3.776500e-09  1.196530e+00  3.776500e-09  0.000000e+00 
 3.777500e-09  1.060185e+00  3.777500e-09  1.195489e+00  3.777500e-09  0.000000e+00 
 3.778500e-09  1.063819e+00  3.778500e-09  1.194475e+00  3.778500e-09  0.000000e+00 
 3.779500e-09  1.067380e+00  3.779500e-09  1.193486e+00  3.779500e-09  0.000000e+00 
 3.780500e-09  1.070869e+00  3.780500e-09  1.192524e+00  3.780500e-09  0.000000e+00 
 3.781500e-09  1.074287e+00  3.781500e-09  1.191589e+00  3.781500e-09  0.000000e+00 
 3.782500e-09  1.077634e+00  3.782500e-09  1.190680e+00  3.782500e-09  0.000000e+00 
 3.783500e-09  1.080910e+00  3.783500e-09  1.189799e+00  3.783500e-09  0.000000e+00 
 3.784500e-09  1.084115e+00  3.784500e-09  1.188946e+00  3.784500e-09  0.000000e+00 
 3.785500e-09  1.087252e+00  3.785500e-09  1.188120e+00  3.785500e-09  0.000000e+00 
 3.786500e-09  1.090319e+00  3.786500e-09  1.187323e+00  3.786500e-09  0.000000e+00 
 3.787500e-09  1.093318e+00  3.787500e-09  1.186553e+00  3.787500e-09  0.000000e+00 
 3.788500e-09  1.096248e+00  3.788500e-09  1.185811e+00  3.788500e-09  0.000000e+00 
 3.789500e-09  1.099112e+00  3.789500e-09  1.185096e+00  3.789500e-09  0.000000e+00 
 3.790500e-09  1.101908e+00  3.790500e-09  1.184410e+00  3.790500e-09  0.000000e+00 
 3.791500e-09  1.104639e+00  3.791500e-09  1.183752e+00  3.791500e-09  0.000000e+00 
 3.792500e-09  1.107305e+00  3.792500e-09  1.183121e+00  3.792500e-09  0.000000e+00 
 3.793500e-09  1.109906e+00  3.793500e-09  1.182518e+00  3.793500e-09  0.000000e+00 
 3.794500e-09  1.112443e+00  3.794500e-09  1.181943e+00  3.794500e-09  0.000000e+00 
 3.795500e-09  1.114917e+00  3.795500e-09  1.181394e+00  3.795500e-09  0.000000e+00 
 3.796500e-09  1.117330e+00  3.796500e-09  1.180872e+00  3.796500e-09  0.000000e+00 
 3.797500e-09  1.119681e+00  3.797500e-09  1.180377e+00  3.797500e-09  0.000000e+00 
 3.798500e-09  1.121971e+00  3.798500e-09  1.179908e+00  3.798500e-09  0.000000e+00 
 3.799500e-09  1.124202e+00  3.799500e-09  1.179465e+00  3.799500e-09  0.000000e+00 
 3.800500e-09  1.126373e+00  3.800500e-09  1.179047e+00  3.800500e-09  0.000000e+00 
 3.801500e-09  1.128483e+00  3.801500e-09  1.178655e+00  3.801500e-09  0.000000e+00 
 3.802500e-09  1.130532e+00  3.802500e-09  1.178289e+00  3.802500e-09  0.000000e+00 
 3.803500e-09  1.132522e+00  3.803500e-09  1.177946e+00  3.803500e-09  0.000000e+00 
 3.804500e-09  1.134455e+00  3.804500e-09  1.177628e+00  3.804500e-09  0.000000e+00 
 3.805500e-09  1.136332e+00  3.805500e-09  1.177333e+00  3.805500e-09  0.000000e+00 
 3.806500e-09  1.138154e+00  3.806500e-09  1.177060e+00  3.806500e-09  0.000000e+00 
 3.807500e-09  1.139924e+00  3.807500e-09  1.176809e+00  3.807500e-09  0.000000e+00 
 3.808500e-09  1.141642e+00  3.808500e-09  1.176579e+00  3.808500e-09  0.000000e+00 
 3.809500e-09  1.143310e+00  3.809500e-09  1.176369e+00  3.809500e-09  0.000000e+00 
 3.810500e-09  1.144930e+00  3.810500e-09  1.176179e+00  3.810500e-09  0.000000e+00 
 3.811500e-09  1.146502e+00  3.811500e-09  1.176007e+00  3.811500e-09  0.000000e+00 
 3.812500e-09  1.148029e+00  3.812500e-09  1.175854e+00  3.812500e-09  0.000000e+00 
 3.813500e-09  1.149513e+00  3.813500e-09  1.175719e+00  3.813500e-09  0.000000e+00 
 3.814500e-09  1.150953e+00  3.814500e-09  1.175601e+00  3.814500e-09  0.000000e+00 
 3.815500e-09  1.152350e+00  3.815500e-09  1.175499e+00  3.815500e-09  0.000000e+00 
 3.816500e-09  1.153706e+00  3.816500e-09  1.175414e+00  3.816500e-09  0.000000e+00 
 3.817500e-09  1.155021e+00  3.817500e-09  1.175343e+00  3.817500e-09  0.000000e+00 
 3.818500e-09  1.156297e+00  3.818500e-09  1.175287e+00  3.818500e-09  0.000000e+00 
 3.819500e-09  1.157536e+00  3.819500e-09  1.175245e+00  3.819500e-09  0.000000e+00 
 3.820500e-09  1.158737e+00  3.820500e-09  1.175217e+00  3.820500e-09  0.000000e+00 
 3.821500e-09  1.159902e+00  3.821500e-09  1.175202e+00  3.821500e-09  0.000000e+00 
 3.822500e-09  1.161032e+00  3.822500e-09  1.175200e+00  3.822500e-09  0.000000e+00 
 3.823500e-09  1.162128e+00  3.823500e-09  1.175209e+00  3.823500e-09  0.000000e+00 
 3.824500e-09  1.163191e+00  3.824500e-09  1.175230e+00  3.824500e-09  0.000000e+00 
 3.825500e-09  1.164222e+00  3.825500e-09  1.175262e+00  3.825500e-09  0.000000e+00 
 3.826500e-09  1.165221e+00  3.826500e-09  1.175304e+00  3.826500e-09  0.000000e+00 
 3.827500e-09  1.166191e+00  3.827500e-09  1.175357e+00  3.827500e-09  0.000000e+00 
 3.828500e-09  1.167131e+00  3.828500e-09  1.175419e+00  3.828500e-09  0.000000e+00 
 3.829500e-09  1.168042e+00  3.829500e-09  1.175490e+00  3.829500e-09  0.000000e+00 
 3.830500e-09  1.168926e+00  3.830500e-09  1.175570e+00  3.830500e-09  0.000000e+00 
 3.831500e-09  1.169783e+00  3.831500e-09  1.175659e+00  3.831500e-09  0.000000e+00 
 3.832500e-09  1.170613e+00  3.832500e-09  1.175755e+00  3.832500e-09  0.000000e+00 
 3.833500e-09  1.171418e+00  3.833500e-09  1.175859e+00  3.833500e-09  0.000000e+00 
 3.834500e-09  1.172199e+00  3.834500e-09  1.175971e+00  3.834500e-09  0.000000e+00 
 3.835500e-09  1.172955e+00  3.835500e-09  1.176089e+00  3.835500e-09  0.000000e+00 
 3.836500e-09  1.173688e+00  3.836500e-09  1.176213e+00  3.836500e-09  0.000000e+00 
 3.837500e-09  1.174399e+00  3.837500e-09  1.176344e+00  3.837500e-09  0.000000e+00 
 3.838500e-09  1.175088e+00  3.838500e-09  1.176481e+00  3.838500e-09  0.000000e+00 
 3.839500e-09  1.175755e+00  3.839500e-09  1.176623e+00  3.839500e-09  0.000000e+00 
 3.840500e-09  1.176402e+00  3.840500e-09  1.176770e+00  3.840500e-09  0.000000e+00 
 3.841500e-09  1.177029e+00  3.841500e-09  1.176922e+00  3.841500e-09  0.000000e+00 
 3.842500e-09  1.177636e+00  3.842500e-09  1.177078e+00  3.842500e-09  0.000000e+00 
 3.843500e-09  1.178224e+00  3.843500e-09  1.177239e+00  3.843500e-09  0.000000e+00 
 3.844500e-09  1.178794e+00  3.844500e-09  1.177404e+00  3.844500e-09  0.000000e+00 
 3.845500e-09  1.179347e+00  3.845500e-09  1.177573e+00  3.845500e-09  0.000000e+00 
 3.846500e-09  1.179882e+00  3.846500e-09  1.177745e+00  3.846500e-09  0.000000e+00 
 3.847500e-09  1.180400e+00  3.847500e-09  1.177921e+00  3.847500e-09  0.000000e+00 
 3.848500e-09  1.180902e+00  3.848500e-09  1.178099e+00  3.848500e-09  0.000000e+00 
 3.849500e-09  1.181388e+00  3.849500e-09  1.178281e+00  3.849500e-09  0.000000e+00 
 3.850500e-09  1.181859e+00  3.850500e-09  1.178465e+00  3.850500e-09  0.000000e+00 
 3.851500e-09  1.182316e+00  3.851500e-09  1.178651e+00  3.851500e-09  0.000000e+00 
 3.852500e-09  1.182758e+00  3.852500e-09  1.178840e+00  3.852500e-09  0.000000e+00 
 3.853500e-09  1.183186e+00  3.853500e-09  1.179030e+00  3.853500e-09  0.000000e+00 
 3.854500e-09  1.183600e+00  3.854500e-09  1.179222e+00  3.854500e-09  0.000000e+00 
 3.855500e-09  1.184001e+00  3.855500e-09  1.179416e+00  3.855500e-09  0.000000e+00 
 3.856500e-09  1.184390e+00  3.856500e-09  1.179612e+00  3.856500e-09  0.000000e+00 
 3.857500e-09  1.184767e+00  3.857500e-09  1.179808e+00  3.857500e-09  0.000000e+00 
 3.858500e-09  1.185131e+00  3.858500e-09  1.180006e+00  3.858500e-09  0.000000e+00 
 3.859500e-09  1.185484e+00  3.859500e-09  1.180205e+00  3.859500e-09  0.000000e+00 
 3.860500e-09  1.185826e+00  3.860500e-09  1.180404e+00  3.860500e-09  0.000000e+00 
 3.861500e-09  1.186156e+00  3.861500e-09  1.180604e+00  3.861500e-09  0.000000e+00 
 3.862500e-09  1.186477e+00  3.862500e-09  1.180805e+00  3.862500e-09  0.000000e+00 
 3.863500e-09  1.186787e+00  3.863500e-09  1.181006e+00  3.863500e-09  0.000000e+00 
 3.864500e-09  1.187087e+00  3.864500e-09  1.181207e+00  3.864500e-09  0.000000e+00 
 3.865500e-09  1.187378e+00  3.865500e-09  1.181409e+00  3.865500e-09  0.000000e+00 
 3.866500e-09  1.187659e+00  3.866500e-09  1.181610e+00  3.866500e-09  0.000000e+00 
 3.867500e-09  1.187931e+00  3.867500e-09  1.181812e+00  3.867500e-09  0.000000e+00 
 3.868500e-09  1.188195e+00  3.868500e-09  1.182013e+00  3.868500e-09  0.000000e+00 
 3.869500e-09  1.188450e+00  3.869500e-09  1.182214e+00  3.869500e-09  0.000000e+00 
 3.870500e-09  1.188697e+00  3.870500e-09  1.182415e+00  3.870500e-09  0.000000e+00 
 3.871500e-09  1.188937e+00  3.871500e-09  1.182615e+00  3.871500e-09  0.000000e+00 
 3.872500e-09  1.189168e+00  3.872500e-09  1.182815e+00  3.872500e-09  0.000000e+00 
 3.873500e-09  1.189392e+00  3.873500e-09  1.183014e+00  3.873500e-09  0.000000e+00 
 3.874500e-09  1.189609e+00  3.874500e-09  1.183213e+00  3.874500e-09  0.000000e+00 
 3.875500e-09  1.189819e+00  3.875500e-09  1.183410e+00  3.875500e-09  0.000000e+00 
 3.876500e-09  1.190022e+00  3.876500e-09  1.183607e+00  3.876500e-09  0.000000e+00 
 3.877500e-09  1.190219e+00  3.877500e-09  1.183803e+00  3.877500e-09  0.000000e+00 
 3.878500e-09  1.190409e+00  3.878500e-09  1.183998e+00  3.878500e-09  0.000000e+00 
 3.879500e-09  1.190594e+00  3.879500e-09  1.184192e+00  3.879500e-09  0.000000e+00 
 3.880500e-09  1.190772e+00  3.880500e-09  1.184385e+00  3.880500e-09  0.000000e+00 
 3.881500e-09  1.190945e+00  3.881500e-09  1.184576e+00  3.881500e-09  0.000000e+00 
 3.882500e-09  1.191112e+00  3.882500e-09  1.184767e+00  3.882500e-09  0.000000e+00 
 3.883500e-09  1.191274e+00  3.883500e-09  1.184956e+00  3.883500e-09  0.000000e+00 
 3.884500e-09  1.191430e+00  3.884500e-09  1.185144e+00  3.884500e-09  0.000000e+00 
 3.885500e-09  1.191582e+00  3.885500e-09  1.185331e+00  3.885500e-09  0.000000e+00 
 3.886500e-09  1.191729e+00  3.886500e-09  1.185516e+00  3.886500e-09  0.000000e+00 
 3.887500e-09  1.191871e+00  3.887500e-09  1.185700e+00  3.887500e-09  0.000000e+00 
 3.888500e-09  1.192008e+00  3.888500e-09  1.185883e+00  3.888500e-09  0.000000e+00 
 3.889500e-09  1.192142e+00  3.889500e-09  1.186064e+00  3.889500e-09  0.000000e+00 
 3.890500e-09  1.192271e+00  3.890500e-09  1.186243e+00  3.890500e-09  0.000000e+00 
 3.891500e-09  1.192395e+00  3.891500e-09  1.186421e+00  3.891500e-09  0.000000e+00 
 3.892500e-09  1.192516e+00  3.892500e-09  1.186598e+00  3.892500e-09  0.000000e+00 
 3.893500e-09  1.192633e+00  3.893500e-09  1.186773e+00  3.893500e-09  0.000000e+00 
 3.894500e-09  1.192747e+00  3.894500e-09  1.186946e+00  3.894500e-09  0.000000e+00 
 3.895500e-09  1.192857e+00  3.895500e-09  1.187118e+00  3.895500e-09  0.000000e+00 
 3.896500e-09  1.192963e+00  3.896500e-09  1.187288e+00  3.896500e-09  0.000000e+00 
 3.897500e-09  1.193066e+00  3.897500e-09  1.187457e+00  3.897500e-09  0.000000e+00 
 3.898500e-09  1.193166e+00  3.898500e-09  1.187624e+00  3.898500e-09  0.000000e+00 
 3.899500e-09  1.193262e+00  3.899500e-09  1.187789e+00  3.899500e-09  0.000000e+00 
 3.900500e-09  1.193356e+00  3.900500e-09  1.187952e+00  3.900500e-09  0.000000e+00 
 3.901500e-09  1.193447e+00  3.901500e-09  1.188114e+00  3.901500e-09  0.000000e+00 
 3.902500e-09  1.193535e+00  3.902500e-09  1.188274e+00  3.902500e-09  0.000000e+00 
 3.903500e-09  1.193620e+00  3.903500e-09  1.188433e+00  3.903500e-09  0.000000e+00 
 3.904500e-09  1.193703e+00  3.904500e-09  1.188590e+00  3.904500e-09  0.000000e+00 
 3.905500e-09  1.193783e+00  3.905500e-09  1.188745e+00  3.905500e-09  0.000000e+00 
 3.906500e-09  1.193860e+00  3.906500e-09  1.188898e+00  3.906500e-09  0.000000e+00 
 3.907500e-09  1.193935e+00  3.907500e-09  1.189050e+00  3.907500e-09  0.000000e+00 
 3.908500e-09  1.194008e+00  3.908500e-09  1.189200e+00  3.908500e-09  0.000000e+00 
 3.909500e-09  1.194079e+00  3.909500e-09  1.189348e+00  3.909500e-09  0.000000e+00 
 3.910500e-09  1.194148e+00  3.910500e-09  1.189494e+00  3.910500e-09  0.000000e+00 
 3.911500e-09  1.194214e+00  3.911500e-09  1.189639e+00  3.911500e-09  0.000000e+00 
 3.912500e-09  1.194279e+00  3.912500e-09  1.189782e+00  3.912500e-09  0.000000e+00 
 3.913500e-09  1.194342e+00  3.913500e-09  1.189924e+00  3.913500e-09  0.000000e+00 
 3.914500e-09  1.194403e+00  3.914500e-09  1.190063e+00  3.914500e-09  0.000000e+00 
 3.915500e-09  1.194462e+00  3.915500e-09  1.190201e+00  3.915500e-09  0.000000e+00 
 3.916500e-09  1.194519e+00  3.916500e-09  1.190337e+00  3.916500e-09  0.000000e+00 
 3.917500e-09  1.194575e+00  3.917500e-09  1.190472e+00  3.917500e-09  0.000000e+00 
 3.918500e-09  1.194629e+00  3.918500e-09  1.190605e+00  3.918500e-09  0.000000e+00 
 3.919500e-09  1.194681e+00  3.919500e-09  1.190736e+00  3.919500e-09  0.000000e+00 
 3.920500e-09  1.194733e+00  3.920500e-09  1.190866e+00  3.920500e-09  0.000000e+00 
 3.921500e-09  1.194782e+00  3.921500e-09  1.190994e+00  3.921500e-09  0.000000e+00 
 3.922500e-09  1.194830e+00  3.922500e-09  1.191120e+00  3.922500e-09  0.000000e+00 
 3.923500e-09  1.194877e+00  3.923500e-09  1.191245e+00  3.923500e-09  0.000000e+00 
 3.924500e-09  1.194923e+00  3.924500e-09  1.191368e+00  3.924500e-09  0.000000e+00 
 3.925500e-09  1.194967e+00  3.925500e-09  1.191489e+00  3.925500e-09  0.000000e+00 
 3.926500e-09  1.195011e+00  3.926500e-09  1.191609e+00  3.926500e-09  0.000000e+00 
 3.927500e-09  1.195053e+00  3.927500e-09  1.191727e+00  3.927500e-09  0.000000e+00 
 3.928500e-09  1.195094e+00  3.928500e-09  1.191844e+00  3.928500e-09  0.000000e+00 
 3.929500e-09  1.195134e+00  3.929500e-09  1.191959e+00  3.929500e-09  0.000000e+00 
 3.930500e-09  1.195173e+00  3.930500e-09  1.192073e+00  3.930500e-09  0.000000e+00 
 3.931500e-09  1.195210e+00  3.931500e-09  1.192185e+00  3.931500e-09  0.000000e+00 
 3.932500e-09  1.195247e+00  3.932500e-09  1.192295e+00  3.932500e-09  0.000000e+00 
 3.933500e-09  1.195283e+00  3.933500e-09  1.192404e+00  3.933500e-09  0.000000e+00 
 3.934500e-09  1.195318e+00  3.934500e-09  1.192512e+00  3.934500e-09  0.000000e+00 
 3.935500e-09  1.195353e+00  3.935500e-09  1.192618e+00  3.935500e-09  0.000000e+00 
 3.936500e-09  1.195386e+00  3.936500e-09  1.192722e+00  3.936500e-09  0.000000e+00 
 3.937500e-09  1.195419e+00  3.937500e-09  1.192825e+00  3.937500e-09  0.000000e+00 
 3.938500e-09  1.195451e+00  3.938500e-09  1.192927e+00  3.938500e-09  0.000000e+00 
 3.939500e-09  1.195482e+00  3.939500e-09  1.193027e+00  3.939500e-09  0.000000e+00 
 3.940500e-09  1.195512e+00  3.940500e-09  1.193126e+00  3.940500e-09  0.000000e+00 
 3.941500e-09  1.195542e+00  3.941500e-09  1.193223e+00  3.941500e-09  0.000000e+00 
 3.942500e-09  1.195571e+00  3.942500e-09  1.193319e+00  3.942500e-09  0.000000e+00 
 3.943500e-09  1.195599e+00  3.943500e-09  1.193413e+00  3.943500e-09  0.000000e+00 
 3.944500e-09  1.195627e+00  3.944500e-09  1.193507e+00  3.944500e-09  0.000000e+00 
 3.945500e-09  1.195654e+00  3.945500e-09  1.193599e+00  3.945500e-09  0.000000e+00 
 3.946500e-09  1.195681e+00  3.946500e-09  1.193689e+00  3.946500e-09  0.000000e+00 
 3.947500e-09  1.195707e+00  3.947500e-09  1.193778e+00  3.947500e-09  0.000000e+00 
 3.948500e-09  1.195733e+00  3.948500e-09  1.193866e+00  3.948500e-09  0.000000e+00 
 3.949500e-09  1.195758e+00  3.949500e-09  1.193953e+00  3.949500e-09  0.000000e+00 
 3.950500e-09  1.195782e+00  3.950500e-09  1.194038e+00  3.950500e-09  0.000000e+00 
 3.951500e-09  1.195807e+00  3.951500e-09  1.194123e+00  3.951500e-09  0.000000e+00 
 3.952500e-09  1.195830e+00  3.952500e-09  1.194206e+00  3.952500e-09  0.000000e+00 
 3.953500e-09  1.195853e+00  3.953500e-09  1.194287e+00  3.953500e-09  0.000000e+00 
 3.954500e-09  1.195876e+00  3.954500e-09  1.194368e+00  3.954500e-09  0.000000e+00 
 3.955500e-09  1.195899e+00  3.955500e-09  1.194447e+00  3.955500e-09  0.000000e+00 
 3.956500e-09  1.195921e+00  3.956500e-09  1.194525e+00  3.956500e-09  0.000000e+00 
 3.957500e-09  1.195942e+00  3.957500e-09  1.194602e+00  3.957500e-09  0.000000e+00 
 3.958500e-09  1.195964e+00  3.958500e-09  1.194678e+00  3.958500e-09  0.000000e+00 
 3.959500e-09  1.195985e+00  3.959500e-09  1.194752e+00  3.959500e-09  0.000000e+00 
 3.960500e-09  1.196005e+00  3.960500e-09  1.194826e+00  3.960500e-09  0.000000e+00 
 3.961500e-09  1.196026e+00  3.961500e-09  1.194898e+00  3.961500e-09  0.000000e+00 
 3.962500e-09  1.196046e+00  3.962500e-09  1.194970e+00  3.962500e-09  0.000000e+00 
 3.963500e-09  1.196065e+00  3.963500e-09  1.195040e+00  3.963500e-09  0.000000e+00 
 3.964500e-09  1.196085e+00  3.964500e-09  1.195109e+00  3.964500e-09  0.000000e+00 
 3.965500e-09  1.196104e+00  3.965500e-09  1.195177e+00  3.965500e-09  0.000000e+00 
 3.966500e-09  1.196123e+00  3.966500e-09  1.195245e+00  3.966500e-09  0.000000e+00 
 3.967500e-09  1.196141e+00  3.967500e-09  1.195311e+00  3.967500e-09  0.000000e+00 
 3.968500e-09  1.196160e+00  3.968500e-09  1.195376e+00  3.968500e-09  0.000000e+00 
 3.969500e-09  1.196178e+00  3.969500e-09  1.195440e+00  3.969500e-09  0.000000e+00 
 3.970500e-09  1.196196e+00  3.970500e-09  1.195503e+00  3.970500e-09  0.000000e+00 
 3.971500e-09  1.196213e+00  3.971500e-09  1.195565e+00  3.971500e-09  0.000000e+00 
 3.972500e-09  1.196231e+00  3.972500e-09  1.195626e+00  3.972500e-09  0.000000e+00 
 3.973500e-09  1.196248e+00  3.973500e-09  1.195687e+00  3.973500e-09  0.000000e+00 
 3.974500e-09  1.196265e+00  3.974500e-09  1.195746e+00  3.974500e-09  0.000000e+00 
 3.975500e-09  1.196282e+00  3.975500e-09  1.195804e+00  3.975500e-09  0.000000e+00 
 3.976500e-09  1.196298e+00  3.976500e-09  1.195862e+00  3.976500e-09  0.000000e+00 
 3.977500e-09  1.196315e+00  3.977500e-09  1.195919e+00  3.977500e-09  0.000000e+00 
 3.978500e-09  1.196331e+00  3.978500e-09  1.195974e+00  3.978500e-09  0.000000e+00 
 3.979500e-09  1.196347e+00  3.979500e-09  1.196029e+00  3.979500e-09  0.000000e+00 
 3.980500e-09  1.196363e+00  3.980500e-09  1.196083e+00  3.980500e-09  0.000000e+00 
 3.981500e-09  1.196379e+00  3.981500e-09  1.196137e+00  3.981500e-09  0.000000e+00 
 3.982500e-09  1.196395e+00  3.982500e-09  1.196189e+00  3.982500e-09  0.000000e+00 
 3.983500e-09  1.196410e+00  3.983500e-09  1.196241e+00  3.983500e-09  0.000000e+00 
 3.984500e-09  1.196426e+00  3.984500e-09  1.196292e+00  3.984500e-09  0.000000e+00 
 3.985500e-09  1.196441e+00  3.985500e-09  1.196342e+00  3.985500e-09  0.000000e+00 
 3.986500e-09  1.196456e+00  3.986500e-09  1.196391e+00  3.986500e-09  0.000000e+00 
 3.987500e-09  1.196471e+00  3.987500e-09  1.196439e+00  3.987500e-09  0.000000e+00 
 3.988500e-09  1.196486e+00  3.988500e-09  1.196487e+00  3.988500e-09  0.000000e+00 
 3.989500e-09  1.196501e+00  3.989500e-09  1.196534e+00  3.989500e-09  0.000000e+00 
 3.990500e-09  1.196516e+00  3.990500e-09  1.196580e+00  3.990500e-09  0.000000e+00 
 3.991500e-09  1.196530e+00  3.991500e-09  1.196626e+00  3.991500e-09  0.000000e+00 
 3.992500e-09  1.196544e+00  3.992500e-09  1.196671e+00  3.992500e-09  0.000000e+00 
 3.993500e-09  1.196559e+00  3.993500e-09  1.196715e+00  3.993500e-09  0.000000e+00 
 3.994500e-09  1.196573e+00  3.994500e-09  1.196759e+00  3.994500e-09  0.000000e+00 
 3.995500e-09  1.196587e+00  3.995500e-09  1.196801e+00  3.995500e-09  0.000000e+00 
 3.996500e-09  1.196601e+00  3.996500e-09  1.196843e+00  3.996500e-09  0.000000e+00 
 3.997500e-09  1.196615e+00  3.997500e-09  1.196885e+00  3.997500e-09  0.000000e+00 
 3.998500e-09  1.196629e+00  3.998500e-09  1.196926e+00  3.998500e-09  0.000000e+00 
 3.999500e-09  1.196643e+00  3.999500e-09  1.196966e+00  3.999500e-09  0.000000e+00 
 4.000000e-09  1.196649e+00  4.000000e-09  1.196986e+00  4.000000e-09  0.000000e+00 
 4.000100e-09  1.196872e+00  4.000100e-09  1.197211e+00  4.000100e-09  2.400000e-03 
 4.000300e-09  1.197315e+00  4.000300e-09  1.197659e+00  4.000300e-09  7.200000e-03 
 4.000700e-09  1.198192e+00  4.000700e-09  1.198547e+00  4.000700e-09  1.680000e-02 
 4.001500e-09  1.199919e+00  4.001500e-09  1.200295e+00  4.001500e-09  3.600000e-02 
 4.002500e-09  1.202025e+00  4.002500e-09  1.202429e+00  4.002500e-09  6.000000e-02 
 4.003500e-09  1.204080e+00  4.003500e-09  1.204513e+00  4.003500e-09  8.400000e-02 
 4.004500e-09  1.206088e+00  4.004500e-09  1.206552e+00  4.004500e-09  1.080000e-01 
 4.005500e-09  1.208053e+00  4.005500e-09  1.208549e+00  4.005500e-09  1.320000e-01 
 4.006500e-09  1.209979e+00  4.006500e-09  1.210509e+00  4.006500e-09  1.560000e-01 
 4.007500e-09  1.211870e+00  4.007500e-09  1.212435e+00  4.007500e-09  1.800000e-01 
 4.008500e-09  1.213731e+00  4.008500e-09  1.214331e+00  4.008500e-09  2.040000e-01 
 4.009500e-09  1.215563e+00  4.009500e-09  1.216201e+00  4.009500e-09  2.280000e-01 
 4.010500e-09  1.217372e+00  4.010500e-09  1.218048e+00  4.010500e-09  2.520000e-01 
 4.011500e-09  1.219160e+00  4.011500e-09  1.219875e+00  4.011500e-09  2.760000e-01 
 4.012500e-09  1.220931e+00  4.012500e-09  1.221686e+00  4.012500e-09  3.000000e-01 
 4.013500e-09  1.222687e+00  4.013500e-09  1.223485e+00  4.013500e-09  3.240000e-01 
 4.014500e-09  1.224433e+00  4.014500e-09  1.225273e+00  4.014500e-09  3.480000e-01 
 4.015500e-09  1.226171e+00  4.015500e-09  1.227055e+00  4.015500e-09  3.720000e-01 
 4.016500e-09  1.227905e+00  4.016500e-09  1.228834e+00  4.016500e-09  3.960000e-01 
 4.017500e-09  1.229637e+00  4.017500e-09  1.230612e+00  4.017500e-09  4.200000e-01 
 4.018500e-09  1.231371e+00  4.018500e-09  1.232393e+00  4.018500e-09  4.440000e-01 
 4.019500e-09  1.233110e+00  4.019500e-09  1.234180e+00  4.019500e-09  4.680000e-01 
 4.020500e-09  1.234856e+00  4.020500e-09  1.235975e+00  4.020500e-09  4.920000e-01 
 4.021500e-09  1.236614e+00  4.021500e-09  1.237780e+00  4.021500e-09  5.160000e-01 
 4.022500e-09  1.238386e+00  4.022500e-09  1.239598e+00  4.022500e-09  5.400000e-01 
 4.023500e-09  1.240174e+00  4.023500e-09  1.241430e+00  4.023500e-09  5.640000e-01 
 4.024500e-09  1.241983e+00  4.024500e-09  1.243281e+00  4.024500e-09  5.880000e-01 
 4.025500e-09  1.243818e+00  4.025500e-09  1.245157e+00  4.025500e-09  6.120000e-01 
 4.026500e-09  1.245682e+00  4.026500e-09  1.247062e+00  4.026500e-09  6.360000e-01 
 4.027500e-09  1.247582e+00  4.027500e-09  1.249003e+00  4.027500e-09  6.600000e-01 
 4.028500e-09  1.249524e+00  4.028500e-09  1.250986e+00  4.028500e-09  6.840000e-01 
 4.029500e-09  1.251515e+00  4.029500e-09  1.253017e+00  4.029500e-09  7.080000e-01 
 4.030500e-09  1.253568e+00  4.030500e-09  1.255107e+00  4.030500e-09  7.320000e-01 
 4.031500e-09  1.255698e+00  4.031500e-09  1.257271e+00  4.031500e-09  7.560000e-01 
 4.032500e-09  1.257929e+00  4.032500e-09  1.259534e+00  4.032500e-09  7.800000e-01 
 4.033500e-09  1.260296e+00  4.033500e-09  1.261927e+00  4.033500e-09  8.040000e-01 
 4.034500e-09  1.262764e+00  4.034500e-09  1.264417e+00  4.034500e-09  8.280000e-01 
 4.035500e-09  1.265249e+00  4.035500e-09  1.266923e+00  4.035500e-09  8.520000e-01 
 4.036500e-09  1.267709e+00  4.036500e-09  1.269403e+00  4.036500e-09  8.760000e-01 
 4.037500e-09  1.270074e+00  4.037500e-09  1.271796e+00  4.037500e-09  9.000000e-01 
 4.038500e-09  1.272246e+00  4.038500e-09  1.274004e+00  4.038500e-09  9.240000e-01 
 4.039500e-09  1.274176e+00  4.039500e-09  1.275973e+00  4.039500e-09  9.480000e-01 
 4.040500e-09  1.275852e+00  4.040500e-09  1.277689e+00  4.040500e-09  9.720000e-01 
 4.041500e-09  1.277257e+00  4.041500e-09  1.279140e+00  4.041500e-09  9.960000e-01 
 4.042500e-09  1.278377e+00  4.042500e-09  1.280313e+00  4.042500e-09  1.020000e+00 
 4.043500e-09  1.279198e+00  4.043500e-09  1.281194e+00  4.043500e-09  1.044000e+00 
 4.044500e-09  1.279702e+00  4.044500e-09  1.281771e+00  4.044500e-09  1.068000e+00 
 4.045500e-09  1.279875e+00  4.045500e-09  1.282031e+00  4.045500e-09  1.092000e+00 
 4.046500e-09  1.279701e+00  4.046500e-09  1.281961e+00  4.046500e-09  1.116000e+00 
 4.047500e-09  1.279163e+00  4.047500e-09  1.281548e+00  4.047500e-09  1.140000e+00 
 4.048500e-09  1.278244e+00  4.048500e-09  1.280780e+00  4.048500e-09  1.164000e+00 
 4.049500e-09  1.276928e+00  4.049500e-09  1.279644e+00  4.049500e-09  1.188000e+00 
 4.050000e-09  1.276116e+00  4.050000e-09  1.278934e+00  4.050000e-09  1.200000e+00 
 4.050100e-09  1.275920e+00  4.050100e-09  1.278756e+00  4.050100e-09  1.200000e+00 
 4.050300e-09  1.275524e+00  4.050300e-09  1.278397e+00  4.050300e-09  1.200000e+00 
 4.050700e-09  1.274703e+00  4.050700e-09  1.277652e+00  4.050700e-09  1.200000e+00 
 4.051500e-09  1.272941e+00  4.051500e-09  1.276054e+00  4.051500e-09  1.200000e+00 
 4.052500e-09  1.270516e+00  4.052500e-09  1.273863e+00  4.052500e-09  1.200000e+00 
 4.053500e-09  1.267847e+00  4.053500e-09  1.271469e+00  4.053500e-09  1.200000e+00 
 4.054500e-09  1.264941e+00  4.054500e-09  1.268883e+00  4.054500e-09  1.200000e+00 
 4.055500e-09  1.261803e+00  4.055500e-09  1.266119e+00  4.055500e-09  1.200000e+00 
 4.056500e-09  1.258440e+00  4.056500e-09  1.263189e+00  4.056500e-09  1.200000e+00 
 4.057500e-09  1.254862e+00  4.057500e-09  1.260102e+00  4.057500e-09  1.200000e+00 
 4.058500e-09  1.251077e+00  4.058500e-09  1.256872e+00  4.058500e-09  1.200000e+00 
 4.059500e-09  1.247091e+00  4.059500e-09  1.253511e+00  4.059500e-09  1.200000e+00 
 4.060500e-09  1.242913e+00  4.060500e-09  1.250028e+00  4.060500e-09  1.200000e+00 
 4.061500e-09  1.238548e+00  4.061500e-09  1.246431e+00  4.061500e-09  1.200000e+00 
 4.062500e-09  1.234004e+00  4.062500e-09  1.242727e+00  4.062500e-09  1.200000e+00 
 4.063500e-09  1.229287e+00  4.063500e-09  1.238919e+00  4.063500e-09  1.200000e+00 
 4.064500e-09  1.224404e+00  4.064500e-09  1.235013e+00  4.064500e-09  1.200000e+00 
 4.065500e-09  1.219364e+00  4.065500e-09  1.231018e+00  4.065500e-09  1.200000e+00 
 4.066500e-09  1.214172e+00  4.066500e-09  1.226941e+00  4.066500e-09  1.200000e+00 
 4.067500e-09  1.208837e+00  4.067500e-09  1.222787e+00  4.067500e-09  1.200000e+00 
 4.068500e-09  1.203365e+00  4.068500e-09  1.218562e+00  4.068500e-09  1.200000e+00 
 4.069500e-09  1.197764e+00  4.069500e-09  1.214269e+00  4.069500e-09  1.200000e+00 
 4.070500e-09  1.192040e+00  4.070500e-09  1.209915e+00  4.070500e-09  1.200000e+00 
 4.071500e-09  1.186200e+00  4.071500e-09  1.205487e+00  4.071500e-09  1.200000e+00 
 4.072500e-09  1.180249e+00  4.072500e-09  1.200980e+00  4.072500e-09  1.200000e+00 
 4.073500e-09  1.174188e+00  4.073500e-09  1.196402e+00  4.073500e-09  1.200000e+00 
 4.074500e-09  1.168012e+00  4.074500e-09  1.191758e+00  4.074500e-09  1.200000e+00 
 4.075500e-09  1.161722e+00  4.075500e-09  1.187050e+00  4.075500e-09  1.200000e+00 
 4.076500e-09  1.155324e+00  4.076500e-09  1.182281e+00  4.076500e-09  1.200000e+00 
 4.077500e-09  1.148821e+00  4.077500e-09  1.177454e+00  4.077500e-09  1.200000e+00 
 4.078500e-09  1.142219e+00  4.078500e-09  1.172572e+00  4.078500e-09  1.200000e+00 
 4.079500e-09  1.135521e+00  4.079500e-09  1.167638e+00  4.079500e-09  1.200000e+00 
 4.080500e-09  1.128730e+00  4.080500e-09  1.162654e+00  4.080500e-09  1.200000e+00 
 4.081500e-09  1.121859e+00  4.081500e-09  1.157623e+00  4.081500e-09  1.200000e+00 
 4.082500e-09  1.114933e+00  4.082500e-09  1.152546e+00  4.082500e-09  1.200000e+00 
 4.083500e-09  1.107958e+00  4.083500e-09  1.147443e+00  4.083500e-09  1.200000e+00 
 4.084500e-09  1.100937e+00  4.084500e-09  1.142315e+00  4.084500e-09  1.200000e+00 
 4.085500e-09  1.093885e+00  4.085500e-09  1.137147e+00  4.085500e-09  1.200000e+00 
 4.086500e-09  1.086804e+00  4.086500e-09  1.131941e+00  4.086500e-09  1.200000e+00 
 4.087500e-09  1.079700e+00  4.087500e-09  1.126696e+00  4.087500e-09  1.200000e+00 
 4.088500e-09  1.072575e+00  4.088500e-09  1.121415e+00  4.088500e-09  1.200000e+00 
 4.089500e-09  1.065443e+00  4.089500e-09  1.116099e+00  4.089500e-09  1.200000e+00 
 4.090500e-09  1.058307e+00  4.090500e-09  1.110763e+00  4.090500e-09  1.200000e+00 
 4.091500e-09  1.051159e+00  4.091500e-09  1.105416e+00  4.091500e-09  1.200000e+00 
 4.092500e-09  1.044000e+00  4.092500e-09  1.100061e+00  4.092500e-09  1.200000e+00 
 4.093500e-09  1.036832e+00  4.093500e-09  1.094698e+00  4.093500e-09  1.200000e+00 
 4.094500e-09  1.029656e+00  4.094500e-09  1.089329e+00  4.094500e-09  1.200000e+00 
 4.095500e-09  1.022474e+00  4.095500e-09  1.083954e+00  4.095500e-09  1.200000e+00 
 4.096500e-09  1.015287e+00  4.096500e-09  1.078575e+00  4.096500e-09  1.200000e+00 
 4.097500e-09  1.008097e+00  4.097500e-09  1.073191e+00  4.097500e-09  1.200000e+00 
 4.098500e-09  1.000904e+00  4.098500e-09  1.067804e+00  4.098500e-09  1.200000e+00 
 4.099500e-09  9.937091e-01  4.099500e-09  1.062415e+00  4.099500e-09  1.200000e+00 
 4.100500e-09  9.865140e-01  4.100500e-09  1.057024e+00  4.100500e-09  1.200000e+00 
 4.101500e-09  9.793191e-01  4.101500e-09  1.051632e+00  4.101500e-09  1.200000e+00 
 4.102500e-09  9.721252e-01  4.102500e-09  1.046239e+00  4.102500e-09  1.200000e+00 
 4.103500e-09  9.649330e-01  4.103500e-09  1.040847e+00  4.103500e-09  1.200000e+00 
 4.104500e-09  9.577431e-01  4.104500e-09  1.035454e+00  4.104500e-09  1.200000e+00 
 4.105500e-09  9.505562e-01  4.105500e-09  1.030062e+00  4.105500e-09  1.200000e+00 
 4.106500e-09  9.433727e-01  4.106500e-09  1.024672e+00  4.106500e-09  1.200000e+00 
 4.107500e-09  9.361931e-01  4.107500e-09  1.019283e+00  4.107500e-09  1.200000e+00 
 4.108500e-09  9.290179e-01  4.108500e-09  1.013896e+00  4.108500e-09  1.200000e+00 
 4.109500e-09  9.218475e-01  4.109500e-09  1.008511e+00  4.109500e-09  1.200000e+00 
 4.110500e-09  9.146823e-01  4.110500e-09  1.003129e+00  4.110500e-09  1.200000e+00 
 4.111500e-09  9.075227e-01  4.111500e-09  9.977502e-01  4.111500e-09  1.200000e+00 
 4.112500e-09  9.003689e-01  4.112500e-09  9.923742e-01  4.112500e-09  1.200000e+00 
 4.113500e-09  8.932213e-01  4.113500e-09  9.870016e-01  4.113500e-09  1.200000e+00 
 4.114500e-09  8.860801e-01  4.114500e-09  9.816327e-01  4.114500e-09  1.200000e+00 
 4.115500e-09  8.789455e-01  4.115500e-09  9.762676e-01  4.115500e-09  1.200000e+00 
 4.116500e-09  8.718179e-01  4.116500e-09  9.709066e-01  4.116500e-09  1.200000e+00 
 4.117500e-09  8.646974e-01  4.117500e-09  9.655498e-01  4.117500e-09  1.200000e+00 
 4.118500e-09  8.575843e-01  4.118500e-09  9.601975e-01  4.118500e-09  1.200000e+00 
 4.119500e-09  8.504786e-01  4.119500e-09  9.548498e-01  4.119500e-09  1.200000e+00 
 4.120500e-09  8.433865e-01  4.120500e-09  9.495073e-01  4.120500e-09  1.200000e+00 
 4.121500e-09  8.363970e-01  4.121500e-09  9.441785e-01  4.121500e-09  1.200000e+00 
 4.122500e-09  8.295485e-01  4.122500e-09  9.388824e-01  4.122500e-09  1.200000e+00 
 4.123500e-09  8.227947e-01  4.123500e-09  9.336372e-01  4.123500e-09  1.200000e+00 
 4.124500e-09  8.161096e-01  4.124500e-09  9.284554e-01  4.124500e-09  1.200000e+00 
 4.125500e-09  8.094764e-01  4.125500e-09  9.233457e-01  4.125500e-09  1.200000e+00 
 4.126500e-09  8.028833e-01  4.126500e-09  9.183148e-01  4.126500e-09  1.200000e+00 
 4.127500e-09  7.963188e-01  4.127500e-09  9.133683e-01  4.127500e-09  1.200000e+00 
 4.128500e-09  7.897717e-01  4.128500e-09  9.085122e-01  4.128500e-09  1.200000e+00 
 4.129500e-09  7.832345e-01  4.129500e-09  9.037532e-01  4.129500e-09  1.200000e+00 
 4.130500e-09  7.767022e-01  4.130500e-09  8.990980e-01  4.130500e-09  1.200000e+00 
 4.131500e-09  7.701698e-01  4.131500e-09  8.945523e-01  4.131500e-09  1.200000e+00 
 4.132500e-09  7.636365e-01  4.132500e-09  8.901578e-01  4.132500e-09  1.200000e+00 
 4.133500e-09  7.571075e-01  4.133500e-09  8.859477e-01  4.133500e-09  1.200000e+00 
 4.134500e-09  7.505897e-01  4.134500e-09  8.819130e-01  4.134500e-09  1.200000e+00 
 4.135500e-09  7.440877e-01  4.135500e-09  8.780436e-01  4.135500e-09  1.200000e+00 
 4.136500e-09  7.376037e-01  4.136500e-09  8.743338e-01  4.136500e-09  1.200000e+00 
 4.137500e-09  7.311387e-01  4.137500e-09  8.707801e-01  4.137500e-09  1.200000e+00 
 4.138500e-09  7.246927e-01  4.138500e-09  8.673808e-01  4.138500e-09  1.200000e+00 
 4.139500e-09  7.182649e-01  4.139500e-09  8.641353e-01  4.139500e-09  1.200000e+00 
 4.140500e-09  7.118541e-01  4.140500e-09  8.610437e-01  4.140500e-09  1.200000e+00 
 4.141500e-09  7.054585e-01  4.141500e-09  8.581066e-01  4.141500e-09  1.200000e+00 
 4.142500e-09  6.990759e-01  4.142500e-09  8.553247e-01  4.142500e-09  1.200000e+00 
 4.143500e-09  6.927041e-01  4.143500e-09  8.526991e-01  4.143500e-09  1.200000e+00 
 4.144500e-09  6.863403e-01  4.144500e-09  8.502313e-01  4.144500e-09  1.200000e+00 
 4.145500e-09  6.799817e-01  4.145500e-09  8.479230e-01  4.145500e-09  1.200000e+00 
 4.146500e-09  6.736252e-01  4.146500e-09  8.457759e-01  4.146500e-09  1.200000e+00 
 4.147500e-09  6.672677e-01  4.147500e-09  8.437921e-01  4.147500e-09  1.200000e+00 
 4.148500e-09  6.609059e-01  4.148500e-09  8.419734e-01  4.148500e-09  1.200000e+00 
 4.149500e-09  6.545362e-01  4.149500e-09  8.403222e-01  4.149500e-09  1.200000e+00 
 4.150500e-09  6.481551e-01  4.150500e-09  8.388405e-01  4.150500e-09  1.200000e+00 
 4.151500e-09  6.417590e-01  4.151500e-09  8.375309e-01  4.151500e-09  1.200000e+00 
 4.152500e-09  6.353439e-01  4.152500e-09  8.363956e-01  4.152500e-09  1.200000e+00 
 4.153500e-09  6.289060e-01  4.153500e-09  8.354373e-01  4.153500e-09  1.200000e+00 
 4.154500e-09  6.224413e-01  4.154500e-09  8.346584e-01  4.154500e-09  1.200000e+00 
 4.155500e-09  6.159455e-01  4.155500e-09  8.340618e-01  4.155500e-09  1.200000e+00 
 4.156500e-09  6.094144e-01  4.156500e-09  8.336500e-01  4.156500e-09  1.200000e+00 
 4.157500e-09  6.028437e-01  4.157500e-09  8.334261e-01  4.157500e-09  1.200000e+00 
 4.158500e-09  5.962289e-01  4.158500e-09  8.333928e-01  4.158500e-09  1.200000e+00 
 4.159500e-09  5.895655e-01  4.159500e-09  8.335531e-01  4.159500e-09  1.200000e+00 
 4.160500e-09  5.828486e-01  4.160500e-09  8.339101e-01  4.160500e-09  1.200000e+00 
 4.161500e-09  5.760735e-01  4.161500e-09  8.344669e-01  4.161500e-09  1.200000e+00 
 4.162500e-09  5.692354e-01  4.162500e-09  8.352266e-01  4.162500e-09  1.200000e+00 
 4.163500e-09  5.623291e-01  4.163500e-09  8.361926e-01  4.163500e-09  1.200000e+00 
 4.164500e-09  5.553495e-01  4.164500e-09  8.373681e-01  4.164500e-09  1.200000e+00 
 4.165500e-09  5.482914e-01  4.165500e-09  8.387565e-01  4.165500e-09  1.200000e+00 
 4.166500e-09  5.411493e-01  4.166500e-09  8.403611e-01  4.166500e-09  1.200000e+00 
 4.167500e-09  5.339179e-01  4.167500e-09  8.421855e-01  4.167500e-09  1.200000e+00 
 4.168500e-09  5.265915e-01  4.168500e-09  8.442331e-01  4.168500e-09  1.200000e+00 
 4.169500e-09  5.191645e-01  4.169500e-09  8.465073e-01  4.169500e-09  1.200000e+00 
 4.170500e-09  5.116311e-01  4.170500e-09  8.490118e-01  4.170500e-09  1.200000e+00 
 4.171500e-09  5.039855e-01  4.171500e-09  8.517499e-01  4.171500e-09  1.200000e+00 
 4.172500e-09  4.962217e-01  4.172500e-09  8.547253e-01  4.172500e-09  1.200000e+00 
 4.173500e-09  4.883339e-01  4.173500e-09  8.579412e-01  4.173500e-09  1.200000e+00 
 4.174500e-09  4.803160e-01  4.174500e-09  8.614012e-01  4.174500e-09  1.200000e+00 
 4.175500e-09  4.721620e-01  4.175500e-09  8.651084e-01  4.175500e-09  1.200000e+00 
 4.176500e-09  4.639153e-01  4.176500e-09  8.690164e-01  4.176500e-09  1.200000e+00 
 4.177500e-09  4.556775e-01  4.177500e-09  8.730136e-01  4.177500e-09  1.200000e+00 
 4.178500e-09  4.474876e-01  4.178500e-09  8.770455e-01  4.178500e-09  1.200000e+00 
 4.179500e-09  4.394066e-01  4.179500e-09  8.810386e-01  4.179500e-09  1.200000e+00 
 4.180500e-09  4.315153e-01  4.180500e-09  8.849128e-01  4.180500e-09  1.200000e+00 
 4.181500e-09  4.238080e-01  4.181500e-09  8.886834e-01  4.181500e-09  1.200000e+00 
 4.182500e-09  4.162624e-01  4.182500e-09  8.923823e-01  4.182500e-09  1.200000e+00 
 4.183500e-09  4.088632e-01  4.183500e-09  8.960322e-01  4.183500e-09  1.200000e+00 
 4.184500e-09  4.016002e-01  4.184500e-09  8.996498e-01  4.184500e-09  1.200000e+00 
 4.185500e-09  3.944661e-01  4.185500e-09  9.032472e-01  4.185500e-09  1.200000e+00 
 4.186500e-09  3.874558e-01  4.186500e-09  9.068338e-01  4.186500e-09  1.200000e+00 
 4.187500e-09  3.805657e-01  4.187500e-09  9.104165e-01  4.187500e-09  1.200000e+00 
 4.188500e-09  3.737929e-01  4.188500e-09  9.140004e-01  4.188500e-09  1.200000e+00 
 4.189500e-09  3.671357e-01  4.189500e-09  9.175889e-01  4.189500e-09  1.200000e+00 
 4.190500e-09  3.605923e-01  4.190500e-09  9.211847e-01  4.190500e-09  1.200000e+00 
 4.191500e-09  3.541608e-01  4.191500e-09  9.247903e-01  4.191500e-09  1.200000e+00 
 4.192500e-09  3.478398e-01  4.192500e-09  9.284065e-01  4.192500e-09  1.200000e+00 
 4.193500e-09  3.416280e-01  4.193500e-09  9.320342e-01  4.193500e-09  1.200000e+00 
 4.194500e-09  3.355243e-01  4.194500e-09  9.356732e-01  4.194500e-09  1.200000e+00 
 4.195500e-09  3.295276e-01  4.195500e-09  9.393230e-01  4.195500e-09  1.200000e+00 
 4.196500e-09  3.236367e-01  4.196500e-09  9.429827e-01  4.196500e-09  1.200000e+00 
 4.197500e-09  3.178504e-01  4.197500e-09  9.466512e-01  4.197500e-09  1.200000e+00 
 4.198500e-09  3.121673e-01  4.198500e-09  9.503273e-01  4.198500e-09  1.200000e+00 
 4.199500e-09  3.065858e-01  4.199500e-09  9.540097e-01  4.199500e-09  1.200000e+00 
 4.200500e-09  3.011045e-01  4.200500e-09  9.576967e-01  4.200500e-09  1.200000e+00 
 4.201500e-09  2.957218e-01  4.201500e-09  9.613866e-01  4.201500e-09  1.200000e+00 
 4.202500e-09  2.904360e-01  4.202500e-09  9.650775e-01  4.202500e-09  1.200000e+00 
 4.203500e-09  2.852455e-01  4.203500e-09  9.687676e-01  4.203500e-09  1.200000e+00 
 4.204500e-09  2.801486e-01  4.204500e-09  9.724548e-01  4.204500e-09  1.200000e+00 
 4.205500e-09  2.751434e-01  4.205500e-09  9.761372e-01  4.205500e-09  1.200000e+00 
 4.206500e-09  2.702282e-01  4.206500e-09  9.798127e-01  4.206500e-09  1.200000e+00 
 4.207500e-09  2.654011e-01  4.207500e-09  9.834793e-01  4.207500e-09  1.200000e+00 
 4.208500e-09  2.606604e-01  4.208500e-09  9.871350e-01  4.208500e-09  1.200000e+00 
 4.209500e-09  2.560042e-01  4.209500e-09  9.907778e-01  4.209500e-09  1.200000e+00 
 4.210500e-09  2.514306e-01  4.210500e-09  9.944055e-01  4.210500e-09  1.200000e+00 
 4.211500e-09  2.469379e-01  4.211500e-09  9.980164e-01  4.211500e-09  1.200000e+00 
 4.212500e-09  2.425242e-01  4.212500e-09  1.001608e+00  4.212500e-09  1.200000e+00 
 4.213500e-09  2.381878e-01  4.213500e-09  1.005180e+00  4.213500e-09  1.200000e+00 
 4.214500e-09  2.339269e-01  4.214500e-09  1.008729e+00  4.214500e-09  1.200000e+00 
 4.215500e-09  2.297399e-01  4.215500e-09  1.012253e+00  4.215500e-09  1.200000e+00 
 4.216500e-09  2.256249e-01  4.216500e-09  1.015752e+00  4.216500e-09  1.200000e+00 
 4.217500e-09  2.215804e-01  4.217500e-09  1.019222e+00  4.217500e-09  1.200000e+00 
 4.218500e-09  2.176048e-01  4.218500e-09  1.022664e+00  4.218500e-09  1.200000e+00 
 4.219500e-09  2.136965e-01  4.219500e-09  1.026075e+00  4.219500e-09  1.200000e+00 
 4.220500e-09  2.098541e-01  4.220500e-09  1.029454e+00  4.220500e-09  1.200000e+00 
 4.221500e-09  2.060760e-01  4.221500e-09  1.032799e+00  4.221500e-09  1.200000e+00 
 4.222500e-09  2.023608e-01  4.222500e-09  1.036109e+00  4.222500e-09  1.200000e+00 
 4.223500e-09  1.987072e-01  4.223500e-09  1.039384e+00  4.223500e-09  1.200000e+00 
 4.224500e-09  1.951139e-01  4.224500e-09  1.042621e+00  4.224500e-09  1.200000e+00 
 4.225500e-09  1.915796e-01  4.225500e-09  1.045820e+00  4.225500e-09  1.200000e+00 
 4.226500e-09  1.881031e-01  4.226500e-09  1.048980e+00  4.226500e-09  1.200000e+00 
 4.227500e-09  1.846831e-01  4.227500e-09  1.052100e+00  4.227500e-09  1.200000e+00 
 4.228500e-09  1.813187e-01  4.228500e-09  1.055179e+00  4.228500e-09  1.200000e+00 
 4.229500e-09  1.780087e-01  4.229500e-09  1.058217e+00  4.229500e-09  1.200000e+00 
 4.230500e-09  1.747521e-01  4.230500e-09  1.061212e+00  4.230500e-09  1.200000e+00 
 4.231500e-09  1.715478e-01  4.231500e-09  1.064165e+00  4.231500e-09  1.200000e+00 
 4.232500e-09  1.683950e-01  4.232500e-09  1.067074e+00  4.232500e-09  1.200000e+00 
 4.233500e-09  1.652927e-01  4.233500e-09  1.069940e+00  4.233500e-09  1.200000e+00 
 4.234500e-09  1.622401e-01  4.234500e-09  1.072761e+00  4.234500e-09  1.200000e+00 
 4.235500e-09  1.592363e-01  4.235500e-09  1.075538e+00  4.235500e-09  1.200000e+00 
 4.236500e-09  1.562805e-01  4.236500e-09  1.078270e+00  4.236500e-09  1.200000e+00 
 4.237500e-09  1.533719e-01  4.237500e-09  1.080958e+00  4.237500e-09  1.200000e+00 
 4.238500e-09  1.505099e-01  4.238500e-09  1.083600e+00  4.238500e-09  1.200000e+00 
 4.239500e-09  1.476936e-01  4.239500e-09  1.086197e+00  4.239500e-09  1.200000e+00 
 4.240500e-09  1.449225e-01  4.240500e-09  1.088749e+00  4.240500e-09  1.200000e+00 
 4.241500e-09  1.421958e-01  4.241500e-09  1.091256e+00  4.241500e-09  1.200000e+00 
 4.242500e-09  1.395129e-01  4.242500e-09  1.093718e+00  4.242500e-09  1.200000e+00 
 4.243500e-09  1.368732e-01  4.243500e-09  1.096135e+00  4.243500e-09  1.200000e+00 
 4.244500e-09  1.342762e-01  4.244500e-09  1.098508e+00  4.244500e-09  1.200000e+00 
 4.245500e-09  1.317212e-01  4.245500e-09  1.100835e+00  4.245500e-09  1.200000e+00 
 4.246500e-09  1.292076e-01  4.246500e-09  1.103119e+00  4.246500e-09  1.200000e+00 
 4.247500e-09  1.267350e-01  4.247500e-09  1.105358e+00  4.247500e-09  1.200000e+00 
 4.248500e-09  1.243027e-01  4.248500e-09  1.107554e+00  4.248500e-09  1.200000e+00 
 4.249500e-09  1.219104e-01  4.249500e-09  1.109706e+00  4.249500e-09  1.200000e+00 
 4.250500e-09  1.195574e-01  4.250500e-09  1.111816e+00  4.250500e-09  1.200000e+00 
 4.251500e-09  1.172434e-01  4.251500e-09  1.113882e+00  4.251500e-09  1.200000e+00 
 4.252500e-09  1.149677e-01  4.252500e-09  1.115907e+00  4.252500e-09  1.200000e+00 
 4.253500e-09  1.127299e-01  4.253500e-09  1.117890e+00  4.253500e-09  1.200000e+00 
 4.254500e-09  1.105297e-01  4.254500e-09  1.119831e+00  4.254500e-09  1.200000e+00 
 4.255500e-09  1.083664e-01  4.255500e-09  1.121732e+00  4.255500e-09  1.200000e+00 
 4.256500e-09  1.062397e-01  4.256500e-09  1.123593e+00  4.256500e-09  1.200000e+00 
 4.257500e-09  1.041498e-01  4.257500e-09  1.125414e+00  4.257500e-09  1.200000e+00 
 4.258500e-09  1.020970e-01  4.258500e-09  1.127195e+00  4.258500e-09  1.200000e+00 
 4.259500e-09  1.000809e-01  4.259500e-09  1.128936e+00  4.259500e-09  1.200000e+00 
 4.260500e-09  9.810075e-02  4.260500e-09  1.130637e+00  4.260500e-09  1.200000e+00 
 4.261500e-09  9.615595e-02  4.261500e-09  1.132300e+00  4.261500e-09  1.200000e+00 
 4.262500e-09  9.424591e-02  4.262500e-09  1.133925e+00  4.262500e-09  1.200000e+00 
 4.263500e-09  9.237004e-02  4.263500e-09  1.135513e+00  4.263500e-09  1.200000e+00 
 4.264500e-09  9.052781e-02  4.264500e-09  1.137064e+00  4.264500e-09  1.200000e+00 
 4.265500e-09  8.871868e-02  4.265500e-09  1.138580e+00  4.265500e-09  1.200000e+00 
 4.266500e-09  8.694212e-02  4.266500e-09  1.140060e+00  4.266500e-09  1.200000e+00 
 4.267500e-09  8.519764e-02  4.267500e-09  1.141505e+00  4.267500e-09  1.200000e+00 
 4.268500e-09  8.348473e-02  4.268500e-09  1.142917e+00  4.268500e-09  1.200000e+00 
 4.269500e-09  8.180292e-02  4.269500e-09  1.144295e+00  4.269500e-09  1.200000e+00 
 4.270500e-09  8.015172e-02  4.270500e-09  1.145641e+00  4.270500e-09  1.200000e+00 
 4.271500e-09  7.853068e-02  4.271500e-09  1.146956e+00  4.271500e-09  1.200000e+00 
 4.272500e-09  7.693932e-02  4.272500e-09  1.148239e+00  4.272500e-09  1.200000e+00 
 4.273500e-09  7.537721e-02  4.273500e-09  1.149491e+00  4.273500e-09  1.200000e+00 
 4.274500e-09  7.384389e-02  4.274500e-09  1.150714e+00  4.274500e-09  1.200000e+00 
 4.275500e-09  7.233893e-02  4.275500e-09  1.151907e+00  4.275500e-09  1.200000e+00 
 4.276500e-09  7.086189e-02  4.276500e-09  1.153072e+00  4.276500e-09  1.200000e+00 
 4.277500e-09  6.941235e-02  4.277500e-09  1.154209e+00  4.277500e-09  1.200000e+00 
 4.278500e-09  6.798987e-02  4.278500e-09  1.155319e+00  4.278500e-09  1.200000e+00 
 4.279500e-09  6.659405e-02  4.279500e-09  1.156401e+00  4.279500e-09  1.200000e+00 
 4.280500e-09  6.522447e-02  4.280500e-09  1.157458e+00  4.280500e-09  1.200000e+00 
 4.281500e-09  6.388072e-02  4.281500e-09  1.158489e+00  4.281500e-09  1.200000e+00 
 4.282500e-09  6.256240e-02  4.282500e-09  1.159495e+00  4.282500e-09  1.200000e+00 
 4.283500e-09  6.126910e-02  4.283500e-09  1.160477e+00  4.283500e-09  1.200000e+00 
 4.284500e-09  5.999979e-02  4.284500e-09  1.161435e+00  4.284500e-09  1.200000e+00 
 4.285500e-09  5.875409e-02  4.285500e-09  1.162371e+00  4.285500e-09  1.200000e+00 
 4.286500e-09  5.753230e-02  4.286500e-09  1.163283e+00  4.286500e-09  1.200000e+00 
 4.287500e-09  5.633404e-02  4.287500e-09  1.164173e+00  4.287500e-09  1.200000e+00 
 4.288500e-09  5.515893e-02  4.288500e-09  1.165042e+00  4.288500e-09  1.200000e+00 
 4.289500e-09  5.400659e-02  4.289500e-09  1.165889e+00  4.289500e-09  1.200000e+00 
 4.290500e-09  5.287666e-02  4.290500e-09  1.166715e+00  4.290500e-09  1.200000e+00 
 4.291500e-09  5.176876e-02  4.291500e-09  1.167521e+00  4.291500e-09  1.200000e+00 
 4.292500e-09  5.068254e-02  4.292500e-09  1.168308e+00  4.292500e-09  1.200000e+00 
 4.293500e-09  4.961762e-02  4.293500e-09  1.169075e+00  4.293500e-09  1.200000e+00 
 4.294500e-09  4.857365e-02  4.294500e-09  1.169823e+00  4.294500e-09  1.200000e+00 
 4.295500e-09  4.755027e-02  4.295500e-09  1.170553e+00  4.295500e-09  1.200000e+00 
 4.296500e-09  4.654713e-02  4.296500e-09  1.171265e+00  4.296500e-09  1.200000e+00 
 4.297500e-09  4.556389e-02  4.297500e-09  1.171960e+00  4.297500e-09  1.200000e+00 
 4.298500e-09  4.460019e-02  4.298500e-09  1.172638e+00  4.298500e-09  1.200000e+00 
 4.299500e-09  4.365570e-02  4.299500e-09  1.173298e+00  4.299500e-09  1.200000e+00 
 4.300500e-09  4.273008e-02  4.300500e-09  1.173943e+00  4.300500e-09  1.200000e+00 
 4.301500e-09  4.182300e-02  4.301500e-09  1.174572e+00  4.301500e-09  1.200000e+00 
 4.302500e-09  4.093413e-02  4.302500e-09  1.175185e+00  4.302500e-09  1.200000e+00 
 4.303500e-09  4.006315e-02  4.303500e-09  1.175783e+00  4.303500e-09  1.200000e+00 
 4.304500e-09  3.920974e-02  4.304500e-09  1.176367e+00  4.304500e-09  1.200000e+00 
 4.305500e-09  3.837358e-02  4.305500e-09  1.176936e+00  4.305500e-09  1.200000e+00 
 4.306500e-09  3.755436e-02  4.306500e-09  1.177491e+00  4.306500e-09  1.200000e+00 
 4.307500e-09  3.675178e-02  4.307500e-09  1.178033e+00  4.307500e-09  1.200000e+00 
 4.308500e-09  3.596552e-02  4.308500e-09  1.178561e+00  4.308500e-09  1.200000e+00 
 4.309500e-09  3.519530e-02  4.309500e-09  1.179076e+00  4.309500e-09  1.200000e+00 
 4.310500e-09  3.444082e-02  4.310500e-09  1.179579e+00  4.310500e-09  1.200000e+00 
 4.311500e-09  3.370178e-02  4.311500e-09  1.180069e+00  4.311500e-09  1.200000e+00 
 4.312500e-09  3.297790e-02  4.312500e-09  1.180547e+00  4.312500e-09  1.200000e+00 
 4.313500e-09  3.226890e-02  4.313500e-09  1.181013e+00  4.313500e-09  1.200000e+00 
 4.314500e-09  3.157450e-02  4.314500e-09  1.181468e+00  4.314500e-09  1.200000e+00 
 4.315500e-09  3.089443e-02  4.315500e-09  1.181912e+00  4.315500e-09  1.200000e+00 
 4.316500e-09  3.022841e-02  4.316500e-09  1.182345e+00  4.316500e-09  1.200000e+00 
 4.317500e-09  2.957618e-02  4.317500e-09  1.182767e+00  4.317500e-09  1.200000e+00 
 4.318500e-09  2.893747e-02  4.318500e-09  1.183179e+00  4.318500e-09  1.200000e+00 
 4.319500e-09  2.831203e-02  4.319500e-09  1.183581e+00  4.319500e-09  1.200000e+00 
 4.320500e-09  2.769961e-02  4.320500e-09  1.183973e+00  4.320500e-09  1.200000e+00 
 4.321500e-09  2.709995e-02  4.321500e-09  1.184355e+00  4.321500e-09  1.200000e+00 
 4.322500e-09  2.651282e-02  4.322500e-09  1.184729e+00  4.322500e-09  1.200000e+00 
 4.323500e-09  2.593795e-02  4.323500e-09  1.185092e+00  4.323500e-09  1.200000e+00 
 4.324500e-09  2.537513e-02  4.324500e-09  1.185448e+00  4.324500e-09  1.200000e+00 
 4.325500e-09  2.482411e-02  4.325500e-09  1.185794e+00  4.325500e-09  1.200000e+00 
 4.326500e-09  2.428466e-02  4.326500e-09  1.186132e+00  4.326500e-09  1.200000e+00 
 4.327500e-09  2.375656e-02  4.327500e-09  1.186461e+00  4.327500e-09  1.200000e+00 
 4.328500e-09  2.323958e-02  4.328500e-09  1.186783e+00  4.328500e-09  1.200000e+00 
 4.329500e-09  2.273351e-02  4.329500e-09  1.187097e+00  4.329500e-09  1.200000e+00 
 4.330500e-09  2.223812e-02  4.330500e-09  1.187403e+00  4.330500e-09  1.200000e+00 
 4.331500e-09  2.175321e-02  4.331500e-09  1.187702e+00  4.331500e-09  1.200000e+00 
 4.332500e-09  2.127857e-02  4.332500e-09  1.187993e+00  4.332500e-09  1.200000e+00 
 4.333500e-09  2.081399e-02  4.333500e-09  1.188277e+00  4.333500e-09  1.200000e+00 
 4.334500e-09  2.035927e-02  4.334500e-09  1.188555e+00  4.334500e-09  1.200000e+00 
 4.335500e-09  1.991422e-02  4.335500e-09  1.188826e+00  4.335500e-09  1.200000e+00 
 4.336500e-09  1.947864e-02  4.336500e-09  1.189090e+00  4.336500e-09  1.200000e+00 
 4.337500e-09  1.905234e-02  4.337500e-09  1.189347e+00  4.337500e-09  1.200000e+00 
 4.338500e-09  1.863513e-02  4.338500e-09  1.189599e+00  4.338500e-09  1.200000e+00 
 4.339500e-09  1.822683e-02  4.339500e-09  1.189844e+00  4.339500e-09  1.200000e+00 
 4.340500e-09  1.782725e-02  4.340500e-09  1.190084e+00  4.340500e-09  1.200000e+00 
 4.341500e-09  1.743623e-02  4.341500e-09  1.190317e+00  4.341500e-09  1.200000e+00 
 4.342500e-09  1.705358e-02  4.342500e-09  1.190545e+00  4.342500e-09  1.200000e+00 
 4.343500e-09  1.667914e-02  4.343500e-09  1.190768e+00  4.343500e-09  1.200000e+00 
 4.344500e-09  1.631273e-02  4.344500e-09  1.190985e+00  4.344500e-09  1.200000e+00 
 4.345500e-09  1.595420e-02  4.345500e-09  1.191197e+00  4.345500e-09  1.200000e+00 
 4.346500e-09  1.560337e-02  4.346500e-09  1.191404e+00  4.346500e-09  1.200000e+00 
 4.347500e-09  1.526010e-02  4.347500e-09  1.191606e+00  4.347500e-09  1.200000e+00 
 4.348500e-09  1.492422e-02  4.348500e-09  1.191803e+00  4.348500e-09  1.200000e+00 
 4.349500e-09  1.459559e-02  4.349500e-09  1.191995e+00  4.349500e-09  1.200000e+00 
 4.350500e-09  1.427405e-02  4.350500e-09  1.192182e+00  4.350500e-09  1.200000e+00 
 4.351500e-09  1.395946e-02  4.351500e-09  1.192366e+00  4.351500e-09  1.200000e+00 
 4.352500e-09  1.365167e-02  4.352500e-09  1.192544e+00  4.352500e-09  1.200000e+00 
 4.353500e-09  1.335053e-02  4.353500e-09  1.192719e+00  4.353500e-09  1.200000e+00 
 4.354500e-09  1.305592e-02  4.354500e-09  1.192889e+00  4.354500e-09  1.200000e+00 
 4.355500e-09  1.276770e-02  4.355500e-09  1.193055e+00  4.355500e-09  1.200000e+00 
 4.356500e-09  1.248572e-02  4.356500e-09  1.193218e+00  4.356500e-09  1.200000e+00 
 4.357500e-09  1.220987e-02  4.357500e-09  1.193376e+00  4.357500e-09  1.200000e+00 
 4.358500e-09  1.194001e-02  4.358500e-09  1.193530e+00  4.358500e-09  1.200000e+00 
 4.359500e-09  1.167602e-02  4.359500e-09  1.193681e+00  4.359500e-09  1.200000e+00 
 4.360500e-09  1.141776e-02  4.360500e-09  1.193829e+00  4.360500e-09  1.200000e+00 
 4.361500e-09  1.116514e-02  4.361500e-09  1.193972e+00  4.361500e-09  1.200000e+00 
 4.362500e-09  1.091801e-02  4.362500e-09  1.194113e+00  4.362500e-09  1.200000e+00 
 4.363500e-09  1.067627e-02  4.363500e-09  1.194250e+00  4.363500e-09  1.200000e+00 
 4.364500e-09  1.043981e-02  4.364500e-09  1.194383e+00  4.364500e-09  1.200000e+00 
 4.365500e-09  1.020850e-02  4.365500e-09  1.194514e+00  4.365500e-09  1.200000e+00 
 4.366500e-09  9.982250e-03  4.366500e-09  1.194642e+00  4.366500e-09  1.200000e+00 
 4.367500e-09  9.760943e-03  4.367500e-09  1.194766e+00  4.367500e-09  1.200000e+00 
 4.368500e-09  9.544476e-03  4.368500e-09  1.194888e+00  4.368500e-09  1.200000e+00 
 4.369500e-09  9.332745e-03  4.369500e-09  1.195006e+00  4.369500e-09  1.200000e+00 
 4.370500e-09  9.125649e-03  4.370500e-09  1.195122e+00  4.370500e-09  1.200000e+00 
 4.371500e-09  8.923090e-03  4.371500e-09  1.195235e+00  4.371500e-09  1.200000e+00 
 4.372500e-09  8.724971e-03  4.372500e-09  1.195345e+00  4.372500e-09  1.200000e+00 
 4.373500e-09  8.531197e-03  4.373500e-09  1.195453e+00  4.373500e-09  1.200000e+00 
 4.374500e-09  8.341675e-03  4.374500e-09  1.195558e+00  4.374500e-09  1.200000e+00 
 4.375500e-09  8.156313e-03  4.375500e-09  1.195661e+00  4.375500e-09  1.200000e+00 
 4.376500e-09  7.975023e-03  4.376500e-09  1.195762e+00  4.376500e-09  1.200000e+00 
 4.377500e-09  7.797717e-03  4.377500e-09  1.195860e+00  4.377500e-09  1.200000e+00 
 4.378500e-09  7.624309e-03  4.378500e-09  1.195955e+00  4.378500e-09  1.200000e+00 
 4.379500e-09  7.454715e-03  4.379500e-09  1.196049e+00  4.379500e-09  1.200000e+00 
 4.380500e-09  7.288854e-03  4.380500e-09  1.196140e+00  4.380500e-09  1.200000e+00 
 4.381500e-09  7.126645e-03  4.381500e-09  1.196229e+00  4.381500e-09  1.200000e+00 
 4.382500e-09  6.968009e-03  4.382500e-09  1.196316e+00  4.382500e-09  1.200000e+00 
 4.383500e-09  6.812869e-03  4.383500e-09  1.196401e+00  4.383500e-09  1.200000e+00 
 4.384500e-09  6.661149e-03  4.384500e-09  1.196484e+00  4.384500e-09  1.200000e+00 
 4.385500e-09  6.512776e-03  4.385500e-09  1.196565e+00  4.385500e-09  1.200000e+00 
 4.386500e-09  6.367677e-03  4.386500e-09  1.196644e+00  4.386500e-09  1.200000e+00 
 4.387500e-09  6.225780e-03  4.387500e-09  1.196721e+00  4.387500e-09  1.200000e+00 
 4.388500e-09  6.087018e-03  4.388500e-09  1.196797e+00  4.388500e-09  1.200000e+00 
 4.389500e-09  5.951320e-03  4.389500e-09  1.196870e+00  4.389500e-09  1.200000e+00 
 4.390500e-09  5.818622e-03  4.390500e-09  1.196942e+00  4.390500e-09  1.200000e+00 
 4.391500e-09  5.688858e-03  4.391500e-09  1.197013e+00  4.391500e-09  1.200000e+00 
 4.392500e-09  5.561963e-03  4.392500e-09  1.197081e+00  4.392500e-09  1.200000e+00 
 4.393500e-09  5.437877e-03  4.393500e-09  1.197148e+00  4.393500e-09  1.200000e+00 
 4.394500e-09  5.316536e-03  4.394500e-09  1.197214e+00  4.394500e-09  1.200000e+00 
 4.395500e-09  5.197882e-03  4.395500e-09  1.197278e+00  4.395500e-09  1.200000e+00 
 4.396500e-09  5.081856e-03  4.396500e-09  1.197340e+00  4.396500e-09  1.200000e+00 
 4.397500e-09  4.968401e-03  4.397500e-09  1.197401e+00  4.397500e-09  1.200000e+00 
 4.398500e-09  4.857460e-03  4.398500e-09  1.197461e+00  4.398500e-09  1.200000e+00 
 4.399500e-09  4.748978e-03  4.399500e-09  1.197519e+00  4.399500e-09  1.200000e+00 
 4.400500e-09  4.642903e-03  4.400500e-09  1.197576e+00  4.400500e-09  1.200000e+00 
 4.401500e-09  4.539180e-03  4.401500e-09  1.197632e+00  4.401500e-09  1.200000e+00 
 4.402500e-09  4.437759e-03  4.402500e-09  1.197686e+00  4.402500e-09  1.200000e+00 
 4.403500e-09  4.338589e-03  4.403500e-09  1.197739e+00  4.403500e-09  1.200000e+00 
 4.404500e-09  4.241621e-03  4.404500e-09  1.197791e+00  4.404500e-09  1.200000e+00 
 4.405500e-09  4.146807e-03  4.405500e-09  1.197841e+00  4.405500e-09  1.200000e+00 
 4.406500e-09  4.054099e-03  4.406500e-09  1.197891e+00  4.406500e-09  1.200000e+00 
 4.407500e-09  3.963451e-03  4.407500e-09  1.197939e+00  4.407500e-09  1.200000e+00 
 4.408500e-09  3.874817e-03  4.408500e-09  1.197986e+00  4.408500e-09  1.200000e+00 
 4.409500e-09  3.788155e-03  4.409500e-09  1.198032e+00  4.409500e-09  1.200000e+00 
 4.410500e-09  3.703419e-03  4.410500e-09  1.198077e+00  4.410500e-09  1.200000e+00 
 4.411500e-09  3.620569e-03  4.411500e-09  1.198121e+00  4.411500e-09  1.200000e+00 
 4.412500e-09  3.539561e-03  4.412500e-09  1.198164e+00  4.412500e-09  1.200000e+00 
 4.413500e-09  3.460357e-03  4.413500e-09  1.198206e+00  4.413500e-09  1.200000e+00 
 4.414500e-09  3.382916e-03  4.414500e-09  1.198247e+00  4.414500e-09  1.200000e+00 
 4.415500e-09  3.307198e-03  4.415500e-09  1.198287e+00  4.415500e-09  1.200000e+00 
 4.416500e-09  3.233168e-03  4.416500e-09  1.198326e+00  4.416500e-09  1.200000e+00 
 4.417500e-09  3.160786e-03  4.417500e-09  1.198364e+00  4.417500e-09  1.200000e+00 
 4.418500e-09  3.090016e-03  4.418500e-09  1.198401e+00  4.418500e-09  1.200000e+00 
 4.419500e-09  3.020824e-03  4.419500e-09  1.198438e+00  4.419500e-09  1.200000e+00 
 4.420500e-09  2.953174e-03  4.420500e-09  1.198473e+00  4.420500e-09  1.200000e+00 
 4.421500e-09  2.887032e-03  4.421500e-09  1.198508e+00  4.421500e-09  1.200000e+00 
 4.422500e-09  2.822365e-03  4.422500e-09  1.198542e+00  4.422500e-09  1.200000e+00 
 4.423500e-09  2.759140e-03  4.423500e-09  1.198575e+00  4.423500e-09  1.200000e+00 
 4.424500e-09  2.697326e-03  4.424500e-09  1.198608e+00  4.424500e-09  1.200000e+00 
 4.425500e-09  2.636890e-03  4.425500e-09  1.198639e+00  4.425500e-09  1.200000e+00 
 4.426500e-09  2.577803e-03  4.426500e-09  1.198670e+00  4.426500e-09  1.200000e+00 
 4.427500e-09  2.520035e-03  4.427500e-09  1.198701e+00  4.427500e-09  1.200000e+00 
 4.428500e-09  2.463556e-03  4.428500e-09  1.198730e+00  4.428500e-09  1.200000e+00 
 4.429500e-09  2.408339e-03  4.429500e-09  1.198759e+00  4.429500e-09  1.200000e+00 
 4.430500e-09  2.354354e-03  4.430500e-09  1.198787e+00  4.430500e-09  1.200000e+00 
 4.431500e-09  2.301575e-03  4.431500e-09  1.198815e+00  4.431500e-09  1.200000e+00 
 4.432500e-09  2.249975e-03  4.432500e-09  1.198842e+00  4.432500e-09  1.200000e+00 
 4.433500e-09  2.199527e-03  4.433500e-09  1.198868e+00  4.433500e-09  1.200000e+00 
 4.434500e-09  2.150207e-03  4.434500e-09  1.198894e+00  4.434500e-09  1.200000e+00 
 4.435500e-09  2.101989e-03  4.435500e-09  1.198919e+00  4.435500e-09  1.200000e+00 
 4.436500e-09  2.054849e-03  4.436500e-09  1.198944e+00  4.436500e-09  1.200000e+00 
 4.437500e-09  2.008763e-03  4.437500e-09  1.198968e+00  4.437500e-09  1.200000e+00 
 4.438500e-09  1.963707e-03  4.438500e-09  1.198991e+00  4.438500e-09  1.200000e+00 
 4.439500e-09  1.919658e-03  4.439500e-09  1.199014e+00  4.439500e-09  1.200000e+00 
 4.440500e-09  1.876594e-03  4.440500e-09  1.199036e+00  4.440500e-09  1.200000e+00 
 4.441500e-09  1.834494e-03  4.441500e-09  1.199058e+00  4.441500e-09  1.200000e+00 
 4.442500e-09  1.793335e-03  4.442500e-09  1.199080e+00  4.442500e-09  1.200000e+00 
 4.443500e-09  1.753097e-03  4.443500e-09  1.199101e+00  4.443500e-09  1.200000e+00 
 4.444500e-09  1.713760e-03  4.444500e-09  1.199121e+00  4.444500e-09  1.200000e+00 
 4.445500e-09  1.675302e-03  4.445500e-09  1.199141e+00  4.445500e-09  1.200000e+00 
 4.446500e-09  1.637706e-03  4.446500e-09  1.199160e+00  4.446500e-09  1.200000e+00 
 4.447500e-09  1.600951e-03  4.447500e-09  1.199179e+00  4.447500e-09  1.200000e+00 
 4.448500e-09  1.565018e-03  4.448500e-09  1.199198e+00  4.448500e-09  1.200000e+00 
 4.449500e-09  1.529891e-03  4.449500e-09  1.199216e+00  4.449500e-09  1.200000e+00 
 4.450500e-09  1.495549e-03  4.450500e-09  1.199234e+00  4.450500e-09  1.200000e+00 
 4.451500e-09  1.461977e-03  4.451500e-09  1.199251e+00  4.451500e-09  1.200000e+00 
 4.452500e-09  1.429156e-03  4.452500e-09  1.199268e+00  4.452500e-09  1.200000e+00 
 4.453500e-09  1.397071e-03  4.453500e-09  1.199285e+00  4.453500e-09  1.200000e+00 
 4.454500e-09  1.365704e-03  4.454500e-09  1.199301e+00  4.454500e-09  1.200000e+00 
 4.455500e-09  1.335040e-03  4.455500e-09  1.199317e+00  4.455500e-09  1.200000e+00 
 4.456500e-09  1.305063e-03  4.456500e-09  1.199332e+00  4.456500e-09  1.200000e+00 
 4.457500e-09  1.275758e-03  4.457500e-09  1.199348e+00  4.457500e-09  1.200000e+00 
 4.458500e-09  1.247109e-03  4.458500e-09  1.199362e+00  4.458500e-09  1.200000e+00 
 4.459500e-09  1.219103e-03  4.459500e-09  1.199377e+00  4.459500e-09  1.200000e+00 
 4.460500e-09  1.191724e-03  4.460500e-09  1.199391e+00  4.460500e-09  1.200000e+00 
 4.461500e-09  1.164959e-03  4.461500e-09  1.199405e+00  4.461500e-09  1.200000e+00 
 4.462500e-09  1.138793e-03  4.462500e-09  1.199418e+00  4.462500e-09  1.200000e+00 
 4.463500e-09  1.113215e-03  4.463500e-09  1.199431e+00  4.463500e-09  1.200000e+00 
 4.464500e-09  1.088209e-03  4.464500e-09  1.199444e+00  4.464500e-09  1.200000e+00 
 4.465500e-09  1.063765e-03  4.465500e-09  1.199457e+00  4.465500e-09  1.200000e+00 
 4.466500e-09  1.039868e-03  4.466500e-09  1.199469e+00  4.466500e-09  1.200000e+00 
 4.467500e-09  1.016508e-03  4.467500e-09  1.199481e+00  4.467500e-09  1.200000e+00 
 4.468500e-09  9.936713e-04  4.468500e-09  1.199493e+00  4.468500e-09  1.200000e+00 
 4.469500e-09  9.713469e-04  4.469500e-09  1.199504e+00  4.469500e-09  1.200000e+00 
 4.470500e-09  9.495232e-04  4.470500e-09  1.199515e+00  4.470500e-09  1.200000e+00 
 4.471500e-09  9.281891e-04  4.471500e-09  1.199526e+00  4.471500e-09  1.200000e+00 
 4.472500e-09  9.073335e-04  4.472500e-09  1.199537e+00  4.472500e-09  1.200000e+00 
 4.473500e-09  8.869459e-04  4.473500e-09  1.199548e+00  4.473500e-09  1.200000e+00 
 4.474500e-09  8.670157e-04  4.474500e-09  1.199558e+00  4.474500e-09  1.200000e+00 
 4.475500e-09  8.475326e-04  4.475500e-09  1.199568e+00  4.475500e-09  1.200000e+00 
 4.476500e-09  8.284868e-04  4.476500e-09  1.199578e+00  4.476500e-09  1.200000e+00 
 4.477500e-09  8.098684e-04  4.477500e-09  1.199587e+00  4.477500e-09  1.200000e+00 
 4.478500e-09  7.916678e-04  4.478500e-09  1.199596e+00  4.478500e-09  1.200000e+00 
 4.479500e-09  7.738757e-04  4.479500e-09  1.199606e+00  4.479500e-09  1.200000e+00 
 4.480500e-09  7.564829e-04  4.480500e-09  1.199614e+00  4.480500e-09  1.200000e+00 
 4.481500e-09  7.394806e-04  4.481500e-09  1.199623e+00  4.481500e-09  1.200000e+00 
 4.482500e-09  7.228598e-04  4.482500e-09  1.199632e+00  4.482500e-09  1.200000e+00 
 4.483500e-09  7.066122e-04  4.483500e-09  1.199640e+00  4.483500e-09  1.200000e+00 
 4.484500e-09  6.907294e-04  4.484500e-09  1.199648e+00  4.484500e-09  1.200000e+00 
 4.485500e-09  6.752032e-04  4.485500e-09  1.199656e+00  4.485500e-09  1.200000e+00 
 4.486500e-09  6.600255e-04  4.486500e-09  1.199664e+00  4.486500e-09  1.200000e+00 
 4.487500e-09  6.451886e-04  4.487500e-09  1.199671e+00  4.487500e-09  1.200000e+00 
 4.488500e-09  6.306849e-04  4.488500e-09  1.199679e+00  4.488500e-09  1.200000e+00 
 4.489500e-09  6.165069e-04  4.489500e-09  1.199686e+00  4.489500e-09  1.200000e+00 
 4.490500e-09  6.026473e-04  4.490500e-09  1.199693e+00  4.490500e-09  1.200000e+00 
 4.491500e-09  5.890989e-04  4.491500e-09  1.199700e+00  4.491500e-09  1.200000e+00 
 4.492500e-09  5.758548e-04  4.492500e-09  1.199707e+00  4.492500e-09  1.200000e+00 
 4.493500e-09  5.629081e-04  4.493500e-09  1.199714e+00  4.493500e-09  1.200000e+00 
 4.494500e-09  5.502523e-04  4.494500e-09  1.199720e+00  4.494500e-09  1.200000e+00 
 4.495500e-09  5.378807e-04  4.495500e-09  1.199726e+00  4.495500e-09  1.200000e+00 
 4.496500e-09  5.257870e-04  4.496500e-09  1.199733e+00  4.496500e-09  1.200000e+00 
 4.497500e-09  5.139650e-04  4.497500e-09  1.199739e+00  4.497500e-09  1.200000e+00 
 4.498500e-09  5.024086e-04  4.498500e-09  1.199744e+00  4.498500e-09  1.200000e+00 
 4.499500e-09  4.911117e-04  4.499500e-09  1.199750e+00  4.499500e-09  1.200000e+00 
 4.500000e-09  4.855590e-04  4.500000e-09  1.199753e+00  4.500000e-09  1.200000e+00 
 4.500100e-09  4.842585e-04  4.500100e-09  1.199753e+00  4.500100e-09  1.197600e+00 
 4.500300e-09  4.812031e-04  4.500300e-09  1.199752e+00  4.500300e-09  1.192800e+00 
 4.500700e-09  4.717073e-04  4.500700e-09  1.199744e+00  4.500700e-09  1.183200e+00 
 4.501500e-09  4.338663e-04  4.501500e-09  1.199705e+00  4.501500e-09  1.164000e+00 
 4.502500e-09  3.414724e-04  4.502500e-09  1.199621e+00  4.502500e-09  1.140000e+00 
 4.503500e-09  1.834314e-04  4.503500e-09  1.199480e+00  4.503500e-09  1.116000e+00 
 4.504500e-09 -6.181951e-05  4.504500e-09  1.199227e+00  4.504500e-09  1.092000e+00 
 4.505500e-09 -4.021328e-04  4.505500e-09  1.198831e+00  4.505500e-09  1.068000e+00 
 4.506500e-09 -8.298779e-04  4.506500e-09  1.198307e+00  4.506500e-09  1.044000e+00 
 4.507500e-09 -1.336379e-03  4.507500e-09  1.197668e+00  4.507500e-09  1.020000e+00 
 4.508500e-09 -1.912697e-03  4.508500e-09  1.196927e+00  4.508500e-09  9.960000e-01 
 4.509500e-09 -2.550066e-03  4.509500e-09  1.196094e+00  4.509500e-09  9.720000e-01 
 4.510500e-09 -3.240155e-03  4.510500e-09  1.195181e+00  4.510500e-09  9.480000e-01 
 4.511500e-09 -3.975194e-03  4.511500e-09  1.194200e+00  4.511500e-09  9.240000e-01 
 4.512500e-09 -4.748015e-03  4.512500e-09  1.193161e+00  4.512500e-09  9.000000e-01 
 4.513500e-09 -5.552048e-03  4.513500e-09  1.192077e+00  4.513500e-09  8.760000e-01 
 4.514500e-09 -6.381277e-03  4.514500e-09  1.190959e+00  4.514500e-09  8.520000e-01 
 4.515500e-09 -7.230198e-03  4.515500e-09  1.189818e+00  4.515500e-09  8.280000e-01 
 4.516500e-09 -8.093764e-03  4.516500e-09  1.188668e+00  4.516500e-09  8.040000e-01 
 4.517500e-09 -8.953028e-03  4.517500e-09  1.187562e+00  4.517500e-09  7.800000e-01 
 4.518500e-09 -9.819772e-03  4.518500e-09  1.186425e+00  4.518500e-09  7.560000e-01 
 4.519500e-09 -1.069347e-02  4.519500e-09  1.185206e+00  4.519500e-09  7.320000e-01 
 4.520500e-09 -1.153228e-02  4.520500e-09  1.184003e+00  4.520500e-09  7.080000e-01 
 4.521500e-09 -1.231539e-02  4.521500e-09  1.182847e+00  4.521500e-09  6.840000e-01 
 4.522500e-09 -1.302952e-02  4.522500e-09  1.181751e+00  4.522500e-09  6.600000e-01 
 4.523500e-09 -1.366410e-02  4.523500e-09  1.180721e+00  4.523500e-09  6.360000e-01 
 4.524500e-09 -1.421015e-02  4.524500e-09  1.179760e+00  4.524500e-09  6.120000e-01 
 4.525500e-09 -1.465984e-02  4.525500e-09  1.178870e+00  4.525500e-09  5.880000e-01 
 4.526500e-09 -1.500627e-02  4.526500e-09  1.178053e+00  4.526500e-09  5.640000e-01 
 4.527500e-09 -1.524333e-02  4.527500e-09  1.177309e+00  4.527500e-09  5.400000e-01 
 4.528500e-09 -1.536562e-02  4.528500e-09  1.176636e+00  4.528500e-09  5.160000e-01 
 4.529500e-09 -1.536848e-02  4.529500e-09  1.176035e+00  4.529500e-09  4.920000e-01 
 4.530500e-09 -1.524798e-02  4.530500e-09  1.175503e+00  4.530500e-09  4.680000e-01 
 4.531500e-09 -1.500108e-02  4.531500e-09  1.175039e+00  4.531500e-09  4.440000e-01 
 4.532500e-09 -1.462583e-02  4.532500e-09  1.174640e+00  4.532500e-09  4.200000e-01 
 4.533500e-09 -1.412193e-02  4.533500e-09  1.174301e+00  4.533500e-09  3.960000e-01 
 4.534500e-09 -1.349025e-02  4.534500e-09  1.174018e+00  4.534500e-09  3.720000e-01 
 4.535500e-09 -1.273109e-02  4.535500e-09  1.173790e+00  4.535500e-09  3.480000e-01 
 4.536500e-09 -1.184236e-02  4.536500e-09  1.173619e+00  4.536500e-09  3.240000e-01 
 4.537500e-09 -1.081838e-02  4.537500e-09  1.173506e+00  4.537500e-09  3.000000e-01 
 4.538500e-09 -9.649345e-03  4.538500e-09  1.173459e+00  4.538500e-09  2.760000e-01 
 4.539500e-09 -8.322042e-03  4.539500e-09  1.173482e+00  4.539500e-09  2.520000e-01 
 4.540500e-09 -6.821134e-03  4.540500e-09  1.173580e+00  4.540500e-09  2.280000e-01 
 4.541500e-09 -5.130117e-03  4.541500e-09  1.173755e+00  4.541500e-09  2.040000e-01 
 4.542500e-09 -3.231960e-03  4.542500e-09  1.174011e+00  4.542500e-09  1.800000e-01 
 4.543500e-09 -1.109515e-03  4.543500e-09  1.174349e+00  4.543500e-09  1.560000e-01 
 4.544500e-09  1.254237e-03  4.544500e-09  1.174770e+00  4.544500e-09  1.320000e-01 
 4.545500e-09  3.876058e-03  4.545500e-09  1.175276e+00  4.545500e-09  1.080000e-01 
 4.546500e-09  6.769841e-03  4.546500e-09  1.175866e+00  4.546500e-09  8.400000e-02 
 4.547500e-09  9.947565e-03  4.547500e-09  1.176539e+00  4.547500e-09  6.000000e-02 
 4.548500e-09  1.342374e-02  4.548500e-09  1.177295e+00  4.548500e-09  3.600000e-02 
 4.549500e-09  1.721440e-02  4.549500e-09  1.178134e+00  4.549500e-09  1.200000e-02 
 4.550000e-09  1.923208e-02  4.550000e-09  1.178585e+00  4.550000e-09  2.176037e-14 
 4.550100e-09  1.969305e-02  4.550100e-09  1.178849e+00  4.550100e-09  0.000000e+00 
 4.550300e-09  2.060837e-02  4.550300e-09  1.179372e+00  4.550300e-09  0.000000e+00 
 4.550700e-09  2.240102e-02  4.550700e-09  1.180395e+00  4.550700e-09  0.000000e+00 
 4.551500e-09  2.584830e-02  4.551500e-09  1.182347e+00  4.551500e-09  0.000000e+00 
 4.552500e-09  2.993027e-02  4.552500e-09  1.184621e+00  4.552500e-09  0.000000e+00 
 4.553500e-09  3.379767e-02  4.553500e-09  1.186726e+00  4.553500e-09  0.000000e+00 
 4.554500e-09  3.748412e-02  4.554500e-09  1.188674e+00  4.554500e-09  0.000000e+00 
 4.555500e-09  4.101620e-02  4.555500e-09  1.190480e+00  4.555500e-09  0.000000e+00 
 4.556500e-09  4.441534e-02  4.556500e-09  1.192156e+00  4.556500e-09  0.000000e+00 
 4.557500e-09  4.769904e-02  4.557500e-09  1.193711e+00  4.557500e-09  0.000000e+00 
 4.558500e-09  5.088124e-02  4.558500e-09  1.195157e+00  4.558500e-09  0.000000e+00 
 4.559500e-09  5.397403e-02  4.559500e-09  1.196502e+00  4.559500e-09  0.000000e+00 
 4.560500e-09  5.698834e-02  4.560500e-09  1.197754e+00  4.560500e-09  0.000000e+00 
 4.561500e-09  5.993330e-02  4.561500e-09  1.198920e+00  4.561500e-09  0.000000e+00 
 4.562500e-09  6.281755e-02  4.562500e-09  1.200007e+00  4.562500e-09  0.000000e+00 
 4.563500e-09  6.564810e-02  4.563500e-09  1.201021e+00  4.563500e-09  0.000000e+00 
 4.564500e-09  6.843039e-02  4.564500e-09  1.201969e+00  4.564500e-09  0.000000e+00 
 4.565500e-09  7.116972e-02  4.565500e-09  1.202855e+00  4.565500e-09  0.000000e+00 
 4.566500e-09  7.387083e-02  4.566500e-09  1.203684e+00  4.566500e-09  0.000000e+00 
 4.567500e-09  7.653797e-02  4.567500e-09  1.204461e+00  4.567500e-09  0.000000e+00 
 4.568500e-09  7.917498e-02  4.568500e-09  1.205189e+00  4.568500e-09  0.000000e+00 
 4.569500e-09  8.178531e-02  4.569500e-09  1.205873e+00  4.569500e-09  0.000000e+00 
 4.570500e-09  8.437207e-02  4.570500e-09  1.206514e+00  4.570500e-09  0.000000e+00 
 4.571500e-09  8.693810e-02  4.571500e-09  1.207118e+00  4.571500e-09  0.000000e+00 
 4.572500e-09  8.948597e-02  4.572500e-09  1.207686e+00  4.572500e-09  0.000000e+00 
 4.573500e-09  9.201801e-02  4.573500e-09  1.208221e+00  4.573500e-09  0.000000e+00 
 4.574500e-09  9.453636e-02  4.574500e-09  1.208726e+00  4.574500e-09  0.000000e+00 
 4.575500e-09  9.704294e-02  4.575500e-09  1.209203e+00  4.575500e-09  0.000000e+00 
 4.576500e-09  9.953954e-02  4.576500e-09  1.209653e+00  4.576500e-09  0.000000e+00 
 4.577500e-09  1.020278e-01  4.577500e-09  1.210080e+00  4.577500e-09  0.000000e+00 
 4.578500e-09  1.045092e-01  4.578500e-09  1.210484e+00  4.578500e-09  0.000000e+00 
 4.579500e-09  1.069851e-01  4.579500e-09  1.210867e+00  4.579500e-09  0.000000e+00 
 4.580500e-09  1.094568e-01  4.580500e-09  1.211231e+00  4.580500e-09  0.000000e+00 
 4.581500e-09  1.119254e-01  4.581500e-09  1.211577e+00  4.581500e-09  0.000000e+00 
 4.582500e-09  1.143921e-01  4.582500e-09  1.211907e+00  4.582500e-09  0.000000e+00 
 4.583500e-09  1.168578e-01  4.583500e-09  1.212222e+00  4.583500e-09  0.000000e+00 
 4.584500e-09  1.193234e-01  4.584500e-09  1.212523e+00  4.584500e-09  0.000000e+00 
 4.585500e-09  1.217900e-01  4.585500e-09  1.212810e+00  4.585500e-09  0.000000e+00 
 4.586500e-09  1.242582e-01  4.586500e-09  1.213086e+00  4.586500e-09  0.000000e+00 
 4.587500e-09  1.267289e-01  4.587500e-09  1.213350e+00  4.587500e-09  0.000000e+00 
 4.588500e-09  1.292027e-01  4.588500e-09  1.213605e+00  4.588500e-09  0.000000e+00 
 4.589500e-09  1.316804e-01  4.589500e-09  1.213849e+00  4.589500e-09  0.000000e+00 
 4.590500e-09  1.341626e-01  4.590500e-09  1.214085e+00  4.590500e-09  0.000000e+00 
 4.591500e-09  1.366500e-01  4.591500e-09  1.214313e+00  4.591500e-09  0.000000e+00 
 4.592500e-09  1.391431e-01  4.592500e-09  1.214534e+00  4.592500e-09  0.000000e+00 
 4.593500e-09  1.416426e-01  4.593500e-09  1.214748e+00  4.593500e-09  0.000000e+00 
 4.594500e-09  1.441490e-01  4.594500e-09  1.214956e+00  4.594500e-09  0.000000e+00 
 4.595500e-09  1.466629e-01  4.595500e-09  1.215158e+00  4.595500e-09  0.000000e+00 
 4.596500e-09  1.491848e-01  4.596500e-09  1.215355e+00  4.596500e-09  0.000000e+00 
 4.597500e-09  1.517153e-01  4.597500e-09  1.215548e+00  4.597500e-09  0.000000e+00 
 4.598500e-09  1.542550e-01  4.598500e-09  1.215737e+00  4.598500e-09  0.000000e+00 
 4.599500e-09  1.568043e-01  4.599500e-09  1.215922e+00  4.599500e-09  0.000000e+00 
 4.600500e-09  1.593638e-01  4.600500e-09  1.216104e+00  4.600500e-09  0.000000e+00 
 4.601500e-09  1.619340e-01  4.601500e-09  1.216283e+00  4.601500e-09  0.000000e+00 
 4.602500e-09  1.645156e-01  4.602500e-09  1.216460e+00  4.602500e-09  0.000000e+00 
 4.603500e-09  1.671091e-01  4.603500e-09  1.216635e+00  4.603500e-09  0.000000e+00 
 4.604500e-09  1.697151e-01  4.604500e-09  1.216809e+00  4.604500e-09  0.000000e+00 
 4.605500e-09  1.723342e-01  4.605500e-09  1.216981e+00  4.605500e-09  0.000000e+00 
 4.606500e-09  1.749669e-01  4.606500e-09  1.217153e+00  4.606500e-09  0.000000e+00 
 4.607500e-09  1.776141e-01  4.607500e-09  1.217324e+00  4.607500e-09  0.000000e+00 
 4.608500e-09  1.802764e-01  4.608500e-09  1.217495e+00  4.608500e-09  0.000000e+00 
 4.609500e-09  1.829544e-01  4.609500e-09  1.217666e+00  4.609500e-09  0.000000e+00 
 4.610500e-09  1.856490e-01  4.610500e-09  1.217839e+00  4.610500e-09  0.000000e+00 
 4.611500e-09  1.883610e-01  4.611500e-09  1.218012e+00  4.611500e-09  0.000000e+00 
 4.612500e-09  1.910912e-01  4.612500e-09  1.218187e+00  4.612500e-09  0.000000e+00 
 4.613500e-09  1.938406e-01  4.613500e-09  1.218363e+00  4.613500e-09  0.000000e+00 
 4.614500e-09  1.966102e-01  4.614500e-09  1.218542e+00  4.614500e-09  0.000000e+00 
 4.615500e-09  1.994010e-01  4.615500e-09  1.218724e+00  4.615500e-09  0.000000e+00 
 4.616500e-09  2.022142e-01  4.616500e-09  1.218910e+00  4.616500e-09  0.000000e+00 
 4.617500e-09  2.050511e-01  4.617500e-09  1.219099e+00  4.617500e-09  0.000000e+00 
 4.618500e-09  2.079131e-01  4.618500e-09  1.219292e+00  4.618500e-09  0.000000e+00 
 4.619500e-09  2.108017e-01  4.619500e-09  1.219490e+00  4.619500e-09  0.000000e+00 
 4.620500e-09  2.137186e-01  4.620500e-09  1.219695e+00  4.620500e-09  0.000000e+00 
 4.621500e-09  2.166658e-01  4.621500e-09  1.219905e+00  4.621500e-09  0.000000e+00 
 4.622500e-09  2.196454e-01  4.622500e-09  1.220124e+00  4.622500e-09  0.000000e+00 
 4.623500e-09  2.226597e-01  4.623500e-09  1.220351e+00  4.623500e-09  0.000000e+00 
 4.624500e-09  2.257117e-01  4.624500e-09  1.220587e+00  4.624500e-09  0.000000e+00 
 4.625500e-09  2.288046e-01  4.625500e-09  1.220835e+00  4.625500e-09  0.000000e+00 
 4.626500e-09  2.319421e-01  4.626500e-09  1.221096e+00  4.626500e-09  0.000000e+00 
 4.627500e-09  2.351291e-01  4.627500e-09  1.221373e+00  4.627500e-09  0.000000e+00 
 4.628500e-09  2.383708e-01  4.628500e-09  1.221668e+00  4.628500e-09  0.000000e+00 
 4.629500e-09  2.416743e-01  4.629500e-09  1.221985e+00  4.629500e-09  0.000000e+00 
 4.630500e-09  2.450481e-01  4.630500e-09  1.222329e+00  4.630500e-09  0.000000e+00 
 4.631500e-09  2.485040e-01  4.631500e-09  1.222708e+00  4.631500e-09  0.000000e+00 
 4.632500e-09  2.520581e-01  4.632500e-09  1.223133e+00  4.632500e-09  0.000000e+00 
 4.633500e-09  2.557347e-01  4.633500e-09  1.223623e+00  4.633500e-09  0.000000e+00 
 4.634500e-09  2.595581e-01  4.634500e-09  1.224186e+00  4.634500e-09  0.000000e+00 
 4.635500e-09  2.635259e-01  4.635500e-09  1.224779e+00  4.635500e-09  0.000000e+00 
 4.636500e-09  2.676171e-01  4.636500e-09  1.225368e+00  4.636500e-09  0.000000e+00 
 4.637500e-09  2.718153e-01  4.637500e-09  1.225953e+00  4.637500e-09  0.000000e+00 
 4.638500e-09  2.761075e-01  4.638500e-09  1.226534e+00  4.638500e-09  0.000000e+00 
 4.639500e-09  2.804834e-01  4.639500e-09  1.227110e+00  4.639500e-09  0.000000e+00 
 4.640500e-09  2.849346e-01  4.640500e-09  1.227683e+00  4.640500e-09  0.000000e+00 
 4.641500e-09  2.894545e-01  4.641500e-09  1.228252e+00  4.641500e-09  0.000000e+00 
 4.642500e-09  2.940375e-01  4.642500e-09  1.228817e+00  4.642500e-09  0.000000e+00 
 4.643500e-09  2.986790e-01  4.643500e-09  1.229377e+00  4.643500e-09  0.000000e+00 
 4.644500e-09  3.033753e-01  4.644500e-09  1.229934e+00  4.644500e-09  0.000000e+00 
 4.645500e-09  3.081232e-01  4.645500e-09  1.230487e+00  4.645500e-09  0.000000e+00 
 4.646500e-09  3.129199e-01  4.646500e-09  1.231036e+00  4.646500e-09  0.000000e+00 
 4.647500e-09  3.177631e-01  4.647500e-09  1.231581e+00  4.647500e-09  0.000000e+00 
 4.648500e-09  3.226507e-01  4.648500e-09  1.232122e+00  4.648500e-09  0.000000e+00 
 4.649500e-09  3.275811e-01  4.649500e-09  1.232660e+00  4.649500e-09  0.000000e+00 
 4.650500e-09  3.325525e-01  4.650500e-09  1.233193e+00  4.650500e-09  0.000000e+00 
 4.651500e-09  3.375637e-01  4.651500e-09  1.233724e+00  4.651500e-09  0.000000e+00 
 4.652500e-09  3.426133e-01  4.652500e-09  1.234251e+00  4.652500e-09  0.000000e+00 
 4.653500e-09  3.477002e-01  4.653500e-09  1.234774e+00  4.653500e-09  0.000000e+00 
 4.654500e-09  3.528235e-01  4.654500e-09  1.235295e+00  4.654500e-09  0.000000e+00 
 4.655500e-09  3.579821e-01  4.655500e-09  1.235812e+00  4.655500e-09  0.000000e+00 
 4.656500e-09  3.631752e-01  4.656500e-09  1.236326e+00  4.656500e-09  0.000000e+00 
 4.657500e-09  3.684020e-01  4.657500e-09  1.236838e+00  4.657500e-09  0.000000e+00 
 4.658500e-09  3.736619e-01  4.658500e-09  1.237347e+00  4.658500e-09  0.000000e+00 
 4.659500e-09  3.789540e-01  4.659500e-09  1.237853e+00  4.659500e-09  0.000000e+00 
 4.660500e-09  3.842780e-01  4.660500e-09  1.238357e+00  4.660500e-09  0.000000e+00 
 4.661500e-09  3.896331e-01  4.661500e-09  1.238858e+00  4.661500e-09  0.000000e+00 
 4.662500e-09  3.950188e-01  4.662500e-09  1.239358e+00  4.662500e-09  0.000000e+00 
 4.663500e-09  4.004344e-01  4.663500e-09  1.239855e+00  4.663500e-09  0.000000e+00 
 4.664500e-09  4.058753e-01  4.664500e-09  1.240349e+00  4.664500e-09  0.000000e+00 
 4.665500e-09  4.113369e-01  4.665500e-09  1.240840e+00  4.665500e-09  0.000000e+00 
 4.666500e-09  4.168184e-01  4.666500e-09  1.241326e+00  4.666500e-09  0.000000e+00 
 4.667500e-09  4.223188e-01  4.667500e-09  1.241808e+00  4.667500e-09  0.000000e+00 
 4.668500e-09  4.278374e-01  4.668500e-09  1.242287e+00  4.668500e-09  0.000000e+00 
 4.669500e-09  4.333733e-01  4.669500e-09  1.242761e+00  4.669500e-09  0.000000e+00 
 4.670500e-09  4.389256e-01  4.670500e-09  1.243232e+00  4.670500e-09  0.000000e+00 
 4.671500e-09  4.444936e-01  4.671500e-09  1.243698e+00  4.671500e-09  0.000000e+00 
 4.672500e-09  4.500763e-01  4.672500e-09  1.244161e+00  4.672500e-09  0.000000e+00 
 4.673500e-09  4.556731e-01  4.673500e-09  1.244620e+00  4.673500e-09  0.000000e+00 
 4.674500e-09  4.612830e-01  4.674500e-09  1.245075e+00  4.674500e-09  0.000000e+00 
 4.675500e-09  4.669054e-01  4.675500e-09  1.245525e+00  4.675500e-09  0.000000e+00 
 4.676500e-09  4.725395e-01  4.676500e-09  1.245972e+00  4.676500e-09  0.000000e+00 
 4.677500e-09  4.781846e-01  4.677500e-09  1.246415e+00  4.677500e-09  0.000000e+00 
 4.678500e-09  4.838399e-01  4.678500e-09  1.246854e+00  4.678500e-09  0.000000e+00 
 4.679500e-09  4.895048e-01  4.679500e-09  1.247290e+00  4.679500e-09  0.000000e+00 
 4.680500e-09  4.951787e-01  4.680500e-09  1.247721e+00  4.680500e-09  0.000000e+00 
 4.681500e-09  5.008607e-01  4.681500e-09  1.248148e+00  4.681500e-09  0.000000e+00 
 4.682500e-09  5.065505e-01  4.682500e-09  1.248572e+00  4.682500e-09  0.000000e+00 
 4.683500e-09  5.122473e-01  4.683500e-09  1.248991e+00  4.683500e-09  0.000000e+00 
 4.684500e-09  5.179507e-01  4.684500e-09  1.249406e+00  4.684500e-09  0.000000e+00 
 4.685500e-09  5.236600e-01  4.685500e-09  1.249818e+00  4.685500e-09  0.000000e+00 
 4.686500e-09  5.293748e-01  4.686500e-09  1.250225e+00  4.686500e-09  0.000000e+00 
 4.687500e-09  5.350946e-01  4.687500e-09  1.250628e+00  4.687500e-09  0.000000e+00 
 4.688500e-09  5.408189e-01  4.688500e-09  1.251027e+00  4.688500e-09  0.000000e+00 
 4.689500e-09  5.465474e-01  4.689500e-09  1.251422e+00  4.689500e-09  0.000000e+00 
 4.690500e-09  5.522793e-01  4.690500e-09  1.251812e+00  4.690500e-09  0.000000e+00 
 4.691500e-09  5.580134e-01  4.691500e-09  1.252195e+00  4.691500e-09  0.000000e+00 
 4.692500e-09  5.637491e-01  4.692500e-09  1.252570e+00  4.692500e-09  0.000000e+00 
 4.693500e-09  5.694860e-01  4.693500e-09  1.252934e+00  4.693500e-09  0.000000e+00 
 4.694500e-09  5.752237e-01  4.694500e-09  1.253284e+00  4.694500e-09  0.000000e+00 
 4.695500e-09  5.809621e-01  4.695500e-09  1.253617e+00  4.695500e-09  0.000000e+00 
 4.696500e-09  5.867009e-01  4.696500e-09  1.253932e+00  4.696500e-09  0.000000e+00 
 4.697500e-09  5.924400e-01  4.697500e-09  1.254227e+00  4.697500e-09  0.000000e+00 
 4.698500e-09  5.981796e-01  4.698500e-09  1.254498e+00  4.698500e-09  0.000000e+00 
 4.699500e-09  6.039196e-01  4.699500e-09  1.254745e+00  4.699500e-09  0.000000e+00 
 4.700500e-09  6.096604e-01  4.700500e-09  1.254965e+00  4.700500e-09  0.000000e+00 
 4.701500e-09  6.154025e-01  4.701500e-09  1.255157e+00  4.701500e-09  0.000000e+00 
 4.702500e-09  6.211463e-01  4.702500e-09  1.255318e+00  4.702500e-09  0.000000e+00 
 4.703500e-09  6.268926e-01  4.703500e-09  1.255446e+00  4.703500e-09  0.000000e+00 
 4.704500e-09  6.326425e-01  4.704500e-09  1.255540e+00  4.704500e-09  0.000000e+00 
 4.705500e-09  6.383970e-01  4.705500e-09  1.255598e+00  4.705500e-09  0.000000e+00 
 4.706500e-09  6.441578e-01  4.706500e-09  1.255618e+00  4.706500e-09  0.000000e+00 
 4.707500e-09  6.499266e-01  4.707500e-09  1.255598e+00  4.707500e-09  0.000000e+00 
 4.708500e-09  6.557056e-01  4.708500e-09  1.255538e+00  4.708500e-09  0.000000e+00 
 4.709500e-09  6.614975e-01  4.709500e-09  1.255434e+00  4.709500e-09  0.000000e+00 
 4.710500e-09  6.673055e-01  4.710500e-09  1.255285e+00  4.710500e-09  0.000000e+00 
 4.711500e-09  6.731337e-01  4.711500e-09  1.255089e+00  4.711500e-09  0.000000e+00 
 4.712500e-09  6.789871e-01  4.712500e-09  1.254843e+00  4.712500e-09  0.000000e+00 
 4.713500e-09  6.848717e-01  4.713500e-09  1.254546e+00  4.713500e-09  0.000000e+00 
 4.714500e-09  6.907955e-01  4.714500e-09  1.254194e+00  4.714500e-09  0.000000e+00 
 4.715500e-09  6.967695e-01  4.715500e-09  1.253783e+00  4.715500e-09  0.000000e+00 
 4.716500e-09  7.028083e-01  4.716500e-09  1.253312e+00  4.716500e-09  0.000000e+00 
 4.717500e-09  7.089327e-01  4.717500e-09  1.252774e+00  4.717500e-09  0.000000e+00 
 4.718500e-09  7.151773e-01  4.718500e-09  1.252168e+00  4.718500e-09  0.000000e+00 
 4.719500e-09  7.216135e-01  4.719500e-09  1.251493e+00  4.719500e-09  0.000000e+00 
 4.720500e-09  7.283069e-01  4.720500e-09  1.250744e+00  4.720500e-09  0.000000e+00 
 4.721500e-09  7.351630e-01  4.721500e-09  1.249936e+00  4.721500e-09  0.000000e+00 
 4.722500e-09  7.420544e-01  4.722500e-09  1.249113e+00  4.722500e-09  0.000000e+00 
 4.723500e-09  7.489539e-01  4.723500e-09  1.248296e+00  4.723500e-09  0.000000e+00 
 4.724500e-09  7.558569e-01  4.724500e-09  1.247486e+00  4.724500e-09  0.000000e+00 
 4.725500e-09  7.627604e-01  4.725500e-09  1.246687e+00  4.725500e-09  0.000000e+00 
 4.726500e-09  7.696625e-01  4.726500e-09  1.245901e+00  4.726500e-09  0.000000e+00 
 4.727500e-09  7.765639e-01  4.727500e-09  1.245133e+00  4.727500e-09  0.000000e+00 
 4.728500e-09  7.834689e-01  4.728500e-09  1.244388e+00  4.728500e-09  0.000000e+00 
 4.729500e-09  7.903890e-01  4.729500e-09  1.243672e+00  4.729500e-09  0.000000e+00 
 4.730500e-09  7.973499e-01  4.730500e-09  1.242996e+00  4.730500e-09  0.000000e+00 
 4.731500e-09  8.044172e-01  4.731500e-09  1.242377e+00  4.731500e-09  0.000000e+00 
 4.732500e-09  8.117225e-01  4.732500e-09  1.241830e+00  4.732500e-09  0.000000e+00 
 4.733500e-09  8.191595e-01  4.733500e-09  1.241318e+00  4.733500e-09  0.000000e+00 
 4.734500e-09  8.265230e-01  4.734500e-09  1.240788e+00  4.734500e-09  0.000000e+00 
 4.735500e-09  8.338096e-01  4.735500e-09  1.240240e+00  4.735500e-09  0.000000e+00 
 4.736500e-09  8.410161e-01  4.736500e-09  1.239672e+00  4.736500e-09  0.000000e+00 
 4.737500e-09  8.481396e-01  4.737500e-09  1.239083e+00  4.737500e-09  0.000000e+00 
 4.738500e-09  8.551803e-01  4.738500e-09  1.238456e+00  4.738500e-09  0.000000e+00 
 4.739500e-09  8.621400e-01  4.739500e-09  1.237777e+00  4.739500e-09  0.000000e+00 
 4.740500e-09  8.690181e-01  4.740500e-09  1.237047e+00  4.740500e-09  0.000000e+00 
 4.741500e-09  8.758141e-01  4.741500e-09  1.236269e+00  4.741500e-09  0.000000e+00 
 4.742500e-09  8.825273e-01  4.742500e-09  1.235446e+00  4.742500e-09  0.000000e+00 
 4.743500e-09  8.891570e-01  4.743500e-09  1.234580e+00  4.743500e-09  0.000000e+00 
 4.744500e-09  8.957028e-01  4.744500e-09  1.233675e+00  4.744500e-09  0.000000e+00 
 4.745500e-09  9.021641e-01  4.745500e-09  1.232733e+00  4.745500e-09  0.000000e+00 
 4.746500e-09  9.085405e-01  4.746500e-09  1.231758e+00  4.746500e-09  0.000000e+00 
 4.747500e-09  9.148315e-01  4.747500e-09  1.230750e+00  4.747500e-09  0.000000e+00 
 4.748500e-09  9.210367e-01  4.748500e-09  1.229714e+00  4.748500e-09  0.000000e+00 
 4.749500e-09  9.271558e-01  4.749500e-09  1.228651e+00  4.749500e-09  0.000000e+00 
 4.750500e-09  9.331885e-01  4.750500e-09  1.227564e+00  4.750500e-09  0.000000e+00 
 4.751500e-09  9.391344e-01  4.751500e-09  1.226456e+00  4.751500e-09  0.000000e+00 
 4.752500e-09  9.449935e-01  4.752500e-09  1.225329e+00  4.752500e-09  0.000000e+00 
 4.753500e-09  9.507374e-01  4.753500e-09  1.224180e+00  4.753500e-09  0.000000e+00 
 4.754500e-09  9.563355e-01  4.754500e-09  1.223008e+00  4.754500e-09  0.000000e+00 
 4.755500e-09  9.617937e-01  4.755500e-09  1.221813e+00  4.755500e-09  0.000000e+00 
 4.756500e-09  9.671282e-01  4.756500e-09  1.220601e+00  4.756500e-09  0.000000e+00 
 4.757500e-09  9.723516e-01  4.757500e-09  1.219374e+00  4.757500e-09  0.000000e+00 
 4.758500e-09  9.774741e-01  4.758500e-09  1.218134e+00  4.758500e-09  0.000000e+00 
 4.759500e-09  9.825033e-01  4.759500e-09  1.216886e+00  4.759500e-09  0.000000e+00 
 4.760500e-09  9.874455e-01  4.760500e-09  1.215632e+00  4.760500e-09  0.000000e+00 
 4.761500e-09  9.923053e-01  4.761500e-09  1.214374e+00  4.761500e-09  0.000000e+00 
 4.762500e-09  9.970863e-01  4.762500e-09  1.213115e+00  4.762500e-09  0.000000e+00 
 4.763500e-09  1.001791e+00  4.763500e-09  1.211857e+00  4.763500e-09  0.000000e+00 
 4.764500e-09  1.006422e+00  4.764500e-09  1.210603e+00  4.764500e-09  0.000000e+00 
 4.765500e-09  1.010981e+00  4.765500e-09  1.209355e+00  4.765500e-09  0.000000e+00 
 4.766500e-09  1.015469e+00  4.766500e-09  1.208115e+00  4.766500e-09  0.000000e+00 
 4.767500e-09  1.019885e+00  4.767500e-09  1.206885e+00  4.767500e-09  0.000000e+00 
 4.768500e-09  1.024232e+00  4.768500e-09  1.205666e+00  4.768500e-09  0.000000e+00 
 4.769500e-09  1.028509e+00  4.769500e-09  1.204460e+00  4.769500e-09  0.000000e+00 
 4.770500e-09  1.032717e+00  4.770500e-09  1.203270e+00  4.770500e-09  0.000000e+00 
 4.771500e-09  1.036854e+00  4.771500e-09  1.202095e+00  4.771500e-09  0.000000e+00 
 4.772500e-09  1.040923e+00  4.772500e-09  1.200939e+00  4.772500e-09  0.000000e+00 
 4.773500e-09  1.044921e+00  4.773500e-09  1.199802e+00  4.773500e-09  0.000000e+00 
 4.774500e-09  1.048847e+00  4.774500e-09  1.198687e+00  4.774500e-09  0.000000e+00 
 4.775500e-09  1.052699e+00  4.775500e-09  1.197596e+00  4.775500e-09  0.000000e+00 
 4.776500e-09  1.056479e+00  4.776500e-09  1.196530e+00  4.776500e-09  0.000000e+00 
 4.777500e-09  1.060185e+00  4.777500e-09  1.195489e+00  4.777500e-09  0.000000e+00 
 4.778500e-09  1.063819e+00  4.778500e-09  1.194475e+00  4.778500e-09  0.000000e+00 
 4.779500e-09  1.067380e+00  4.779500e-09  1.193486e+00  4.779500e-09  0.000000e+00 
 4.780500e-09  1.070869e+00  4.780500e-09  1.192524e+00  4.780500e-09  0.000000e+00 
 4.781500e-09  1.074287e+00  4.781500e-09  1.191589e+00  4.781500e-09  0.000000e+00 
 4.782500e-09  1.077634e+00  4.782500e-09  1.190680e+00  4.782500e-09  0.000000e+00 
 4.783500e-09  1.080910e+00  4.783500e-09  1.189799e+00  4.783500e-09  0.000000e+00 
 4.784500e-09  1.084115e+00  4.784500e-09  1.188946e+00  4.784500e-09  0.000000e+00 
 4.785500e-09  1.087252e+00  4.785500e-09  1.188120e+00  4.785500e-09  0.000000e+00 
 4.786500e-09  1.090319e+00  4.786500e-09  1.187323e+00  4.786500e-09  0.000000e+00 
 4.787500e-09  1.093318e+00  4.787500e-09  1.186553e+00  4.787500e-09  0.000000e+00 
 4.788500e-09  1.096248e+00  4.788500e-09  1.185811e+00  4.788500e-09  0.000000e+00 
 4.789500e-09  1.099112e+00  4.789500e-09  1.185096e+00  4.789500e-09  0.000000e+00 
 4.790500e-09  1.101908e+00  4.790500e-09  1.184410e+00  4.790500e-09  0.000000e+00 
 4.791500e-09  1.104639e+00  4.791500e-09  1.183752e+00  4.791500e-09  0.000000e+00 
 4.792500e-09  1.107305e+00  4.792500e-09  1.183121e+00  4.792500e-09  0.000000e+00 
 4.793500e-09  1.109906e+00  4.793500e-09  1.182518e+00  4.793500e-09  0.000000e+00 
 4.794500e-09  1.112443e+00  4.794500e-09  1.181943e+00  4.794500e-09  0.000000e+00 
 4.795500e-09  1.114917e+00  4.795500e-09  1.181394e+00  4.795500e-09  0.000000e+00 
 4.796500e-09  1.117330e+00  4.796500e-09  1.180872e+00  4.796500e-09  0.000000e+00 
 4.797500e-09  1.119681e+00  4.797500e-09  1.180377e+00  4.797500e-09  0.000000e+00 
 4.798500e-09  1.121971e+00  4.798500e-09  1.179908e+00  4.798500e-09  0.000000e+00 
 4.799500e-09  1.124202e+00  4.799500e-09  1.179465e+00  4.799500e-09  0.000000e+00 
 4.800500e-09  1.126373e+00  4.800500e-09  1.179047e+00  4.800500e-09  0.000000e+00 
 4.801500e-09  1.128483e+00  4.801500e-09  1.178655e+00  4.801500e-09  0.000000e+00 
 4.802500e-09  1.130532e+00  4.802500e-09  1.178289e+00  4.802500e-09  0.000000e+00 
 4.803500e-09  1.132522e+00  4.803500e-09  1.177946e+00  4.803500e-09  0.000000e+00 
 4.804500e-09  1.134455e+00  4.804500e-09  1.177628e+00  4.804500e-09  0.000000e+00 
 4.805500e-09  1.136332e+00  4.805500e-09  1.177333e+00  4.805500e-09  0.000000e+00 
 4.806500e-09  1.138154e+00  4.806500e-09  1.177060e+00  4.806500e-09  0.000000e+00 
 4.807500e-09  1.139924e+00  4.807500e-09  1.176809e+00  4.807500e-09  0.000000e+00 
 4.808500e-09  1.141642e+00  4.808500e-09  1.176579e+00  4.808500e-09  0.000000e+00 
 4.809500e-09  1.143310e+00  4.809500e-09  1.176369e+00  4.809500e-09  0.000000e+00 
 4.810500e-09  1.144930e+00  4.810500e-09  1.176179e+00  4.810500e-09  0.000000e+00 
 4.811500e-09  1.146502e+00  4.811500e-09  1.176007e+00  4.811500e-09  0.000000e+00 
 4.812500e-09  1.148029e+00  4.812500e-09  1.175854e+00  4.812500e-09  0.000000e+00 
 4.813500e-09  1.149513e+00  4.813500e-09  1.175719e+00  4.813500e-09  0.000000e+00 
 4.814500e-09  1.150953e+00  4.814500e-09  1.175601e+00  4.814500e-09  0.000000e+00 
 4.815500e-09  1.152350e+00  4.815500e-09  1.175499e+00  4.815500e-09  0.000000e+00 
 4.816500e-09  1.153706e+00  4.816500e-09  1.175414e+00  4.816500e-09  0.000000e+00 
 4.817500e-09  1.155021e+00  4.817500e-09  1.175343e+00  4.817500e-09  0.000000e+00 
 4.818500e-09  1.156297e+00  4.818500e-09  1.175287e+00  4.818500e-09  0.000000e+00 
 4.819500e-09  1.157536e+00  4.819500e-09  1.175245e+00  4.819500e-09  0.000000e+00 
 4.820500e-09  1.158737e+00  4.820500e-09  1.175217e+00  4.820500e-09  0.000000e+00 
 4.821500e-09  1.159902e+00  4.821500e-09  1.175202e+00  4.821500e-09  0.000000e+00 
 4.822500e-09  1.161032e+00  4.822500e-09  1.175200e+00  4.822500e-09  0.000000e+00 
 4.823500e-09  1.162128e+00  4.823500e-09  1.175209e+00  4.823500e-09  0.000000e+00 
 4.824500e-09  1.163191e+00  4.824500e-09  1.175230e+00  4.824500e-09  0.000000e+00 
 4.825500e-09  1.164222e+00  4.825500e-09  1.175262e+00  4.825500e-09  0.000000e+00 
 4.826500e-09  1.165221e+00  4.826500e-09  1.175304e+00  4.826500e-09  0.000000e+00 
 4.827500e-09  1.166191e+00  4.827500e-09  1.175357e+00  4.827500e-09  0.000000e+00 
 4.828500e-09  1.167131e+00  4.828500e-09  1.175419e+00  4.828500e-09  0.000000e+00 
 4.829500e-09  1.168042e+00  4.829500e-09  1.175490e+00  4.829500e-09  0.000000e+00 
 4.830500e-09  1.168926e+00  4.830500e-09  1.175570e+00  4.830500e-09  0.000000e+00 
 4.831500e-09  1.169783e+00  4.831500e-09  1.175659e+00  4.831500e-09  0.000000e+00 
 4.832500e-09  1.170613e+00  4.832500e-09  1.175755e+00  4.832500e-09  0.000000e+00 
 4.833500e-09  1.171418e+00  4.833500e-09  1.175859e+00  4.833500e-09  0.000000e+00 
 4.834500e-09  1.172199e+00  4.834500e-09  1.175971e+00  4.834500e-09  0.000000e+00 
 4.835500e-09  1.172955e+00  4.835500e-09  1.176089e+00  4.835500e-09  0.000000e+00 
 4.836500e-09  1.173688e+00  4.836500e-09  1.176213e+00  4.836500e-09  0.000000e+00 
 4.837500e-09  1.174399e+00  4.837500e-09  1.176344e+00  4.837500e-09  0.000000e+00 
 4.838500e-09  1.175088e+00  4.838500e-09  1.176481e+00  4.838500e-09  0.000000e+00 
 4.839500e-09  1.175755e+00  4.839500e-09  1.176623e+00  4.839500e-09  0.000000e+00 
 4.840500e-09  1.176402e+00  4.840500e-09  1.176770e+00  4.840500e-09  0.000000e+00 
 4.841500e-09  1.177029e+00  4.841500e-09  1.176922e+00  4.841500e-09  0.000000e+00 
 4.842500e-09  1.177636e+00  4.842500e-09  1.177078e+00  4.842500e-09  0.000000e+00 
 4.843500e-09  1.178224e+00  4.843500e-09  1.177239e+00  4.843500e-09  0.000000e+00 
 4.844500e-09  1.178794e+00  4.844500e-09  1.177404e+00  4.844500e-09  0.000000e+00 
 4.845500e-09  1.179347e+00  4.845500e-09  1.177573e+00  4.845500e-09  0.000000e+00 
 4.846500e-09  1.179882e+00  4.846500e-09  1.177745e+00  4.846500e-09  0.000000e+00 
 4.847500e-09  1.180400e+00  4.847500e-09  1.177921e+00  4.847500e-09  0.000000e+00 
 4.848500e-09  1.180902e+00  4.848500e-09  1.178099e+00  4.848500e-09  0.000000e+00 
 4.849500e-09  1.181388e+00  4.849500e-09  1.178281e+00  4.849500e-09  0.000000e+00 
 4.850500e-09  1.181859e+00  4.850500e-09  1.178465e+00  4.850500e-09  0.000000e+00 
 4.851500e-09  1.182316e+00  4.851500e-09  1.178651e+00  4.851500e-09  0.000000e+00 
 4.852500e-09  1.182758e+00  4.852500e-09  1.178840e+00  4.852500e-09  0.000000e+00 
 4.853500e-09  1.183186e+00  4.853500e-09  1.179030e+00  4.853500e-09  0.000000e+00 
 4.854500e-09  1.183600e+00  4.854500e-09  1.179222e+00  4.854500e-09  0.000000e+00 
 4.855500e-09  1.184001e+00  4.855500e-09  1.179416e+00  4.855500e-09  0.000000e+00 
 4.856500e-09  1.184390e+00  4.856500e-09  1.179612e+00  4.856500e-09  0.000000e+00 
 4.857500e-09  1.184767e+00  4.857500e-09  1.179808e+00  4.857500e-09  0.000000e+00 
 4.858500e-09  1.185131e+00  4.858500e-09  1.180006e+00  4.858500e-09  0.000000e+00 
 4.859500e-09  1.185484e+00  4.859500e-09  1.180205e+00  4.859500e-09  0.000000e+00 
 4.860500e-09  1.185826e+00  4.860500e-09  1.180404e+00  4.860500e-09  0.000000e+00 
 4.861500e-09  1.186156e+00  4.861500e-09  1.180604e+00  4.861500e-09  0.000000e+00 
 4.862500e-09  1.186477e+00  4.862500e-09  1.180805e+00  4.862500e-09  0.000000e+00 
 4.863500e-09  1.186787e+00  4.863500e-09  1.181006e+00  4.863500e-09  0.000000e+00 
 4.864500e-09  1.187087e+00  4.864500e-09  1.181207e+00  4.864500e-09  0.000000e+00 
 4.865500e-09  1.187378e+00  4.865500e-09  1.181409e+00  4.865500e-09  0.000000e+00 
 4.866500e-09  1.187659e+00  4.866500e-09  1.181610e+00  4.866500e-09  0.000000e+00 
 4.867500e-09  1.187931e+00  4.867500e-09  1.181812e+00  4.867500e-09  0.000000e+00 
 4.868500e-09  1.188195e+00  4.868500e-09  1.182013e+00  4.868500e-09  0.000000e+00 
 4.869500e-09  1.188450e+00  4.869500e-09  1.182214e+00  4.869500e-09  0.000000e+00 
 4.870500e-09  1.188697e+00  4.870500e-09  1.182415e+00  4.870500e-09  0.000000e+00 
 4.871500e-09  1.188937e+00  4.871500e-09  1.182615e+00  4.871500e-09  0.000000e+00 
 4.872500e-09  1.189168e+00  4.872500e-09  1.182815e+00  4.872500e-09  0.000000e+00 
 4.873500e-09  1.189392e+00  4.873500e-09  1.183014e+00  4.873500e-09  0.000000e+00 
 4.874500e-09  1.189609e+00  4.874500e-09  1.183213e+00  4.874500e-09  0.000000e+00 
 4.875500e-09  1.189819e+00  4.875500e-09  1.183410e+00  4.875500e-09  0.000000e+00 
 4.876500e-09  1.190022e+00  4.876500e-09  1.183607e+00  4.876500e-09  0.000000e+00 
 4.877500e-09  1.190219e+00  4.877500e-09  1.183803e+00  4.877500e-09  0.000000e+00 
 4.878500e-09  1.190409e+00  4.878500e-09  1.183998e+00  4.878500e-09  0.000000e+00 
 4.879500e-09  1.190594e+00  4.879500e-09  1.184192e+00  4.879500e-09  0.000000e+00 
 4.880500e-09  1.190772e+00  4.880500e-09  1.184385e+00  4.880500e-09  0.000000e+00 
 4.881500e-09  1.190945e+00  4.881500e-09  1.184576e+00  4.881500e-09  0.000000e+00 
 4.882500e-09  1.191112e+00  4.882500e-09  1.184767e+00  4.882500e-09  0.000000e+00 
 4.883500e-09  1.191274e+00  4.883500e-09  1.184956e+00  4.883500e-09  0.000000e+00 
 4.884500e-09  1.191430e+00  4.884500e-09  1.185144e+00  4.884500e-09  0.000000e+00 
 4.885500e-09  1.191582e+00  4.885500e-09  1.185331e+00  4.885500e-09  0.000000e+00 
 4.886500e-09  1.191729e+00  4.886500e-09  1.185516e+00  4.886500e-09  0.000000e+00 
 4.887500e-09  1.191871e+00  4.887500e-09  1.185700e+00  4.887500e-09  0.000000e+00 
 4.888500e-09  1.192008e+00  4.888500e-09  1.185883e+00  4.888500e-09  0.000000e+00 
 4.889500e-09  1.192142e+00  4.889500e-09  1.186064e+00  4.889500e-09  0.000000e+00 
 4.890500e-09  1.192271e+00  4.890500e-09  1.186243e+00  4.890500e-09  0.000000e+00 
 4.891500e-09  1.192395e+00  4.891500e-09  1.186421e+00  4.891500e-09  0.000000e+00 
 4.892500e-09  1.192516e+00  4.892500e-09  1.186598e+00  4.892500e-09  0.000000e+00 
 4.893500e-09  1.192633e+00  4.893500e-09  1.186773e+00  4.893500e-09  0.000000e+00 
 4.894500e-09  1.192747e+00  4.894500e-09  1.186946e+00  4.894500e-09  0.000000e+00 
 4.895500e-09  1.192857e+00  4.895500e-09  1.187118e+00  4.895500e-09  0.000000e+00 
 4.896500e-09  1.192963e+00  4.896500e-09  1.187288e+00  4.896500e-09  0.000000e+00 
 4.897500e-09  1.193066e+00  4.897500e-09  1.187457e+00  4.897500e-09  0.000000e+00 
 4.898500e-09  1.193166e+00  4.898500e-09  1.187624e+00  4.898500e-09  0.000000e+00 
 4.899500e-09  1.193262e+00  4.899500e-09  1.187789e+00  4.899500e-09  0.000000e+00 
 4.900500e-09  1.193356e+00  4.900500e-09  1.187952e+00  4.900500e-09  0.000000e+00 
 4.901500e-09  1.193447e+00  4.901500e-09  1.188114e+00  4.901500e-09  0.000000e+00 
 4.902500e-09  1.193535e+00  4.902500e-09  1.188274e+00  4.902500e-09  0.000000e+00 
 4.903500e-09  1.193620e+00  4.903500e-09  1.188433e+00  4.903500e-09  0.000000e+00 
 4.904500e-09  1.193703e+00  4.904500e-09  1.188590e+00  4.904500e-09  0.000000e+00 
 4.905500e-09  1.193783e+00  4.905500e-09  1.188745e+00  4.905500e-09  0.000000e+00 
 4.906500e-09  1.193860e+00  4.906500e-09  1.188898e+00  4.906500e-09  0.000000e+00 
 4.907500e-09  1.193935e+00  4.907500e-09  1.189050e+00  4.907500e-09  0.000000e+00 
 4.908500e-09  1.194008e+00  4.908500e-09  1.189200e+00  4.908500e-09  0.000000e+00 
 4.909500e-09  1.194079e+00  4.909500e-09  1.189348e+00  4.909500e-09  0.000000e+00 
 4.910500e-09  1.194148e+00  4.910500e-09  1.189494e+00  4.910500e-09  0.000000e+00 
 4.911500e-09  1.194214e+00  4.911500e-09  1.189639e+00  4.911500e-09  0.000000e+00 
 4.912500e-09  1.194279e+00  4.912500e-09  1.189782e+00  4.912500e-09  0.000000e+00 
 4.913500e-09  1.194342e+00  4.913500e-09  1.189924e+00  4.913500e-09  0.000000e+00 
 4.914500e-09  1.194403e+00  4.914500e-09  1.190063e+00  4.914500e-09  0.000000e+00 
 4.915500e-09  1.194462e+00  4.915500e-09  1.190201e+00  4.915500e-09  0.000000e+00 
 4.916500e-09  1.194519e+00  4.916500e-09  1.190337e+00  4.916500e-09  0.000000e+00 
 4.917500e-09  1.194575e+00  4.917500e-09  1.190472e+00  4.917500e-09  0.000000e+00 
 4.918500e-09  1.194629e+00  4.918500e-09  1.190605e+00  4.918500e-09  0.000000e+00 
 4.919500e-09  1.194681e+00  4.919500e-09  1.190736e+00  4.919500e-09  0.000000e+00 
 4.920500e-09  1.194733e+00  4.920500e-09  1.190866e+00  4.920500e-09  0.000000e+00 
 4.921500e-09  1.194782e+00  4.921500e-09  1.190994e+00  4.921500e-09  0.000000e+00 
 4.922500e-09  1.194830e+00  4.922500e-09  1.191120e+00  4.922500e-09  0.000000e+00 
 4.923500e-09  1.194877e+00  4.923500e-09  1.191245e+00  4.923500e-09  0.000000e+00 
 4.924500e-09  1.194923e+00  4.924500e-09  1.191368e+00  4.924500e-09  0.000000e+00 
 4.925500e-09  1.194967e+00  4.925500e-09  1.191489e+00  4.925500e-09  0.000000e+00 
 4.926500e-09  1.195011e+00  4.926500e-09  1.191609e+00  4.926500e-09  0.000000e+00 
 4.927500e-09  1.195053e+00  4.927500e-09  1.191727e+00  4.927500e-09  0.000000e+00 
 4.928500e-09  1.195094e+00  4.928500e-09  1.191844e+00  4.928500e-09  0.000000e+00 
 4.929500e-09  1.195134e+00  4.929500e-09  1.191959e+00  4.929500e-09  0.000000e+00 
 4.930500e-09  1.195173e+00  4.930500e-09  1.192073e+00  4.930500e-09  0.000000e+00 
 4.931500e-09  1.195210e+00  4.931500e-09  1.192185e+00  4.931500e-09  0.000000e+00 
 4.932500e-09  1.195247e+00  4.932500e-09  1.192295e+00  4.932500e-09  0.000000e+00 
 4.933500e-09  1.195283e+00  4.933500e-09  1.192404e+00  4.933500e-09  0.000000e+00 
 4.934500e-09  1.195318e+00  4.934500e-09  1.192512e+00  4.934500e-09  0.000000e+00 
 4.935500e-09  1.195353e+00  4.935500e-09  1.192618e+00  4.935500e-09  0.000000e+00 
 4.936500e-09  1.195386e+00  4.936500e-09  1.192722e+00  4.936500e-09  0.000000e+00 
 4.937500e-09  1.195419e+00  4.937500e-09  1.192825e+00  4.937500e-09  0.000000e+00 
 4.938500e-09  1.195451e+00  4.938500e-09  1.192927e+00  4.938500e-09  0.000000e+00 
 4.939500e-09  1.195482e+00  4.939500e-09  1.193027e+00  4.939500e-09  0.000000e+00 
 4.940500e-09  1.195512e+00  4.940500e-09  1.193126e+00  4.940500e-09  0.000000e+00 
 4.941500e-09  1.195542e+00  4.941500e-09  1.193223e+00  4.941500e-09  0.000000e+00 
 4.942500e-09  1.195571e+00  4.942500e-09  1.193319e+00  4.942500e-09  0.000000e+00 
 4.943500e-09  1.195599e+00  4.943500e-09  1.193413e+00  4.943500e-09  0.000000e+00 
 4.944500e-09  1.195627e+00  4.944500e-09  1.193507e+00  4.944500e-09  0.000000e+00 
 4.945500e-09  1.195654e+00  4.945500e-09  1.193599e+00  4.945500e-09  0.000000e+00 
 4.946500e-09  1.195681e+00  4.946500e-09  1.193689e+00  4.946500e-09  0.000000e+00 
 4.947500e-09  1.195707e+00  4.947500e-09  1.193778e+00  4.947500e-09  0.000000e+00 
 4.948500e-09  1.195733e+00  4.948500e-09  1.193866e+00  4.948500e-09  0.000000e+00 
 4.949500e-09  1.195758e+00  4.949500e-09  1.193953e+00  4.949500e-09  0.000000e+00 
 4.950500e-09  1.195782e+00  4.950500e-09  1.194038e+00  4.950500e-09  0.000000e+00 
 4.951500e-09  1.195807e+00  4.951500e-09  1.194123e+00  4.951500e-09  0.000000e+00 
 4.952500e-09  1.195830e+00  4.952500e-09  1.194206e+00  4.952500e-09  0.000000e+00 
 4.953500e-09  1.195853e+00  4.953500e-09  1.194287e+00  4.953500e-09  0.000000e+00 
 4.954500e-09  1.195876e+00  4.954500e-09  1.194368e+00  4.954500e-09  0.000000e+00 
 4.955500e-09  1.195899e+00  4.955500e-09  1.194447e+00  4.955500e-09  0.000000e+00 
 4.956500e-09  1.195921e+00  4.956500e-09  1.194525e+00  4.956500e-09  0.000000e+00 
 4.957500e-09  1.195942e+00  4.957500e-09  1.194602e+00  4.957500e-09  0.000000e+00 
 4.958500e-09  1.195964e+00  4.958500e-09  1.194678e+00  4.958500e-09  0.000000e+00 
 4.959500e-09  1.195985e+00  4.959500e-09  1.194752e+00  4.959500e-09  0.000000e+00 
 4.960500e-09  1.196005e+00  4.960500e-09  1.194826e+00  4.960500e-09  0.000000e+00 
 4.961500e-09  1.196026e+00  4.961500e-09  1.194898e+00  4.961500e-09  0.000000e+00 
 4.962500e-09  1.196046e+00  4.962500e-09  1.194970e+00  4.962500e-09  0.000000e+00 
 4.963500e-09  1.196065e+00  4.963500e-09  1.195040e+00  4.963500e-09  0.000000e+00 
 4.964500e-09  1.196085e+00  4.964500e-09  1.195109e+00  4.964500e-09  0.000000e+00 
 4.965500e-09  1.196104e+00  4.965500e-09  1.195177e+00  4.965500e-09  0.000000e+00 
 4.966500e-09  1.196123e+00  4.966500e-09  1.195245e+00  4.966500e-09  0.000000e+00 
 4.967500e-09  1.196141e+00  4.967500e-09  1.195311e+00  4.967500e-09  0.000000e+00 
 4.968500e-09  1.196160e+00  4.968500e-09  1.195376e+00  4.968500e-09  0.000000e+00 
 4.969500e-09  1.196178e+00  4.969500e-09  1.195440e+00  4.969500e-09  0.000000e+00 
 4.970500e-09  1.196196e+00  4.970500e-09  1.195503e+00  4.970500e-09  0.000000e+00 
 4.971500e-09  1.196213e+00  4.971500e-09  1.195565e+00  4.971500e-09  0.000000e+00 
 4.972500e-09  1.196231e+00  4.972500e-09  1.195626e+00  4.972500e-09  0.000000e+00 
 4.973500e-09  1.196248e+00  4.973500e-09  1.195687e+00  4.973500e-09  0.000000e+00 
 4.974500e-09  1.196265e+00  4.974500e-09  1.195746e+00  4.974500e-09  0.000000e+00 
 4.975500e-09  1.196282e+00  4.975500e-09  1.195804e+00  4.975500e-09  0.000000e+00 
 4.976500e-09  1.196298e+00  4.976500e-09  1.195862e+00  4.976500e-09  0.000000e+00 
 4.977500e-09  1.196315e+00  4.977500e-09  1.195919e+00  4.977500e-09  0.000000e+00 
 4.978500e-09  1.196331e+00  4.978500e-09  1.195974e+00  4.978500e-09  0.000000e+00 
 4.979500e-09  1.196347e+00  4.979500e-09  1.196029e+00  4.979500e-09  0.000000e+00 
 4.980500e-09  1.196363e+00  4.980500e-09  1.196083e+00  4.980500e-09  0.000000e+00 
 4.981500e-09  1.196379e+00  4.981500e-09  1.196137e+00  4.981500e-09  0.000000e+00 
 4.982500e-09  1.196395e+00  4.982500e-09  1.196189e+00  4.982500e-09  0.000000e+00 
 4.983500e-09  1.196410e+00  4.983500e-09  1.196241e+00  4.983500e-09  0.000000e+00 
 4.984500e-09  1.196426e+00  4.984500e-09  1.196292e+00  4.984500e-09  0.000000e+00 
 4.985500e-09  1.196441e+00  4.985500e-09  1.196342e+00  4.985500e-09  0.000000e+00 
 4.986500e-09  1.196456e+00  4.986500e-09  1.196391e+00  4.986500e-09  0.000000e+00 
 4.987500e-09  1.196471e+00  4.987500e-09  1.196439e+00  4.987500e-09  0.000000e+00 
 4.988500e-09  1.196486e+00  4.988500e-09  1.196487e+00  4.988500e-09  0.000000e+00 
 4.989500e-09  1.196501e+00  4.989500e-09  1.196534e+00  4.989500e-09  0.000000e+00 
 4.990500e-09  1.196516e+00  4.990500e-09  1.196580e+00  4.990500e-09  0.000000e+00 
 4.991500e-09  1.196530e+00  4.991500e-09  1.196626e+00  4.991500e-09  0.000000e+00 
 4.992500e-09  1.196544e+00  4.992500e-09  1.196671e+00  4.992500e-09  0.000000e+00 
 4.993500e-09  1.196559e+00  4.993500e-09  1.196715e+00  4.993500e-09  0.000000e+00 
 4.994500e-09  1.196573e+00  4.994500e-09  1.196759e+00  4.994500e-09  0.000000e+00 
 4.995500e-09  1.196587e+00  4.995500e-09  1.196801e+00  4.995500e-09  0.000000e+00 
 4.996500e-09  1.196601e+00  4.996500e-09  1.196843e+00  4.996500e-09  0.000000e+00 
 4.997500e-09  1.196615e+00  4.997500e-09  1.196885e+00  4.997500e-09  0.000000e+00 
 4.998500e-09  1.196629e+00  4.998500e-09  1.196926e+00  4.998500e-09  0.000000e+00 
 4.999500e-09  1.196643e+00  4.999500e-09  1.196966e+00  4.999500e-09  0.000000e+00 
 5.000000e-09  1.196649e+00  5.000000e-09  1.196986e+00  5.000000e-09  0.000000e+00 
