time_ns,ADC_P,ADC_N,DIGIF_P,DIGIF_N
0.0,1.19999955,1.19999955,3.19877898,3.19877898
0.0757110956,1.20512992,1.1840372,3.18259834,3.21477135
0.17059177,1.18379541,1.19817849,3.21067469,3.18702032
0.27059177,1.18829572,1.20187937,3.20870071,3.1888478
0.37059177,1.19289915,1.20092179,3.20340753,3.19423009
0.47059176999999996,1.19527176,1.20016024,3.20045924,3.19708411
0.57059177,1.19643863,1.19989792,3.1991961,3.19837244
0.67059177,1.19712067,1.20000954,3.19872876,3.19887163
0.77059177,1.19720977,1.1999217,3.1985615,3.1989541
0.87059177,1.19749257,1.20015319,3.19859475,3.1990179
0.9705917700000001,1.19754674,1.20015886,3.19853072,3.19899321
1.07059177,1.1977375,1.20021577,3.19848827,3.19908187
1.17059177,1.1980265,1.20035704,3.19840561,3.19917837
1.27059177,1.19809317,1.2002535,3.19829091,3.1992266
1.3705917699999999,1.19842909,1.20041929,3.19826249,3.19934554
1.47059177,1.1985062,1.20037667,3.19817873,3.19934391
1.57059177,1.1986892,1.20041545,3.19817226,3.19939796
1.67059177,1.19891569,1.20055262,3.19816465,3.19941639
1.77059177,1.19889034,1.20047605,3.1981704,3.19934924
1.87059177,1.19898964,1.20070015,3.19837473,3.19922736
1.9705917700000002,1.19822101,1.20091418,3.19911995,3.19839319
2.0705917699999996,1.19673477,1.19859035,3.1984722,3.19908205
2.1705917699999997,1.19684211,1.19078346,3.19246749,3.20504168
2.27059177,1.19853144,1.18415997,3.1868427,3.21068159
2.37059177,1.19984418,1.18126194,3.18498482,3.21261011
2.47059177,1.20019128,1.18033872,3.18548303,3.21204255
2.57059177,1.20041608,1.18073361,3.18710099,3.21049928
2.6705917699999997,1.2003054,1.18098373,3.18864014,3.20891273
2.77059177,1.20008982,1.17872341,3.18819841,3.20934232
2.87059177,1.20159403,1.18097796,3.18997571,3.20766407
2.97059177,1.20208643,1.1873691,3.19540517,3.20215653
3.07059177,1.20101241,1.19212419,3.20020989,3.19737233
3.17059177,1.20046,1.19485177,3.20256905,3.19503884
3.2705917700000002,1.20006957,1.19620476,3.20342071,3.19410877
3.37059177,1.20013436,1.1972558,3.20368824,3.19392778
3.47059177,1.20009661,1.19780826,3.2035608,3.19397756
3.57059177,1.20009512,1.19824754,3.20335679,3.19420909
3.67059177,1.20024548,1.19867539,3.2030864,3.19450953
3.77059177,1.20012724,1.19877541,3.20272646,3.19479161
3.87059177,1.20026326,1.19908527,3.2024589,3.19514818
3.97059177,1.20022271,1.19916138,3.20211333,3.19541778
4.07059177,1.20019439,1.1992724,3.20184441,3.19571558
4.17059177,1.20031425,1.19946581,3.20158951,3.1960017
4.27059177,1.20017045,1.19939089,3.20128466,3.1962298
4.37059177,1.20028429,1.19956583,3.20109239,3.19651159
4.47059177,1.20023051,1.1995388,3.20083183,3.19669717
4.57059177,1.20019198,1.19957034,3.20065324,3.19690482
4.670591770000001,1.20030395,1.1997034,3.20049123,3.19709857
4.77059177,1.20015571,1.19957994,3.20027568,3.19723768
4.87059177,1.20026563,1.19971467,3.20016771,3.19743508
4.9705917699999995,1.20021218,1.19965792,3.19998793,3.19754085
5.07059177,1.20017201,1.19966398,3.19988476,3.19767235
5.17059177,1.20028501,1.19977867,3.19979369,3.19779597
5.27059177,1.20013738,1.1996395,3.19964351,3.19786938
5.37059177,1.20024623,1.1997627,3.19959744,3.1980047
5.47059177,1.20019701,1.19969759,3.19947231,3.19805694
5.57059177,1.20015555,1.19969387,3.19941935,3.19813694
5.670591770000001,1.20027082,1.19980622,3.19937695,3.19821314
5.77059177,1.20012457,1.19966407,3.19926973,3.19824285
5.870591770000001,1.20023183,1.19978435,3.19926388,3.19833782
5.97059177,1.20018671,1.19971527,3.19917055,3.19835948
6.07059177,1.20014441,1.19970698,3.19914747,3.19840785
6.17059177,1.2002619,1.19982069,3.19913527,3.19845555
6.270591769999999,1.20011584,1.19967884,3.19905478,3.19845745
6.37059177,1.2002218,1.19979756,3.1990723,3.19852901
6.4705917699999995,1.20018024,1.19973093,3.19900027,3.19853068
6.57059177,1.20013464,1.19971912,3.19899512,3.19855912
6.67059177,1.200255,1.19983577,3.19900061,3.19859106
6.77059177,1.20010883,1.19969379,3.19893477,3.19857707
6.87059177,1.20021355,1.19981414,3.19896757,3.19863336
6.97059177,1.20017486,1.19974722,3.19890563,3.19862629
7.07059177,1.20012709,1.19973247,3.19890955,3.19864363
7.170591770000001,1.20024943,1.19985041,3.19892473,3.19866778
7.270591769999999,1.20010298,1.19970955,3.19886809,3.19864339
7.37059177,1.20020575,1.19982882,3.19890868,3.19869184
7.47059177,1.20017026,1.19976469,3.19885374,3.19867911
7.57059177,1.20011969,1.19974631,3.19886203,3.19869018
7.670591770000001,1.20024349,1.19986677,3.19888386,3.1987094
7.77059177,1.200097,1.19972574,3.19883148,3.19867971
7.870591769999999,1.20019834,1.19984254,3.19887504,3.19872509
7.97059177,1.20016469,1.19978113,3.19882503,3.19870867
8.07059177,1.20011259,1.19976005,3.19883499,3.19871645
8.17059177,1.20023731,1.1998819,3.19886049,3.19873332
8.27059177,1.20009051,1.19974132,3.19881123,3.19869979
8.37059177,1.20018989,1.19985802,3.19885815,3.19874155
8.47059177,1.20015864,1.19979806,3.19880991,3.19872453
8.57059177,1.20010531,1.19977253,3.19881871,3.19873213
8.67059177,1.2002307,1.19989523,3.19884626,3.19874789
8.770591770000001,1.20008415,1.19975496,3.19879874,3.19871223
8.87059177,1.2001815,1.19987093,3.19884768,3.19875158
8.97059177,1.20015046,1.19981354,3.19880284,3.19873222
9.07059177,1.20009764,1.19978399,3.19880882,3.19874165
9.17059177,1.20022285,1.19990573,3.19883666,3.19875761
9.27059177,1.2000766,1.19976738,3.1987917,3.19871938
9.370591769999999,1.20017211,1.1998824,3.1988417,3.19875712
9.47059177,1.20014052,1.19982832,3.19880085,3.19873467
9.57059177,1.20008865,1.19979452,3.19880323,3.19874712
9.67059177,1.20021235,1.19991547,3.19883183,3.1987622
9.77059177,1.2000676,1.19977746,3.19878703,3.19872433
9.87059177,1.20016066,1.19989258,3.19883904,3.19875931
9.97059177,1.20012843,1.19983939,3.19879981,3.19873603
10.0705918,1.20007719,1.1998045,3.19880148,3.19874908
10.170591799999999,1.20019798,1.19992338,3.19882996,3.19876352
10.2705918,1.20005331,1.19978689,3.1987873,3.19872457
10.3705918,1.20014409,1.199902,3.19884054,3.19875732
10.470591800000001,1.20011008,1.19985039,3.19880355,3.19873238
10.570591799999999,1.20005981,1.19981345,3.19880357,3.19874766
10.6705918,1.20017539,1.19992988,3.19883228,3.19876011
10.7705918,1.20003065,1.19979542,3.19879229,3.19872045
10.870591800000001,1.2001177,1.19991061,3.19884737,3.19874994
10.9705918,1.20007757,1.19985969,3.19881426,3.19872141
11.070591799999999,1.20003019,1.19982353,3.19881341,3.19873913
11.1705918,1.20013794,1.19993237,3.19883856,3.19875192
11.2705918,1.19999241,1.19980176,3.19880344,3.19871072
11.3705918,1.20007436,1.19991729,3.19886085,3.19873579
11.4705918,1.20002374,1.19986557,3.19883239,3.19870252
11.5705918,1.19997817,1.19983491,3.19883545,3.19871944
11.6705918,1.20007297,1.19993085,3.19885382,3.19873341
11.7705918,1.19992605,1.1998052,3.19882501,3.19869149
11.8705918,1.19999866,1.19992251,3.19888769,3.19870807
11.970591800000001,1.19993042,1.19986864,3.19886585,3.19866759
12.0705918,1.1998864,1.19984929,3.1988777,3.19868084
12.170591799999999,1.1999603,1.19992571,3.19888604,3.19869646
12.2705918,1.19980835,1.19980659,3.19886709,3.1986527
12.3705918,1.1998661,1.19992546,3.19893633,3.19865826
12.4705918,1.19977016,1.19987221,3.19892793,3.19860364
12.570591799999999,1.19972609,1.19986548,3.19894839,3.19861421
12.6705918,1.19976783,1.1999264,3.19895475,3.19862295
12.7705918,1.19960278,1.19981815,3.19895093,3.1985718
12.8705918,1.19963972,1.19994248,3.1990296,3.19856399
12.9705918,1.19952059,1.19989477,3.19903094,3.19849946
13.0705918,1.19947378,1.19990213,3.19905657,3.19850835
13.1705918,1.1995012,1.19995345,3.19905079,3.1985245
13.2705918,1.19933205,1.19985446,3.19904891,3.19847513
13.3705918,1.19936969,1.19998137,3.19911759,3.1984756
13.4705918,1.19925745,1.19993774,3.1991065,3.19842375
13.5705918,1.19922929,1.19995084,3.19911513,3.1984506
13.670591799999999,1.1992751,1.19999578,3.19908279,3.19849189
13.7705918,1.19913044,1.19989166,3.19905559,3.19846903
13.8705918,1.19918951,1.20001565,3.19910479,3.19848831
13.970591800000001,1.19910024,1.19997124,3.19907699,3.19845352
14.070591799999999,1.19909554,1.19998701,3.19907344,3.19849268
14.1705918,1.19916748,1.20002864,3.19902289,3.19855167
14.2705918,1.19905081,1.19991599,3.19897488,3.19855014
14.370591800000001,1.19913059,1.20003354,3.19901227,3.19858077
14.4705918,1.19905681,1.19998961,3.19898332,3.19854748
14.5705918,1.19906777,1.20000477,3.19897809,3.19858823
14.6705918,1.19915285,1.20005006,3.19893041,3.19864405
14.7705918,1.19905696,1.19992836,3.19887024,3.19865506
14.8705918,1.19914837,1.20004045,3.19890599,3.19868694
14.970591800000001,1.19908046,1.19999601,3.19888401,3.19864702
15.070591799999999,1.19909522,1.2000138,3.19888917,3.19867725
15.1705918,1.1991854,1.20005891,3.19884705,3.19872726
15.2705918,1.1990972,1.19993622,3.19878979,3.19873574
15.370591800000001,1.19919371,1.20004605,3.19882877,3.19876401
15.4705918,1.19912925,1.20000158,3.19881266,3.19871858
15.570591799999999,1.19914583,1.20002053,3.19882556,3.1987409
15.6705918,1.1992356,1.20007021,3.19879419,3.19878002
15.770591800000002,1.19915689,1.19994367,3.19873285,3.19879284
15.8705918,1.1992589,1.20004857,3.1987702,3.19882241
15.9705918,1.19919525,1.20000375,3.19875965,3.19877182
16.070591800000003,1.19921023,1.20002418,3.19878081,3.19878559
16.170591799999997,1.19929943,1.20007685,3.19875694,3.19881722
16.2705918,1.19922643,1.19994609,3.19869227,3.19883349
16.3705918,1.19932994,1.20004723,3.19873005,3.1988624
16.4705918,1.19926485,1.20000316,3.19872563,3.19880608
16.5705918,1.19927554,1.20002541,3.19875523,3.19881101
16.6705918,1.1993584,1.20008676,3.19874579,3.19882843
16.770591800000002,1.19929374,1.19994987,3.1986714,3.19885436
16.870591800000003,1.19939879,1.20004803,3.19870805,3.19888423
16.970591799999998,1.19933432,1.20000188,3.19870433,3.19882767
17.0705918,1.1993402,1.20002578,3.1987411,3.19882487
17.1705918,1.19941935,1.20009111,3.19873903,3.19883535
17.2705918,1.19935421,1.19995961,3.19866981,3.1988559
17.3705918,1.19946772,1.20004774,3.19869253,3.19889963
17.4705918,1.19940472,1.1999997,3.19868812,3.19884419
17.570591800000003,1.19940678,1.20002161,3.1987279,3.19883774
17.6705918,1.19948126,1.20009007,3.19873343,3.19884112
17.7705918,1.19941366,1.19995986,3.19866754,3.19885805
17.8705918,1.19952659,1.20004691,3.19869014,3.1989019
17.9705918,1.19946443,1.19999774,3.19868462,3.19884803
18.0705918,1.19946127,1.20002097,3.19872956,3.19883573
18.1705918,1.19953256,1.20009331,3.19874054,3.19883424
18.270591800000002,1.1994611,1.19997046,3.19868208,3.19884339
18.3705918,1.19958228,1.20004874,3.19869014,3.19890179
18.4705918,1.19952475,1.19999553,3.19867802,3.19885498
18.5705918,1.19951742,1.20001836,3.19872628,3.1988386
18.6705918,1.19958578,1.20009324,3.19874208,3.19883296
18.7705918,1.19951223,1.19997105,3.19868533,3.19883999
18.8705918,1.19963317,1.20004814,3.19869233,3.19889949
18.9705918,1.19957668,1.19999502,3.1986794,3.19885397
19.070591800000003,1.19956633,1.20001678,3.19872867,3.1988358
19.1705918,1.19963204,1.20009455,3.19874878,3.19882651
19.2705918,1.19955325,1.19997758,3.19869923,3.19882593
19.3705918,1.19967874,1.20004898,3.19869702,3.19889469
19.470591799999998,1.19962455,1.19999523,3.1986816,3.19885215
19.5705918,1.1996116,1.20001542,3.19873103,3.19883299
19.6705918,1.19967506,1.20009599,3.19875504,3.19882061
19.770591800000002,1.19959272,1.19998259,3.19870986,3.19881511
19.8705918,1.19972032,1.20005135,3.19870283,3.19888878
19.9705918,1.19967026,1.19999496,3.19868182,3.19885232
20.0705918,1.19965592,1.20001211,3.19872961,3.19883395
20.1705918,1.19971756,1.20009419,3.19875667,3.19881929
20.2705918,1.19962706,1.19998838,3.19872317,3.19880163
20.3705918,1.19975665,1.20005459,3.19871131,3.1988802
20.4705918,1.19971276,1.1999937,3.19868129,3.19885332
20.570591800000003,1.19969765,1.20000581,3.19872585,3.19883725
20.6705918,1.19975541,1.20009165,3.19875954,3.19881675
20.770591800000002,1.19965916,1.19999036,3.19873305,3.19879158
20.8705918,1.19978464,1.20006091,3.19872652,3.19886488
20.970591799999998,1.19974829,1.1999943,3.1986849,3.19885011
21.0705918,1.19973395,1.20000138,3.19872421,3.1988384
21.1705918,1.19978944,1.20008991,3.19876225,3.19881438
21.270591800000002,1.19969003,1.19999007,3.19873871,3.19878572
21.3705918,1.1998139,1.20006038,3.19873261,3.19885868
21.4705918,1.19977923,1.19999408,3.19868949,3.19884592
21.5705918,1.19976306,1.19999934,3.19872793,3.1988342
21.6705918,1.1998178,1.20008944,3.19876773,3.19880925
21.7705918,1.19971688,1.19998947,3.19874438,3.19877985
21.8705918,1.19983467,1.20006533,3.19874645,3.19884471
21.9705918,1.19980598,1.19999511,3.19869449,3.19884133
22.0705918,1.19979005,1.19999655,3.19872875,3.19883289
22.1705918,1.19984327,1.20008926,3.19877201,3.19880533
22.270591800000002,1.19973816,1.19999263,3.19875363,3.19877041
22.3705918,1.19985396,1.20006933,3.19875681,3.19883424
22.470591799999998,1.19982971,1.19999714,3.19869907,3.19883717
22.5705918,1.19981427,1.19999453,3.19872899,3.19883215
22.6705918,1.19986872,1.20008678,3.19877132,3.19880637
22.770591800000002,1.199761,1.19999127,3.19875558,3.19876827
22.8705918,1.19986813,1.20007587,3.19877133,3.19881961
22.9705918,1.19985004,1.19999983,3.19870462,3.19883204
23.070591800000003,1.19983835,1.19998943,3.19872481,3.19883582
23.170591799999997,1.19989351,1.20008162,3.1987674,3.19881064
23.2705918,1.19978123,1.19998938,3.19875778,3.19876589
23.3705918,1.19988011,1.20008124,3.19878517,3.19880565
23.4705918,1.19986457,1.20000532,3.19871537,3.19882172
23.5705918,1.19985617,1.19998778,3.19872593,3.19883412
23.6705918,1.19991435,1.20007827,3.19876541,3.19881299
23.770591800000002,1.19979914,1.19998783,3.19875935,3.19876413
23.8705918,1.19989546,1.20008034,3.19878899,3.19880169
23.970591799999998,1.19988104,1.20000556,3.19871905,3.19881848
24.0705918,1.19987196,1.19998539,3.1987273,3.19883226
24.1705918,1.19993013,1.20007725,3.19876812,3.19881064
24.270591800000002,1.19981325,1.19998761,3.19876342,3.19875989
24.3705918,1.19990931,1.2000784,3.19879125,3.19879932
24.4705918,1.19989161,1.20000996,3.19872843,3.19880954
24.570591800000003,1.19988487,1.19998415,3.1987291,3.19882994
24.670591799999997,1.19994528,1.20007516,3.19876775,3.19881137
24.7705918,1.19982568,1.19998754,3.19876643,3.19875672
24.8705918,1.19991661,1.20008218,3.19880082,3.19878962
24.9705918,1.19990037,1.20001487,3.19873698,3.19880143
25.0705918,1.19989621,1.19998318,3.19872987,3.19882866
25.1705918,1.19995857,1.20007373,3.19876702,3.19881245
25.270591800000002,1.19983901,1.19998515,3.19876479,3.19875819
25.370591800000003,1.19992739,1.20008054,3.19880185,3.19878844
25.470591799999998,1.19990522,1.20002236,3.19874955,3.19878931
25.5705918,1.19990564,1.19998263,3.19873105,3.19882697
25.6705918,1.19997455,1.20006768,3.19875921,3.19882062
25.7705918,1.19985196,1.19998152,3.19876172,3.19876111
25.8705918,1.19993648,1.20007907,3.19880368,3.19878646
25.9705918,1.19990802,1.20003037,3.19876361,3.19877571
26.070591800000003,1.19991157,1.19998412,3.19873582,3.19882169
26.1705918,1.19998541,1.20006558,3.19875753,3.19882266
26.2705918,1.19986456,1.19997695,3.19875677,3.19876591
26.3705918,1.19994547,1.20007641,3.19880343,3.19878655
26.4705918,1.1999165,1.20003069,3.19876631,3.19877346
26.5705918,1.19991869,1.19998267,3.19873748,3.19881951
26.6705918,1.19999445,1.20006375,3.19875767,3.19882286
26.770591800000002,1.19987252,1.19997583,3.19875803,3.1987645
26.8705918,1.19995107,1.20007603,3.19880688,3.19878295
26.9705918,1.19992145,1.20003379,3.19877274,3.1987675
27.0705918,1.19992206,1.19998416,3.19874276,3.19881372
27.1705918,1.20000142,1.20006325,3.19875856,3.19882231
27.2705918,1.19988052,1.19997386,3.19875674,3.19876567
27.3705918,1.19995611,1.20007544,3.19880898,3.19878068
27.4705918,1.19992347,1.20003915,3.19878175,3.19875895
27.570591800000003,1.19992402,1.19998646,3.1987481,3.19880786
27.6705918,1.20000854,1.20006181,3.19875696,3.19882425
27.7705918,1.19988868,1.19997106,3.1987533,3.19876897
27.8705918,1.19996256,1.2000726,3.1988072,3.1987823
27.970591799999998,1.19992929,1.20003954,3.19878329,3.19875787
28.0705918,1.19992252,1.19999163,3.19875798,3.19879746
28.1705918,1.20001438,1.20006101,3.19875604,3.19882551
28.270591800000002,1.19989802,1.19996628,3.1987465,3.19877565
28.3705918,1.19996895,1.20006915,3.19880434,3.19878499
28.4705918,1.19993521,1.20003922,3.19878375,3.19875788
28.5705918,1.19991983,1.19999738,3.19876913,3.19878579
28.6705918,1.20001853,1.20006117,3.19875694,3.19882494
28.7705918,1.19990647,1.19996174,3.1987402,3.19878184
28.8705918,1.19997618,1.20006414,3.19879918,3.19878996
28.9705918,1.19994123,1.20003818,3.19878337,3.19875873
29.070591800000003,1.19992321,1.19999589,3.19877001,3.19878439
29.1705918,1.20002317,1.20005999,3.19875743,3.19882478
29.270591800000002,1.19991195,1.19995963,3.1987391,3.19878284
29.3705918,1.19997976,1.20006226,3.19879973,3.19878923
29.470591799999998,1.19994456,1.20003936,3.19878665,3.19875593
29.5705918,1.19992131,1.19999962,3.19877864,3.19877523
29.6705918,1.20002372,1.20006268,3.19876292,3.19881962
29.770591800000002,1.19991541,1.19995919,3.19873936,3.19878249
29.870591800000003,1.19998395,1.20005941,3.19879751,3.19879126
29.970591800000005,1.19994843,1.20003964,3.19878757,3.19875549
30.0705918,1.19991983,1.20000247,3.19878498,3.19876838
30.170591799999997,1.20002651,1.20006261,3.19876351,3.19881935
30.2705918,1.1999211,1.19995615,3.19873524,3.19878652
30.3705918,1.1999883,1.20005598,3.1987945,3.19879407
30.4705918,1.19995267,1.20003916,3.19878749,3.19875605
30.570591800000003,1.19991761,1.20000596,3.19879235,3.19876049
30.670591800000004,1.20002581,1.20006579,3.19876911,3.19881405
30.7705918,1.1999255,1.19995421,3.19873229,3.19878939
30.870591799999996,1.19999383,1.20005101,3.19878865,3.19879972
30.970591799999998,1.19995717,1.20003812,3.19878635,3.19875767
31.0705918,1.19991937,1.20000478,3.19879286,3.19875948
31.1705918,1.200021,1.20007309,3.19878118,3.19880229
31.270591800000002,1.19992811,1.19995383,3.1987314,3.19879022
31.370591800000003,1.19999805,1.20004716,3.19878387,3.19880429
31.470591800000005,1.19996327,1.20003515,3.19878166,3.19876285
31.5705918,1.19992266,1.20000168,3.19879026,3.19876156
31.670591799999997,1.2000245,1.20007126,3.19878009,3.19880369
31.7705918,1.19993215,1.19995166,3.19872962,3.19879195
31.8705918,1.20000312,1.20004199,3.19877906,3.19880889
31.9705918,1.19996713,1.20003419,3.19878177,3.19876323
32.0705918,1.1999227,1.2000017,3.19879355,3.19875775
32.170591800000004,1.20001793,1.20007985,3.19879501,3.19878907
32.2705918,1.19993193,1.19995376,3.198733,3.19878851
32.3705918,1.20000724,1.2000376,3.19877372,3.19881401
32.4705918,1.1999721,1.20003195,3.19877822,3.19876727
32.5705918,1.1999246,1.19999966,3.19879241,3.19875836
32.670591800000004,1.20002004,1.20007903,3.19879517,3.1987892
32.7705918,1.19993477,1.19995252,3.19873215,3.19878932
32.8705918,1.20001008,1.20003441,3.19877136,3.19881614
32.970591799999994,1.19997531,1.20003132,3.19877806,3.19876793
33.070591799999995,1.19992495,1.19999906,3.198794,3.19875626
33.1705918,1.20001749,1.2000831,3.19880297,3.19878169
33.2705918,1.19993477,1.19995409,3.19873516,3.19878627
33.3705918,1.20001117,1.20003278,3.19877086,3.19881641
33.4705918,1.19997933,1.20002974,3.19877573,3.19877075
33.5705918,1.19992558,1.19999806,3.19879447,3.19875526
33.670591800000004,1.20001486,1.20008697,3.19880994,3.19877501
33.7705918,1.19993445,1.19995595,3.19873797,3.19878344
33.8705918,1.20001339,1.20003001,3.19876777,3.19881926
33.9705918,1.19998314,1.20002825,3.19877308,3.19877389
34.0705918,1.19992754,1.19999559,3.1987923,3.19875693
34.170591800000004,1.20001349,1.20008962,3.19881472,3.19877051
34.270591800000005,1.19993152,1.19996045,3.19874476,3.19877662
34.3705918,1.20001578,1.20002689,3.19876385,3.19882294
34.470591799999994,1.19999042,1.20002302,3.19876457,3.1987829
34.570591799999995,1.19993099,1.19999147,3.19878803,3.19876068
34.6705918,1.20001523,1.20008861,3.198815,3.19877051
34.7705918,1.19992662,1.19996698,3.19875546,3.19876591
34.8705918,1.20001631,1.20002559,3.19876317,3.19882337
34.9705918,1.19999643,1.20001895,3.1987579,3.19879007
35.0705918,1.19993392,1.19998783,3.19878428,3.19876391
35.170591800000004,1.20001721,1.20008724,3.19881449,3.19877128
35.2705918,1.19992852,1.19996626,3.19875548,3.1987659
35.3705918,1.20001788,1.20002314,3.198762,3.19882429
35.4705918,1.20000003,1.20001735,3.19875627,3.1987922
35.5705918,1.19993489,1.19998612,3.19878426,3.19876343
35.670591800000004,1.20001784,1.20008708,3.19881637,3.19876967
35.770591800000005,1.1999247,1.19997163,3.19876477,3.19875659
35.8705918,1.20001716,1.20002298,3.19876362,3.1988224
35.970591799999994,1.20000406,1.20001513,3.19875289,3.19879608
36.070591799999995,1.19993665,1.19998358,3.19878217,3.19876501
36.1705918,1.20001812,1.2000874,3.19881811,3.19876817
36.2705918,1.19992239,1.19997528,3.19877071,3.19875069
36.3705918,1.20001639,1.20002283,3.19876465,3.19882111
36.4705918,1.20000757,1.2000135,3.19874974,3.19879973
36.5705918,1.19993877,1.19998059,3.19877891,3.19876776
36.6705918,1.20001992,1.20008598,3.19881702,3.19876952
36.7705918,1.19991762,1.19998174,3.19878084,3.19874059
36.8705918,1.20001342,1.2000249,3.19876886,3.19881663
36.9705918,1.2000113,1.2000115,3.19874572,3.19880422
37.0705918,1.1999438,1.19997456,3.1987709,3.19877526
37.170591800000004,1.2000229,1.20008326,3.19881435,3.19877243
37.270591800000005,1.19991671,1.19998413,3.19878507,3.19873639
37.3705918,1.20000837,1.20002911,3.19877705,3.19880816
37.470591799999994,1.200014,1.20001054,3.1987435,3.19880695
37.570591799999995,1.19994812,1.19996921,3.19876384,3.19878182
37.6705918,1.20002568,1.20008067,3.1988117,3.19877532
37.7705918,1.19991845,1.19998347,3.19878493,3.19873658
37.8705918,1.20000896,1.20002739,3.19877684,3.19880809
37.9705918,1.20001694,1.20000932,3.19874223,3.19880873
38.0705918,1.19994978,1.19996661,3.19876217,3.19878299
38.1705918,1.20002652,1.20008004,3.1988127,3.19877456
38.2705918,1.19992062,1.19998219,3.19878424,3.19873731
38.3705918,1.20000417,1.2000313,3.19878513,3.19879951
38.4705918,1.20001817,1.20000982,3.19874278,3.19880869
38.5705918,1.1999529,1.19996242,3.19875704,3.19878762
38.670591800000004,1.20002818,1.20007852,3.19881163,3.19877585
38.770591800000005,1.19991914,1.19998503,3.19878899,3.19873263
38.8705918,1.20000083,1.20003364,3.19879021,3.19879414
38.9705918,1.20001959,1.2000101,3.19874246,3.19880952
39.070591799999995,1.19995511,1.19995922,3.19875303,3.19879113
39.1705918,1.20003042,1.20007634,3.19880916,3.19877855
39.2705918,1.19992071,1.19998454,3.19878855,3.19873314
39.3705918,1.19999364,1.20004014,3.19880174,3.1987823
39.4705918,1.20001928,1.20001213,3.19874446,3.19880803
39.5705918,1.19995962,1.19995348,3.19874478,3.19879888
39.6705918,1.2000349,1.20007179,3.19880302,3.1987849
39.7705918,1.19992298,1.19998333,3.19878729,3.19873447
39.8705918,1.19998779,1.20004532,3.19881162,3.19877212
39.9705918,1.20001714,1.20001604,3.19874988,3.19880312
40.0705918,1.19996138,1.19995104,3.19874121,3.19880194
40.170591800000004,1.20003962,1.20006689,3.19879632,3.19879181
40.270591800000005,1.19992592,1.19998142,3.19878493,3.19873691
40.3705918,1.19998801,1.20004385,3.19881175,3.19877168
40.4705918,1.20001895,1.20001585,3.19875011,3.1988034
40.570591799999995,1.19996307,1.19994828,3.19873909,3.19880358
40.6705918,1.20004116,1.20006532,3.19879579,3.19879255
40.7705918,1.19992653,1.19998193,3.19878675,3.19873519
40.8705918,1.19998812,1.20004256,3.19881188,3.19877124
40.9705918,1.20001625,1.20002034,3.19875708,3.19879694
41.0705918,1.19996355,1.19994676,3.1987378,3.19880438
41.1705918,1.20004452,1.20006177,3.19879119,3.19879735
41.2705918,1.1999281,1.19998147,3.19878636,3.19873567
41.3705918,1.19998408,1.20004563,3.19881837,3.19876443
41.4705918,1.20001476,1.20002357,3.19876143,3.19879309
41.5705918,1.19996453,1.19994475,3.19873535,3.19880636
41.670591800000004,1.20004756,1.20005853,3.19878682,3.19880191
41.770591800000005,1.19993038,1.19998027,3.19878461,3.19873754
41.8705918,1.19998379,1.20004463,3.19881872,3.19876375
41.9705918,1.20000896,1.20003135,3.19877284,3.19878219
42.070591799999995,1.19996413,1.19994415,3.19873455,3.19880667
42.1705918,1.20005287,1.2000528,3.19877805,3.19881087
42.2705918,1.19993433,1.19997735,3.19878,3.19874227
42.3705918,1.19998436,1.20004273,3.19881776,3.19876438
42.4705918,1.20000326,1.20003913,3.19878464,3.1987709
42.570591799999995,1.19996238,1.19994497,3.19873631,3.19880444
42.6705918,1.2000567,1.20004856,3.19877189,3.19881721
42.7705918,1.19993899,1.19997367,3.19877428,3.19874812
42.8705918,1.19998541,1.20004031,3.19881617,3.19876563
42.9705918,1.20000466,1.20003927,3.19878527,3.19877078
43.0705918,1.1999631,1.19994328,3.19873552,3.19880475
43.170591800000004,1.2000591,1.20004583,3.1987694,3.19881987
43.270591800000005,1.19994067,1.19997312,3.19877429,3.19874824
43.3705918,1.19998427,1.20004016,3.19881842,3.19876304
43.4705918,1.20000251,1.20004334,3.1987917,3.19876486
43.5705918,1.19995946,1.19994615,3.19874105,3.19879875
43.6705918,1.20006012,1.20004468,3.19876791,3.19882163
43.7705918,1.19994422,1.19997062,3.19877023,3.19875245
43.8705918,1.1999843,1.20003879,3.19881812,3.19876299
43.9705918,1.19999961,1.20004803,3.19879866,3.19875841
44.070591799999995,1.19995834,1.1999464,3.19874205,3.19879729
44.1705918,1.20006256,1.20004184,3.19876403,3.19882567
44.2705918,1.19994736,1.19996855,3.19876687,3.19875596
44.3705918,1.19998444,1.20003728,3.19881762,3.19876313
44.4705918,1.19999932,1.20005003,3.19880137,3.19875623
44.5705918,1.19995273,1.19995137,3.19875022,3.19878866
44.670591800000004,1.20006401,1.20003993,3.19876096,3.19882888
44.770591800000005,1.19995311,1.19996374,3.19875867,3.19876432
44.8705918,1.19998613,1.20003416,3.19881446,3.19876593
44.9705918,1.2000006,1.20005025,3.19880178,3.19875632
45.0705918,1.19994541,1.19995826,3.19876167,3.19877674
45.1705918,1.20006361,1.20003993,3.19876095,3.19882903
45.2705918,1.19995731,1.19996056,3.19875279,3.19877037
45.3705918,1.19998827,1.20003052,3.19881021,3.19876981
45.4705918,1.20000289,1.2000494,3.19880039,3.19875821
45.570591799999995,1.19994619,1.1999566,3.19876051,3.19877745
45.6705918,1.20006536,1.20003775,3.19875904,3.19883107
45.7705918,1.19996218,1.19995665,3.19874735,3.19877599
45.8705918,1.19998878,1.20002861,3.19880996,3.1987697
45.9705918,1.2000026,1.20005123,3.19880401,3.1987551
46.0705918,1.19993756,1.19996501,3.19877476,3.19876275
46.170591800000004,1.20006232,1.20004048,3.19876346,3.19882678
46.2705918,1.19996568,1.19995412,3.19874244,3.19878108
46.3705918,1.19999145,1.20002443,3.19880471,3.19877456
46.4705918,1.20000444,1.20005082,3.19880323,3.19875638
46.5705918,1.1999375,1.19996428,3.19877481,3.19876226
46.6705918,1.20006315,1.20003922,3.19876269,3.19882768
46.7705918,1.19996862,1.19995229,3.19873977,3.19878394
46.8705918,1.19999161,1.20002285,3.19880438,3.19877451
46.9705918,1.20000446,1.20005229,3.19880576,3.19875436
47.070591799999995,1.19993459,1.19996678,3.19877962,3.19875701
47.1705918,1.20005993,1.20004215,3.19876784,3.19882265
47.2705918,1.19997076,1.19995131,3.19873736,3.19878655
47.3705918,1.19999404,1.20001889,3.19879955,3.19877896
47.4705918,1.2000057,1.20005249,3.1988059,3.19875471
47.5705918,1.19993044,1.19997043,3.19878606,3.19875013
47.670591800000004,1.2000584,1.2000433,3.19876995,3.19882066
47.7705918,1.19997347,1.19994975,3.19873401,3.19879009
47.8705918,1.19999556,1.2000158,3.19879606,3.19878205
47.9705918,1.20000701,1.20005259,3.1988058,3.19875532
48.0705918,1.19992963,1.19997054,3.19878699,3.19874878
48.170591800000004,1.20005248,1.20004904,3.19877899,3.19881173
48.2705918,1.19997527,1.19994909,3.1987314,3.19879292
48.3705918,1.20000044,1.2000092,3.19878657,3.19879113
48.4705918,1.20001035,1.20005057,3.1988024,3.19875922
48.570591799999995,1.19992995,1.19996951,3.19878656,3.19874878
48.6705918,1.20004566,1.2000558,3.19879018,3.19880065
48.7705918,1.19997564,1.19994993,3.1987315,3.19879304
48.8705918,1.20000483,1.20000303,3.19877791,3.1987994
48.9705918,1.20001403,1.20004816,3.19879846,3.19876365
49.0705918,1.19993056,1.19996819,3.19878577,3.19874915
49.170591800000004,1.20004594,1.20005501,3.19879036,3.19880056
49.2705918,1.19997759,1.19994921,3.19873054,3.19879423
49.3705918,1.20000635,1.19999995,3.19877532,3.19880158
49.4705918,1.20001491,1.20004866,3.19879976,3.19876284
49.5705918,1.19992925,1.19996889,3.19878829,3.19874621
49.670591800000004,1.20004109,1.20005978,3.19879888,3.19879214
49.7705918,1.19997621,1.19995196,3.19873408,3.19879093
49.8705918,1.20000768,1.19999693,3.19877183,3.19880466
49.970591799999994,1.20001799,1.20004686,3.19879666,3.19876644
50.070591799999995,1.19992907,1.19996844,3.19878859,3.1987455
50.1705918,1.20003732,1.20006323,3.198805,3.19878611
50.2705918,1.19997652,1.19995297,3.19873466,3.19879058
50.3705918,1.2000096,1.19999339,3.19876738,3.19880869
50.4705918,1.20002035,1.20004578,3.19879464,3.19876894
50.5705918,1.19992888,1.19996802,3.19878879,3.19874489
50.670591800000004,1.20003261,1.2000679,3.19881269,3.19877851
50.7705918,1.19997293,1.19995804,3.19874115,3.19878435
50.8705918,1.20001113,1.19999021,3.1987627,3.19881295
50.9705918,1.20002584,1.20004145,3.19878701,3.19877708
51.0705918,1.19993042,1.19996583,3.19878618,3.1987471
51.170591800000004,1.20003275,1.20006719,3.19881274,3.19877851
51.270591800000005,1.19996806,1.19996453,3.19875032,3.19877543
51.3705918,1.20001154,1.19998827,3.19876016,3.19881508
51.470591799999994,1.20003144,1.20003688,3.19877917,3.19878541
51.570591799999995,1.19993247,1.19996312,3.19878286,3.19875002
51.6705918,1.20003316,1.20006618,3.19881253,3.1987788
51.7705918,1.19996936,1.19996458,3.19875039,3.19877563
51.8705918,1.20001227,1.19998598,3.19875858,3.19881623
51.9705918,1.2000339,1.20003561,3.19877764,3.19878742
52.0705918,1.19993181,1.19996326,3.19878451,3.19874798
52.1705918,1.20003255,1.20006622,3.19881415,3.19877725
52.2705918,1.1999649,1.19997075,3.19875958,3.19876672
52.3705918,1.20001043,1.19998634,3.19876006,3.19881431
52.4705918,1.20003824,1.20003223,3.19877181,3.19879374
52.5705918,1.1999333,1.19996119,3.19878196,3.19875014
52.670591800000004,1.20003142,1.20006682,3.19881603,3.19877543
52.770591800000005,1.19996276,1.19997446,3.19876452,3.19876205
52.8705918,1.20001018,1.19998505,3.19875891,3.19881503
52.970591799999994,1.20004174,1.20002981,3.19876746,3.19879858
53.070591799999995,1.19993411,1.19995984,3.19878054,3.19875118
53.1705918,1.20003092,1.20006672,3.19881689,3.19877463
53.2705918,1.19995657,1.19998264,3.19877623,3.19875062
53.3705918,1.2000067,1.1999871,3.19876235,3.19881114
53.4705918,1.20004507,1.20002735,3.19876246,3.19880405
53.5705918,1.19993786,1.19995544,3.19877386,3.19875748
53.6705918,1.20003206,1.2000649,3.19881507,3.1987765
53.7705918,1.1999542,1.19998686,3.19878196,3.1987452
53.8705918,1.20000176,1.1999907,3.19876868,3.19880436
53.9705918,1.20004797,1.20002546,3.19875839,3.1988086
54.0705918,1.19994189,1.19995076,3.1987668,3.19876417
54.170591800000004,1.20003338,1.20006288,3.19881305,3.19877856
54.270591800000005,1.19995543,1.19998706,3.19878208,3.19874537
54.3705918,1.20000177,1.19998916,3.19876807,3.19880452
54.470591799999994,1.20005026,1.20002425,3.19875679,3.19881067
54.570591799999995,1.19994304,1.1999491,3.1987655,3.1987651
54.6705918,1.20003232,1.20006332,3.19881532,3.19877633
54.7705918,1.1999573,1.19998649,3.19878122,3.19874654
54.8705918,1.19999618,1.19999354,3.19877615,3.19879599
54.9705918,1.20005061,1.20002493,3.19875707,3.19881084
55.0705918,1.19994657,1.19994491,3.19875918,3.19877107
55.1705918,1.20003326,1.20006167,3.19881374,3.19877794
55.2705918,1.19995562,1.19998989,3.19878584,3.19874224
55.3705918,1.1999934,1.1999949,3.19877923,3.19879244
55.4705918,1.20005234,1.20002425,3.19875526,3.19881312
55.5705918,1.19994895,1.199942,3.19875497,3.19877492
55.670591800000004,1.20003335,1.20006088,3.19881349,3.19877822
55.770591800000005,1.19995603,1.19999099,3.19878698,3.19874141
55.8705918,1.19998542,1.20000187,3.19879083,3.19878038
55.9705918,1.20005166,1.20002602,3.19875652,3.19881232
56.070591799999995,1.19995369,1.19993649,3.19874601,3.19878353
56.1705918,1.20003636,1.20005704,3.19880817,3.19878356
56.2705918,1.19995782,1.19999067,3.19878604,3.19874269
56.3705918,1.19997864,1.20000771,3.19880104,3.19876971
56.4705918,1.20004942,1.20002942,3.19876077,3.19880853
56.5705918,1.1999561,1.19993338,3.19874102,3.19878816
56.6705918,1.20003942,1.20005312,3.19880278,3.19878896
56.7705918,1.19995976,1.19999021,3.19878491,3.19874414
56.8705918,1.19997829,1.20000657,3.19880093,3.19876935
56.9705918,1.2000508,1.20002907,3.19876039,3.19880937
57.0705918,1.19995791,1.1999311,3.19873849,3.19879036
57.170591800000004,1.20003984,1.20005195,3.19880254,3.1987892
57.270591800000005,1.19995956,1.19999198,3.19878759,3.1987418
57.3705918,1.19997676,1.20000681,3.19880262,3.19876719
57.4705918,1.20004737,1.20003373,3.19876716,3.19880306
57.570591799999995,1.1999588,1.19992975,3.19873628,3.19879224
57.6705918,1.2000428,1.20004806,3.19879717,3.19879458
57.7705918,1.1999611,1.19999197,3.19878702,3.19874272
57.8705918,1.19997262,1.20000974,3.19880839,3.19876094
57.9705918,1.2000464,1.20003579,3.19876968,3.19880099
58.0705918,1.19996026,1.19992787,3.19873328,3.19879492
58.1705918,1.20004469,1.20004529,3.19879362,3.19879813
58.2705918,1.19996197,1.19999267,3.19878745,3.19874264
58.3705918,1.19997148,1.20000944,3.1988092,3.19875965
58.4705918,1.20004019,1.20004337,3.19878048,3.19879064
58.5705918,1.19996008,1.19992768,3.19873202,3.19879587
58.670591800000004,1.2000497,1.20003914,3.19878406,3.19880768
58.770591800000005,1.1999656,1.19999049,3.19878321,3.19874724
58.8705918,1.19997154,1.20000789,3.19880827,3.19876011
58.9705918,1.20003417,1.20005083,3.19879166,3.1987799
59.070591799999995,1.19995893,1.19992852,3.19873289,3.19879469
59.1705918,1.2000538,1.20003389,3.19877634,3.19881537
59.2705918,1.19996888,1.1999887,3.19877971,3.1987511
59.3705918,1.19997148,1.20000647,3.19880762,3.19876027
59.4705918,1.20003489,1.20005109,3.19879222,3.19877978
59.570591799999995,1.19995977,1.19992739,3.19873186,3.19879541
59.670591800000004,1.20005556,1.20003115,3.19877358,3.19881812
59.7705918,1.19996976,1.19998942,3.19878077,3.19875041
59.87059180000001,1.19996961,1.20000694,3.19881011,3.1987573
59.9705918,1.20003148,1.20005588,3.19879948,3.19877297
60.070591799999995,1.19995677,1.19993027,3.19873625,3.19879073
60.170591800000004,1.20005668,1.20002914,3.19877068,3.19882094
60.2705918,1.19997333,1.19998733,3.19877662,3.19875493
60.37059180000001,1.19996923,1.20000587,3.19880985,3.19875706
60.4705918,1.20002833,1.20006019,3.19880588,3.198767
60.5705918,1.19995588,1.19993097,3.19873713,3.19878956
60.6705918,1.20005843,1.20002636,3.19876689,3.1988247
60.77059179999999,1.1999759,1.19998632,3.19877417,3.19875777
60.8705918,1.19996826,1.20000541,3.19881039,3.19875603
60.970591799999994,1.20002909,1.20006048,3.19880581,3.19876751
61.0705918,1.19995156,1.19993534,3.19874369,3.19878271
61.1705918,1.20005896,1.20002474,3.19876459,3.19882696
61.270591800000005,1.19998079,1.19998281,3.19876754,3.19876478
61.3705918,1.1999688,1.20000339,3.19880856,3.19875736
61.470591799999994,1.2000265,1.20006423,3.19881146,3.19876229
61.5705918,1.19995043,1.19993633,3.19874518,3.19878096
61.6705918,1.20006026,1.20002241,3.1987616,3.19882991
61.770591800000005,1.19998441,1.19998067,3.19876349,3.19876922
61.8705918,1.19996792,1.20000286,3.19880922,3.1987562
61.97059180000001,1.20002605,1.20006562,3.19881362,3.19876056
62.0705918,1.19994335,1.19994367,3.19875618,3.19876968
62.1705918,1.20005953,1.20002211,3.19876082,3.19883063
62.2705918,1.1999902,1.19997617,3.19875476,3.19877835
62.37059179999999,1.19996932,1.19999998,3.19880565,3.19875927
62.4705918,1.20002697,1.20006556,3.19881341,3.19876119
62.570591799999995,1.19993671,1.19995069,3.19876692,3.19875868
62.670591800000004,1.2000578,1.20002285,3.19876196,3.19882944
62.7705918,1.19999574,1.19997189,3.19874668,3.19878683
62.87059180000001,1.19997212,1.19999561,3.19880004,3.19876438
62.9705918,1.20002837,1.20006498,3.19881281,3.19876221
63.070591799999995,1.19993676,1.19995058,3.19876745,3.1987579
63.170591800000004,1.20005805,1.20002158,3.19876144,3.19882989
63.2705918,1.19999857,1.19997054,3.1987444,3.19878951
63.37059180000001,1.19997137,1.19999496,3.19880089,3.19876302
63.4705918,1.20002741,1.20006685,3.19881609,3.19875934
63.57059180000001,1.19993307,1.19995463,3.19877389,3.19875122
63.670591800000004,1.20005379,1.200025,3.19876723,3.19882403
63.77059179999999,1.20000121,1.19996974,3.19874119,3.1987932
63.8705918,1.199974,1.19999076,3.19879527,3.19876814
63.970591799999994,1.20002845,1.20006662,3.19881577,3.19876008
64.0705918,1.19992967,1.19995825,3.19877961,3.19874526
64.1705918,1.20005319,1.20002456,3.19876714,3.19882405
64.2705918,1.20000444,1.19996787,3.19873735,3.19879744
64.3705918,1.19997553,1.19998774,3.19879186,3.19877104
64.4705918,1.20002812,1.20006779,3.19881778,3.19875847
64.5705918,1.19992741,1.1999608,3.19878336,3.19874128
64.6705918,1.20004694,1.20003005,3.19877577,3.19881534
64.7705918,1.20000632,1.19996742,3.19873457,3.19880063
64.8705918,1.19997949,1.19998212,3.19878343,3.19877897
64.97059180000001,1.20002979,1.20006687,3.19881603,3.19876062
65.0705918,1.19992766,1.1999606,3.19878315,3.19874127
65.1705918,1.20004036,1.20003595,3.19878534,3.19880568
65.2705918,1.20000743,1.19996776,3.19873326,3.19880235
65.3705918,1.19998444,1.19997541,3.19877349,3.1987884
65.47059180000001,1.20003288,1.20006443,3.19881229,3.19876476
65.5705918,1.19992822,1.19996011,3.19878294,3.19874126
65.67059180000001,1.20003997,1.2000353,3.19878577,3.19880515
65.7705918,1.20000925,1.19996746,3.19873248,3.19880356
65.8705918,1.1999857,1.19997262,3.19877091,3.19879046
65.97059180000001,1.20003242,1.20006569,3.19881484,3.1987626
66.0705918,1.19992674,1.19996176,3.198786,3.198738
66.1705918,1.20003441,1.20004023,3.19879434,3.19879648
66.27059179999999,1.20000745,1.19997091,3.19873639,3.19880008
66.3705918,1.19998828,1.19996836,3.1987648,3.19879605
66.4705918,1.20003539,1.20006334,3.19881097,3.19876686
66.5705918,1.199927,1.19996165,3.19878605,3.19873775
66.6705918,1.20003081,1.20004294,3.19879939,3.19879133
66.77059179999999,1.20000905,1.19997083,3.19873507,3.19880182
66.8705918,1.19999095,1.19996404,3.19875915,3.19880118
66.9705918,1.20003682,1.2000626,3.19881005,3.19876817
67.0705918,1.19992591,1.19996297,3.19878844,3.19873516
67.1705918,1.20002428,1.20004897,3.19880931,3.1987813
67.2705918,1.20000572,1.19997588,3.19874105,3.19879628
67.3705918,1.19999222,1.19996083,3.19875416,3.19880559
67.4705918,1.20004107,1.20005884,3.19880349,3.19877511
67.5705918,1.19992741,1.19996162,3.19878627,3.19873715
67.6705918,1.20002343,1.20004883,3.1988099,3.19878061
67.7705918,1.20000148,1.19998194,3.198749,3.19878877
67.8705918,1.19999306,1.19995843,3.19875055,3.19880868
67.97059180000001,1.20004628,1.20005395,3.19879546,3.19878352
68.0705918,1.19992857,1.19996066,3.19878491,3.19873833
68.1705918,1.20002298,1.20004821,3.19881016,3.19878023
68.2705918,1.20000281,1.19998219,3.19874881,3.19878941
68.3705918,1.199994,1.19995603,3.19874823,3.19881049
68.47059180000001,1.20004839,1.20005236,3.19879356,3.19878578
68.5705918,1.19992744,1.19996211,3.19878775,3.19873533
68.67059180000001,1.20002205,1.200048,3.1988113,3.19877895
68.7705918,1.19999844,1.19998857,3.19875763,3.19878104
68.8705918,1.199992,1.19995664,3.19874947,3.19880873
68.97059180000001,1.20005321,1.20004781,3.19878592,3.19879379
69.0705918,1.19992949,1.19996028,3.19878486,3.19873805
69.1705918,1.20002041,1.20004868,3.19881337,3.19877675
69.27059179999999,1.19999709,1.19999158,3.19876134,3.19877778
69.3705918,1.19999285,1.19995433,3.19874662,3.19881106
69.4705918,1.2000561,1.20004533,3.19878212,3.19879795
69.57059179999999,1.1999292,1.19996093,3.19878607,3.19873669
69.6705918,1.20001864,1.20004941,3.19881561,3.19877437
69.77059179999999,1.19999078,1.20000005,3.19877311,3.19876647
69.8705918,1.19999002,1.19995581,3.19874873,3.19880843
69.9705918,1.20006059,1.20004102,3.1987745,3.19880593
70.0705918,1.19993302,1.1999573,3.19878006,3.19874255
70.1705918,1.20001891,1.20004801,3.19881462,3.1987752
70.2705918,1.19998727,1.20000565,3.19878074,3.1987593
70.3705918,1.19998556,1.19995902,3.19875405,3.19880258
70.4705918,1.20006381,1.20003803,3.19876909,3.19881169
70.5705918,1.19993659,1.19995397,3.19877451,3.19874797
70.6705918,1.20001878,1.20004702,3.19881424,3.19877544
70.7705918,1.1999881,1.20000647,3.19878133,3.19875918
70.8705918,1.19998566,1.19995753,3.19875294,3.19880318
70.97059180000001,1.20006594,1.20003625,3.19876677,3.19881436
71.0705918,1.199938,1.19995288,3.19877329,3.19874904
71.1705918,1.20001665,1.20004811,3.19881742,3.19877209
71.2705918,1.19998963,1.20000637,3.19878064,3.19876032
71.3705918,1.19998079,1.19996126,3.19875941,3.19879619
71.47059180000001,1.20006682,1.20003579,3.19876542,3.19881605
71.5705918,1.19994227,1.1999488,3.19876655,3.19875567
71.67059180000001,1.20001697,1.20004664,3.19881634,3.198773
71.7705918,1.19998776,1.20001014,3.19878566,3.19875577
71.8705918,1.19997825,1.19996253,3.19876207,3.19879301
71.97059180000001,1.20006814,1.2000348,3.19876354,3.19881826
72.0705918,1.19994469,1.19994669,3.19876301,3.1987591
72.1705918,1.20001565,1.20004689,3.19881776,3.19877141
72.27059179999999,1.19998775,1.20001183,3.19878732,3.19875459
72.3705918,1.19997084,1.19996905,3.19877235,3.19878221
72.4705918,1.20006687,1.20003644,3.19876474,3.19881739
72.57059179999999,1.1999506,1.19994081,3.19875264,3.19876936
72.6705918,1.20001835,1.20004292,3.19881232,3.19877667
72.77059179999999,1.19998954,1.20001167,3.19878637,3.19875602
72.8705918,1.19996447,1.19997454,3.19878177,3.19877226
72.9705918,1.20006607,1.20003758,3.19876605,3.1988164
73.0705918,1.19995467,1.19993683,3.19874608,3.19877583
73.1705918,1.20001952,1.20004056,3.19880985,3.19877896
73.27059179999999,1.19999011,1.20001277,3.19878756,3.19875531
73.3705918,1.19996364,1.19997407,3.19878226,3.19877124
73.4705918,1.20006702,1.20003693,3.19876541,3.19881736
73.5705918,1.19995689,1.19993498,3.19874345,3.19877837
73.6705918,1.20001899,1.20003997,3.19881048,3.19877814
73.7705918,1.19998925,1.20001537,3.19879109,3.19875226
73.8705918,1.19996102,1.19997565,3.19878545,3.19876754
73.9705918,1.20006402,1.20004038,3.19877041,3.19881268
74.0705918,1.19995931,1.19993286,3.19873937,3.19878237
74.1705918,1.2000217,1.20003594,3.19880507,3.19878335
74.2705918,1.19999049,1.2000158,3.19879109,3.19875274
74.3705918,1.19995717,1.19997844,3.1987907,3.19876176
74.47059180000001,1.20006302,1.2000417,3.19877223,3.19881117
74.5705918,1.19996114,1.19993145,3.1987366,3.19878506
74.67059180000001,1.20002283,1.20003353,3.19880228,3.19878594
74.7705918,1.19999027,1.20001773,3.19879321,3.19875111
74.8705918,1.19995773,1.19997654,3.1987886,3.19876336
74.97059180000001,1.20005831,1.20004699,3.19877998,3.19880373
75.0705918,1.19996115,1.19993193,3.19873613,3.19878549
75.17059180000001,1.2000269,1.20002799,3.19879409,3.19879392
75.2705918,1.19999285,1.20001676,3.19879082,3.19875399
75.3705918,1.19995535,1.19997785,3.19879157,3.19875987
75.4705918,1.20005782,1.20004769,3.19878111,3.19880289
75.57059179999999,1.19996341,1.19993013,3.19873299,3.19878857
75.6705918,1.20002969,1.20002379,3.19878896,3.19879883
75.77059179999999,1.19999271,1.20001865,3.19879343,3.19875187
75.8705918,1.19995311,1.19997891,3.19879439,3.19875653
75.9705918,1.20005059,1.20005561,3.1987931,3.1987912
76.0705918,1.19996235,1.19993177,3.19873406,3.19878746
76.1705918,1.20003302,1.20001892,3.19878148,3.19880609
76.27059179999999,1.19999491,1.20001811,3.19879121,3.19875458
76.3705918,1.19995267,1.19997811,3.19879379,3.19875661
76.4705918,1.20004533,1.20006154,3.1988019,3.19878268
76.5705918,1.19996087,1.19993387,3.19873602,3.19878545
76.6705918,1.20003646,1.20001378,3.19877394,3.1988134
76.7705918,1.19999957,1.20001494,3.19878536,3.19876093
76.8705918,1.19995316,1.19997637,3.19879238,3.1987575
76.9705918,1.20004549,1.20006157,3.19880266,3.19878221
77.0705918,1.19996169,1.19993368,3.19873589,3.19878555
77.1705918,1.2000374,1.2000115,3.19877202,3.19881508
77.2705918,1.20000039,1.20001582,3.19878644,3.19876034
77.3705918,1.19995073,1.19997767,3.19879569,3.19875368
77.47059180000001,1.20004405,1.2000634,3.19880551,3.19877965
77.5705918,1.19995715,1.19993914,3.1987435,3.19877792
77.6705918,1.20003802,1.20000943,3.19876903,3.19881784
77.7705918,1.20000521,1.20001246,3.1987799,3.19876738
77.8705918,1.19995135,1.19997582,3.19879374,3.19875511
77.97059180000001,1.20004165,1.20006614,3.19881001,3.19877542
78.0705918,1.19995803,1.19993886,3.19874259,3.19877882
78.17059180000001,1.20003958,1.20000648,3.19876552,3.1988211
78.2705918,1.20000888,1.2000103,3.19877616,3.19877163
78.3705918,1.19994927,1.19997683,3.19879668,3.19875165
78.4705918,1.20004008,1.20006792,3.19881322,3.19877248
78.57059179999999,1.19995189,1.19994604,3.19875271,3.19876869
78.6705918,1.20003884,1.20000585,3.19876434,3.19882203
78.77059179999999,1.20001361,1.20000695,3.19876916,3.19877913
78.8705918,1.19994927,1.19997569,3.19879529,3.19875253
78.9705918,1.20004028,1.20006781,3.198813,3.19877296
79.0705918,1.19994662,1.19995243,3.1987616,3.1987598
79.1705918,1.20003784,1.20000548,3.19876374,3.19882238
79.27059179999999,1.20002006,1.20000174,3.1987596,3.19878919
79.3705918,1.19995179,1.19997191,3.19879032,3.198757
79.4705918,1.20004104,1.20006712,3.19881265,3.19877357
79.5705918,1.19994701,1.19995282,3.19876231,3.19875911
79.6705918,1.20003781,1.20000417,3.19876324,3.19882261
79.7705918,1.20002254,1.20000075,3.19875781,3.19879148
79.8705918,1.19995019,1.19997249,3.19879258,3.19875422
79.9705918,1.20003932,1.20006897,3.19881611,3.19877036
80.0705918,1.19994339,1.19995761,3.19876915,3.19875229
80.1705918,1.20003314,1.20000768,3.19876904,3.19881654
80.2705918,1.20002569,1.19999892,3.19875333,3.19879644
80.3705918,1.19995303,1.19996838,3.19878667,3.19875963
80.47059180000001,1.2000402,1.20006812,3.1988152,3.19877152
80.5705918,1.19994128,1.19996071,3.19877354,3.19874794
80.6705918,1.20003383,1.20000555,3.19876667,3.19881864
80.7705918,1.2000295,1.19999648,3.19874898,3.19880129
80.8705918,1.19995428,1.19996603,3.19878428,3.19876151
80.97059180000001,1.20003836,1.20007008,3.19881908,3.19876787
81.0705918,1.19993795,1.19996525,3.19877988,3.19874164
81.17059180000001,1.20002799,1.20001027,3.19877422,3.19881081
81.2705918,1.20003136,1.19999606,3.19874627,3.19880452
81.3705918,1.19995724,1.1999618,3.19877764,3.19876766
81.4705918,1.20003987,1.20006852,3.19881667,3.19877052
81.57059179999999,1.19993875,1.19996532,3.19877947,3.1987421
81.6705918,1.200022,1.20001519,3.19878238,3.19880236
81.77059179999999,1.20003259,1.19999629,3.19874482,3.19880647
81.8705918,1.19996199,1.19995567,3.19876836,3.19877644
81.9705918,1.20004051,1.20006787,3.19881604,3.19877138
82.0705918,1.1999391,1.19996586,3.19877998,3.19874164
82.1705918,1.20002165,1.20001418,3.19878201,3.19880244
82.27059179999999,1.2000347,1.19999567,3.19874327,3.19880854
82.3705918,1.19996346,1.19995302,3.19876544,3.19877886
82.4705918,1.20003907,1.20006938,3.19881919,3.19876845
82.5705918,1.19993811,1.19996767,3.19878267,3.19873899
82.6705918,1.20001634,1.20001847,3.19878954,3.19879461
82.7705918,1.20003275,1.19999924,3.19874718,3.19880514
82.8705918,1.19996725,1.19994784,3.19875743,3.19878637
82.9705918,1.20004183,1.20006645,3.19881485,3.19877301
83.0705918,1.19993907,1.19996781,3.19878246,3.1987393
83.1705918,1.20001345,1.20002011,3.19879317,3.19879067
83.2705918,1.20003545,1.19999796,3.19874435,3.19880847
83.3705918,1.19996924,1.19994466,3.19875352,3.19878979
83.47059180000001,1.20004106,1.20006725,3.19881686,3.1987712
83.5705918,1.19993768,1.19997025,3.19878596,3.19873589
83.6705918,1.20000678,1.20002594,3.19880281,3.19878073
83.7705918,1.20003314,1.20000187,3.19874856,3.19880478
83.8705918,1.1999723,1.19994056,3.19874649,3.19879631
83.97059180000001,1.20004515,1.20006288,3.19881013,3.19877814
84.0705918,1.19993917,1.19996973,3.19878484,3.19873709
84.17059180000001,1.20000444,1.20002716,3.19880567,3.19877756
84.2705918,1.20002928,1.20000744,3.19875593,3.19879791
84.3705918,1.19997347,1.19993809,3.19874268,3.19879963
84.47059180000001,1.20004921,1.20005854,3.19880338,3.1987851
84.5705918,1.19993959,1.19997035,3.19878537,3.19873666
84.6705918,1.20000343,1.2000268,3.19880626,3.19877665
84.77059179999999,1.2000305,1.20000771,3.19875561,3.19879874
84.8705918,1.19997458,1.19993584,3.1987401,3.19880173
84.9705918,1.20005079,1.20005672,3.19880137,3.1987873
85.07059179999999,1.19993827,1.19997282,3.19878903,3.19873311
85.1705918,1.20000246,1.20002632,3.19880681,3.19877577
85.27059179999999,1.20002619,1.20001389,3.19876391,3.19879095
85.3705918,1.19997272,1.19993667,3.19874111,3.19880024
85.4705918,1.20005564,1.20005139,3.19879277,3.19879609
85.5705918,1.19994093,1.19997115,3.19878582,3.19873643
85.6705918,1.20000088,1.20002666,3.19880849,3.19877376
85.7705918,1.20002603,1.20001551,3.19876571,3.19878966
85.8705918,1.19997456,1.19993369,3.19873722,3.19880366
85.9705918,1.2000578,1.20004891,3.19878975,3.19879929
86.0705918,1.19993974,1.19997356,3.19878945,3.19873293
86.1705918,1.1999983,1.20002792,3.19881169,3.19877023
86.2705918,1.20002011,1.20002338,3.19877662,3.19877926
86.3705918,1.19997062,1.19993673,3.19874124,3.19879916
86.47059180000001,1.20006252,1.20004359,3.19878068,3.19880853
86.5705918,1.19994412,1.19997015,3.19878307,3.19873943
86.6705918,1.19999882,1.20002599,3.19880986,3.19877172
86.7705918,1.20001665,1.20002875,3.19878403,3.19877236
86.8705918,1.19996936,1.19993699,3.19874192,3.19879801
86.97059180000001,1.20006641,1.20003928,3.19877409,3.1988154
87.0705918,1.19994648,1.19996891,3.19878084,3.19874181
87.17059180000001,1.19999698,1.2000265,3.19881218,3.19876905
87.2705918,1.20001654,1.20003037,3.198786,3.1987709
87.3705918,1.19996925,1.19993613,3.19874132,3.19879815
87.47059180000001,1.20006796,1.20003732,3.19877176,3.19881788
87.5705918,1.19994791,1.19996858,3.19878009,3.19874272
87.6705918,1.19999416,1.20002802,3.19881588,3.19876499
87.77059179999999,1.20001713,1.20003125,3.19878636,3.19877107
87.8705918,1.19996539,1.19993921,3.19874616,3.19879284
87.9705918,1.20006925,1.20003551,3.19876878,3.198821
88.07059179999999,1.19995269,1.19996477,3.19877329,3.19874967
88.1705918,1.19999419,1.2000266,3.19881502,3.19876549
88.27059179999999,1.20001534,1.20003472,3.19879112,3.19876682
88.3705918,1.19996342,1.19994034,3.19874831,3.19879023
88.4705918,1.20007011,1.20003422,3.19876699,3.19882294
88.5705918,1.19995507,1.19996347,3.19877058,3.19875255
88.6705918,1.1999918,1.20002769,3.1988178,3.19876235
88.77059179999999,1.20001577,1.20003569,3.19879177,3.19876667
88.8705918,1.19995841,1.19994483,3.19875511,3.19878298
88.9705918,1.20006846,1.20003549,3.19876833,3.19882173
89.0705918,1.19996096,1.19995843,3.19876124,3.19876206
89.1705918,1.19999352,1.20002448,3.19881379,3.19876599
89.2705918,1.20001601,1.20003697,3.19879311,3.19876584
89.3705918,1.19995706,1.19994526,3.19875648,3.19878116
89.47059180000001,1.20007079,1.20003263,3.19876452,3.19882567
89.5705918,1.19996574,1.1999546,3.19875526,3.19876823
89.6705918,1.19999163,1.20002511,3.1988167,3.1987627
89.7705918,1.2000142,1.20004033,3.19879811,3.19876134
89.8705918,1.19994947,1.19995251,3.19876797,3.19876922
89.97059180000001,1.20006831,1.20003473,3.19876724,3.19882308
90.0705918,1.19996886,1.1999525,3.19875031,3.19877336
90.17059180000001,1.199992,1.20002336,3.19881439,3.19876463
90.2705918,1.20001437,1.2000416,3.19879892,3.19876104
90.3705918,1.1999456,1.19995593,3.19877297,3.19876378
90.47059180000001,1.20006605,1.2000366,3.19876961,3.19882083
90.5705918,1.1999739,1.19994834,3.19874233,3.19878154
90.67059180000001,1.19999566,1.2000181,3.19880723,3.19877141
90.77059179999999,1.20001616,1.2000412,3.19879805,3.1987624
90.8705918,1.19994505,1.1999557,3.19877367,3.19876264
90.9705918,1.20006611,1.20003607,3.1987698,3.19882076
91.07059179999999,1.19997581,1.19994759,3.19874099,3.19878308
91.1705918,1.19999557,1.20001668,3.19880676,3.19877147
91.27059179999999,1.20001438,1.20004449,3.19880285,3.19875811
91.3705918,1.19994464,1.19995524,3.19877345,3.19876244
91.4705918,1.20006063,1.20004142,3.19877801,3.19881267
91.5705918,1.19997622,1.19994836,3.19874047,3.19878381
91.6705918,1.19999959,1.20001099,3.19879839,3.19877945
91.77059179999999,1.20001677,1.20004345,3.19880056,3.1987609
91.8705918,1.19994287,1.19995641,3.19877584,3.19875962
91.9705918,1.20006129,1.20004012,3.19877663,3.19881414
92.0705918,1.19997947,1.19994626,3.19873674,3.19878775
92.1705918,1.20000254,1.20000641,3.19879316,3.19878429
92.2705918,1.20001528,1.20004649,3.19880547,3.19875648
92.3705918,1.19994004,1.19995863,3.19878016,3.19875487
92.4705918,1.20005434,1.20004694,3.19878734,3.19880354
92.5705918,1.19997917,1.19994781,3.1987373,3.19878742
92.6705918,1.20000503,1.20000226,3.19878685,3.19879019
92.7705918,1.20001572,1.20004749,3.19880577,3.19875668
92.8705918,1.19993928,1.1999587,3.1987802,3.19875441
92.97059180000001,1.20004952,1.20005162,3.19879435,3.19879663
93.0705918,1.1999792,1.19994904,3.19873734,3.19878761
93.17059180000001,1.20000958,1.19999583,3.19877733,3.19879931
93.2705918,1.20001975,1.2000447,3.19880085,3.1987621
93.3705918,1.19993958,1.19995772,3.19877959,3.19875461
93.47059180000001,1.20004912,1.20005149,3.19879523,3.19879583
93.5705918,1.19998032,1.1999492,3.1987373,3.19878788
93.67059180000001,1.20001031,1.19999354,3.19877544,3.19880078
93.7705918,1.20001957,1.20004632,3.19880321,3.19876023
93.8705918,1.19993693,1.19995982,3.19878352,3.19875027
93.9705918,1.20004647,1.20005383,3.1987991,3.19879206
94.07059179999999,1.19997616,1.19995495,3.19874469,3.19878074
94.1705918,1.20001171,1.19999041,3.19877072,3.19880507
94.27059179999999,1.20002423,1.20004281,3.19879665,3.19876729
94.3705918,1.19993786,1.19995823,3.19878153,3.19875186
94.4705918,1.20004452,1.20005535,3.19880214,3.19878909
94.5705918,1.19997897,1.19995329,3.19874142,3.19878427
94.6705918,1.20001362,1.19998699,3.19876689,3.1988085
94.77059179999999,1.2000277,1.20004059,3.19879345,3.19877099
94.8705918,1.19993485,1.1999608,3.19878673,3.19874625
94.9705918,1.20004189,1.20005747,3.19880633,3.19878496
95.0705918,1.19997408,1.1999598,3.19875012,3.19877583
95.1705918,1.20001304,1.19998601,3.19876534,3.19880962
95.2705918,1.20003111,1.20003832,3.19878844,3.19877649
95.3705918,1.19993573,1.1999593,3.19878436,3.19874823
95.4705918,1.20004201,1.20005674,3.1988056,3.19878576
95.5705918,1.19996999,1.19996557,3.19875775,3.19876847
95.6705918,1.20001216,1.19998535,3.1987645,3.19881002
95.7705918,1.20003711,1.20003323,3.19877948,3.19878593
95.8705918,1.19993545,1.19995911,3.19878442,3.19874777
95.97059180000001,1.20004119,1.20005696,3.1988066,3.19878482
96.0705918,1.19997096,1.19996596,3.19875755,3.19876895
96.1705918,1.20001268,1.19998328,3.19876247,3.19881161
96.2705918,1.2000397,1.20003177,3.19877697,3.19878893
96.3705918,1.19993359,1.19996059,3.19878743,3.19874439
96.47059180000001,1.20003915,1.20005843,3.19880961,3.19878187
96.5705918,1.19996803,1.19997061,3.19876362,3.19876316
96.67059180000001,1.20000817,1.19998647,3.19876766,3.19880598
96.7705918,1.20004386,1.2000284,3.19877043,3.19879595
96.8705918,1.19993667,1.19995687,3.19878172,3.19874972
96.9705918,1.20003981,1.2000571,3.19880838,3.19878315
97.07059179999999,1.19996724,1.19997291,3.19876652,3.19876055
97.1705918,1.20001019,1.19998279,3.19876325,3.19880995
97.27059179999999,1.20004809,1.20002514,3.19876557,3.19880129
97.3705918,1.19993737,1.19995575,3.19878122,3.19874984
97.4705918,1.20003657,1.20005982,3.19881406,3.19877751
97.5705918,1.19996327,1.1999787,3.19877457,3.1987528
97.6705918,1.2000052,1.19998645,3.19876928,3.19880347
97.77059179999999,1.20004974,1.20002457,3.19876308,3.19880425
97.8705918,1.19993935,1.19995321,3.19877684,3.19875386
97.9705918,1.20003713,1.20005855,3.19881239,3.19877922
98.0705918,1.19996435,1.19997906,3.19877408,3.19875359
98.1705918,1.2000005,1.19998985,3.19877502,3.19879727
98.2705918,1.20005114,1.20002415,3.19876107,3.19880672
98.3705918,1.19994391,1.19994796,3.19876864,3.19876171
98.4705918,1.20003621,1.20005885,3.19881359,3.19877806
98.5705918,1.19996467,1.19998022,3.19877502,3.19875297
98.6705918,1.20000024,1.1999886,3.19877414,3.1987977
98.7705918,1.20005313,1.20002323,3.19875923,3.19880902
98.8705918,1.19994543,1.19994593,3.19876612,3.19876387
98.97059180000001,1.20003371,1.20006079,3.19881761,3.19877406
99.0705918,1.19996421,1.1999822,3.19877729,3.19875103
99.1705918,1.19999561,1.19999191,3.19878,3.19879135
99.2705918,1.20005111,1.20002645,3.19876276,3.19880596
99.3705918,1.19995014,1.19994046,3.19875711,3.19877253
99.47059180000001,1.20003607,1.20005761,3.19881322,3.19877847
99.5705918,1.1999655,1.19998237,3.19877689,3.19875174
99.67059180000001,1.19999382,1.19999237,3.19878189,3.19878901
99.7705918,1.20005459,1.20002392,3.19875866,3.19881052
99.8705918,1.19995202,1.19993809,3.19875439,3.19877491
99.97059180000001,1.20003354,1.2000596,3.19881767,3.19877404
100.065,1.22457682,1.23868682,3.20969418,3.18812262
100.16499999999999,1.12997735,1.10394807,3.17059832,3.21908674
100.258801,0.223364104,1.00532038,3.29942197,3.09611789
100.358801,0.0477961127,1.1700955,3.30057791,3.09969447
100.45880100000001,0.0202892225,1.18824263,3.30050598,3.09966361
100.558801,0.00901430293,1.1932007,3.30037109,3.09942603
100.658801,0.00813443826,1.19661539,3.30031674,3.09929222
100.758801,0.0133636264,1.19865771,3.30014297,3.0991674
100.858801,0.0134475538,1.19842937,3.29974116,3.09936897
100.95880100000001,0.0165442281,1.19971254,3.29851521,3.10048014
101.058801,0.0215478794,1.20026335,3.29555702,3.10320691
101.15880100000001,0.0266277192,1.2006071,3.29070101,3.10794512
101.258801,0.0305994663,1.20057427,3.28436979,3.11402664
101.358801,0.0330514327,1.20036457,3.27764999,3.12061196
101.45880100000001,0.0338170273,1.20013561,3.27133235,3.126815
101.558801,0.0325675333,1.19965288,3.26590855,3.13207583
101.658801,0.0300141048,1.19945662,3.26166027,3.13632339
101.75880099999999,0.0262026524,1.19919215,3.25829276,3.13957553
101.858801,0.0215196703,1.19901694,3.25580825,3.14205391
101.958801,0.0167010553,1.19910394,3.25376874,3.14409133
102.05880099999999,0.012257678,1.19911438,3.25155698,3.14622124
102.158801,0.0091068332,1.19942591,3.24894303,3.14888658
102.25880099999999,0.00689343992,1.19956603,3.24570719,3.15203221
102.358801,0.00536350913,1.1996383,3.24225148,3.15548681
102.458801,0.00424884621,1.19976492,3.23881354,3.15892006
102.558801,0.00323147491,1.19966836,3.23538244,3.16226281
102.658801,0.00267581423,1.19979728,3.23215562,3.1655427
102.758801,0.00225567015,1.19978962,3.22894485,3.16867196
102.858801,0.00198472186,1.1997731,3.22596549,3.17166233
102.958801,0.00174455736,1.19984424,3.22331394,3.17432469
103.058801,0.00131946789,1.19971546,3.22086327,3.17670057
103.158801,0.0011764814,1.19982927,3.21870998,3.17892065
103.258801,0.00103436192,1.19981548,3.21660666,3.18095477
103.358801,0.000984095607,1.19980754,3.21470631,3.18287559
103.45880100000001,0.000924687787,1.19988154,3.2130757,3.18452642
103.558801,0.0006540258,1.19976654,3.21158479,3.18594907
103.658801,0.000630424058,1.19987316,3.21031391,3.18729246
103.758801,0.000535977167,1.19985494,3.20906526,3.18847743
103.858801,0.000549973483,1.19985765,3.20793321,3.18963265
103.95880100000001,0.000565778172,1.19993516,3.20698164,3.1906085
104.058801,0.000358075733,1.199819,3.20610463,3.191419
104.15880100000001,0.00036183726,1.19992089,3.20540843,3.19219004
104.258801,0.000304475924,1.19990205,3.20466897,3.19286766
104.358801,0.00034331068,1.1999054,3.20400134,3.19355909
104.45880100000001,0.000402579099,1.19997948,3.20344818,3.19413829
104.558801,0.000216592352,1.19986254,3.20294432,3.19457623
104.658801,0.000243189448,1.19995586,3.20257383,3.19502193
104.75880099999999,0.00018409157,1.19993552,3.20214869,3.19538637
104.858801,0.000226938733,1.19993756,3.20175572,3.19580246
104.958801,0.000310439526,1.20001096,3.20143328,3.19615223
105.053,0.00661991228,1.19820471,3.19492962,3.20264397
105.153,0.0579303558,1.19819944,3.15835771,3.23995164
105.246847,0.256402314,1.22506258,3.10116701,3.29757091
105.346847,0.483407741,1.20074406,3.09958835,3.29992802
105.446847,0.61859237,1.20580044,3.0996898,3.29992973
105.546847,0.735116021,1.21641386,3.09975797,3.30005063
105.646847,0.932456734,1.22958883,3.09961913,3.29988892
105.746847,1.03900827,1.20855612,3.09975086,3.29989077
105.846847,1.08933085,1.20248698,3.09971567,3.29997251
105.946847,1.12092502,1.20188885,3.09957075,3.29990818
106.046847,1.14298143,1.20203742,3.0996535,3.29964874
106.14684700000001,1.15897155,1.20222398,3.10028597,3.29888017
106.246847,1.17040408,1.20204787,3.10173717,3.29719988
106.346847,1.17888271,1.20196797,3.10427685,3.29457053
106.446847,1.18497787,1.20175015,3.10769725,3.29095576
106.546847,1.18932634,1.20159044,3.1119105,3.28660325
106.64684700000001,1.19254763,1.20167591,3.1167134,3.28170125
106.746847,1.19464207,1.2016345,3.12185014,3.2763747
106.84684700000001,1.19624671,1.20179148,3.1272625,3.27091703
106.946847,1.19729583,1.2017793,3.13263513,3.2654027
107.046847,1.19800494,1.20168022,3.13793298,3.26002322
107.146847,1.19861453,1.20168318,3.14308686,3.25483224
107.24684699999999,1.19885518,1.20146847,3.14797212,3.2498203
107.346847,1.19914594,1.20142542,3.15267272,3.24513507
107.44684699999999,1.19926467,1.20124287,3.15699543,3.2407281
107.546847,1.19933434,1.20100233,3.16098722,3.23670516
107.646847,1.19950563,1.20091035,3.1646906,3.23300996
107.746847,1.19946179,1.20063702,3.16803703,3.22957586
107.846847,1.19956682,1.20057977,3.1711863,3.2264748
107.94684699999999,1.19955684,1.20043386,3.17400199,3.22360317
108.046847,1.19954251,1.20024592,3.1765311,3.22106479
108.146847,1.19966607,1.20021364,3.17883561,3.2187876
108.246847,1.19959747,1.20000314,3.1808625,3.21668823
108.346847,1.19968952,1.2000105,3.18278474,3.21482632
108.446847,1.1996717,1.19993823,3.18447701,3.21308889
108.546847,1.19965092,1.19981718,3.18597265,3.2115911
108.646847,1.19977478,1.19984521,3.1873289,3.21026914
108.746847,1.19970263,1.19968953,3.18849664,3.2090339
108.846847,1.1998019,1.19973601,3.18962417,3.20797057
108.946847,1.19978642,1.19971199,3.19061299,3.20694067
109.046847,1.19975749,1.19963655,3.1914823,3.20607086
109.14684700000001,1.19987513,1.19970273,3.19227111,3.20531899
109.246847,1.19980387,1.19957247,3.19291595,3.20460817
109.346847,1.19989698,1.19964397,3.19358135,3.20400796
109.446847,1.1998785,1.19964463,3.19415588,3.20339418
109.546847,1.19983525,1.19959351,3.19466304,3.20288639
109.64684700000001,1.1999489,1.19967362,3.19511417,3.20247353
109.746847,1.19987038,1.19955551,3.19545889,3.20206317
109.84684700000001,1.19996359,1.19962926,3.19584398,3.20174339
109.946847,1.19994406,1.19963908,3.19617576,3.20137348
110.041,1.21868628,1.22682107,3.20291431,3.19479081
110.14099999999999,1.1524238,1.07286045,3.13605007,3.25712679
110.234915,0.317633065,0.934043422,3.29870842,3.09447508
110.334915,0.0568335171,1.15475197,3.30056339,3.09964867
110.434915,0.023126802,1.18439863,3.30047254,3.09971466
110.534915,0.00923382663,1.19075259,3.30040575,3.09952254
110.63491499999999,0.00642852758,1.19497146,3.30031052,3.09933003
110.734915,0.0111770062,1.19744516,3.30016975,3.09918116
110.834915,0.0104719021,1.19767242,3.29987437,3.09930072
110.934915,0.0122056674,1.19894743,3.29885248,3.10010962
111.034915,0.0162622637,1.19981848,3.29644139,3.10241885
111.134915,0.0203329306,1.20020504,3.29216028,3.10649921
111.234915,0.0232316161,1.20017612,3.28651345,3.1119322
111.334915,0.0250459883,1.20020435,3.28036956,3.11797866
111.434915,0.025197435,1.19990468,3.27432488,3.12381489
111.534915,0.023640738,1.19959829,3.26916411,3.12892893
111.634915,0.0204999228,1.19935678,3.26502148,3.13298024
111.734915,0.0165060449,1.19915479,3.26160716,3.13630829
111.83491500000001,0.0128806299,1.19933935,3.25847873,3.1394608
111.934915,0.00976285792,1.19939984,3.25509078,3.1427374
112.03491500000001,0.007434524,1.19953223,3.25154244,3.14630629
112.134915,0.00565008602,1.19965535,3.24783299,3.14996373
112.234915,0.00425454265,1.19962791,3.24401329,3.15371242
112.33491500000001,0.00349260408,1.19981007,3.24024659,3.1575126
112.434915,0.0028428932,1.1997653,3.23646261,3.16119354
112.534915,0.00247198476,1.19979179,3.23292087,3.16476877
112.63491499999999,0.00206817864,1.19980675,3.22966864,3.16798623
112.734915,0.0016187083,1.19971106,3.22665661,3.17094435
112.834915,0.00147311502,1.19984295,3.22393578,3.1737176
112.93491499999999,0.00121468845,1.19978063,3.22134371,3.17622394
113.034915,0.0011538692,1.199815,3.21900993,3.1786069
113.13491499999999,0.00100309504,1.19983242,3.21693129,3.18066487
113.234915,0.000756990298,1.1997474,3.21504989,3.18250263
113.334915,0.000743240229,1.19987528,3.2134123,3.18420218
113.434915,0.000589667612,1.19981432,3.2118337,3.18570226
113.534915,0.00062757483,1.19986095,3.21043415,3.18715696
113.63491499999999,0.000573038327,1.19988401,3.20919993,3.18837661
113.734915,0.000395134792,1.19979736,3.20809468,3.18944123
113.834915,0.000436151699,1.19992518,3.20716747,3.19043416
113.934915,0.000320795969,1.19986331,3.2062377,3.19128794
114.034915,0.000390161238,1.19990983,3.20542473,3.19215759
114.134915,0.000376626146,1.19993272,3.20470916,3.19286134
114.234915,0.000217261393,1.19984314,3.20408085,3.19344953
114.334915,0.000286176894,1.1999666,3.20357185,3.19402564
114.434915,0.000176311725,1.1999023,3.20303294,3.19448931
114.534915,0.000251654071,1.1999502,3.20257044,3.19500874
114.634915,0.000264554228,1.19997212,3.20215076,3.19541824
114.734915,0.000119577656,1.19987712,3.20179036,3.19573795
114.83491500000001,0.000199264183,1.19999706,3.20152479,3.19607148
114.934915,9.70217283e-05,1.19993043,3.20120554,3.19631585
115.028944,-0.000638657038,1.19759338,3.20003869,3.19780375
115.12894399999999,0.0383793365,1.19287003,3.16749775,3.23051628
115.223,0.195248293,1.21655264,3.10711486,3.2919192
115.32300000000001,0.440084623,1.20243865,3.09948849,3.29990406
115.423,0.581927243,1.20546973,3.09963751,3.29990979
115.523,0.691099915,1.21099764,3.09971708,3.29999785
115.623,0.874336569,1.23517604,3.09956801,3.2999306
115.723,1.01609014,1.21405503,3.09974044,3.29988892
115.82300000000001,1.07735489,1.20346308,3.0997452,3.29995747
115.923,1.11281501,1.20184766,3.09958961,3.29992606
116.02300000000001,1.13739672,1.20210331,3.09961038,3.29978993
116.123,1.15486955,1.20213529,3.09998824,3.29917195
116.223,1.16756501,1.20208711,3.10119713,3.29783747
116.32300000000001,1.17682959,1.20197505,3.10339064,3.29548827
116.423,1.18338365,1.2017241,3.10656134,3.29211836
116.52300000000001,1.18828031,1.20174659,3.11062518,3.287973
116.623,1.19166557,1.20164181,3.11523045,3.28316643
116.723,1.19412165,1.20168693,3.12031843,3.27798994
116.823,1.19590167,1.2017982,3.12563248,3.27256357
116.92299999999999,1.19698506,1.2017473,3.13102503,3.26702212
117.023,1.19788628,1.20184689,3.13643408,3.26158836
117.12299999999999,1.19838484,1.20168674,3.14159029,3.25629278
117.223,1.19879186,1.20156628,3.14657464,3.25128232
117.323,1.19911799,1.20147479,3.15128666,3.24652021
117.423,1.19919194,1.20122133,3.1556936,3.24202276
117.523,1.19939066,1.20116869,3.15986474,3.23788004
117.62299999999999,1.1993951,1.20092076,3.1636246,3.23402803
117.723,1.19946828,1.20074746,3.167105,3.23056115
117.823,1.19957894,1.20063597,3.17026882,3.22738244
117.923,1.19951332,1.20039735,3.17314198,3.22444759
118.023,1.19962337,1.20038601,3.17582735,3.22181497
118.123,1.19956433,1.20020638,3.17818194,3.21938853
118.223,1.19960485,1.20009501,3.18031801,3.21728135
118.323,1.19969746,1.20005047,3.18222941,3.21536888
118.423,1.19962974,1.19987146,3.18393289,3.21361395
118.523,1.19973947,1.19992409,3.18555145,3.21205689
118.623,1.19967578,1.1998156,3.18694426,3.2105996
118.723,1.19971431,1.19976146,3.1881953,3.20938205
118.82300000000001,1.19980536,1.19977109,3.18930614,3.20827525
118.923,1.19973906,1.19963344,3.19027668,3.20725623
119.02300000000001,1.19985265,1.19972228,3.19123176,3.20636559
119.123,1.1997837,1.1996584,3.19204368,3.20549195
119.22300000000001,1.19981276,1.19963946,3.19277009,3.20479991
119.323,1.19989908,1.19967737,3.19340407,3.20417217
119.423,1.19982821,1.19955991,3.19394205,3.20358622
119.52300000000001,1.19993759,1.19966549,3.1945088,3.20308497
119.62300000000002,1.1998635,1.19962151,3.19497794,3.20255533
119.723,1.19988267,1.19961719,3.19539789,3.20216941
119.823,1.19996645,1.19966557,3.19575095,3.20182389
119.923,1.19988599,1.1995585,3.19604377,3.20148284
120.016867,1.21501054,1.21555407,3.19717467,3.20092432
120.11686700000001,1.20770574,1.16063717,3.1611247,3.23545755
120.21099999999998,0.498970704,0.881174814,3.29792298,3.09285886
120.31099999999999,0.0772411686,1.12892981,3.30045361,3.0992528
120.411,0.0278782454,1.18181258,3.30051858,3.09979606
120.51100000000001,0.0110559543,1.18943948,3.30043411,3.09958616
120.61099999999999,0.00618266413,1.19398108,3.30030964,3.09935298
120.711,0.00996092349,1.19716407,3.30027075,3.09927468
120.811,0.0104572297,1.19719412,3.29995631,3.09919926
120.91099999999999,0.0108424201,1.19850249,3.29921852,3.09980084
121.011,0.0140394877,1.19960132,3.29727566,3.10163587
121.111,0.0177288213,1.19999375,3.29350785,3.10515622
121.21100000000001,0.0207957157,1.20017276,3.28829972,3.11025306
121.31099999999999,0.022145715,1.20003781,3.28241273,3.11592891
121.411,0.0218810333,1.19979018,3.2766956,3.12151356
121.51100000000001,0.0202879258,1.19966853,3.27160981,3.12653683
121.61099999999999,0.0174987604,1.19939837,3.26712847,3.13086619
121.711,0.0144034479,1.1993731,3.26323328,3.13476955
121.811,0.0110985631,1.19936833,3.2596297,3.13827801
121.91100000000002,0.00833362251,1.19944023,3.25599218,3.14187429
122.011,0.00640391972,1.19967032,3.25217999,3.14568941
122.111,0.00491501091,1.19965833,3.24810403,3.14965154
122.21100000000001,0.00408222046,1.19977175,3.24403236,3.15375608
122.31099999999999,0.00326021688,1.19975504,3.24010159,3.15760653
122.411,0.0026038399,1.19973385,3.23639155,3.16128865
122.51100000000001,0.00225195908,1.19985243,3.23290235,3.16479873
122.61100000000002,0.00178245799,1.19974177,3.22957416,3.16803268
122.711,0.00166867249,1.19982219,3.22651437,3.17114805
122.811,0.00139599422,1.19978725,3.22371448,3.17388825
122.911,0.00113500087,1.19975197,3.22120694,3.17638431
123.011,0.00106156767,1.19986325,3.21894888,3.17867957
123.11099999999999,0.000805919752,1.19976265,3.21683234,3.18071478
123.211,0.000842596465,1.19985045,3.21494019,3.18267422
123.311,0.000732231042,1.1998243,3.21320838,3.18435628
123.41099999999999,0.000576111253,1.19978958,3.21171321,3.18584622
123.511,0.000590967139,1.19990701,3.21039314,3.18721039
123.611,0.000403032951,1.19980928,3.20913767,3.18838905
123.71099999999998,0.000492197839,1.19989945,3.20803325,3.18956493
123.81099999999999,0.000443005011,1.19987714,3.2070051,3.1905474
123.911,0.000318606294,1.19983778,3.20615624,3.19139238
124.01100000000001,0.0003760918,1.19995652,3.20541221,3.1921833
124.11099999999999,0.000206122782,1.1998559,3.20468674,3.19283324
124.211,0.000302233094,1.19994506,3.2040657,3.19352713
124.311,0.000287675841,1.19992462,3.20345054,3.19409856
124.41099999999999,0.00018491523,1.19987907,3.20297237,3.19457243
124.511,0.000259918258,1.19999514,3.20256556,3.19502756
124.611,0.000102349168,1.1998919,3.20214369,3.19537408
124.71100000000001,0.000204527358,1.19997737,3.20179698,3.19579392
124.81099999999999,0.000212427855,1.19996002,3.20141924,3.19612924
124.911,0.000111029858,1.19990507,3.20115757,3.1963856
125.00482199999999,-0.00276105628,1.19697734,3.20070007,3.19651015
125.104822,0.0263306729,1.19237557,3.17540011,3.22228835
125.2006,0.150237932,1.20319105,3.11465207,3.28465701
125.29898599999999,0.396130103,1.20649381,3.09926468,3.29977198
125.398986,0.546552279,1.20493274,3.0996421,3.29994753
125.498986,0.659095103,1.20856248,3.0996866,3.29995343
125.59898599999998,0.811724317,1.23273886,3.09964658,3.30004398
125.69898599999999,0.987994266,1.2210461,3.09969159,3.29988051
125.798986,1.06401287,1.20525449,3.09974002,3.29991834
125.89898600000001,1.10451745,1.20216689,3.09965171,3.29996518
125.99898599999999,1.1314157,1.2020761,3.09956947,3.299849
126.098986,1.15044861,1.20213052,3.09981321,3.29940153
126.198986,1.16440254,1.20219001,3.10077994,3.29832193
126.29898599999999,1.17439823,1.20187847,3.1026387,3.29623346
126.398986,1.1818129,1.20162525,3.10555646,3.29321897
126.498986,1.18715223,1.20144287,3.1093202,3.28928839
126.59898600000001,1.19086528,1.20133056,3.11379381,3.28465004
126.69898599999999,1.19364481,1.20152192,3.11882047,3.27954709
126.798986,1.19541114,1.20154586,3.1240933,3.27408471
126.89898600000001,1.19676997,1.20164713,3.12952495,3.26860242
126.99898599999999,1.19772356,1.20166433,3.13488274,3.2631322
127.098986,1.19827481,1.2015514,3.14013751,3.2577726
127.198986,1.19880258,1.20158581,3.14524268,3.25265425
127.29898600000001,1.19897494,1.20139351,3.15004374,3.24772723
127.398986,1.19919582,1.20128923,3.15459407,3.24318533
127.498986,1.19936278,1.20112367,3.15875557,3.23896668
127.59898600000001,1.1993783,1.20086842,3.16261477,3.23505128
127.69898600000002,1.1995454,1.20081159,3.16621264,3.23148302
127.798986,1.19947936,1.20058095,3.16946512,3.22814149
127.89898600000001,1.19953651,1.20048439,3.17247851,3.22516657
127.998986,1.19960256,1.20035028,3.17513086,3.22248312
128.098986,1.1995573,1.20014157,3.17754097,3.22003721
128.198986,1.19968668,1.2001429,3.17977225,3.21785297
128.298986,1.19961247,1.199971,3.18173396,3.21581661
128.398986,1.19965803,1.19994925,3.18357129,3.21402845
128.498986,1.19971607,1.19989112,3.18514418,3.21243417
128.598986,1.19966687,1.19974687,3.18655907,3.21099002
128.69898600000002,1.19980062,1.19980246,3.18787453,3.20972779
128.79898599999999,1.19972438,1.1996876,3.18901623,3.20851632
128.898986,1.19976589,1.19971594,3.19011078,3.20747406
128.998986,1.19981549,1.19970549,3.191018,3.20654917
129.09898600000002,1.19976568,1.19959166,3.19181646,3.20572304
129.198986,1.19989675,1.19967475,3.19258007,3.20501491
129.298986,1.19982198,1.19958292,3.19322217,3.20430481
129.398986,1.19985892,1.19963389,3.19387445,3.20370539
129.498986,1.19989947,1.19965037,3.1943944,3.20316952
129.598986,1.19984555,1.19955066,3.19483342,3.20270277
129.698986,1.19997026,1.19964798,3.19527911,3.20231355
129.798986,1.19989444,1.19956574,3.19563061,3.20189475
129.89898599999998,1.19992907,1.19962417,3.19602309,3.20155488
129.99849300000002,1.1999747,1.19967134,3.19632779,3.20124456
130.092797,1.20935158,1.19427438,3.18515686,3.21187384
130.192797,0.65956395,0.88042096,3.29595136,3.09389088
130.286956,0.114947854,1.08287387,3.30019269,3.09839727
130.386956,0.0337002459,1.17747257,3.30058196,3.09986848
130.486956,0.0136526156,1.18777035,3.3004282,3.0996128
130.58695600000001,0.00619096387,1.19287689,3.30035125,3.09941765
130.686956,0.00775339619,1.19623023,3.30026828,3.09926083
130.786956,0.0106502744,1.19687706,3.3000276,3.09914562
130.886956,0.0103549929,1.19825023,3.29950858,3.09959301
130.986956,0.0131298319,1.19934845,3.29787424,3.10101899
131.086956,0.0168754109,1.19990588,3.29459752,3.10415245
131.18695599999998,0.0200316733,1.2001796,3.28971174,3.10887805
131.286956,0.0217411793,1.20002629,3.28388835,3.11446978
131.386956,0.0222352937,1.19996311,3.27803412,3.12025296
131.486956,0.0211264266,1.19969459,3.272574,3.12553594
131.586956,0.0185652422,1.19941726,3.26798684,3.130063
131.686956,0.0152157082,1.1993744,3.26415547,3.13385302
131.786956,0.011682745,1.19927939,3.26056945,3.13732625
131.886956,0.00897602378,1.19950088,3.25696982,3.14095571
131.986956,0.00688809006,1.19959513,3.25305028,3.14477091
132.08695600000001,0.00534164562,1.199645,3.24905075,3.14875543
132.18695599999998,0.00421684102,1.1997733,3.24509483,3.15269612
132.286956,0.00323576737,1.19968831,3.24113521,3.15655627
132.386956,0.00275567984,1.19981245,3.23735984,3.16037585
132.48695600000002,0.00229932088,1.19979358,3.23370428,3.16394472
132.586956,0.0019644481,1.19976692,3.23032261,3.1673307
132.686956,0.00170130885,1.1998404,3.22727104,3.17038869
132.786956,0.0013111939,1.19972387,3.22441232,3.1731674
132.886956,0.00121184471,1.19982845,3.22186116,3.17578191
132.986956,0.00103959978,1.19980231,3.219448,3.17812478
133.08695600000001,0.00094999983,1.19979316,3.2172794,3.18031117
133.186956,0.000878982482,1.19986684,3.21538492,3.18222442
133.286956,0.000625485525,1.19975536,3.21363644,3.18390195
133.386956,0.000634497605,1.19986548,3.21212316,3.18548692
133.48695600000002,0.000546676368,1.19984451,3.21067204,3.18687476
133.586956,0.000527553703,1.19983908,3.20938367,3.18818528
133.686956,0.000528256098,1.19991547,3.2082838,3.18930887
133.786956,0.000320530554,1.19980648,3.20726901,3.19025572
133.88695600000003,0.000371130596,1.19991444,3.20641408,3.19118511
133.986956,0.000308203792,1.19989139,3.20556538,3.19197293
134.08695600000001,0.000313687235,1.19988913,3.20481947,3.19274205
134.186956,0.000351846956,1.19996456,3.20419264,3.19339495
134.28695599999998,0.000169065944,1.1998518,3.20360641,3.19391372
134.386956,0.00023685912,1.19995593,3.20313985,3.19445581
134.486956,0.000187945006,1.1999308,3.20264117,3.19489485
134.58695600000001,0.000202078318,1.19992463,3.20220876,3.19534993
134.68695599999998,0.000264260363,1.19999909,3.20185282,3.19573335
134.786956,8.53927768e-05,1.19988278,3.20152008,3.19599843
134.886956,0.000167252127,1.19998689,3.20127466,3.19632006
134.986956,0.00012071042,1.1999546,3.20097605,3.19655953
135.080796,0.0177394191,1.19754491,3.18562641,3.21200715
135.180796,0.113380318,1.19894383,3.12672133,3.27193601
135.27496299999999,0.347881086,1.21435906,3.09908957,3.29958869
135.374963,0.516111497,1.20322985,3.09965424,3.29997039
135.474963,0.637642301,1.20704733,3.09965895,3.29991142
135.574963,0.759417522,1.22236898,3.09977438,3.3001184
135.674963,0.955592927,1.22770896,3.09960317,3.29985632
135.774963,1.05010376,1.20764964,3.09975523,3.29991491
135.87496299999998,1.09615885,1.2025743,3.09968752,3.29997175
135.974963,1.12549839,1.20202662,3.09954876,3.29987293
136.074963,1.14633045,1.2022752,3.09973034,3.29957881
136.17496300000002,1.16136122,1.20230519,3.10045222,3.29864507
136.27496299999999,1.17225259,1.20208248,3.10210098,3.29683492
136.374963,1.18026932,1.20193822,3.10478953,3.29402975
136.474963,1.18588271,1.20163923,3.10835097,3.29025195
136.574963,1.19006147,1.20163757,3.11272279,3.28580431
136.674963,1.1929683,1.20162538,3.11757084,3.28078267
136.774963,1.19500332,1.20159815,3.12275849,3.27547318
136.874963,1.1965487,1.20173877,3.12815021,3.27001059
136.974963,1.19743863,1.20165708,3.13352147,3.26447585
137.074963,1.19819996,1.20170505,3.13886158,3.25911839
137.17496300000002,1.19863732,1.20161601,3.14397392,3.2538953
137.27496299999999,1.19891302,1.20142474,3.14882585,3.24898355
137.374963,1.19922704,1.20136389,3.15342426,3.24437465
137.474963,1.19926599,1.20109734,3.15767169,3.24002015
137.574963,1.19943077,1.2010124,3.16168121,3.23604315
137.674963,1.19946508,1.20084202,3.16532958,3.23232884
137.77496299999999,1.19945987,1.20061633,3.16865557,3.22898003
137.874963,1.19959997,1.20054511,3.17169761,3.22595983
137.97496299999997,1.19952864,1.20029913,3.17442028,3.22315694
138.074963,1.19962677,1.20025539,3.17696214,3.22066942
138.174963,1.19962063,1.20014902,3.1792285,3.21835598
138.274963,1.19958634,1.19999601,3.1812631,3.21631244
138.37496299999998,1.19971796,1.19999166,3.18309272,3.214517
138.474963,1.1996424,1.19981375,3.18470138,3.21283769
138.574963,1.1997398,1.19983219,3.18622011,3.21138068
138.674963,1.19973822,1.19978797,3.18755454,3.21000616
138.77496299999999,1.19969647,1.19969824,3.18875533,3.20880048
138.874963,1.19982475,1.19974601,3.18982216,3.20777226
138.974963,1.19974798,1.19961064,3.19073623,3.2067906
139.074963,1.19984275,1.19966366,3.19162677,3.20596393
139.174963,1.19984013,1.19965289,3.19239734,3.20515605
139.274963,1.1997893,1.19959515,3.19309817,3.20445101
139.37496299999998,1.19991414,1.19966576,3.19370777,3.20388188
139.474963,1.1998337,1.19954991,3.19421133,3.20331164
139.574963,1.19992007,1.19961913,3.1947367,3.20285056
139.67496300000002,1.19992315,1.19961639,3.1951655,3.20238587
139.77496299999999,1.19986434,1.19957513,3.19557805,3.20196873
139.874963,1.1999813,1.19966085,3.19593057,3.20165767
139.974963,1.19989553,1.19955504,3.19619929,3.20132248
140.06880900000002,1.21224588,1.21994123,3.20293262,3.19437891
140.168809,0.888446213,0.927585848,3.22020112,3.16993452
140.262973,0.180675633,1.01710723,3.29972044,3.09695693
140.362973,0.0415364909,1.17012166,3.3005908,3.09983664
140.462973,0.0170799436,1.18612969,3.30044763,3.09965979
140.562973,0.00716986682,1.19192897,3.30038734,3.09947911
140.662973,0.00696343862,1.19564642,3.30026303,3.09926712
140.76297300000002,0.0113185128,1.19699931,3.3001191,3.09916556
140.86297299999998,0.00989987054,1.1978536,3.2996923,3.099411
140.962973,0.011313624,1.19894987,3.29842282,3.10049789
141.062973,0.0144673529,1.19977279,3.29570258,3.10312502
141.16297300000002,0.0172676223,1.19999857,3.29126028,3.10731941
141.262973,0.0191978741,1.20006125,3.28578151,3.11268104
141.362973,0.0195358764,1.19990809,3.28003588,3.11826715
141.462973,0.0181700927,1.1996049,3.27470816,3.1234357
141.562973,0.0159921356,1.19956703,3.27001074,3.1281103
141.662973,0.0131213783,1.19942101,3.26570751,3.1322701
141.76297300000002,0.0104361242,1.19948405,3.26169121,3.13628132
141.862973,0.00810543941,1.19956595,3.25765764,3.14025383
141.962973,0.00609714945,1.19955972,3.25358734,3.14423467
142.062973,0.00487578291,1.19976017,3.24945953,3.14838725
142.16297300000002,0.00382772668,1.19973233,3.24526162,3.15247202
142.262973,0.00318681622,1.19978744,3.24121465,3.15653559
142.362973,0.00272691373,1.19981966,3.23730571,3.16040528
142.462973,0.00213204942,1.1997127,3.23369863,3.1639426
142.562973,0.00189851367,1.19984044,3.23038126,3.16730827
142.662973,0.00153300519,1.19976901,3.22723897,3.17036008
142.762973,0.00136931968,1.19980266,3.22439288,3.17324414
142.862973,0.00127535825,1.19983673,3.22174153,3.17587711
142.96297299999998,0.000958056288,1.19972422,3.21939146,3.17817269
143.062973,0.000934074971,1.19985879,3.2173134,3.18031372
143.162973,0.000730069475,1.19979236,3.21535578,3.18219244
143.26297300000002,0.000677854157,1.19982639,3.2136343,3.18396094
143.36297299999998,0.000698360454,1.19987872,3.21202441,3.18556204
143.462973,0.000480729229,1.19976946,3.21062156,3.18691588
143.562973,0.000532939161,1.1999053,3.20941837,3.18818766
143.662973,0.000388106383,1.19984125,3.20826376,3.18926762
143.762973,0.000379635392,1.19987522,3.2072742,3.19030692
143.862973,0.000438001707,1.19993021,3.20632889,3.1912474
143.962973,0.000264483672,1.19981871,3.20551208,3.19201638
144.062973,0.000341072522,1.19995293,3.20484915,3.19275006
144.162973,0.000231543962,1.19989262,3.20417292,3.19335329
144.26297300000002,0.000228701694,1.19991543,3.20362066,3.19395542
144.36297299999998,0.00029317158,1.19997489,3.20307796,3.19449549
144.462973,0.000140955235,1.19985962,3.20260103,3.19492437
144.562973,0.00023157945,1.19998891,3.20224618,3.19535091
144.66297300000002,0.000124362097,1.1999219,3.20185158,3.19567302
144.762973,0.000137873428,1.19994858,3.20154694,3.19602725
144.862973,0.000208858044,1.20000566,3.20122834,3.19634467
144.962973,8.48562365e-05,1.19988797,3.20093286,3.1965913
145.056838,0.00831126134,1.1992251,3.19408341,3.20367207
145.156838,0.0747054641,1.19642535,3.14588463,3.25242767
145.251,0.277084409,1.22141158,3.10021924,3.29864306
145.351,0.484454384,1.20187335,3.09957453,3.29991838
145.451,0.614362123,1.20613424,3.09967865,3.29992904
145.55100000000002,0.72351491,1.21473316,3.09973027,3.30003638
145.651,0.919197742,1.23262612,3.09955486,3.29987039
145.751,1.03532932,1.21056545,3.09977021,3.29992041
145.851,1.08776213,1.20288748,3.09969082,3.2999427
145.95100000000002,1.11998121,1.20198585,3.09958287,3.29992374
146.051,1.14245789,1.20218462,3.0996524,3.29968771
146.151,1.15844256,1.20217895,3.10020142,3.29891096
146.251,1.17021881,1.20224418,3.10167173,3.29734481
146.351,1.178639,1.20207615,3.10410746,3.29469295
146.451,1.18477928,1.20193185,3.10754591,3.29113112
146.551,1.18928495,1.20189526,3.11174388,3.28680314
146.651,1.19232866,1.20177803,3.11648863,3.28186888
146.75099999999998,1.19465026,1.20191387,3.12167404,3.2766265
146.851,1.19614849,1.2018952,3.12699401,3.2711361
146.951,1.1972169,1.20187585,3.13239591,3.2656628
147.05100000000002,1.19805921,1.20186441,3.13768395,3.26030363
147.15099999999998,1.19847667,1.20165878,3.14279609,3.25506439
147.251,1.19892303,1.20163342,3.14775621,3.25011009
147.351,1.19909409,1.20143635,3.15238795,3.24536932
147.451,1.19922531,1.20125885,3.15675886,3.240983
147.551,1.19941573,1.20112409,3.16076583,3.23695629
147.651,1.19939411,1.20083217,3.16443846,3.23320167
147.751,1.19953966,1.20076687,3.16788787,3.229797
147.851,1.19952036,1.20056431,3.17097666,3.22663301
147.951,1.19952547,1.20041978,3.17383304,3.22378831
148.05100000000002,1.19963131,1.20034361,3.17637986,3.22124517
148.15099999999998,1.1995611,1.20011479,3.17865274,3.21890887
148.251,1.19968232,1.20011496,3.18078028,3.21684152
148.351,1.19964628,1.19999015,3.18264989,3.21490979
148.45100000000002,1.19964292,1.19991784,3.18437513,3.21320553
148.551,1.19973649,1.19991654,3.18589347,3.21169957
148.651,1.19966736,1.19974375,3.18720715,3.2103286
148.751,1.19978998,1.19979444,3.18846263,3.20913852
148.851,1.19975698,1.19971839,3.18954369,3.20800011
148.951,1.19975021,1.1996913,3.19056118,3.20700607
149.05100000000002,1.19983799,1.19973426,3.19144599,3.20613701
149.151,1.19976902,1.19959185,3.19217649,3.20535089
149.251,1.19988952,1.19966956,3.19290978,3.20468466
149.351,1.19985463,1.19962013,3.19352433,3.2040147
149.451,1.19984513,1.19961331,3.19412043,3.20344224
149.551,1.19992298,1.19968354,3.19464105,3.20293898
149.65099999999998,1.19984615,1.19955901,3.19503775,3.20248684
149.751,1.19996049,1.19964846,3.19546794,3.20212425
149.851,1.19992235,1.19961007,3.19581027,3.2017275
149.951,1.1999068,1.19961079,3.19616283,3.20139802
150.04488199999997,1.21840073,1.22769456,3.20378382,3.19386255
150.144882,1.11724537,1.04632799,3.14044307,3.25238492
150.239,0.290082264,0.944582778,3.29888108,3.09485077
150.339,0.0533723928,1.15784516,3.3005256,3.09965396
150.439,0.0215018496,1.18459947,3.30050171,3.09973878
150.539,0.00876794288,1.19096533,3.30038641,3.09950298
150.639,0.00649515189,1.19501666,3.30029682,3.09931364
150.739,0.0115199472,1.19750242,3.30018848,3.09920586
150.839,0.00970892692,1.19744649,3.29981203,3.09927024
150.939,0.010224601,1.19872412,3.29886936,3.10014178
151.03900000000002,0.0124384188,1.19950341,3.29655598,3.10226339
151.13899999999998,0.014546162,1.1997778,3.2926869,3.10595257
151.239,0.0159119385,1.19997523,3.28771454,3.11081285
151.339,0.0159349869,1.19980375,3.28221663,3.11608785
151.43900000000002,0.0150664553,1.19974037,3.27687677,3.12137173
151.539,0.013330862,1.19963866,3.27182897,3.12628374
151.639,0.0109901446,1.19949708,3.26720311,3.1308181
151.739,0.00879923317,1.19963154,3.26286814,3.13514172
151.839,0.0068030681,1.19959363,3.25845428,3.13942154
151.939,0.00546611414,1.1997211,3.25405249,3.14383767
152.03900000000002,0.00445920716,1.19978128,3.24959968,3.14820672
152.139,0.00358646684,1.19972034,3.2452812,3.15246897
152.239,0.00300450509,1.19984371,3.24124007,3.15652833
152.339,0.00237226619,1.19974351,3.23731843,3.16034216
152.439,0.00206963296,1.19980748,3.2336849,3.16401743
152.539,0.00181837576,1.19982276,3.23024077,3.16740509
152.63899999999998,0.0015197565,1.19974364,3.2270884,3.17052535
152.739,0.00136392163,1.19984996,3.22430718,3.17334765
152.839,0.00104546611,1.1997477,3.22169025,3.17587612
152.939,0.000987424429,1.19981485,3.2193488,3.17827633
153.039,0.000884024768,1.19982951,3.21718655,3.18039738
153.139,0.000743471109,1.19976838,3.21523,3.18233285
153.239,0.000726579211,1.19988361,3.21355994,3.1840543
153.339,0.00050931198,1.19978671,3.21198412,3.18554936
153.439,0.0005169111,1.19985735,3.21061503,3.18698373
153.53900000000002,0.000489886727,1.19987537,3.20932534,3.18823794
153.63899999999998,0.000409721255,1.1998221,3.20817128,3.18937464
153.739,0.000456032245,1.19993347,3.20721319,3.19038774
153.839,0.000272896895,1.19983659,3.20630095,3.19122173
153.93900000000002,0.000305767868,1.19990591,3.20553182,3.19205809
154.039,0.00030347546,1.19992439,3.20478117,3.19277595
154.139,0.000246243614,1.19986768,3.20410578,3.19343418
154.239,0.000319512214,1.19997656,3.20357373,3.19402299
154.339,0.000145197564,1.19987776,3.20305511,3.19446413
154.439,0.000186916397,1.19994442,3.20263594,3.19495092
154.53900000000002,0.000197532422,1.19996209,3.20219601,3.19535959
154.639,0.000145579946,1.19990355,3.20180093,3.19573683
154.739,0.000237072661,1.2000088,3.20150831,3.19608723
154.839,7.43265778e-05,1.19990724,3.20120796,3.19631024
154.93900000000002,0.000121136536,1.19996987,3.20098671,3.19659893
155.03295,-0.000304470646,1.19758711,3.19947158,3.19827338
155.13295,0.0413585564,1.194264,3.16621319,3.23185459
155.227,0.204881922,1.21775971,3.10567682,3.29336335
155.327,0.451404779,1.20198392,3.09943552,3.2998503
155.427,0.592099488,1.20489604,3.09970393,3.29995495
155.527,0.698906376,1.210874,3.09968178,3.29995928
155.62699999999998,0.879458818,1.23460537,3.09959645,3.29995791
155.727,1.01897544,1.213864,3.09973484,3.29988862
155.827,1.07911596,1.20327351,3.09971582,3.29993632
155.927,1.11424625,1.20190145,3.09961844,3.29995663
156.027,1.13825697,1.20197686,3.09958317,3.29974179
156.127,1.15557119,1.20218435,3.10004732,3.29915347
156.227,1.16813354,1.20225821,3.10127704,3.29774719
156.327,1.17711719,1.20210707,3.10351365,3.29531746
156.427,1.18375343,1.20217114,3.10681018,3.29192733
156.52700000000002,1.18835401,1.20208676,3.11087588,3.28764663
156.62699999999998,1.19175195,1.20212342,3.11559105,3.28284304
156.727,1.19417545,1.20216853,3.12066749,3.27762917
156.827,1.19578908,1.20205409,3.12592755,3.27222099
156.92700000000002,1.19707717,1.20212843,3.13132198,3.26678549
157.027,1.19780331,1.20198723,3.13661296,3.26133893
157.127,1.19839128,1.20191323,3.14181223,3.25611313
157.227,1.19880221,1.2018035,3.14676477,3.25108687
157.327,1.19898296,1.20152077,3.15141373,3.24635059
157.427,1.19927438,1.20143209,3.1558279,3.24195273
157.52700000000002,1.19930653,1.20117009,3.15989199,3.23778559
157.627,1.19941183,1.20102182,3.16370175,3.2339948
157.727,1.19949414,1.20088478,3.16717417,3.23048934
157.827,1.19944972,1.20061212,3.17030748,3.22730224
157.92700000000002,1.19960129,1.20055095,3.17320042,3.22445442
158.027,1.19954671,1.20033857,3.17578763,3.22178847
158.127,1.19959647,1.20025445,3.17818822,3.21942589
158.227,1.19964873,1.20019347,3.18033311,3.21726486
158.327,1.19958004,1.20000311,3.18223456,3.21532201
158.427,1.19972095,1.20001547,3.18397743,3.21363498
158.527,1.19966412,1.19987231,3.18550429,3.21203824
158.627,1.19970975,1.19985176,3.18693692,3.21064975
158.72699999999998,1.19976162,1.19985135,3.18820068,3.20937616
158.827,1.19968718,1.19971749,3.18930703,3.20823209
158.927,1.19982836,1.19977303,3.19031983,3.20727885
159.02700000000002,1.19977249,1.19966915,3.19118802,3.20634392
159.12699999999998,1.19981078,1.19968465,3.19203368,3.20554388
159.227,1.19986837,1.19971033,3.19275542,3.20481497
159.327,1.19978622,1.19960874,3.19339175,3.20414162
159.427,1.19992016,1.1996902,3.19398018,3.20361411
159.527,1.19986092,1.19960685,3.19446303,3.20306574
159.627,1.19989579,1.19963652,3.19495989,3.20261447
159.727,1.19994583,1.19968174,3.19537888,3.20218974
159.827,1.19985148,1.19959805,3.19574709,3.20178418
159.927,1.19997664,1.19968958,3.19608888,3.20150397
160.021,1.2168564,1.21786804,3.19743151,3.20053306
160.121,1.20886001,1.16532241,3.16366246,3.23274008
160.215,0.449617387,0.894173731,3.29804141,3.09309024
160.315,0.0732592289,1.13808559,3.30045756,3.09934028
160.415,0.0267493687,1.18272091,3.30053282,3.09978567
160.51500000000001,0.010889903,1.19004063,3.30039404,3.09953071
160.615,0.00671839457,1.1944401,3.30034248,3.09937257
160.715,0.00986878579,1.19721955,3.30023037,3.09922963
160.815,0.0101010729,1.19724387,3.29994,3.09921297
160.91500000000002,0.00941106066,1.1984528,3.29919438,3.09984214
161.015,0.0101929985,1.19912854,3.2972994,3.10151885
161.115,0.0116020664,1.1996582,3.29402285,3.10471087
161.215,0.0123807691,1.19979392,3.28945672,3.10906157
161.31500000000003,0.0123155011,1.19978494,3.28429489,3.11409731
161.415,0.0115097573,1.19979053,3.27901128,3.11928222
161.51500000000001,0.00986018564,1.1996188,3.27386144,3.12425848
161.615,0.00837691635,1.19972439,3.26890396,3.12920227
161.715,0.00691186474,1.19972262,3.2639457,3.13402848
161.815,0.00562512152,1.19973407,3.25913064,3.1387962
161.915,0.00468026821,1.19982416,3.25439432,3.14350201
162.01500000000001,0.00365366468,1.19971632,3.24980024,3.1479748
162.11499999999998,0.00311478423,1.19983325,3.24541006,3.15239511
162.215,0.00262094779,1.19981509,3.24113708,3.15657477
162.315,0.00221422583,1.19978477,3.2371655,3.16053249
162.415,0.0020040966,1.19986058,3.23346556,3.1642364
162.515,0.00153699916,1.19971898,3.23006192,3.1675474
162.615,0.00139762918,1.19982164,3.22699281,3.17067392
162.715,0.0012043746,1.19980253,3.22409439,3.17350323
162.815,0.00103503247,1.19977705,3.22149709,3.17610609
162.915,0.00102607189,1.19986436,3.21913414,3.17849178
163.01500000000001,0.00072973752,1.19973149,3.21700559,3.18054143
163.11499999999998,0.000710704932,1.19984183,3.21515614,3.18246036
163.215,0.000615983026,1.19983296,3.21339794,3.18415975
163.315,0.000532083721,1.19981231,3.21184812,3.18572177
163.41500000000002,0.000597077136,1.1999109,3.21045267,3.1871478
163.515,0.000372063376,1.19978075,3.20919532,3.18833091
163.615,0.00040617557,1.19989083,3.20814342,3.18945646
163.715,0.000352413367,1.19988308,3.20711299,3.19043195
163.815,0.000299857437,1.19986138,3.20622099,3.1913377
163.915,0.000393931196,1.19996086,3.20541923,3.19217321
164.01500000000001,0.000205695153,1.19983011,3.20468499,3.1928344
164.115,0.000255631541,1.1999373,3.20411485,3.19347969
164.215,0.000217023883,1.19992912,3.20351715,3.19402437
164.315,0.000180478586,1.19989973,3.20300349,3.19455112
164.41500000000002,0.000276156431,1.20000205,3.20255915,3.19503102
164.515,0.000105193456,1.19986825,3.20212591,3.19539128
164.615,0.000163846452,1.199969,3.20182774,3.19576488
164.715,0.000129102794,1.1999581,3.20147889,3.19606152
164.815,0.000101010584,1.19993078,3.201186,3.196367
164.915,0.000204602611,1.20002775,3.20093409,3.19665565
165.009,-0.00442097603,1.19544128,3.20055114,3.19673615
165.109,0.0196512151,1.19333325,3.18091201,3.21690758
165.203,0.143969256,1.21043551,3.1189965,3.28046632
165.303,0.405206206,1.20749507,3.09922025,3.2998047
165.403,0.565057771,1.20299248,3.09968504,3.29993801
165.503,0.675866158,1.20906518,3.09969576,3.29995215
165.603,0.840312692,1.23314442,3.09966049,3.30003047
165.703,1.00118173,1.21683362,3.09968775,3.29985042
165.803,1.07040084,1.20365904,3.09976944,3.29995768
165.903,1.10851048,1.20152225,3.09962367,3.29994719
166.00300000000001,1.1342626,1.2016257,3.09956876,3.29981254
166.10299999999998,1.15280687,1.20193686,3.09991078,3.29933884
166.203,1.16598821,1.20192221,3.10092847,3.29808485
166.303,1.1756693,1.20203621,3.10301936,3.29589694
166.40300000000002,1.18261977,1.20207805,3.1060996,3.29262708
166.503,1.18755584,1.20207696,3.11007124,3.28849715
166.603,1.19124861,1.20222144,3.11470277,3.28377004
166.703,1.19369297,1.20217088,3.11971036,3.27856456
166.803,1.19554702,1.20227882,3.12503649,3.27318435
166.903,1.19680002,1.20226474,3.13039086,3.2676929
167.00300000000001,1.19760886,1.20213498,3.13571496,3.26226917
167.103,1.19832518,1.20210252,3.14090997,3.25704181
167.203,1.19865037,1.20184359,3.1458489,3.25196929
167.303,1.19899583,1.20174547,3.15062308,3.24720299
167.40300000000002,1.19917749,1.20156559,3.15506444,3.24268363
167.503,1.19923624,1.20131059,3.15920466,3.23849613
167.603,1.1994242,1.20120429,3.16304331,3.23467229
167.703,1.19940011,1.20090067,3.16650129,3.23112185
167.803,1.19951371,1.20079311,3.1697504,3.22791544
167.903,1.19954075,1.20064443,3.1726802,3.22493804
168.003,1.19949643,1.2004438,3.17534735,3.2222475
168.103,1.1996209,1.20040483,3.17777017,3.2198602
168.20299999999997,1.19956203,1.20017384,3.17988359,3.21767098
168.303,1.19965587,1.20013888,3.18187404,3.21573636
168.403,1.19967207,1.20006876,3.18364323,3.21393137
168.50300000000001,1.19962308,1.1999402,3.18523747,3.21232176
168.60299999999998,1.19973613,1.19997809,3.18669225,3.21091004
168.703,1.19967584,1.19980741,3.18790778,3.20962439
168.803,1.19977038,1.19982198,3.18907759,3.20851453
168.903,1.19978747,1.19980104,3.19010832,3.20745247
169.003,1.19973467,1.19971621,3.19103783,3.20650964
169.103,1.1998432,1.19979536,3.19189582,3.20569757
169.203,1.19977685,1.1996598,3.19257346,3.20495161
169.303,1.19986715,1.19969913,3.19325317,3.20433284
169.403,1.19987964,1.19970455,3.19384861,3.20370805
169.50300000000001,1.19982345,1.19963662,3.19438093,3.20316247
169.60299999999998,1.19992886,1.19973479,3.19488679,3.20270385
169.703,1.19985559,1.19961809,3.19525319,3.2022697
169.803,1.19994042,1.199668,3.19564804,3.20193579
169.90300000000002,1.19995192,1.19968384,3.19598701,3.20156868
170.0002,1.2001769,1.1999243,3.19641043,3.20136571
170.09693900000002,1.21687693,1.20991257,3.19140897,3.20580378
170.196939,0.595303385,0.893429216,3.29748733,3.09260296
170.291,0.105264659,1.10572004,3.30034815,3.09879914
170.39100000000002,0.0326768899,1.17930195,3.30052585,3.09977667
170.49099999999999,0.0137696603,1.18917167,3.30044829,3.09960773
170.591,0.00782252755,1.19376609,3.3003508,3.09939856
170.691,0.00901743743,1.19646557,3.30022984,3.09920909
170.791,0.010867832,1.19715239,3.30004318,3.09918482
170.891,0.00914270176,1.19812559,3.29942275,3.09958381
170.99099999999999,0.00931967526,1.19896916,3.2979238,3.10098214
171.091,0.00994232432,1.19947656,3.29506223,3.10368928
171.19099999999997,0.0100520401,1.19958076,3.29094928,3.10759589
171.291,0.00974657559,1.19977437,3.28615699,3.11231846
171.391,0.00885124299,1.19974611,3.28094225,3.11733738
171.491,0.00785126457,1.19976912,3.27566372,3.12254858
171.59099999999998,0.00679463242,1.1998268,3.27039136,3.12772539
171.691,0.00562705563,1.19972877,3.26516652,3.13281369
171.791,0.00472944231,1.19984987,3.26016036,3.13782039
171.891,0.00385844515,1.19980916,3.25518647,3.14266202
171.99099999999999,0.00327658471,1.19982729,3.25039768,3.14743952
172.091,0.00284608694,1.19986892,3.24580001,3.15199185
172.191,0.0023507732,1.19975597,3.24143266,3.1562664
172.291,0.00206717987,1.19985224,3.23747062,3.16026918
172.391,0.00167503273,1.19978825,3.23371961,3.16392428
172.491,0.00147551937,1.19979783,3.23027216,3.16739295
172.59099999999998,0.00135296085,1.19984125,3.22708662,3.17056349
172.691,0.00108954063,1.19973369,3.22416459,3.17341719
172.791,0.00103962763,1.19984006,3.22160165,3.17604219
172.89100000000002,0.000817460449,1.1997875,3.219227,3.17833883
172.99099999999999,0.000745662048,1.19981017,3.21710098,3.1805006
173.091,0.000727733896,1.19985873,3.21515437,3.1824454
173.191,0.000553299856,1.19976174,3.21338832,3.18415232
173.29100000000003,0.000577481152,1.19987551,3.21189267,3.18571847
173.391,0.000416944727,1.19982776,3.21049603,3.18704373
173.491,0.000382128331,1.19985021,3.20926927,3.18831064
173.591,0.000428949453,1.19991384,3.20812581,3.18945799
173.691,0.000293358418,1.19981289,3.20708631,3.19044088
173.791,0.000376226679,1.19992831,3.20623242,3.19136809
173.891,0.000240344151,1.19987648,3.20543228,3.19209925
173.991,0.000221544103,1.19989668,3.20474615,3.19282641
174.09099999999998,0.000285506887,1.19996079,3.20408794,3.19349107
174.191,0.000170156228,1.19985984,3.20347766,3.19404509
174.291,0.00027326429,1.19997179,3.20300426,3.19459285
174.391,0.000141773037,1.19991412,3.20255353,3.19497558
174.49099999999999,0.000119416596,1.19992957,3.2021848,3.19538501
174.591,0.000197886854,1.19999674,3.20180247,3.19577541
174.691,8.09112758e-05,1.19988756,3.2014403,3.19608091
174.791,0.000205955719,1.2000009,3.20117771,3.1964183
174.891,8.51630274e-05,1.19994104,3.20092025,3.19660836
174.991,6.67237546e-05,1.19995249,3.20072639,3.19684214
175.084951,0.00727255281,1.19429452,3.19078021,3.20681281
175.18495099999998,0.0993576544,1.20574055,3.13694408,3.26159627
175.278962,0.334669098,1.21902642,3.0991564,3.29956406
175.378962,0.529715685,1.20189774,3.09961675,3.29990089
175.478962,0.64823875,1.20802694,3.0997324,3.29997668
175.57896200000002,0.802679317,1.23013301,3.09969069,3.30004482
175.67896199999998,0.982199748,1.21915662,3.09968533,3.29985806
175.778962,1.06143954,1.20337679,3.09979795,3.29995037
175.878962,1.10261741,1.20063799,3.09964155,3.2999394
175.97896200000002,1.13015606,1.20101485,3.0995853,3.29988382
176.078962,1.14968364,1.20137579,3.09977532,3.29946076
176.178962,1.16381019,1.2015439,3.10066399,3.29841781
176.278962,1.17414942,1.20171161,3.10252898,3.29641712
176.378962,1.18145398,1.20168356,3.10540577,3.29332112
176.478962,1.18687002,1.20189161,3.10928003,3.28936392
176.578962,1.19062121,1.20202494,3.11381271,3.2846373
176.678962,1.1932747,1.20215357,3.11885305,3.27947867
176.77896199999998,1.1952653,1.20231984,3.12414518,3.27409248
176.878962,1.19649805,1.20222388,3.12948674,3.26858296
176.978962,1.19754294,1.20225238,3.13484943,3.26319594
177.078962,1.198159,1.20213166,3.14005296,3.25786301
177.17896199999998,1.19856094,1.20198554,3.14510845,3.25275376
177.278962,1.19894367,1.20189932,3.14989835,3.24793372
177.378962,1.19903905,1.20159416,3.15435214,3.24337163
177.478962,1.19928503,1.20146374,3.15854523,3.2392082
177.578962,1.19935482,1.20123484,3.16239138,3.2352816
177.678962,1.19938375,1.20103039,3.16598041,3.23168024
177.77896199999998,1.19950946,1.20093905,3.16926335,3.22840373
177.878962,1.19943391,1.20066371,3.17220668,3.22538237
177.978962,1.19956635,1.20058378,3.17491827,3.22272553
178.07896200000002,1.19957155,1.20041558,3.1773319,3.22025309
178.17896199999998,1.1995572,1.20028209,3.17956875,3.2180203
178.278962,1.19965672,1.20026895,3.18158734,3.21602281
178.378962,1.19956681,1.20007072,3.18335424,3.21418903
178.478962,1.19968781,1.20006468,3.18498279,3.21262416
178.578962,1.19969478,1.19996039,3.18639297,3.21116319
178.678962,1.19968179,1.19988451,3.18771483,3.20985044
178.778962,1.19977405,1.19993369,3.18891731,3.20867448
178.878962,1.19968599,1.1997848,3.18993188,3.20759657
178.978962,1.19980133,1.19982593,3.19088824,3.20670667
179.07896200000002,1.19980588,1.19976229,3.19168877,3.20585841
179.17896199999998,1.19979099,1.19971592,3.19245543,3.20510185
179.278962,1.19988024,1.19979752,3.1931654,3.2044207
179.378962,1.1997838,1.19967894,3.19374187,3.20378179
179.478962,1.19988321,1.19974912,3.19431238,3.20327849
179.578962,1.19988528,1.19970086,3.19474876,3.20279583
179.67896199999998,1.19986727,1.19966354,3.19518587,3.20236848
179.778962,1.1999533,1.19975737,3.19560564,3.20197879
179.87896199999997,1.19985153,1.19965082,3.19592475,3.20159734
179.978962,1.19994311,1.19973184,3.19626721,3.20132222
180.07296,1.22126425,1.22937332,3.20304845,3.19448989
180.17296,0.82201881,0.931475742,3.26715734,3.12223162
180.266919,0.155667201,1.0523611,3.30004205,3.09770568
180.366919,0.0417792979,1.17369113,3.30053507,3.09974517
180.466919,0.0174639976,1.18811091,3.30048879,3.09966886
180.566919,0.00922344177,1.19298376,3.30034568,3.09941061
180.666919,0.00912932073,1.1961662,3.3002838,3.09926512
180.766919,0.0116842798,1.19716535,3.30009215,3.0991461
180.866919,0.00930450401,1.19786436,3.29963159,3.09941158
180.96691900000002,0.00889992022,1.19885323,3.29843652,3.10052771
181.06691899999998,0.00876870647,1.19923865,3.29594337,3.10279219
181.166919,0.00858970288,1.19954158,3.29229053,3.10635398
181.266919,0.00817290262,1.19972616,3.28769007,3.11079195
181.366919,0.00746687325,1.19973208,3.28255334,3.11576829
181.466919,0.00674316532,1.19987395,3.27725543,3.12101519
181.56691899999998,0.0057283423,1.19978549,3.27183746,3.12625377
181.666919,0.00483377005,1.19982706,3.26656515,3.13149587
181.766919,0.00412001468,1.19988252,3.26130618,3.13665791
181.866919,0.00348855648,1.19981724,3.25613249,3.14173254
181.966919,0.00311450108,1.19992102,3.25122163,3.1466509
182.066919,0.00257049552,1.19980244,3.24649352,3.15125272
182.16691899999998,0.00217312471,1.19981406,3.24215528,3.15560812
182.266919,0.00188364009,1.19984944,3.23804513,3.15966568
182.366919,0.00159600826,1.19977469,3.23418265,3.16346805
182.46691900000002,0.00151114452,1.1998686,3.23068479,3.16700878
182.56691899999998,0.00121633322,1.19976315,3.22743286,3.17016569
182.666919,0.00104038119,1.19978333,3.22456909,3.17307253
182.766919,0.000919537216,1.19982655,3.22192086,3.17569122
182.866919,0.000748355429,1.19975949,3.2194844,3.1780852
182.966919,0.000811991373,1.19987813,3.21731626,3.18031238
183.066919,0.000623836977,1.19978212,3.21532096,3.18222539
183.166919,0.000558882691,1.19981145,3.21361202,3.18398712
183.266919,0.000504585132,1.19986012,3.21205203,3.18552686
183.366919,0.000382918441,1.19979744,3.21061624,3.18692582
183.46691900000002,0.000492597276,1.19992239,3.20935969,3.18824744
183.56691899999998,0.000356464927,1.19983408,3.20818367,3.18934563
183.666919,0.000331353012,1.19986272,3.20721439,3.19037068
183.766919,0.000298578146,1.19990962,3.20633233,3.19123627
183.86691900000002,0.000184629474,1.19984383,3.20551209,3.19202083
183.966919,0.000324540355,1.19997245,3.20479498,3.19280534
184.066919,0.000205508686,1.19988259,3.20410705,3.19341724
184.166919,0.00020796439,1.19990798,3.20356324,3.19401711
184.266919,0.000192873837,1.19995258,3.20306969,3.19449609
184.366919,8.86559738e-05,1.19988207,3.20259855,3.19493113
184.466919,0.000237644092,1.20000831,3.20219557,3.19540259
184.566919,0.000129969232,1.19991751,3.20178653,3.19573622
184.66691899999998,0.000144979636,1.1999424,3.20148994,3.19608874
184.766919,0.000134117942,1.19998043,3.20121878,3.19634649
184.866919,2.7922907e-05,1.19990345,3.20094893,3.19657923
184.966919,0.00019177734,1.20003391,3.20072131,3.19687612
185.060969,0.000568876503,1.19573833,3.19687816,3.20060949
185.160969,0.0518090374,1.2011086,3.1637517,3.23456842
185.25491300000002,0.254237101,1.22956956,3.10153901,3.29725581
185.354913,0.483840994,1.204258,3.09951417,3.29989341
185.454913,0.617963088,1.2071971,3.09972582,3.29996728
185.554913,0.768882072,1.22612373,3.09972446,3.30004822
185.654913,0.962560379,1.21985047,3.09969333,3.29987344
185.754913,1.05224073,1.20208993,3.09980289,3.29991791
185.85491299999998,1.09669467,1.19945518,3.0997051,3.29996877
185.954913,1.12586385,1.20018445,3.0995837,3.29990942
186.054913,1.14655767,1.20069364,3.09968765,3.29956906
186.154913,1.16169433,1.20110742,3.10044908,3.2987019
186.254913,1.17250694,1.20121399,3.10207988,3.29684495
186.354913,1.18035237,1.20141088,3.10483889,3.29396421
186.454913,1.18602938,1.20172134,3.10857037,3.29008358
186.554913,1.18994511,1.20186877,3.11302772,3.28543147
186.654913,1.19291554,1.20216424,3.11803762,3.28035215
186.75491300000002,1.19488672,1.20222741,3.12326684,3.27493832
186.85491299999998,1.19633072,1.20229606,3.12866596,3.26946625
186.954913,1.19737751,1.20236609,3.1340574,3.26398489
187.054913,1.19794954,1.20220699,3.13930823,3.2586038
187.15491300000002,1.19852108,1.20217935,3.14440411,3.25350432
187.254913,1.19878953,1.20193778,3.14917161,3.24861738
187.354913,1.1990392,1.20173959,3.15369459,3.2440816
187.454913,1.19925552,1.20160604,3.15792825,3.23981455
187.554913,1.19924034,1.20132256,3.16184836,3.23581347
187.654913,1.1994076,1.20122914,3.16549262,3.23220863
187.75491300000002,1.19939729,1.20097537,3.16875806,3.22886108
187.854913,1.19946403,1.20079066,3.1717578,3.22587883
187.954913,1.19956595,1.20069513,3.17449519,3.22313497
188.054913,1.19947756,1.20047066,3.17697897,3.22059154
188.15491300000002,1.19959472,1.20045198,3.17926666,3.21836106
188.254913,1.19955448,1.20028015,3.18125924,3.21630125
188.354913,1.19960165,1.20017023,3.18306932,3.2145194
188.454913,1.19970003,1.20014327,3.18470067,3.21289188
188.554913,1.19960859,1.1999859,3.18617459,3.21136547
188.654913,1.19972157,1.20003275,3.18754529,3.21005821
188.754913,1.19967912,1.19992293,3.18870471,3.20883692
188.854913,1.19971912,1.19986637,3.18976006,3.20781276
188.95491299999998,1.19981675,1.19988425,3.19070274,3.20687786
189.054913,1.1997266,1.19976279,3.19155034,3.20597976
189.154913,1.1998328,1.19984816,3.19236844,3.20522722
189.25491300000002,1.19978563,1.19977365,3.1930301,3.20450575
189.35491299999998,1.19981621,1.19974502,3.19363785,3.20392952
189.454913,1.19991105,1.19978436,3.19417203,3.20340498
189.554913,1.1998152,1.19968201,3.1946553,3.20287143
189.654913,1.19991244,1.19978628,3.19515139,3.20244167
189.754913,1.19985941,1.1997286,3.19552254,3.20201172
189.854913,1.19988019,1.19971235,3.19587058,3.20169468
189.954913,1.19997377,1.19975854,3.19616366,3.2014124
190.048978,1.22351371,1.22884472,3.20075867,3.19701179
190.148978,1.11334085,1.07052287,3.15802845,3.2332932
190.242939,0.252932134,0.97876516,3.29913618,3.09550176
190.342939,0.0554545352,1.16414661,3.30055599,3.09966538
190.442939,0.0225283604,1.18665127,3.30049286,3.09969064
190.54293900000002,0.0123051586,1.19237614,3.30038739,3.09947202
190.642939,0.0109953744,1.19580084,3.30031239,3.09930435
190.742939,0.0128503825,1.19697293,3.30012519,3.09911997
190.842939,0.00999454727,1.19769466,3.29983143,3.0993049
190.942939,0.00867729184,1.19857774,3.29885351,3.10009157
191.042939,0.00798322611,1.19908511,3.29681026,3.10199246
191.14293899999998,0.00754498218,1.1995056,3.29354984,3.10514983
191.242939,0.00672162473,1.19957159,3.28924131,3.10923935
191.342939,0.00604017454,1.19976305,3.28436299,3.1140575
191.442939,0.00521303869,1.19982946,3.279084,3.11917376
191.542939,0.00446402728,1.1998419,3.27364024,3.12451277
191.642939,0.00403703164,1.19997126,3.2681251,3.12997652
191.74293899999998,0.00338744667,1.19983578,3.26263337,3.13530621
191.842939,0.00301623906,1.19990462,3.25737896,3.14055955
191.942939,0.00254596867,1.1998833,3.25231993,3.14551406
192.04293900000002,0.00213373672,1.19983296,3.24752313,3.15026027
192.14293899999998,0.00200721855,1.19992572,3.2429729,3.15481228
192.242939,0.00163532903,1.19977232,3.23868865,3.15898239
192.342939,0.00149971317,1.19983435,3.23481814,3.16289473
192.442939,0.00126815045,1.19981569,3.23122836,3.16641778
192.542939,0.00103824741,1.1997734,3.22796798,3.16965908
192.642939,0.00105180124,1.19988269,3.22497264,3.17268557
192.742939,0.00081043826,1.19973913,3.22219957,3.17536787
192.842939,0.000792305401,1.19981733,3.21978638,3.17784238
192.942939,0.000655714874,1.19981368,3.2175854,3.17999346
193.04293900000002,0.000498922395,1.19978015,3.2156278,3.18194391
193.14293899999998,0.000564832701,1.19990094,3.21385213,3.18376254
193.242939,0.000411863078,1.19977818,3.21217578,3.18535697
193.342939,0.000451760525,1.19985745,3.2107698,3.18683106
193.44293900000002,0.000384938485,1.19986076,3.20947795,3.18807916
193.542939,0.00025956074,1.1998252,3.20836243,3.18919076
193.642939,0.000352809365,1.19994942,3.20735288,3.1902478
193.742939,0.00022390115,1.19982883,3.20636529,3.19115628
193.842939,0.00029366145,1.19991057,3.20557245,3.19201941
193.942939,0.000251421088,1.19991168,3.20482989,3.19272067
194.042939,0.000131758981,1.19986933,3.20421494,3.19333186
194.142939,0.000222011592,1.19999001,3.20366252,3.19393387
194.24293899999998,0.000115767716,1.19987455,3.20306896,3.19444914
194.342939,0.000191135915,1.19994753,3.2026297,3.19495934
194.442939,0.000174555649,1.1999499,3.20219498,3.19535392
194.542939,6.27747665e-05,1.19990262,3.2018616,3.19568275
194.64293899999998,0.000160690485,1.20002154,3.2015635,3.19603167
194.742939,5.99854264e-05,1.19990416,3.20119714,3.1963199
194.842939,0.000140616887,1.19997373,3.20095894,3.19662897
194.942939,0.000132973636,1.19997694,3.20070431,3.19684465
195.037,-0.00448049907,1.19530385,3.20059416,3.19706927
195.137,0.015100547,1.19377358,3.18467579,3.21330339
195.230988,0.178921937,1.22481764,3.11194633,3.28693851
195.330988,0.41730383,1.21363816,3.09931846,3.29982717
195.430988,0.572463342,1.20801969,3.09964158,3.29992405
195.53098799999998,0.737452114,1.22564722,3.09973959,3.30006552
195.630988,0.945458779,1.21733477,3.09968683,3.29985128
195.730988,1.0442183,1.19906609,3.09985489,3.2999209
195.83098800000002,1.09151633,1.19735077,3.09976568,3.29998587
195.93098799999999,1.12196928,1.19857211,3.0995758,3.29990961
196.030988,1.14380951,1.19964702,3.09966022,3.2996908
196.130988,1.15957635,1.20027199,3.10024433,3.2989046
196.230988,1.17091725,1.20060497,3.10173471,3.29722647
196.330988,1.17929917,1.2010355,3.10434502,3.29450838
196.430988,1.18515947,1.20127123,3.10791142,3.2907165
196.530988,1.18947688,1.2016541,3.11234236,3.28619499
196.630988,1.19250508,1.20198654,3.11729634,3.28107892
196.730988,1.19453746,1.20216566,3.12258687,3.27564136
196.83098800000002,1.19613564,1.20239864,3.12802476,3.27014416
196.93098799999999,1.19709665,1.20232448,3.13337694,3.26462581
197.030988,1.19790043,1.20231069,3.1386671,3.2593098
197.130988,1.19842757,1.20222624,3.1437521,3.25413119
197.230988,1.19867832,1.20202642,3.14862313,3.24917888
197.330988,1.19900905,1.2019545,3.15322593,3.24457919
197.43098799999999,1.19908082,1.20165344,3.15744296,3.24025299
197.530988,1.19926357,1.20148241,3.16139519,3.2363248
197.63098799999997,1.19937132,1.2013012,3.16501751,3.23265388
197.730988,1.19933846,1.20105759,3.16837005,3.22925733
197.830988,1.19947031,1.20099596,3.17145863,3.22620413
197.930988,1.19941675,1.20073285,3.17417849,3.22340197
198.03098799999998,1.19951558,1.2006187,3.17668785,3.22093809
198.130988,1.19957641,1.20050414,3.17893458,3.21866174
198.230988,1.19951399,1.20033275,3.18099751,3.21656889
198.330988,1.19962498,1.2003519,3.18289419,3.21472005
198.43098799999999,1.19955896,1.20016779,3.18451153,3.21303022
198.530988,1.19964393,1.20012762,3.18601168,3.21158268
198.630988,1.1997039,1.20007453,3.18732372,3.21024812
198.730988,1.19964563,1.19995241,3.18852789,3.20901829
198.830988,1.19975084,1.20002812,3.18966402,3.20793449
198.930988,1.19967777,1.19989646,3.19059484,3.20693452
199.03098799999998,1.19975654,1.19989602,3.19146835,3.20611554
199.130988,1.19981668,1.19987632,3.19221032,3.20535395
199.230988,1.19975761,1.19977965,3.19289873,3.20464065
199.33098800000002,1.19985655,1.19988529,3.19358235,3.20401117
199.43098799999999,1.19977592,1.19978174,3.19410874,3.20341679
199.530988,1.19984164,1.1998059,3.1946226,3.20295763
199.630988,1.19989758,1.19980294,3.19503226,3.20252988
199.73098800000002,1.19983516,1.19971586,3.19541783,3.20211907
199.830988,1.19992954,1.19983335,3.19583509,3.20175686
199.930988,1.19984343,1.19974295,3.19612596,3.20139849
200.025,1.21924446,1.21951211,3.19687184,3.20112219
200.125,1.22614131,1.21313012,3.18674396,3.21008677
200.219,0.436429549,0.922253019,3.29813061,3.09337508
200.31900000000002,0.0775322902,1.14445282,3.30049521,3.09935681
200.41899999999998,0.0292704774,1.18439896,3.30051131,3.09971774
200.519,0.0164485333,1.19171679,3.30044123,3.09954916
200.619,0.013392836,1.19520386,3.30030643,3.09931306
200.71900000000002,0.0143201827,1.19677704,3.30019692,3.09915827
200.819,0.0109523049,1.19750372,3.29996253,3.09920724
200.919,0.00898080107,1.19830083,3.2992124,3.09974377
201.019,0.00788889605,1.19898774,3.29758327,3.10130531
201.119,0.00676382215,1.19930003,3.29470219,3.10397897
201.219,0.00582242861,1.19954857,3.29080409,3.1077725
201.31900000000002,0.00515882284,1.19979242,3.28608763,3.11236895
201.419,0.00443811661,1.19977364,3.28081686,3.11745265
201.519,0.0039767114,1.19993685,3.27537821,3.12285519
201.619,0.00336826367,1.19990153,3.26979741,3.12827149
201.719,0.00288034323,1.19990125,3.26430931,3.13370525
201.819,0.00261202127,1.19997561,3.25889569,3.13905608
201.91899999999998,0.00223037703,1.19984039,3.25361632,3.14420633
202.019,0.00207718195,1.19993272,3.24870428,3.1491396
202.119,0.00172987805,1.1998499,3.24404191,3.15369196
202.219,0.00144208719,1.19981914,3.23976492,3.157964
202.319,0.00132593542,1.19988101,3.23576008,3.16195268
202.419,0.00110841589,1.19975876,3.23198961,3.16563404
202.51899999999998,0.00109612215,1.19985412,3.2286431,3.16903625
202.619,0.000894942365,1.19979247,3.2255546,3.17204495
202.719,0.000717738714,1.19977659,3.22283302,3.17478559
202.81900000000002,0.000695780937,1.19985655,3.22032998,3.17729443
202.91899999999998,0.000554633111,1.19974924,3.21798518,3.17956684
203.019,0.000613018404,1.19985704,3.21597341,3.18164824
203.119,0.000479140518,1.19981504,3.21412809,3.18342605
203.219,0.000366530854,1.19980488,3.21253754,3.18504359
203.319,0.00039377249,1.19989209,3.21107847,3.1865166
203.419,0.000289713927,1.1997962,3.20969212,3.1878364
203.519,0.00038055296,1.19990236,3.20854081,3.18906214
203.619,0.000282091839,1.19986384,3.20747249,3.19006711
203.719,0.000187396088,1.19985372,3.20658985,3.19097885
203.81900000000002,0.000225924514,1.1999407,3.20577111,3.1918151
203.91899999999998,0.000123179911,1.19984475,3.20496432,3.19255671
204.019,0.000258674304,1.19995421,3.20430097,3.19329608
204.119,0.000180614928,1.19991144,3.20368112,3.19385426
204.21900000000002,0.000110451322,1.19989603,3.20319364,3.19437067
204.319,0.000154128147,1.19998013,3.2027448,3.19483892
204.419,5.46020445e-05,1.19988129,3.20226789,3.19525057
204.519,0.000195678514,1.19998807,3.20189707,3.19569798
204.619,0.000134217816,1.19994593,3.20153185,3.19600235
204.719,6.72682996e-05,1.19992471,3.20127536,3.19628709
204.819,0.000106810399,1.20000627,3.20104133,3.19654191
204.919,-7.64163712e-06,1.19990408,3.20076224,3.19675534
205.013,-0.00559935983,1.1945191,3.20061415,3.19677917
205.113,-0.00425326312,1.18883942,3.19521055,3.20238723
205.207,0.113996008,1.21805181,3.13532779,3.26378942
205.307,0.343235521,1.22659467,3.09936523,3.29953106
205.407,0.518161321,1.21182318,3.09955052,3.29991096
205.50699999999998,0.703958208,1.22619788,3.09969549,3.30004261
205.607,0.927183737,1.21427756,3.09967675,3.29982665
205.707,1.03617683,1.19566419,3.09993214,3.29994774
205.80700000000002,1.08613246,1.19478604,3.09979259,3.29996464
205.90699999999998,1.11801785,1.19693495,3.09961845,3.29994361
206.007,1.14094271,1.19856696,3.09962643,3.29976754
206.107,1.15743427,1.19930196,3.10006456,3.29907971
206.207,1.16953569,1.199955,3.1014306,3.29761178
206.307,1.17818293,1.20043738,3.10383706,3.29499705
206.407,1.18436048,1.20092005,3.10734512,3.29133694
206.507,1.18888881,1.20150714,3.11172395,3.2868388
206.607,1.1919633,1.20178204,3.11661504,3.28174124
206.707,1.1943062,1.20213887,3.12190742,3.27638782
206.80700000000002,1.19587409,1.20229286,3.12729835,3.27083875
206.90699999999998,1.19693889,1.20234321,3.13273299,3.26531047
207.007,1.19777959,1.20244707,3.13809276,3.25989782
207.107,1.19819866,1.20225818,3.14319386,3.25465915
207.20700000000002,1.19865492,1.20218756,3.14809756,3.24976145
207.307,1.19890046,1.20197944,3.15265854,3.24510666
207.407,1.19904276,1.2017457,3.15695459,3.24077424
207.507,1.19924359,1.20165397,3.16097897,3.23674947
207.607,1.19920593,1.20136366,3.16464215,3.23299375
207.707,1.1993502,1.20124642,3.16803644,3.22964372
207.80700000000002,1.19939035,1.20103471,3.17106838,3.22655125
207.907,1.19939917,1.20082254,3.17385313,3.22375649
208.007,1.19951565,1.20077696,3.17642169,3.22121091
208.107,1.19942283,1.20055152,3.17870536,3.21885326
208.207,1.1995308,1.20050761,3.18080392,3.21681385
208.307,1.19955062,1.20037359,3.1826292,3.21494101
208.40699999999998,1.19954934,1.20022999,3.18429085,3.21327828
208.507,1.19966378,1.20024987,3.18582695,3.21177389
208.607,1.19956207,1.20009489,3.18718148,3.21035167
208.707,1.19966759,1.2001085,3.18842389,3.2091733
208.807,1.19968253,1.20003318,3.18948043,3.20807401
208.907,1.19967678,1.19993551,3.19043991,3.20711571
209.00699999999998,1.19979092,1.19999517,3.19133909,3.20625161
209.107,1.19968426,1.19987941,3.19212585,3.2053991
209.207,1.19977808,1.19993041,3.19286391,3.20472646
209.30700000000002,1.19978617,1.1998873,3.19346269,3.20408698
209.40699999999998,1.19977103,1.199813,3.19400807,3.20354282
209.507,1.19988493,1.19988776,3.19452563,3.20306194
209.607,1.19977478,1.19978895,3.19497568,3.20254662
209.70700000000002,1.19985639,1.19985967,3.19542253,3.20216546
209.807,1.19985641,1.19983397,3.19575764,3.20179082
209.907,1.19983768,1.19976549,3.19605528,3.20149374
210.0014,1.20187062,1.2017691,3.19680627,3.20172296
210.101,1.23398139,1.23805986,3.1999032,3.19777803
210.2,0.673121842,0.945347851,3.29683237,3.09258635
210.295,0.125903744,1.09712174,3.30021372,3.09840201
210.395,0.0399094376,1.17977625,3.30056933,3.09975897
210.495,0.0225780287,1.19069593,3.30046399,3.09960211
210.595,0.0178614849,1.19448077,3.30033587,3.09936303
210.695,0.0163321415,1.19608345,3.30025011,3.09919505
210.79500000000002,0.0121565655,1.19713827,3.30004744,3.09912057
210.895,0.00973010169,1.19811866,3.29957631,3.09948698
210.995,0.00798486912,1.19877638,3.2982929,3.10061047
211.095,0.00652925923,1.19913706,3.29588433,3.10284416
211.195,0.00559543553,1.1995537,3.29238449,3.10627462
211.295,0.00457805766,1.19965303,3.28791784,3.11053016
211.39499999999998,0.0038807055,1.19980156,3.28290162,3.11547387
211.495,0.00335054702,1.19992217,3.27748302,3.12076165
211.595,0.00285531539,1.19989159,3.27186454,3.12623833
211.695,0.00268735365,1.20001762,3.26624778,3.13182983
211.795,0.00225175998,1.19990027,3.26070072,3.1372187
211.895,0.00197803032,1.19990643,3.25542182,3.14248199
211.99499999999998,0.00174565607,1.1999262,3.2503585,3.14747301
212.095,0.00144383323,1.19982721,3.24555848,3.1521864
212.195,0.00145693544,1.19993487,3.24107627,3.15669719
212.29500000000002,0.00118547963,1.19980569,3.23688804,3.16077567
212.39499999999998,0.00104376596,1.19980814,3.23312012,3.16456992
212.495,0.000919967007,1.19983808,3.22965514,3.16800058
212.595,0.000702897579,1.19975301,3.22647903,3.17112066
212.69500000000002,0.000788639522,1.19988357,3.22360292,3.17405308
212.795,0.000615018887,1.19977445,3.22094252,3.17662632
212.895,0.000544007747,1.19979263,3.21864084,3.17897227
212.995,0.000491415076,1.19983919,3.21654967,3.18104506
213.095,0.000329516139,1.19976558,3.21465322,3.18289657
213.195,0.000462402675,1.19990746,3.21295936,3.18465712
213.29500000000002,0.000334037201,1.19980959,3.2113807,3.18615703
213.395,0.000306483649,1.19983285,3.21005809,3.18752955
213.495,0.000285047653,1.19988396,3.2088624,3.18871296
213.595,0.000145177136,1.19981501,3.20777898,3.18975465
213.69500000000002,0.00028415436,1.19995524,3.20682365,3.19078023
213.795,0.000187919341,1.19986282,3.20589302,3.19163506
213.895,0.000183898432,1.19988619,3.20515247,3.19242689
213.995,0.000178578876,1.19993225,3.20447959,3.19309007
214.095,4.47218735e-05,1.19985687,3.20386821,3.19365968
214.195,0.000194484771,1.19999994,3.2033385,3.19426138
214.295,0.000117295237,1.199906,3.20277755,3.19474769
214.395,0.000115296723,1.19992221,3.20237445,3.19520199
214.49499999999998,0.000129339503,1.19997077,3.20199704,3.19557125
214.595,-3.7932274e-06,1.19988791,3.20165401,3.1958718
214.695,0.000138256026,1.20002434,3.20137127,3.19622729
214.79500000000002,8.2028288e-05,1.19993586,3.20101721,3.19650732
214.89499999999998,8.18883689e-05,1.19994803,3.20080501,3.19677045
214.995,0.000103231231,1.19999488,3.20059576,3.1969726
215.089,-0.00928759966,1.18957096,3.19952839,3.19789144
215.18900000000002,0.0640457196,1.20678111,3.15889838,3.23965268
215.28300000000002,0.26694286,1.22775294,3.10085794,3.29801873
215.38299999999998,0.459038095,1.2198303,3.09945617,3.29989102
215.483,0.666295404,1.22788484,3.09959381,3.29997242
215.583,0.903247825,1.2133646,3.09969356,3.29984941
215.68300000000002,1.02635572,1.19287653,3.09996174,3.29993683
215.783,1.08033325,1.19211139,3.09983338,3.29995519
215.883,1.11414678,1.19505682,3.09967429,3.29997881
215.983,1.13801118,1.19704606,3.09957773,3.29980487
216.083,1.15533998,1.19831464,3.09995025,3.29927584
216.183,1.16795401,1.19926651,3.10112789,3.29793317
216.28300000000002,1.17691546,1.19989335,3.10337514,3.29546675
216.383,1.1835762,1.20062229,3.10677819,3.29196923
216.483,1.18822768,1.20111396,3.11100679,3.28752694
216.583,1.19158662,1.20158203,3.11590405,3.28251756
216.68300000000002,1.19401243,1.20202798,3.12118049,3.27711963
216.783,1.1955438,1.20220154,3.12661914,3.27151211
216.883,1.19679478,1.20243533,3.13211298,3.2659826
216.983,1.19755664,1.20238328,3.13741519,3.26053382
217.083,1.198139,1.20230001,3.14256846,3.25533728
217.183,1.19860314,1.20224099,3.14748861,3.25036544
217.283,1.19875064,1.20199835,3.1521329,3.24561745
217.383,1.19901137,1.20193317,3.15653507,3.24123884
217.48299999999998,1.19908873,1.20167099,3.16051579,3.23716478
217.583,1.19919671,1.20145205,3.1642119,3.23347042
217.683,1.19934346,1.20131848,3.16760505,3.23006602
217.78300000000002,1.19927925,1.20105122,3.17070959,3.22689102
217.88299999999998,1.19939315,1.20100783,3.1736074,3.22404491
217.983,1.19937371,1.20079822,3.17613441,3.22144812
218.083,1.19941786,1.20064158,3.17844105,3.21916125
218.183,1.19953101,1.20057429,3.18051933,3.2170881
218.283,1.19945391,1.20036919,3.18238913,3.21516009
218.383,1.19955184,1.20040057,3.1841648,3.21344648
218.483,1.19952019,1.20026876,3.18566547,3.21188476
218.583,1.19955428,1.20017803,3.18702697,3.21054856
218.683,1.1996675,1.20016691,3.18823603,3.20935077
218.78300000000002,1.19959237,1.20000907,3.18931356,3.20821875
218.88299999999998,1.19968955,1.20008567,3.19037738,3.20722052
218.983,1.19964775,1.20000598,3.19125139,3.20628866
219.083,1.1996716,1.19995555,3.19204157,3.20552496
219.18300000000002,1.19978116,1.19997695,3.19272944,3.20485092
219.283,1.19970162,1.19984506,3.19333639,3.2041903
219.383,1.19979264,1.19994503,3.19397997,3.20361352
219.483,1.19974488,1.19988935,3.19447967,3.20305739
219.583,1.1997604,1.19985668,3.19493249,3.20263078
219.683,1.19986423,1.1998952,3.1953182,3.20226032
219.78300000000002,1.19977939,1.1997753,3.1956513,3.20187342
219.883,1.19986925,1.19988165,3.19604414,3.20154785
219.983,1.19981202,1.19984286,3.19633518,3.20120119
220.076943,1.23279113,1.23494084,3.19840933,3.19944916
220.176943,1.03425371,1.08015266,3.22674247,3.16501337
220.27100000000002,0.283661356,1.00413734,3.29912674,3.09577744
220.371,0.0634436729,1.16369195,3.30054691,3.09957985
220.471,0.0318001089,1.18803877,3.30048741,3.09966023
220.571,0.0240497149,1.19321709,3.30040003,3.09946277
220.671,0.0180460808,1.19523326,3.30027287,3.09923451
220.77100000000002,0.0139411496,1.19673739,3.30015297,3.09912164
220.87099999999998,0.0111168808,1.19785216,3.29986861,3.09927758
220.971,0.0087027013,1.19841982,3.29895163,3.09996294
221.071,0.00693245283,1.19899111,3.29713383,3.1017126
221.171,0.00551471827,1.19936552,3.29411207,3.10455982
221.271,0.00439605124,1.19957142,3.29008115,3.10845023
221.371,0.00375681248,1.19984455,3.28530092,3.1131512
221.471,0.00314355214,1.19983155,3.279935,3.11831402
221.571,0.00279860232,1.19993948,3.27439768,3.12380898
221.671,0.00243156009,1.19996417,3.26874501,3.12932458
221.77100000000002,0.00203059514,1.19990827,3.26318062,3.13479536
221.87099999999998,0.00187990289,1.20000257,3.25777259,3.1401799
221.971,0.00160116169,1.19987085,3.25247603,3.14533206
222.071,0.00149734169,1.19990226,3.24755435,3.15026882
222.17100000000002,0.00130934755,1.19988395,3.24292212,3.15481958
222.271,0.00104641991,1.19980632,3.23865821,3.15903928
222.371,0.00101231806,1.19990266,3.23473116,3.16298918
222.471,0.000815058175,1.19977926,3.23102534,3.1665911
222.571,0.00080705098,1.1998201,3.22771882,3.16994642
222.671,0.000703317529,1.19982187,3.22470879,3.17290471
222.77100000000002,0.000508065417,1.1997602,3.22202776,3.17556462
222.871,0.000528509183,1.19987291,3.21961917,3.17801693
222.971,0.0003698629,1.19976901,3.21735421,3.18019483
223.071,0.000442012852,1.1998321,3.21535907,3.18225196
223.17100000000002,0.000395783033,1.19984285,3.21356771,3.18400311
223.271,0.000251141138,1.19979009,3.21200684,3.18555024
223.371,0.000302002304,1.19990953,3.21063222,3.18697641
223.471,0.000169953942,1.19981247,3.20930611,3.18822115
223.571,0.000265944741,1.19987837,3.20815704,3.18943635
223.671,0.00025287832,1.19989665,3.20712482,3.19043293
223.771,0.000124393549,1.19983953,3.20624778,3.19129764
223.871,0.00018437938,1.19995789,3.20549471,3.19210531
223.97099999999998,4.40299464e-05,1.19985513,3.20473373,3.19278671
224.071,0.000166928535,1.19992821,3.20407219,3.1935155
224.171,0.000172161217,1.19994106,3.20347267,3.1940813
224.27100000000002,5.66445181e-05,1.19988143,3.2029866,3.19455473
224.37099999999998,0.000127229439,1.19999745,3.20258484,3.19501259
224.471,-5.83225094e-06,1.19989245,3.20213881,3.1953796
224.571,0.000121454571,1.19996126,3.20175802,3.19582765
224.671,0.000133136911,1.19997163,3.20140885,3.19614435
224.771,2.59138658e-05,1.19990856,3.20114265,3.19639703
224.871,9.54184751e-05,1.20002192,3.20094491,3.19665178
224.971,-3.64640002e-05,1.19991336,3.20067692,3.19684048
225.064904,-0.00972636707,1.19301545,3.20268048,3.19485685
225.16490399999998,0.0249725072,1.19926064,3.18127373,3.21691571
225.259,0.202570098,1.22255502,3.10631265,3.29251179
225.359,0.397236472,1.22563487,3.09944894,3.29982022
225.459,0.625801308,1.23444302,3.09950871,3.29992242
225.559,0.870270659,1.21669502,3.09966796,3.29986143
225.659,1.01365444,1.19116632,3.09994167,3.29989656
225.75900000000001,1.07405565,1.1893479,3.09991319,3.29998325
225.859,1.10978599,1.19291319,3.09970228,3.29997521
225.959,1.13473644,1.19555844,3.09957109,3.29985688
226.059,1.15298565,1.19737876,3.09984675,3.29944427
226.15900000000002,1.16612309,1.19838045,3.10080975,3.29823292
226.259,1.17576564,1.19924319,3.10290736,3.29601843
226.359,1.18270573,1.20002605,3.1061104,3.2926371
226.459,1.18753601,1.20065372,3.11027685,3.2882829
226.559,1.19112271,1.20137779,3.11517507,3.2832953
226.659,1.19350116,1.20175781,3.12040959,3.27785792
226.759,1.19530804,1.20207458,3.12585888,3.2723407
226.859,1.1965841,1.20225713,3.13130473,3.26677687
226.95899999999997,1.1973548,1.20223233,3.13667354,3.26128748
227.059,1.19803489,1.20232831,3.14193309,3.25600937
227.159,1.1983358,1.20216646,3.1468936,3.25091679
227.25900000000001,1.198666,1.20203984,3.15158581,3.24622222
227.35899999999998,1.19891191,1.20187638,3.15593552,3.2418161
227.459,1.19896997,1.20159597,3.15998104,3.23770351
227.559,1.19916016,1.20152345,3.16378308,3.23393048
227.659,1.19912243,1.20127558,3.1672262,3.23039643
227.759,1.19921551,1.20112491,3.17038561,3.22726819
227.859,1.19930736,1.2009758,3.17321631,3.2244106
227.959,1.19926958,1.20072763,3.17578109,3.22180178
228.059,1.1994032,1.20070312,3.17816964,3.21946226
228.159,1.19932367,1.20052622,3.18029845,3.21725884
228.25900000000001,1.19938698,1.20045014,3.18223145,3.21536925
228.35899999999998,1.19946575,1.20037397,3.18392091,3.21366425
228.459,1.19942025,1.20019164,3.18543277,3.21211595
228.559,1.1995519,1.20022719,3.18685619,3.2107487
228.65900000000002,1.19947214,1.20010855,3.18810893,3.20942716
228.759,1.19952226,1.20009369,3.18926196,3.20832116
228.859,1.19959629,1.20006945,3.19023669,3.20733523
228.959,1.19954797,1.19992648,3.19109507,3.20644232
229.05900000000003,1.19967655,1.19999712,3.19193056,3.2056656
229.159,1.19960067,1.19990474,3.19264531,3.20488412
229.25900000000001,1.19963452,1.19992724,3.19334071,3.20423644
229.359,1.19969903,1.19993435,3.19389796,3.20366999
229.459,1.19964099,1.19981421,3.19437691,3.20315655
229.559,1.19976601,1.19989964,3.194864,3.20272934
229.659,1.19968725,1.1998215,3.19526744,3.20226002
229.75900000000001,1.19971369,1.19985626,3.19568705,3.20188787
229.85899999999998,1.19977097,1.19987928,3.19600229,3.2015647
229.959,1.19970818,1.19976656,3.19625682,3.20127511
230.052906,1.22861398,1.22758761,3.1958481,3.20203591
230.152906,1.20999498,1.20634456,3.19290149,3.20258853
230.247,0.703712116,0.91190318,3.29644891,3.09665681
230.34699999999998,0.22499976,1.02220983,3.29961792,3.09712112
230.447,0.062114825,1.16237446,3.30048025,3.09970255
230.547,0.0343898877,1.18439247,3.3004593,3.09971288
230.647,0.0245178821,1.19018079,3.30031899,3.0994316
230.74699999999999,0.0186144925,1.19345891,3.30026414,3.09926624
230.847,0.0140458148,1.19547987,3.30010739,3.09913777
230.947,0.0105504389,1.19687463,3.2997613,3.09933236
231.047,0.00804396143,1.19795315,3.29878998,3.10018054
231.147,0.00606657513,1.19855526,3.29674999,3.10201135
231.247,0.0049221308,1.19917357,3.29361589,3.10508623
231.34699999999998,0.00393760113,1.19946188,3.28940515,3.10910226
231.447,0.00320019918,1.19964887,3.28451626,3.1138828
231.547,0.00275715445,1.19985965,3.27917071,3.11913209
231.64700000000002,0.0022609355,1.19982038,3.27353169,3.12458969
231.74699999999999,0.00213928531,1.19997614,3.26788124,3.13021956
231.847,0.00188291358,1.19993653,3.26223064,3.13572596
231.947,0.00159967934,1.19988915,3.25683471,3.14106947
232.04700000000003,0.00145633947,1.19995075,3.25168157,3.14618641
232.147,0.00115155061,1.19981675,3.24675356,3.15099116
232.247,0.00116974089,1.19991854,3.2421809,3.15559805
232.347,0.00103012163,1.19985388,3.23786857,3.15981761
232.447,0.000850163135,1.19979866,3.23398411,3.16369352
232.547,0.000783104467,1.19986298,3.23044605,3.16723563
232.647,0.000542114365,1.1997405,3.22716668,3.17042502
232.747,0.000603440917,1.19985623,3.22423511,3.17341926
232.84699999999998,0.000549436678,1.19981854,3.22148782,3.17609831
232.947,0.00043424216,1.19977891,3.21910162,3.17849464
233.047,0.000422395374,1.19985731,3.21697687,3.18064007
233.147,0.000223459726,1.19974941,3.21501895,3.1825205
233.24699999999999,0.000323506661,1.19987696,3.21330397,3.18430847
233.347,0.000309186472,1.19985113,3.2116689,3.18588459
233.447,0.000223325484,1.19981577,3.21029624,3.18727303
233.547,0.000243447175,1.19990402,3.20909247,3.18850399
233.647,6.63028596e-05,1.19979648,3.20796448,3.18955819
233.747,0.000175671289,1.1999176,3.2069999,3.19059875
233.84699999999998,0.000192094851,1.19990499,3.20603762,3.19150588
233.947,0.000124333829,1.19986477,3.20526231,3.19229783
234.047,0.000159778636,1.1999507,3.20459804,3.19299219
234.14700000000002,-1.35951546e-05,1.19984187,3.20396034,3.19355696
234.24699999999999,9.12515414e-05,1.19995867,3.2034372,3.19415678
234.347,0.00011293575,1.19995198,3.20286941,3.19467145
234.447,7.74536081e-05,1.1999068,3.20241567,3.19514124
234.547,0.000122934748,1.19998764,3.20205577,3.19553287
234.647,-4.29488921e-05,1.19987412,3.20169037,3.19582517
234.747,6.0622068e-05,1.19998724,3.2014171,3.19617528
234.847,8.69470989e-05,1.1999807,3.20107058,3.19646971
234.947,5.46987605e-05,1.19993232,3.20081119,3.1967443
235.040941,-0.0129675424,1.19103733,3.20370684,3.19377641
235.140941,0.00104907937,1.19330817,3.19457964,3.20328693
235.235,0.163969221,1.22305194,3.11530545,3.28344301
235.335,0.366921329,1.22716368,3.09946314,3.29971739
235.435,0.599228699,1.2364374,3.09954306,3.29994431
235.535,0.836831596,1.2188497,3.09960541,3.2998406
235.63500000000002,0.998546299,1.18957146,3.0999279,3.29989544
235.735,1.06658378,1.18607289,3.09994941,3.29998998
235.835,1.10462933,1.19001568,3.09971262,3.29995919
235.935,1.13111076,1.19343297,3.09960268,3.29991297
236.035,1.15015987,1.19561408,3.09975727,3.29952028
236.135,1.16389404,1.19710388,3.10064075,3.29844993
236.23499999999999,1.17396247,1.19843001,3.10262548,3.29633521
236.335,1.18104873,1.19936354,3.10572529,3.29299912
236.435,1.18630081,1.20030412,3.10987705,3.28875145
236.535,1.19002379,1.20097373,3.11465903,3.28378436
236.635,1.19260966,1.20145145,3.11989248,3.27840994
236.735,1.19455729,1.20194916,3.12537571,3.27284717
236.83499999999998,1.19574011,1.20211079,3.13085712,3.26719096
236.935,1.19671069,1.20231491,3.13631618,3.26170374
237.035,1.1973689,1.20229107,3.14149574,3.2564115
237.13500000000002,1.19778865,1.20213242,3.14644474,3.25139196
237.23499999999999,1.19821213,1.20209453,3.15116342,3.24666172
237.335,1.19832654,1.20184159,3.15554893,3.24216377
237.435,1.19853305,1.20176252,3.15971086,3.23802856
237.535,1.19865267,1.20157105,3.16345904,3.23421617
237.635,1.19870789,1.20130667,3.16688309,3.23076155
237.735,1.19889392,1.2012098,3.17004266,3.22762583
237.835,1.19884843,1.20094631,3.1728967,3.22468876
237.935,1.19894595,1.20088921,3.17558149,3.22205468
238.035,1.19898135,1.20076364,3.17794531,3.21964724
238.13500000000002,1.19898369,1.20056687,3.18005037,3.21752671
238.23499999999999,1.19914315,1.2005347,3.18196661,3.21564804
238.335,1.19908431,1.20033352,3.18366596,3.21387638
238.43499999999997,1.19916879,1.2003394,3.18529571,3.21230566
238.535,1.19919259,1.20028161,3.18670217,3.21086333
238.635,1.19918334,1.20014599,3.18793341,3.20962111
238.735,1.19933652,1.2001678,3.18905216,3.20854493
238.835,1.19927363,1.20001256,3.19002583,3.20750243
238.935,1.19935433,1.20005474,3.19099646,3.20659335
239.03500000000003,1.19936413,1.20004398,3.1918286,3.20572845
239.135,1.19934283,1.19994408,3.19253472,3.20501214
239.23499999999999,1.19948932,1.19999485,3.19317585,3.20441562
239.33499999999998,1.19942173,1.1998627,3.19371694,3.20380682
239.435,1.1994955,1.19992242,3.19429911,3.2032867
239.535,1.19949442,1.19993616,3.19479392,3.20276072
239.63500000000002,1.19945999,1.19985603,3.19519657,3.20234745
239.735,1.19959875,1.19992218,3.19556077,3.20202897
239.83499999999998,1.19952694,1.19980045,3.1958486,3.20167373
239.93499999999997,1.19960089,1.19986076,3.19619432,3.20138995
240.02899899999997,1.22147036,1.22008238,3.19541117,3.20249276
240.128999,1.23261983,1.2403184,3.20218682,3.1950725
240.22299999999998,0.990142398,0.697572691,3.094098,3.29777087
240.323,1.09119074,0.190565349,3.09812156,3.30002841
240.423,1.17380489,0.069680817,3.09961471,3.30050533
240.52300000000002,1.18854392,0.0412418407,3.09954138,3.30041857
240.62300000000002,1.19292958,0.0294896144,3.09936037,3.30034181
240.72299999999998,1.19524392,0.0219363156,3.09919046,3.30024642
240.82299999999998,1.19659848,0.0162009433,3.09910427,3.30008215
240.923,1.19772962,0.0121246077,3.09938233,3.29971456
241.023,1.19838518,0.00892303491,3.10025652,3.29862553
241.12300000000002,1.19897637,0.00678306942,3.10221692,3.29658467
241.223,1.19942245,0.00536484977,3.10529396,3.2933745
241.32300000000004,1.19956355,0.00422150925,3.10933719,3.28914919
241.42299999999997,1.19982471,0.00359247908,3.11415899,3.28426868
241.523,1.19983365,0.00291467472,3.11934582,3.27888543
241.623,1.19992823,0.00249971986,3.12482565,3.27334762
241.723,1.20001113,0.00225883584,3.13038804,3.26768908
241.823,1.19989519,0.00191277568,3.13588158,3.26206139
241.923,1.1999773,0.00181113198,3.14126862,3.25667118
242.02300000000002,1.19986305,0.00147980875,3.14632066,3.25148069
242.123,1.19988315,0.00128197717,3.15113318,3.24666636
242.22299999999998,1.19993037,0.00120661961,3.15567257,3.24208629
242.32299999999998,1.19979397,0.000985276094,3.15988237,3.23779187
242.423,1.19987521,0.00099417775,3.16381098,3.23390499
242.523,1.19977596,0.000783032748,3.16731345,3.23030316
242.62300000000002,1.19979871,0.000637559348,3.17050612,3.22714073
242.723,1.19986926,0.000628122773,3.17344538,3.22418983
242.82299999999998,1.199754,0.000470693804,3.17610585,3.22146811
242.92299999999997,1.19985394,0.000548719922,3.17856276,3.21907281
243.023,1.19977989,0.000414034487,3.18068064,3.21687224
243.123,1.19980239,0.000315414737,3.18258017,3.21501394
243.223,1.19988983,0.000331313224,3.18430129,3.21329288
243.323,1.19978571,0.000208672903,3.18585812,3.21168254
243.42300000000003,1.19989303,0.00032092767,3.18731315,3.21029629
243.52299999999997,1.19982514,0.000219012837,3.1885228,3.20900971
243.623,1.19984896,0.000144801152,3.18959892,3.20797794
243.72299999999998,1.19993963,0.000182582806,3.19057712,3.20700424
243.823,1.19983799,7.6279901e-05,3.19146301,3.20606694
243.923,1.1999438,0.000211418776,3.19232532,3.20527592
244.02300000000002,1.19987428,0.000130088984,3.19300303,3.20452336
244.12300000000002,1.19989068,8.12503745e-05,3.193611,3.20395984
244.22299999999998,1.19998074,0.00011089021,3.19414201,3.20343552
244.32299999999998,1.19987874,3.97433367e-06,3.1946339,3.20289246
244.423,1.19998353,0.000152627261,3.19515691,3.20244178
244.523,1.19991136,8.21254469e-05,3.19553164,3.20199315
244.62300000000002,1.19992267,3.7505386e-05,3.19586606,3.2017025
244.723,1.20001154,7.18737758e-05,3.19615193,3.20142472
244.823,1.19990783,-2.8573196e-05,3.19642678,3.20109821
244.92299999999997,1.20000881,0.000121794583,3.19675509,3.20084283
245.01699999999997,1.19475788,-0.00529732663,3.19677717,3.20070696
245.117,1.1879125,-0.00911119167,3.19928645,3.19837874
245.21099999999998,1.21936724,0.111290006,3.26152353,3.13724947
245.31099999999998,1.22163477,0.295309049,3.29896845,3.10008176
245.411,1.23824619,0.518215708,3.29999413,3.09949313
245.511,1.23338995,0.770159163,3.29984081,3.09954875
245.61100000000002,1.19908122,0.968033585,3.29987244,3.09986095
245.711,1.1869056,1.05323197,3.29994657,3.09995812
245.81099999999998,1.18906637,1.09641939,3.29998125,3.09979468
245.91099999999997,1.19212983,1.12544701,3.29995434,3.09962224
246.011,1.19406234,1.1461997,3.29968781,3.09962265
246.111,1.19563031,1.16143549,3.29894021,3.1002545
246.211,1.19680924,1.17233905,3.29716549,3.10179963
246.311,1.19791659,1.18015763,3.2942373,3.10457919
246.41100000000003,1.19898267,1.18585925,3.29022377,3.10844992
246.51099999999997,1.19969732,1.18978925,3.28537962,3.11308175
246.611,1.20045425,1.19276412,3.28009825,3.11829036
246.71099999999998,1.20091575,1.19476485,3.27449713,3.12371034
246.811,1.20128872,1.19613748,3.26881631,3.12929886
246.911,1.20161501,1.19715925,3.26319428,3.13484452
247.01100000000002,1.20160146,1.19771617,3.25774107,3.1401572
247.11100000000002,1.20166897,1.1982901,3.25262782,3.14526992
247.21099999999998,1.20152666,1.19860527,3.24776055,3.15002719
247.31099999999998,1.20140488,1.19880675,3.24319066,3.15456906
247.411,1.20137344,1.19900978,3.23891762,3.15882463
247.511,1.20112338,1.1989924,3.23496171,3.16269055
247.61100000000002,1.20104141,1.19917028,3.23143299,3.16626196
247.711,1.20081904,1.19921655,3.2281765,3.16944604
247.811,1.20064842,1.19925395,3.22521941,3.17240535
247.91099999999997,1.20061769,1.19934976,3.22249444,3.17513949
248.011,1.20040685,1.19925523,3.21999734,3.17756735
248.111,1.20038084,1.19938029,3.2178415,3.17978284
248.21099999999998,1.20021807,1.19939855,3.2158747,3.18169177
248.311,1.20009949,1.19942436,3.21412042,3.18345861
248.411,1.20012669,1.19951488,3.21249535,3.18510281
248.51100000000002,1.19997725,1.19941298,3.21099448,3.18654138
248.61099999999996,1.20001116,1.19952861,3.20974145,3.18785975
248.71099999999998,1.19990934,1.19953437,3.20858685,3.1889617
248.81099999999998,1.19982519,1.19956266,3.20759411,3.18996975
248.911,1.19988635,1.19965676,3.20665435,3.1909325
249.011,1.19977494,1.19954903,3.20575684,3.19176968
249.11100000000002,1.19984617,1.19965262,3.20503987,3.19255376
249.211,1.19978109,1.19964545,3.20436436,3.19317874
249.31099999999998,1.19971451,1.1996685,3.20381882,3.19373977
249.41099999999997,1.19978839,1.19976488,3.20328807,3.19429533
249.511,1.1996931,1.19965261,3.20274666,3.19477678
249.611,1.19978298,1.19974513,3.20234029,3.19525078
249.711,1.19973488,1.19973067,3.20194581,3.19559586
249.811,1.19967748,1.19974606,3.2016552,3.19590133
249.91100000000003,1.19975942,1.19983884,3.20135606,3.19622642
250.00500000000002,1.20602781,1.20609542,3.20150977,3.19693404
250.10499999999996,1.23408306,1.23467717,3.20130002,3.19638808
250.2006,0.958523383,0.691590518,3.09273146,3.29662675
250.29899999999998,1.09684518,0.13123846,3.09839162,3.30021319
250.399,1.18021698,0.0456059965,3.09976227,3.30056544
250.499,1.19077039,0.0319165035,3.09957407,3.30043858
250.59900000000002,1.19382718,0.0236439348,3.09936465,3.30035097
250.699,1.19578021,0.0183211908,3.0991573,3.30021292
250.79900000000004,1.19711773,0.014518202,3.09914974,3.30008369
250.89899999999997,1.19800598,0.0114038524,3.09945606,3.29958517
250.999,1.19856526,0.00890141708,3.10052065,3.29835671
251.099,1.1991427,0.00716962609,3.10270338,3.29609456
251.199,1.19937895,0.00563851449,3.10593261,3.29265244
251.299,1.19965812,0.00460852495,3.11015414,3.28836832
251.399,1.19982176,0.0037880343,3.1149778,3.28339066
251.49900000000002,1.19983468,0.0031694737,3.12024988,3.27797755
251.599,1.19999543,0.0029263548,3.12579342,3.2723832
251.69899999999998,1.19990599,0.00248069411,3.1312924,3.26671068
251.79899999999998,1.19995445,0.00222014238,3.13676485,3.26122473
251.899,1.19994112,0.00187364887,3.14198159,3.25591026
251.999,1.19985014,0.00156954685,3.1470209,3.25078724
252.09900000000002,1.19994811,0.00156508434,3.1518706,3.2459438
252.199,1.1998233,0.00130561642,3.15631545,3.24137869
252.29899999999998,1.19985565,0.00119271681,3.16047952,3.23724906
252.39899999999997,1.19984375,0.000970566681,3.16422049,3.23345454
252.499,1.19976204,0.000764617183,3.16769868,3.2299298
252.599,1.1998758,0.000846577172,3.1709601,3.22670753
252.699,1.19976901,0.000679458226,3.17383682,3.22373784
252.799,1.19982014,0.000640674776,3.17646857,3.22116328
252.89900000000003,1.19982269,0.000501364003,3.17876091,3.21883633
252.99899999999997,1.1997579,0.000340976917,3.18085232,3.21671291
253.099,1.19988804,0.000470268455,3.18282963,3.21478805
253.19899999999998,1.1997941,0.000359052072,3.1845316,3.21300316
253.299,1.19985578,0.000376647839,3.18608984,3.21150952
253.399,1.19986131,0.000289719884,3.18740866,3.21016343
253.49900000000002,1.19979746,0.000127919611,3.18857924,3.20896508
253.59900000000002,1.19993568,0.000276301614,3.18973723,3.20786452
253.69899999999998,1.19984507,0.000190472154,3.19071003,3.2068121
253.79899999999998,1.19990604,0.000232724122,3.19161589,3.20597282
253.899,1.19991232,0.000168406881,3.19234835,3.20521627
253.999,1.19984484,1.91775672e-05,3.19298956,3.20454783
254.09900000000002,1.19997969,0.000172132036,3.19366925,3.20392772
254.199,1.19989047,0.000108802186,3.19422486,3.20329342
254.299,1.19994695,0.00016533055,3.19475668,3.20282833
254.39899999999997,1.19995473,0.00013555857,3.19516763,3.20239493
254.499,1.19987569,-3.14331906e-05,3.19549176,3.20204304
254.599,1.20001163,0.000117828297,3.19589092,3.20170459
254.69899999999998,1.19992172,6.19822697e-05,3.1962064,3.20131076
254.799,1.1999744,0.000123870874,3.196525,3.20105848
254.899,1.19998139,0.000100999969,3.19674588,3.20081648
254.9985,1.19988675,-7.71305856e-05,3.19689223,3.2006309
255.09300000000002,1.1880171,-0.00808253884,3.19997548,3.19751143
255.19299999999998,1.20762478,0.0708382284,3.24342423,3.15507904
255.28699999999998,1.22534147,0.27353593,3.29836243,3.10056343
255.38699999999997,1.22232635,0.449385943,3.29988684,3.09946701
255.487,1.2345004,0.682438679,3.29994423,3.09955731
255.587,1.21161391,0.916192148,3.29984223,3.09971649
255.687,1.19116413,1.03182051,3.29991697,3.09994919
255.787,1.19116381,1.08384326,3.29999397,3.09986829
255.88700000000003,1.1940102,1.11645358,3.29994552,3.09963535
255.98699999999997,1.19606846,1.13971371,3.29981675,3.09959922
256.087,1.19740226,1.15656625,3.29924399,3.09997886
256.187,1.19817002,1.16869781,3.297832,3.10117485
256.287,1.1989631,1.17770516,3.29537826,3.10352501
256.387,1.19954507,1.18404924,3.29176131,3.10691413
256.487,1.20020661,1.18866779,3.2873047,3.11126083
256.58700000000005,1.20086406,1.19194344,3.28217822,3.11623962
256.68699999999995,1.20126243,1.19410626,3.27666745,3.12157754
256.787,1.20168632,1.19580874,3.27108896,3.12710166
256.887,1.20177655,1.19686685,3.26548396,3.1325398
256.987,1.2018498,1.19768752,3.26006924,3.13791096
257.087,1.20188417,1.19828778,3.25482131,3.14308297
257.187,1.20174125,1.19854301,3.24977647,3.14802474
257.28700000000003,1.20173589,1.19888344,3.2450954,3.15271712
257.387,1.20150066,1.19898475,3.24070084,3.15700501
257.48699999999997,1.20133281,1.19914035,3.23670683,3.16100728
257.587,1.20120029,1.19929294,3.23300839,3.16467657
257.687,1.20095819,1.19924703,3.22955986,3.16806111
257.787,1.20092218,1.19937698,3.22646061,3.17120521
257.887,1.20069972,1.19933934,3.22361434,3.17397297
257.987,1.20057007,1.19939783,3.22110477,3.17651262
258.087,1.20047557,1.19950637,3.21884179,3.178766
258.18699999999995,1.20028314,1.19943536,3.21673156,3.18082697
258.287,1.20031251,1.19954646,3.21486133,3.18275477
258.387,1.20016408,1.19949373,3.21313928,3.1844087
258.487,1.20010073,1.199541,3.21166329,3.18592185
258.587,1.20006612,1.19964636,3.2103503,3.18723244
258.687,1.19992445,1.19957342,3.20910522,3.18843272
258.78700000000003,1.20000388,1.19967952,3.20801317,3.18958675
258.887,1.19990381,1.19962183,3.2069921,3.19054342
258.98699999999997,1.1998799,1.1996622,3.2061498,3.19142462
259.087,1.19988115,1.19976128,3.20540804,3.19216689
259.187,1.19976178,1.19968838,3.20468782,3.19284327
259.28700000000003,1.19986498,1.19979066,3.20406084,3.19353386
259.387,1.19979298,1.19972453,3.20344796,3.19408382
259.487,1.19979232,1.19975172,3.20296893,3.1946017
259.587,1.19981315,1.19984125,3.20255754,3.19501513
259.687,1.19969479,1.19977359,3.2021559,3.19537277
259.787,1.19980675,1.19987349,3.20180129,3.1957917
259.887,1.1997495,1.19980102,3.20142322,3.19610761
259.987,1.19976017,1.19981835,3.2011524,3.19641669
260.081,1.2321268,1.22791957,3.19766413,3.20004904
260.18100000000004,0.957221942,0.796419438,3.10196391,3.28683143
260.27500000000003,1.06535122,0.153707633,3.09777855,3.30003094
260.375,1.17641945,0.0431431936,3.09974094,3.30055059
260.47499999999997,1.19012764,0.0254737263,3.09966364,3.30049927
260.575,1.19430631,0.0218078388,3.09941411,3.30036166
260.675,1.19546437,0.0173599147,3.09918957,3.30024174
260.775,1.19709286,0.0138893204,3.09914996,3.30011412
260.875,1.19793838,0.0114172591,3.09938316,3.29964005
260.975,1.19864163,0.00952857083,3.10042421,3.29852727
261.075,1.19904203,0.0077610879,3.10247266,3.29628303
261.17499999999995,1.19934844,0.00628240359,3.10566752,3.29296158
261.275,1.19970451,0.00538137788,3.10983686,3.28869751
261.375,1.19974022,0.00450860309,3.11463548,3.28370008
261.475,1.19989527,0.00395099569,3.11990572,3.27838769
261.575,1.19989849,0.00335267302,3.12530194,3.27282989
261.675,1.19987447,0.00279015355,3.13074776,3.26729686
261.77500000000003,1.2000051,0.00256577604,3.13619611,3.26180417
261.875,1.1998854,0.00220456055,3.14147449,3.25638245
261.97499999999997,1.19993174,0.00204323367,3.14658655,3.25128539
262.075,1.19986916,0.00175535149,3.15133652,3.2464307
262.175,1.19979541,0.00142141182,3.15576691,3.2419642
262.27500000000003,1.19990931,0.0013353811,3.1599227,3.23781338
262.375,1.19979281,0.00111088774,3.16376424,3.23387191
262.475,1.19984802,0.00108327206,3.16735384,3.23033552
262.575,1.19980077,0.000919808111,3.17054244,3.22707578
262.675,1.19974143,0.000692874256,3.17341274,3.22419556
262.775,1.19987241,0.000696851835,3.17604719,3.22158966
262.875,1.19977444,0.000544095177,3.17842791,3.21912796
262.975,1.19984683,0.00059773872,3.18065187,3.21697292
263.07500000000005,1.19981424,0.000504153766,3.18256287,3.21500453
263.175,1.19976395,0.0003555359,3.18426413,3.21330216
263.275,1.19990043,0.000383655237,3.18579152,3.21181242
263.375,1.19980996,0.000254331096,3.18716315,3.21036616
263.475,1.19989319,0.000352380771,3.1884862,3.20911748
263.575,1.19986447,0.000296694125,3.18958444,3.20796708
263.675,1.19981324,0.0001752463,3.19054876,3.20700381
263.77500000000003,1.19995,0.000226707773,3.19141159,3.20618203
263.875,1.19985959,0.000113726312,3.19218253,3.20533824
263.97499999999997,1.19994193,0.000232484425,3.1929724,3.20462439
264.075,1.19991236,0.000195572184,3.19359313,3.20395385
264.175,1.19986325,0.000101679592,3.19413508,3.20341277
264.275,1.19998806,0.000150297683,3.19460943,3.20298104
264.375,1.19989696,3.79568628e-05,3.19502784,3.20248982
264.475,1.19997969,0.000163644373,3.19550796,3.20208647
264.57500000000005,1.19994783,0.000140409554,3.19586032,3.20168569
264.67499999999995,1.19990156,7.71117141e-05,3.19617149,3.20137483
264.775,1.20000988,0.000115707884,3.19642499,3.20116456
264.875,1.19992002,-1.27606714e-05,3.1966285,3.20088812
264.975,1.20000396,0.000116207496,3.19693237,3.20066111
265.069,1.19286455,-0.00213554945,3.20080807,3.19658643
265.169,1.20055748,0.0387678351,3.22569444,3.17258026
265.26300000000003,1.22958279,0.240665637,3.29630411,3.1025216
265.363,1.21631877,0.424425318,3.29982016,3.09942008
265.463,1.22455868,0.598459053,3.30005992,3.09965964
265.563,1.22547549,0.844646742,3.29984629,3.09957541
265.663,1.19812197,1.00340033,3.29990817,3.09991145
265.763,1.19275083,1.06892782,3.29996497,3.09988956
265.863,1.19497512,1.10622558,3.29996142,3.09969051
265.963,1.19716205,1.13238494,3.2998955,3.0995951
266.06300000000005,1.19822022,1.15119613,3.29946069,3.09976531
266.163,1.1989495,1.16500575,3.2984125,3.10070031
266.263,1.19948561,1.17498893,3.29630514,3.10261437
266.363,1.19998376,1.18206871,3.29307708,3.10566369
266.463,1.2006709,1.18727206,3.28890151,3.10973217
266.563,1.20107131,1.19081968,3.28397772,3.11443924
266.663,1.20150675,1.19348463,3.2787064,3.1196366
266.76300000000003,1.20178313,1.19535174,3.27318607,3.12501
266.863,1.20189222,1.19657636,3.2676056,3.13046695
266.96299999999997,1.20210369,1.19754575,3.26209738,3.13593235
267.063,1.20201406,1.19803699,3.25671227,3.14116981
267.163,1.20197561,1.19851736,3.25167368,3.14620223
267.263,1.20183092,1.19884302,3.24690004,3.15089593
267.363,1.20158511,1.19899862,3.24243411,3.15529909
267.463,1.20153674,1.19922427,3.23826455,3.15948157
267.56300000000005,1.20128764,1.19919315,3.23434995,3.16329715
267.66299999999995,1.20116118,1.19931043,3.23086209,3.16681954
267.763,1.20098621,1.19938779,3.22766226,3.16997536
267.863,1.20072956,1.19939064,3.2247761,3.17282748
267.963,1.20069985,1.19952422,3.22213522,3.17550668
268.063,1.20050327,1.19943055,3.21965919,3.17790412
268.163,1.20044701,1.19950036,3.2175157,3.18009792
268.26300000000003,1.20034713,1.19955035,3.21557427,3.1820095
268.363,1.20015869,1.19953411,3.2138557,3.18370383
268.46299999999997,1.20018437,1.19966977,3.21230656,3.18530062
268.563,1.20004975,1.19957555,3.21081536,3.18672049
268.663,1.20005749,1.19963558,3.20955516,3.18803598
268.76300000000003,1.20001639,1.19968049,3.20841927,3.18914732
268.863,1.19987482,1.19965916,3.20743371,3.19011125
268.963,1.19993985,1.19979286,3.20655092,3.19104508
269.063,1.19984229,1.19969567,3.20565719,3.19186993
269.163,1.19988435,1.19974638,3.20492856,3.19265508
269.263,1.19987294,1.19978739,3.204276,3.1932854
269.363,1.19975928,1.19975293,3.20371543,3.19382451
269.463,1.19983771,1.19988698,3.20323339,3.19435906
269.563,1.19975379,1.19979021,3.20269646,3.19482799
269.663,1.19981428,1.19983019,3.20227312,3.19530785
269.763,1.19982215,1.19986231,3.2018939,3.19566616
269.863,1.19971901,1.19981975,3.20158294,3.19595508
269.96299999999997,1.19980224,1.19995278,3.20133339,3.19625797
270.057,1.23022668,1.22281643,3.19523833,3.2024471
270.157,1.03062779,1.02723929,3.19872902,3.19145477
270.251,1.00707266,0.217391125,3.09630309,3.29946099
270.351,1.16872633,0.0495618987,3.09970872,3.30056548
270.451,1.18815923,0.0235489815,3.09969982,3.30050906
270.55100000000004,1.19334443,0.017239873,3.09944692,3.30037018
270.65099999999995,1.19593977,0.0177147711,3.09926694,3.30028974
270.751,1.19664758,0.0136694838,3.09911495,3.30011965
270.851,1.19783363,0.0113891584,3.09932178,3.29978336
270.951,1.1986157,0.00988311075,3.10018374,3.29878133
271.051,1.19899194,0.00850100266,3.10207891,3.29668603
271.151,1.19941958,0.00754274087,3.10521428,3.29348175
271.25100000000003,1.19956224,0.0064381653,3.10923649,3.28925141
271.351,1.19972226,0.00550740989,3.11396918,3.28443015
271.45099999999996,1.19987152,0.00467968978,3.11907368,3.27922061
271.551,1.19983172,0.00390818363,3.12439936,3.27373134
271.651,1.19996552,0.00358290174,3.12992689,3.2681796
271.75100000000003,1.19989071,0.00310511172,3.13532325,3.26262672
271.851,1.19988534,0.00269675428,3.14058393,3.25733123
271.951,1.19993199,0.0023414945,3.14559109,3.25227611
272.051,1.19981514,0.00188405583,3.15032428,3.24743426
272.151,1.19990894,0.00180931279,3.15491768,3.24287043
272.251,1.19981806,0.00157732133,3.15913608,3.23854455
272.351,1.19980822,0.00138869426,3.16303489,3.23465315
272.451,1.19985363,0.00121142914,3.16656183,3.23111699
272.55100000000004,1.19974611,0.000890946615,3.16975003,3.22785248
272.651,1.19985568,0.000930580235,3.1727972,3.22486392
272.751,1.19978426,0.000817712467,3.17551269,3.2220654
272.851,1.19978739,0.000730774864,3.17796258,3.21964121
272.951,1.19985576,0.000669669864,3.18012722,3.21748448
273.051,1.19975345,0.000409599099,3.18201707,3.21553068
273.151,1.19987267,0.000494057837,3.18385325,3.21376429
273.25100000000003,1.19981861,0.000443891261,3.18546634,3.21207784
273.351,1.1998269,0.000411602082,3.18691274,3.21066302
273.45099999999996,1.19990862,0.000431022783,3.18818101,3.20940901
273.551,1.19979561,0.000180474344,3.18922498,3.20830465
273.651,1.19991936,0.000273710904,3.19028851,3.20731504
273.751,1.19987146,0.00025389431,3.19122298,3.20631073
273.851,1.19987631,0.000246679247,3.19206332,3.20550304
273.951,1.19995816,0.000290668945,3.19278689,3.20479653
274.05100000000004,1.19984296,5.87999981e-05,3.19334069,3.204183
274.15099999999995,1.19996531,0.000165250307,3.19396246,3.20363667
274.251,1.19991675,0.000156847847,3.19450156,3.20302929
274.351,1.19991508,0.000164830163,3.19499569,3.20256727
274.451,1.20000104,0.00022906897,3.19540747,3.20217473
274.551,1.19987291,7.60716125e-06,3.19568801,3.20183346
274.651,1.19999288,0.000100091982,3.19604094,3.20155663
274.75100000000003,1.19994796,9.3193159e-05,3.19634816,3.2011822
274.851,1.1999417,0.000112455156,3.19664892,3.20091255
274.95099999999996,1.2000259,0.000186355655,3.19688616,3.20069574
275.04499999999996,1.19678928,0.000835044186,3.20001364,3.1975157
275.145,1.19464926,0.0209200635,3.21684399,3.18123273
275.239,1.22769213,0.193636693,3.28971444,3.10921552
275.339,1.21331732,0.406995333,3.29982429,3.09939501
275.439,1.21237965,0.554381293,3.29995165,3.09961792
275.53900000000004,1.23303782,0.760593584,3.29996552,3.09959384
275.639,1.21052147,0.963337583,3.29986763,3.09977197
275.739,1.19595501,1.05108317,3.29992544,3.09987702
275.839,1.1960525,1.09529108,3.29998845,3.09976403
275.939,1.19773319,1.12464726,3.29991595,3.09958289
276.039,1.19879248,1.14567893,3.2996512,3.09966068
276.139,1.19952908,1.16097862,3.29884275,3.10032261
276.23900000000003,1.19988763,1.17188484,3.29706156,3.10187212
276.339,1.20036882,1.17997286,3.29425501,3.10458536
276.43899999999996,1.20072115,1.18573087,3.29038964,3.10824712
276.539,1.20107631,1.18982707,3.28576757,3.11272952
276.639,1.20153317,1.19284221,3.28062126,3.11776888
276.739,1.20175092,1.19476291,3.27510233,3.12309839
276.839,1.20204025,1.1962671,3.26955249,3.12860428
276.939,1.20207583,1.19725659,3.2640228,3.13399113
277.03900000000004,1.20201326,1.1979299,3.25866547,3.13927426
277.13899999999995,1.20200795,1.19852431,3.25354272,3.14435867
277.239,1.20179929,1.19873793,3.2485915,3.14918767
277.339,1.20175457,1.19902113,3.24399048,3.15380705
277.439,1.20154959,1.19914746,3.23969084,3.1580214
277.539,1.20131477,1.19922263,3.23575582,3.16193162
277.639,1.20119835,1.19941238,3.23217257,3.16552076
277.73900000000003,1.20093025,1.19935765,3.22880405,3.16880444
277.839,1.20087663,1.19945753,3.22577119,3.17188704
277.93899999999996,1.20070413,1.19946144,3.22299661,3.17460342
278.039,1.20051609,1.19946107,3.22053177,3.17706421
278.139,1.20046419,1.19959805,3.21833219,3.1792879
278.23900000000003,1.20025314,1.19952432,3.21627734,3.18127224
278.339,1.20026462,1.1996121,3.21445376,3.18315714
278.439,1.2001699,1.19960313,3.21277774,3.18478515
278.539,1.20005296,1.19959053,3.21131851,3.18624687
278.639,1.20006047,1.19972574,3.21004844,3.1875478
278.739,1.19989999,1.19965392,3.20884173,3.18868863
278.839,1.19995891,1.19973968,3.20778112,3.18981424
278.939,1.19991521,1.19972438,3.20678512,3.1907661
279.039,1.19983848,1.19970488,3.2059426,3.1916126
279.139,1.19988617,1.19982846,3.20522172,3.19236698
279.239,1.1997454,1.19976036,3.20453251,3.19299162
279.339,1.1998228,1.19984658,3.20393239,3.19365781
279.43899999999996,1.19980734,1.19982418,3.20333451,3.19421332
279.539,1.19975287,1.1997942,3.20284791,3.19470367
279.639,1.19982529,1.19990393,3.20244029,3.19514614
279.73900000000003,1.19969184,1.19983519,3.20205294,3.19546917
279.839,1.1997735,1.19992141,3.2017243,3.19586405
279.93899999999996,1.19977193,1.19989432,3.20135766,3.1961894
280.03299999999996,1.2241363,1.21992,3.19803355,3.19984307
280.133,1.15633889,1.20320434,3.23383297,3.16060445
280.227,0.937902492,0.343187422,3.0941487,3.29852596
280.327,1.15453501,0.0631817452,3.0995585,3.30054383
280.427,1.18549921,0.0249607007,3.09971835,3.30049989
280.527,1.19207057,0.0147987823,3.09952904,3.30042244
280.627,1.19544972,0.0136658647,3.09931607,3.30031153
280.72700000000003,1.196356,0.0138514658,3.09912564,3.30015648
280.827,1.19765123,0.0113299967,3.09926022,3.29991173
280.92699999999996,1.19847468,0.01026312,3.09991504,3.29902609
281.027,1.19904046,0.00963977833,3.10168358,3.29717059
281.127,1.1993805,0.00883358681,3.10461636,3.29407392
281.22700000000003,1.19947169,0.00771439912,3.10853158,3.2899829
281.327,1.19975134,0.00685333885,3.11318342,3.28526502
281.427,1.19978241,0.00597949787,3.11823611,3.28001563
281.527,1.1998612,0.00526889851,3.12357545,3.27462836
281.627,1.19989972,0.00453213868,3.12890735,3.26918358
281.727,1.19979132,0.00370272078,3.13416593,3.26380418
281.827,1.19993295,0.00324791302,3.13936756,3.25859346
281.927,1.19986497,0.00279440508,3.14440867,3.25341209
282.027,1.19988465,0.00253513184,3.149302,3.2485251
282.127,1.19987997,0.00221143972,3.15382711,3.24393976
282.227,1.19974975,0.00176832007,3.15802214,3.23967033
282.327,1.19986315,0.00157362704,3.16193191,3.23579479
282.42699999999996,1.19979441,0.00132473245,3.16554774,3.23207739
282.527,1.19982537,0.00126802899,3.16896607,3.22869871
282.627,1.199836,0.00113527621,3.17199939,3.22563521
282.72700000000003,1.19971846,0.0008518834,3.17471406,3.22286962
282.827,1.1998451,0.000793777705,3.17718602,3.22045255
282.92699999999996,1.19978667,0.000644827613,3.17942143,3.21813215
283.027,1.19983612,0.000682530689,3.18153992,3.21606697
283.127,1.19985872,0.000639456798,3.18336972,3.21421944
283.227,1.19975927,0.000438279676,3.18496734,3.21257952
283.327,1.19987999,0.000438006448,3.18641968,3.21118943
283.427,1.19982601,0.000319082268,3.18770136,3.20982875
283.52700000000004,1.1998841,0.000394759752,3.18896009,3.20862751
283.62699999999995,1.19991088,0.000399001398,3.19002556,3.20754927
283.727,1.19981113,0.000241513719,3.19093597,3.20659858
283.827,1.19992844,0.000260837389,3.19175655,3.20584322
283.927,1.19987363,0.000156484333,3.19246691,3.20505578
284.027,1.19993178,0.000247179518,3.19321437,3.20436668
284.127,1.1999581,0.00027849626,3.19383327,3.20373738
284.22700000000003,1.19985501,0.00013527624,3.19433708,3.20319354
284.327,1.19996604,0.000183179152,3.19480829,3.20278851
284.42699999999996,1.19990772,6.83263718e-05,3.19517601,3.20234444
284.527,1.19996598,0.000156111288,3.1956209,3.20195769
284.627,1.19999302,0.000207926698,3.19598851,3.20158119
284.72700000000003,1.199885,7.16799357e-05,3.196262,3.20126704
284.827,1.19999108,0.00014193442,3.19654061,3.20105523
284.927,1.19992984,1.50841934e-05,3.19670927,3.20081064
285.021,1.19552272,-0.00432315301,3.19700095,3.20070842
285.121,1.19134381,0.012285424,3.21287445,3.18490049
285.215,1.21990509,0.147498597,3.2779971,3.1208904
285.315,1.21272447,0.38579977,3.29977845,3.09929033
285.41499999999996,1.20741668,0.535137017,3.29991359,3.0996113
285.515,1.22403327,0.684568065,3.30009828,3.0997535
285.615,1.22571084,0.90936969,3.29983338,3.09959379
285.71500000000003,1.20167305,1.02988302,3.29991704,3.09986203
285.815,1.19749383,1.08340066,3.29997521,3.09979474
285.91499999999996,1.19843816,1.11629587,3.29993146,3.09960209
286.015,1.1996106,1.1397132,3.29978528,3.09961882
286.115,1.20007925,1.15656415,3.29913542,3.10002349
286.215,1.20030858,1.16886186,3.29773004,3.1012961
286.315,1.20056532,1.17781802,3.29526185,3.10361168
286.415,1.20073286,1.18411588,3.29171499,3.10695292
286.51500000000004,1.20120143,1.18876514,3.28734237,3.11124108
286.61499999999995,1.20148391,1.19193217,3.28229893,3.11608089
286.715,1.20172821,1.19424322,3.27696899,3.12131583
286.815,1.20194383,1.19594128,3.27147002,3.12670825
286.915,1.20191808,1.19699373,3.26592963,3.1320984
287.015,1.20205094,1.19787629,3.26051196,3.1374949
287.115,1.2019623,1.19832836,3.2551992,3.14267207
287.21500000000003,1.20184846,1.19869025,3.25021959,3.14762217
287.315,1.20174177,1.1990126,3.24554105,3.152258
287.41499999999996,1.20144369,1.19910586,3.24116054,3.15654643
287.515,1.201365,1.19933681,3.23712996,3.16060862
287.615,1.20115424,1.19933612,3.23331194,3.16433797
287.71500000000003,1.20098922,1.1993767,3.22987748,3.16778139
287.815,1.20087372,1.1994874,3.22676873,3.1708814
287.915,1.20059472,1.1994428,3.22393778,3.17364765
288.015,1.20055261,1.19958871,3.22140678,3.17623348
288.115,1.20039753,1.19953843,3.21901022,3.1785612
288.215,1.20030476,1.19953954,3.21689598,3.18069906
288.315,1.20026276,1.19963066,3.21502352,3.18257609
288.415,1.20005722,1.19956827,3.213328,3.1842164
288.515,1.20006916,1.19971679,3.21186292,3.18574461
288.615,1.19997061,1.19967283,3.2104343,3.18711164
288.715,1.19994008,1.19966706,3.20918062,3.18839334
288.815,1.19995707,1.19975251,3.20808858,3.18949492
288.91499999999996,1.19979947,1.19968529,3.20710311,3.19042792
289.015,1.19984931,1.19983065,3.20628419,3.19131268
289.115,1.19978492,1.19978601,3.20543878,3.19209923
289.21500000000003,1.19978724,1.19977143,3.20470064,3.1928662
289.315,1.19983405,1.19985101,3.20407459,3.193504
289.41499999999996,1.19970182,1.19977521,3.20350544,3.19402114
289.515,1.19976772,1.19991446,3.20306704,3.1945263
289.615,1.19971373,1.19987331,3.20257265,3.19496315
289.715,1.19972959,1.19985276,3.20213632,3.1954279
289.815,1.19979501,1.19992372,3.20177423,3.19580304
289.915,1.19967727,1.19983736,3.20144093,3.19608407
290.009,1.20984337,1.21003111,3.20156623,3.19669873
290.10900000000004,1.20335524,1.21999117,3.2132119,3.18384483
290.20300000000003,0.899892468,0.533493656,3.09260484,3.29760501
290.303,1.12821699,0.0865914366,3.09914356,3.30042766
290.40299999999996,1.18193383,0.0289279738,3.09976611,3.30052934
290.503,1.19052261,0.0143347169,3.0995881,3.30044831
290.603,1.19462451,0.0109554676,3.09934636,3.30031382
290.70300000000003,1.1969093,0.0140705794,3.09920581,3.30022997
290.803,1.19726467,0.0113685547,3.09917984,3.2999816
290.903,1.1982951,0.010302047,3.09969819,3.29930561
291.003,1.19904845,0.0102490411,3.10122663,3.29767307
291.103,1.19933662,0.00995493109,3.1039596,3.29471667
291.203,1.19963427,0.0097117775,3.10790516,3.29069709
291.303,1.19969776,0.00901726496,3.11253542,3.28588268
291.403,1.19968489,0.00791651169,3.1175138,3.28077539
291.503,1.19981839,0.00685886502,3.12265398,3.27557385
291.603,1.19976682,0.00564353103,3.12777162,3.27028889
291.703,1.19988433,0.00492698872,3.13304391,3.26500515
291.803,1.19986333,0.00427240067,3.13822098,3.25970807
291.90299999999996,1.19979037,0.00356163131,3.14318856,3.25466876
292.003,1.19989341,0.00309363884,3.14795591,3.24989435
292.103,1.19978325,0.00244336833,3.15239589,3.2453348
292.20300000000003,1.19986514,0.00218801232,3.1567247,3.24104074
292.303,1.19983576,0.00196063804,3.16077479,3.23691496
292.40299999999996,1.19975201,0.0016396291,3.16447631,3.2331783
292.503,1.1998624,0.00152447057,3.16788594,3.22979603
292.603,1.19973956,0.00112068253,3.17089343,3.22669642
292.703,1.19982936,0.00103964415,3.17375541,3.22389429
292.803,1.19982329,0.000978037244,3.17637848,3.22121862
292.903,1.19974894,0.000810805145,3.17872121,3.21885714
293.00300000000004,1.19987141,0.00082420651,3.18083517,3.21678575
293.10299999999995,1.1997607,0.000532861816,3.18262599,3.2149141
293.203,1.19985684,0.0005331939,3.18435067,3.21325877
293.303,1.19986224,0.000537863486,3.18592001,3.21164611
293.403,1.19979139,0.000439093369,3.18730989,3.21024268
293.503,1.1999173,0.000504492013,3.18854873,3.20905221
293.603,1.19980763,0.000277580556,3.18956021,3.20796337
293.70300000000003,1.19990284,0.000291925275,3.19054772,3.20704827
293.803,1.19991424,0.000313088704,3.19145296,3.20610369
293.90299999999996,1.19984252,0.000248927277,3.19226578,3.20527824
294.003,1.19996588,0.000342853108,3.19298568,3.20460907
294.103,1.19985459,0.000139435261,3.19352854,3.20398978
294.20300000000003,1.19994563,0.000167980087,3.19409285,3.20349859
294.303,1.19995691,0.000200795957,3.19461638,3.20293768
294.403,1.1998817,0.000154805164,3.1950957,3.20244525
294.503,1.20000008,0.000256895741,3.19551268,3.20208016
294.603,1.19989032,7.92755969e-05,3.19579419,3.20172234
294.703,1.19997205,0.000102947814,3.19611052,3.2014791
294.803,1.19998246,0.000123821291,3.19640224,3.20115134
294.903,1.19990896,9.12072949e-05,3.19669178,3.20084789
295.0002,1.19973332,-9.38459307e-05,3.19682213,3.2005512
295.09700000000004,1.19176683,0.00900723304,3.21005178,3.18752177
295.197,1.20805738,0.112708995,3.26739378,3.13133651
295.290899,1.21536553,0.356257679,3.29963661,3.09910118
295.390899,1.20388783,0.525759867,3.29993321,3.09964534
295.490899,1.21170783,0.646190167,3.29998524,3.09970484
295.590899,1.23531535,0.838473099,3.29993993,3.09958357
295.690899,1.21256313,1.00028772,3.29988966,3.09977408
295.790899,1.20072913,1.06880677,3.29993264,3.09978057
295.890899,1.19987956,1.10693151,3.29996754,3.0996597
295.990899,1.20057424,1.13308269,3.29984936,3.0995769
296.090899,1.20082297,1.15178646,3.29938134,3.09982657
296.190899,1.20100939,1.1654803,3.29827025,3.10082917
296.29089899999997,1.20093763,1.17523163,3.29611096,3.10275933
296.390899,1.201081,1.18233249,3.29294599,3.10581805
296.490899,1.20131683,1.18744567,3.28883043,3.10977253
296.59089900000004,1.20141928,1.19100973,3.28404385,3.11438123
296.690899,1.20170379,1.19371603,3.27886705,3.11948658
296.79089899999997,1.20176698,1.19547252,3.27338752,3.12477982
296.890899,1.20191744,1.19676839,3.26786095,3.13024945
296.990899,1.20200977,1.19766208,3.26234776,3.13566106
297.090899,1.20186496,1.19817324,3.25701781,3.14087725
297.190899,1.2018413,1.19870875,3.25198846,3.145901
297.290899,1.20160238,1.19892861,3.24716828,3.15059946
297.39089900000005,1.20147607,1.19915879,3.24268562,3.15508449
297.49089899999996,1.20136668,1.19930863,3.23846039,3.15926349
297.590899,1.20110302,1.19928983,3.234565,3.1630926
297.690899,1.20101251,1.19946371,3.23107181,3.1666218
297.790899,1.20074617,1.19944533,3.22782952,3.16977816
297.890899,1.20061876,1.19952438,3.22492048,3.17271864
297.990899,1.20054236,1.19957883,3.22221528,3.17540335
298.09089900000004,1.20033922,1.19949222,3.21975705,3.17781516
298.190899,1.2003167,1.19962636,3.21762548,3.17999961
298.29089899999997,1.20012574,1.19958103,3.21564876,3.18190422
298.390899,1.20005756,1.19965201,3.21392943,3.18366516
298.490899,1.20004059,1.19971167,3.21232138,3.18526254
298.59089900000004,1.19990676,1.19962021,3.21084525,3.18669871
298.690899,1.19995108,1.19974708,3.20960421,3.18799853
298.790899,1.19982086,1.19969524,3.20843628,3.18909917
298.890899,1.19979411,1.19976434,3.20746227,3.19011759
298.990899,1.19981363,1.19982894,3.20653281,3.19104019
299.090899,1.19971935,1.19973244,3.20565395,3.19188071
299.190899,1.19980125,1.19984997,3.20494609,3.19264947
299.290899,1.19970064,1.19979431,3.20426471,3.19326535
299.390899,1.19969479,1.1998577,3.20372965,3.19384517
299.490899,1.1997334,1.19991973,3.20319614,3.19437365
299.590899,1.19965679,1.19981681,3.20266746,3.19486399
299.690899,1.19975743,1.19992461,3.20226879,3.19532445
299.79089899999997,1.19966858,1.19986705,3.20187387,3.19565469
299.890899,1.19967476,1.19991839,3.20158554,3.19598733
299.990899,1.1997168,1.19998209,3.20128907,3.19627996
300.085,1.21860457,1.21812611,3.20018743,3.19718878
300.185,0.90328382,0.701125214,3.09502371,3.29425753
300.278791,1.07973504,0.128361356,3.09823593,3.30015083
300.378791,1.17714496,0.0367095679,3.09981948,3.30057508
300.478791,1.18851875,0.0156275828,3.09961761,3.30044549
300.578791,1.19335485,0.00850197693,3.09941092,3.30035339
300.67879100000005,1.19649073,0.00984429679,3.09926649,3.3002819
300.77879099999996,1.19694688,0.0112627234,3.09913217,3.30004233
300.878791,1.19817872,0.0101447653,3.09953324,3.29956376
300.978791,1.19901297,0.0108216107,3.10078029,3.29811257
301.078791,1.19948472,0.0119556271,3.10342226,3.29532437
301.178791,1.19984105,0.0130330635,3.10742905,3.29119627
301.278791,1.1997649,0.0131545782,3.11225273,3.28614993
301.37879100000004,1.19976153,0.0124413926,3.11738959,3.28095332
301.478791,1.19967622,0.0109460528,3.12238479,3.27579454
301.57879099999997,1.19963223,0.0091648437,3.12725376,3.27084244
301.678791,1.19978574,0.00772501769,3.13210825,3.26594765
301.778791,1.19970921,0.00635781298,3.1369222,3.26099197
301.87879100000004,1.19977904,0.00528337264,3.14167278,3.25625232
301.978791,1.19976805,0.00428411536,3.14621554,3.25160274
302.078791,1.19973503,0.00341619571,3.15060335,3.24717518
302.178791,1.19987665,0.00294116976,3.15485405,3.24292468
302.278791,1.19977576,0.00246138055,3.15890974,3.23876338
302.378791,1.19982008,0.0021904249,3.1627454,3.23497279
302.478791,1.19978442,0.00182538589,3.16619344,3.23144933
302.578791,1.19973447,0.001448554,3.16935467,3.22827476
302.678791,1.19986679,0.00133844027,3.17229735,3.22535764
302.778791,1.19976728,0.00112065161,3.17500398,3.22256685
302.878791,1.19982321,0.00108670287,3.17752176,3.22011319
302.978791,1.19979625,0.000907434932,3.17968814,3.21788774
303.07879099999997,1.1997543,0.000706141126,3.18164518,3.21592867
303.178791,1.19988926,0.00069459,3.18342233,3.2141884
303.278791,1.19979998,0.000549417163,3.18503524,3.21249971
303.37879100000004,1.19986666,0.000604455726,3.1865671,3.21103934
303.478791,1.19984494,0.000504697455,3.18783497,3.20971893
303.57879099999997,1.19980322,0.000364518427,3.18896867,3.20858647
303.678791,1.19993871,0.00040345687,3.18999646,3.20759989
303.778791,1.19984726,0.000286919104,3.19092134,3.20660169
303.878791,1.19991967,0.000386977093,3.19184273,3.2057543
303.978791,1.19989484,0.000315631079,3.19255832,3.20498894
304.078791,1.19985555,0.000212533644,3.19320007,3.20434866
304.17879100000005,1.19998021,0.00026623549,3.1937823,3.20380951
304.27879099999996,1.19988586,0.000142920852,3.19428683,3.20323208
304.378791,1.19996203,0.000260542903,3.1948472,3.2027467
304.478791,1.19993491,0.000210556307,3.19524887,3.20229675
304.578791,1.1998894,0.000124863614,3.19561025,3.20193606
304.678791,1.20001127,0.000178003246,3.19592739,3.20166321
304.778791,1.19991298,5.84942799e-05,3.19619973,3.20131771
304.87879100000004,1.19999316,0.00019249835,3.19655726,3.20103559
304.978791,1.1999607,0.000156197173,3.19678385,3.20076171
305.073,1.19603641,0.00796285688,3.20593635,3.19166136
305.173,1.20260909,0.0778023346,3.25048472,3.14795777
305.26676299999997,1.22251565,0.309242389,3.299234,3.09925353
305.366763,1.20220717,0.5051628,3.29995901,3.09964236
305.466763,1.20703448,0.630683912,3.29992409,3.09968121
305.56676300000004,1.22586619,0.768863356,3.30010458,3.09976455
305.666763,1.22408408,0.962158897,3.29985659,3.09964809
305.76676299999997,1.20534275,1.05197752,3.29991604,3.09977449
305.866763,1.20150892,1.09688163,3.29997619,3.09969724
305.966763,1.20139144,1.12601942,3.29987451,3.09955093
306.066763,1.20168129,1.14679051,3.29957718,3.0997275
306.166763,1.20172775,1.1617439,3.29864934,3.10045908
306.266763,1.20155647,1.17247577,3.29681238,3.10211431
306.366763,1.20158444,1.18039562,3.29396917,3.10485263
306.46676299999996,1.20145466,1.18595705,3.29013105,3.10847017
306.566763,1.20152159,1.19009953,3.28563897,3.11287886
306.666763,1.20162163,1.19302478,3.28058379,3.1177761
306.76676299999997,1.20166439,1.19500263,3.27520695,3.1230107
306.866763,1.20187885,1.19651653,3.26970143,3.128458
306.966763,1.20182759,1.19737976,3.26414368,3.13384983
307.06676300000004,1.2018228,1.19812228,3.2588195,3.13915028
307.16676299999995,1.20172996,1.19862105,3.2536615,3.14421488
307.26676299999997,1.20151909,1.19888968,3.24876304,3.14903473
307.366763,1.20149318,1.19919744,3.24414664,3.15365405
307.466763,1.20125462,1.19921208,3.23977163,3.15791962
307.566763,1.20111708,1.19935699,3.23583649,3.16188008
307.666763,1.20093653,1.19945472,3.2322014,3.16546614
307.766763,1.20067703,1.19945334,3.22888239,3.16874331
307.866763,1.20063689,1.19959474,3.22585451,3.17180638
307.96676299999996,1.20042958,1.19949924,3.22301366,3.17456466
308.066763,1.20035032,1.19956648,3.22054168,3.17708305
308.166763,1.20023778,1.19961942,3.21829827,3.17929596
308.266763,1.20004745,1.19958622,3.21628059,3.18128548
308.366763,1.20006621,1.19972267,3.2144798,3.18313374
308.466763,1.19992553,1.19962815,3.21276051,3.18478032
308.566763,1.19992085,1.19968296,3.21129458,3.18629962
308.666763,1.19987226,1.19973407,3.20998062,3.18758994
308.76676299999997,1.19973526,1.19969921,3.20880988,3.18873656
308.866763,1.1998002,1.19983579,3.20777897,3.18981928
308.966763,1.19970288,1.19974144,3.20675297,3.19077593
309.06676300000004,1.19974082,1.19978721,3.20590197,3.19168218
309.166763,1.19972707,1.19983557,3.20514995,3.19241335
309.266763,1.19961965,1.19979229,3.2044801,3.19305976
309.366763,1.19970389,1.19992606,3.20390926,3.19368411
309.466763,1.19962043,1.19983689,3.20330351,3.19422173
309.566763,1.19968034,1.199874,3.20281014,3.19477055
309.666763,1.19968832,1.19991443,3.20237818,3.19518313
309.766763,1.19959527,1.19986148,3.20199675,3.19554071
309.866763,1.19968534,1.19999503,3.20169687,3.19589499
309.966763,1.19961198,1.19990167,3.20132578,3.19619844
310.061,1.22736341,1.21740125,3.1930103,3.2045551
310.161,0.969121792,0.957794094,3.1923854,3.19788758
310.25476499999996,1.00716,0.203071819,3.09662258,3.29961875
310.354765,1.16848466,0.0457307441,3.09978885,3.30059043
310.454765,1.1863789,0.0190703348,3.09965741,3.30045433
310.55476500000003,1.19211346,0.00864949761,3.09948056,3.30039468
310.654765,1.19573525,0.00788245336,3.09927038,3.30027176
310.75476499999996,1.19703779,0.0115899009,3.09915346,3.30012743
310.854765,1.19788723,0.00987854481,3.09937644,3.29974469
310.954765,1.19887594,0.0106106047,3.10035849,3.29856196
311.054765,1.19965077,0.0130042346,3.10279107,3.2960442
311.154765,1.19984643,0.0149535019,3.1066777,3.29191899
311.254765,1.19988965,0.015894999,3.11161525,3.28685747
311.35476500000004,1.1998537,0.0156721539,3.11686745,3.28147708
311.454765,1.19965332,0.014349268,3.12197743,3.2761935
311.554765,1.19969473,0.0127959219,3.12694991,3.27119633
311.654765,1.19956845,0.0106962184,3.13155989,3.26643803
311.754765,1.19958085,0.00856292383,3.13594471,3.26202442
311.854765,1.19969156,0.00678551929,3.14026392,3.25766254
311.954765,1.19964539,0.00520920635,3.14453832,3.25327864
312.05476500000003,1.19981352,0.00438001993,3.14895359,3.24888892
312.154765,1.19976321,0.00363003761,3.1532187,3.24451312
312.25476499999996,1.19976607,0.00298503204,3.15725261,3.24047894
312.354765,1.19982952,0.0025077034,3.1610397,3.23667773
312.454765,1.19972337,0.00192562436,3.1645264,3.23310706
312.554765,1.19984569,0.00179441974,3.16792067,3.22976557
312.654765,1.19978204,0.00157493287,3.17101909,3.22658181
312.754765,1.19977176,0.00133798281,3.17381029,3.22381094
312.85476500000004,1.19984758,0.00119612943,3.17632947,3.22129797
312.95476499999995,1.1997325,0.000858576083,3.17856101,3.21899749
313.054765,1.19985561,0.000870699389,3.18069992,3.21692608
313.154765,1.19980958,0.000791365309,3.18261907,3.21493384
313.254765,1.19980577,0.000688751542,3.18432501,3.21325641
313.354765,1.19989378,0.000671989099,3.1858408,3.21175591
313.454765,1.1997724,0.000409376119,3.18713439,3.21039825
313.55476500000003,1.1998983,0.000471445218,3.18839966,3.20920582
313.654765,1.19986292,0.000444041585,3.1895265,3.20801104
313.75476499999996,1.19985566,0.000399791762,3.19053335,3.20703453
313.854765,1.19994469,0.000424603196,3.19140629,3.20618047
313.954765,1.19982296,0.000196754403,3.19211918,3.20540488
314.05476500000003,1.19994544,0.000281780538,3.19285898,3.20473991
314.154765,1.1999104,0.000274501063,3.19351153,3.20402138
314.254765,1.19989853,0.000258063564,3.19410378,3.2034593
314.354765,1.1999858,0.000297886873,3.19459587,3.20298794
314.454765,1.19986047,9.70067319e-05,3.19497914,3.20254184
314.554765,1.19997845,0.000176736215,3.1954021,3.2021946
314.654765,1.19994515,0.000167465378,3.19577047,3.20176144
314.754765,1.1999302,0.000169946997,3.19612851,3.20143266
314.85476500000004,1.2000151,0.000224538835,3.19640936,3.20117381
314.954765,1.19988682,3.20452356e-05,3.1965997,3.20092016
315.049,1.19815182,0.00454179955,3.20163911,3.19600109
315.149,1.19765967,0.0491692144,3.23476735,3.16339285
315.242785,1.22619321,0.238972303,3.29636918,3.10255274
315.342785,1.20110697,0.474499145,3.29991727,3.09956295
315.442785,1.20555081,0.611275685,3.29992527,3.09968227
315.54278500000004,1.2142801,0.725421251,3.30003681,3.0997525
315.642785,1.23120187,0.91906405,3.29986803,3.09957195
315.74278499999997,1.20966694,1.03451625,3.29992028,3.09978006
315.842785,1.20239887,1.08703992,3.29994803,3.09970218
315.942785,1.20165166,1.11932806,3.29991989,3.09957958
316.042785,1.20196508,1.14195076,3.2996981,3.09965283
316.142785,1.20200438,1.15804827,3.29892656,3.10018639
316.242785,1.20205864,1.1699431,3.29737935,3.10163763
316.342785,1.20187513,1.17850673,3.29476349,3.10404952
316.44278499999996,1.20170954,1.18466417,3.29120784,3.10746149
316.542785,1.20176117,1.18919633,3.2868747,3.1116823
316.642785,1.20171307,1.19223257,3.28190713,3.11644918
316.742785,1.20186171,1.19454514,3.27665332,3.12164527
316.842785,1.2018493,1.19611685,3.27119825,3.12694252
316.942785,1.20180386,1.19718998,3.26572726,3.13232206
317.042785,1.20185516,1.19804929,3.26034464,3.13765109
317.142785,1.20168375,1.19845299,3.25506795,3.14278994
317.24278499999997,1.20166034,1.19886434,3.25008956,3.1477735
317.342785,1.20146383,1.19908434,3.24538742,3.15237944
317.442785,1.20124072,1.19921328,3.24101914,3.15671238
317.54278500000004,1.20114352,1.19942867,3.23698801,3.16074176
317.642785,1.20087896,1.19938926,3.23319405,3.16444333
317.74278499999997,1.20081386,1.19949803,3.22976391,3.16791754
317.842785,1.20062215,1.19950993,3.22662316,3.17099587
317.942785,1.20042063,1.19950972,3.22380756,3.17380313
318.042785,1.20036487,1.19964212,3.22127501,3.1763574
318.142785,1.20014936,1.19956308,3.21891538,3.17864361
318.242785,1.20015112,1.19964536,3.21681758,3.18080078
318.34278500000005,1.20003908,1.19963941,3.21490663,3.18266252
318.44278499999996,1.19991059,1.19962853,3.2132294,3.18434055
318.542785,1.19992503,1.19975173,3.21173924,3.18586106
318.642785,1.19976317,1.19967799,3.21034866,3.18718462
318.742785,1.19981696,1.19976505,3.20912766,3.18847003
318.842785,1.19976748,1.19975114,3.20799008,3.18956326
318.942785,1.19968453,1.19973637,3.20702341,3.1905331
319.04278500000004,1.19973839,1.19985826,3.20617796,3.19141218
319.142785,1.19960909,1.19978284,3.20536902,3.19215601
319.24278499999997,1.19969085,1.19986606,3.20466989,3.192921
319.342785,1.19967395,1.19984444,3.20399229,3.19355632
319.442785,1.19961193,1.19982315,3.20344506,3.19410682
319.542785,1.19968634,1.1999382,3.20297424,3.19461279
319.642785,1.19956992,1.19985768,3.20250588,3.19501649
319.742785,1.1996553,1.19994392,3.20212331,3.19546523
319.842785,1.19965524,1.19991762,3.20171206,3.19583539
319.94278499999996,1.19960643,1.19988622,3.2013996,3.19615046
320.03700000000003,1.22576308,1.21928432,3.19618182,3.2016002
320.137,1.09741708,1.17244995,3.25357296,3.13985015
320.23082300000004,0.9282323,0.335303573,3.09424681,3.29862185
320.33082299999995,1.15286467,0.0591645225,3.0995682,3.30051206
320.430823,1.1844503,0.0240873262,3.09974711,3.30050715
320.530823,1.19075994,0.00973323581,3.09951646,3.30039911
320.630823,1.19489292,0.00652833978,3.09931752,3.30029941
320.730823,1.19752761,0.0114882337,3.0992112,3.30020453
320.830823,1.19748718,0.00992695589,3.09924462,3.29985295
320.93082300000003,1.19875794,0.0105854426,3.10005104,3.29896863
321.030823,1.19957893,0.0131418434,3.10210809,3.29673616
321.13082299999996,1.19987354,0.0157498015,3.10578188,3.29286018
321.230823,1.20012317,0.0179490513,3.11081098,3.28772371
321.330823,1.199962,0.0188092784,3.11637813,3.28192599
321.43082300000003,1.19977334,0.0181930393,3.12182741,3.27640743
321.530823,1.19960308,0.0162684754,3.12668165,3.27143403
321.630823,1.19940614,0.0135063252,3.13099757,3.26700878
321.730823,1.19955523,0.0109951813,3.13512479,3.26288278
321.830823,1.19954506,0.008691684,3.13920314,3.25867464
321.930823,1.19962143,0.00682204763,3.14332483,3.25456326
322.030823,1.19970798,0.00533085922,3.14739959,3.25042565
322.130823,1.19965683,0.00407057611,3.1514404,3.2463097
322.230823,1.19983092,0.0034166493,3.15549339,3.24228418
322.330823,1.19977563,0.00284525938,3.15939954,3.23827029
322.430823,1.19978879,0.00243946496,3.16311314,3.23458935
322.530823,1.19980789,0.00203842049,3.16647726,3.2311862
322.63082299999996,1.19971306,0.00158323078,3.16957205,3.22803815
322.730823,1.1998471,0.00145803465,3.17249028,3.22516933
322.830823,1.19978231,0.00123149425,3.17514328,3.2224286
322.93082300000003,1.19980461,0.0011365023,3.17761963,3.22000201
323.030823,1.19983185,0.000991421034,3.17977549,3.21782292
323.13082299999996,1.19973852,0.00074290009,3.18171146,3.21584433
323.230823,1.19987488,0.00073872966,3.18349526,3.21412114
323.330823,1.19981476,0.000605608879,3.18508539,3.21245161
323.430823,1.19985089,0.00062453669,3.18660069,3.21099247
323.530823,1.19987949,0.000562924722,3.18787035,3.2097062
323.630823,1.19978741,0.000376372289,3.18898843,3.20854904
323.73082300000004,1.19992436,0.000425327397,3.19002967,3.20757251
323.83082299999995,1.19986373,0.000329844284,3.19094169,3.20658384
323.930823,1.19990415,0.000390559305,3.19184815,3.20573548
324.030823,1.19992885,0.000361951764,3.19257257,3.20499726
324.130823,1.19984068,0.000209883999,3.19319785,3.20433359
324.230823,1.19996602,0.000271733416,3.19379494,3.20380269
324.330823,1.19990082,0.000174222608,3.19429396,3.20322792
324.43082300000003,1.19994609,0.000255074983,3.19484164,3.20273856
324.530823,1.19996895,0.000251075937,3.19525551,3.20231261
324.63082299999996,1.19987557,0.000112167486,3.19559737,3.20193182
324.730823,1.19999746,0.000184570321,3.19593943,3.20165685
324.830823,1.19992978,9.35737603e-05,3.19620753,3.20131336
324.93082300000003,1.19997288,0.000180442066,3.19654884,3.20102993
325.02500000000003,1.196498,-0.00262617124,3.19726843,3.20048041
325.125,1.19313476,0.0308031469,3.22501899,3.17290141
325.218879,1.21718782,0.180041559,3.28876833,3.11025318
325.31887900000004,1.20181974,0.439032735,3.29983241,3.09940311
325.418879,1.20514257,0.584370998,3.29996767,3.09969398
325.51887899999997,1.2091534,0.696514069,3.299946,3.0996908
325.618879,1.23330517,0.863554788,3.29998941,3.09962149
325.718879,1.21546551,1.0112767,3.29988808,3.09972481
325.818879,1.20386388,1.07497455,3.29993068,3.09971721
325.918879,1.20212756,1.11156748,3.29995977,3.09962475
326.018879,1.20209686,1.13636987,3.29976507,3.0995751
326.11887900000005,1.20224978,1.15412317,3.29921389,3.09999151
326.21887899999996,1.20230081,1.16703496,3.29788375,3.10115928
326.318879,1.20209587,1.17626469,3.29553256,3.10330504
326.418879,1.20205225,1.18314238,3.29224827,3.10650092
326.51887899999997,1.20182379,1.18798652,3.28809521,3.11044427
326.618879,1.20175814,1.19150847,3.28337392,3.11506704
326.718879,1.20181188,1.1940643,3.27821434,3.12010283
326.81887900000004,1.20175791,1.19570238,3.27276901,3.12538596
326.91887899999995,1.20188462,1.19699917,3.26729174,3.13082499
327.01887899999997,1.20175948,1.19777713,3.26184276,3.13612125
327.118879,1.20167196,1.1983783,3.25660008,3.1413254
327.218879,1.20160546,1.19884214,3.2515556,3.14630882
327.318879,1.20137125,1.1990097,3.24673953,3.15102435
327.418879,1.20133052,1.19926894,3.24225827,3.15552557
327.518879,1.20108402,1.1993117,3.23806359,3.1596208
327.618879,1.20090359,1.19940921,3.23426141,3.16343047
327.71887899999996,1.20078152,1.19953303,3.23075775,3.16691436
327.818879,1.20052422,1.19948309,3.22752516,3.17008115
327.918879,1.20049951,1.19959993,3.22460463,3.17305119
328.018879,1.20030704,1.19954146,3.22190692,3.1756743
328.118879,1.2001814,1.1995814,3.21955118,3.17805671
328.218879,1.2001223,1.19967518,3.21741374,3.18019147
328.318879,1.19993026,1.19960962,3.21545432,3.18209796
328.418879,1.19997339,1.19971895,3.21370784,3.18390488
328.51887899999997,1.19985611,1.19965322,3.21207794,3.18546938
328.618879,1.19979306,1.19968979,3.21070552,3.18687454
328.718879,1.19979362,1.19978134,3.20946188,3.18812174
328.81887900000004,1.19964668,1.19971877,3.20832304,3.18921159
328.918879,1.19973038,1.19983374,3.20732033,3.19027844
329.01887899999997,1.19966265,1.1997644,3.20634411,3.19119264
329.118879,1.1996402,1.19979223,3.2055598,3.19201103
329.218879,1.19967382,1.19987959,3.20485217,3.19272481
329.318879,1.19955095,1.19981297,3.20419839,3.19333042
329.418879,1.19965459,1.19992425,3.20363228,3.19396196
329.518879,1.19960992,1.19985,3.2030422,3.19449144
329.618879,1.19960501,1.19986798,3.20260179,3.19496576
329.71887899999996,1.19965166,1.19995267,3.20221031,3.19536478
329.818879,1.19954108,1.199876,3.20183198,3.19569478
329.918879,1.19964546,1.19998922,3.20152928,3.19606345
330.012989,1.21276702,1.21273359,3.20126964,3.19683058
330.112989,1.1752674,1.21118206,3.22745921,3.16933161
330.20696,0.881811103,0.528419357,3.09266865,3.29774077
330.30696,1.12421703,0.0824945229,3.09913153,3.30040323
330.40695999999997,1.18162699,0.0291892787,3.09983311,3.30055861
330.50696,1.1892339,0.011615602,3.0995525,3.30040066
330.60696,1.19396435,0.0063742587,3.09939288,3.30035051
330.70696000000004,1.19700677,0.00946246393,3.09924801,3.30024862
330.80696,1.19712222,0.0102253742,3.09919111,3.29997598
330.90695999999997,1.19853315,0.0103145362,3.09977088,3.29929373
331.00696,1.19935262,0.0126662945,3.10144209,3.29739937
331.10696,1.19988843,0.0156408383,3.10480259,3.29394135
331.20696,1.20001381,0.017805484,3.10951187,3.28900695
331.30696,1.19993005,0.0186980683,3.11494137,3.28342904
331.40696,1.19989767,0.0185107059,3.12043927,3.27783545
331.50696,1.19959733,0.0169491574,3.12551719,3.27257755
331.60696,1.19949896,0.0145078049,3.13003468,3.26804837
331.70696,1.19944737,0.0116460392,3.13407352,3.26389399
331.80696,1.1994721,0.00899263251,3.13801247,3.25990958
331.90695999999997,1.19968419,0.00710091939,3.14209638,3.25581547
332.00696,1.19964586,0.00556539171,3.14627676,3.25151543
332.10696,1.19973856,0.00448179996,3.15046024,3.24736125
332.20696000000004,1.19975145,0.00355473282,3.15446205,3.24327076
332.30696,1.19973214,0.00282153866,3.15834214,3.23936469
332.40695999999997,1.1998617,0.00244910221,3.16207648,3.23564286
332.50696,1.19975577,0.0020301065,3.16558557,3.23203736
332.60696,1.19980346,0.00180323531,3.1688687,3.22880756
332.70696,1.19978419,0.00149368454,3.1717865,3.22582357
332.80696,1.19974674,0.00119730272,3.17446737,3.2231356
332.90696,1.19987089,0.00113750498,3.17695482,3.22067932
333.00696000000005,1.19976751,0.000939869759,3.17921353,3.21833937
333.10695999999996,1.19982679,0.000914215712,3.1813045,3.21631521
333.20696,1.19981282,0.000753726031,3.18308248,3.2144824
333.30696,1.19978278,0.000591395894,3.18470255,3.21286301
333.40696,1.19990626,0.00062280823,3.18619581,3.21140861
333.50696,1.19980931,0.000471176214,3.18751201,3.21001689
333.60696,1.19987773,0.000521460215,3.18877065,3.20883004
333.70696000000004,1.19986598,0.000427036585,3.18979576,3.20775468
333.80696,1.19983453,0.000325154586,3.19073666,3.20681588
333.90695999999997,1.19995563,0.000376339418,3.19159157,3.20600338
334.00696,1.19985607,0.000243250313,3.19233455,3.20518643
334.10696,1.19993086,0.000341444764,3.19309642,3.20449801
334.20696000000004,1.19991221,0.000271798055,3.19367047,3.20387572
334.30696,1.19987633,0.00018448296,3.19419854,3.20334954
334.40696,1.19999576,0.000251640111,3.19468503,3.20290704
334.50696,1.19989402,0.000129758469,3.19509611,3.20242219
334.60696,1.19996965,0.000245783945,3.19556526,3.20202718
334.70696,1.19994461,0.000187560446,3.19587958,3.20166567
334.80696,1.1999093,0.000110507491,3.19616964,3.20137679
334.90696,1.20002095,0.00018086033,3.196446,3.20114528
335.00140000000005,1.19867411,-0.00114082589,3.19638727,3.20060625
335.100901,1.19331699,0.0224865209,3.21886395,3.17888081
335.2,1.20348305,0.144036943,3.2823549,3.11644298
335.295,1.20745301,0.388800399,3.2997708,3.09923601
335.39500000000004,1.20443398,0.54297269,3.2999551,3.09965461
335.49499999999995,1.20825192,0.656926049,3.29993549,3.09967304
335.59499999999997,1.2317561,0.806695649,3.30008424,3.09969506
335.695,1.22132141,0.985055549,3.2998414,3.09965006
335.795,1.2052892,1.06276088,3.29994889,3.09977476
335.895,1.20207582,1.10362749,3.29995324,3.09964302
335.995,1.20194082,1.1306927,3.29984448,3.09955852
336.095,1.20222141,1.15013702,3.29944642,3.09982747
336.195,1.20205309,1.16406595,3.29832956,3.10070635
336.29499999999996,1.20189059,1.17430403,3.29633482,3.10260285
336.395,1.20166249,1.18169091,3.29328553,3.10546967
336.495,1.20145961,1.18693663,3.28934711,3.10924426
336.595,1.20155048,1.19083251,3.28473946,3.11376024
336.695,1.20148485,1.19345149,3.27961237,3.11868706
336.795,1.20161752,1.19542784,3.2742575,3.12398358
336.895,1.20169381,1.19677841,3.26873611,3.12937035
336.995,1.20166639,1.19761884,3.26322213,3.13477452
337.09499999999997,1.20175011,1.19832469,3.25786739,3.14009752
337.195,1.20154607,1.19864853,3.25270764,3.14512023
337.295,1.20145462,1.19901156,3.24789764,3.14993422
337.39500000000004,1.20130314,1.19923084,3.24333465,3.15442324
337.495,1.20107963,1.19929276,3.23907135,3.15863159
337.595,1.20103203,1.19945785,3.23514081,3.1625797
337.695,1.20075881,1.19940901,3.2315081,3.16611819
337.795,1.20063655,1.19952279,3.22827633,3.16938965
337.895,1.20049009,1.19957814,3.22528564,3.17233773
337.995,1.20028907,1.19954259,3.22256428,3.1750292
338.095,1.20028894,1.19965154,3.22010517,3.17752749
338.195,1.20009128,1.19955708,3.21783871,3.17971708
338.295,1.20003609,1.19964834,3.21589957,3.18170929
338.395,1.1999572,1.19969604,3.21410999,3.18346834
338.495,1.19981986,1.1996568,3.21249228,3.18506456
338.59499999999997,1.1998827,1.19976531,3.21104071,3.18656312
338.695,1.19975079,1.1996667,3.20968223,3.18785075
338.795,1.19974816,1.19975494,3.20857398,3.18901615
338.89500000000004,1.19971721,1.19980248,3.20753842,3.19002568
338.995,1.19961895,1.19975858,3.2066001,3.19094465
339.09499999999997,1.19970947,1.19987458,3.205776,3.19181876
339.195,1.19961519,1.19977297,3.20496296,3.1925629
339.295,1.19964491,1.19985172,3.20434114,3.19324276
339.395,1.19964082,1.19989364,3.20374747,3.19381239
339.495,1.19955737,1.19984868,3.20321508,3.19432554
339.595,1.19966773,1.19995727,3.2027447,3.19484717
339.69500000000005,1.19959251,1.19984794,3.20224688,3.19527683
339.79499999999996,1.19963572,1.19991572,3.20190726,3.19567438
339.895,1.19963956,1.1999561,3.20157686,3.19598196
339.995,1.19956104,1.19990509,3.20127661,3.19626236
340.08884,1.20009454,1.21016394,3.20805896,3.18908431
340.18884,0.883969326,0.690933722,3.09595277,3.29365245
340.283,1.0750257,0.122581855,3.0982779,3.30019017
340.38300000000004,1.17667777,0.0347369044,3.09983875,3.30055539
340.483,1.18761472,0.0141658311,3.09963597,3.30044982
340.583,1.19286165,0.00652161592,3.09943135,3.30036084
340.683,1.19608236,0.00783989354,3.0992349,3.3002427
340.783,1.19694504,0.0109322351,3.09917951,3.30007597
340.883,1.19812598,0.0101899162,3.09952843,3.29950849
340.983,1.19924008,0.0124815863,3.10092876,3.29800457
341.083,1.19991599,0.0159416782,3.10392156,3.2948525
341.183,1.20005336,0.0188934243,3.10850596,3.29003487
341.283,1.20010908,0.0208414691,3.11410879,3.28433195
341.383,1.19984107,0.0208310477,3.11967895,3.278551
341.483,1.19962696,0.0193875172,3.12481946,3.2733379
341.58299999999997,1.19951775,0.0168881656,3.12930666,3.26877429
341.683,1.19935317,0.0138060704,3.13331653,3.26464291
341.783,1.19947244,0.0110487353,3.13720563,3.26076924
341.88300000000004,1.19947824,0.00835584245,3.14092449,3.25693584
341.983,1.19959397,0.00635432766,3.14482455,3.25303133
342.08299999999997,1.19974186,0.00495829941,3.14883556,3.24898892
342.183,1.19968862,0.00386704003,3.15288312,3.24484484
342.283,1.1998266,0.00335116014,3.15695295,3.24081196
342.383,1.19975374,0.00269024048,3.16069523,3.23697134
342.483,1.19977073,0.00221325179,3.16423609,3.23344462
342.583,1.19984049,0.00190491576,3.1675417,3.23012954
342.68300000000005,1.19972644,0.00150024553,3.17058043,3.22701554
342.78299999999996,1.19984529,0.00146999279,3.17348734,3.22416765
342.883,1.19977086,0.00119266334,3.17601472,3.22156079
342.983,1.19978663,0.0010108608,3.17833399,3.21927075
343.083,1.19985548,0.000917952175,3.18043486,3.21717519
343.183,1.1997532,0.000683020795,3.18231056,3.2152352
343.283,1.19987848,0.000772111838,3.18411331,3.21350178
343.38300000000004,1.19981198,0.000631881666,3.18564035,3.21190317
343.483,1.19982805,0.000536544208,3.18701548,3.21056257
343.58299999999997,1.19990313,0.000516996016,3.18824733,3.20934225
343.683,1.19980181,0.000336611974,3.18932774,3.20820097
343.783,1.19992822,0.000469085145,3.19040672,3.20719518
343.883,1.19986452,0.000381852977,3.19128957,3.20624374
343.983,1.19987539,0.000312452559,3.1920721,3.20549681
344.083,1.1999528,0.000330127718,3.1927775,3.20480566
344.183,1.19984692,0.000162990398,3.19337394,3.20414903
344.28299999999996,1.19997135,0.000299045109,3.19401198,3.20358574
344.383,1.19990925,0.000243007678,3.19451981,3.2030106
344.483,1.19991432,0.000193419377,3.19496447,3.20260111
344.583,1.19999001,0.000227408225,3.19536397,3.20221747
344.683,1.19988054,6.9714458e-05,3.19568363,3.20183732
344.783,1.19999778,0.000200214472,3.19606698,3.20152935
344.883,1.19994436,0.000172566377,3.19636209,3.2011678
344.983,1.1999387,0.000129399797,3.19661489,3.20094919
345.07680600000003,1.19841103,0.0168135189,3.21068969,3.18697077
345.176806,1.19809183,0.106326274,3.26896121,3.12957091
345.270967,1.21605073,0.336398368,3.29958061,3.09918819
345.370967,1.20310362,0.507497344,3.2999091,3.09958281
345.470967,1.20719871,0.630794597,3.29995119,3.09969395
345.570967,1.22142799,0.751008358,3.3000883,3.09974908
345.670967,1.22863411,0.949599521,3.29985983,3.09959876
345.77096700000004,1.2081343,1.04758981,3.29993174,3.09977769
345.870967,1.20250862,1.09450514,3.29993805,3.09966052
345.970967,1.20208929,1.1245833,3.29991522,3.09958509
346.070967,1.20218362,1.14559995,3.29958352,3.09968876
346.170967,1.20214568,1.16075798,3.29871136,3.10039868
346.270967,1.20203622,1.17190011,3.29696438,3.10201578
346.370967,1.20164346,1.17983174,3.294163,3.10459713
346.47096700000003,1.20147727,1.18576596,3.29051464,3.10816448
346.57096700000005,1.20133858,1.18994858,3.28606513,3.112426
346.67096699999996,1.20134848,1.19288427,3.28107328,3.11729243
346.770967,1.20155224,1.19506134,3.27573579,3.12253849
346.870967,1.20155381,1.19639438,3.27017858,3.12792016
346.97096700000003,1.20167586,1.1974772,3.26469433,3.13337451
347.070967,1.20161097,1.19816342,3.25929447,3.13864504
347.170967,1.20150448,1.19860288,3.25409548,3.14378062
347.27096700000004,1.20148805,1.19901478,3.24916067,3.14868751
347.370967,1.20125356,1.19911146,3.24446052,3.15327374
347.470967,1.2011845,1.19931665,3.24013948,3.15762111
347.570967,1.20097018,1.19939886,3.23613387,3.1615486
347.670967,1.20075719,1.19943401,3.2324644,3.1651985
347.770967,1.200686,1.19957601,3.22911426,3.16855927
347.870967,1.20044128,1.19949624,3.22599884,3.17159315
347.97096700000003,1.20039838,1.19958474,3.22322124,3.1744238
348.070967,1.20023522,1.19959123,3.22069713,3.17689256
348.17096699999996,1.2000761,1.19958653,3.21844209,3.17914546
348.270967,1.2000681,1.19970537,3.21641316,3.18120032
348.370967,1.19988837,1.19961775,3.21452578,3.18301816
348.47096700000003,1.19991533,1.19970214,3.21287237,3.18473408
348.570967,1.19982629,1.19970202,3.21136892,3.18619055
348.670967,1.19972712,1.19969396,3.2100521,3.18751053
348.770967,1.19977189,1.19981301,3.20887966,3.18871447
348.870967,1.19963848,1.19972623,3.20776857,3.18975985
348.970967,1.1997077,1.19980876,3.20681361,3.19078027
349.070967,1.1996626,1.19980252,3.20593244,3.19161766
349.170967,1.19959192,1.19979263,3.20518686,3.19236748
349.27096700000004,1.19966463,1.19990761,3.20452452,3.19306356
349.370967,1.1995533,1.19981661,3.20387274,3.19365072
349.470967,1.1996365,1.19990236,3.20333925,3.19425048
349.570967,1.19961731,1.19988874,3.20281705,3.19473041
349.670967,1.19956388,1.19986965,3.20239564,3.19515573
349.770967,1.19965188,1.19997686,3.20202517,3.19556111
349.870967,1.1995472,1.19988615,3.20164543,3.19587645
349.97096700000003,1.19963798,1.19996716,3.20134976,3.19623846
350.064794,1.22191597,1.21234508,3.19294376,3.20433916
350.164794,0.942824898,0.931903256,3.19241863,3.19798993
350.258958,1.00311582,0.197253138,3.09660706,3.29959198
350.358958,1.16810563,0.0428956811,3.09978014,3.30054545
350.458958,1.18588802,0.01803425,3.09970484,3.30048625
350.558958,1.19160298,0.0072033792,3.09944998,3.30035236
350.65895800000004,1.19555876,0.00679085296,3.09930367,3.30029765
350.75895799999995,1.19702405,0.0113032826,3.09916049,3.30012136
350.858958,1.19773338,0.00981229019,3.09936993,3.29970421
350.958958,1.19912456,0.0118470062,3.10048154,3.2985189
351.058958,1.19979959,0.015506887,3.10305776,3.29570428
351.158958,1.20009918,0.0189762815,3.10741432,3.29122323
351.258958,1.20013635,0.0211750034,3.11284606,3.28560117
351.35895800000003,1.19990391,0.0217968435,3.11857703,3.27968493
351.458958,1.19980733,0.0211372973,3.12402699,3.27417687
351.55895799999996,1.1995106,0.0189754003,3.12876681,3.26926872
351.658958,1.19935386,0.0159016922,3.13284751,3.26517363
351.758958,1.19936166,0.0124852223,3.13640746,3.26154561
351.85895800000003,1.1993671,0.00938999488,3.13994169,3.25793116
351.958958,1.19962128,0.0072376312,3.14373058,3.25416507
352.058958,1.19965013,0.00557199361,3.14767817,3.25010097
352.158958,1.1997176,0.00444755029,3.15174856,3.24604706
352.258958,1.19977318,0.00353292047,3.15565009,3.24209539
352.358958,1.19970768,0.00276530175,3.15942778,3.23824978
352.458958,1.19984431,0.00241947093,3.16309525,3.23462205
352.558958,1.19977217,0.00197599655,3.16647143,3.23114915
352.65895800000004,1.19979035,0.0017472954,3.16968651,3.22797202
352.758958,1.19981393,0.00147996031,3.17254145,3.22508843
352.858958,1.19973033,0.00116272298,3.17515064,3.22242931
352.958958,1.19985742,0.00111434814,3.17758542,3.22005179
353.058958,1.19978361,0.000902613994,3.17974557,3.21780901
353.158958,1.19982177,0.000875512225,3.18178878,3.2158163
353.258958,1.19984607,0.000771591938,3.18354482,3.21404247
353.35895800000003,1.19976539,0.000566333613,3.18510516,3.21243954
353.458958,1.19989776,0.00060945234,3.18656699,3.21104232
353.55895799999996,1.19982826,0.000469612493,3.18783003,3.20970212
353.658958,1.19986944,0.000503032703,3.18905462,3.2085321
353.758958,1.19989658,0.000462886325,3.19007551,3.20749802
353.858958,1.19981487,0.000292932313,3.19095611,3.2065768
353.958958,1.19994616,0.000373432792,3.19181048,3.20578977
354.058958,1.19987569,0.000257490665,3.19251937,3.20500543
354.15895800000004,1.19991866,0.000310096405,3.19324304,3.20433746
354.25895799999995,1.19994468,0.000304030099,3.19383038,3.20373918
354.358958,1.19985763,0.000154898595,3.19431663,3.20321222
354.458958,1.19998544,0.000251143117,3.19481475,3.20278266
354.558958,1.19991292,0.000147869547,3.19520267,3.20231997
354.658958,1.19995248,0.000208344902,3.19563758,3.20194055
354.758958,1.19997824,0.000225369105,3.19597776,3.20159088
354.85895800000003,1.19988611,7.75545029e-05,3.19623042,3.20129685
354.958958,1.20001295,0.000184372046,3.19652519,3.20107159
355.052801,1.19925303,0.00747504522,3.20291188,3.1947552
355.152801,1.19519977,0.0710074859,3.25090512,3.14745827
355.24696800000004,1.22126731,0.266892703,3.29825439,3.10061855
355.34696799999995,1.20188068,0.476038825,3.29990228,3.09954831
355.44696799999997,1.20642482,0.608230208,3.29994249,3.09968465
355.546968,1.21354011,0.715136137,3.29999005,3.09968659
355.646968,1.23390068,0.909806969,3.29991889,3.09958651
355.746968,1.21142937,1.03143137,3.29988365,3.09973343
355.846968,1.20306626,1.08565578,3.29995852,3.09971442
355.946968,1.20207984,1.11853205,3.29993508,3.09959357
356.046968,1.20210858,1.14119724,3.29968305,3.09961278
356.14696799999996,1.20231113,1.15769067,3.29900292,3.10018688
356.246968,1.20216369,1.1695693,3.29743123,3.10153275
356.346968,1.2019246,1.17825881,3.29490655,3.10393462
356.446968,1.20177678,1.18459252,3.29140582,3.1072929
356.546968,1.20156967,1.18899197,3.28708265,3.11142114
356.646968,1.20167606,1.19229752,3.28222708,3.11620742
356.746968,1.20166149,1.1944962,3.27693079,3.12131694
356.846968,1.20168601,1.19611127,3.27151248,3.12665595
356.94696799999997,1.2017654,1.19729461,3.26602368,3.13205367
357.046968,1.20164807,1.19795254,3.26056882,3.13737123
357.146968,1.20168387,1.19857128,3.25534585,3.14258655
357.24696800000004,1.20151874,1.19884395,3.2502915,3.14751769
357.346968,1.20135658,1.19909113,3.24560806,3.15218213
357.44696799999997,1.20124828,1.19932465,3.24121784,3.15653889
357.546968,1.20097741,1.19933165,3.23710645,3.160565
357.646968,1.20091776,1.19949724,3.23336209,3.16434739
357.746968,1.20070671,1.19946456,3.22986078,3.16776559
357.846968,1.20053536,1.19950453,3.22675294,3.17088709
357.946968,1.20044001,1.19961416,3.22393037,3.17370488
358.046968,1.20020722,1.19954291,3.22132592,3.17624711
358.14696799999996,1.2002016,1.19966288,3.21901234,3.17861793
358.246968,1.20006081,1.19960696,3.21684909,3.18071431
358.346968,1.19996706,1.19962526,3.21497467,3.1826141
358.44696799999997,1.19994282,1.19972668,3.21330017,3.18429461
358.546968,1.19977448,1.19965148,3.21175041,3.18578994
358.646968,1.1998259,1.19977241,3.21040392,3.18720032
358.74696800000004,1.19974041,1.19972252,3.20912049,3.18842274
358.84696799999995,1.19970562,1.19972996,3.20802314,3.18954876
358.94696799999997,1.19972483,1.19983158,3.20706843,3.19051355
359.046968,1.19959248,1.19975654,3.20616917,3.19136058
359.146968,1.19967618,1.19987525,3.20540641,3.1921894
359.246968,1.19962221,1.19982339,3.20464576,3.1928913
359.346968,1.19961713,1.19982094,3.20401002,3.19355617
359.446968,1.19965842,1.19991827,3.20347812,3.1941
359.54696800000005,1.19954277,1.19983869,3.20295901,3.1945672
359.64696799999996,1.19963872,1.19995404,3.20253955,3.19505349
359.746968,1.19959627,1.19990341,3.2020889,3.19544655
359.846968,1.1996073,1.1998903,3.20171587,3.19584818
359.946968,1.19966253,1.19997993,3.20142244,3.19615468
360.040822,1.22676876,1.21847599,3.19469111,3.20296429
360.140822,1.06743556,1.14769922,3.25775172,3.13584173
360.234987,0.929058475,0.320789962,3.0943793,3.2986603
360.33498699999996,1.15413337,0.0560200579,3.09964417,3.30054964
360.434987,1.18412694,0.0225030123,3.09973577,3.30048727
360.534987,1.19057612,0.00882143694,3.09951158,3.30038868
360.634987,1.19494694,0.00641086771,3.09934964,3.30032576
360.734987,1.19735691,0.0113598824,3.09917395,3.30015975
360.834987,1.1974652,0.00997068516,3.09929071,3.29987324
360.934987,1.19869896,0.0105523745,3.10007049,3.2989079
361.034987,1.19948044,0.0129940653,3.10217239,3.29665109
361.13498699999997,1.19998363,0.0158257555,3.1059294,3.29276977
361.234987,1.19995338,0.0175745178,3.11087917,3.28757413
361.334987,1.19994496,0.018292732,3.11642155,3.28194857
361.43498700000004,1.19972069,0.0174006756,3.12172276,3.27647691
361.534987,1.19952115,0.0153018563,3.12651525,3.27158486
361.63498699999997,1.19955725,0.0128409969,3.13091001,3.26716058
361.734987,1.19946056,0.0101688504,3.13503233,3.26290046
361.834987,1.19960286,0.0080872247,3.13921896,3.25872835
361.934987,1.19964434,0.00632203861,3.14338517,3.25446803
362.034987,1.19965945,0.00486557542,3.14752942,3.25027483
362.134987,1.19981673,0.00397551467,3.15170503,3.24610589
362.23498700000005,1.19972837,0.00312969147,3.15573178,3.24196648
362.33498699999996,1.1998187,0.00271739702,3.15968831,3.23804857
362.434987,1.19979564,0.00230819303,3.16336094,3.23430625
362.534987,1.19973791,0.0018383042,3.16671137,3.23092918
362.634987,1.19985578,0.00164819273,3.16985733,3.22781442
362.734987,1.19974361,0.00129013916,3.17270371,3.22487717
362.834987,1.19982062,0.00121165928,3.17539869,3.22224115
362.93498700000004,1.19981125,0.00109159581,3.17781534,3.21977314
363.034987,1.19975631,0.000858096724,3.1799477,3.21762729
363.13498699999997,1.19987912,0.000845030076,3.18191472,3.21570434
363.234987,1.19977325,0.000618838772,3.18363752,3.21390045
363.334987,1.19985584,0.000640534134,3.1852796,3.21232581
363.434987,1.19985703,0.00061317611,3.18672728,3.21083467
363.534987,1.19979962,0.000452533992,3.18797351,3.20957881
363.634987,1.19992821,0.000498380334,3.18912413,3.20847748
363.734987,1.19982267,0.000315732029,3.19010378,3.20741993
363.83498699999996,1.1999009,0.000364092252,3.19106919,3.2065245
363.934987,1.19991079,0.000377286425,3.19191136,3.20564236
364.034987,1.19984913,0.00025357508,3.19262153,3.20492313
364.134987,1.19997494,0.000325368698,3.19328427,3.20431186
364.234987,1.19986827,0.000166320115,3.19382497,3.20369414
364.334987,1.19994264,0.0002300448,3.19439472,3.2031951
364.43498700000004,1.1999529,0.000249431167,3.1948746,3.20267698
364.534987,1.19988606,0.000155523116,3.19528307,3.20225872
364.63498699999997,1.20000907,0.000237479989,3.19566127,3.20193323
364.734987,1.19990452,9.54887534e-05,3.19594981,3.20156801
364.834987,1.19996825,0.000156231045,3.19628955,3.20129877
364.93498700000004,1.19998046,0.000179176892,3.19656081,3.20099047
365.028859,1.1970775,-0.00150237433,3.19770673,3.20007686
365.128859,1.19290034,0.0410711582,3.23262672,3.16545883
365.223,1.21542286,0.199675068,3.29286321,3.10611472
365.32300000000004,1.20264449,0.441975224,3.29990177,3.09948202
365.423,1.20533983,0.583466438,3.2999116,3.09964319
365.52299999999997,1.21026853,0.689759803,3.29998099,3.09970145
365.623,1.23522199,0.865354128,3.29997333,3.09959419
365.723,1.21538836,1.01287591,3.29986655,3.09970556
365.823,1.20390023,1.07619948,3.2999654,3.09975334
365.923,1.20198037,1.11221003,3.29992531,3.09958994
366.023,1.20210152,1.13695535,3.29979091,3.09960006
366.123,1.20224445,1.15462122,3.29920992,3.09998729
366.22299999999996,1.20216576,1.16728827,3.29785961,3.10114473
366.323,1.2021862,1.17664511,3.29554775,3.10335383
366.423,1.20198676,1.1832501,3.29217452,3.10650432
366.523,1.20194036,1.18813342,3.28804174,3.11054496
366.623,1.20191165,1.19164125,3.28327398,3.11515732
366.723,1.20184681,1.19401337,3.27807408,3.1202027
366.823,1.20198595,1.1958345,3.27267727,3.12553993
366.923,1.20189301,1.19694429,3.26715782,3.13088799
367.02299999999997,1.20188774,1.19781301,3.26175538,3.13625535
367.123,1.20180135,1.19843179,3.25650122,3.14141619
367.223,1.20159385,1.19874559,3.25144174,3.14638392
367.32300000000004,1.20155592,1.19910854,3.24668163,3.15114606
367.423,1.20130533,1.19918395,3.24216159,3.15555285
367.52299999999997,1.20116948,1.19932921,3.23802424,3.15970723
367.623,1.20099188,1.19945063,3.23421523,3.16347023
367.723,1.20072746,1.19943629,3.23070252,3.1669315
367.823,1.20067613,1.19958025,3.22751437,3.17015662
367.923,1.20044875,1.19951394,3.22454871,3.17303859
368.023,1.20036301,1.19956636,3.2219136,3.17571443
368.12300000000005,1.20025349,1.19962748,3.21953661,3.17806596
368.22299999999996,1.20005618,1.19957948,3.21738091,3.18018587
368.323,1.20007358,1.19970613,3.21546017,3.18215713
368.423,1.19991666,1.19963316,3.2136661,3.18387857
368.523,1.19989873,1.19968321,3.21210629,3.18548717
368.623,1.19986214,1.19973522,3.21069906,3.18687653
368.723,1.19971849,1.19968843,3.20944282,3.18810181
368.82300000000004,1.19978523,1.19981684,3.20833743,3.18926251
368.923,1.19967555,1.19974456,3.20727741,3.19025371
369.02299999999997,1.19969925,1.199791,3.20637705,3.19120504
369.123,1.19970557,1.19983612,3.20555779,3.19200946
369.223,1.19958986,1.19978652,3.20484122,3.19269607
369.323,1.19968142,1.19991172,3.20422052,3.19337387
369.423,1.19959393,1.1998379,3.20359615,3.19393082
369.523,1.19963437,1.19988203,3.20308759,3.1944906
369.623,1.19966593,1.19991786,3.20260627,3.19495864
369.72299999999996,1.19956573,1.19985966,3.20219778,3.19533691
369.823,1.1996677,1.19998035,3.20185888,3.19573375
369.923,1.19959099,1.1999017,3.20148467,3.19604114
370.016914,1.21550986,1.21504929,3.20099201,3.19710249
370.116914,1.16295709,1.20772658,3.23380738,3.16278596
370.211,0.882666581,0.495060755,3.09284701,3.29790869
370.31100000000004,1.13010014,0.0773689569,3.09928228,3.30047557
370.411,1.18180761,0.027669796,3.09977515,3.30050275
370.51099999999997,1.1895465,0.0110335536,3.09958645,3.30043689
370.611,1.19404924,0.00626150193,3.09935757,3.30031584
370.711,1.19697902,0.00936519961,3.09925119,3.30025303
370.811,1.19720692,0.0102367565,3.09921625,3.29997368
370.911,1.19833513,0.0097330568,3.09976707,3.29921525
371.011,1.19934651,0.0117103488,3.10152052,3.29738758
371.11100000000005,1.1997771,0.0140547086,3.10477173,3.29390947
371.21099999999996,1.19988391,0.0156471928,3.10938391,3.28915572
371.311,1.19991631,0.0161105677,3.11462036,3.28378687
371.411,1.19968965,0.0152742452,3.11986884,3.27834458
371.511,1.19967775,0.0137933928,3.12491374,3.27326788
371.611,1.19958074,0.0116707755,3.12955824,3.26847854
371.711,1.19953763,0.00939818201,3.13397648,3.26401714
371.81100000000004,1.19966065,0.00740185013,3.13826009,3.25969606
371.911,1.19962011,0.00570186806,3.14256294,3.25527381
372.01099999999997,1.19978054,0.00467992197,3.14697906,3.2508823
372.111,1.19978153,0.00381416067,3.15126868,3.24648838
372.211,1.19975834,0.00313958463,3.15544109,3.24230292
372.311,1.19983563,0.0026228796,3.15933864,3.23839593
372.411,1.19972513,0.00206490254,3.16298674,3.23465422
372.511,1.19983192,0.00187048644,3.16648305,3.23120982
372.611,1.19979511,0.00158684233,3.16965113,3.227963
372.71099999999996,1.19977521,0.00138243396,3.17260165,3.22502252
372.811,1.19984227,0.00122414178,3.17523782,3.22239804
372.911,1.19973133,0.000923682706,3.17760133,3.21995792
373.011,1.19984434,0.000934262947,3.17984534,3.21778118
373.111,1.1998125,0.000787669883,3.18179552,3.2157652
373.211,1.19980189,0.000705111565,3.18360561,3.21397463
373.311,1.19988052,0.000658089748,3.18518563,3.21241581
373.411,1.1997739,0.000440979303,3.18657048,3.21096062
373.51099999999997,1.19988906,0.000506583465,3.18790737,3.20969695
373.611,1.19986198,0.000433811109,3.18904979,3.20849319
373.711,1.19985522,0.00040135915,3.1901147,3.20745095
373.81100000000004,1.19993195,0.00041658166,3.19103849,3.20655191
373.911,1.19982306,0.000227580777,3.19180916,3.20571262
374.011,1.19993644,0.000315253995,3.1925917,3.20500532
374.111,1.19990914,0.00026422004,3.19323725,3.20430041
374.211,1.19989932,0.000253178145,3.19385982,3.20370057
374.311,1.19997446,0.000294044813,3.1943918,3.20319528
374.411,1.19986199,0.000110178747,3.19479859,3.20272006
374.511,1.19997281,0.000204461174,3.19525758,3.20233704
374.611,1.19994464,0.000165837023,3.19561832,3.20191798
374.711,1.19993326,0.000159326579,3.1959813,3.20157705
374.811,1.20000569,0.00021843692,3.19629426,3.20129207
374.911,1.19988941,4.40260108e-05,3.19649984,3.20101773
375.004994,1.19690513,-0.00286364893,3.19666952,3.20060245
375.104994,1.1934396,0.0205040749,3.21734954,3.18035929
375.20059999999995,1.20629852,0.141563434,3.28092038,3.11841845
375.299,1.20753241,0.400667687,3.29979876,3.09922004
375.399,1.20319243,0.559617977,3.29992508,3.0996549
375.499,1.20826748,0.67069409,3.29997523,3.09972309
375.599,1.23150687,0.823261412,3.30002658,3.09965007
375.69899999999996,1.21944124,0.993298691,3.29988161,3.09969879
375.799,1.20463494,1.06684218,3.29993331,3.09974842
375.899,1.20179871,1.10624593,3.29994659,3.09962804
375.999,1.20192748,1.13275907,3.29984955,3.09958738
376.099,1.20204559,1.15148993,3.29935103,3.09983969
376.199,1.20221196,1.16518776,3.29822122,3.10086827
376.299,1.20221062,1.1750422,3.29605679,3.102832
376.399,1.20212916,1.1821353,3.29288674,3.10584604
376.49899999999997,1.20222439,1.18735588,3.2888523,3.10977025
376.599,1.20214821,1.19091088,3.28410828,3.11430613
376.699,1.20224827,1.1935965,3.27900428,3.11934569
376.79900000000004,1.20223685,1.19542363,3.27360841,3.12458429
376.899,1.20213056,1.19668497,3.2681703,3.1299171
376.999,1.20214555,1.19769523,3.26278116,3.13525431
377.099,1.2019391,1.19820903,3.25745513,3.14043482
377.199,1.20187575,1.19870435,3.25240323,3.14548551
377.299,1.2016975,1.19896963,3.24755974,3.15023431
377.399,1.2014426,1.19912167,3.24305915,3.15468714
377.499,1.20133407,1.19936166,3.23889007,3.15885779
377.59900000000005,1.20104396,1.19934473,3.23496452,3.16268559
377.699,1.20093995,1.19947523,3.23141626,3.16627392
377.799,1.20076328,1.19949628,3.22811893,3.16951289
377.899,1.20054114,1.19948109,3.22515811,3.17245511
377.999,1.20047792,1.19962134,3.22250576,3.17513449
378.099,1.20024875,1.19954374,3.22003073,3.17753252
378.199,1.20021677,1.19963208,3.2178457,3.17977426
378.29900000000004,1.20011395,1.19963973,3.21583354,3.18174271
378.399,1.19997362,1.19960822,3.21404733,3.18352059
378.49899999999997,1.19998508,1.19974139,3.21248274,3.18512164
378.599,1.19982332,1.19966227,3.21100642,3.18652821
378.699,1.19985235,1.19975052,3.20973177,3.18786504
378.799,1.19980954,1.19975642,3.20854174,3.18901674
378.899,1.19972555,1.19971411,3.20749062,3.19006232
378.999,1.1997784,1.1998438,3.2066039,3.190989
379.09900000000005,1.19964847,1.19976627,3.2057457,3.19177976
379.19899999999996,1.19970671,1.19985154,3.20502245,3.19256672
379.299,1.19969341,1.19985464,3.20432554,3.19322755
379.399,1.1996347,1.19980428,3.203713,3.19383485
379.499,1.19970727,1.19993058,3.20322595,3.1943634
379.599,1.19959395,1.19984953,3.20272579,3.19479678
379.699,1.19966569,1.19992911,3.20232209,3.19526443
379.79900000000004,1.19966666,1.19992874,3.20191118,3.19564053
379.899,1.19962187,1.19986933,3.20154857,3.19599733
379.99850000000004,1.19971015,1.19999001,3.20129068,3.19630435
380.09299999999996,1.2086175,1.21509937,3.20538446,3.1917635
380.193,0.8910414,0.635436995,3.09284281,3.2969759
380.287,1.09461616,0.11260934,3.09857177,3.30025405
380.387,1.17839596,0.0339778071,3.09981548,3.30055523
380.487,1.1886553,0.0139744182,3.09961856,3.30044907
380.58700000000005,1.19330312,0.00704778335,3.09938556,3.30033167
380.687,1.19645615,0.00834711142,3.09925521,3.3002718
380.787,1.19705674,0.0107819825,3.0991452,3.30001951
380.887,1.19810307,0.00927721861,3.09957838,3.29948706
380.987,1.19901481,0.00976071621,3.10091994,3.29798979
381.087,1.19942716,0.0106528375,3.10360759,3.29510412
381.187,1.19978864,0.0115287691,3.10765891,3.29096502
381.28700000000003,1.19976783,0.0115165288,3.1124666,3.28593553
381.387,1.19976509,0.0108729136,3.11763582,3.28068588
381.48699999999997,1.19975257,0.0096986829,3.12276706,3.27543451
381.587,1.19964259,0.00806193197,3.12771411,3.27035122
381.687,1.19979719,0.00678756239,3.13265907,3.26539676
381.787,1.19974986,0.00553888777,3.13750326,3.26040919
381.887,1.19979207,0.00460800479,3.14232137,3.25557929
381.987,1.19983495,0.00388732891,3.14699188,3.25084675
382.08700000000005,1.19973028,0.00306901094,3.15138971,3.24635762
382.18699999999995,1.19986489,0.00266553649,3.15565059,3.2421285
382.287,1.19979134,0.00220108252,3.15963558,3.23803768
382.387,1.19979925,0.00191083972,3.16341286,3.23428269
382.487,1.19983656,0.00171823171,3.16689341,3.23077343
382.587,1.19972133,0.00133269973,3.17001189,3.2275905
382.687,1.19985081,0.00125263255,3.17292819,3.22473091
382.78700000000003,1.19978087,0.00102755131,3.1755453,3.22202936
382.887,1.19979764,0.000926663079,3.17797736,3.21963741
382.98699999999997,1.1998465,0.000895612846,3.1801701,3.21743233
383.087,1.19973915,0.00064828319,3.1820718,3.21547758
383.187,1.19987895,0.000672423473,3.18383881,3.21377787
383.28700000000003,1.19981543,0.000522625232,3.18538445,3.21215629
383.387,1.1998389,0.000492335889,3.18683613,3.2107509
383.487,1.19989677,0.000521379301,3.18813119,3.20945024
383.587,1.19978943,0.000334053772,3.18922715,3.20830459
383.687,1.19992671,0.000398919159,3.19025635,3.20734646
383.787,1.19986712,0.000289294667,3.19113413,3.20639575
383.887,1.19988852,0.000289387539,3.19198395,3.20559377
383.987,1.19994622,0.000333195344,3.19272772,3.20484741
384.087,1.19983849,0.000187942604,3.19335115,3.20417466
384.187,1.19996951,0.000266582694,3.19394193,3.20365643
384.287,1.19990992,0.000166893924,3.19442099,3.2031058
384.387,1.19992571,0.00018766463,3.1949271,3.20264721
384.48699999999997,1.19998529,0.000241268893,3.1953518,3.20222172
384.587,1.19987453,0.000109262638,3.19569678,3.2018269
384.687,1.19999857,0.000186690044,3.19603211,3.20156479
384.78700000000003,1.19993689,8.57578263e-05,3.19627999,3.20124574
384.887,1.199955,0.000107721015,3.19657892,3.20099404
384.98699999999997,1.20000947,0.00017001237,3.19683101,3.20074244
385.080986,1.19554697,0.00926091393,3.20731652,3.1902605
385.18098599999996,1.20406634,0.09786772,3.26165163,3.13693887
385.275,1.21813694,0.331775874,3.29950731,3.09910124
385.375,1.20173163,0.526967835,3.29995116,3.09966017
385.475,1.20703148,0.644726494,3.29993976,3.09970204
385.575,1.22640115,0.783517008,3.30008681,3.09974224
385.675,1.22304185,0.97099056,3.29987043,3.09966439
385.77500000000003,1.20508226,1.05653206,3.29991085,3.09975589
385.875,1.20148495,1.09989587,3.29997513,3.09968331
385.97499999999997,1.20144089,1.12820843,3.29986732,3.09955634
386.075,1.20172586,1.14834916,3.29951555,3.09975366
386.175,1.2019073,1.1629652,3.2985366,3.10057945
386.27500000000003,1.20184244,1.17334554,3.29657545,3.10232215
386.375,1.20200368,1.18101186,3.29361952,3.1051889
386.475,1.20203718,1.18641617,3.28967002,3.1089301
386.575,1.20211467,1.1903124,3.28505855,3.11342326
386.675,1.20224414,1.19318894,3.27998925,3.11837648
386.775,1.20218063,1.19506041,3.27460416,3.12358514
386.875,1.2022969,1.19653107,3.26915376,3.12899575
386.975,1.202208,1.19743676,3.26367154,3.13432769
387.075,1.20209416,1.19808905,3.25836719,3.13957578
387.175,1.20200832,1.19863469,3.2532827,3.14460898
387.275,1.20172412,1.19885545,3.24841038,3.14936804
387.375,1.20164549,1.19915841,3.24386049,3.15393776
387.47499999999997,1.20141533,1.19924113,3.23955694,3.15814627
387.575,1.20120716,1.19931942,3.2356262,3.16206862
387.675,1.20107902,1.19946355,3.23202527,3.16566126
387.77500000000003,1.20077745,1.19942303,3.22870839,3.16890126
387.875,1.20071128,1.19955729,3.22571823,3.1719423
387.97499999999997,1.20052875,1.19952857,3.22292899,3.17466304
388.075,1.20038513,1.19953246,3.22044954,3.17715464
388.175,1.20033277,1.19962978,3.2182232,3.17939086
388.275,1.20010274,1.19956708,3.21620474,3.18134639
388.375,1.20010645,1.19969278,3.21442191,3.1831917
388.475,1.20000056,1.19965867,3.21273529,3.18481981
388.57500000000005,1.19992688,1.19965793,3.21126528,3.18630853
388.67499999999995,1.19994643,1.19974881,3.2099525,3.18763801
388.775,1.1997755,1.19968225,3.2087704,3.18876156
388.875,1.19982772,1.1998056,3.20774984,3.1898484
388.975,1.19976669,1.19977104,3.2067522,3.19079125
389.075,1.19973137,1.19976574,3.20590107,3.19166266
389.175,1.19978732,1.19985294,3.20514522,3.19243793
389.27500000000003,1.19964727,1.19977914,3.20446187,3.19306383
389.375,1.1997214,1.19989854,3.20389585,3.19369735
389.47499999999997,1.19968332,1.19986019,3.20330312,3.19423689
389.575,1.19966362,1.19984957,3.20281662,3.19474355
389.675,1.19973608,1.19993496,3.2023885,3.19519253
389.77500000000003,1.19961227,1.19985373,3.20199237,3.19553125
389.875,1.19969598,1.19996829,3.20168924,3.19590222
389.975,1.19966729,1.19992878,3.20133371,3.19620551
390.068945,1.22820975,1.21921684,3.1937714,3.20376673
390.168945,0.938510333,0.864167625,3.14412787,3.24556558
390.262993,1.03756634,0.166956085,3.09738645,3.29992011
390.362993,1.17227718,0.0427348352,3.09979635,3.30058095
390.46299300000004,1.18743026,0.0172994317,3.09964237,3.30045091
390.56299299999995,1.19270514,0.00883184407,3.09945582,3.30038268
390.662993,1.19602716,0.00868048824,3.09926272,3.30027325
390.762993,1.19707561,0.0116644468,3.09913734,3.30009123
390.862993,1.19790219,0.00945888862,3.09942462,3.2996904
390.962993,1.19872078,0.00898787966,3.10043812,3.29845388
391.062993,1.19932137,0.00946325476,3.10277243,3.29603424
391.16299300000003,1.19960145,0.00964672428,3.10634042,3.29227967
391.262993,1.1996559,0.00929001074,3.11082953,3.28762954
391.36299299999996,1.1998046,0.00857099377,3.11579645,3.2825883
391.462993,1.19972915,0.007450259,3.12090407,3.27728815
391.562993,1.19981687,0.00654092227,3.12617252,3.27198417
391.66299300000003,1.19983568,0.0056022965,3.13136599,3.2666693
391.762993,1.19978588,0.00467795906,3.13647172,3.26147112
391.862993,1.19988766,0.00397778707,3.14144768,3.25648511
391.962993,1.19978595,0.00320331004,3.14619681,3.25160097
392.062993,1.19984895,0.0028079156,3.15086328,3.24695089
392.162993,1.19984748,0.0024371709,3.15523765,3.24250285
392.262993,1.19977398,0.00205128558,3.1593316,3.23835754
392.362993,1.19986184,0.00182534755,3.16312684,3.23459133
392.46299300000004,1.19975057,0.00141316178,3.16655203,3.23106537
392.562993,1.19981315,0.00129543419,3.16981311,3.2278513
392.662993,1.19982147,0.00117393218,3.17276805,3.22484989
392.762993,1.19975825,0.000986066442,3.17544407,3.22214372
392.862993,1.19985777,0.000942485902,3.17787136,3.21976484
392.962993,1.19975711,0.000674606516,3.17998011,3.21757066
393.062993,1.19982786,0.000663894096,3.18199057,3.21561991
393.16299300000003,1.19984769,0.000632588934,3.18377606,3.21379946
393.262993,1.19978945,0.000506474412,3.18536182,3.21219097
393.36299299999996,1.19990277,0.000556575335,3.18681326,3.21079543
393.462993,1.19980273,0.000343653326,3.18801714,3.20951158
393.562993,1.19987282,0.000368699531,3.18919672,3.20839584
393.662993,1.19989684,0.000386178831,3.19024067,3.2073214
393.762993,1.19984036,0.000286251867,3.19114409,3.20639709
393.862993,1.19995169,0.000361125078,3.19198617,3.20561372
393.96299300000004,1.19985217,0.000171844787,3.19264168,3.20487994
394.06299299999995,1.19991773,0.000203605577,3.19332235,3.20426427
394.162993,1.19994675,0.00023991645,3.19392347,3.20363491
394.262993,1.19988021,0.000159910079,3.19444304,3.20309401
394.362993,1.19999738,0.000271150159,3.19494417,3.20265313
394.462993,1.19988849,9.38468199e-05,3.19528868,3.20223076
394.562993,1.19995027,0.000127859065,3.1956807,3.20190377
394.66299300000003,1.19997849,0.000169564284,3.19602557,3.20153202
394.762993,1.19990771,9.32890907e-05,3.1963176,3.20121766
394.86299299999996,1.20002418,0.0002170668,3.19662091,3.20097578
394.962993,1.19991146,4.56082156e-05,3.1967864,3.20073241
395.056956,1.19684932,0.0023584154,3.20113797,3.19647526
395.15695600000004,1.20055131,0.0552575917,3.23724392,3.16101775
395.250933,1.2265028,0.252909923,3.29735632,3.10146705
395.350933,1.2023159,0.48875763,3.29992037,3.09955671
395.450933,1.20558207,0.618584845,3.2999277,3.09969969
395.550933,1.22031575,0.747731172,3.30008964,3.09978592
395.650933,1.2262486,0.944812819,3.29984537,3.09960783
395.750933,1.20576694,1.04527953,3.2999258,3.09979649
395.850933,1.20093636,1.09312037,3.29996591,3.09970733
395.95093299999996,1.20082767,1.12342549,3.29989584,3.09956134
396.050933,1.20133339,1.14499971,3.29964562,3.09969248
396.150933,1.20149141,1.16036998,3.29877841,3.10032082
396.25093300000003,1.20164525,1.17157421,3.29706743,3.10191232
396.350933,1.20179085,1.17972293,3.29427826,3.1045391
396.45093299999996,1.20181751,1.18545674,3.29049457,3.1081285
396.550933,1.20205204,1.18974743,3.28600932,3.11253134
396.650933,1.20212124,1.1926374,3.28092874,3.1174108
396.750933,1.20226229,1.1947452,3.27558574,3.12267335
396.850933,1.20234874,1.19626981,3.27010839,3.12803703
396.950933,1.20222142,1.19720661,3.26462682,3.1333813
397.05093300000004,1.20222685,1.1980421,3.25932666,3.13866165
397.15093299999995,1.2020249,1.19846937,3.25414256,3.14371018
397.250933,1.20189947,1.19881865,3.24923873,3.14859721
397.350933,1.20176766,1.19908801,3.24460861,3.15317527
397.450933,1.20146969,1.19914495,3.24027999,3.15742209
397.550933,1.20136189,1.19936068,3.23633258,3.16139949
397.650933,1.20108599,1.19937413,3.23264269,3.16499802
397.75093300000003,1.20092952,1.19944544,3.22929057,3.16837046
397.850933,1.20081672,1.19952387,3.22620662,3.17143508
397.95093299999996,1.20056521,1.19945285,3.22339353,3.17419254
398.050933,1.20051652,1.19958984,3.22091427,3.17672402
398.150933,1.20030966,1.19955898,3.21862165,3.17894381
398.25093300000003,1.20022383,1.19960487,3.21658082,3.18101907
398.350933,1.20019252,1.19966597,3.21470541,3.18288803
398.450933,1.20001682,1.19958636,3.2130109,3.18453606
398.550933,1.20004678,1.19970955,3.2115457,3.1860614
398.650933,1.19990231,1.19967834,3.21019578,3.18734511
398.750933,1.199869,1.1997243,3.20901395,3.18856563
398.850933,1.19989038,1.19978543,3.20791291,3.18966513
398.950933,1.19976258,1.19970204,3.20691436,3.19061976
399.050933,1.19983601,1.19981983,3.20607598,3.19152106
399.150933,1.19972857,1.19978446,3.20529305,3.19224018
399.250933,1.19972218,1.19982602,3.20462488,3.19294784
399.350933,1.19977247,1.19988225,3.20398134,3.19359202
399.45093299999996,1.19966478,1.1997958,3.20339829,3.19413154
399.550933,1.19975929,1.19990814,3.2029283,3.19466549
399.650933,1.19967159,1.19986705,3.20247445,3.19505657
399.75093300000003,1.19967604,1.19990374,3.20210621,3.19546398
399.850933,1.19973854,1.199958,3.20173168,3.19584047
399.95093299999996,1.19964698,1.19986034,3.20137713,3.19615113
400.044964,1.22792991,1.22232714,3.19684637,3.20097213
400.144964,1.07618526,1.13160647,3.24174692,3.15005229
400.238912,0.965027986,0.270354566,3.09517471,3.29901357
400.338912,1.1616208,0.0569395896,3.09963214,3.30052994
400.43891199999996,1.18588353,0.0220182142,3.09970228,3.30049574
400.538912,1.1920314,0.0111279178,3.09950312,3.30040845
400.638912,1.19547829,0.00909718223,3.09927851,3.3002796
400.73891199999997,1.19739543,0.0124224561,3.09917838,3.30017675
400.838912,1.19761352,0.00979938524,3.09927562,3.2998184
400.938912,1.1985505,0.00877914733,3.10007963,3.29887994
401.03891200000004,1.19921,0.00867039684,3.10201669,3.29683219
401.13891199999995,1.19940783,0.00832829534,3.10516533,3.29345755
401.23891199999997,1.19966398,0.00789313557,3.10938595,3.28916623
401.338912,1.19976142,0.0071778562,3.11418226,3.28418917
401.438912,1.19979247,0.00640569423,3.11936579,3.27889454
401.538912,1.19989855,0.00567966303,3.12469154,3.27350006
401.638912,1.19978606,0.00475990276,3.12996883,3.26805308
401.738912,1.19987119,0.00408172752,3.13522077,3.26279277
401.838912,1.19987551,0.00343616198,3.14030022,3.2575951
401.93891199999996,1.19984841,0.00294430607,3.14527903,3.25256337
402.038912,1.19991716,0.0026500239,3.15005672,3.24777259
402.138912,1.19977501,0.00217110854,3.15449231,3.24321741
402.238912,1.19983471,0.00190751363,3.15867303,3.23907382
402.338912,1.19982429,0.00160682785,3.16249712,3.2351729
402.438912,1.19978996,0.00138467152,3.16609196,3.23156095
402.538912,1.19986757,0.00132318626,3.16941694,3.22825652
402.638912,1.19973543,0.00104315855,3.1723787,3.22520272
402.73891199999997,1.19980868,0.000963916826,3.17510888,3.22253299
402.838912,1.19981212,0.000802807028,3.17751214,3.22007311
402.938912,1.19978691,0.000680799353,3.1797419,3.21784156
403.03891200000004,1.19987906,0.0007301575,3.1817979,3.21582028
403.138912,1.1997623,0.000524836468,3.18355753,3.21397955
403.23891199999997,1.19984189,0.000523296934,3.18519337,3.21241281
403.338912,1.19984995,0.00042532336,3.18658903,3.21096794
403.438912,1.19982983,0.000349556777,3.18789121,3.20966849
403.538912,1.19993068,0.000441972151,3.18910483,3.20849561
403.638912,1.19981144,0.000275140085,3.19010928,3.20741341
403.738912,1.19989681,0.000327340606,3.19107202,3.20652256
403.838912,1.19989906,0.000254668959,3.19185158,3.20569669
403.938912,1.19987365,0.000182330302,3.19258458,3.20496712
404.038912,1.19997973,0.00030061794,3.19329939,3.20429555
404.138912,1.19985879,0.00015565095,3.19386026,3.20365807
404.23891199999997,1.19994086,0.000228953563,3.19442775,3.20316315
404.338912,1.19993721,0.000163797579,3.19484705,3.20269878
404.438912,1.19990493,8.52903354e-05,3.19524886,3.20229964
404.53891200000004,1.20001659,0.000214353076,3.19567305,3.20192037
404.638912,1.19988862,7.71771892e-05,3.19598201,3.20153473
404.73891199999997,1.19997151,0.000161046708,3.1963216,3.20126799
404.838912,1.1999655,0.000110135525,3.19654365,3.20100183
404.938912,1.19992856,3.68812336e-05,3.19676416,3.20078295
405.032973,1.19557387,-0.00407635798,3.19714807,3.20055025
405.132973,1.19424653,0.0204800366,3.21690933,3.18100354
405.22692,1.22358456,0.180791103,3.28767681,3.11129851
405.32692,1.20896701,0.429584489,3.29980913,3.09929314
405.42692,1.20556335,0.580534503,3.29995603,3.09970434
405.52692,1.2186786,0.717026194,3.30004923,3.09975915
405.62692,1.22573974,0.923006787,3.2998513,3.09960908
405.72692,1.2038557,1.0358565,3.29993204,3.09984098
405.82692000000003,1.19903005,1.08711311,3.29994451,3.09972748
405.92692,1.19963448,1.1191684,3.2999461,3.09960974
406.02691999999996,1.20044959,1.14178346,3.29971136,3.0996263
406.12692,1.20081001,1.15807588,3.2989945,3.10014843
406.22692,1.20114203,1.17002945,3.29746253,3.10156605
406.32692000000003,1.20122985,1.17850095,3.29481372,3.10398519
406.42692,1.20153088,1.18470795,3.29120204,3.10750126
406.52692,1.20183048,1.18910228,3.28671941,3.11180843
406.62692,1.2020144,1.19214746,3.28167925,3.11669168
406.72692,1.20228304,1.19447054,3.27636101,3.12193415
406.82692,1.20226199,1.19594887,3.27085295,3.12726055
406.92692,1.20232257,1.19711691,3.26540746,3.13266686
407.02692,1.20229872,1.19788349,3.2599981,3.13796517
407.12692000000004,1.20213583,1.19831814,3.25477328,3.14309896
407.22692,1.20208074,1.19877701,3.24985672,3.14800528
407.32692,1.20178668,1.19893454,3.24518364,3.15255915
407.42692,1.20162711,1.19917986,3.24089095,3.15686925
407.52692,1.20144908,1.19930904,3.23683911,3.16086209
407.62692,1.20120217,1.19929505,3.23308337,3.16457099
407.72692,1.20111128,1.19945428,3.2297122,3.16797084
407.82692000000003,1.20083017,1.19940607,3.22658765,3.17100885
407.92692000000005,1.20070614,1.19951668,3.22382399,3.17381665
408.02691999999996,1.2005817,1.19956573,3.22125198,3.17635325
408.12692,1.20040326,1.19949939,3.21889579,3.17868059
408.22692,1.20039625,1.19961905,3.21682853,3.18079208
408.32692000000003,1.20019543,1.19954921,3.21492491,3.18262161
408.42692,1.20014275,1.19964663,3.21329442,3.18430562
408.52692,1.20008253,1.19969663,3.21177172,3.18580184
408.62692000000004,1.19996543,1.1996307,3.21036858,3.18718185
408.72692,1.20002303,1.19974414,3.20915654,3.18844373
408.82692,1.19988053,1.19967003,3.20803007,3.18950036
408.92692,1.1998746,1.1997621,3.20710604,3.1904806
409.02692,1.19985516,1.1998109,3.20622514,3.19133849
409.12692,1.19976947,1.1997448,3.20540351,3.19213828
409.22692,1.1998638,1.19984953,3.20470167,3.19289212
409.32692000000003,1.1997518,1.19976983,3.20403765,3.19348774
409.42692,1.19977149,1.19985016,3.20352517,3.19405688
409.52691999999996,1.19976847,1.19989835,3.20302723,3.19453352
409.62692,1.19969611,1.19982813,3.20254557,3.19499313
409.72692,1.19980585,1.19992742,3.2021446,3.19544717
409.82692000000003,1.19970903,1.19984193,3.20174816,3.19577575
409.92692,1.19974091,1.19991262,3.20147275,3.19610756
410.020983,1.21756131,1.21741896,3.20120714,3.19678345
410.12098299999997,1.20783473,1.22284033,3.21164941,3.18517995
410.214961,0.91333661,0.448639936,3.09318924,3.29804329
410.31496100000004,1.14225663,0.0780785102,3.0993183,3.30046032
410.414961,1.18387271,0.0286045767,3.0997642,3.30054858
410.51496099999997,1.19125668,0.0148889312,3.09952294,3.3004065
410.614961,1.19505785,0.0116915363,3.09934225,3.30032992
410.714961,1.19715277,0.0138626089,3.09918635,3.30021179
410.814961,1.19731321,0.0106962758,3.09917753,3.29993394
410.914961,1.19839572,0.00906089943,3.09978375,3.2992541
411.014961,1.19894149,0.00801972831,3.10128542,3.29753928
411.114961,1.19933321,0.00728984721,3.10405618,3.29466345
411.21496099999996,1.19962028,0.00664977466,3.10790862,3.29067462
411.314961,1.19965721,0.00576447254,3.11248529,3.28590681
411.414961,1.19986168,0.00513462372,3.11759331,3.28075098
411.514961,1.19985365,0.00434061929,3.12286337,3.27530315
411.614961,1.19989124,0.00377506191,3.12831055,3.26979525
411.714961,1.19995904,0.00341698313,3.13376798,3.26425639
411.814961,1.19983431,0.00285182063,3.1390262,3.25886434
411.914961,1.19993345,0.00257785423,3.14415531,3.25374543
412.01496099999997,1.19985691,0.00211573514,3.14894121,3.2488387
412.114961,1.19984324,0.00182060377,3.15353656,3.24423536
412.214961,1.19989718,0.00171009903,3.15787647,3.23986574
412.31496100000004,1.19975861,0.00140101708,3.1618461,3.23580562
412.414961,1.19986256,0.00133970318,3.16554146,3.23216057
412.51496099999997,1.19978874,0.00106175964,3.1688257,3.22878954
412.614961,1.19978582,0.000899521817,3.1718792,3.2257569
412.714961,1.19985696,0.000902946273,3.17469832,3.22293441
412.814961,1.19973546,0.000699387194,3.177199,3.22036348
412.914961,1.19985377,0.000739956355,3.17950299,3.21812697
413.014961,1.19979494,0.000549893443,3.18147453,3.21608296
413.114961,1.19980335,0.000447815589,3.18329505,3.21429397
413.21496099999996,1.19988822,0.00049687186,3.18497102,3.21262528
413.314961,1.19977504,0.000357235098,3.1864448,3.21108795
413.414961,1.19989917,0.000448098865,3.1878078,3.20979849
413.51496099999997,1.19984304,0.000302930193,3.18892621,3.20861276
413.614961,1.19985202,0.000233054006,3.18996945,3.20760394
413.714961,1.1999387,0.000308878328,3.19094289,3.206642
413.81496100000004,1.19982503,0.000191121971,3.19178386,3.20573921
413.91496099999995,1.1999465,0.000292702455,3.19257355,3.20502518
414.01496099999997,1.19989374,0.000184131512,3.19319467,3.20433863
414.114961,1.19989672,0.000124603332,3.1937806,3.20378755
414.214961,1.19997959,0.000202564186,3.19433871,3.20324298
414.314961,1.1998649,0.000107287521,3.19482214,3.20269766
414.414961,1.199986,0.000218976844,3.19528384,3.20231254
414.514961,1.19992794,0.000114195477,3.19561189,3.20191985
414.614961,1.19992747,5.61537974e-05,3.19593327,3.20163261
414.71496099999996,1.20000674,0.000123054646,3.19624752,3.20133346
414.814961,1.19989739,4.16463257e-05,3.19652549,3.20099326
414.914961,1.20000929,0.000167667762,3.19681591,3.2007796
415.00899999999996,1.19537227,-0.00454612528,3.19683945,3.20042254
415.109,1.18974768,-0.000683628966,3.20440193,3.19327974
415.203,1.21444422,0.11271865,3.26505549,3.13436011
415.303,1.2237621,0.353064572,3.29959216,3.09922822
415.403,1.20815044,0.528327491,3.2999411,3.0996175
415.503,1.21920359,0.682563472,3.30002406,3.09972107
415.603,1.22282468,0.903199997,3.29987806,3.09964951
415.703,1.20026862,1.02693702,3.29990498,3.09986214
415.803,1.19651992,1.08149652,3.29996516,3.09979731
415.90299999999996,1.19796137,1.11517561,3.29996361,3.09964052
416.003,1.19909103,1.13878876,3.29976283,3.09957811
416.103,1.19991335,1.15601498,3.29920095,3.10002723
416.20300000000003,1.20037133,1.16836938,3.29776952,3.1012387
416.303,1.20076133,1.17730574,3.2953036,3.10355642
416.403,1.20121852,1.18387809,3.29179375,3.10693454
416.503,1.20147138,1.18841782,3.28738197,3.11113296
416.603,1.20188525,1.19181943,3.28243316,3.11600854
416.703,1.20213018,1.19410998,3.27704606,3.12121647
416.803,1.20229449,1.1957016,3.27151666,3.12664394
416.903,1.20243741,1.19693893,3.26601725,3.13206874
417.00300000000004,1.20229235,1.19764251,3.26058982,3.13734753
417.103,1.20227519,1.19830399,3.2554189,3.14251249
417.203,1.20211366,1.19865296,3.25040796,3.14741205
417.303,1.20193704,1.19886627,3.24569045,3.15209057
417.403,1.2018272,1.19912635,3.24132008,3.15644522
417.503,1.20150573,1.19915022,3.23724072,3.16042812
417.603,1.20137782,1.19934222,3.23355226,3.16415607
417.70300000000003,1.20115972,1.19937853,3.23009404,3.167543
417.803,1.20097405,1.19937818,3.22693505,3.17069561
417.90299999999996,1.20090038,1.19949006,3.22408884,3.17355474
418.003,1.20063299,1.19942045,3.22148947,3.17608057
418.103,1.20057273,1.1995484,3.21920633,3.17842202
418.203,1.20042167,1.19955471,3.21708339,3.18048995
418.303,1.20030156,1.19954033,3.21517005,3.18240877
418.403,1.20030812,1.19963607,3.21345605,3.18414666
418.50300000000004,1.20011728,1.19955393,3.21189547,3.18564161
418.60299999999995,1.20012141,1.19967579,3.21056993,3.18703187
418.703,1.2000256,1.19968544,3.20932749,3.18822529
418.803,1.19995108,1.19967503,3.20821488,3.18934673
418.903,1.20001238,1.19976444,3.20720682,3.19038282
419.003,1.19986816,1.19967652,3.20628606,3.19124037
419.103,1.19991379,1.19978834,3.20553407,3.19205903
419.20300000000003,1.19985106,1.19979475,3.20481642,3.19273004
419.303,1.19980181,1.1997784,3.20417556,3.19338011
419.40299999999996,1.19988824,1.19986274,3.20359006,3.19399556
419.503,1.19976658,1.19976814,3.2030463,3.19447666
419.603,1.19983051,1.19987217,3.20263272,3.19495741
419.70300000000003,1.19978339,1.19987461,3.20222173,3.19532301
419.803,1.19974334,1.19985322,3.20185706,3.19569635
419.903,1.19984347,1.19993164,3.20151414,3.19607037
420.0002,1.20009088,1.20019311,3.20134844,3.19647362
420.097,1.23509143,1.23064008,3.19747249,3.20021831
420.197,0.927215565,0.641658396,3.09244373,3.29707641
420.291,1.10153146,0.117648382,3.09858355,3.30030068
420.391,1.17998706,0.0375349742,3.09976008,3.30055581
420.491,1.19031362,0.0197481539,3.09958308,3.30044383
420.591,1.19454782,0.015069516,3.09940108,3.30036905
420.69100000000003,1.19661297,0.0154507934,3.09918005,3.30021788
420.79100000000005,1.19712381,0.0118287926,3.09915455,3.30006591
420.89099999999996,1.19818133,0.00961362613,3.09951141,3.2995302
420.991,1.19873793,0.00810681462,3.10068642,3.29818185
421.091,1.19927107,0.00703474796,3.10305191,3.29573896
421.19100000000003,1.19944242,0.00585027811,3.10646946,3.29210264
421.291,1.19968308,0.00501253722,3.11084128,3.28765718
421.391,1.19985217,0.00438481979,3.11579413,3.28255626
421.49100000000004,1.19984421,0.00379408696,3.12111621,3.27708914
421.591,1.1999879,0.0034201628,3.12661578,3.27155003
421.691,1.19987727,0.00283625193,3.13204084,3.26595362
421.791,1.19991717,0.00247588241,3.13743288,3.26054153
421.891,1.19995087,0.00222598235,3.1426533,3.25523119
421.991,1.19985153,0.00193457118,3.14766598,3.25013051
422.091,1.19994123,0.00181783718,3.15240822,3.24540488
422.19100000000003,1.19980416,0.00145204156,3.15675062,3.24094367
422.291,1.19982477,0.00125986828,3.16082855,3.23689222
422.39099999999996,1.19985348,0.00114420825,3.1645889,3.23308458
422.491,1.19977197,0.000989943763,3.16806792,3.22955358
422.591,1.19986936,0.000979118044,3.17124233,3.22642747
422.69100000000003,1.19975658,0.000730717272,3.17403768,3.22354021
422.791,1.19979338,0.000631099355,3.176611,3.2210149
422.891,1.19983942,0.000586238588,3.178929,3.21866888
422.991,1.19977248,0.000496217147,3.18105351,3.21650638
423.091,1.19988551,0.000566516307,3.18298163,3.21463896
423.191,1.19978573,0.00037701797,3.18461492,3.21292411
423.291,1.19982706,0.000334275678,3.18613013,3.21146402
423.391,1.19987823,0.000322997466,3.18746933,3.2101038
423.49100000000004,1.19981921,0.000254275171,3.18869649,3.20884308
423.591,1.19993569,0.000367368115,3.18983472,3.20777014
423.691,1.19983655,0.000215106554,3.19075525,3.20677137
423.791,1.19987504,0.000191664006,3.19161967,3.20596403
423.891,1.19992662,0.00019018226,3.19236711,3.20519865
423.991,1.19986678,0.000118810068,3.19305586,3.20447696
424.091,1.19998395,0.000260642783,3.19373638,3.20386354
424.19100000000003,1.19988201,0.000120350912,3.19423828,3.20328466
424.291,1.19991646,0.000112271865,3.19473268,3.2028475
424.39099999999996,1.19996552,0.000122774327,3.1951474,3.20241647
424.491,1.19990121,5.70829819e-05,3.19553572,3.20199457
424.591,1.20001641,0.00020612529,3.19594863,3.20164974
424.691,1.19991593,8.23410864e-05,3.19621676,3.20130511
424.791,1.19994352,7.55073729e-05,3.19649769,3.20108104
424.891,1.19998967,8.10952782e-05,3.19671542,3.20084824
424.99100000000004,1.19991944,5.14165465e-06,3.19692563,3.20060352
425.08500000000004,1.19048436,-0.00681832857,3.19908103,3.19837864
425.185,1.205794,0.0616276383,3.23849254,3.15993199
425.279,1.23016589,0.275027133,3.29832612,3.10061825
425.37899999999996,1.21476005,0.467939225,3.29985575,3.09943699
425.479,1.22174851,0.644030794,3.30004142,3.09969523
425.579,1.22035777,0.880454017,3.29986841,3.09964666
425.67900000000003,1.19663531,1.01744706,3.29989426,3.09989468
425.779,1.19369859,1.07596002,3.29998675,3.09987128
425.879,1.19593463,1.1109855,3.2999486,3.09965035
425.979,1.19783658,1.13573788,3.29984123,3.09958998
426.079,1.19902588,1.15373735,3.29934358,3.09990026
426.179,1.19959131,1.16670515,3.29806964,3.10095426
426.279,1.20023078,1.17625695,3.29579838,3.10312657
426.379,1.2006856,1.1829861,3.2923659,3.10633554
426.47900000000004,1.20122536,1.18784951,3.28805929,3.11052634
426.579,1.20175475,1.19134273,3.28307919,3.11536349
426.679,1.20199772,1.19368954,3.27770521,3.12055917
426.779,1.20230847,1.19552937,3.27222531,3.12598647
426.879,1.20233625,1.19669053,3.26667054,3.13137556
426.979,1.20236436,1.19755378,3.26124716,3.1367477
427.079,1.20238099,1.19817823,3.25596188,3.14195982
427.17900000000003,1.20216769,1.19847014,3.25091039,3.1469013
427.279,1.20209668,1.1988538,3.24622394,3.15159984
427.37899999999996,1.20182772,1.19899441,3.24179668,3.15592142
427.479,1.20163397,1.1991504,3.2377274,3.15999209
427.579,1.20150847,1.19929039,3.23392843,3.16376575
427.679,1.20123185,1.19924033,3.2304143,3.16720974
427.779,1.20114786,1.19939234,3.22728697,3.17038326
427.879,1.20090156,1.19938119,3.22440108,3.17319237
427.97900000000004,1.20074703,1.19944058,3.22182871,3.17578898
428.07899999999995,1.20067874,1.19952343,3.21945543,3.17815748
428.179,1.20047591,1.19943063,3.21726918,3.18028905
428.279,1.20046847,1.19955617,3.2153821,3.18223538
428.379,1.20029781,1.19953136,3.21364634,3.18390524
428.479,1.20020817,1.19958429,3.21213691,3.18544644
428.579,1.20020122,1.19966797,3.21073799,3.18684831
428.67900000000003,1.20006244,1.19956755,3.20942393,3.18811258
428.779,1.20010861,1.19969129,3.20833666,3.18926358
428.87899999999996,1.19999194,1.1996609,3.2073175,3.19022074
428.979,1.19994345,1.19970897,3.20646061,3.19111127
429.079,1.19997232,1.19979283,3.20565467,3.19192328
429.17900000000003,1.19986807,1.19968648,3.20486648,3.19266287
429.279,1.19994946,1.19979823,3.20424425,3.19335038
429.379,1.19986145,1.1997613,3.20364956,3.19388464
429.479,1.1998344,1.19979906,3.20317309,3.19439471
429.579,1.19987755,1.19988231,3.20271961,3.19485589
429.679,1.19978612,1.19977313,3.20224414,3.19528273
429.779,1.19988661,1.19987296,3.201889,3.19570377
429.879,1.19981518,1.19982728,3.20153644,3.19599671
429.97900000000004,1.19979439,1.19985918,3.20128492,3.19628121
430.07300000000004,1.23440316,1.23078166,3.19829348,3.19953062
430.173,1.04273971,0.992484313,3.16181065,3.22847078
430.267,1.02168251,0.221514637,3.09652334,3.29953038
430.36699999999996,1.169721,0.0534624111,3.0996452,3.30053405
430.467,1.18879222,0.0269250372,3.09968175,3.30051419
430.567,1.19365209,0.0199068444,3.09943514,3.30037548
430.667,1.19563208,0.017785606,3.09921883,3.30026038
430.767,1.19688196,0.0134040153,3.09914258,3.30015523
430.867,1.19781677,0.0104684146,3.09928278,3.29976555
430.96700000000004,1.19858493,0.00852104245,3.10014721,3.29882616
431.06699999999995,1.19906467,0.00689634911,3.10198962,3.29679954
431.167,1.19937588,0.00562809936,3.10501811,3.29363719
431.267,1.19970151,0.00483031573,3.10908387,3.28947815
431.367,1.19971981,0.00393410981,3.11379521,3.28455848
431.467,1.19988902,0.00341940777,3.119033,3.27927286
431.567,1.19993941,0.00292266296,3.12444711,3.27370577
431.66700000000003,1.19991718,0.00250390531,3.12997371,3.26808413
431.767,1.20001881,0.00236816172,3.13551358,3.26250219
431.86699999999996,1.19986305,0.00196624574,3.14081382,3.25704918
431.967,1.19992214,0.00179459715,3.1459424,3.2519306
432.067,1.19989796,0.00153945752,3.15073196,3.24704547
432.16700000000003,1.1998347,0.00129048234,3.15525453,3.24248119
432.267,1.199921,0.00129440629,3.15953687,3.23820781
432.367,1.19976426,0.00101914205,3.16340101,3.23423569
432.467,1.199828,0.000961148548,3.16699118,3.23069397
432.567,1.19981894,0.000802920106,3.17019208,3.22743156
432.667,1.19977291,0.0006309763,3.17312515,3.22448412
432.767,1.19988275,0.000698535678,3.17585552,3.22178775
432.867,1.19974529,0.000512716871,3.17825875,3.2192961
432.96700000000004,1.19982358,0.000525295514,3.18046182,3.21715712
433.067,1.19982814,0.000424992588,3.18236245,3.21520872
433.167,1.1997932,0.000299925249,3.18408931,3.21347685
433.267,1.19991406,0.000409947101,3.18571346,3.21189626
433.367,1.199785,0.000263137971,3.18710794,3.21042019
433.467,1.19986646,0.000308552184,3.1883954,3.20920193
433.567,1.1998762,0.00024258572,3.18946928,3.20808533
433.66700000000003,1.19984294,0.0001368955,3.1904427,3.20710941
433.767,1.19996258,0.000253151966,3.19138346,3.20621588
433.86699999999996,1.19983594,0.000139995542,3.1921832,3.20533651
433.967,1.19991755,0.000199335569,3.1929253,3.20466517
434.067,1.19992276,0.000146558364,3.19351537,3.20403438
434.167,1.1998844,4.71881925e-05,3.19405144,3.20349549
434.267,1.20000095,0.000152431796,3.19458841,3.20300778
434.367,1.19988177,6.56710347e-05,3.19504847,3.2024688
434.46700000000004,1.19995303,0.000142177306,3.19549419,3.20209391
434.56699999999995,1.19995952,0.000110875592,3.19581539,3.20173322
434.667,1.19991307,1.12716922e-05,3.19610197,3.2014429
434.767,1.20002876,0.000117461598,3.19641317,3.20118217
434.867,1.19990826,3.32295619e-05,3.19667359,3.20084293
434.967,1.19997565,0.000111119254,3.19694279,3.20064461
435.060996,1.19365645,-0.00788459291,3.19576563,3.20172634
435.160996,1.19787966,0.0208604155,3.21478732,3.18338237
435.255,1.22465112,0.200562117,3.29185799,3.10699753
435.355,1.22352884,0.403225205,3.29978157,3.0993817
435.455,1.22718168,0.602417182,3.30001389,3.09960206
435.555,1.22015429,0.849432931,3.29984265,3.09960853
435.655,1.19443785,1.00497581,3.29991512,3.09994294
435.755,1.1909276,1.06935564,3.29996932,3.09990534
435.855,1.19386836,1.10645135,3.29996073,3.0996963
435.95500000000004,1.19639502,1.13260926,3.29989855,3.09959988
436.055,1.19777722,1.15136699,3.29946301,3.09976941
436.155,1.19881304,1.16508119,3.29839574,3.10071615
436.255,1.19963243,1.17496483,3.29624337,3.10267777
436.355,1.20027474,1.18198847,3.29295557,3.10577898
436.455,1.20099553,1.18721246,3.28875663,3.10987479
436.555,1.20140702,1.19078549,3.28382343,3.11459195
436.65500000000003,1.20185788,1.19343614,3.27852988,3.11980717
436.755,1.20218192,1.19526931,3.27297275,3.1252223
436.85499999999996,1.20230386,1.19643749,3.26735674,3.13070867
436.955,1.20247264,1.19741535,3.26189086,3.1361367
437.055,1.20232129,1.19795369,3.25658317,3.14129848
437.155,1.20224446,1.1984479,3.2515811,3.14629134
437.255,1.20211431,1.19876955,3.24680347,3.15099448
437.355,1.20187856,1.19887989,3.2423036,3.15542543
437.45500000000004,1.20181261,1.19909998,3.23815702,3.15958902
437.55499999999995,1.20151351,1.19911253,3.23431986,3.1633282
437.655,1.20134509,1.19925152,3.23087646,3.16680291
437.755,1.20117517,1.19934154,3.22768339,3.16995744
437.855,1.20093817,1.19930078,3.22474548,3.17285507
437.955,1.20091427,1.19941369,3.22209168,3.17555071
438.055,1.2006809,1.19935456,3.21967497,3.17788954
438.15500000000003,1.20058342,1.1994459,3.21757275,3.18003872
438.255,1.20048237,1.19951535,3.21564322,3.18194387
438.35499999999996,1.20031147,1.19946322,3.21387399,3.18368279
438.455,1.20035699,1.1995677,3.2122879,3.18531991
438.555,1.20019367,1.19950153,3.21084325,3.18669379
438.65500000000003,1.20015713,1.19958655,3.20962841,3.1879605
438.755,1.2001128,1.19965341,3.20850609,3.18906377
438.855,1.19999023,1.19959615,3.20746609,3.19007616
438.955,1.20007472,1.1997023,3.20654731,3.19104934
439.055,1.19995738,1.19962687,3.20568715,3.19184116
439.155,1.19995727,1.19970177,3.20500143,3.1925799
439.255,1.19994304,1.19976479,3.20436216,3.19320244
439.355,1.19984072,1.1997048,3.20376071,3.19377656
439.45500000000004,1.19994955,1.1998029,3.20322646,3.19436663
439.555,1.19985655,1.19971802,3.20270781,3.19481784
439.655,1.19987284,1.19978387,3.20233228,3.19524631
439.755,1.19987366,1.19984209,3.20197411,3.19558911
439.855,1.19977881,1.19977851,3.20162862,3.19590675
439.955,1.19989202,1.19987783,3.20132884,3.19626315
440.048915,1.22713189,1.22694057,3.20106588,3.19675295
440.148915,1.19611186,1.213206,3.21286357,3.18225575
440.243,0.959754147,0.471687783,3.09417411,3.29836565
440.343,1.13806911,0.0927567284,3.09912689,3.30041191
440.44300000000004,1.18474729,0.0382406405,3.09973536,3.30054854
440.54299999999995,1.19196573,0.0266733262,3.09949416,3.30039816
440.643,1.19466255,0.0198961535,3.09931207,3.30032712
440.743,1.19635714,0.0153092397,3.09913525,3.30019047
440.843,1.1974728,0.0119653266,3.09917707,3.29998745
440.943,1.1983219,0.00945208167,3.09968115,3.29934336
441.043,1.19877164,0.00735614978,3.10102561,3.29779343
441.14300000000003,1.19928988,0.00591902113,3.1035746,3.29518599
441.243,1.19952928,0.00468476583,3.10714157,3.29142067
441.34299999999996,1.19970867,0.00380373971,3.11160927,3.28685136
441.443,1.1999037,0.00328769345,3.11667124,3.28168062
441.543,1.19986302,0.00277330735,3.12205276,3.27611867
441.64300000000003,1.19999192,0.00253838508,3.12763573,3.2705092
441.743,1.19994339,0.00214817714,3.13312121,3.26487052
441.843,1.19991484,0.00182381256,3.13852564,3.25941706
441.943,1.1999717,0.00167146962,3.14375939,3.2541332
442.043,1.19984736,0.00142701528,3.14874277,3.24902736
442.143,1.19992235,0.00139098037,3.15348295,3.24431658
442.243,1.19984767,0.00114475691,3.15779242,3.23990671
442.343,1.19980962,0.000942851196,3.16180943,3.23588679
442.44300000000004,1.19987589,0.000892922587,3.16552293,3.2321661
442.543,1.19976228,0.000716568764,3.16891188,3.22869057
442.643,1.19985177,0.000770903765,3.17206417,3.22559806
442.743,1.19979869,0.000608268713,3.1748053,3.22278268
442.843,1.19977559,0.000459975049,3.17729815,3.22030742
442.943,1.19985831,0.000457630859,3.17956685,3.21805007
443.043,1.1997614,0.000312188717,3.18159313,3.21595118
443.14300000000003,1.19987298,0.000441444697,3.18351311,3.21410276
443.243,1.19982732,0.000333889632,3.18511695,3.2124345
443.34299999999996,1.1998118,0.000231780011,3.18656423,3.21101118
443.443,1.19989949,0.000256626877,3.18787259,3.20972127
443.543,1.19980672,0.000133467673,3.18902716,3.20849828
443.643,1.1999207,0.000284820237,3.19016307,3.20743781
443.743,1.19988162,0.000206717649,3.19106441,3.2064759
443.843,1.19986134,0.000119653593,3.19187868,3.20568677
443.94300000000004,1.19994748,0.000152048646,3.19261338,3.2049735
444.04299999999995,1.19984617,1.81966529e-05,3.19324601,3.20427324
444.143,1.19996903,0.000194373935,3.19392999,3.20366612
444.243,1.19992367,0.000134277659,3.19443456,3.2031023
444.343,1.1999005,6.33258503e-05,3.19489051,3.20267138
444.443,1.19998485,0.000100877853,3.1952978,3.20228722
444.543,1.19988059,-2.90109234e-05,3.19563824,3.20187896
444.64300000000003,1.20000021,0.000152120673,3.19606332,3.20153113
444.743,1.19995324,9.97734213e-05,3.19633859,3.20119742
444.84299999999996,1.19992766,2.81688253e-05,3.19658424,3.20097622
444.943,1.20000941,7.37049296e-05,3.19681182,3.20077292
445.036901,1.19202228,-0.0105747961,3.19493072,3.20253182
445.136901,1.19167718,-0.00116836688,3.20282722,3.19505417
445.231,1.22197742,0.151156204,3.27918115,3.11942211
445.331,1.22442239,0.337793247,3.29955342,3.09963698
445.43100000000004,1.23651842,0.563828172,3.29994683,3.0994886
445.531,1.22459175,0.811576182,3.29985309,3.09959128
445.631,1.19439524,0.988681685,3.29990143,3.09992623
445.731,1.18797385,1.062059,3.29994653,3.09992748
445.831,1.19138019,1.10201374,3.29999411,3.09977012
445.931,1.19451411,1.12924933,3.29991104,3.09958785
446.031,1.19651252,1.14885365,3.29959448,3.09970467
446.13100000000003,1.19794756,1.16321372,3.29866121,3.1004904
446.231,1.19879451,1.17349008,3.29666911,3.10224288
446.33099999999996,1.19966693,1.18108867,3.29360179,3.10521159
446.431,1.20038255,1.1864521,3.28946248,3.1091494
446.531,1.20099922,1.19022272,3.28458981,3.11387486
446.631,1.2016307,1.19300159,3.27926233,3.11909952
446.731,1.20190527,1.19478212,3.27366114,3.1245104
446.831,1.20217951,1.19621408,3.26811762,3.13001193
446.93100000000004,1.20223819,1.19714723,3.2626037,3.13539116
447.03099999999995,1.20218866,1.19775728,3.25726902,3.1406487
447.131,1.20222027,1.19828712,3.25216805,3.1457185
447.231,1.20200648,1.19846797,3.24728792,3.15047665
447.331,1.20190524,1.19876751,3.24283017,3.15495438
447.431,1.20168733,1.1989167,3.23865158,3.15905483
447.531,1.20144443,1.19898707,3.23480444,3.16287288
447.63100000000003,1.20136086,1.19914979,3.23126642,3.16642267
447.731,1.20110134,1.19907756,3.22796062,3.16964257
447.83099999999996,1.20100415,1.19920305,3.22505715,3.17259569
447.931,1.20082051,1.19924183,3.222391,3.17520927
448.031,1.20062321,1.1992439,3.21999369,3.177597
448.13100000000003,1.20059661,1.19936847,3.21782481,3.17979522
448.231,1.20040889,1.19926765,3.21578282,3.18176493
448.331,1.20039022,1.19936817,3.21404106,3.18356705
448.431,1.20027885,1.19939753,3.21245427,3.18511086
448.531,1.20014557,1.19939136,3.21104482,3.18651682
448.631,1.20017508,1.19951531,3.20978284,3.18781459
448.731,1.20003654,1.19941699,3.208566,3.1889637
448.831,1.20007525,1.19950416,3.20754903,3.19004438
448.931,1.20001462,1.19952528,3.20662249,3.19093158
449.031,1.19991493,1.199516,3.20582074,3.19173114
449.131,1.19997292,1.19964032,3.20510977,3.1924805
449.231,1.19985621,1.19954481,3.20439169,3.1931322
449.33099999999996,1.19992828,1.1996168,3.20379736,3.19379114
449.431,1.19989695,1.19962799,3.20325541,3.19429543
449.531,1.19981494,1.19961102,3.202806,3.19474238
449.63100000000003,1.19988727,1.19973181,3.20241547,3.19517262
449.731,1.19978358,1.19963178,3.2019825,3.19553952
449.831,1.19986739,1.19969619,3.20164047,3.19594625
449.931,1.19984949,1.19970183,3.20132376,3.19622638
450.024917,1.21880442,1.21964817,3.20199035,3.19597729
450.124917,1.24385833,1.24237705,3.19972503,3.1979251
450.219,0.936983765,0.928388418,3.19172586,3.20084989
450.319,0.731119997,0.596374921,3.10732259,3.28755521
450.419,0.957406074,0.235707891,3.09709478,3.2994861
450.519,1.14313367,0.0642854475,3.09984469,3.30038166
450.619,1.17423136,0.03345228,3.09985768,3.30038862
450.719,1.18357792,0.0233601002,3.09955909,3.30028463
450.81899999999996,1.18904451,0.0175422251,3.09935709,3.30023991
450.919,1.19246299,0.0130651017,3.09918786,3.30008789
451.019,1.19488884,0.00979003428,3.09936578,3.29977523
451.119,1.1965995,0.00741042413,3.10016825,3.29880528
451.219,1.19767704,0.00559026005,3.10200045,3.29678819
451.319,1.19860645,0.0045639565,3.1050797,3.29363831
451.419,1.19903575,0.00362008546,3.10911172,3.28938867
451.519,1.1993999,0.00301410191,3.11393978,3.28447934
451.61899999999997,1.19966652,0.0025941457,3.11919925,3.27908634
451.719,1.19971632,0.00215764445,3.12468474,3.27344863
451.819,1.1999227,0.00206011042,3.1303169,3.26778941
451.91900000000004,1.19984994,0.00176138014,3.13582079,3.26212198
452.019,1.19986692,0.00155370076,3.14118868,3.25673141
452.11899999999997,1.19990975,0.00139216461,3.14628961,3.25155869
452.219,1.19981435,0.00112547536,3.15110238,3.24665233
452.319,1.19993377,0.00115215474,3.15569592,3.24208785
452.419,1.19981281,0.000955788363,3.15990201,3.2377701
452.519,1.19980796,0.000841032568,3.16379479,3.23389913
452.619,1.19984264,0.000747649937,3.16731577,3.23034658
452.719,1.19975145,0.00053872851,3.17050916,3.22709236
452.819,1.1998792,0.000612982521,3.17349508,3.22416438
452.919,1.19978247,0.000494343954,3.1761558,3.22141642
453.019,1.19979011,0.000431868495,3.17856287,3.2190502
453.11899999999997,1.1998399,0.000392464738,3.18068715,3.21691089
453.219,1.1997621,0.000223931386,3.182573,3.2149761
453.319,1.19990324,0.000329832524,3.18434877,3.21326919
453.41900000000004,1.19981835,0.000253964198,3.18591185,3.2116279
453.519,1.19982892,0.00022921157,3.18732133,3.21026508
453.61899999999997,1.19988664,0.000221655198,3.18853437,3.20904345
453.719,1.19980855,7.43278693e-05,3.18959533,3.20793666
453.819,1.19994378,0.000181873085,3.19061911,3.20698523
453.919,1.19987451,0.000140393207,3.19151616,3.20601359
454.019,1.1998788,0.000137436366,3.19233509,3.20524263
454.119,1.19993309,0.000145554649,3.19301377,3.20455802
454.21900000000005,1.19985231,2.43344859e-06,3.19358733,3.20393891
454.31899999999996,1.19998653,0.000113976721,3.19417531,3.2034247
454.419,1.19991928,6.33035989e-05,3.19467186,3.20285511
454.519,1.19992092,8.86768492e-05,3.19516511,3.20240964
454.619,1.19996996,0.000106667892,3.19554251,3.20202782
454.719,1.1998847,-3.14780572e-05,3.19584268,3.20168145
454.819,1.20001629,8.39388515e-05,3.19618564,3.20141294
454.91900000000004,1.19994846,3.88373624e-05,3.19646401,3.20106229
455.012967,1.19429483,-0.00583749607,3.19648643,3.20085828
455.112967,1.1898047,-0.0125020755,3.19526038,3.20240506
455.207,1.21920817,0.109982197,3.26130178,3.13775614
455.307,1.2292488,0.326921177,3.29945415,3.09963942
455.407,1.23330323,0.551346061,3.29990752,3.09948826
455.507,1.22065078,0.782652856,3.29988693,3.09960244
455.607,1.19037592,0.972351634,3.29987141,3.0998686
455.707,1.18346089,1.05418221,3.2999712,3.09996825
455.807,1.18791044,1.09665021,3.29999286,3.09979026
455.907,1.19194715,1.12507027,3.2999111,3.09958842
456.007,1.19472468,1.14575597,3.29965772,3.0997039
456.10699999999997,1.19644737,1.16064446,3.298736,3.10038096
456.207,1.19781013,1.1714537,3.29685055,3.10212139
456.307,1.1990513,1.17931635,3.29377808,3.10503806
456.40700000000004,1.19995379,1.18480775,3.28962674,3.10897228
456.507,1.20086892,1.18892819,3.28479157,3.11372267
456.60699999999997,1.20139562,1.19177909,3.27946876,3.11884889
456.707,1.2018032,1.19383589,3.27395953,3.12426214
456.807,1.20215891,1.19534556,3.26836552,3.12976004
456.907,1.20222335,1.19623977,3.26279661,3.13518007
457.007,1.20238767,1.1970324,3.25745569,3.14050762
457.107,1.20226953,1.19750389,3.25235014,3.14548851
457.20700000000005,1.20211042,1.1978909,3.24759788,3.15021234
457.30699999999996,1.20201027,1.19823325,3.24311818,3.15465993
457.407,1.20173902,1.1983083,3.23888997,3.15879584
457.507,1.20168429,1.19851927,3.23501762,3.16270421
457.607,1.20144865,1.19858019,3.23145085,3.16618918
457.707,1.20123326,1.1986842,3.22826691,3.16937947
457.807,1.20111512,1.19884312,3.22535088,3.17229442
457.90700000000004,1.20085892,1.19879446,3.22263427,3.17494361
458.007,1.20084305,1.19892034,3.2202001,3.1774346
458.10699999999997,1.20068415,1.19891021,3.21796352,3.17960674
458.207,1.20054254,1.19896826,3.21603442,3.18155486
458.307,1.20049036,1.19910657,3.21429833,3.18330184
458.407,1.20029602,1.19904461,3.21266758,3.18487378
458.507,1.20034094,1.19915809,3.21122243,3.18638309
458.607,1.20024526,1.19913574,3.20988094,3.18766655
458.707,1.2001599,1.19918077,3.20876438,3.18880579
458.80699999999996,1.2001573,1.19931252,3.20777032,3.18981529
458.907,1.20000349,1.1992449,3.20681243,3.19071686
459.007,1.20008108,1.19935361,3.20597723,3.19161867
459.107,1.20002813,1.19931595,3.20516608,3.19237429
459.207,1.19997504,1.19934727,3.20453211,3.19303146
459.307,1.19999957,1.19947155,3.20397821,3.19360285
459.407,1.19986528,1.19939789,3.20341904,3.19410617
459.507,1.19995813,1.19950014,3.20294213,3.19465052
459.60699999999997,1.19992761,1.19945075,3.20244109,3.19509724
459.707,1.19989278,1.19946775,3.20208383,3.19547722
459.807,1.19993157,1.19958493,3.20178563,3.19579416
459.90700000000004,1.19980599,1.199506,3.20145887,3.19606488
460.0014,1.20195056,1.20165092,3.20171714,3.19688502
460.101,1.23672067,1.23690401,3.20128512,3.1964611
460.2,0.826231629,1.01126222,3.2929932,3.0977025
460.29499999999996,0.215847901,1.05307923,3.29975376,3.09726751
460.395,0.0689091602,1.17075124,3.30050393,3.09960672
460.495,0.0398564833,1.18830756,3.30048234,3.09962816
460.595,0.0286778733,1.19278412,3.30033291,3.09937075
460.695,0.0218068092,1.19517437,3.30027297,3.09922304
460.795,0.0166061221,1.19663836,3.30012429,3.09911725
460.89500000000004,0.0125152187,1.19758531,3.29976676,3.09929397
460.995,0.00956069432,1.19843673,3.29884288,3.10012789
461.09499999999997,0.00712267092,1.19886922,3.29687763,3.10188212
461.195,0.00558135298,1.19935277,3.29385734,3.1048442
461.295,0.00449466164,1.19962119,3.28975311,3.10877771
461.395,0.00367697235,1.19971919,3.28489985,3.11348697
461.495,0.00323337739,1.1999296,3.27960589,3.11871095
461.595,0.00262655956,1.19986832,3.27402345,3.12410522
461.695,0.00230111544,1.19997224,3.268455,3.12964988
461.79499999999996,0.00203743386,1.19997232,3.2628336,3.13514811
461.895,0.00177582985,1.19988748,3.2573597,3.14053198
461.995,0.00170807864,1.19997462,3.25216408,3.1457157
462.095,0.0013847526,1.19983977,3.24721561,3.15053304
462.195,0.00120809082,1.19988564,3.2427041,3.15507464
462.295,0.00106117371,1.19987325,3.23840607,3.1593015
462.395,0.000903465842,1.19978357,3.23441599,3.163246
462.495,0.000938947755,1.1998806,3.23080406,3.16688619
462.59499999999997,0.000708379739,1.19975991,3.22748176,3.17011119
462.695,0.000609584524,1.19982212,3.22459509,3.173056
462.795,0.000533828036,1.19983233,3.22187648,3.17572856
462.89500000000004,0.000433763379,1.19975987,3.21939427,3.17818433
462.995,0.000534330497,1.19987417,3.21719671,3.18042715
463.09499999999997,0.000370814507,1.19977476,3.21519283,3.1823474
463.195,0.000317019074,1.19983732,3.21352213,3.18408556
463.295,0.000265267748,1.19986213,3.2119429,3.18562869
463.395,0.000196657998,1.19979768,3.21048486,3.1870662
463.495,0.000329113431,1.19991783,3.20921427,3.18838831
463.595,0.000194973253,1.19982266,3.20804749,3.18947569
463.69500000000005,0.000163577896,1.19988599,3.20713254,3.19046106
463.79499999999996,0.000131073027,1.19991287,3.20623537,3.19132597
463.895,7.37400753e-05,1.19984852,3.20539154,3.19215058
463.995,0.000228889427,1.19996741,3.20466141,3.19293462
464.095,0.000104658087,1.19986563,3.20398262,3.19353512
464.195,0.000101601449,1.1999272,3.20349271,3.19409593
464.295,6.61393469e-05,1.19995392,3.20300028,3.19455821
464.39500000000004,8.12375732e-06,1.19988588,3.20251158,3.19502746
464.495,0.000177947935,1.20000458,3.20208942,3.19550469
464.59499999999997,7.23962545e-05,1.19990416,3.20168265,3.19583358
464.695,9.33461889e-05,1.19995883,3.20142382,3.19616293
464.795,3.43525015e-05,1.19997757,3.20117337,3.19638454
464.895,-3.29930671e-05,1.19991089,3.20089509,3.19664259
464.995,0.00013795202,1.20002824,3.20065106,3.19694259
465.089,-0.0099048171,1.188094,3.19892546,3.19844569
465.189,0.0615476394,1.20661862,3.16063501,3.23790374
465.283,0.250487862,1.22274339,3.1014998,3.29733404
465.383,0.441562117,1.22919959,3.09950378,3.29996483
465.483,0.69350519,1.23809771,3.09955277,3.29990734
465.58299999999997,0.921799765,1.20940151,3.09970602,3.29981158
465.683,1.0344996,1.188871,3.09999641,3.29995458
465.783,1.08534028,1.18908027,3.09983844,3.29996109
465.88300000000004,1.11749356,1.19230747,3.09966286,3.29997258
465.983,1.14047456,1.19452738,3.09959603,3.29981504
466.08299999999997,1.15709964,1.19581502,3.09996034,3.29922551
466.183,1.16934797,1.19697552,3.10122225,3.29784867
466.283,1.17802726,1.1978598,3.10355889,3.295275
466.383,1.18430109,1.19885409,3.10711152,3.29160853
466.483,1.18879461,1.19973789,3.1115435,3.2870087
466.583,1.19189678,1.20032502,3.11655527,3.28181743
466.68300000000005,1.19427348,1.20094228,3.121951,3.27634994
466.78299999999996,1.19578985,1.20122834,3.12742964,3.27068741
466.883,1.19690557,1.20153072,3.13299747,3.26506733
466.983,1.1976758,1.20171564,3.13841878,3.25954872
467.083,1.19810323,1.20164398,3.14358798,3.25427207
467.183,1.19858163,1.20166954,3.1485142,3.24934478
467.283,1.19877742,1.20145167,3.15306471,3.2446774
467.38300000000004,1.19898151,1.20135473,3.15740342,3.24034585
467.483,1.1991161,1.20126777,3.1614217,3.23628435
467.58299999999997,1.19909607,1.20103043,3.16508606,3.2325578
467.683,1.19926716,1.20096503,3.16845524,3.22922671
467.783,1.19925543,1.20070985,3.17144389,3.22615426
467.883,1.19934083,1.20059163,3.17422545,3.2234065
467.983,1.19940057,1.2005241,3.17676283,3.22084948
468.083,1.19932259,1.20033857,3.17904369,3.2185242
468.183,1.19945521,1.20033747,3.18111778,3.21650341
468.28299999999996,1.19941533,1.2001539,3.18290754,3.21464219
468.383,1.19949601,1.20008572,3.18455503,3.21303744
468.483,1.19955634,1.20007236,3.18605913,3.21152253
468.583,1.19947366,1.19994374,3.18740694,3.21013588
468.683,1.19959688,1.20000165,3.18864235,3.20895911
468.783,1.19955105,1.19987048,3.18966843,3.20786588
468.883,1.1996264,1.19984199,3.1906186,3.2069608
468.983,1.1996854,1.199864,3.191492,3.20608006
469.08299999999997,1.19959569,1.19976814,3.1922766,3.2052579
469.183,1.19971094,1.19985681,3.19300791,3.20458722
469.283,1.19965863,1.19975341,3.19358021,3.20394936
469.38300000000004,1.19972439,1.19974474,3.19412141,3.20345345
469.483,1.19978444,1.19977937,3.19461743,3.20295184
469.58299999999997,1.19969006,1.19969638,3.19506954,3.20246205
469.683,1.19979585,1.19980195,3.19551188,3.20208121
469.783,1.19973328,1.19971632,3.1958283,3.20169995
469.883,1.1997951,1.19971199,3.19612616,3.20144691
469.983,1.19985478,1.19975203,3.19640456,3.2011641
470.077,1.22899604,1.23304811,3.19996692,3.19778737
470.177,0.902009032,1.00247534,3.26223286,3.12755713
470.271,0.193806765,1.0398812,3.29970505,3.09702315
470.37100000000004,0.0513189108,1.17301331,3.30058825,3.09973957
470.471,0.0311281983,1.18962495,3.30048197,3.09965372
470.57099999999997,0.0247671775,1.19318216,3.30035519,3.09939543
470.671,0.0189749324,1.19547283,3.30027267,3.0992266
470.771,0.0149817482,1.19682379,3.30010477,3.09910767
470.871,0.0120229642,1.19784876,3.29976615,3.09934956
470.971,0.00945852381,1.19848117,3.29872198,3.10018701
471.071,0.00753625817,1.19897244,3.2966984,3.10209249
471.171,0.00620085532,1.19942816,3.2935392,3.1051465
471.27099999999996,0.00494941645,1.199553,3.28935879,3.10912558
471.371,0.00416486583,1.19978737,3.28454695,3.11388548
471.471,0.00342105134,1.19984785,3.27923373,3.11901959
471.571,0.00295981431,1.19989549,3.27368185,3.12447936
471.671,0.00275036547,1.20001883,3.26804192,3.13005226
471.771,0.00230918246,1.19988998,3.26244208,3.13549846
471.871,0.00210454474,1.19995579,3.25709304,3.14085052
471.971,0.00171985648,1.19988285,3.25195061,3.14587132
472.07099999999997,0.00149680309,1.19985817,3.24707486,3.15071093
472.171,0.00147939573,1.19994486,3.2424698,3.1553039
472.271,0.00120481563,1.19979666,3.23816475,3.1595047
472.37100000000004,0.00113638606,1.19985809,3.2342909,3.16342607
472.471,0.000868834819,1.19979338,3.2307306,3.1669043
472.57099999999997,0.000736407113,1.19977948,3.22747325,3.17015778
472.671,0.000809624725,1.19988584,3.22447225,3.17317601
472.771,0.000617389068,1.19975655,3.22172807,3.17583939
472.871,0.000614390285,1.19983385,3.21935306,3.178282
472.971,0.000433053932,1.19978606,3.21718779,3.18038147
473.071,0.000341296784,1.1997855,3.21525556,3.1823218
473.17100000000005,0.000457518072,1.19990785,3.213476,3.18413028
473.27099999999996,0.000320470514,1.19978969,3.2118365,3.18569705
473.371,0.000371730676,1.19987641,3.21046683,3.1871412
473.471,0.000241706409,1.19982948,3.20920833,3.18833994
473.571,0.000145474082,1.19982672,3.20813296,3.18942664
473.671,0.000277995294,1.19995692,3.20711687,3.19047614
473.771,0.000164074134,1.19984101,3.20615249,3.19137014
473.87100000000004,0.000238152001,1.19992681,3.20538571,3.19221364
473.971,0.00012850865,1.19987946,3.20466906,3.19287309
474.07099999999997,4.34417815e-05,1.19987204,3.20408014,3.19347346
474.171,0.000179360729,1.19999815,3.20350559,3.19408351
474.271,8.73851036e-05,1.19988463,3.20292503,3.19459405
474.371,0.000175141447,1.19996624,3.20250166,3.19509481
474.471,9.97058189e-05,1.19992141,3.20208048,3.19546008
474.571,-3.80763747e-06,1.19990003,3.20178109,3.19577012
474.671,0.000126622956,1.20002645,3.2014662,3.19612158
474.77099999999996,4.03902261e-05,1.19991523,3.20110925,3.19640859
474.871,0.000136471943,1.19999281,3.20087815,3.19671727
474.971,6.76596671e-05,1.19994629,3.2006315,3.19690905
475.065,-0.00324857662,1.19305937,3.19760894,3.19982576
475.165,0.0276726494,1.19899252,3.17947556,3.21875698
475.259,0.219162158,1.22733853,3.10452709,3.29425091
475.35900000000004,0.402565675,1.22072212,3.09946847,3.2998258
475.459,0.605629073,1.2322645,3.09953099,3.29997012
475.55899999999997,0.854943431,1.22205925,3.09963236,3.29986552
475.659,1.00759432,1.19477942,3.09992866,3.29990031
475.759,1.07087915,1.19085041,3.09989313,3.29996139
475.859,1.10778745,1.19368634,3.09971969,3.29998799
475.959,1.13339361,1.19581862,3.09956049,3.29986158
476.059,1.15206564,1.197242,3.09980336,3.29949004
476.15900000000005,1.1655177,1.19817701,3.10071454,3.29836668
476.25899999999996,1.17521454,1.19885504,3.10269097,3.29621191
476.359,1.1823886,1.19960091,3.10582056,3.29296369
476.459,1.18736865,1.20010908,3.10985983,3.28869953
476.559,1.1910701,1.2007348,3.11466786,3.28380863
476.659,1.19361552,1.20123384,3.11989597,3.27841173
476.759,1.19531772,1.20156145,3.12537512,3.27280117
476.859,1.19665126,1.201887,3.13090955,3.26720447
476.959,1.19742419,1.20186661,3.13627753,3.26167719
477.05899999999997,1.1981146,1.20191291,3.14152347,3.25641717
477.159,1.19855326,1.20183848,3.14649682,3.25134657
477.259,1.19876189,1.20169018,3.15125286,3.24652591
477.359,1.19903105,1.20166306,3.15573324,3.24204525
477.459,1.1990587,1.20139023,3.15980333,3.23787075
477.559,1.19923421,1.20126032,3.16359124,3.234116
477.65900000000005,1.19933077,1.20107363,3.16701848,3.23063366
477.759,1.1993107,1.20086814,3.17021014,3.22741185
477.85900000000004,1.19942424,1.20083914,3.17315809,3.22449363
477.95900000000006,1.19934938,1.20059913,3.17574451,3.22182707
478.05899999999997,1.19945531,1.20052029,3.17811755,3.21950643
478.15899999999993,1.19951849,1.20038666,3.18019703,3.21738885
478.25899999999996,1.19948052,1.20023697,3.18213147,3.21543669
478.359,1.19958214,1.20027423,3.18392752,3.21368177
478.459,1.19949564,1.20010598,3.18546319,3.21207451
478.55899999999997,1.19958952,1.20009283,3.18687522,3.21072114
478.659,1.19965397,1.20001219,3.1880651,3.20949945
478.759,1.19961651,1.19990687,3.18919062,3.20835973
478.85900000000004,1.19971452,1.19999141,3.19026491,3.20733077
478.959,1.19962203,1.19986854,3.19115238,3.20637451
479.059,1.19970604,1.19989474,3.19198112,3.20560612
479.15900000000005,1.19976343,1.19984749,3.19264319,3.2049148
479.25900000000007,1.1997281,1.1997586,3.19327664,3.20426764
479.35900000000004,1.19982441,1.19986438,3.19391903,3.20367238
479.45899999999995,1.1997218,1.19976855,3.19443184,3.20309167
479.55899999999997,1.19979515,1.19981501,3.19492152,3.20266256
479.659,1.19984001,1.19978999,3.19528488,3.20227131
479.75899999999996,1.1998061,1.19970311,3.19562579,3.2019162
479.859,1.19990231,1.19981542,3.19601302,3.20157712
479.959,1.19979167,1.19973381,3.19631053,3.20121198
480.05300000000005,1.22346364,1.2297211,3.2016043,3.19619762
480.1530000000001,1.09357502,1.07650474,3.17709244,3.21409047
480.247,0.251371976,0.992145014,3.29922414,3.09576771
480.347,0.0543649761,1.16587188,3.30056563,3.09966922
480.447,0.0266163956,1.18800103,3.300495,3.09968798
480.547,0.0205782298,1.19334753,3.30041187,3.09949009
480.64700000000005,0.0186167564,1.19519567,3.30025082,3.09921841
480.747,0.0142891558,1.19664775,3.30015836,3.09913774
480.84700000000004,0.0118870241,1.19784604,3.29983203,3.099292
480.94700000000006,0.00994015058,1.19843469,3.29887462,3.10004532
481.04699999999997,0.00842485296,1.19901241,3.29696675,3.1018809
481.14699999999993,0.00690974457,1.19927933,3.29384859,3.10478555
481.24699999999996,0.00570665898,1.19956288,3.28982542,3.10872388
481.347,0.00491072252,1.19980756,3.28502739,3.11339775
481.447,0.00416325124,1.19979359,3.27971372,3.11853903
481.54699999999997,0.00372274149,1.19993776,3.2742324,3.1239802
481.647,0.00315534974,1.19988842,3.2686263,3.12941403
481.747,0.00267192379,1.19990643,3.26318402,3.13481776
481.84700000000004,0.00239409489,1.19998159,3.25781704,3.14011623
481.947,0.0020473461,1.19985536,3.25258106,3.14523691
482.047,0.00193913078,1.1999242,3.24768143,3.15015315
482.14700000000005,0.00163193402,1.1998291,3.24304874,3.15466729
482.24700000000007,0.00137450288,1.19981834,3.23884814,3.15887696
482.34700000000004,0.00123377521,1.19988697,3.23493765,3.16276451
482.44699999999995,0.00101471599,1.19976951,3.23124912,3.16637685
482.54699999999997,0.001034251,1.19985161,3.2279335,3.16974368
482.647,0.00084496721,1.19977302,3.22488583,3.17270191
482.74699999999996,0.000691126099,1.19977811,3.22223586,3.17538377
482.847,0.000638827772,1.19986479,3.21981701,3.17780053
482.947,0.000484751907,1.19976316,3.21754462,3.18001284
483.047,0.000581995114,1.19986167,3.21553914,3.18208354
483.147,0.000455812457,1.19979327,3.21370791,3.18383641
483.247,0.000374206263,1.19981061,3.21216678,3.18541708
483.34700000000004,0.000352563367,1.19990037,3.21078319,3.18680663
483.447,0.000219195083,1.19980237,3.20945504,3.18807962
483.547,0.000356346546,1.19991066,3.20829311,3.18931204
483.64700000000005,0.00026660326,1.19984558,3.20721922,3.19031176
483.74700000000007,0.0002148306,1.19985804,3.20635593,3.19121605
483.847,0.000207566427,1.19994919,3.20559732,3.19198392
483.94699999999995,8.47757236e-05,1.19985084,3.20482856,3.19269867
484.04699999999997,0.000241084894,1.19995848,3.20416019,3.19343945
484.147,0.000168653921,1.19989133,3.20352721,3.19399984
484.24699999999996,0.000144118368,1.19990728,3.20305277,3.1945151
484.347,0.00013694737,1.19998619,3.20265052,3.19492825
484.447,1.34470115e-05,1.19988765,3.20220793,3.19531648
484.547,0.000173793622,1.1999946,3.20182647,3.19577147
484.647,0.000114839446,1.19992435,3.20143999,3.19608617
484.747,0.000116976628,1.19994226,3.2011783,3.1963883
484.84700000000004,0.000106552253,1.2000072,3.20097639,3.19660176
484.94700000000006,-3.52517971e-05,1.19990866,3.20073329,3.19678999
485.041,-0.000270433777,1.19673232,3.19838244,3.19924138
485.14099999999996,0.0114094614,1.19267872,3.18667911,3.21120735
485.23500000000007,0.176149592,1.22634177,3.11321363,3.28576349
485.33500000000004,0.384837461,1.2180715,3.09936544,3.29973591
485.43499999999995,0.541805668,1.2160297,3.0995966,3.29996763
485.53499999999997,0.770402172,1.23195878,3.09959372,3.29994543
485.635,0.969091698,1.20558399,3.09978271,3.29983935
485.73499999999996,1.05348856,1.19354633,3.09993735,3.29996914
485.835,1.0964814,1.19462404,3.09974549,3.29996447
485.935,1.12529707,1.19682455,3.0995929,3.29992404
486.035,1.14615086,1.19829908,3.09968141,3.29966086
486.135,1.16117747,1.19893945,3.10030706,3.29879429
486.235,1.17227732,1.19952498,3.10193867,3.29706428
486.33500000000004,1.18019795,1.19995359,3.104619,3.29416873
486.435,1.18585201,1.20046452,3.10838066,3.29026696
486.535,1.18995531,1.20108242,3.11295755,3.28556355
486.63500000000005,1.192713,1.20140156,3.11800069,3.28032132
486.73500000000007,1.19485554,1.20177955,3.12337041,3.27489513
486.835,1.19627209,1.20191661,3.12878145,3.26932196
486.93499999999995,1.19725849,1.20198772,3.13421469,3.26380926
487.03499999999997,1.19800604,1.20210934,3.13956191,3.25840336
487.135,1.19834787,1.20195757,3.14464952,3.25318571
487.23499999999996,1.19876786,1.20191427,3.14949755,3.24834772
487.335,1.19897473,1.20169878,3.15397614,3.24377057
487.435,1.19912808,1.20148486,3.15818095,3.23954241
487.535,1.19930153,1.20140992,3.16213123,3.23558462
487.635,1.19924076,1.20114962,3.16573223,3.23189703
487.735,1.19938284,1.20105986,3.16904675,3.22862936
487.83500000000004,1.19940231,1.20084515,3.17199367,3.22561579
487.93500000000006,1.19944151,1.20064513,3.17468011,3.22293102
488.035,1.19955162,1.2006045,3.17717108,3.22045495
488.13500000000005,1.19944645,1.20040479,3.17940736,3.21814948
488.23499999999996,1.19955327,1.20039029,3.18145456,3.2161632
488.335,1.19955423,1.20025128,3.1832198,3.21434352
488.43499999999995,1.19957705,1.20012032,3.18481539,3.21275785
488.53499999999997,1.1996922,1.20013385,3.18628704,3.21130945
488.635,1.19958756,1.19999157,3.1876044,3.20992865
488.735,1.19968535,1.20003799,3.1888304,3.20876823
488.835,1.19968121,1.19995425,3.18984865,3.20770005
488.935,1.1996983,1.19986641,3.19076332,3.20679733
489.035,1.19981158,1.19991669,3.19161765,3.20596949
489.135,1.19970301,1.19980731,3.19238067,3.20514466
489.235,1.19979158,1.19988552,3.19311409,3.20447824
489.33500000000004,1.19978311,1.19982917,3.1936858,3.20385851
489.43500000000006,1.1997871,1.19976633,3.19420603,3.2033502
489.535,1.1999009,1.19982889,3.19468962,3.20289468
489.63499999999993,1.19979252,1.19973007,3.19512073,3.20240206
489.73499999999996,1.19987106,1.1998255,3.19557139,3.20201878
489.835,1.19985438,1.19978669,3.19589062,3.20165261
489.93499999999995,1.19984934,1.19973371,3.19618023,3.2013742
490.02900000000005,1.21939688,1.22228766,3.19882863,3.19909562
490.129,1.21672193,1.18436131,3.17175177,3.22393183
490.22299999999996,0.378142556,0.931845441,3.29839231,3.09386019
490.323,0.0673735432,1.15096288,3.3004938,3.09945371
490.423,0.0270475127,1.18544454,3.30054097,3.09975648
490.523,0.017125688,1.19222166,3.30041808,3.09952832
490.623,0.0160487904,1.1954603,3.30031243,3.09931931
490.723,0.0145940675,1.19635869,3.30019714,3.09915822
490.82300000000004,0.011762075,1.19753186,3.29989798,3.0992021
490.92300000000006,0.010326011,1.19843306,3.2991429,3.09987009
491.023,0.00905149598,1.19895414,3.29736261,3.10147691
491.12300000000005,0.0078700156,1.19924826,3.29440727,3.1042646
491.22299999999996,0.00707079222,1.19961657,3.29043922,3.10815223
491.323,0.00604977111,1.19966596,3.28567551,3.11270693
491.42299999999994,0.00523507494,1.19981676,3.28055336,3.1177757
491.52299999999997,0.00439752133,1.19986795,3.27517184,3.12302191
491.623,0.00369665216,1.19984039,3.26966477,3.12840446
491.723,0.00342446356,1.19998418,3.26415334,3.13388662
491.823,0.00293535373,1.19987086,3.25871522,3.13917072
491.923,0.00258304819,1.19990035,3.25360358,3.1442846
492.023,0.00217926313,1.19988173,3.24872843,3.14908106
492.123,0.00176686997,1.1997951,3.24412653,3.15361041
492.223,0.0017248751,1.19991259,3.23979103,3.15796712
492.32300000000004,0.00147191685,1.19979545,3.23570252,3.16194615
492.42300000000006,0.00133382628,1.19982926,3.2320647,3.16562521
492.523,0.00113563575,1.19981875,3.22871396,3.16893202
492.62299999999993,0.000830384615,1.19973389,3.22569688,3.17190497
492.72299999999996,0.000887243361,1.19987061,3.22291836,3.17473056
492.823,0.000748610771,1.19977452,3.22031038,3.17724983
492.92299999999994,0.000712538297,1.19982277,3.21807737,3.1795405
493.02299999999997,0.000606779284,1.19982908,3.21604821,3.1815409
493.123,0.000375750833,1.19975374,3.21426003,3.18329511
493.223,0.000485360661,1.1998964,3.21262119,3.18499074
493.323,0.000406047285,1.19981434,3.21105364,3.1864773
493.423,0.000419853771,1.19986534,3.20976374,3.18783009
493.523,0.000381088229,1.19988774,3.20858536,3.18898583
493.62300000000005,0.00016671729,1.19979812,3.20757701,3.18996259
493.723,0.00028315914,1.19994267,3.20665912,3.19094108
493.82300000000004,0.000229490559,1.19986564,3.20572556,3.19179612
493.92300000000006,0.000267873787,1.1999145,3.20499823,3.19258759
494.02299999999997,0.000252135903,1.19993694,3.20432646,3.19323939
494.12299999999993,5.31685805e-05,1.19984348,3.2037719,3.19376249
494.22299999999996,0.000179604028,1.1999852,3.20326454,3.19433235
494.323,0.000136822388,1.19990822,3.20269774,3.1948212
494.423,0.000191398349,1.19995179,3.20228883,3.19529407
494.52299999999997,0.000179920912,1.19997264,3.20191392,3.1956511
494.623,4.62697824e-06,1.19987367,3.2016042,3.19592816
494.723,0.000120448048,1.2000111,3.2013424,3.19625333
494.82300000000004,7.65098291e-05,1.19993666,3.20099198,3.19652625
494.923,0.000143200379,1.19997709,3.20076058,3.19682105
495.01699999999994,-0.00502532755,1.19499793,3.20070431,3.19685659
495.11699999999996,0.00623202027,1.19016906,3.18848571,3.20921478
495.211,0.1322185,1.21877433,3.1268472,3.27205189
495.31100000000004,0.362645248,1.21760887,3.09925966,3.29964752
495.41100000000006,0.517977522,1.20956548,3.09961723,3.29995162
495.511,0.686648323,1.22765994,3.0996714,3.30004315
495.61099999999993,0.915190816,1.2210093,3.09964691,3.29984867
495.71099999999996,1.03180062,1.19878461,3.09989879,3.29992895
495.811,1.08388589,1.19604297,3.09978234,3.29995369
495.911,1.11679172,1.19771333,3.09964078,3.29996757
496.01099999999997,1.140002,1.19883154,3.09958456,3.29975679
496.111,1.15685427,1.19949241,3.10003971,3.29916182
496.211,1.16908844,1.19994592,3.10130648,3.29772699
496.311,1.17777199,1.20024455,3.10363356,3.29519318
496.411,1.18422137,1.20074717,3.10707715,3.29165529
496.511,1.18871697,1.20104698,3.11130746,3.28720887
496.61100000000005,1.19198507,1.20140819,3.11619816,3.28221809
496.711,1.19434499,1.20175024,3.12144103,3.27684715
496.81100000000004,1.19583619,1.20189122,3.12687013,3.27125858
496.91100000000006,1.19703879,1.20212399,3.13237158,3.26571951
497.01099999999997,1.19774935,1.20205358,3.13767436,3.2602658
497.11099999999993,1.19831336,1.20198881,3.14283581,3.25507099
497.21099999999996,1.19876093,1.20191053,3.14773012,3.25011634
497.311,1.19891295,1.20168029,3.15236348,3.24538752
497.411,1.19916398,1.20163827,3.15676904,3.24100331
497.51099999999997,1.19920417,1.20138577,3.16076258,3.23691168
497.611,1.19930334,1.20120261,3.16447225,3.23321323
497.711,1.19944569,1.20105314,3.16782839,3.22983669
497.81100000000004,1.19939744,1.20079539,3.17090895,3.22669356
497.911,1.19951302,1.20077024,3.1737988,3.22385321
498.011,1.19946244,1.20056866,3.17633574,3.22124173
498.11100000000005,1.19950636,1.20044438,3.17864982,3.21895683
498.211,1.19960959,1.20036719,3.18070151,3.21690078
498.31100000000004,1.19954953,1.20016859,3.18254616,3.21500549
498.41099999999994,1.1996598,1.20020793,3.18430116,3.21331043
498.51099999999997,1.19959949,1.20008208,3.18581324,3.21173244
498.611,1.19963271,1.20002584,3.18718971,3.21039071
498.71099999999996,1.19972654,1.20001112,3.18838829,3.20919373
498.811,1.19967411,1.19985077,3.18943175,3.20810318
498.911,1.19978751,1.19993029,3.19047176,3.20712672
499.01099999999997,1.199721,1.19985234,3.19135529,3.20618042
499.111,1.19974583,1.19983469,3.19216239,3.20540928
499.211,1.1998346,1.19985416,3.19284654,3.20472926
499.31100000000004,1.19977692,1.19971892,3.19342295,3.20410639
499.411,1.19988649,1.19981873,3.19404195,3.20355225
499.511,1.19981204,1.19976612,3.19455711,3.20297566
499.61100000000005,1.19982717,1.19976664,3.19503118,3.20253734
499.71100000000007,1.19990452,1.19980726,3.19542318,3.20215088
499.8109999999999,1.19984531,1.19967668,3.1957186,3.20180875
499.91099999999994,1.19995648,1.19977912,3.19608386,3.20150886
