time_ns,LNA_P,LNA_N,Mixer_IF_P,Mixer_IF_N,IFA_P,IFA_N,VGA_P,VGA_N
0.0,0.887605757,0.887605757,0.84337305,0.84337305,2.80064922,2.80064922,1.35912277,1.35912277
0.0757110956,0.886898315,0.888597211,0.820617634,0.816366019,2.83425945,2.75337655,0.823883725,1.89830863
0.17059177,0.887581639,0.887272556,0.847981284,0.841081363,2.78097914,2.47612987,0.322720831,3.00196023
0.27059177,0.886749788,0.888461028,0.836566073,0.828064803,2.85442123,2.40219128,0.293833456,3.18217074
0.37059177,0.888286697,0.887537537,0.846280577,0.837684583,2.92371089,2.39049052,0.286420099,3.19050245
0.47059176999999996,0.887787259,0.886538484,0.849537463,0.840259352,2.978566,2.38841643,0.281525096,3.17813144
0.57059177,0.887311593,0.88883391,0.837244657,0.827837624,3.02380506,2.38892012,0.279295392,3.15315806
0.67059177,0.887187232,0.887495781,0.855600509,0.84630302,3.06359853,2.39582632,0.281380958,3.11280816
0.77059177,0.888420946,0.886709426,0.839614542,0.829819467,3.09400907,2.39809145,0.283990315,3.05219811
0.87059177,0.887531683,0.888280544,0.847340782,0.837957617,3.12248463,2.40535905,0.291314306,2.97836337
0.9705917700000001,0.886532808,0.887781878,0.850230013,0.840411444,3.14424995,2.41027251,0.29962164,2.89492643
1.07059177,0.888829786,0.887307481,0.837506925,0.827676695,3.16129349,2.41371456,0.309286072,2.81147298
1.17059177,0.887501092,0.887192246,0.855809427,0.846140652,3.17671403,2.42100021,0.322047347,2.73110763
1.27059177,0.886701848,0.888413554,0.839873949,0.82974508,3.18477514,2.42276007,0.333820068,2.6543561
1.3705917699999999,0.88828505,0.887536249,0.847333765,0.837637136,3.19318617,2.42921377,0.349324769,2.5842438
1.47059177,0.887780322,0.88653094,0.850482127,0.840368996,3.19705764,2.43399277,0.365976872,2.51691604
1.57059177,0.887304679,0.888826983,0.837575439,0.827466285,3.19782129,2.4379488,0.38492543,2.4553525
1.67059177,0.887197755,0.887506881,0.855941202,0.846005063,3.19933131,2.44644704,0.409359508,2.39752272
1.77059177,0.888406432,0.886694535,0.840082231,0.829703194,3.19406075,2.44965086,0.436761247,2.34139135
1.87059177,0.887541304,0.888290025,0.84729704,0.837358155,3.19016239,2.45723075,0.477631725,2.28433445
1.9705917700000002,0.886529889,0.887779473,0.850695948,0.840350679,3.18234328,2.46134736,0.562630493,2.19395204
2.0705917699999996,0.888823915,0.887301607,0.83760805,0.827279793,3.17319848,2.46399683,0.716167355,2.04420071
2.1705917699999997,0.887513268,0.88720387,0.856033356,0.845887114,3.16757163,2.4726705,0.900396528,1.86414587
2.27059177,0.886687344,0.88839943,0.840264422,0.829689467,3.15634485,2.47658265,1.09895187,1.66516478
2.37059177,0.888294951,0.8875463,0.847238676,0.837109829,3.14925398,2.48555272,1.30574888,1.45813423
2.47059177,0.887778488,0.886528625,0.850896101,0.840378103,3.14040356,2.49338562,1.51380412,1.2458582
2.57059177,0.887298741,0.888821064,0.837631339,0.827135828,3.12963316,2.49961863,1.72075124,1.03695916
2.6705917699999997,0.887209598,0.887519255,0.85609141,0.845786946,3.12342414,2.51067112,1.91748674,0.836812939
2.77059177,0.888392534,0.886680242,0.840433855,0.829709975,3.11178245,2.51600831,2.09300403,0.655712758
2.87059177,0.887551389,0.888299975,0.847143257,0.836873522,3.1030357,2.52426827,2.23228622,0.519885479
2.97059177,0.88652818,0.887778112,0.851044423,0.840392969,3.09211649,2.53043785,2.28159702,0.474447848
3.07059177,0.888818424,0.887296097,0.837641412,0.827019722,3.08138796,2.53449318,2.30667322,0.45355862
3.17059177,0.887525086,0.887215174,0.85610888,0.845684763,3.07549646,2.5419025,2.32559432,0.441833263
3.2705917700000002,0.886673288,0.88838578,0.840584632,0.829754398,3.06435188,2.54439511,2.33989863,0.430983426
3.37059177,0.888305002,0.887556477,0.847042169,0.836669042,3.0578725,2.55086615,2.35312041,0.424502676
3.47059177,0.887776971,0.886526749,0.851191715,0.840451258,3.04977395,2.55603365,2.3630957,0.418787309
3.57059177,0.88729308,0.888815422,0.837633991,0.826929596,3.04019227,2.56022104,2.37284081,0.413153853
3.67059177,0.887220936,0.887531094,0.856115313,0.845618633,3.03510652,2.56839786,2.38139604,0.41062859
3.77059177,0.888378956,0.886666257,0.840713832,0.829816018,3.02472977,2.5722193,2.38745599,0.406076076
3.87059177,0.887561431,0.888309905,0.846914185,0.836479142,3.01895614,2.57993142,2.39373174,0.404286708
3.97059177,0.886522745,0.887773799,0.851362705,0.840575199,3.01159432,2.5863204,2.39769926,0.402279609
4.07059177,0.888812313,0.887289941,0.837602852,0.826847426,3.00272515,2.59159113,2.4020656,0.399640526
4.17059177,0.88753721,0.887226812,0.856103493,0.845565679,2.9983489,2.60060324,2.40582875,0.39962397
4.27059177,0.886658633,0.888371387,0.840834082,0.829899277,2.98871587,2.60518169,2.40747517,0.397217896
4.37059177,0.888314733,0.887566307,0.846772592,0.83630468,2.98363826,2.61339065,2.40975015,0.397239653
4.47059177,0.887773153,0.886521869,0.851473998,0.840660642,2.97708474,2.62017051,2.40983922,0.396917264
4.57059177,0.887286074,0.88880848,0.837561796,0.82678148,2.96897417,2.62563288,2.41061294,0.395781661
4.670591770000001,0.887232757,0.887543391,0.856077696,0.845524988,2.96536491,2.63467206,2.41112637,0.397107331
4.77059177,0.888364659,0.886651675,0.840936129,0.829987911,2.95649812,2.63918389,2.40976557,0.39592779
4.87059177,0.887571133,0.888319517,0.846618072,0.836141486,2.95215505,2.64716589,2.40920456,0.397055201
4.9705917699999995,0.886521408,0.887772897,0.851565514,0.840750579,2.94641115,2.65367819,2.40664665,0.397800086
5.07059177,0.888805113,0.887282672,0.837513939,0.826732287,2.93902297,2.65872183,2.40499831,0.397620713
5.17059177,0.887549639,0.887238775,0.856041314,0.845496166,2.93619743,2.66731168,2.40322221,0.399863236
5.27059177,0.886644829,0.888358117,0.841038791,0.830098228,2.92809325,2.67129606,2.39976707,0.399547609
5.37059177,0.888324794,0.887576475,0.846465633,0.836000956,2.92443392,2.6786567,2.39739596,0.401429377
5.47059177,0.887772398,0.886520678,0.851656439,0.840859663,2.91949823,2.6845901,2.39301358,0.402981789
5.57059177,0.887279567,0.888802133,0.837447585,0.826684112,2.9127971,2.68892343,2.38976353,0.403504026
5.670591770000001,0.887244868,0.887555959,0.855991035,0.84547252,2.91070183,2.69684248,2.38660613,0.406411859
5.77059177,0.888351307,0.886637862,0.841114127,0.830200462,2.90328888,2.70010095,2.3819237,0.406720588
5.870591770000001,0.887580631,0.888328937,0.846285354,0.835851823,2.90023455,2.70669572,2.37859918,0.409117037
5.97059177,0.886520041,0.887771992,0.851736331,0.840975408,2.89605614,2.71196085,2.37315064,0.411277717
6.07059177,0.888798467,0.887275868,0.837387505,0.826658868,2.8900029,2.7154931,2.36888772,0.412366874
6.17059177,0.88756233,0.887251018,0.855935636,0.845459765,2.88860799,2.72269751,2.36492533,0.415817824
6.270591769999999,0.886631005,0.888344682,0.841193925,0.830322219,2.88183181,2.72517963,2.35961208,0.416612928
6.37059177,0.888333534,0.88758526,0.846106471,0.835717837,2.87936203,2.73099447,2.3557605,0.419434084
6.4705917699999995,0.88777165,0.886519468,0.851810138,0.841099256,2.87585729,2.73556671,2.34989664,0.422065183
6.57059177,0.887272194,0.888794682,0.837303036,0.826622675,2.87034472,2.73829357,2.34529077,0.423536883
6.67059177,0.887257219,0.887568751,0.855866689,0.845447085,2.86956958,2.74481982,2.3410532,0.427387415
6.77059177,0.888338112,0.886624201,0.841267633,0.83045103,2.86335656,2.74656956,2.33556375,0.428532383
6.87059177,0.88758961,0.888337914,0.845925092,0.835594789,2.86136582,2.75164462,2.33169239,0.431627754
6.97059177,0.886518956,0.88777137,0.851878423,0.841230137,2.85846871,2.7556026,2.32578185,0.434597507
7.07059177,0.888790866,0.887268313,0.837233285,0.826613885,2.85343579,2.75758724,2.32109965,0.436375656
7.170591770000001,0.887574976,0.887263229,0.855791451,0.84543933,2.85322865,2.7635086,2.31683493,0.44054629
7.270591769999999,0.886617435,0.88833158,0.841337698,0.830587218,2.84751135,2.76458868,2.31142122,0.441960409
7.37059177,0.888342395,0.887594121,0.845735971,0.835473797,2.84595629,2.76900532,2.30767987,0.445259529
7.47059177,0.887771168,0.886518522,0.851940731,0.84136516,2.8435895,2.77240761,2.30194392,0.448488605
7.57059177,0.887264287,0.888786898,0.837164005,0.826615215,2.83896311,2.7737258,2.29738976,0.450477993
7.670591770000001,0.887270007,0.887581991,0.855707638,0.845432556,2.83922714,2.77911393,2.29333551,0.454850637
7.77059177,0.888325082,0.886610702,0.841406524,0.830731474,2.83394679,2.77961661,2.28811001,0.456451072
7.870591769999999,0.887598391,0.888346666,0.845550686,0.835367182,2.83277751,2.78346297,2.28454844,0.45989803
7.97059177,0.886518373,0.887771245,0.852005341,0.8415111,2.83084939,2.7863912,2.2791547,0.463260784
8.07059177,0.888783555,0.887260848,0.837088586,0.8266194,2.82657145,2.78712699,2.27477386,0.465413328
8.17059177,0.88758872,0.887276494,0.855614892,0.845425204,2.82724452,2.7920654,2.27096662,0.469919581
8.27059177,0.886604032,0.888318649,0.841470639,0.830878992,2.82233067,2.7920716,2.26600355,0.47162944
8.37059177,0.888351065,0.887602785,0.845349523,0.835251072,2.82145063,2.795421,2.2627614,0.475114197
8.47059177,0.887770956,0.886517844,0.852053573,0.84164864,2.8199162,2.79796332,2.25765887,0.478566583
8.57059177,0.887256658,0.888779428,0.837014599,0.826631796,2.81594126,2.79820827,2.25343018,0.480839107
8.67059177,0.887282859,0.887595288,0.855525029,0.845427662,2.81697512,2.8027654,2.24980587,0.485468604
8.770591770000001,0.888312255,0.886597399,0.841535914,0.831034258,2.81239534,2.80235226,2.24502316,0.48729045
8.87059177,0.887607091,0.88835535,0.845152431,0.83514493,2.8117697,2.80527535,2.24201903,0.490810157
8.97059177,0.886517624,0.88777097,0.852105816,0.841796416,2.81054505,2.80749683,2.23728611,0.494250059
9.07059177,0.888775197,0.88725236,0.836941158,0.826650786,2.80683227,2.80732786,2.23315309,0.496633866
9.17059177,0.887602261,0.887289648,0.855418071,0.845418973,2.80818045,2.81157452,2.22965162,0.501361849
9.27059177,0.886590823,0.888305918,0.841596246,0.831190341,2.80387786,2.81080428,2.22503967,0.503274523
9.370591769999999,0.888359579,0.887611336,0.84495261,0.835041482,2.80346527,2.81336812,2.22221211,0.506821762
9.47059177,0.887771039,0.886517442,0.852155555,0.841947153,2.80250563,2.81532607,2.21779389,0.510236244
9.57059177,0.887247967,0.888770872,0.836867207,0.826674446,2.79901267,2.81481248,2.21371259,0.512722676
9.67059177,0.887295351,0.887607825,0.85529326,0.845397164,2.80062062,2.81879992,2.21030162,0.517536756
9.77059177,0.888299562,0.886584227,0.841656196,0.831350677,2.79658424,2.8177388,2.20569213,0.51961496
9.87059177,0.887615509,0.888363739,0.844751515,0.834941265,2.79634136,2.8199907,2.20298303,0.523213126
9.97059177,0.886517358,0.887771191,0.85220008,0.842096607,2.79564567,2.82174609,2.19869232,0.526670549
10.0705918,0.888766462,0.887243486,0.836792517,0.826701512,2.79231727,2.8209204,2.1946362,0.529303075
10.170591799999999,0.887614589,0.887301885,0.855193709,0.845404613,2.79414608,2.82470048,2.19122221,0.534232409
10.2705918,0.886577623,0.888293197,0.841721021,0.831519854,2.79032189,2.82340338,2.18662016,0.536460828
10.3705918,0.888367818,0.887619597,0.844550669,0.834845126,2.79021556,2.82539547,2.18394052,0.540153985
10.470591800000001,0.887771139,0.886517038,0.852249566,0.842255458,2.78974262,2.82699124,2.17970138,0.543696604
10.570591799999999,0.887238957,0.888762009,0.836722213,0.826736596,2.78655076,2.82591305,2.17557391,0.546529035
10.6705918,0.887308715,0.887621659,0.855087233,0.84540896,2.78856052,2.82952483,2.17203742,0.551656026
10.7705918,0.888287041,0.886571235,0.841776745,0.831683591,2.78492475,2.82803721,2.16729174,0.554154418
10.870591800000001,0.887623628,0.888371845,0.844347212,0.834749721,2.78492192,2.82980835,2.16452691,0.558033769
10.9705918,0.886517155,0.887771502,0.852286183,0.842404401,2.78463609,2.83129825,2.1602919,0.561659509
11.070591799999999,0.888757352,0.887234225,0.836644356,0.8267677,2.78153609,2.8299966,2.15595773,0.564856395
11.1705918,0.887628497,0.887315331,0.854978395,0.845413866,2.78372125,2.83348447,2.15200061,0.570389494
11.2705918,0.886564828,0.88828088,0.841837877,0.831855809,2.78025079,2.83183265,2.14683515,0.573437261
11.3705918,0.888375786,0.887627569,0.844145267,0.834658578,2.78033667,2.83340096,2.14366795,0.577806042
11.4705918,0.887772387,0.886517919,0.852313477,0.842546666,2.78023745,2.83481128,2.13911799,0.581770203
11.5705918,0.887229449,0.888752655,0.836571495,0.826806552,2.7771728,2.83331977,2.13447973,0.585486305
11.6705918,0.887321346,0.8876347,0.854873421,0.845425566,2.77951302,2.83671672,2.12970349,0.591762746
11.7705918,0.888274972,0.886558658,0.841890534,0.832022049,2.77618685,2.83492794,2.12367504,0.595813776
11.8705918,0.887631444,0.888379665,0.843940233,0.83456684,2.77632598,2.83631051,2.11971033,0.601083411
11.970591800000001,0.886518152,0.887772864,0.852350209,0.842700813,2.77640642,2.83767514,2.11442779,0.605747405
12.0705918,0.88874786,0.887224577,0.8364993,0.82684856,2.77334515,2.83599955,2.10909815,0.610435993
12.170591799999999,0.887641566,0.887328002,0.854758822,0.84542964,2.77581991,2.83933524,2.10295217,0.617944783
12.2705918,0.886551879,0.888268626,0.841936371,0.832183859,2.77261938,2.83743244,2.09542265,0.623661004
12.3705918,0.888383448,0.887635219,0.843735369,0.834477229,2.77280029,2.83863766,2.08992045,0.630566937
12.4705918,0.887773426,0.886518473,0.852385398,0.842855439,2.77305102,2.83997663,2.08337684,0.636429256
12.570591799999999,0.887219613,0.888742981,0.83642614,0.826891198,2.77000597,2.83812024,2.07670262,0.642743787
12.6705918,0.88733469,0.887648461,0.854640234,0.845431498,2.77259109,2.84140728,2.06883907,0.65183071
12.7705918,0.888262643,0.886545668,0.841999499,0.832364661,2.76949899,2.83941437,2.05958424,0.659429867
12.8705918,0.887638823,0.888387062,0.843534448,0.834393281,2.76971538,2.84047793,2.05255852,0.667914164
12.9705918,0.886518853,0.887774047,0.852419485,0.843010711,2.77012194,2.84180592,2.04485497,0.67488455
13.0705918,0.888737864,0.887214423,0.836359904,0.826942895,2.76709688,2.83981273,2.03722995,0.682323309
13.1705918,0.887655373,0.8873414,0.854520536,0.845433898,2.76978619,2.84306161,2.02830185,0.692374665
13.2705918,0.886537522,0.888255151,0.84203036,0.832514689,2.76679985,2.84101031,2.01813103,0.700964857
13.3705918,0.888390753,0.887642494,0.843328167,0.83430567,2.76705657,2.84196301,2.01029303,0.710264502
13.4705918,0.887774749,0.886519313,0.852450037,0.843164058,2.76759798,2.84329061,2.0021976,0.71759899
13.5705918,0.887209347,0.888732876,0.836287757,0.826990151,2.76460189,2.84121098,1.99456924,0.7250819
13.670591799999999,0.887348118,0.887662289,0.854391712,0.845428964,2.76736301,2.84443285,1.98558009,0.73515029
13.7705918,0.888249477,0.886531654,0.842096099,0.83270135,2.76448722,2.84234562,1.97512669,0.744029986
13.8705918,0.887646127,0.888394414,0.843129923,0.834227297,2.76477684,2.84320328,1.96705322,0.753551734
13.970591800000001,0.886519839,0.887775513,0.85248037,0.843318531,2.76544044,2.84453385,1.95887744,0.760953063
14.070591799999999,0.888727746,0.887204094,0.836223902,0.827047809,2.76246764,2.84238308,1.95149776,0.768194588
14.1705918,0.887669224,0.887354861,0.854262828,0.845425332,2.76528137,2.84559342,1.94308219,0.777657113
14.2705918,0.886525929,0.888243953,0.84215827,0.832886081,2.76250116,2.84348659,1.9327129,0.786449119
14.370591800000001,0.888398037,0.887649733,0.842922724,0.834141356,2.7628155,2.84425892,1.92462076,0.795974738
14.4705918,0.887776374,0.886520461,0.852507146,0.843470741,2.76358612,2.84560242,1.91661959,0.803195026
14.5705918,0.88719881,0.888722557,0.836156851,0.82710255,2.76064286,2.84338355,1.90951303,0.810160324
14.6705918,0.887361632,0.887676181,0.854131032,0.845420067,2.76348381,2.84659193,1.9018801,0.818824813
14.7705918,0.88823834,0.886520112,0.842223587,0.833074943,2.76079224,2.8444728,1.89172824,0.827394648
14.8705918,0.88765318,0.888401447,0.842712254,0.834053168,2.7611194,2.84516823,1.88373891,0.836807768
14.970591800000001,0.886521163,0.887777314,0.852532664,0.843622703,2.76199417,2.8465236,1.87582943,0.843935033
15.070591799999999,0.888717286,0.88719344,0.836091299,0.827159848,2.75907231,2.84424195,1.86903917,0.85058449
15.1705918,0.887683157,0.887368425,0.853995123,0.845411351,2.76195304,2.84743235,1.86179037,0.858854076
15.2705918,0.886514333,0.888232769,0.84228814,0.833263979,2.75933649,2.84530763,1.85195962,0.867104752
15.370591800000001,0.888404813,0.88765651,0.842513184,0.833977364,2.75966362,2.84593471,1.84423763,0.876243283
15.4705918,0.887778281,0.886521894,0.852559442,0.843776851,2.76062798,2.84731474,1.83666569,0.883030953
15.570591799999999,0.887186815,0.888710521,0.836042845,0.827234487,2.75772167,2.84498038,1.83032237,0.889231316
15.6705918,0.887375172,0.887690078,0.85386002,0.845404657,2.760617,2.84816528,1.82374312,0.896826968
15.770591800000002,0.888227229,0.886508579,0.842353279,0.833454691,2.75806538,2.84604779,1.81445614,0.904532086
15.8705918,0.887659101,0.888407292,0.84229674,0.833885029,2.7583876,2.84661138,1.80708965,0.913306681
15.9705918,0.886522768,0.887779392,0.85258052,0.843926293,2.75943211,2.84801794,1.7998343,0.91978255
16.070591800000003,0.888706497,0.887182444,0.835965254,0.827282359,2.75652989,2.84563508,1.79394744,0.925524587
16.170591799999997,0.887697103,0.887382022,0.853716611,0.845390406,2.75944058,2.84881844,1.78811832,0.932364802
16.2705918,0.886502879,0.888221745,0.842416689,0.833644544,2.75695368,2.84670537,1.77920522,0.939698006
16.3705918,0.888410611,0.887662363,0.842100172,0.833813352,2.7572685,2.84720296,1.77205744,0.948248276
16.4705918,0.887780552,0.88652369,0.852605388,0.844080176,2.75839248,2.84863443,1.76508886,0.954444397
16.5705918,0.887176819,0.88870098,0.83590532,0.827347943,2.75549612,2.84620575,1.75958744,0.959795635
16.6705918,0.887388757,0.887704012,0.8535751,0.845379219,2.75840405,2.84939144,1.75457282,0.965824706
16.770591800000002,0.888216314,0.886497225,0.842482891,0.833838012,2.75597738,2.84729136,1.74621772,0.972596996
16.870591800000003,0.887666511,0.888415146,0.841868918,0.833707123,2.75627163,2.84772676,1.73939552,0.980818827
16.970591799999998,0.88652476,0.887781854,0.852622627,0.844227293,2.75747705,2.84918379,1.73262378,0.986826559
17.0705918,0.888695402,0.88717113,0.835845545,0.827414483,2.75458317,2.84671479,1.72754271,0.991747355
17.1705918,0.887711254,0.88739576,0.853433025,0.845368573,2.75749342,2.84989446,1.72309932,0.997212474
17.2705918,0.886491583,0.888210898,0.842545086,0.834028639,2.75509902,2.84783097,1.7158172,1.00290915
17.3705918,0.88841807,0.887669419,0.841672394,0.833637208,2.75537686,2.84820979,1.70931903,1.01079893
17.4705918,0.887783497,0.886526159,0.852646789,0.84438191,2.75665256,2.84969144,1.70282403,1.01654431
17.570591800000003,0.88716535,0.888689738,0.835788918,0.827484869,2.75376823,2.84717657,1.69790193,1.02129436
17.6705918,0.887402619,0.88771827,0.853283644,0.845350305,2.75669118,2.85033784,1.69380655,1.02642071
17.7705918,0.888205552,0.886486009,0.842608371,0.834220608,2.75434983,2.84828854,1.68689049,1.03175229
17.8705918,0.887672323,0.888421006,0.841480409,0.833572048,2.75460648,2.8486113,1.68070142,1.03932627
17.9705918,0.886527414,0.887784963,0.852660113,0.844526299,2.75595149,2.85011638,1.67438532,1.04490879
18.0705918,0.888683996,0.887159491,0.835733133,0.827556609,2.75306759,2.84756507,1.66980485,1.04930259
18.1705918,0.887725297,0.887409491,0.853131562,0.845329879,2.75599133,2.85071638,1.66626639,1.05388175
18.270591800000002,0.886480466,0.888200244,0.842672566,0.834414523,2.7536703,2.84871361,1.6604265,1.05813521
18.3705918,0.888423866,0.887675146,0.841288684,0.833507874,2.75390065,2.84898633,1.65468116,1.06525741
18.4705918,0.887786247,0.886528505,0.852666894,0.844664784,2.75530936,2.85051866,1.64860537,1.07061707
18.5705918,0.88715358,0.888678207,0.835677228,0.827628966,2.75242519,2.84793232,1.64430215,1.07471772
18.6705918,0.887416376,0.887732333,0.852976595,0.84530718,2.75535213,2.85106823,1.64116641,1.07890595
18.7705918,0.888195008,0.886474994,0.842735257,0.834607179,2.75307799,2.84908695,1.63572682,1.0827588
18.8705918,0.887677896,0.888426657,0.841096692,0.833443849,2.75328055,2.84930811,1.63031013,1.08954535
18.9705918,0.886529879,0.887787855,0.852684248,0.844814423,2.75474766,2.85087037,1.62451189,1.09464562
19.070591800000003,0.888672306,0.887147556,0.83562674,0.827707176,2.75186135,2.84825254,1.62052038,1.09841709
19.1705918,0.887739226,0.887423162,0.85282472,0.845287958,2.75478869,2.85137608,1.61783199,1.10217018
19.2705918,0.88646951,0.888189757,0.84280173,0.834804516,2.75254413,2.84942941,1.61302745,1.10538694
19.3705918,0.888429366,0.88768056,0.840907275,0.833382906,2.75271878,2.84960022,1.60797789,1.11179866
19.470591799999998,0.887789828,0.88653145,0.852682542,0.844945119,2.75424198,2.85119434,1.60250797,1.1165889
19.5705918,0.887141512,0.888666391,0.835573621,0.82778337,2.75134988,2.84854781,1.5987806,1.1200786
19.6705918,0.887430154,0.887746403,0.852660589,0.845257179,2.75426918,2.85165854,1.59654406,1.12339282
19.770591800000002,0.888184646,0.886464156,0.842862418,0.834996499,2.75205615,2.84975293,1.59247187,1.12587523
19.8705918,0.88768315,0.888432007,0.840714078,0.833318872,2.75219141,2.84988276,1.58793363,1.13176771
19.9705918,0.886533001,0.887791587,0.852695317,0.845091428,2.75376839,2.8515083,1.58270526,1.13633629
20.0705918,0.888660524,0.887135519,0.835527202,0.827866729,2.75087532,2.84883119,1.57919193,1.13959298
20.1705918,0.887753435,0.887437044,0.852499651,0.845229967,2.75379405,2.85192233,1.5771851,1.1426914
20.2705918,0.886458933,0.88817963,0.842928111,0.835194513,2.75160661,2.85005872,1.57372228,1.14456309
20.3705918,0.888434562,0.887685652,0.840523733,0.833258221,2.75170215,2.8501494,1.56978387,1.14984697
20.4705918,0.887796684,0.886536985,0.852686817,0.845214294,2.75332906,2.85179937,1.56468863,1.15430583
20.570591800000003,0.887129545,0.888654694,0.835482545,0.827952067,2.75045244,2.8490851,1.56106385,1.15765232
20.6705918,0.887443938,0.887760466,0.8523359,0.845200323,2.75336976,2.85215447,1.55922035,1.16060136
20.770591800000002,0.888175,0.88645415,0.842997041,0.835396765,2.75121529,2.85032791,1.55616948,1.16206012
20.8705918,0.887688068,0.888437035,0.840334065,0.833198757,2.75125657,2.85039143,1.55310681,1.16645832
20.970591799999998,0.886538027,0.887797839,0.852696081,0.845358258,2.75293539,2.85207376,1.54823256,1.17071685
21.0705918,0.888648528,0.887123226,0.835430688,0.828031012,2.75005953,2.84932725,1.54466366,1.17398837
21.1705918,0.887767506,0.887450843,0.852168628,0.845167673,2.75297216,2.85237696,1.54302793,1.17674315
21.270591800000002,0.886448951,0.888170058,0.843058981,0.835591373,2.75085982,2.85057976,1.5402607,1.17791702
21.3705918,0.888439439,0.887690409,0.840143968,0.833138982,2.75086511,2.85059714,1.53746081,1.18204409
21.4705918,0.887799496,0.88653955,0.852708489,0.845505429,2.7525935,2.85231198,1.53279254,1.18611723
21.5705918,0.8871169,0.888642342,0.835388386,0.828119897,2.74971241,2.84954022,1.52937699,1.18921546
21.6705918,0.887457712,0.887774506,0.85200193,0.845135906,2.75261805,2.85257088,1.52797424,1.19175079
21.7705918,0.8881648,0.886443385,0.843129283,0.835794378,2.75054985,2.85080126,1.52547632,1.19265415
21.8705918,0.887692718,0.888441829,0.839963067,0.833088777,2.75050005,2.85079056,1.52330304,1.19614476
21.9705918,0.88654118,0.887801265,0.852720461,0.845652599,2.75227744,2.85253853,1.51882985,1.20004425
22.0705918,0.888635971,0.887110433,0.835336257,0.828199283,2.74939165,2.84974232,1.51554789,1.20298906
22.1705918,0.887781537,0.887464615,0.851830004,0.845099352,2.75228641,2.85275555,1.514387,1.2052955
22.270591800000002,0.88643875,0.888160371,0.843183771,0.835982822,2.75025011,2.85102712,1.51230441,1.20578214
22.3705918,0.888443969,0.887694803,0.839767321,0.833024577,2.75015075,2.85098382,1.51068803,1.20870596
22.470591799999998,0.88780317,0.886542942,0.85272733,0.845795229,2.7519705,2.8527685,1.50653976,1.21230202
22.5705918,0.887104031,0.888629722,0.835296102,0.828291303,2.74907949,2.84994921,1.50335749,1.21512681
22.6705918,0.88747152,0.887788565,0.85165932,0.845064396,2.75196881,2.85293838,1.50229105,1.21735261
22.770591800000002,0.888155627,0.886433749,0.843246569,0.836179619,2.74997545,2.85124021,1.50036267,1.2176841
22.8705918,0.887696868,0.888446119,0.839581504,0.832970822,2.74981614,2.85117317,1.49939214,1.21995061
22.9705918,0.886544805,0.887805182,0.852733901,0.845938027,2.7516782,2.85299501,1.49557759,1.22323547
23.070591800000003,0.888624282,0.887098772,0.835243654,0.828370676,2.74879358,2.85014457,1.49230123,1.22613387
23.170591799999997,0.887795668,0.887478499,0.851485557,0.845026559,2.75168085,2.85310198,1.49108499,1.22852354
23.2705918,0.886428823,0.888150959,0.843308914,0.83637634,2.74973033,2.85143477,1.48927356,1.22873715
23.3705918,0.888448374,0.887699012,0.839398026,0.83291994,2.74951312,2.85134134,1.48880759,1.23048776
23.4705918,0.887807307,0.886546777,0.852738557,0.846079355,2.75140845,2.85320863,1.48556722,1.23322024
23.5705918,0.887089147,0.888615442,0.835223587,0.828483531,2.74851728,2.85033792,1.48234368,1.23604238
23.6705918,0.887485374,0.887802665,0.851304889,0.844982365,2.75140368,2.85326388,1.48106694,1.23850932
23.770591800000002,0.888146369,0.886423976,0.843370258,0.836572541,2.74949588,2.8516286,1.47937805,1.23859966
23.8705918,0.887700915,0.888450353,0.839211577,0.832865714,2.74923924,2.85149197,1.47908762,1.240164
23.970591799999998,0.886548865,0.887809553,0.852740472,0.84621807,2.75117664,2.85339311,1.47600296,1.24276269
24.0705918,0.888609165,0.887082735,0.835189344,0.828582283,2.74828121,2.85050147,1.4728382,1.24550581
24.1705918,0.887808981,0.887491554,0.851133162,0.844947108,2.75115642,2.85340568,1.47165823,1.24788767
24.270591800000002,0.886419176,0.888141826,0.843433598,0.836771063,2.7492893,2.85180329,1.4701168,1.24783087
24.3705918,0.888451763,0.88770233,0.839038822,0.832826594,2.74899456,2.85162369,1.46993264,1.24927813
24.4705918,0.887811873,0.886551015,0.852745884,0.846360653,2.75095663,2.85357338,1.4674357,1.2513102
24.570591800000003,0.887076007,0.888602574,0.835150482,0.828677112,2.74805527,2.85066272,1.46432931,1.25397532
24.670591799999997,0.887498335,0.887815854,0.850946624,0.844897668,2.75092054,2.85354163,1.46318909,1.25632979
24.7705918,0.888137381,0.886414474,0.843494597,0.836967676,2.74909271,2.85197587,1.46182424,1.25609589
24.8705918,0.887704236,0.88845378,0.83884956,0.83277059,2.74874513,2.85176607,1.4620447,1.25712626
24.9705918,0.886553338,0.887814355,0.852739604,0.846492195,2.75073726,2.85375996,1.45996695,1.25876136
25.0705918,0.888596165,0.887069453,0.835117959,0.828778471,2.74783045,2.85083182,1.45696473,1.26130243
25.1705918,0.887822796,0.88750517,0.85076479,0.844853336,2.75068267,2.85368615,1.45585866,1.26363491
25.270591800000002,0.886409831,0.888132995,0.843557848,0.837166909,2.7489014,2.85215043,1.45449362,1.26340178
25.370591800000003,0.888455493,0.887705857,0.838666889,0.832721117,2.74851455,2.85189722,1.45480551,1.26432874
25.470591799999998,0.887816906,0.886555715,0.852737223,0.846628113,2.75052166,2.85394861,1.45339692,1.2653152
25.5705918,0.887062822,0.888589683,0.835088213,0.828883035,2.7476102,2.85100357,1.45049016,1.2677417
25.6705918,0.887512283,0.887829912,0.850571834,0.844798081,2.75046181,2.85381997,1.44912545,1.27034604
25.7705918,0.8881287,0.88640528,0.843618263,0.837363669,2.74872682,2.85231449,1.44768589,1.27018709
25.8705918,0.88770739,0.88845712,0.838484713,0.832672447,2.74829932,2.85201937,1.44811252,1.27098692
25.9705918,0.886558252,0.887819624,0.852733597,0.846763274,2.75032227,2.85412606,1.44727986,1.27141765
26.070591800000003,0.888583142,0.887056127,0.835059967,0.828989509,2.74740124,2.85117041,1.44462826,1.27357005
26.1705918,0.887837319,0.8875196,0.85036826,0.844731949,2.75024504,2.85395751,1.44320327,1.27624589
26.2705918,0.88640085,0.888124524,0.843678913,0.837560967,2.74856102,2.85247558,1.4415485,1.27630448
26.3705918,0.888458653,0.887708828,0.838303756,0.83262528,2.74809534,2.85213606,1.44199398,1.27707253
26.4705918,0.887822396,0.886560851,0.85272589,0.846894078,2.75015453,2.85427733,1.44129177,1.2773948
26.5705918,0.887049378,0.888576551,0.835032722,0.829097116,2.74722716,2.85130808,1.43870945,1.27945744
26.6705918,0.887526256,0.887844081,0.850185024,0.844686895,2.75005683,2.85406718,1.43728541,1.28214422
26.770591800000002,0.88812018,0.886396257,0.843744352,0.837763342,2.74841602,2.85262057,1.43568607,1.28214832
26.8705918,0.887710154,0.888460077,0.838125258,0.83258084,2.74790808,2.85224112,1.43625536,1.28277957
26.9705918,0.886563458,0.887825137,0.852723613,0.847031214,2.74999559,2.85442297,1.43574228,1.28293456
27.0705918,0.888569856,0.887042522,0.835010694,0.829210307,2.74705604,2.85144811,1.43350937,1.28462747
27.1705918,0.887850719,0.887532796,0.849996916,0.844637436,2.74986853,2.85418089,1.43210584,1.28730544
27.2705918,0.886391889,0.888116075,0.843801746,0.837958104,2.74827518,2.85276598,1.43045918,1.28735851
27.3705918,0.888461425,0.887711401,0.837946347,0.832536298,2.74772464,2.85234705,1.431156,1.28784874
27.4705918,0.887828182,0.886566316,0.852708894,0.847155904,2.74983321,2.85457645,1.43106481,1.28760308
27.570591800000003,0.887035702,0.888563206,0.834983589,0.829318948,2.74688032,2.85159748,1.42909829,1.28900955
27.6705918,0.887539435,0.887857454,0.849808347,0.844587717,2.74967814,2.85430029,1.42767206,1.29172233
27.7705918,0.888112059,0.886387615,0.843864779,0.838158702,2.74813413,2.85291706,1.4259139,1.29188887
27.8705918,0.887712531,0.888462657,0.837770666,0.832495233,2.74754679,2.8524517,1.42656448,1.2924117
27.970591799999998,0.886568584,0.887830431,0.852700659,0.847289215,2.74968839,2.85471803,1.42658155,1.29207907
28.0705918,0.888556451,0.887028776,0.834962004,0.829433547,2.74670472,2.85175106,1.42527948,1.29280025
28.1705918,0.887864965,0.887546881,0.849611764,0.844530637,2.74948583,2.8544225,1.42383293,1.29554649
28.270591800000002,0.886383482,0.888108222,0.843919219,0.838351215,2.74799681,2.85306681,1.42185361,1.29593624
28.3705918,0.888463815,0.887713584,0.837593866,0.832453363,2.74737272,2.85255637,1.42243991,1.29650891
28.4705918,0.887833608,0.886571565,0.852685465,0.84741373,2.74954888,2.85485496,1.42252016,1.29613512
28.5705918,0.887021828,0.888549676,0.834942216,0.829550365,2.74653634,2.85190127,1.42178862,1.29626376
28.6705918,0.887553503,0.887871673,0.849419794,0.844478156,2.74929904,2.85454405,1.42040108,1.29896352
28.7705918,0.888104932,0.886379884,0.843968959,0.838539497,2.74786465,2.85321559,1.4182096,1.29956863
28.8705918,0.887714556,0.888464895,0.837418758,0.832413389,2.74720788,2.85265532,1.41860238,1.30032049
28.9705918,0.886574632,0.887836868,0.852668607,0.847536845,2.74941897,2.85498474,1.41870211,1.29994897
29.070591800000003,0.888542855,0.887014826,0.834922532,0.829667114,2.74640066,2.85202254,1.41802565,1.30000208
29.1705918,0.887878362,0.887560112,0.849225474,0.844423405,2.74914293,2.85463714,1.41665803,1.30269259
29.270591800000002,0.886375763,0.888101056,0.844032553,0.838741692,2.74775619,2.85334255,1.41440625,1.3033611
29.3705918,0.88846582,0.88771537,0.837248593,0.832378572,2.74706028,2.85274014,1.41481892,1.30407858
29.470591799999998,0.887840202,0.886577774,0.852650957,0.847659418,2.74930145,2.85510421,1.41504921,1.30359839
29.5705918,0.887007775,0.888536002,0.834909384,0.829791076,2.74626671,2.85214496,1.41462555,1.30337709
29.6705918,0.887566689,0.887885016,0.849030419,0.844368295,2.7489805,2.85473866,1.41354105,1.30579599
29.770591800000002,0.88809677,0.886371521,0.844072203,0.838920019,2.74764242,2.85348086,1.41128704,1.30646905
29.870591800000003,0.887716114,0.888466672,0.837074245,0.832339884,2.74691013,2.85283025,1.41155593,1.30731719
29.970591800000005,0.886581015,0.887843633,0.852630242,0.847779218,2.7491827,2.85522678,1.41186649,1.30677866
30.0705918,0.888529132,0.887000718,0.834890498,0.829909402,2.74612913,2.85227432,1.41181086,1.30616839
30.170591799999997,0.88789166,0.887573261,0.848831844,0.844309844,2.74882076,2.85483936,1.41077408,1.30855051
30.2705918,0.886367591,0.888093114,0.844136904,0.839123909,2.74753386,2.85361254,1.40837417,1.30937362
30.3705918,0.888467218,0.887716545,0.836908037,0.832309478,2.7467664,2.85291622,1.40854073,1.31030897
30.4705918,0.887847132,0.886584326,0.852609294,0.847899011,2.74907178,2.8553431,1.40886496,1.30977863
30.570591800000003,0.88699329,0.888521972,0.834879472,0.830036591,2.74599769,2.85239921,1.40907993,1.30887661
30.670591800000004,0.887579835,0.887898298,0.848635408,0.844253842,2.7486578,2.85494492,1.40845218,1.3108603
30.7705918,0.888089741,0.886363938,0.844198112,0.839324798,2.74742116,2.85375072,1.40591341,1.31182697
30.870591799999996,0.887717098,0.888467871,0.836735127,0.832272666,2.74662452,2.85300299,1.40583681,1.31299051
30.970591799999998,0.886587741,0.887850732,0.852584788,0.848015524,2.74896244,2.85545919,1.40616126,1.31248157
31.0705918,0.888515518,0.886986766,0.834860994,0.830157339,2.74588329,2.85251072,1.40642874,1.3115076
31.1705918,0.887904833,0.887586307,0.848432434,0.844191847,2.74848984,2.85505671,1.40651675,1.3127831
31.270591800000002,0.886360163,0.888086232,0.844260042,0.839526905,2.74730134,2.85389624,1.40394923,1.31378456
31.370591800000003,0.888468817,0.887717933,0.83655973,0.8322337,2.74647173,2.85310048,1.40369288,1.31511259
31.470591800000005,0.887854405,0.886591231,0.852560382,0.848132393,2.74884977,2.85557981,1.40384798,1.31479518
31.5705918,0.886979568,0.888508526,0.834849699,0.83028386,2.74577022,2.85262327,1.4040474,1.313869
31.670591799999997,0.887592797,0.887911379,0.848229562,0.844129672,2.74835344,2.85513823,1.4041149,1.31517432
31.7705918,0.888082815,0.886356479,0.844322133,0.839729092,2.74721303,2.85401332,1.40147833,1.31624975
31.8705918,0.887718451,0.888469442,0.836387934,0.832198363,2.74635431,2.85316697,1.40099532,1.31778932
31.9705918,0.886594817,0.887858172,0.852533252,0.848246659,2.74876345,2.85567493,1.40114795,1.31749575
32.0705918,0.888501518,0.886972352,0.834839677,0.830411837,2.74567655,2.85271844,1.40147856,1.31641819
32.170591800000004,0.887917904,0.887599266,0.848026623,0.844068082,2.74820624,2.85523142,1.40221482,1.3170623
32.2705918,0.886352871,0.888079473,0.844383664,0.839931178,2.74710908,2.85414763,1.39971514,1.31800784
32.3705918,0.888469875,0.887718642,0.836211147,0.83215861,2.7462225,2.85325082,1.39902251,1.31974186
32.4705918,0.887862025,0.886598492,0.852502015,0.848357149,2.74866486,2.85578309,1.39904212,1.31960292
32.5705918,0.886965119,0.888494497,0.834830663,0.830541089,2.74557612,2.85282238,1.39936762,1.31851051
32.670591800000004,0.887605699,0.887924384,0.847820471,0.844003001,2.748079,2.85530572,1.40013779,1.31912948
32.7705918,0.888076216,0.886349351,0.844443906,0.84013208,2.74702829,2.85426007,1.39761519,1.32010356
32.8705918,0.887718721,0.888470066,0.836051328,0.832135703,2.74610787,2.8533179,1.39680989,1.32193435
32.970591799999994,0.886602136,0.887865846,0.852473693,0.848470685,2.74858066,2.85587743,1.39682728,1.32181947
33.070591799999995,0.888487446,0.886957855,0.834824449,0.830673319,2.74548761,2.85291617,1.39722086,1.3206391
33.1705918,0.887930722,0.887611974,0.847618097,0.843942259,2.74795213,2.85538002,1.3982127,1.32104368
33.2705918,0.886345898,0.888073026,0.844506218,0.840335377,2.74694404,2.85437723,1.39586771,1.32184739
33.3705918,0.888468923,0.887717037,0.835864788,0.832086224,2.74598999,2.85339148,1.39500175,1.3237217
33.4705918,0.887869857,0.886605978,0.852437999,0.848577097,2.74849633,2.85597233,1.39485517,1.32379387
33.5705918,0.886950588,0.888480396,0.834818493,0.83080603,2.74540001,2.85301072,1.39530349,1.32253897
33.670591800000004,0.887618384,0.887937169,0.847406984,0.843872769,2.74782195,2.85545863,1.39666687,1.32257961
33.7705918,0.888069931,0.886342544,0.8445627,0.840533207,2.74685457,2.85450068,1.39446891,1.32324309
33.8705918,0.887717341,0.888469303,0.83570636,0.832065217,2.74586782,2.85346948,1.3934722,1.32523215
33.9705918,0.886609882,0.887873928,0.852406812,0.84868821,2.74840597,2.85607313,1.39324887,1.32540313
34.0705918,0.888473322,0.886943295,0.834815397,0.830941806,2.74531157,2.85310771,1.39362577,1.32420005
34.170591800000004,0.88794339,0.887624565,0.847201039,0.843809436,2.74769193,2.85553645,1.39516409,1.32407299
34.270591800000005,0.886339258,0.888066902,0.844621426,0.840733677,2.74675745,2.8546328,1.39344368,1.32426559
34.3705918,0.888469326,0.887717282,0.835552912,0.832049351,2.74574093,2.85355312,1.39226801,1.32641799
34.470591799999994,0.887878165,0.886613954,0.852366355,0.848790208,2.748322,2.85616825,1.39166124,1.32699459
34.570591799999995,0.886936001,0.88846625,0.834813188,0.831078615,2.74523245,2.8531968,1.39189313,1.3259167
34.6705918,0.88763086,0.887949711,0.846990039,0.843740134,2.7475828,2.85559511,1.3934677,1.32576076
34.7705918,0.88806396,0.886336062,0.844679672,0.840933996,2.74666763,2.85475844,1.39237861,1.32532799
34.8705918,0.887716592,0.88846873,0.835410864,0.832045195,2.74561923,2.85363586,1.39114262,1.32752527
34.9705918,0.886618118,0.887882545,0.852320073,0.848886567,2.74823753,2.85626421,1.39026199,1.32839817
35.0705918,0.888459174,0.886928701,0.834810892,0.831215583,2.74515221,2.85328836,1.39036503,1.32742933
35.170591800000004,0.887955991,0.887637118,0.846777555,0.843669511,2.74747344,2.85565442,1.39194133,1.32727887
35.2705918,0.88633295,0.888061101,0.844735935,0.841132173,2.74660378,2.85485887,1.39086261,1.32684301
35.3705918,0.888468499,0.88771627,0.835259207,0.832031439,2.74552052,2.85369377,1.38955973,1.3290902
35.4705918,0.887886839,0.886622252,0.852281875,0.848991236,2.74817027,2.85634282,1.38857153,1.33009259
35.5705918,0.886921339,0.888452038,0.834813587,0.831357656,2.74508623,2.8533669,1.38866495,1.32911424
35.670591800000004,0.887642788,0.88796178,0.846580203,0.843613358,2.74737809,2.85570272,1.3903172,1.32889398
35.770591800000005,0.888058297,0.886329897,0.844796041,0.841334536,2.74653751,2.85496427,1.38956153,1.32814251
35.8705918,0.887715801,0.888468128,0.835110681,0.83202107,2.74541718,2.85375748,1.38829358,1.33033865
35.970591799999994,0.886625694,0.887890652,0.852225465,0.849077826,2.74810194,2.85642329,1.38716393,1.3315049
36.070591799999995,0.888444948,0.886914018,0.834813867,0.831497509,2.74502022,2.85344662,1.38715342,1.33061114
36.1705918,0.887968404,0.8876495,0.846350591,0.843526591,2.74727537,2.85575323,1.38889629,1.33030765
36.2705918,0.886326948,0.888055592,0.844848281,0.841529492,2.74646805,2.85506966,1.3885026,1.32920085
36.3705918,0.888467667,0.887715239,0.834959615,0.832008421,2.74530967,2.8538264,1.38729613,1.33131869
36.4705918,0.8878953,0.886630207,0.852181968,0.849177615,2.7480262,2.8565102,1.3860201,1.33265345
36.5705918,0.886906605,0.888437766,0.834819841,0.831643222,2.74495055,2.85353104,1.3859036,1.33184702
36.6705918,0.887655622,0.887974534,0.84613623,0.84345443,2.74717569,2.85580366,1.38762139,1.33157493
36.7705918,0.888052831,0.886323952,0.844905089,0.841729502,2.74639397,2.85518165,1.38760978,1.33009255
36.8705918,0.887714531,0.888467066,0.834811881,0.831999415,2.74519361,2.85390494,1.38665057,1.331947
36.9705918,0.886633602,0.887899026,0.852107185,0.849245728,2.74794414,2.85660019,1.38516838,1.33351097
37.0705918,0.888430857,0.886899456,0.834826452,0.831789614,2.7448868,2.8536102,1.38464238,1.33309522
37.170591800000004,0.887980624,0.887661709,0.845920498,0.84338097,2.74708342,2.85584684,1.38627457,1.33291434
37.270591800000005,0.886321196,0.888050384,0.844963125,0.841931336,2.74633485,2.85527845,1.38641689,1.33128619
37.3705918,0.888466347,0.887713701,0.834665525,0.831992037,2.74508302,2.85397893,1.385975,1.33260519
37.470591799999994,0.887903823,0.886638277,0.852061523,0.849343708,2.74786559,2.85669055,1.38435451,1.33432997
37.570591799999995,0.886892216,0.888423835,0.834828087,0.831931281,2.74482272,2.85369112,1.38351763,1.33420729
37.6705918,0.887667758,0.887986672,0.845702796,0.843305675,2.74699018,2.85589114,1.38507033,1.33411135
37.7705918,0.888047923,0.886318494,0.845015587,0.842126744,2.74628719,2.85536546,1.38522392,1.33248074
37.8705918,0.887712753,0.888465514,0.834519532,0.831984875,2.74499946,2.85402675,1.3847624,1.3338013
37.9705918,0.886643005,0.887908669,0.852016548,0.849442345,2.74781006,2.85675679,1.38306419,1.3356256
38.0705918,0.888416714,0.886884856,0.834838111,0.832081465,2.74477488,2.85375676,1.38211123,1.33560088
38.1705918,0.887992641,0.887673732,0.845486901,0.843232228,2.74690925,2.85592321,1.38368953,1.33548481
38.2705918,0.886315816,0.888045437,0.845075539,0.842329397,2.74625531,2.85543684,1.3838403,1.33386679
38.3705918,0.888464245,0.887711362,0.834381934,0.831986405,2.74491091,2.85407981,1.38380543,1.33474129
38.4705918,0.887913559,0.886647778,0.851970322,0.849539953,2.74774817,2.85682903,1.3820805,1.3366148
38.5705918,0.886877415,0.88840945,0.834839741,0.832223263,2.74472589,2.85382452,1.38091207,1.33678829
38.670591800000004,0.887679687,0.887998586,0.845267473,0.843155337,2.74682781,2.85595585,1.38246096,1.33670623
38.770591800000005,0.888043232,0.886313326,0.845119418,0.842516924,2.74621029,2.85552204,1.38279886,1.33490997
38.8705918,0.887710476,0.888463481,0.834233009,0.831976885,2.7448208,2.85413656,1.38303326,1.33549692
38.9705918,0.886652639,0.887918539,0.851918634,0.849632305,2.74768274,2.85690434,1.38130019,1.33740083
39.070591799999995,0.888402403,0.886870119,0.834851535,0.832375541,2.74467204,2.85389789,1.37994991,1.33773863
39.1705918,0.888004428,0.887685545,0.845050363,0.84308084,2.74674374,2.8559912,1.38142059,1.33773975
39.2705918,0.886310861,0.888041003,0.845170744,0.842711664,2.74617209,2.85560053,1.38176438,1.33594736
39.3705918,0.888462237,0.887709102,0.834093038,0.831976742,2.74472309,2.85420098,1.3825034,1.33600943
39.4705918,0.887923562,0.886657544,0.851865816,0.849723789,2.74760746,2.85698907,1.38086268,1.33784419
39.5705918,0.886862363,0.888394886,0.834850435,0.832514765,2.74461901,2.85397212,1.37917029,1.33850751
39.6705918,0.887691408,0.888010272,0.844829213,0.843002347,2.74666384,2.85602238,1.38036637,1.33878737
39.7705918,0.888038863,0.886308486,0.845220559,0.842905033,2.7461387,2.85567442,1.38069651,1.33701857
39.8705918,0.887707653,0.888460892,0.833955308,0.831979102,2.74463448,2.85425661,1.38177766,1.33671796
39.9705918,0.886662513,0.887928648,0.851810357,0.849812839,2.74753471,2.85707075,1.38043075,1.33828187
40.0705918,0.888391598,0.886857865,0.834832396,0.832636241,2.74455483,2.85404796,1.37853496,1.33913479
40.170591800000004,0.888016171,0.887697336,0.844608085,0.842923919,2.74658487,2.85605252,1.37938946,1.33975794
40.270591800000005,0.886306194,0.888036806,0.845269706,0.843097865,2.74610826,2.85574557,1.37964809,1.33807081
40.3705918,0.888459466,0.887706093,0.833816296,0.83197965,2.74456794,2.85429149,1.38073548,1.33774477
40.4705918,0.887933803,0.886667551,0.851751649,0.84989852,2.74749005,2.85712371,1.37937695,1.33934176
40.570591799999995,0.886850267,0.888384163,0.834855285,0.832799779,2.74452306,2.85410265,1.37736199,1.34029662
40.6705918,0.88770344,0.888022248,0.844394407,0.842852913,2.74652028,2.85606865,1.37815013,1.34099044
40.7705918,0.888034813,0.886303969,0.845319652,0.843291604,2.74608767,2.85580703,1.37846865,1.33925419
40.8705918,0.88770484,0.888458267,0.833689754,0.83199362,2.74450907,2.85431887,1.37953419,1.33893124
40.9705918,0.886672489,0.88793886,0.851695038,0.84998656,2.74743769,2.85718376,1.37862947,1.34009502
41.0705918,0.888376559,0.886842498,0.834874828,0.832960238,2.74448378,2.85416604,1.37651501,1.34113263
41.1705918,0.888027906,0.887709155,0.844168534,0.842769803,2.74645374,2.85608644,1.37708833,1.34204592
41.2705918,0.886301845,0.88803292,0.84536683,0.843482696,2.74606666,2.85586904,1.37742067,1.34030656
41.3705918,0.888456551,0.88770299,0.833549046,0.831993002,2.74444036,2.85435722,1.37874436,1.33970526
41.4705918,0.887944295,0.886677808,0.851627416,0.850063749,2.74738299,2.85724566,1.37803671,1.34069382
41.5705918,0.886834992,0.88836923,0.834897775,0.833124161,2.74444315,2.85423077,1.37581287,1.34182444
41.670591800000004,0.887714803,0.888033517,0.843949081,0.842693173,2.74638487,2.85610664,1.37618441,1.34294345
41.770591800000005,0.888031074,0.88629977,0.845415711,0.843675598,2.74604587,2.85593095,1.37646951,1.34126261
41.8705918,0.887701061,0.888454769,0.833415412,0.831999257,2.74438346,2.85438463,1.37781779,1.34061699
41.9705918,0.88668301,0.887949613,0.851562324,0.850143829,2.74731929,2.8573159,1.37771956,1.34101633
42.070591799999995,0.888361938,0.886827516,0.834922546,0.833290116,2.74439319,2.85430541,1.37544233,1.342185
42.1705918,0.888038886,0.88772021,0.843718303,0.842605108,2.74631322,2.85612951,1.37545865,1.3436637
42.2705918,0.886297815,0.888029347,0.845460878,0.843864893,2.74602556,2.85599245,1.37558667,1.34215084
42.3705918,0.888452883,0.887699026,0.833282661,0.832006495,2.74432881,2.85441047,1.37691734,1.34150285
42.4705918,0.887954981,0.886688275,0.851495017,0.850221944,2.74726027,2.85738066,1.3773067,1.34143418
42.570591799999995,0.886820081,0.888354696,0.834947952,0.833456863,2.74434457,2.85437924,1.3751083,1.34250921
42.6705918,0.887726482,0.888045452,0.843480262,0.84250936,2.74624255,2.85615308,1.37484317,1.34427304
42.7705918,0.888027719,0.886295959,0.845505747,0.844053961,2.74600824,2.85605098,1.37470846,1.34303491
42.8705918,0.887696876,0.888450883,0.833151698,0.832015602,2.74427852,2.85443264,1.37598915,1.34241667
42.9705918,0.886693631,0.887960451,0.8514234,0.850295256,2.74722685,2.85741924,1.37639899,1.34234851
43.0705918,0.888347507,0.886812694,0.834973609,0.833623751,2.7443241,2.85442535,1.3741433,1.34346469
43.170591800000004,0.888050799,0.887731912,0.843262707,0.842434605,2.74619161,2.85615512,1.3737408,1.34536908
43.270591800000005,0.886294296,0.888026281,0.845554776,0.84424724,2.74600425,2.8560962,1.37358544,1.34416368
43.3705918,0.888448758,0.887694599,0.833023608,0.832027641,2.7442376,2.85444611,1.3749386,1.34345277
43.4705918,0.887966133,0.886699243,0.851356048,0.850373407,2.74719283,2.8574573,1.37549411,1.34325899
43.5705918,0.886805336,0.888340353,0.835001418,0.833793045,2.74429358,2.85448206,1.37354288,1.3440555
43.6705918,0.887737552,0.888056599,0.843032611,0.842344136,2.74612238,2.85616728,1.37303432,1.34606933
43.7705918,0.888024819,0.886292603,0.845595693,0.844432498,2.74599719,2.85614454,1.372657,1.34509848
43.8705918,0.887692223,0.888446535,0.832895659,0.832039898,2.74419601,2.8544609,1.37401915,1.34435804
43.9705918,0.886704703,0.887971702,0.851276325,0.850439022,2.74715357,2.85750026,1.37489225,1.3438669
44.070591799999995,0.888333265,0.886798036,0.835027928,0.833961036,2.744266,2.85453629,1.37297945,1.34460999
44.1705918,0.888061784,0.887742847,0.842814718,0.842269209,2.74606615,2.85617559,1.37229515,1.34680225
44.2705918,0.886290703,0.888023147,0.845646651,0.844627813,2.74599267,2.85619168,1.3717673,1.34599437
44.3705918,0.888444177,0.88768971,0.832771351,0.832055853,2.74415754,2.85447325,1.37311842,1.3452448
44.4705918,0.887977566,0.886710506,0.851204834,0.85051407,2.747122,2.85753539,1.37409329,1.34467221
44.5705918,0.88679064,0.888326087,0.83505998,0.834134841,2.74422837,2.85460091,1.37274002,1.34484025
44.670591800000004,0.887747626,0.888066451,0.842590631,0.842188236,2.74599979,2.85619368,1.37188893,1.34720229
44.770591800000005,0.888021736,0.886289073,0.845684087,0.844809714,2.7459859,2.85623969,1.37101347,1.34675564
44.8705918,0.887687107,0.888441729,0.832646623,0.832071447,2.74412037,2.85448492,1.37226799,1.34608153
44.9705918,0.886716113,0.887983286,0.85112325,0.850577689,2.74709829,2.8575614,1.37327137,1.34550096
45.0705918,0.888319177,0.886783505,0.83508699,0.83430388,2.74419217,2.85466496,1.37249535,1.34507532
45.1705918,0.88807153,0.887752817,0.842371103,0.842111829,2.74593047,2.85621487,1.37162447,1.34746039
45.2705918,0.886287623,0.888020503,0.845727227,0.844997441,2.74597305,2.85629391,1.37047684,1.34729975
45.3705918,0.888439147,0.887684367,0.832526034,0.832091261,2.74408016,2.85450032,1.37157525,1.34676089
45.4705918,0.887989063,0.886721779,0.851040021,0.85063972,2.74707362,2.85758765,1.37253141,1.34624793
45.570591799999995,0.886776318,0.888312218,0.835116876,0.83447535,2.74418264,2.85470253,1.37170511,1.34585755
45.6705918,0.887757959,0.888076558,0.84215147,0.84203512,2.74588799,2.85620905,1.37073437,1.34834398
45.7705918,0.888019335,0.886286321,0.845760295,0.845174949,2.74598695,2.85632125,1.36935425,1.34843046
45.8705918,0.887681583,0.888436521,0.832406223,0.832111805,2.74406158,2.85449469,1.3704213,1.34790121
45.9705918,0.886727515,0.887994906,0.850954112,0.850699065,2.74706339,2.85759867,1.37150681,1.3472792
46.0705918,0.888305334,0.886769188,0.83514953,0.834650218,2.74416124,2.85475234,1.3712257,1.34632738
46.170591800000004,0.888081531,0.887763046,0.841931781,0.841958534,2.74582618,2.85622253,1.37043786,1.34863373
46.2705918,0.886286132,0.888019139,0.845784919,0.845343626,2.74598436,2.85636782,1.36882576,1.3489665
46.3705918,0.888433753,0.887678659,0.832285291,0.832131306,2.74403309,2.8544996,1.369631,1.34867839
46.4705918,0.888000816,0.886733321,0.850865217,0.850755468,2.74704743,2.85761467,1.37070892,1.34808406
46.5705918,0.886762085,0.888298467,0.835180864,0.834823204,2.74415936,2.85478314,1.37043425,1.34711127
46.6705918,0.887768089,0.888086458,0.841711207,0.841880819,2.7457886,2.8562116,1.36960064,1.34946427
46.7705918,0.888018015,0.886284768,0.845829431,0.845532654,2.74599882,2.85639428,1.36786268,1.34993766
46.8705918,0.887675541,0.888430794,0.832172692,0.832159141,2.74401647,2.85449318,1.368631,1.34966508
46.9705918,0.886739174,0.88800677,0.850775488,0.850811036,2.7470391,2.85762227,1.36980316,1.34899661
47.070591799999995,0.888291705,0.886755087,0.835220395,0.835004984,2.74415745,2.85481399,1.36962644,1.34791085
47.1705918,0.888091258,0.887773007,0.841493941,0.841806513,2.74574116,2.85621051,1.36910606,1.34995179
47.2705918,0.886280627,0.888014726,0.845915454,0.845769901,2.74601023,2.85643769,1.36724108,1.35056778
47.3705918,0.888427769,0.887672353,0.832054348,0.832181228,2.74399929,2.854488,1.36776238,1.35052086
47.4705918,0.888012799,0.886745104,0.850681838,0.850862685,2.74703146,2.85762839,1.3689644,1.34984227
47.5705918,0.886748096,0.888284966,0.835250485,0.835177021,2.74415237,2.8548488,1.36907655,1.34845301
47.670591800000004,0.887778009,0.88809614,0.841270247,0.841725698,2.74569584,2.85620725,1.36864396,1.35040698
47.7705918,0.888014351,0.886280086,0.845944112,0.84594244,2.74601619,2.85646936,1.3666365,1.35118146
47.8705918,0.887668482,0.888424064,0.831946168,0.832213529,2.74398227,2.85448539,1.36699847,1.35127148
47.9705918,0.886751076,0.888018867,0.850587479,0.85091364,2.74702323,2.85763432,1.36821212,1.35060151
48.0705918,0.888277427,0.886740504,0.835291593,0.835361648,2.7441564,2.8548769,1.36836523,1.34915679
48.170591800000004,0.888100885,0.887782874,0.841050218,0.841648728,2.74563853,2.85621597,1.36853123,1.35051215
48.2705918,0.88627929,0.888013729,0.845979998,0.846122328,2.74601156,2.85651328,1.36639484,1.35143204
48.3705918,0.888420827,0.887665045,0.831829872,0.832237708,2.74396396,2.8544826,1.36634223,1.35191572
48.4705918,0.888025019,0.886757136,0.850489991,0.850961439,2.74701754,2.85763691,1.36744913,1.35137161
48.570591799999995,0.886733562,0.888270748,0.835327017,0.835538778,2.74416707,2.85489683,1.36759901,1.34991649
48.6705918,0.887787693,0.888105586,0.840830537,0.841572146,2.74558636,2.85621949,1.36831353,1.35072175
48.7705918,0.888013171,0.886278557,0.846015269,0.846301712,2.74600857,2.85655565,1.36616419,1.35167165
48.8705918,0.887661967,0.888418009,0.831710355,0.832258755,2.7439471,2.85447954,1.36574218,1.35250403
48.9705918,0.886763255,0.888031226,0.850388145,0.851004873,2.74701353,2.85763698,1.36669687,1.35213105
49.0705918,0.88826411,0.886726661,0.835363013,0.835716479,2.74418071,2.85491421,1.36682486,1.35068441
49.170591800000004,0.888110232,0.887792464,0.840609363,0.841493532,2.74556097,2.85619612,1.36753728,1.351491
49.2705918,0.886277894,0.888012683,0.84604944,0.846479883,2.74603176,2.85657183,1.36532956,1.35251526
49.3705918,0.888414475,0.887658276,0.831606264,0.832295042,2.74394743,2.85445954,1.36475845,1.35347534
49.4705918,0.88803748,0.886769422,0.850288497,0.851050467,2.74702038,2.85762546,1.36574242,1.35309228
49.5705918,0.886719786,0.888257499,0.835401224,0.835896367,2.74420208,2.85492428,1.36595607,1.35154701
49.670591800000004,0.887797209,0.888114847,0.840393169,0.841420239,2.74553093,2.85617738,1.36689739,1.35212248
49.7705918,0.888012218,0.886277254,0.846085495,0.846660112,2.74604431,2.85659876,1.36486352,1.35299028
49.8705918,0.887654626,0.888410811,0.831483569,0.832312195,2.7439424,2.854449,1.36411112,1.35410962
49.970591799999994,0.88677564,0.888043782,0.850181345,0.851088489,2.74702652,2.85761374,1.3648989,1.35394287
50.070591799999995,0.888250939,0.886712963,0.835439292,0.836076081,2.7442251,2.85493309,1.36514184,1.35235539
50.1705918,0.888119382,0.887801871,0.840170175,0.841339814,2.74550069,2.85615884,1.36640419,1.35260802
50.2705918,0.88627676,0.888011898,0.846116369,0.846835151,2.74606055,2.85662197,1.36438833,1.35347477
50.3705918,0.888407134,0.88765077,0.831380865,0.832349851,2.7439388,2.85443402,1.36343805,1.35477079
50.4705918,0.888049895,0.886781672,0.850077479,0.851129801,2.74703213,2.85760144,1.364132,1.3547168
50.5705918,0.886706167,0.888244407,0.835479597,0.836258015,2.74424883,2.8549416,1.36439578,1.35309589
50.670591800000004,0.887806306,0.888123616,0.839953501,0.84126639,2.745468,2.85614214,1.36590642,1.35309728
50.7705918,0.888011601,0.886276288,0.846149211,0.847012385,2.74606375,2.85665827,1.36430224,1.35356997
50.8705918,0.887646753,0.888403296,0.831283563,0.832392981,2.74392408,2.8544307,1.36312859,1.35506859
50.9705918,0.886788473,0.888056786,0.849959351,0.851156792,2.74703649,2.85758911,1.36346357,1.35539322
51.0705918,0.888237929,0.886699426,0.835520268,0.836440271,2.74427492,2.85494811,1.36365662,1.35382984
51.170591800000004,0.888127854,0.887810739,0.839734587,0.841192108,2.74545343,2.85610981,1.36517642,1.35381992
51.270591800000005,0.886275886,0.888011372,0.846181529,0.847189192,2.74607038,2.85669114,1.36416333,1.35371777
51.3705918,0.888400062,0.887643345,0.831182539,0.832432402,2.74390953,2.85442548,1.36284777,1.35533826
51.470591799999994,0.888063415,0.886794995,0.849840569,0.851183051,2.74704245,2.85757503,1.36282411,1.35604032
51.570591799999995,0.886692736,0.888231503,0.835560493,0.836622039,2.74430424,2.85495177,1.36290278,1.35457879
51.6705918,0.887815208,0.888132194,0.839514513,0.841114076,2.7454421,2.85607238,1.36441691,1.35457207
51.7705918,0.888011227,0.886275567,0.846211975,0.847363756,2.74610528,2.85669557,1.36340126,1.35448957
51.8705918,0.887639154,0.888396051,0.831087564,0.832477721,2.74392129,2.85439696,1.36199352,1.35618062
51.9705918,0.886801385,0.888069874,0.849728696,0.851216114,2.74706356,2.85754509,1.36185363,1.35701775
52.0705918,0.888225112,0.886686082,0.835604903,0.836807934,2.74434358,2.85494581,1.36198498,1.3554916
52.1705918,0.888137136,0.887820194,0.839307643,0.841048518,2.74544059,2.85602456,1.36355595,1.35542598
52.2705918,0.886274915,0.888010758,0.846254173,0.84755034,2.74613308,2.8567091,1.36288891,1.35501008
52.3705918,0.888391919,0.887634841,0.830995964,0.832526498,2.74392195,2.85438026,1.36152959,1.35663265
52.4705918,0.888076753,0.886808223,0.849601796,0.851234248,2.74708074,2.85751909,1.36113301,1.35774593
52.5705918,0.886679482,0.888218776,0.835646661,0.836991091,2.74438343,2.85493964,1.36115779,1.35631429
52.670591800000004,0.887823942,0.888140658,0.83907681,0.840960059,2.74543423,2.85598293,1.36280576,1.35616801
52.770591800000005,0.888011163,0.886275157,0.846272385,0.847712808,2.7461613,2.8567181,1.3624393,1.35547001
52.8705918,0.887630475,0.888387734,0.830902594,0.832573415,2.74392815,2.85435865,1.36101432,1.35713622
52.970591799999994,0.886814636,0.888083231,0.849483608,0.851260794,2.7470986,2.85749062,1.36041731,1.35846882
53.070591799999995,0.88821241,0.886672854,0.835693248,0.837179046,2.74442436,2.85493275,1.36038376,1.35708397
53.1705918,0.888144779,0.887828204,0.838859273,0.84088417,2.74543231,2.85593631,1.36207404,1.35689208
53.2705918,0.886275029,0.888011226,0.846303166,0.847888251,2.74618314,2.85673533,1.36215086,1.35576686
53.3705918,0.888383429,0.887625987,0.830812754,0.832623987,2.74392099,2.85435116,1.36091314,1.35722557
53.4705918,0.88808883,0.886820512,0.849342652,0.851264449,2.74710764,2.85747307,1.36007374,1.35881859
53.5705918,0.886666339,0.888206153,0.835736201,0.837363252,2.74446494,2.8549265,1.35970107,1.35776296
53.6705918,0.887832409,0.88814884,0.838641312,0.840807707,2.74543273,2.85588742,1.36134459,1.35761393
53.7705918,0.888011156,0.886274735,0.84633402,0.848064094,2.74621467,2.85674187,1.36161166,1.35631532
53.8705918,0.887621402,0.888379028,0.83072459,0.832676251,2.74391675,2.85434146,1.36078743,1.35733922
53.9705918,0.886827395,0.888095801,0.849221298,0.851287657,2.7471156,2.85745304,1.3597392,1.35916042
54.0705918,0.888199893,0.88665983,0.835780572,0.837548813,2.74450725,2.85491822,1.35902966,1.35843114
54.170591800000004,0.88815283,0.887836548,0.838424012,0.84073177,2.74543546,2.8558363,1.3606169,1.35833397
54.270591800000005,0.886274793,0.88801138,0.846360421,0.848234425,2.74626204,2.85673332,1.36089552,1.35704182
54.3705918,0.888374543,0.887616732,0.830637335,0.832729061,2.74394075,2.85430409,1.36003204,1.35808301
54.470591799999994,0.888102537,0.886834046,0.849100015,0.851310777,2.74714535,2.85741001,1.35888812,1.36001837
54.570591799999995,0.886653393,0.888193719,0.835829415,0.837738726,2.74456445,2.85489606,1.35807077,1.35938649
54.6705918,0.887840608,0.888156738,0.838209249,0.840658202,2.74544742,2.85577609,1.35974266,1.35920023
54.7705918,0.888012432,0.88627586,0.84638155,0.848399095,2.7463207,2.85670973,1.35999926,1.35794895
54.8705918,0.88761189,0.888369884,0.830558539,0.832790522,2.74395493,2.85427708,1.35959385,1.35850885
54.9705918,0.886840083,0.888108654,0.848983764,0.851338855,2.74716355,2.85737859,1.35843207,1.36048054
55.0705918,0.888187802,0.886647196,0.835870629,0.837920852,2.7446186,2.85487729,1.35731354,1.360141
55.1705918,0.888160589,0.887844614,0.837992621,0.840582579,2.74546046,2.85571487,1.35893569,1.35999933
55.2705918,0.886275751,0.888012537,0.846399646,0.84856147,2.74636924,2.85669989,1.35937165,1.35858644
55.3705918,0.888365295,0.887607112,0.830469123,0.832841119,2.74397442,2.85424584,1.35914627,1.35894477
55.4705918,0.888115438,0.886846794,0.848855938,0.851355297,2.74718751,2.85733981,1.35788613,1.3610332
55.5705918,0.886640846,0.888181711,0.835921457,0.838112549,2.7446751,2.85485643,1.35656654,1.36088519
55.670591800000004,0.887848515,0.88816433,0.837779847,0.840510673,2.74547426,2.85565304,1.35818689,1.3607401
55.770591800000005,0.888012982,0.886276024,0.846424209,0.848729808,2.74642551,2.85668189,1.35868057,1.35928813
55.8705918,0.887602165,0.888360528,0.83038882,0.832901125,2.74398316,2.85422591,1.35898472,1.35909354
55.9705918,0.886853517,0.88812223,0.848726852,0.851370521,2.74719693,2.85731483,1.35777156,1.36115434
56.070591799999995,0.888175425,0.886634119,0.835958427,0.838290337,2.74472749,2.85484083,1.35607576,1.3613742
56.1705918,0.88816803,0.887852381,0.837564043,0.84043552,2.74548947,2.85558986,1.35747579,1.36144344
56.2705918,0.886276393,0.888013518,0.846446816,0.848896051,2.74648501,2.8566604,1.35796196,1.36001755
56.3705918,0.888355554,0.887597025,0.830310755,0.832963404,2.74399972,2.85419859,1.35863683,1.35942836
56.4705918,0.888129044,0.886860267,0.848595075,0.851383,2.74720818,2.85728727,1.3576465,1.36128562
56.5705918,0.88662586,0.888167843,0.835978098,0.838450461,2.74477702,2.85482712,1.35568757,1.36176002
56.6705918,0.887856086,0.888171564,0.837349502,0.840361484,2.74550587,2.85552545,1.3567902,1.36212123
56.7705918,0.888014134,0.886276843,0.846468522,0.84906127,2.74654601,2.85663716,1.3572612,1.36072925
56.8705918,0.887591903,0.888350624,0.830232054,0.833024324,2.74403782,2.85415052,1.35793175,1.36012209
56.9705918,0.886867051,0.888135885,0.848460119,0.851391946,2.7472459,2.85723238,1.35690604,1.36203231
57.0705918,0.888162158,0.886619972,0.83603606,0.83864878,2.74484764,2.85479301,1.3548112,1.36263431
57.170591800000004,0.888175157,0.887859848,0.83714217,0.840294465,2.74553489,2.85544817,1.35585418,1.36304922
57.270591800000005,0.886277368,0.88801482,0.846490627,0.849226731,2.74661509,2.8566056,1.35643911,1.36156214
57.3705918,0.888345643,0.887586681,0.830163677,0.833096244,2.74407911,2.85409883,1.35712285,1.36091956
57.4705918,0.888142733,0.886873847,0.848324315,0.851400113,2.74727245,2.85718797,1.35651861,1.36242535
57.570591799999995,0.886614229,0.888156623,0.836090902,0.83884391,2.74490871,2.85476945,1.35429839,1.36314525
57.6705918,0.88786358,0.888178723,0.836926337,0.840218632,2.74556299,2.85537244,1.3550629,1.36383267
57.7705918,0.888015605,0.886277993,0.846509776,0.849389056,2.74668609,2.85657183,1.35565395,1.36235832
57.8705918,0.887581342,0.888340483,0.830084538,0.833156725,2.74411666,2.85405271,1.35657775,1.36145268
57.9705918,0.886880684,0.888149618,0.848183427,0.851402944,2.74730398,2.85713773,1.35608915,1.36286068
58.0705918,0.888151006,0.886608404,0.836148431,0.839041644,2.74497461,2.85474065,1.35372466,1.3637174
58.1705918,0.888182089,0.887867123,0.83671782,0.840149963,2.7455927,2.85529534,1.35430936,1.36457816
58.2705918,0.886278682,0.88801645,0.846530271,0.849552594,2.74675687,2.85653804,1.35494738,1.36307595
58.3705918,0.888335288,0.887575955,0.830011997,0.833223416,2.74416426,2.85399716,1.3559097,1.36210951
58.4705918,0.888156157,0.886887181,0.848046504,0.851409943,2.7473213,2.8571005,1.35603045,1.36292434
58.5705918,0.886602596,0.88814541,0.836207353,0.83924079,2.74502599,2.85472668,1.35359554,1.3638452
58.670591800000004,0.887870565,0.888185412,0.836501178,0.840072818,2.74561838,2.85522248,1.353754,1.36512616
58.770591800000005,0.888017398,0.886279475,0.846547022,0.849712184,2.74682951,2.85650204,1.35425452,1.36378024
58.8705918,0.887570492,0.888330019,0.829940651,0.833291147,2.74421586,2.85393826,1.35520231,1.36280583
58.9705918,0.886894368,0.88816337,0.847898838,0.851406065,2.74734617,2.85705606,1.35581714,1.36314193
59.070591799999995,0.888139869,0.886596842,0.836264762,0.839438329,2.74508193,2.8547084,1.35340242,1.36403707
59.1705918,0.888187929,0.88787312,0.83627649,0.839987496,2.74564812,2.85514631,1.35320941,1.36566339
59.2705918,0.886280318,0.888018392,0.846562892,0.849870753,2.74690421,2.85646367,1.35356023,1.36448595
59.3705918,0.888324667,0.887564946,0.829871229,0.833360663,2.74426995,2.85387756,1.35450016,1.36349698
59.4705918,0.888170294,0.886901259,0.847751386,0.851401767,2.74739405,2.85698714,1.35513173,1.36383288
59.570591799999995,0.886591122,0.888134366,0.836322583,0.83963598,2.74516247,2.85466575,1.35265092,1.36478745
59.670591800000004,0.887876546,0.88819115,0.836073457,0.839923555,2.74569256,2.85505492,1.35230244,1.36656221
59.7705918,0.888019472,0.886281251,0.846581964,0.850032335,2.74698937,2.85641443,1.35267051,1.36538686
59.87059180000001,0.88755931,0.888319227,0.829804832,0.833433031,2.74433136,2.8538102,1.35371001,1.36427602
59.9705918,0.886908054,0.888177126,0.847607173,0.851400943,2.74743816,2.85692099,1.35452308,1.36444568
60.070591799999995,0.888128895,0.886585432,0.836381821,0.839835073,2.74523164,2.85463477,1.35227859,1.36515859
60.170591800000004,0.888195296,0.887881248,0.835834187,0.839822658,2.745724,2.85497042,1.35175747,1.36710088
60.2705918,0.886282335,0.888020698,0.846593707,0.850186321,2.74707474,2.85636474,1.35187965,1.36618939
60.37059180000001,0.888313723,0.887553608,0.829738911,0.833505682,2.74439585,2.85374041,1.35293529,1.3650398
60.4705918,0.88818407,0.88691498,0.847452383,0.851389143,2.74748248,2.85685416,1.35405328,1.36492013
60.5705918,0.886579802,0.888123486,0.836439274,0.840032152,2.74530715,2.85459766,1.35183537,1.36560106
60.6705918,0.88788436,0.888198235,0.835636463,0.839763506,2.74576515,2.85488349,1.35113374,1.3677162
60.77059179999999,0.88802225,0.88628375,0.846613511,0.85034827,2.74716052,2.85631414,1.35113698,1.36694379
60.8705918,0.887547814,0.888308128,0.829676677,0.83358187,2.74446025,2.85367141,1.35224836,1.36571585
60.970591799999994,0.886922137,0.888191321,0.847308082,0.851388223,2.74753556,2.85677691,1.35334325,1.36563542
61.0705918,0.888118016,0.88657411,0.836502137,0.84023468,2.7453779,2.85456559,1.35156165,1.36587362
61.1705918,0.888201002,0.887887306,0.835435924,0.839701314,2.74580111,2.85480266,1.35073963,1.36810166
61.270591800000005,0.886285021,0.888023638,0.846621741,0.850498293,2.74724901,2.85626066,1.3504203,1.36767259
61.3705918,0.888302474,0.887541961,0.829614442,0.833657829,2.74453063,2.85359705,1.35149045,1.36646305
61.470591799999994,0.888198189,0.886928994,0.847147048,0.851369819,2.74758632,2.85670208,1.35281615,1.36616679
61.5705918,0.886568669,0.888112801,0.836556855,0.840428682,2.74545969,2.85452268,1.3511147,1.36632029
61.6705918,0.887890279,0.888203794,0.835238029,0.839641559,2.74584714,2.85471111,1.35013684,1.36869588
61.770591800000005,0.888025063,0.88628631,0.846634209,0.850652328,2.74734377,2.85620061,1.34961075,1.36849408
61.8705918,0.887536005,0.88829672,0.829556207,0.833737626,2.74460408,2.85352033,1.35073478,1.36720792
61.97059180000001,0.886935941,0.888205141,0.846988966,0.851353898,2.74764724,2.85661637,1.35214804,1.36683962
62.0705918,0.888107522,0.886563162,0.836616758,0.840628073,2.74552795,2.85449365,1.35103939,1.36639447
62.1705918,0.888206495,0.887893166,0.835041718,0.839583298,2.74587801,2.85463492,1.34999739,1.36882672
62.2705918,0.886287511,0.888026364,0.846637506,0.8507969,2.74743005,2.85614865,1.34910394,1.36901366
62.37059179999999,0.8882909,0.887529983,0.829498888,0.833818158,2.744675,2.85344673,1.35011428,1.36781792
62.4705918,0.888212101,0.8869429,0.846828527,0.851335401,2.74770748,2.85653059,1.35154448,1.36744791
62.570591799999995,0.886557678,0.888102261,0.836677314,0.840828073,2.74559984,2.85446116,1.35089041,1.36654208
62.670591800000004,0.887895977,0.888209116,0.834845989,0.839525437,2.74590932,2.85455847,1.34989268,1.36892265
62.7705918,0.888028268,0.886289111,0.846631183,0.850931325,2.74751898,2.85609475,1.34864137,1.36948897
62.87059180000001,0.887523929,0.888285052,0.82944102,0.833897872,2.74475232,2.85336738,1.34940182,1.36852018
62.9705918,0.886949869,0.888219069,0.846665465,0.851314024,2.74777389,2.8564379,1.35082666,1.36817031
63.070591799999995,0.88809711,0.8865523,0.836736152,0.841025624,2.74569898,2.8544015,1.35018808,1.36724465
63.170591800000004,0.888211664,0.887898717,0.834650362,0.839467238,2.74596869,2.85445408,1.34913609,1.36967028
63.2705918,0.886290662,0.888029933,0.846644109,0.851085083,2.74762428,2.85602301,1.34775656,1.3703859
63.37059180000001,0.888279243,0.887517912,0.829391038,0.833985318,2.74483916,2.85327913,1.34851952,1.36939182
63.4705918,0.888226024,0.88695683,0.846501802,0.851291809,2.74784472,2.85634009,1.35007738,1.36892383
63.57059180000001,0.886547095,0.888092093,0.836801554,0.841230024,2.74579349,2.85434645,1.34959082,1.36784114
63.670591800000004,0.887901341,0.888214091,0.834458742,0.839413016,2.74601297,2.85436509,1.34884431,1.36995261
63.77059179999999,0.888035062,0.886294813,0.846629941,0.851209271,2.7477098,2.8559609,1.34730187,1.37085557
63.8705918,0.887511738,0.888273284,0.829336281,0.834067663,2.74492581,2.85319177,1.34776164,1.37013969
63.970591799999994,0.886963807,0.888232991,0.846334727,0.851265893,2.74791812,2.85623895,1.34933503,1.36967042
64.0705918,0.888087028,0.8865418,0.836858013,0.841425013,2.74588937,2.85429048,1.34911638,1.36831564
64.1705918,0.888216508,0.887903957,0.834262094,0.839353312,2.74606918,2.85426421,1.34834761,1.37044035
64.2705918,0.886295863,0.888036146,0.846636482,0.85135608,2.74781464,2.85589039,1.34663092,1.37153842
64.3705918,0.888267407,0.887505648,0.829292956,0.834161325,2.74501935,2.85309894,1.34690791,1.37098313
64.4705918,0.888239938,0.886970767,0.846167234,0.85123932,2.74799388,2.85613479,1.34859976,1.37040965
64.5705918,0.886537059,0.888082422,0.836924462,0.841630798,2.74598949,2.85423035,1.34851319,1.36891921
64.6705918,0.88790645,0.888218798,0.834069802,0.839297997,2.74610992,2.85417919,1.34829401,1.37048419
64.7705918,0.888037704,0.886297389,0.846647406,0.851507269,2.74790308,2.8558355,1.34643189,1.3717496
64.8705918,0.887499256,0.888261237,0.829240771,0.834245775,2.74510542,2.85301344,1.34633828,1.37154331
64.97059180000001,0.886977725,0.888246879,0.845997034,0.851209791,2.74806597,2.85603357,1.34801153,1.3710019
65.0705918,0.888077509,0.886531911,0.836984476,0.84182873,2.74609632,2.85416377,1.34793294,1.36950056
65.1705918,0.888220984,0.887908843,0.833878723,0.839243732,2.74615259,2.8540925,1.34822172,1.37054627
65.2705918,0.886299034,0.888039384,0.8466565,0.851656422,2.74799103,2.85578058,1.34628359,1.37191002
65.3705918,0.888254918,0.887492775,0.829184966,0.834326262,2.74519493,2.85292502,1.34575262,1.3721201
65.47059180000001,0.88825384,0.886984705,0.845823211,0.8511763,2.74814483,2.85592484,1.34729963,1.37171784
65.5705918,0.886526836,0.888072669,0.837044367,0.842026291,2.74621031,2.85409022,1.34722464,1.37021013
65.67059180000001,0.887911183,0.888223114,0.833687252,0.839188359,2.74622443,2.85397669,1.34751432,1.37124432
65.7705918,0.88804119,0.886300801,0.846663375,0.851802942,2.74810517,2.8556989,1.34551679,1.37268873
65.8705918,0.887486332,0.88824869,0.829144416,0.834421773,2.74530019,2.85282178,1.3448376,1.37302537
65.97059180000001,0.886991682,0.888260793,0.845651612,0.851144797,2.74823073,2.85580845,1.34647176,1.3725491
66.0705918,0.88806878,0.886522815,0.837086625,0.842204634,2.74632551,2.85401001,1.34651212,1.37092393
66.1705918,0.888225142,0.887913437,0.833501065,0.839138383,2.74628786,2.85386963,1.34704991,1.37169808
66.27059179999999,0.886302666,0.888043095,0.846670858,0.851949988,2.74820298,2.85563315,1.34524497,1.37297226
66.3705918,0.888243379,0.887481124,0.82908792,0.834500586,2.74539838,2.85272824,1.34428746,1.37356614
66.4705918,0.888267747,0.886998661,0.845473661,0.851106554,2.74831702,2.85569093,1.34572616,1.37329844
66.5705918,0.886516889,0.888063185,0.837166116,0.842422654,2.74644956,2.85393236,1.34579276,1.37164501
66.6705918,0.887915604,0.888227095,0.833309865,0.839082853,2.74635543,2.85375863,1.34660714,1.37213096
66.77059179999999,0.888045144,0.886304671,0.846672482,0.852090727,2.74831416,2.85555336,1.34471075,1.37351859
66.8705918,0.887474256,0.888236753,0.829049196,0.834597273,2.74550629,2.85262357,1.34351528,1.3743292
66.9705918,0.887005682,0.888274738,0.84529939,0.851071767,2.74840879,2.8555672,1.34488885,1.374139
67.0705918,0.88805854,0.886512016,0.837227989,0.842621463,2.7465739,2.85384898,1.34507784,1.37236167
67.1705918,0.888229109,0.887917868,0.833125654,0.8390346,2.74641919,2.8536515,1.34621618,1.3725107
67.2705918,0.886306768,0.888047286,0.846674907,0.852232229,2.74840837,2.85549016,1.34466321,1.37357779
67.3705918,0.888228239,0.887464982,0.829030792,0.834714048,2.74559558,2.85253759,1.34323541,1.37459687
67.4705918,0.888281646,0.887012622,0.845117125,0.851028598,2.74849411,2.85544929,1.34430554,1.37472605
67.5705918,0.886507228,0.888053978,0.837288831,0.842818968,2.74669775,2.85376618,1.34444379,1.37299796
67.6705918,0.887919582,0.88823068,0.832946107,0.838991404,2.74649654,2.85353259,1.34560695,1.3731097
67.7705918,0.888049532,0.886308965,0.846675798,0.85237198,2.74850464,2.85542442,1.3445911,1.37366125
67.8705918,0.887458263,0.888221707,0.828989982,0.834807997,2.74568846,2.85244839,1.34298386,1.37484
67.97059180000001,0.887018841,0.888287793,0.844935014,0.850985484,2.74858419,2.85532759,1.34366672,1.37536812
68.0705918,0.888049482,0.886502507,0.837349908,0.843016477,2.74682364,2.85368151,1.34381086,1.37363327
68.1705918,0.888232367,0.887921493,0.832760442,0.838940344,2.74657996,2.85340651,1.34498022,1.37372677
68.2705918,0.886311282,0.888051899,0.846674144,0.852508561,2.74862655,2.85533235,1.34394428,1.37432005
68.3705918,0.888215341,0.8874517,0.82895746,0.83491003,2.74580375,2.85233829,1.34222002,1.37559489
68.47059180000001,0.888294642,0.887025732,0.844754859,0.850943719,2.74868582,2.85519225,1.34277917,1.37625878
68.5705918,0.886497852,0.888045049,0.83741346,0.843216189,2.74695787,2.85358868,1.34304493,1.37440149
68.67059180000001,0.887923277,0.88823389,0.832585324,0.838899164,2.74667251,2.85327024,1.34425447,1.37444339
68.7705918,0.888054821,0.886314157,0.846681036,0.852653844,2.74873748,2.85525049,1.34359082,1.37468461
68.8705918,0.887445058,0.888208898,0.828928429,0.835015435,2.74590399,2.85224397,1.34193212,1.37587378
68.97059180000001,0.887032953,0.888301722,0.84456121,0.850888181,2.74878187,2.85506186,1.34214384,1.37689803
69.0705918,0.888040711,0.886493295,0.837473975,0.843412512,2.74709443,2.85349357,1.34231231,1.37513701
69.1705918,0.888235454,0.887925034,0.832394084,0.838842158,2.74676214,2.85313997,1.34359921,1.37508806
69.27059179999999,0.886316205,0.88805693,0.846667607,0.852777967,2.74885721,2.85515999,1.34315972,1.37512728
69.3705918,0.888202416,0.887438373,0.828898173,0.835119182,2.74601974,2.85213469,1.34133432,1.37646279
69.4705918,0.888308507,0.887039779,0.844378471,0.850843099,2.74888516,2.85492362,1.34136846,1.37767642
69.57059179999999,0.88648883,0.888036464,0.8375387,0.843612841,2.74723323,2.85339643,1.34158606,1.37586596
69.6705918,0.887926659,0.888236849,0.83221373,0.83879539,2.74685593,2.85300449,1.34296346,1.37571385
69.77059179999999,0.888059648,0.886318863,0.846663666,0.852911883,2.74896572,2.8550799,1.34297838,1.37531889
69.8705918,0.887431614,0.888195861,0.828871551,0.835226478,2.74611763,2.85204404,1.34126577,1.37652239
69.9705918,0.887047111,0.888315783,0.844175482,0.850776879,2.74898007,2.85479613,1.34096704,1.37808068
70.0705918,0.888032273,0.886484424,0.837598616,0.843807955,2.74737377,2.85329755,1.34090292,1.37655265
70.1705918,0.88823816,0.8879282,0.832033727,0.83874859,2.74695472,2.85286431,1.34226354,1.37640387
70.2705918,0.886321565,0.888062365,0.846659274,0.85304528,2.74908417,2.85498886,1.34253107,1.37577662
70.3705918,0.88818925,0.887424796,0.828846772,0.835335376,2.74621931,2.85195027,1.34115064,1.3766283
70.4705918,0.888322358,0.887053738,0.843988297,0.850726589,2.74907327,2.8546666,1.34060083,1.37845024
70.5705918,0.886479883,0.888027958,0.837659491,0.84400385,2.74751453,2.85319825,1.34025471,1.37720457
70.6705918,0.887929643,0.888239371,0.831855379,0.838703133,2.74705299,2.85272501,1.34163989,1.37701757
70.7705918,0.888065242,0.886324387,0.846649691,0.853172312,2.74921673,2.85488345,1.3419276,1.37639196
70.8705918,0.887417933,0.888182597,0.828823145,0.83544486,2.74634575,2.8518323,1.34048859,1.3772815
70.97059180000001,0.887060452,0.888329017,0.843802231,0.850677104,2.74918367,2.85451923,1.33982115,1.3792325
71.0705918,0.888023893,0.886475599,0.837724145,0.844203342,2.74766835,2.8530876,1.33938339,1.37807974
71.1705918,0.88824047,0.887930975,0.831680302,0.838660584,2.74715851,2.85257884,1.3409163,1.3777309
71.2705918,0.886326516,0.888067227,0.846648796,0.853309439,2.74935941,2.85476925,1.34117749,1.37715377
71.3705918,0.888175871,0.887410998,0.828803498,0.835558238,2.74646167,2.85172562,1.34016359,1.37759704
71.47059180000001,0.888336471,0.887067946,0.843608415,0.850619329,2.7492821,2.85438119,1.33941442,1.37964246
71.5705918,0.886471466,0.888020006,0.837780384,0.844393817,2.74782088,2.85297694,1.33863654,1.37883114
71.67059180000001,0.887932233,0.888241494,0.831504411,0.838616786,2.7472694,2.85242759,1.34014611,1.37849102
71.7705918,0.888070471,0.886329699,0.846630994,0.853427828,2.74949491,2.8546601,1.34059892,1.37774342
71.8705918,0.887404046,0.888169132,0.828782542,0.835669838,2.74658598,2.85161108,1.33972648,1.37802516
71.97059180000001,0.887074656,0.888343118,0.843418241,0.85056504,2.74938865,2.85423659,1.33888006,1.38017909
72.0705918,0.888016072,0.886467328,0.837845364,0.844592721,2.74797461,2.85286537,1.33793028,1.3795418
72.1705918,0.888242414,0.887933387,0.831333106,0.838577281,2.74737782,2.85227925,1.33951318,1.37911362
72.27059179999999,0.886332792,0.888073628,0.846617688,0.853550059,2.74963441,2.85454608,1.34003601,1.37831809
72.3705918,0.888162642,0.887397334,0.828775216,0.835795325,2.7466965,2.85151229,1.33966211,1.37807927
72.4705918,0.888349724,0.887081329,0.84322807,0.850510568,2.74947577,2.854111,1.33889645,1.38016472
72.57059179999999,0.886463763,0.888012753,0.837898556,0.844779574,2.74812196,2.85276073,1.33750252,1.37997519
72.6705918,0.887934451,0.888243241,0.831159999,0.83853551,2.74748905,2.85212834,1.33888157,1.37973539
72.77059179999999,0.888076877,0.886335981,0.846602081,0.853669593,2.74977873,2.85442666,1.33939069,1.37897524
72.8705918,0.887390021,0.888155547,0.828752277,0.835904501,2.74681667,2.85140221,1.33937667,1.37835465
72.9705918,0.887088007,0.888356329,0.843034362,0.850452104,2.74957471,2.85397305,1.33865335,1.38040964
73.0705918,0.888008418,0.886459495,0.837939814,0.844953788,2.74827806,2.85265043,1.33695342,1.38052858
73.1705918,0.888243946,0.887935387,0.830988941,0.838495477,2.74760523,2.85197288,1.3381686,1.38043808
73.27059179999999,0.886339256,0.888080209,0.84658503,0.853787336,2.74992509,2.85430467,1.33874653,1.3796311
73.3705918,0.888148682,0.887382938,0.828737829,0.836021494,2.74695696,2.85127358,1.33874246,1.37898015
73.4705918,0.888362903,0.887094657,0.84283955,0.850391998,2.74969321,2.85381505,1.33797293,1.38109163
73.5705918,0.886455562,0.888004704,0.838008118,0.845154867,2.74844419,2.85252624,1.33614047,1.38134678
73.6705918,0.887936029,0.888244356,0.830824788,0.838462008,2.74772915,2.85180964,1.33733277,1.38126355
73.7705918,0.88808361,0.886342604,0.846567833,0.853904548,2.75007574,2.85417784,1.33807229,1.38031684
73.8705918,0.887375428,0.888141463,0.828732718,0.83614814,2.74709571,2.85114649,1.33812339,1.37958987
73.9705918,0.887101267,0.888369432,0.842644889,0.850331823,2.74979934,2.85366905,1.33767587,1.3813897
74.0705918,0.888001265,0.886451916,0.838072975,0.845352084,2.74860207,2.85241072,1.33565972,1.38183335
74.1705918,0.888244885,0.887936784,0.830654083,0.838421385,2.74785529,2.85164483,1.33656605,1.38202038
74.2705918,0.886346057,0.888087113,0.846547377,0.854018054,2.75023184,2.85404493,1.33733164,1.38106911
74.3705918,0.888134616,0.887368361,0.828718578,0.8362649,2.74723695,2.85101826,1.33760692,1.38009706
74.47059180000001,0.888375956,0.887107876,0.8424465,0.850267396,2.74991405,2.85351395,1.33723798,1.38182867
74.5705918,0.886448155,0.887997715,0.838139748,0.845551002,2.74876497,2.85229001,1.33509183,1.38240689
74.67059180000001,0.887937827,0.888245675,0.830482339,0.838379569,2.74798142,2.8514781,1.33584918,1.38272714
74.7705918,0.888090685,0.886349583,0.84652758,0.854131889,2.75038447,2.85391495,1.33674461,1.38166761
74.8705918,0.88736195,0.888128277,0.828711419,0.836389381,2.7473897,2.85087863,1.33695528,1.38074149
74.97059180000001,0.887114562,0.888382554,0.842254175,0.850208955,2.75001967,2.85336748,1.33704091,1.38202573
75.0705918,0.88799421,0.886444451,0.838207048,0.845749893,2.74891577,2.85218002,1.33488591,1.38261847
75.17059180000001,0.88824618,0.887938562,0.83031287,0.838339365,2.74810845,2.85131316,1.33523442,1.38333244
75.2705918,0.886353211,0.888094356,0.84650385,0.854241307,2.75054327,2.85377813,1.33606277,1.38236116
75.3705918,0.888121156,0.887354572,0.828698591,0.836506814,2.7475383,2.85074448,1.33639082,1.38129689
75.4705918,0.888388887,0.887120992,0.842048587,0.850136329,2.75014124,2.85320482,1.33657506,1.38249255
75.57059179999999,0.886440861,0.887990823,0.838271928,0.845946173,2.74908669,2.85205142,1.33424736,1.38326303
75.6705918,0.887938952,0.888246329,0.830152179,0.838307439,2.74824936,2.8511348,1.33433763,1.3842194
75.77059179999999,0.888098093,0.886356909,0.846481239,0.854351487,2.75070808,2.8536348,1.33528164,1.38315347
75.8705918,0.887347328,0.888114141,0.828694238,0.836632017,2.74769609,2.85060142,1.3357237,1.38195547
75.9705918,0.887127513,0.888395314,0.841849013,0.850069795,2.75024911,2.85305553,1.33644682,1.38261999
76.0705918,0.887987499,0.886437337,0.838337696,0.846143162,2.74923922,2.85194139,1.33415526,1.38336123
76.1705918,0.888246417,0.887939378,0.829982829,0.838266728,2.7483762,2.85097175,1.33392614,1.38462154
76.27059179999999,0.886360613,0.888101829,0.846455743,0.85445844,2.75086388,2.85349969,1.33478396,1.3836626
76.3705918,0.888107111,0.88734007,0.828691367,0.836758327,2.74784917,2.85046365,1.33524215,1.38242881
76.4705918,0.888401637,0.887133915,0.841649076,0.850002589,2.75035818,2.85290451,1.33628992,1.38277566
76.5705918,0.886433894,0.887984252,0.838403049,0.846339426,2.74939064,2.85183255,1.33412983,1.38339282
76.6705918,0.887938243,0.888244678,0.829798652,0.838210495,2.74850471,2.85080832,1.33355129,1.38498619
76.7705918,0.888105742,0.886364499,0.84642544,0.854560005,2.7510288,2.8533548,1.33411547,1.38434296
76.8705918,0.887332803,0.888100072,0.828689629,0.836885302,2.74801293,2.85031576,1.3345411,1.38312173
76.9705918,0.88714037,0.888407983,0.841445434,0.849930653,2.75049316,2.85272705,1.33561708,1.38344861
77.0705918,0.887981091,0.886430541,0.838467305,0.846533996,2.74957081,2.85169499,1.33343256,1.38409639
77.1705918,0.888244727,0.887938492,0.829648766,0.838188029,2.74865059,2.85062601,1.33273584,1.38579166
77.2705918,0.886368432,0.888109708,0.846400997,0.854667177,2.75120098,2.8532015,1.33329335,1.38517646
77.3705918,0.888093005,0.887325507,0.828691417,0.837015424,2.74817877,2.85016644,1.33387822,1.3837763
77.47059180000001,0.888414139,0.887146642,0.841248849,0.849866073,2.75062427,2.85255216,1.33500791,1.38405732
77.5705918,0.886427322,0.887978061,0.838535495,0.846732443,2.74973238,2.85157628,1.33326106,1.38427355
77.6705918,0.887938847,0.888244872,0.82949768,0.838163886,2.74878182,2.85045942,1.33242645,1.38609137
77.7705918,0.888113852,0.886372554,0.846366385,0.854763506,2.75137099,2.85305016,1.33264388,1.38583789
77.8705918,0.887318214,0.888085942,0.82869326,0.837145108,2.74834908,2.85001318,1.33318362,1.38446299
77.97059180000001,0.887153022,0.888420411,0.841039733,0.849787926,2.75075683,2.8523765,1.33450599,1.38455838
78.0705918,0.887974996,0.886424073,0.838595434,0.846921856,2.74991251,2.8514388,1.33273857,1.38480305
78.17059180000001,0.888244195,0.887938358,0.829359826,0.838152351,2.74893128,2.85027745,1.33172201,1.38678586
78.2705918,0.886376659,0.88811798,0.846335024,0.854862585,2.75155462,2.85288464,1.3317134,1.38678004
78.3705918,0.888078857,0.8873109,0.828698842,0.837278135,2.74852528,2.84985468,1.33241449,1.38522386
78.4705918,0.888426628,0.887159358,0.840834062,0.84971255,2.75089948,2.85219029,1.33385904,1.38520473
78.57059179999999,0.886420965,0.887972068,0.838659631,0.847115535,2.75007609,2.8513182,1.33266506,1.38488244
78.6705918,0.887938226,0.888243853,0.829214019,0.838132844,2.74906118,2.85011264,1.33156647,1.38693144
78.77059179999999,0.888122325,0.886380948,0.846295339,0.854952925,2.751723,2.85273376,1.33125081,1.38725475
78.8705918,0.887303555,0.888071742,0.828705261,0.837411625,2.74869276,2.84970543,1.33193746,1.385693
78.9705918,0.887165657,0.888432803,0.840627374,0.849635698,2.75103684,2.85200898,1.33339953,1.38566373
79.0705918,0.887969193,0.886417922,0.838723866,0.847308952,2.75023944,2.85119791,1.33261827,1.38493495
79.1705918,0.888243384,0.887937969,0.829069585,0.838114329,2.74918977,2.84994964,1.33149024,1.38699762
79.27059179999999,0.886384425,0.888125992,0.846245268,0.855032422,2.75189643,2.85257767,1.33075289,1.38776532
79.3705918,0.888064656,0.887296238,0.828711216,0.837544071,2.74887133,2.84954554,1.3312447,1.38637835
79.4705918,0.888438938,0.88717192,0.840419472,0.849557093,2.7511847,2.85181683,1.33271085,1.38635164
79.5705918,0.886414982,0.887966428,0.838785833,0.847499215,2.75043134,2.85104884,1.33195632,1.38560394
79.6705918,0.887937596,0.888242797,0.828926054,0.838096108,2.74934582,2.84975966,1.33077606,1.38770148
79.7705918,0.888130424,0.886388864,0.846212232,0.855128448,2.75208284,2.85240727,1.32992394,1.38860582
79.8705918,0.887288822,0.888057468,0.828723972,0.837682991,2.74905526,2.84938083,1.33047345,1.3871416
79.9705918,0.887178126,0.888445012,0.840212232,0.849478682,2.7513332,2.85162375,1.33208798,1.38697338
80.0705918,0.887963579,0.88641197,0.838852747,0.847694414,2.7506145,2.85090851,1.33151754,1.38604864
80.1705918,0.888242095,0.887937111,0.828786985,0.838082178,2.74948219,2.84959001,1.33063413,1.38783254
80.2705918,0.886392396,0.888134095,0.846142578,0.855187117,2.75225415,2.85224816,1.32956313,1.38897928
80.3705918,0.888050394,0.887281518,0.828732791,0.837817347,2.74923975,2.84921609,1.32980415,1.38780382
80.47059180000001,0.888451053,0.887184303,0.840003091,0.849397809,2.75148625,2.85142577,1.33141353,1.38764672
80.5705918,0.88640922,0.887960994,0.838911485,0.847880742,2.75080321,2.85076275,1.33106615,1.38650694
80.6705918,0.887936478,0.888241242,0.828644158,0.838063708,2.74964002,2.84939915,1.33005168,1.38840494
80.7705918,0.888138804,0.886397133,0.846105001,0.855277328,2.75244595,2.85207211,1.3287874,1.38976652
80.8705918,0.887274344,0.888043439,0.828750778,0.837960555,2.74943669,2.84903901,1.32886131,1.38873947
80.97059180000001,0.887190423,0.888457034,0.83979483,0.84931733,2.75164439,2.85122248,1.33067812,1.38838049
81.0705918,0.88795855,0.886406557,0.838977238,0.84807442,2.75099293,2.85061505,1.33054466,1.38703518
81.17059180000001,0.888240276,0.887935735,0.828506081,0.838049863,2.74977962,2.84922726,1.32998942,1.38845622
81.2705918,0.886401907,0.888143554,0.846069321,0.855369325,2.75261677,2.85191558,1.32857938,1.38998611
81.3705918,0.888036407,0.887267097,0.828762153,0.838096523,2.74962111,2.84887541,1.32835861,1.3892355
81.4705918,0.888462977,0.887196509,0.839584506,0.849234238,2.7517984,2.85102294,1.33011716,1.38894012
81.57059179999999,0.886403947,0.887956098,0.839037643,0.848261361,2.75119203,2.85045881,1.3299896,1.38759795
81.6705918,0.887934871,0.888239185,0.828369839,0.838037473,2.74992143,2.84905373,1.32990771,1.38852657
81.77059179999999,0.888148362,0.886406741,0.846031118,0.855458372,2.75278738,2.85175851,1.32841117,1.39016574
81.8705918,0.887259652,0.888029139,0.828770597,0.838228944,2.74981261,2.84870527,1.32774893,1.38983912
81.9705918,0.88720254,0.888468862,0.839373796,0.849150293,2.75195416,2.85082142,1.32954629,1.38950925
82.0705918,0.887953724,0.88640142,0.839097713,0.848447525,2.75139233,2.85030136,1.32945345,1.38814196
82.1705918,0.888237982,0.887933894,0.828234056,0.83802472,2.75008608,2.84885765,1.32934308,1.38908068
82.27059179999999,0.886411642,0.888153236,0.845990106,0.855544014,2.7529786,2.85158007,1.32775985,1.39082822
82.3705918,0.888022038,0.887252319,0.828792198,0.838374099,2.75001431,2.84852551,1.32694107,1.39064031
82.4705918,0.888474649,0.887208479,0.83916549,0.849068238,2.75211673,2.85061287,1.32886315,1.39019013
82.5705918,0.886397849,0.887950202,0.839169589,0.848644697,2.75160002,2.85014085,1.32888039,1.38872186
82.6705918,0.887933364,0.8882372,0.828090313,0.838004213,2.75024071,2.84866854,1.32901472,1.38939726
82.7705918,0.888158161,0.886416596,0.845948803,0.855629108,2.75315116,2.85141965,1.3276414,1.39095743
82.8705918,0.887244582,0.88801453,0.828797588,0.838502407,2.75020922,2.84835362,1.32646096,1.39111486
82.9705918,0.887214431,0.888480447,0.838952793,0.848981115,2.75228201,2.85040123,1.32819775,1.39085379
83.0705918,0.887949211,0.886396608,0.839217432,0.848817959,2.75180723,2.84997209,1.32823484,1.38937661
83.1705918,0.888235157,0.887931528,0.827969643,0.838005367,2.75040762,2.8484751,1.32857909,1.38982196
83.2705918,0.886421624,0.888163159,0.84590139,0.855707327,2.7533465,2.8512355,1.32701431,1.39159573
83.3705918,0.888007501,0.887237322,0.828823714,0.83865102,2.75041728,2.84816844,1.32565361,1.3919159
83.47059180000001,0.888486237,0.887220385,0.838745036,0.848898548,2.75245186,2.85018477,1.32744968,1.39159923
83.5705918,0.88639432,0.887947068,0.839277434,0.849002612,2.75201771,2.8498044,1.32765452,1.38996504
83.6705918,0.887930153,0.888233574,0.827842205,0.83800007,2.75056499,2.84828784,1.32831812,1.39007054
83.7705918,0.88816821,0.886426707,0.845853914,0.855785262,2.7535203,2.85107227,1.32698579,1.3916349
83.8705918,0.887232713,0.888003824,0.828818326,0.83876671,2.75060634,2.84799414,1.32531892,1.39224772
83.97059180000001,0.887226271,0.888491956,0.838530703,0.848808646,2.75262273,2.84996703,1.32677836,1.39226867
84.0705918,0.887945019,0.886392129,0.839335621,0.849184891,2.75223424,2.84963056,1.32697924,1.39064881
84.17059180000001,0.888232276,0.887928999,0.827719227,0.837999106,2.75073665,2.84808638,1.32773995,1.39063752
84.2705918,0.886431854,0.888173324,0.845804203,0.855860516,2.75369856,2.85090388,1.32687268,1.39175818
84.3705918,0.887996219,0.887224933,0.828846587,0.838916225,2.75080285,2.84782324,1.32501903,1.39254142
84.47059180000001,0.888497931,0.887232444,0.838318925,0.848721028,2.75279429,2.84974852,1.32612235,1.39292269
84.5705918,0.886390019,0.887943046,0.83939354,0.849366474,2.75244777,2.8494597,1.32643279,1.39120378
84.6705918,0.887927425,0.888230463,0.827592231,0.837992707,2.75091402,2.84788023,1.32721281,1.3911539
84.77059179999999,0.888178507,0.886437072,0.845751345,0.855931848,2.75389689,2.85071447,1.3263185,1.39232302
84.8705918,0.887217407,0.887988859,0.828880076,0.839070648,2.75101483,2.84763665,1.32433999,1.39321419
84.9705918,0.887238173,0.888503492,0.838109628,0.848635007,2.75297499,2.84952064,1.32532289,1.39371969
85.07059179999999,0.887941123,0.88638796,0.839453119,0.84954922,2.75266673,2.84928341,1.32581611,1.39182885
85.1705918,0.88822805,0.887925289,0.827475194,0.8379955,2.75109873,2.84766648,1.32661893,1.39173745
85.27059179999999,0.886442297,0.888183701,0.845703803,0.85600852,2.75408093,2.8505378,1.32610672,1.39254448
85.3705918,0.887981537,0.887209914,0.828916031,0.839227217,2.75120841,2.84746892,1.32420439,1.39334357
85.4705918,0.888508803,0.887243653,0.83788898,0.848536957,2.75314934,2.84929864,1.32477312,1.39426787
85.5705918,0.886386023,0.887939318,0.839509364,0.849728006,2.75288976,2.84910284,1.32517258,1.39248146
85.6705918,0.887923929,0.88822649,0.827344752,0.837984819,2.75128263,2.84745569,1.32604079,1.39230422
85.7705918,0.888189035,0.886447675,0.84564034,0.856068005,2.75428152,2.85034556,1.32565745,1.39300401
85.8705918,0.887202485,0.887974282,0.828950226,0.839381277,2.75142645,2.84727698,1.32351981,1.39402231
85.9705918,0.887249308,0.888514282,0.837680162,0.848450204,2.75333678,2.84906365,1.32394134,1.39509697
86.0705918,0.887937577,0.886384151,0.839568725,0.849909505,2.75311612,2.848919,1.32449207,1.39317049
86.1705918,0.888224327,0.887922004,0.827224552,0.837983641,2.75147031,2.84724089,1.32548655,1.39284749
86.2705918,0.886453053,0.888194363,0.845582881,0.856133636,2.75446718,2.85016669,1.32553714,1.39313314
86.3705918,0.887967062,0.887195087,0.828988331,0.839539072,2.75161589,2.84711424,1.32362214,1.3939138
86.47059180000001,0.888520626,0.887255589,0.837454128,0.84834523,2.75350896,2.848845,1.32364814,1.39538832
86.5705918,0.886382394,0.887935948,0.8396234,0.850085645,2.75334097,2.84873641,1.3239355,1.39373669
86.6705918,0.887919976,0.888222061,0.827105332,0.837982865,2.75166199,2.84702258,1.32488645,1.39343685
86.7705918,0.888199928,0.886458703,0.845524471,0.856197904,2.75466105,2.84997854,1.32518727,1.39349161
86.8705918,0.887187731,0.887959887,0.829025017,0.839694726,2.75182361,2.84693347,1.32332224,1.394208
86.97059180000001,0.887261364,0.888526375,0.837233853,0.848243294,2.75368675,2.84861066,1.32305879,1.39597562
87.0705918,0.887934559,0.886380872,0.839678487,0.850261822,2.75357386,2.84854565,1.32319022,1.39449109
87.17059180000001,0.888219681,0.887917833,0.826988154,0.837983638,2.75185654,2.846802,1.32427642,1.39403585
87.2705918,0.886464238,0.888205421,0.845460434,0.8562554,2.75486975,2.8497748,1.32463772,1.39405118
87.3705918,0.887952764,0.887180425,0.82906336,0.839851408,2.75204574,2.84673868,1.32272696,1.39479763
87.47059180000001,0.888531518,0.887266729,0.837027658,0.848157443,2.75387787,2.84837245,1.32234573,1.39668563
87.5705918,0.886379004,0.8879328,0.839741517,0.850445583,2.75381208,2.84835085,1.3224161,1.39527429
87.6705918,0.887915555,0.888217167,0.826874613,0.837987514,2.752053,2.84658011,1.32370437,1.39459677
87.77059179999999,0.88821108,0.88646997,0.845406746,0.856323609,2.75507984,2.84956942,1.32406714,1.39463169
87.8705918,0.887173137,0.887945663,0.829104807,0.840010849,2.7522557,2.84655659,1.32250598,1.39501259
87.9705918,0.887271578,0.888536162,0.836815274,0.848064515,2.75405939,2.84814342,1.32198449,1.39704393
88.07059179999999,0.887931305,0.886377395,0.839791212,0.850615046,2.75405135,2.84815346,1.32170218,1.39599846
88.1705918,0.888214564,0.887913189,0.82676092,0.837990587,2.75225835,2.84634982,1.32298683,1.39530342
88.27059179999999,0.886475755,0.888216808,0.845333576,0.85637104,2.75529131,2.84936137,1.32353382,1.39517422
88.3705918,0.887938638,0.887165924,0.829144487,0.840167833,2.75247724,2.84636321,1.3220738,1.39543922
88.4705918,0.888541204,0.887276843,0.836607869,0.847976273,2.75424853,2.84790676,1.3214572,1.39756782
88.5705918,0.886375944,0.887929966,0.839848406,0.850791453,2.75429121,2.84795558,1.32104109,1.39666958
88.6705918,0.887910683,0.888211823,0.826651945,0.837997939,2.75245834,2.84612553,1.32247364,1.3958054
88.77059179999999,0.888222253,0.886481252,0.845271596,0.856428683,2.75550549,2.84914842,1.32305772,1.39566067
88.8705918,0.887158975,0.887931867,0.82919528,0.840335929,2.75268762,2.84618074,1.32191159,1.3955954
88.9705918,0.887282048,0.888546184,0.836402127,0.84788926,2.75442101,2.84768666,1.3214066,1.39761473
89.0705918,0.887928746,0.886374679,0.839893652,0.850955309,2.75452709,2.8477613,1.32056319,1.39715875
89.1705918,0.888209001,0.887908095,0.82654203,0.838003657,2.75266518,2.84589483,1.32186184,1.39640657
89.2705918,0.886487273,0.888228227,0.845191439,0.856467989,2.75572206,2.84893479,1.32250521,1.39622221
89.3705918,0.887924674,0.887151573,0.829230728,0.84048722,2.75291641,2.8459817,1.32147282,1.39602881
89.47059180000001,0.888551131,0.88728722,0.836193362,0.847798341,2.75462065,2.8474391,1.3207259,1.39829184
89.5705918,0.88637339,0.887927567,0.839948857,0.851128343,2.75478373,2.84754635,1.31962319,1.39810958
89.6705918,0.887905418,0.888206091,0.826437655,0.838014429,2.75288308,2.84565382,1.32101914,1.39723776
89.7705918,0.888234025,0.886493125,0.845117777,0.85651299,2.75594561,2.84871215,1.32186699,1.39686966
89.8705918,0.887144488,0.887917795,0.829277184,0.840649692,2.75313438,2.8457933,1.32127309,1.39622186
89.97059180000001,0.88729233,0.888556015,0.835986272,0.847708706,2.7547995,2.84721231,1.32064512,1.39836855
90.0705918,0.887927325,0.886373191,0.839989361,0.851286004,2.75501977,2.84735428,1.31932442,1.39841879
90.17059180000001,0.888203004,0.887902569,0.826334107,0.838025616,2.75308704,2.84542704,1.32059617,1.39764973
90.2705918,0.886499044,0.888239886,0.845041617,0.856554957,2.75615888,2.84849892,1.32153926,1.39720683
90.3705918,0.887911035,0.887137532,0.829326364,0.84081451,2.75335141,2.8456059,1.3211015,1.39638725
90.47059180000001,0.888560844,0.887297387,0.835779318,0.847618637,2.75497538,2.84698839,1.32066922,1.39834015
90.5705918,0.886369068,0.887923764,0.840092101,0.851510183,2.75526368,2.84716603,1.31902558,1.39872948
90.67059180000001,0.887899621,0.888199821,0.826227961,0.838033335,2.75330295,2.8451889,1.31995757,1.39827798
90.77059179999999,0.888245816,0.886505035,0.844962539,0.856593314,2.75638581,2.84827116,1.32089106,1.3978644
90.8705918,0.88713052,0.887904218,0.829372795,0.840975302,2.75359274,2.84539462,1.32047686,1.39700709
90.9705918,0.887302399,0.888565628,0.835571687,0.847527022,2.75517944,2.8467361,1.32002934,1.39897561
91.07059179999999,0.887923002,0.886368235,0.840142733,0.851676492,2.75551665,2.84695251,1.31830665,1.39945914
91.1705918,0.888195929,0.887895997,0.826133439,0.838052578,2.75352808,2.84494427,1.31917308,1.39905123
91.27059179999999,0.886511063,0.88825178,0.844883456,0.856631145,2.75661103,2.84804439,1.32034852,1.3984158
91.3705918,0.887896429,0.887122706,0.829432525,0.841150053,2.75383491,2.84518462,1.31991685,1.39756218
91.4705918,0.888570445,0.887307453,0.835369881,0.847441071,2.75536282,2.84650441,1.31992657,1.39907267
91.5705918,0.886367764,0.887922613,0.840187323,0.851835905,2.75574876,2.8467584,1.31820233,1.39957501
91.6705918,0.887892837,0.888192511,0.826029625,0.838061456,2.75374685,2.84470437,1.3186292,1.39958518
91.77059179999999,0.888257825,0.886517176,0.844800113,0.856664004,2.75684086,2.84781205,1.31974579,1.39902777
91.8705918,0.887115999,0.887889932,0.829476779,0.841307679,2.75407601,2.84497461,1.31941003,1.39806402
91.9705918,0.88731224,0.88857501,0.835158235,0.847343941,2.75556911,2.84624988,1.31940257,1.39959249
92.0705918,0.887921989,0.886367073,0.840236246,0.851999333,2.75600729,2.84653936,1.31747485,1.40031359
92.1705918,0.888189002,0.887889559,0.825934804,0.838078539,2.7539867,2.8444442,1.31762695,1.40057716
92.2705918,0.886523342,0.88826392,0.844717132,0.856696669,2.75707952,2.8475702,1.31896194,1.39981998
92.3705918,0.887883243,0.887109105,0.829527798,0.841471267,2.75432623,2.84475563,1.31878884,1.39868062
92.4705918,0.888579617,0.887317075,0.834952971,0.847253095,2.75575963,2.84601119,1.3192741,1.39971485
92.5705918,0.886366435,0.887921417,0.84028611,0.852163326,2.75624514,2.84634112,1.31735599,1.40044355
92.6705918,0.887886636,0.888185787,0.825832901,0.838088214,2.75420601,2.84420544,1.31723977,1.40095448
92.7705918,0.8882701,0.886529593,0.844631066,0.856725745,2.75730332,2.84734232,1.31860608,1.40018434
92.8705918,0.887102253,0.887876595,0.829579814,0.841635289,2.75456693,2.84454651,1.31847235,1.39899301
92.97059180000001,0.887321905,0.888584214,0.834748922,0.847162944,2.75594745,2.84577514,1.31922834,1.39975415
93.0705918,0.887920909,0.886365864,0.840335679,0.852326502,2.75647982,2.84614607,1.3173504,1.40046035
93.17059180000001,0.888182128,0.887883072,0.825723002,0.838088722,2.75443122,2.8439645,1.3168259,1.40135803
93.2705918,0.886535875,0.888276306,0.844539854,0.856748822,2.75754034,2.84710021,1.31796779,1.40083171
93.3705918,0.887869991,0.887095448,0.829632521,0.841799301,2.75482204,2.84432333,1.31782906,1.3996323
93.47059180000001,0.888588708,0.887326634,0.834542743,0.847069486,2.75616208,2.84551198,1.31861214,1.40036502
93.5705918,0.886365367,0.887920473,0.840384268,0.852487933,2.75674119,2.84592432,1.31671444,1.40110741
93.67059180000001,0.887879398,0.888178218,0.825638807,0.83811467,2.75466874,2.84370812,1.31607979,1.40209387
93.7705918,0.888282321,0.886541956,0.844453164,0.856776038,2.75778036,2.84685404,1.31726777,1.40153997
93.8705918,0.887088667,0.88786341,0.829688093,0.84196562,2.755075,2.84410276,1.3173224,1.40013485
93.9705918,0.887331052,0.888592831,0.834344497,0.846983895,2.75636834,2.84525686,1.31818857,1.40078229
94.07059179999999,0.887920089,0.886364921,0.840436192,0.852652481,2.75697999,2.8457253,1.31668836,1.40114379
94.1705918,0.888174261,0.887875668,0.825553825,0.838139085,2.75489048,2.84346831,1.31586738,1.40229684
94.27059179999999,0.886548315,0.888288607,0.844356687,0.856792541,2.75801864,2.84660886,1.31672015,1.40209671
94.3705918,0.887856887,0.887081946,0.829743336,0.842130897,2.75533392,2.84387649,1.31672796,1.40072568
94.4705918,0.888597289,0.887335745,0.834136242,0.846887145,2.756581,2.84499572,1.31772815,1.40123667
94.5705918,0.886364571,0.887919792,0.840481129,0.852808915,2.75724566,2.84549909,1.3160997,1.40174437
94.6705918,0.887872481,0.888170883,0.825467374,0.838160937,2.75513433,2.84320452,1.31508788,1.40306669
94.77059179999999,0.888295451,0.886555268,0.844257284,0.856805711,2.75827696,2.84634225,1.31570924,1.40311685
94.8705918,0.887075257,0.887850394,0.8298016,0.842298603,2.75560121,2.84364237,1.31598743,1.4014621
94.9705918,0.887340176,0.888601441,0.83393381,0.84679729,2.75680331,2.84472676,1.3171353,1.40182347
95.0705918,0.887919548,0.886364273,0.840529609,0.852968711,2.75749261,2.84529185,1.31601562,1.40183902
95.1705918,0.888166697,0.887868525,0.825388247,0.838190215,2.75535872,2.84296321,1.31491185,1.40323264
95.2705918,0.886561884,0.888301999,0.844154968,0.856815135,2.75851435,2.84609629,1.3153087,1.40352633
95.3705918,0.887843959,0.887068628,0.829859148,0.842464912,2.75586089,2.84341604,1.31552617,1.40192015
95.4705918,0.888605684,0.887344654,0.833730157,0.846703605,2.75702281,2.8444587,1.31666105,1.40229189
95.5705918,0.886364073,0.8879194,0.840577996,0.853127869,2.75774075,2.8450834,1.31592449,1.40194048
95.6705918,0.887864472,0.888162413,0.825310883,0.838220667,2.75558322,2.84272248,1.31477998,1.40335437
95.7705918,0.888308807,0.886568804,0.844044999,0.856816255,2.75876045,2.84584152,1.31476508,1.40407937
95.8705918,0.887062061,0.887837583,0.829918055,0.842632031,2.75612306,2.84318768,1.31502862,1.40241415
95.97059180000001,0.887349066,0.888609857,0.833527293,0.846610049,2.75724278,2.84419024,1.31621749,1.4027294
96.0705918,0.887919311,0.886363935,0.840624305,0.853283983,2.75800673,2.84485674,1.31547114,1.40240533
96.1705918,0.888158039,0.887860326,0.825234903,0.838251748,2.75582639,2.84246372,1.31422876,1.40389533
96.2705918,0.886575302,0.888315211,0.843947555,0.856829082,2.75901221,2.84557953,1.31408313,1.40476982
96.3705918,0.887831157,0.887055449,0.829981732,0.842803308,2.75639074,2.84295417,1.31444453,1.40299456
96.47059180000001,0.888613951,0.8873534,0.833326228,0.846517595,2.75746569,2.84391893,1.31576546,1.40317511
96.5705918,0.886363808,0.887919248,0.840675172,0.853444366,2.75826563,2.8446373,1.3151979,1.40268885
96.67059180000001,0.887856056,0.888153542,0.825163385,0.838286952,2.75604959,2.8422258,1.31423383,1.40387939
96.7705918,0.8883207,0.886581124,0.843822427,0.856813542,2.75925407,2.84532933,1.31379681,1.40506437
96.8705918,0.887048956,0.887824848,0.830041284,0.842969597,2.75666123,2.84271795,1.31388682,1.40354979
96.9705918,0.88735768,0.888617989,0.833124822,0.846424025,2.75769573,2.84364051,1.31518263,1.40375169
97.07059179999999,0.887919341,0.886363858,0.840718218,0.853596024,2.75853415,2.84440791,1.31477118,1.40312679
97.1705918,0.888148998,0.88785174,0.825089178,0.838318394,2.75630301,2.84195804,1.31357183,1.40453157
97.27059179999999,0.886588091,0.888327573,0.843719416,0.856819033,2.75951927,2.84505228,1.31293003,1.40593998
97.3705918,0.887818482,0.887042406,0.830108039,0.843142594,2.75694899,2.84246435,1.31290838,1.40452529
97.4705918,0.888621943,0.887361879,0.832925621,0.84633198,2.7579331,2.84335497,1.31448204,1.40444531
97.5705918,0.886363683,0.887919246,0.840767053,0.85375345,2.75880188,2.84417866,1.31433538,1.40357294
97.6705918,0.887847298,0.888144331,0.825019685,0.838354243,2.75653628,2.84171136,1.31348279,1.40460983
97.77059179999999,0.888334211,0.886594813,0.843617567,0.856825446,2.75976006,2.84479846,1.31270806,1.4061704
97.8705918,0.887036054,0.887812307,0.830168916,0.843308897,2.75721975,2.84222845,1.31249296,1.40493857
97.9705918,0.887366024,0.88862584,0.832725916,0.846238685,2.7581637,2.84307614,1.31402916,1.40489172
98.0705918,0.887919963,0.886364475,0.840799566,0.853893153,2.75907545,2.8439405,1.31388351,1.40403647
98.1705918,0.88813958,0.887842771,0.824952342,0.838391648,2.75677026,2.8414647,1.313414,1.40466763
98.2705918,0.886600925,0.888340266,0.84351971,0.856834785,2.76000059,2.84454494,1.31253524,1.40635082
98.3705918,0.88780634,0.887029893,0.830227335,0.843471948,2.75750022,2.84198319,1.31189546,1.40553456
98.4705918,0.888629674,0.887370106,0.832527231,0.84614577,2.75839578,2.84279602,1.31356749,1.4053464
98.5705918,0.886364709,0.887920238,0.840843332,0.854043563,2.75935087,2.84370373,1.31346811,1.40446358
98.6705918,0.887838154,0.888134741,0.824885857,0.838428985,2.75702283,2.84119992,1.31295469,1.40511665
98.7705918,0.888346947,0.886607697,0.843412557,0.856834475,2.7602568,2.84427418,1.31198405,1.4069099
98.8705918,0.887023561,0.887800185,0.830296668,0.84364526,2.75778621,2.84173277,1.31120903,1.40621912
98.97059180000001,0.887374078,0.888633393,0.832332171,0.846055785,2.75863214,2.84251182,1.31305148,1.40585499
99.0705918,0.887920979,0.886365414,0.840901793,0.854207635,2.75963043,2.84346395,1.31304678,1.40489637
99.1705918,0.888128879,0.887832565,0.824831145,0.838478397,2.75726727,2.84094728,1.31275451,1.40530485
99.2705918,0.886614476,0.88835363,0.84330485,0.856833168,2.76049197,2.8440238,1.31200829,1.40689305
99.3705918,0.887793788,0.887016867,0.830352039,0.843803966,2.7580653,2.84149013,1.31081869,1.40660892
99.47059180000001,0.888637073,0.887378013,0.832134409,0.845962201,2.75887309,2.8422229,1.31249538,1.40640439
99.5705918,0.886365426,0.887921025,0.840929409,0.854340777,2.75991361,2.84321758,1.31249866,1.40545654
99.67059180000001,0.887828639,0.888124789,0.824760895,0.838509988,2.75752215,2.84067852,1.31232992,1.40571959
99.7705918,0.888360378,0.886621323,0.843191415,0.856825088,2.76075803,2.84374152,1.31130675,1.40760244
99.8705918,0.887010701,0.887787785,0.830424357,0.843978792,2.7583621,2.84122938,1.30998393,1.4074422
99.97059180000001,0.887381755,0.888640559,0.831942182,0.845873601,2.7591201,2.84192816,1.31180828,1.40708357
100.065,0.886743201,0.887807874,0.833716685,0.847928047,2.73778901,2.85950447,1.68990108,1.03431426
100.16499999999999,0.88757998,0.888580343,0.828888044,0.843087619,2.73183291,2.86832482,1.6540235,0.669588634
100.258801,0.886371848,0.887973065,0.841285077,0.855777199,2.71137159,2.87316516,1.98375405,0.607364365
100.358801,0.887826284,0.88803639,0.824640196,0.838840406,2.7240897,2.88596347,2.09569409,0.597649744
100.45880100000001,0.888409007,0.886684512,0.842484389,0.85643119,2.73783346,2.87344292,1.97010163,0.792368533
100.558801,0.88692362,0.887777937,0.831357683,0.845105154,2.74318565,2.85762379,1.70884853,1.07465433
100.658801,0.887441491,0.888637445,0.83066068,0.844780938,2.74993455,2.84765684,1.46709067,1.25219977
100.758801,0.887948396,0.886354278,0.841632914,0.855336446,2.75847961,2.84681117,1.30063726,1.38013368
100.858801,0.888032436,0.887822514,0.824623882,0.838626118,2.75843302,2.84016264,1.2129979,1.49846462
100.95880100000001,0.886692206,0.888416586,0.842388509,0.856322182,2.76340746,2.84086935,1.15427753,1.56204535
101.058801,0.887772631,0.886918178,0.831448979,0.845251522,2.76267811,2.83740249,1.11973867,1.59742567
101.15880100000001,0.888640346,0.887444644,0.830480905,0.844682124,2.76381553,2.83684824,1.10327511,1.61702574
101.258801,0.886355633,0.887949742,0.841648641,0.855441412,2.76566695,2.83793102,1.09776662,1.62365024
101.358801,0.887816884,0.888026597,0.824584896,0.838681015,2.76322649,2.83504775,1.09897379,1.62333553
101.45880100000001,0.888423385,0.886699134,0.842249187,0.856281364,2.76628344,2.83800685,1.10346545,1.61989814
101.558801,0.886912751,0.887767355,0.83152655,0.845425194,2.7642429,2.83586752,1.10826929,1.6138785
101.658801,0.887447662,0.888643109,0.830304301,0.844601911,2.76452236,2.83606513,1.11470308,1.60840844
101.75880099999999,0.887951087,0.886356976,0.841683394,0.855574045,2.76593304,2.83766451,1.12215136,1.60034553
101.858801,0.888020647,0.887811143,0.824547576,0.838739543,2.76317066,2.83507114,1.13098848,1.59131357
101.958801,0.886706148,0.888430267,0.842113066,0.856244056,2.76604899,2.83819362,1.13953391,1.58320055
102.05880099999999,0.887762042,0.886907297,0.831606795,0.84560163,2.76395204,2.83619052,1.14626269,1.57506301
102.158801,0.888645789,0.887450599,0.83012852,0.84452247,2.7641444,2.83639329,1.15324917,1.56906598
102.25880099999999,0.886358223,0.887952312,0.841708484,0.855697027,2.76557789,2.83804737,1.16038998,1.5613958
102.358801,0.887805339,0.888014633,0.824510961,0.838798793,2.76278174,2.83545389,1.16876004,1.55300971
102.458801,0.888437157,0.886713174,0.841974452,0.856204167,2.76565136,2.83855583,1.17647115,1.54589641
102.558801,0.886901849,0.88775673,0.831688848,0.845780126,2.76358433,2.83659207,1.18233972,1.53875324
102.658801,0.887453456,0.888648386,0.829953573,0.844443828,2.76375061,2.83673065,1.1880184,1.53404384
102.758801,0.887954108,0.886359912,0.841723876,0.855809837,2.76526021,2.83838574,1.19338851,1.52806665
102.858801,0.888008589,0.887799502,0.824473931,0.838857203,2.76246587,2.83575811,1.20022781,1.52117955
102.958801,0.886720211,0.888444056,0.841833297,0.85616142,2.76534342,2.83882743,1.20663832,1.51539599
103.058801,0.887751528,0.886896507,0.831769147,0.845956246,2.76332756,2.83688171,1.21126569,1.50951893
103.158801,0.888650911,0.887456243,0.8297787,0.844364835,2.76347207,2.83695824,1.215675,1.50609583
103.258801,0.886361517,0.887955694,0.841758829,0.855942147,2.76504394,2.83862729,1.21974372,1.50142391
103.358801,0.887793706,0.888002578,0.824444766,0.838923446,2.76224225,2.83597495,1.22548052,1.49562925
103.45880100000001,0.888450943,0.88672724,0.841691567,0.856117851,2.76512114,2.8390157,1.23097259,1.49079926
103.558801,0.886891335,0.887746462,0.831856131,0.846139132,2.76314661,2.83709882,1.23465088,1.48589669
103.658801,0.887458912,0.888653315,0.829607804,0.844289808,2.76325466,2.83712696,1.23836412,1.48319232
103.758801,0.887960616,0.886365935,0.841765897,0.856044854,2.76488918,2.83879705,1.2412475,1.47970305
103.858801,0.887996417,0.887787754,0.824410933,0.83898438,2.7621,2.83611149,1.24571163,1.47516083
103.95880100000001,0.886734284,0.888457844,0.841546508,0.856070475,2.7649823,2.83912159,1.25025173,1.47131613
104.058801,0.887741341,0.886886078,0.831934219,0.846312442,2.76304995,2.83723087,1.25314908,1.46721276
104.15880100000001,0.888655713,0.887461573,0.829432141,0.844209053,2.76314176,2.8371917,1.25582736,1.46554515
104.258801,0.88636701,0.887961641,0.841794873,0.856169849,2.76483821,2.83887743,1.25771874,1.46306886
104.358801,0.887781884,0.887990335,0.824388572,0.83905668,2.76204708,2.83616122,1.261182,1.45950592
104.45880100000001,0.888464724,0.886741311,0.841401133,0.856022361,2.76491652,2.83915481,1.26527921,1.45613208
104.558801,0.886881361,0.887736691,0.832022549,0.846496306,2.76301864,2.83729804,1.26764425,1.45256435
104.658801,0.887464109,0.888657984,0.82926088,0.844132593,2.76306949,2.83721732,1.27003613,1.4511934
104.75880099999999,0.88796313,0.88636857,0.841828136,0.856299252,2.76482207,2.83892254,1.27120418,1.44945043
104.858801,0.887983957,0.887775716,0.824357486,0.839119489,2.76203008,2.83617542,1.27386405,1.4466684
104.958801,0.886748335,0.8884716,0.841253099,0.85597119,2.76488836,2.83915037,1.27750103,1.4437748
105.053,0.887341371,0.887661937,0.826371105,0.841919233,2.7386631,2.85265831,1.51585734,1.16152654
105.153,0.88709554,0.888647106,0.835770503,0.850959559,2.74036091,2.86814095,1.91490592,0.78939008
105.246847,0.886705788,0.88777421,0.833985208,0.849658759,2.71976306,2.87107522,2.07943001,0.702464623
105.346847,0.88758031,0.88859823,0.827009614,0.842383162,2.72256931,2.88199152,2.20736867,0.594412925
105.446847,0.888052472,0.886377218,0.842908501,0.857701317,2.73848021,2.87130967,2.03766481,0.763568058
105.546847,0.887741722,0.887758419,0.825036397,0.839961055,2.74354569,2.8542095,1.73623935,1.05118877
105.646847,0.886908213,0.888573731,0.83888062,0.853839868,2.75461781,2.84816071,1.45857849,1.27825978
105.746847,0.887744273,0.886699086,0.834498003,0.84919568,2.7596609,2.84114422,1.28487869,1.44132773
105.846847,0.888599639,0.887581954,0.826867451,0.841986115,2.76269169,2.83654557,1.18147942,1.54274045
105.946847,0.886381484,0.888056685,0.842950567,0.857704683,2.76742884,2.83670667,1.12196118,1.60020163
106.046847,0.887752305,0.887735522,0.825067137,0.840030674,2.76587749,2.83232111,1.08955161,1.63061596
106.14684700000001,0.888580368,0.886915025,0.838709033,0.853742754,2.76923932,2.83411646,1.07478065,1.64596675
106.246847,0.886695453,0.887740745,0.834588638,0.849367951,2.7685572,2.83256585,1.06872247,1.65009021
106.346847,0.887582718,0.888600137,0.826719778,0.841923342,2.76792589,2.8315502,1.07123502,1.64840533
106.446847,0.888060304,0.886385172,0.842948675,0.857791534,2.77037467,2.83399569,1.07758321,1.64186901
106.546847,0.887728175,0.887745154,0.825075748,0.840126623,2.76738019,2.83097369,1.08508147,1.63357311
106.64684700000001,0.886921505,0.88858667,0.838526804,0.853650498,2.76982936,2.83356468,1.09417848,1.62577312
106.746847,0.887737308,0.886691908,0.834675544,0.849543197,2.76866967,2.8325305,1.10147172,1.61687852
106.84684700000001,0.888600318,0.887583238,0.826566605,0.841857567,2.76770439,2.83174089,1.11104924,1.60823408
106.946847,0.886388948,0.888064004,0.842945207,0.857877803,2.77000466,2.83438557,1.12128175,1.59783849
107.046847,0.887738123,0.887720957,0.825091615,0.840230254,2.76690303,2.8314533,1.13036783,1.58793167
107.146847,0.888593047,0.886928064,0.838346697,0.85356059,2.76928557,2.83405549,1.13959741,1.58000337
107.24684699999999,0.88668844,0.887733944,0.83476216,0.849718272,2.76815359,2.83307678,1.14613868,1.57188126
107.346847,0.887583539,0.888600354,0.826431197,0.841809483,2.76715304,2.83224053,1.15444777,1.56452236
107.44684699999999,0.888067669,0.886392695,0.842943657,0.857966027,2.76949291,2.83490862,1.16340386,1.55544777
107.546847,0.887713712,0.887731062,0.82511021,0.840336554,2.76639739,2.83196209,1.1710986,1.54695184
107.646847,0.886934509,0.888599322,0.838168176,0.853472555,2.7687666,2.83452393,1.17897413,1.54041222
107.746847,0.88773065,0.886685047,0.834848831,0.849893452,2.76769843,2.83356518,1.18398268,1.53385547
107.846847,0.888598675,0.887582353,0.826267671,0.841733076,2.76669711,2.83265027,1.19035135,1.52844409
107.94684699999999,0.886396639,0.888071529,0.842934731,0.858046452,2.7690975,2.83531639,1.19755819,1.52115019
108.046847,0.887724,0.887706466,0.825129209,0.840442968,2.76601894,2.83234799,1.20376598,1.51414
108.146847,0.888605627,0.886941004,0.837985533,0.853379775,2.76838452,2.8348568,1.2102375,1.50902446
108.246847,0.886681744,0.887727443,0.834934222,0.850066981,2.76738128,2.83391859,1.21383781,1.50389334
108.346847,0.887582621,0.888598698,0.826138151,0.84169038,2.76636447,2.83293946,1.21877715,1.49990772
108.446847,0.888075443,0.886400628,0.842931452,0.858132606,2.76881249,2.83561518,1.2247187,1.49390466
108.546847,0.887699193,0.887716908,0.825151643,0.840552611,2.76574311,2.83263449,1.22990944,1.48790194
108.646847,0.886947314,0.888611744,0.837809936,0.853294306,2.76809677,2.83509643,1.23524371,1.48393672
108.746847,0.887724366,0.886678575,0.835023446,0.850244465,2.76714133,2.8341972,1.23808085,1.47958167
108.846847,0.888598818,0.887582997,0.826007464,0.841645959,2.76611265,2.83315029,1.24178531,1.47682222
108.946847,0.886404808,0.888079533,0.84291804,0.858207881,2.76861955,2.83582242,1.2462885,1.47227864
109.046847,0.88770982,0.887691925,0.825174139,0.84066182,2.76556669,2.83282351,1.25038953,1.46735031
109.14684700000001,0.888617973,0.886953736,0.837621748,0.853195345,2.7679062,2.83524025,1.25481975,1.46429982
109.246847,0.886675376,0.887721254,0.835104562,0.850412777,2.76701905,2.83435815,1.25655076,1.46106081
109.346847,0.887582518,0.888598124,0.825890074,0.841614111,2.76597399,2.83325283,1.2591641,1.45937973
109.446847,0.888083606,0.886408972,0.842907899,0.8582858,2.76853265,2.83592418,1.26255838,1.4559673
109.546847,0.887684636,0.887702709,0.825200369,0.840774362,2.76547875,2.83292613,1.26615479,1.4515285
109.64684700000001,0.886960111,0.88862415,0.837436939,0.853099189,2.76779764,2.83530246,1.26998326,1.44909019
109.746847,0.887718279,0.886672319,0.835189924,0.850585347,2.76695027,2.83446723,1.27138151,1.44619443
109.84684700000001,0.888597761,0.887582401,0.825764656,0.841574344,2.76588214,2.83330693,1.27321948,1.44527569
109.946847,0.886413325,0.888087889,0.842889403,0.858355069,2.76848654,2.83598521,1.27576139,1.44273776
110.041,0.88845716,0.887917847,0.823786324,0.840605441,2.75145418,2.84737468,1.48152951,1.2516722
110.14099999999999,0.886626329,0.888380989,0.842150154,0.858091597,2.72482362,2.85215308,1.74785919,0.671219595
110.234915,0.887249925,0.887465037,0.825837218,0.842807048,2.72913937,2.86680836,1.90380114,0.708254048
110.334915,0.887100073,0.888686657,0.834662798,0.850918969,2.72602111,2.88191283,2.10823892,0.579882396
110.434915,0.887757455,0.886552522,0.837224251,0.852904879,2.74142137,2.87028754,2.0234385,0.721244049
110.534915,0.888485785,0.887646428,0.82446267,0.840453364,2.74739783,2.85333118,1.76389551,1.02296332
110.63491499999999,0.886475733,0.888200187,0.84302577,0.858692235,2.75725925,2.84457933,1.50371234,1.24063157
110.734915,0.887673006,0.887448113,0.826668964,0.842441194,2.76192822,2.83772312,1.3085921,1.37996064
110.834915,0.888694881,0.887108553,0.83449627,0.850446841,2.7671172,2.83531754,1.20232041,1.51038307
110.934915,0.886551477,0.887756442,0.837370142,0.85298712,2.76941882,2.83282374,1.13385785,1.58076888
111.034915,0.887644307,0.888483424,0.824381703,0.840396164,2.76914885,2.8295629,1.09656005,1.62020743
111.134915,0.888206046,0.886481742,0.8429855,0.858715304,2.77298343,2.83170795,1.07820515,1.64063922
111.234915,0.887440922,0.887665955,0.826709671,0.842549784,2.77071076,2.82831247,1.07045865,1.64892721
111.334915,0.88711385,0.88869993,0.834311099,0.850340576,2.77258029,2.82964131,1.07064046,1.6508602
111.434915,0.88775497,0.88654997,0.837439687,0.853136694,2.7726909,2.82970294,1.07529453,1.64584833
111.534915,0.888480725,0.88764185,0.824289459,0.840382901,2.77083339,2.82788874,1.08356836,1.63821351
111.634915,0.886487263,0.888211435,0.842943041,0.858754221,2.7737179,2.83095466,1.09209007,1.62970937
111.734915,0.887658895,0.887433718,0.826772749,0.842692477,2.77087541,2.8281499,1.10006859,1.62058791
111.83491500000001,0.888704913,0.887119082,0.834123325,0.850234226,2.77237338,2.82977077,1.10887327,1.61275152
111.934915,0.886548715,0.887753706,0.837503657,0.853281385,2.77235034,2.83005805,1.11771225,1.60289342
112.03491500000001,0.887639296,0.888477932,0.824197156,0.840369737,2.7703543,2.82832783,1.12809571,1.59297546
112.134915,0.888217356,0.88649331,0.84288236,0.858775131,2.77320122,2.83146528,1.13735409,1.5838288
112.234915,0.887426604,0.887651921,0.826832669,0.842831862,2.77034491,2.82870253,1.14517646,1.57502319
112.33491500000001,0.887124277,0.888709858,0.833933953,0.850126172,2.771801,2.83027983,1.15303569,1.5682159
112.434915,0.887752462,0.886547442,0.837578194,0.85343638,2.77184281,2.83058578,1.1603001,1.55991972
112.534915,0.888475048,0.887636649,0.824110372,0.840362143,2.76982158,2.8288215,1.16925096,1.55145061
112.63491499999999,0.886499184,0.888223097,0.842828058,0.858802226,2.77270031,2.83195248,1.17711273,1.54373427
112.734915,0.887645003,0.887419537,0.826897213,0.842976025,2.76986673,2.82920035,1.18361345,1.53628024
112.834915,0.888714726,0.887129395,0.833746461,0.850020111,2.77129769,2.83072189,1.19019218,1.53076035
112.93491499999999,0.886547258,0.887752215,0.83763721,0.853575888,2.77141798,2.83103941,1.19573735,1.52416975
113.034915,0.887633834,0.888471987,0.824024173,0.840355204,2.76938499,2.82922378,1.20305799,1.51732647
113.13491499999999,0.888228903,0.886505126,0.842771049,0.858826481,2.77230315,2.83233955,1.20950057,1.51108216
113.234915,0.887412598,0.887638203,0.82696435,0.843122703,2.76950172,2.82958816,1.21457077,1.50508403
113.334915,0.887134496,0.888719575,0.833556385,0.849910826,2.77093277,2.83102972,1.21955804,1.50117222
113.434915,0.887750837,0.886545856,0.837710203,0.853728707,2.77113594,2.83135085,1.22343077,1.4962708
113.534915,0.888468837,0.88763092,0.82394002,0.840349456,2.76909654,2.82948102,1.22919476,1.49097616
113.63491499999999,0.886511129,0.888234766,0.842712152,0.858848327,2.77204578,2.83258865,1.23446034,1.48595152
113.734915,0.887631342,0.887405598,0.827028866,0.843265871,2.76927479,2.8298385,1.23844513,1.48104818
113.834915,0.88872436,0.887139534,0.833366889,0.849801742,2.77068678,2.83122144,1.24235093,1.47823501
113.934915,0.886542345,0.887747613,0.837830062,0.853930954,2.77096093,2.83157165,1.2451199,1.47445012
114.034915,0.887627334,0.888464969,0.82385777,0.840346032,2.7688987,2.82965211,1.24985711,1.47016428
114.134915,0.888240687,0.886517192,0.8426508,0.858867483,2.77186454,2.83276195,1.25442465,1.46586781
114.234915,0.887398001,0.887623755,0.827101307,0.843417588,2.76912382,2.83001629,1.2575075,1.46186366
114.334915,0.887144501,0.888729076,0.833178359,0.849693356,2.77050505,2.8313501,1.2607385,1.45974036
114.434915,0.887747182,0.886541891,0.837892124,0.854071439,2.77084724,2.83171596,1.26249665,1.4569761
114.534915,0.888461588,0.887624202,0.823770605,0.840336454,2.76878317,2.82974073,1.26598636,1.45391615
114.634915,0.886523329,0.88824668,0.842586116,0.858882641,2.77177348,2.8328451,1.26971747,1.45048147
114.734915,0.887616997,0.8873911,0.827167734,0.84356173,2.76906116,2.83010496,1.27205571,1.44721959
114.83491500000001,0.888733752,0.887149431,0.832988888,0.849583272,2.77041819,2.83138487,1.27456105,1.44583038
114.934915,0.88654121,0.887746499,0.8379601,0.854217932,2.77081937,2.83177726,1.27557511,1.44382228
115.028944,0.888458646,0.887211359,0.825307507,0.84339315,2.75774093,2.84003335,1.33971647,1.36705337
115.12894399999999,0.886420293,0.888008039,0.842126449,0.858846888,2.743875,2.8638891,1.91788074,0.741158318
115.223,0.888471623,0.887727808,0.823392499,0.841502564,2.73948806,2.86134414,2.00111034,0.797550381
115.32300000000001,0.886618535,0.888366208,0.841723901,0.858628162,2.7261999,2.87621293,2.22466033,0.585105223
115.423,0.887603773,0.887188734,0.828917237,0.845567357,2.74109863,2.86607558,2.0914835,0.706287772
115.523,0.888757349,0.887265675,0.83046298,0.847293005,2.75027216,2.85196563,1.80320956,0.997468236
115.623,0.886474521,0.887811914,0.839564046,0.855980899,2.75906258,2.84277887,1.5072199,1.23585563
115.723,0.887637861,0.888301371,0.823248688,0.840003529,2.76366717,2.83421343,1.31433551,1.41288248
115.82300000000001,0.888373005,0.886625174,0.841649441,0.858203381,2.77110943,2.83312826,1.19664079,1.52761933
115.923,0.887181618,0.887596946,0.829048571,0.845612104,2.77137435,2.82810402,1.1269654,1.59377164
116.02300000000001,0.887269756,0.888761184,0.830300904,0.847144443,2.77360097,2.82729385,1.09146179,1.62924287
116.123,0.887812593,0.886475227,0.839613583,0.856082243,2.77559117,2.82760024,1.0739597,1.64499956
116.223,0.888296144,0.887632868,0.823213136,0.840031564,2.77360436,2.82460927,1.06790734,1.65058763
116.32300000000001,0.886632089,0.888379762,0.84154897,0.858173544,2.77696527,2.8275313,1.0684343,1.65074603
116.423,0.887591358,0.887175931,0.829138412,0.845771224,2.77471993,2.82502668,1.07189891,1.64570337
116.52300000000001,0.88876471,0.887273544,0.830119101,0.847034207,2.77531588,2.82569171,1.08067251,1.63828831
116.623,0.886475945,0.887813277,0.839668254,0.85620919,2.77636764,2.82695232,1.08966897,1.62839923
116.723,0.887627775,0.888290848,0.823172157,0.840061357,2.77376468,2.82448052,1.0989569,1.61904516
116.823,0.888386538,0.886639027,0.841444526,0.858142093,2.7767812,2.82771118,1.10795388,1.61089248
116.92299999999999,0.887170158,0.887585681,0.829230845,0.84593454,2.7743644,2.82541529,1.11566794,1.60162241
117.023,0.887277134,0.888768034,0.829944624,0.846931764,2.77481474,2.82613356,1.12620012,1.59244446
117.12299999999999,0.887814022,0.886476727,0.839724218,0.856337749,2.77584925,2.82749672,1.13577277,1.58199489
117.223,0.888285637,0.887622763,0.823140758,0.840100784,2.77319906,2.82502134,1.14450078,1.57320363
117.323,0.886645607,0.888392977,0.841344156,0.858115357,2.77620199,2.82826005,1.15267669,1.56590673
117.423,0.88758002,0.887164402,0.829324699,0.846099439,2.77381953,2.82598415,1.15909541,1.55795946
117.523,0.888771299,0.88728064,0.829761957,0.846820935,2.7742655,2.82662151,1.16760621,1.55082495
117.62299999999999,0.886477614,0.887814868,0.839776493,0.856462318,2.77537073,2.82800133,1.175447,1.5421461
117.723,0.887617325,0.888279997,0.823096483,0.840127288,2.77271855,2.82548275,1.18252812,1.53501019
117.823,0.888400131,0.886652954,0.841229502,0.858073086,2.77575147,2.82868144,1.1890199,1.52943177
117.923,0.887158714,0.887574425,0.829416235,0.846261453,2.7734286,2.82640327,1.19355391,1.52338081
118.023,0.887284108,0.888774499,0.829588417,0.846718725,2.77386904,2.82696124,1.20025119,1.51806921
118.123,0.887815741,0.886478532,0.839830567,0.85658851,2.77503045,2.82837133,1.20685197,1.51065853
118.223,0.888274446,0.887611972,0.823062009,0.840163231,2.77236967,2.82581682,1.21272998,1.50472042
118.323,0.886659903,0.888406906,0.841119673,0.858036031,2.77540821,2.82899823,1.21818508,1.50020287
118.423,0.88756885,0.887153048,0.829509443,0.846425035,2.77313425,2.82672894,1.22142744,1.49544762
118.523,0.888776919,0.887286751,0.82940215,0.846603804,2.77356036,2.82721684,1.22670214,1.49155902
118.623,0.88647958,0.887816733,0.839882348,0.856712259,2.77477889,2.82865361,1.23217198,1.4853009
118.723,0.887606544,0.888268821,0.823029152,0.840200487,2.77211286,2.82606145,1.23697368,1.48042487
118.82300000000001,0.888413639,0.886666806,0.841008368,0.85799719,2.77516028,2.82921997,1.24139402,1.47696047
118.923,0.887147424,0.887563317,0.829602998,0.84658859,2.77293525,2.82696114,1.24354617,1.47329477
119.02300000000001,0.887291404,0.888781138,0.829196487,0.846468673,2.77335089,2.8273677,1.24740901,1.47081649
119.123,0.887817857,0.886480759,0.839929689,0.856830718,2.77463862,2.8288251,1.2516623,1.46579235
119.22300000000001,0.888263126,0.887601042,0.822997633,0.840238476,2.77196707,2.82619737,1.25551478,1.46184752
119.323,0.886673828,0.888420484,0.840891972,0.857952429,2.77502318,2.82933092,1.25906716,1.45926903
119.423,0.887557834,0.887141853,0.829696147,0.846751102,2.77284351,2.8270876,1.26033189,1.45648825
119.52300000000001,0.888784036,0.887294562,0.82903318,0.846375473,2.77323568,2.82743353,1.26328861,1.45491185
119.62300000000002,0.886482276,0.887819295,0.839985207,0.856957306,2.7745767,2.82891893,1.26675102,1.45069963
119.723,0.887595448,0.88825734,0.822970005,0.84027994,2.77188986,2.8262665,1.2700944,1.44724539
119.823,0.88842762,0.886681099,0.840783774,0.857915802,2.77494843,2.82937895,1.27295578,1.44537509
119.923,0.887136229,0.887552289,0.829794224,0.846918462,2.77279826,2.82716899,1.27386116,1.44295088
120.016867,0.8893163,0.887352784,0.833906198,0.852478862,2.77198124,2.83233582,1.29844829,1.42944169
120.11686700000001,0.886577424,0.887698045,0.837510763,0.855051774,2.72781606,2.84669681,1.87670845,0.695111107
120.21099999999998,0.888265802,0.886426039,0.824167737,0.842588463,2.7543563,2.86524597,1.85999087,0.710987267
120.31099999999999,0.886449555,0.887941584,0.841443696,0.859044016,2.72699956,2.87355077,2.10838595,0.569946824
120.411,0.887577611,0.887988751,0.823449081,0.841017299,2.74465266,2.86641229,2.05989227,0.666701798
120.51100000000001,0.888581318,0.88683513,0.838278279,0.855674099,2.75476221,2.8519717,1.81765195,0.967960713
120.61099999999999,0.88690562,0.887572663,0.832633025,0.849857757,2.76064754,2.83804949,1.54630938,1.21317652
120.711,0.887420163,0.888752991,0.826162331,0.843728299,2.76678065,2.83081067,1.3326513,1.35242526
120.811,0.887947752,0.886456227,0.841493722,0.858675303,2.7741877,2.83050284,1.21348167,1.49634027
120.91099999999999,0.887982373,0.887571386,0.823555225,0.841011344,2.77378997,2.82450765,1.13661043,1.57749822
121.011,0.886842119,0.888588113,0.838142259,0.85553539,2.77810505,2.82544598,1.09204956,1.62438087
121.111,0.887569342,0.886902226,0.832729797,0.849993296,2.77784878,2.82323292,1.06926499,1.64783576
121.21100000000001,0.888753794,0.887421233,0.826016873,0.843633234,2.77771738,2.82201991,1.06219943,1.65752612
121.31099999999999,0.886459518,0.887950932,0.841519179,0.858761367,2.78025183,2.82403944,1.06172506,1.65864365
121.411,0.887564551,0.887975375,0.823576846,0.841094157,2.77748287,2.82093349,1.0653791,1.65501786
121.51100000000001,0.888594638,0.886848848,0.837984716,0.855441889,2.78007858,2.82349848,1.07176236,1.64969575
121.61099999999999,0.88689797,0.887565037,0.832807377,0.850132942,2.7787994,2.82232171,1.07905288,1.64122694
121.711,0.887422184,0.888754477,0.825878974,0.843557624,2.77797746,2.82169598,1.08950427,1.63167138
121.811,0.887954196,0.886462897,0.841537475,0.858843061,2.78016342,2.82412908,1.09909607,1.62159679
121.91100000000002,0.887968318,0.887557648,0.823597493,0.841176886,2.77716258,2.82124526,1.10822146,1.6119073
122.011,0.886855559,0.888601143,0.837824873,0.855346238,2.77961123,2.82390499,1.11721355,1.60376726
122.111,0.887561259,0.886894132,0.832910877,0.850298696,2.77831007,2.82283295,1.12532547,1.59443999
122.21100000000001,0.888754855,0.887422819,0.825749233,0.843490548,2.77741387,2.82220579,1.13560618,1.58507942
122.31099999999999,0.886466346,0.887957527,0.841555682,0.858924685,2.77962336,2.82467829,1.1445929,1.57572347
122.411,0.887550377,0.887960854,0.823627479,0.841269303,2.77661499,2.8217889,1.15251848,1.56727172
122.51100000000001,0.888607645,0.886862265,0.837667407,0.855253249,2.77904241,2.8244144,1.16031799,1.56035447
122.61100000000002,0.886890586,0.887557747,0.833011408,0.850461065,2.77781448,2.82334839,1.16669875,1.55272426
122.711,0.88742357,0.888755344,0.825613197,0.843416569,2.77691073,2.82265393,1.17496299,1.54535131
122.811,0.887960959,0.8864699,0.841570603,0.859002694,2.77918251,2.82512978,1.18224629,1.53775887
122.911,0.88795441,0.887544011,0.823643927,0.841348306,2.7761905,2.82221342,1.18855965,1.53094779
123.011,0.886868888,0.888614052,0.837502776,0.855152266,2.7786212,2.82478033,1.19479504,1.52562076
123.11099999999999,0.887554115,0.886886912,0.833112899,0.850623585,2.77746443,2.8237261,1.19946512,1.51972573
123.211,0.888756103,0.887424626,0.825474876,0.843340195,2.77655554,2.82295707,1.20591838,1.51415502
123.311,0.886473529,0.887964462,0.84158579,0.859080702,2.77887136,2.82545413,1.21205931,1.50775822
123.41099999999999,0.887536996,0.887947244,0.823670622,0.841436433,2.77589194,2.82251589,1.21713853,1.50218735
123.511,0.888620471,0.886875518,0.837338844,0.855051744,2.7783194,2.82503156,1.22209524,1.49816214
123.611,0.886883323,0.887550574,0.83321447,0.850786587,2.77722651,2.82399588,1.22546597,1.4935809
123.71099999999998,0.887425351,0.888756565,0.825340359,0.843267043,2.77629725,2.82316893,1.23067168,1.48924793
123.81099999999999,0.887968059,0.886477257,0.841598427,0.85915587,2.77865288,2.82568691,1.23590132,1.48379275
123.911,0.88794006,0.887529961,0.823698873,0.841525717,2.77568707,2.82272726,1.23994275,1.47925683
124.01100000000001,0.886882127,0.888626868,0.837175277,0.854951326,2.77810063,2.82520174,1.24396393,1.4761878
124.11099999999999,0.887547107,0.886879813,0.833315888,0.850949049,2.77707189,2.82418405,1.24623307,1.47271571
124.211,0.888756744,0.887425835,0.825201357,0.843188793,2.77613724,2.82328507,1.25005566,1.46975061
124.311,0.886481072,0.887971742,0.841607496,0.859226685,2.77853972,2.82581441,1.25425709,1.46534781
124.41099999999999,0.88752291,0.887932864,0.823728576,0.841615819,2.77558504,2.82283807,1.25741321,1.46169361
124.511,0.888633223,0.886888698,0.837008733,0.854847158,2.77798689,2.82526768,1.26059742,1.45947623
124.611,0.886876389,0.887543723,0.833416376,0.851109947,2.77701557,2.82427556,1.26202038,1.45685836
124.71100000000001,0.887426119,0.888756769,0.825079797,0.843127359,2.77605842,2.82332133,1.26497888,1.45474531
124.81099999999999,0.887975389,0.886484859,0.841619726,0.859300343,2.7784945,2.82587461,1.26855441,1.45098465
124.911,0.887925637,0.887515827,0.823761426,0.841708557,2.77554774,2.82288576,1.27114149,1.44789189
125.00482199999999,0.890013746,0.887893413,0.83150037,0.849599316,2.77653501,2.8239876,1.2710922,1.44382448
125.104822,0.887091484,0.887504722,0.830696969,0.849056821,2.74431493,2.85353187,1.86988387,0.746703238
125.2006,0.887519963,0.886051027,0.844839652,0.862739062,2.75457772,2.85921106,2.02576771,0.74628002
125.29898599999999,0.886692011,0.887604117,0.836183979,0.854525093,2.72425545,2.86537996,2.24093837,0.574854095
125.398986,0.887495996,0.888631332,0.82324501,0.84159276,2.74536939,2.86501484,2.14577977,0.646641086
125.498986,0.888148676,0.886533387,0.841917913,0.859817219,2.75660132,2.85064466,1.87727555,0.927765358
125.59898599999998,0.887624459,0.887486253,0.825592668,0.843630359,2.76118334,2.83538605,1.56474401,1.19189165
125.69898599999999,0.887053745,0.888755246,0.833337467,0.851434141,2.77114858,2.83060764,1.34105011,1.38895797
125.798986,0.887608934,0.886695933,0.836324105,0.854161302,2.77606478,2.82591189,1.20577324,1.51764614
125.89898600000001,0.888629355,0.887494248,0.823251858,0.841456671,2.77730089,2.82112157,1.12698014,1.59465208
125.99898599999999,0.886539409,0.888154536,0.841906186,0.859784472,2.78213909,2.82240179,1.08289842,1.63760308
126.098986,0.887479371,0.887617469,0.825660211,0.843721409,2.78039815,2.8184389,1.05991227,1.6584001
126.198986,0.888760293,0.887059042,0.833164938,0.851306726,2.78264603,2.81951774,1.05157913,1.66766696
126.29898599999999,0.886694673,0.887607632,0.836402282,0.854289346,2.78297066,2.81936087,1.05103121,1.66669891
126.398986,0.887491731,0.888626608,0.823173492,0.841429656,2.7812395,2.81743111,1.05674881,1.6614152
126.498986,0.888160179,0.886545226,0.841867971,0.859799949,2.78424177,2.82048838,1.06422505,1.6543621
126.59898600000001,0.887610349,0.887472351,0.825734326,0.84384805,2.78138208,2.81759159,1.07188464,1.64542866
126.69898599999999,0.887064254,0.888765253,0.832989493,0.851185725,2.78291581,2.81925218,1.08132702,1.63739244
126.798986,0.887606335,0.886693395,0.836492572,0.854433101,2.78288663,2.81950283,1.09069601,1.62669212
126.89898600000001,0.888623764,0.887489114,0.823099567,0.841408691,2.78087811,2.81776197,1.10182037,1.61601314
126.99898599999999,0.8865511,0.888165877,0.841828425,0.85981455,2.78377073,2.8209505,1.11173457,1.60651027
127.098986,0.887465393,0.887603286,0.825811774,0.843978515,2.78084908,2.81813707,1.12009371,1.59686479
127.198986,0.888770156,0.887069409,0.83281425,0.851065039,2.78232542,2.81977753,1.12903803,1.58934685
127.29898600000001,0.886693235,0.887606101,0.836562841,0.854556566,2.7823552,2.82006092,1.13697974,1.58011509
127.398986,0.887486378,0.888620803,0.823022612,0.84138432,2.78032161,2.81827659,1.14660097,1.57096233
127.498986,0.888171648,0.886557049,0.84178539,0.859825431,2.78324904,2.82145996,1.154974,1.56305112
127.59898600000001,0.887596253,0.887458456,0.825887693,0.844106999,2.78035773,2.81864347,1.16169611,1.55506911
127.69898600000002,0.88707452,0.888775014,0.832638067,0.85094311,2.78182397,2.82021801,1.16893308,1.54928962
127.798986,0.887604848,0.886692005,0.836653093,0.854699976,2.78192676,2.82051847,1.17514063,1.54182857
127.89898600000001,0.888617644,0.887483455,0.822953923,0.841368337,2.77987754,2.81868532,1.1832016,1.53423913
127.998986,0.886563044,0.888177462,0.84174155,0.859835347,2.78284029,2.82185906,1.1901863,1.5277492
128.098986,0.887451624,0.887589325,0.825972092,0.844243966,2.77998105,2.81904008,1.19541448,1.52126473
128.198986,0.888779746,0.887079506,0.832465174,0.850824555,2.78142394,2.82056127,1.2014461,1.51670487
128.298986,0.886688251,0.887601201,0.836787519,0.854888328,2.78161489,2.82087558,1.20600514,1.5109162
128.398986,0.887480459,0.888614425,0.822879896,0.841346258,2.77955746,2.81897339,1.21234716,1.50503239
128.498986,0.888183351,0.886569116,0.84169402,0.859841072,2.78255902,2.82213202,1.21792771,1.49996848
128.598986,0.887582414,0.887444805,0.826047298,0.844371005,2.77973504,2.81930874,1.22184144,1.49479308
128.69898600000002,0.887084574,0.888784562,0.832286403,0.850698946,2.78117565,2.82075387,1.22634067,1.49177131
128.79898599999999,0.887600735,0.886687801,0.836862504,0.855014635,2.78143702,2.82108484,1.22956155,1.48733894
128.898986,0.888610497,0.887476814,0.822808201,0.841326707,2.77937245,2.81913199,1.23459778,1.48274461
128.998986,0.886575246,0.888189294,0.841644255,0.859844179,2.78238683,2.82229728,1.23954731,1.47833462
129.09898600000002,0.887437249,0.887574857,0.826133642,0.84450934,2.77958976,2.81948116,1.24257832,1.47403377
129.198986,0.888789242,0.887089507,0.832111186,0.850576794,2.78100127,2.82087492,1.24631273,1.47178197
129.298986,0.886687116,0.887600004,0.836944455,0.85514829,2.78132739,2.82122884,1.24851262,1.46838801
129.398986,0.887473583,0.888607047,0.82274442,0.841313834,2.77925252,2.81922563,1.25249471,1.46483016
129.498986,0.888195291,0.886581431,0.841594901,0.859847204,2.78228467,2.82239244,1.25676323,1.46112105
129.598986,0.887567994,0.887430479,0.82621505,0.844641525,2.77951841,2.81957886,1.25896194,1.45764237
129.698986,0.887094391,0.888793874,0.831936998,0.850455105,2.78090221,2.82092154,1.26198301,1.45610603
129.798986,0.887599334,0.886686494,0.837026315,0.855281276,2.78129213,2.82129943,1.26330479,1.45360702
129.89898599999998,0.888603976,0.887470749,0.822670212,0.84128984,2.77921637,2.81923736,1.26613629,1.45118033
129.99849300000002,0.886697981,0.88844198,0.839991505,0.858387202,2.78211753,2.82224775,1.26975168,1.44833749
130.092797,0.887811135,0.887421331,0.824022961,0.84319941,2.74189987,2.84314906,1.88772219,0.809613418
130.192797,0.8869686,0.888709099,0.834815512,0.853548073,2.76245248,2.86330271,1.83865425,0.659091659
130.286956,0.887281667,0.887435328,0.828965139,0.848086773,2.72425889,2.85890144,2.09690477,0.563353316
130.386956,0.887235433,0.888843741,0.82821811,0.847124041,2.74988372,2.86627121,2.08959707,0.621728723
130.486956,0.88772338,0.886577692,0.839292061,0.857726446,2.75955974,2.84895701,1.88819489,0.890085403
130.58695600000001,0.888373425,0.887474618,0.822268337,0.840988929,2.76464289,2.83270065,1.60834013,1.16939575
130.686956,0.886705444,0.888406996,0.84008747,0.858553611,2.77446184,2.82693867,1.37126217,1.32927031
130.786956,0.887417809,0.88726646,0.829131142,0.847648947,2.77865509,2.8223422,1.22714696,1.47770634
130.886956,0.888846858,0.887238789,0.828160327,0.846888413,2.78163919,2.81897184,1.14015861,1.57396388
130.986956,0.886579354,0.887724948,0.839383684,0.857774826,2.7849974,2.8185663,1.08859394,1.62655633
131.086956,0.887469006,0.888367642,0.822269759,0.84100229,2.78354033,2.81476843,1.06243773,1.65444786
131.18695599999998,0.888413871,0.886712525,0.839976679,0.85847553,2.78718455,2.81715961,1.0512129,1.66800973
131.286956,0.88726101,0.88741241,0.829250197,0.847806894,2.78552226,2.8146927,1.04786216,1.67130438
131.386956,0.887241774,0.888849586,0.828010944,0.846781903,2.78594167,2.81471638,1.05102386,1.66989331
131.486956,0.887726071,0.886580586,0.839434538,0.857869358,2.78744098,2.8162494,1.05758682,1.66312151
131.586956,0.888361715,0.887463247,0.822256844,0.841032513,2.78472503,2.81359248,1.06663209,1.65401379
131.686956,0.88671959,0.888420725,0.839865988,0.858409669,2.78760289,2.81669259,1.07605529,1.64508222
131.786956,0.887407075,0.887255629,0.829356859,0.847956683,2.7855261,2.81470232,1.08452016,1.63525019
131.886956,0.888852234,0.887244679,0.827861318,0.846676518,2.78564388,2.81494307,1.09410126,1.62665817
131.986956,0.886582123,0.887727503,0.839496648,0.8579755,2.78703959,2.81665995,1.10379979,1.61637774
132.08695600000001,0.887457375,0.888355673,0.822249251,0.841068437,2.78421542,2.81408076,1.11431429,1.60576652
132.18695599999998,0.888427468,0.886726524,0.839758553,0.858346995,2.78704817,2.81720408,1.12389749,1.59676792
132.286956,0.887250237,0.887401725,0.829467602,0.848110645,2.78498636,2.81526439,1.13175041,1.58765851
132.386956,0.887247501,0.888854797,0.827714358,0.846573949,2.78505394,2.81546582,1.14035471,1.58007157
132.48695600000002,0.887729233,0.886583924,0.839539749,0.858062385,2.78652333,2.81718617,1.14818317,1.57160886
132.586956,0.888349618,0.887451483,0.822239543,0.841101809,2.78370344,2.81457005,1.15688372,1.56281672
132.686956,0.886733724,0.888434436,0.839639243,0.858272297,2.78655178,2.81765188,1.16474072,1.55559503
132.786956,0.887396574,0.887245063,0.829576207,0.848262227,2.78454432,2.81573116,1.17095806,1.54815895
132.886956,0.888857284,0.887250245,0.827564992,0.846468242,2.78461043,2.81584902,1.17762781,1.54250785
132.986956,0.886585624,0.887730825,0.83959844,0.858164167,2.78615821,2.81756753,1.18359389,1.53593122
133.08695600000001,0.887445644,0.888343605,0.822236895,0.8411421,2.78333692,2.81492244,1.19067982,1.52876479
133.186956,0.888441289,0.886740792,0.839523534,0.858200814,2.78619118,2.81797201,1.19731339,1.52281476
133.286956,0.887239846,0.887391396,0.829683851,0.848412285,2.78423707,2.8160661,1.20217624,1.51675346
133.386956,0.887252915,0.888859695,0.827417422,0.846364078,2.78428523,2.8161187,1.20744166,1.51251912
133.48695600000002,0.887735377,0.886590161,0.839634286,0.858242915,2.78589217,2.81784466,1.212009,1.50736259
133.586956,0.888337624,0.887439832,0.822235886,0.84118409,2.78307305,2.815175,1.21784939,1.50142819
133.686956,0.886747863,0.888448144,0.839405264,0.858126436,2.78592795,2.81819686,1.22351538,1.49647913
133.786956,0.887386685,0.887235132,0.829798535,0.848569312,2.78402626,2.81630692,1.22717936,1.49162695
133.88695600000003,0.888862018,0.887255495,0.827271619,0.846261285,2.7840531,2.81629795,1.23132626,1.48851935
133.986956,0.886591303,0.887736416,0.839690301,0.858340893,2.78573077,2.81803023,1.23461482,1.48465822
134.08695600000001,0.887433672,0.888331307,0.822228756,0.841218673,2.78292012,2.81531887,1.23904588,1.48011381
134.186956,0.888455009,0.886754944,0.839284086,0.85804842,2.78577935,2.81830843,1.24369353,1.47620922
134.28695599999998,0.887230039,0.887381626,0.829906375,0.848718508,2.7839266,2.81643846,1.2464154,1.47230787
134.386956,0.887258004,0.888864269,0.827125766,0.84615774,2.78392887,2.81637145,1.24963353,1.47013105
134.486956,0.88773793,0.886592951,0.839749446,0.858441989,2.78566334,2.81812275,1.25200107,1.46720717
134.58695600000001,0.888324979,0.887427498,0.822231651,0.841262705,2.78285214,2.81538023,1.25552862,1.46354696
134.68695599999998,0.886761988,0.888461835,0.839163817,0.857970886,2.78570047,2.81835119,1.25960626,1.46023135
134.786956,0.887376215,0.887224613,0.830022854,0.848875783,2.78389444,2.81650271,1.26161183,1.45704958
134.886956,0.888866509,0.887260477,0.826989182,0.846063582,2.78385834,2.81639141,1.26420698,1.45549269
134.986956,0.88659471,0.887739552,0.839808545,0.858542615,2.78564335,2.81816839,1.26605729,1.45310451
135.080796,0.888575512,0.887448925,0.822032266,0.841847941,2.74952541,2.83890284,1.73482462,0.870450423
135.180796,0.886656276,0.888270322,0.840735122,0.859802227,2.7597486,2.85242263,2.02231509,0.720781075
135.27496299999999,0.888039314,0.887369355,0.822794298,0.842633796,2.72581118,2.85126513,2.22881143,0.583063835
135.374963,0.886889351,0.888628343,0.836364845,0.855578845,2.75078521,2.86417013,2.18173733,0.612451639
135.474963,0.887412352,0.887007519,0.832751846,0.851742907,2.75979704,2.84555026,1.9541284,0.84949469
135.574963,0.888834888,0.887347123,0.824502403,0.843729063,2.76665184,2.83080619,1.64153154,1.13740602
135.674963,0.886566637,0.887891603,0.841036946,0.859874786,2.77777703,2.82597831,1.38412637,1.34838275
135.774963,0.887387057,0.888055864,0.823158564,0.842284793,2.7804574,2.8176009,1.22862076,1.49552557
135.87496299999998,0.888635358,0.886896582,0.83631892,0.855316362,2.78639475,2.81665409,1.13644161,1.58636258
135.974963,0.887004408,0.887409243,0.83290692,0.851831656,2.78754037,2.81356871,1.08280878,1.6367425
136.074963,0.887345927,0.888833385,0.824386928,0.843609252,2.78787217,2.81141322,1.05619686,1.66315144
136.17496300000002,0.887895442,0.886570644,0.841057811,0.859917756,2.79103745,2.81336651,1.0459245,1.67268567
136.27496299999999,0.888048667,0.887379971,0.823206924,0.842361858,2.78843665,2.80997451,1.04380611,1.6736642
136.374963,0.886903103,0.888641648,0.83616424,0.855195303,2.79100756,2.81229188,1.04779716,1.67093658
136.474963,0.887405984,0.887001157,0.833019945,0.851977461,2.79010286,2.8112646,1.05314449,1.66404064
136.574963,0.88883341,0.887346193,0.824284132,0.843540018,2.78910091,2.81028165,1.0618703,1.65623138
136.674963,0.886574678,0.887899315,0.841082143,0.8599766,2.79150535,2.81298785,1.07241685,1.64561599
136.774963,0.887372841,0.88804143,0.823256154,0.842444825,2.78842235,2.81002643,1.0823072,1.63484737
136.874963,0.888647747,0.886909432,0.836016131,0.8550827,2.79069544,2.8125598,1.09262021,1.62585809
136.974963,0.886998041,0.887402856,0.833136461,0.852127899,2.78967037,2.81172817,1.10117932,1.61573472
137.074963,0.887346566,0.888833527,0.824179891,0.843469296,2.78855731,2.81076728,1.11075272,1.60705233
137.17496300000002,0.887903364,0.886578903,0.84109626,0.86002479,2.79097215,2.81352204,1.12071172,1.59703484
137.27496299999999,0.888034198,0.887365713,0.823305289,0.842527515,2.78787692,2.81056783,1.12957363,1.5873039
137.374963,0.886915875,0.888653954,0.835855194,0.854956808,2.79013555,2.81305885,1.1384798,1.57975513
137.474963,0.887399694,0.886994896,0.83324482,0.85226919,2.78918167,2.81224166,1.14518618,1.57152212
137.574963,0.888832838,0.887346078,0.824088874,0.843411245,2.78805587,2.81121871,1.15290725,1.56470921
137.674963,0.886583112,0.887907395,0.84111353,0.86007563,2.79053503,2.81396355,1.16092125,1.55667721
137.77496299999999,0.887358563,0.888026947,0.823358078,0.842613638,2.78744371,2.81100455,1.16847672,1.54826444
137.874963,0.888660113,0.886922268,0.835697448,0.854833847,2.78969538,2.81344316,1.17590831,1.54221802
137.97496299999997,0.886991891,0.887396668,0.833357355,0.85241478,2.78880166,2.81265303,1.18118089,1.53544343
138.074963,0.887345955,0.888832478,0.823989729,0.843345374,2.78766227,2.81156502,1.18729111,1.53024273
138.174963,0.887911626,0.886587519,0.841122289,0.860117933,2.79019561,2.81431073,1.19376942,1.5237741
138.274963,0.888019666,0.887351382,0.823411636,0.842700322,2.78711467,2.81134146,1.20009158,1.51658871
138.37496299999998,0.886928621,0.888666232,0.835538597,0.854709451,2.78936217,2.8137231,1.20613835,1.51194151
138.474963,0.887393699,0.886988948,0.833469954,0.852560052,2.78853335,2.81295557,1.21004124,1.50655015
138.574963,0.888831994,0.887345707,0.823891981,0.843280465,2.78738175,2.81180199,1.21470101,1.50279139
138.674963,0.886591181,0.887915122,0.841120785,0.860149301,2.78998046,2.81453523,1.21953493,1.49798938
138.77496299999999,0.887344227,0.888012416,0.823464854,0.842785845,2.78691914,2.81154767,1.22459311,1.49205434
138.874963,0.888672312,0.886934936,0.835378554,0.854583242,2.78915626,2.81387788,1.22952352,1.48853375
138.974963,0.886986111,0.887390835,0.83358018,0.852702271,2.78838844,2.81313679,1.23235072,1.48422971
139.074963,0.887345341,0.888831393,0.823795132,0.843215849,2.7872168,2.81192639,1.23592922,1.48154076
139.174963,0.887919466,0.886595712,0.841136191,0.860197055,2.78986177,2.8146641,1.23971368,1.47781105
139.274963,0.888005068,0.887336969,0.823524815,0.842877854,2.78680883,2.81167147,1.24394538,1.47268771
139.37496299999998,0.886941194,0.888678334,0.835219162,0.854457199,2.78902846,2.81395567,1.24810891,1.46994347
139.474963,0.887387889,0.886983201,0.83369553,0.852849193,2.7883162,2.81324667,1.25011465,1.46647115
139.574963,0.88883068,0.887344861,0.82370278,0.843155467,2.78711036,2.81199451,1.25309199,1.46437048
139.67496300000002,0.886599419,0.887922975,0.841115112,0.860207724,2.78980919,2.81472341,1.2557764,1.46176367
139.77496299999999,0.887329824,0.887997835,0.823581026,0.842965146,2.78677969,2.81171522,1.25897764,1.45765266
139.874963,0.888684323,0.886947419,0.835057962,0.854328587,2.78898508,2.81394961,1.2623211,1.45573556
139.974963,0.886980552,0.887385208,0.833802811,0.852987167,2.7883327,2.8132686,1.26353591,1.4530639
140.06880900000002,0.888868709,0.887255704,0.825448501,0.845750164,2.7605533,2.83593087,1.74399279,0.994591803
140.168809,0.886622068,0.88774303,0.840489495,0.85989724,2.76026142,2.84943385,1.77126199,0.625503562
140.262973,0.88873638,0.887404852,0.821960493,0.842360806,2.73121932,2.84458977,2.04851977,0.583713566
140.362973,0.886639571,0.888113514,0.841049609,0.860515976,2.75500339,2.86258317,2.10168235,0.60038869
140.462973,0.887297008,0.887723863,0.825487659,0.845015984,2.76318016,2.84281339,1.94780663,0.819130142
140.562973,0.88880461,0.88706613,0.831726839,0.851179709,2.77255279,2.82987357,1.66913714,1.11783205
140.662973,0.886819922,0.887467321,0.836360101,0.855594999,2.77963039,2.81982558,1.41820437,1.30091503
140.76297300000002,0.887374145,0.888710663,0.822265274,0.84182827,2.78469889,2.81521995,1.25357312,1.44524956
140.86297299999998,0.88812035,0.886646549,0.841128897,0.860339563,2.79052247,2.81419208,1.15950398,1.55405443
140.962973,0.887717247,0.887290447,0.825632681,0.845073117,2.7899655,2.80917199,1.09973869,1.61483028
141.062973,0.887071146,0.888809385,0.83157945,0.851017702,2.79265574,2.80920539,1.06785137,1.64932328
141.16297300000002,0.887466617,0.886819296,0.836454495,0.855698351,2.79382144,2.80886593,1.05242605,1.66543118
141.262973,0.888707209,0.887370893,0.822227818,0.841808176,2.79219521,2.80643384,1.04911321,1.67052432
141.362973,0.886652765,0.888126351,0.841093537,0.860327146,2.79536502,2.80933758,1.05221158,1.6684805
141.462973,0.887283775,0.887710549,0.82573696,0.845200539,2.79277766,2.80649802,1.05719312,1.66271076
141.562973,0.888814562,0.887076604,0.831428254,0.850892576,2.79405819,2.80779405,1.06508404,1.65598765
141.662973,0.886818699,0.887465935,0.83655114,0.855819022,2.79441433,2.80829919,1.07330033,1.64676381
141.76297300000002,0.887367991,0.888704106,0.82216812,0.841772285,2.79226802,2.80631295,1.08304784,1.63735524
141.862973,0.888132418,0.88665905,0.841051974,0.860309871,2.79516235,2.80951604,1.09351009,1.62716676
141.962973,0.887703636,0.887276931,0.825823653,0.845310729,2.79242694,2.80686485,1.10232948,1.61724746
142.062973,0.887080869,0.888818618,0.83125922,0.850747958,2.79357818,2.80820471,1.11182162,1.60882857
142.16297300000002,0.88746534,0.886818192,0.836644829,0.855936214,2.79394715,2.80878573,1.1199563,1.59968251
142.262973,0.888700317,0.887364399,0.822120915,0.841748369,2.79176082,2.80677493,1.12885989,1.59112781
142.362973,0.886665388,0.88813854,0.841011893,0.860293999,2.79465974,2.80999815,1.13833828,1.58198263
142.462973,0.887270222,0.887696884,0.825921388,0.845431838,2.79194385,2.80736223,1.14602963,1.57322885
142.562973,0.888823124,0.88708562,0.831097459,0.850611124,2.79307162,2.8086435,1.15403362,1.56629378
142.662973,0.886817746,0.887464802,0.83673871,0.856053498,2.79350816,2.80924549,1.16054171,1.5587908
142.762973,0.887360856,0.888696596,0.822058992,0.841709936,2.79131518,2.80718659,1.16776201,1.55191478
142.862973,0.888144491,0.886671538,0.840967645,0.860273997,2.79423839,2.81040024,1.17576199,1.54427493
142.96297299999998,0.887690178,0.887263555,0.826019696,0.845553275,2.79156025,2.80776527,1.18208609,1.53692642
143.062973,0.887090131,0.888827372,0.83093981,0.850478225,2.79267435,2.80897925,1.18850203,1.53159822
143.162973,0.887464321,0.88681736,0.836832743,0.856170602,2.79318383,2.80959556,1.19344005,1.52569499
143.26297300000002,0.888692706,0.887357142,0.822016393,0.841689787,2.79099783,2.80747091,1.19895687,1.52051836
143.36297299999998,0.886677955,0.888150686,0.840916575,0.860246208,2.79395584,2.81066514,1.20532921,1.51452722
143.462973,0.887256937,0.887683524,0.826118339,0.845674404,2.7913173,2.80803138,1.2103242,1.50853215
143.562973,0.888831765,0.887094768,0.830778382,0.850340853,2.79241262,2.80918311,1.21547193,1.50448847
143.662973,0.886817055,0.887463918,0.836925394,0.856285763,2.79298727,2.80982095,1.21917559,1.49984168
143.762973,0.887353285,0.88868866,0.821978241,0.841674009,2.79079283,2.80764848,1.22346611,1.49588402
143.862973,0.888157418,0.886684951,0.840863894,0.860216843,2.79377688,2.81082691,1.22867737,1.49106775
143.962973,0.887676898,0.887250344,0.826220347,0.845798505,2.79116485,2.8082092,1.23284167,1.4859128
144.062973,0.887099185,0.888835923,0.830625638,0.850212179,2.79223883,2.8093027,1.23697961,1.48288616
144.162973,0.887463803,0.88681703,0.837023934,0.856406837,2.79286281,2.80997658,1.23982948,1.47910983
144.26297300000002,0.88868525,0.887349994,0.821938397,0.841655182,2.79065764,2.8077564,1.24325862,1.47600461
144.36297299999998,0.886691643,0.888163885,0.840806544,0.86018167,2.79367989,2.81090785,1.2471536,1.47251407
144.462973,0.887243812,0.887670336,0.826321272,0.845920732,2.79110682,2.80829399,1.25031304,1.46836608
144.562973,0.88884022,0.887103715,0.830460237,0.850069532,2.79216059,2.80932685,1.25350907,1.46628859
144.66297300000002,0.886816648,0.887463303,0.837110698,0.856514339,2.79285622,2.81001426,1.25534517,1.46354269
144.762973,0.887345964,0.888681039,0.821902687,0.841640401,2.79064277,2.80774885,1.25770475,1.46149177
144.862973,0.888170201,0.886698185,0.840754311,0.860150608,2.79369296,2.81087888,1.26062994,1.45898511
144.962973,0.887663817,0.887237318,0.82642605,0.846046188,2.79113736,2.80829214,1.26335031,1.45527152
145.056838,0.888705203,0.886966703,0.833568524,0.854065315,2.76476182,2.82668865,1.54400046,1.10887568
145.156838,0.886986495,0.887343736,0.834377449,0.854173462,2.76546349,2.84309509,1.98109168,0.723908115
145.251,0.888880447,0.88716216,0.826838213,0.847559704,2.74544638,2.84381601,2.13389954,0.657077203
145.351,0.886721791,0.887583696,0.838863983,0.85862853,2.75425457,2.85583436,2.19986949,0.600062512
145.451,0.88732465,0.888494096,0.821699275,0.841608328,2.76425444,2.8390751,2.01315975,0.789276224
145.55100000000002,0.888364916,0.886780028,0.839338875,0.858869636,2.77583909,2.82818845,1.71031136,1.08364266
145.651,0.887424318,0.887232965,0.828890972,0.848536433,2.78176645,2.81735531,1.43105376,1.30470844
145.751,0.887197374,0.888900873,0.827343199,0.84709363,2.78825362,2.81191719,1.26081934,1.46526301
145.851,0.887586047,0.886724316,0.839018124,0.858480992,2.79358985,2.80978205,1.15849016,1.56375704
145.95100000000002,0.888488292,0.887318982,0.821759723,0.841560015,2.79318435,2.80479522,1.10072332,1.61942391
146.051,0.886787209,0.888371869,0.839261292,0.858762438,2.79758079,2.80655547,1.070032,1.64993395
146.151,0.887227658,0.887419015,0.829014855,0.848657872,2.79637973,2.80370861,1.05468826,1.66297175
146.251,0.888903433,0.887200174,0.827211947,0.846971695,2.79700717,2.80346628,1.0510992,1.66746408
146.351,0.886725972,0.887587551,0.839095921,0.858570671,2.79876712,2.80492706,1.05338181,1.66434885
146.451,0.887313163,0.888482327,0.821771404,0.841584975,2.79607365,2.80213439,1.06028533,1.65711547
146.551,0.88837871,0.886794285,0.839161968,0.858677473,2.79903683,2.80521987,1.06874863,1.649707
146.651,0.887413866,0.887222491,0.829140388,0.848796716,2.79700576,2.8032016,1.07635903,1.64051183
146.75099999999998,0.887202875,0.888905894,0.827079052,0.846853593,2.7970805,2.80338147,1.08584305,1.63230211
146.851,0.887592174,0.886730795,0.839143347,0.858631773,2.79859147,2.80513361,1.0950101,1.62247173
146.951,0.888476217,0.887307181,0.821777501,0.841604822,2.79571189,2.80248455,1.10531918,1.61185586
147.05100000000002,0.886801377,0.888385567,0.839059029,0.85858892,2.79857777,2.80563956,1.11514303,1.60308487
147.15099999999998,0.887217317,0.887408704,0.82926226,0.848931811,2.79653297,2.80369867,1.12278897,1.59384769
147.251,0.888908282,0.887205502,0.826945951,0.846735142,2.79655293,2.8038473,1.13149976,1.58641342
147.351,0.886732267,0.887593495,0.839220293,0.858722229,2.79811221,2.80563313,1.13942988,1.57785128
147.451,0.887301274,0.888470176,0.821795978,0.841637521,2.79522163,2.8029582,1.14828915,1.56869437
147.551,0.888392401,0.886808447,0.838955927,0.858500126,2.79808946,2.80608751,1.15680878,1.56126084
147.651,0.887404006,0.887212582,0.829396526,0.849079235,2.79609629,2.80416326,1.16284743,1.55365271
147.751,0.887207868,0.888910407,0.826818356,0.846622378,2.79608961,2.80425463,1.17009028,1.54770002
147.851,0.887594564,0.886733458,0.83929105,0.858805676,2.79772103,2.80604765,1.17640825,1.54078515
147.951,0.88846385,0.887295071,0.821804437,0.841659169,2.79484668,2.80332106,1.18329501,1.53359638
148.05100000000002,0.886815536,0.888399253,0.838848915,0.858406907,2.79773252,2.80640663,1.19018404,1.5278146
148.15099999999998,0.887207551,0.887398985,0.829514513,0.849209647,2.79579997,2.80449092,1.19462636,1.52181226
148.251,0.888912803,0.887210498,0.826683676,0.846501138,2.79578883,2.80450179,1.20014512,1.51758517
148.351,0.886735178,0.887596125,0.839363391,0.858890563,2.79748975,2.80630515,1.20487862,1.51227859
148.45100000000002,0.887288878,0.888457538,0.821821069,0.841688203,2.79462819,2.80353224,1.21021004,1.50663347
148.551,0.888406071,0.886822591,0.838742248,0.858313631,2.7975065,2.80659754,1.21622076,1.50174806
148.651,0.88739401,0.887202554,0.829638106,0.849345223,2.79562024,2.80470521,1.21966144,1.49675287
148.751,0.887212846,0.888914915,0.82655512,0.846385965,2.79558317,2.80465762,1.22411943,1.49358339
148.851,0.887597791,0.886737005,0.839435232,0.858974555,2.79734365,2.80647875,1.22773805,1.48941488
148.951,0.888451029,0.887282485,0.821830608,0.841709989,2.79448054,2.8036757,1.23202495,1.48479867
149.05100000000002,0.886829695,0.888412941,0.838632794,0.858217224,2.7973515,2.80671789,1.23728039,1.4806835
149.151,0.887197629,0.88738911,0.829761837,0.84948041,2.79551542,2.80484585,1.23979545,1.47661557
149.251,0.888916963,0.887215132,0.82642838,0.846272031,2.79545665,2.80473571,1.24321101,1.47448137
149.351,0.88673895,0.887599572,0.839505538,0.859056397,2.79727803,2.80657231,1.24578763,1.47137643
149.451,0.887277354,0.888445761,0.821834621,0.841725388,2.79442922,2.80372636,1.24884615,1.46796969
149.551,0.888419794,0.886836787,0.838519093,0.858115568,2.79729945,2.8067351,1.25324146,1.46472814
149.65099999999998,0.887384286,0.887192777,0.829885498,0.849614713,2.79551097,2.80488743,1.25499884,1.46141816
149.751,0.887217337,0.888918934,0.826300582,0.84615627,2.79542346,2.80472197,1.25767683,1.4600138
149.851,0.88760147,0.886741017,0.839573686,0.859135346,2.79729712,2.80658163,1.25953256,1.45765189
149.951,0.888439141,0.88727084,0.821861435,0.841762927,2.79444675,2.80370817,1.26186841,1.45494931
150.04488199999997,0.888284591,0.886832066,0.840193214,0.860830694,2.78213272,2.82308612,1.50228474,1.23205537
150.144882,0.887673584,0.887173102,0.826863382,0.847026324,2.74895004,2.821952,1.75483954,0.634356577
150.239,0.888580676,0.886880089,0.834889144,0.855732452,2.75869123,2.84085582,1.93451354,0.680513934
150.339,0.887163485,0.887233464,0.832653736,0.852733325,2.75673683,2.8519924,2.10058859,0.588348931
150.439,0.887274871,0.888903473,0.823787503,0.843867854,2.7695796,2.83810506,1.99690837,0.755947894
150.539,0.887778576,0.886701582,0.840745569,0.860392419,2.78005109,2.82593396,1.73083896,1.05608311
150.639,0.888181368,0.887218917,0.8229507,0.842888909,2.7839269,2.81167295,1.47490982,1.26509876
150.739,0.886947724,0.888619945,0.835578586,0.85529491,2.79354878,2.81032563,1.28781344,1.4013928
150.839,0.887232127,0.887162109,0.832885242,0.852611729,2.7961263,2.80555674,1.18516497,1.5263531
150.939,0.888903256,0.887274843,0.823782463,0.843730218,2.79730271,2.80190063,1.11972794,1.59573246
151.03900000000002,0.886705975,0.887782766,0.84079006,0.860391029,2.80131672,2.80311012,1.08335909,1.63339606
151.13899999999998,0.887211798,0.88817419,0.823020382,0.842944176,2.7992607,2.79927901,1.06575596,1.65185052
151.239,0.888626135,0.88695415,0.835418379,0.855129153,2.80199773,2.80111537,1.05965575,1.66010635
151.339,0.887159121,0.887229071,0.833014154,0.852741557,2.80147368,2.80007089,1.05916905,1.66013147
151.43900000000002,0.887274731,0.888902924,0.823697434,0.843648682,2.80047065,2.79881069,1.06392385,1.65654105
151.539,0.887786972,0.886710396,0.840813513,0.860418057,2.80302664,2.80147457,1.07146906,1.64911713
151.639,0.888166933,0.887204598,0.823088409,0.843016163,2.80003372,2.79853148,1.08027737,1.63966395
151.739,0.886960508,0.888632255,0.835274313,0.854990031,2.80218239,2.800871,1.08943988,1.63138382
151.839,0.887226072,0.887156196,0.833141611,0.85287212,2.8013772,2.8001926,1.09744904,1.62212049
151.939,0.888902459,0.887274484,0.823613935,0.843569408,2.80014942,2.79908027,1.10660186,1.61370566
152.03900000000002,0.88671408,0.887790417,0.840826917,0.860434801,2.8026431,2.8018594,1.11586083,1.60436049
152.139,0.887197422,0.888159706,0.823155927,0.843087236,2.79959473,2.79897512,1.12520527,1.59436369
152.239,0.888638338,0.886966827,0.835128909,0.854849259,2.80168961,2.80130149,1.13401152,1.58647908
152.339,0.887153378,0.887223179,0.833266494,0.85299982,2.80092464,2.80067067,1.14107955,1.57817726
152.439,0.887274117,0.888901878,0.823531163,0.843490576,2.79966682,2.79951203,1.14891328,1.57106915
152.539,0.887794742,0.886718617,0.840857208,0.860468191,2.80220648,2.80229627,1.15666313,1.56323175
152.63899999999998,0.888152382,0.887190142,0.823230057,0.843164947,2.79916931,2.79940792,1.16458679,1.55467114
152.739,0.886973089,0.888644362,0.834984059,0.854708824,2.80125438,2.80167824,1.17197287,1.54824504
152.839,0.887220204,0.887150484,0.833396422,0.853132307,2.80055504,2.80107027,1.17751206,1.54150387
152.939,0.888901185,0.887273636,0.823452785,0.843416077,2.79927163,2.79986293,1.18399716,1.53575831
153.039,0.88672234,0.887798202,0.840850494,0.860464301,2.80187613,2.80262574,1.19001545,1.52965858
153.139,0.887182975,0.888145171,0.823300291,0.843238015,2.7988683,2.79971889,1.1962733,1.52277154
153.239,0.888650356,0.886979318,0.834837288,0.854565933,2.80094892,2.80192953,1.20217164,1.51787112
153.339,0.887147852,0.887217493,0.833518127,0.85325593,2.80032083,2.80133772,1.20621895,1.51264662
153.439,0.887273005,0.888900344,0.823370853,0.843336873,2.79903746,2.80005566,1.21102783,1.50857194
153.53900000000002,0.887802809,0.886727172,0.840876348,0.860491643,2.80169627,2.8028135,1.21565263,1.50389675
153.63899999999998,0.888138099,0.887175919,0.823379649,0.84331998,2.79870568,2.79989431,1.22056707,1.49834325
153.739,0.88698549,0.888656291,0.834691394,0.854423426,2.80076166,2.80206516,1.22570636,1.49423015
153.839,0.887214895,0.887145331,0.833647228,0.853386455,2.80019042,2.80150266,1.22881272,1.48996087
153.93900000000002,0.888899393,0.887272262,0.823293731,0.843262199,2.79888708,2.80016789,1.23259952,1.48690198
154.039,0.886732038,0.887807459,0.840904,0.86052083,2.80158853,2.80292937,1.23620724,1.48326184
154.139,0.887168798,0.88813094,0.823452477,0.843394572,2.79861141,2.80000368,1.24024024,1.47857711
154.239,0.88866218,0.886991613,0.834544245,0.854279217,2.80064025,2.80213612,1.24473277,1.47512652
154.339,0.887142837,0.887212313,0.833770809,0.853510882,2.80013033,2.80159911,1.24694404,1.47176455
154.439,0.887271394,0.888898319,0.823218642,0.843188919,2.79881059,2.80020796,1.24973331,1.46969544
154.53900000000002,0.887812168,0.886736964,0.840929257,0.860546962,2.80155522,2.80297088,1.2523836,1.46703018
154.639,0.888123561,0.887161461,0.823522498,0.8434655,2.79860714,2.80002467,1.25531599,1.46342991
154.739,0.886997704,0.888668035,0.834395203,0.854132179,2.80061616,2.80211042,1.25906064,1.46073975
154.839,0.887209814,0.88714043,0.833893799,0.853633908,2.80016128,2.80160556,1.26058819,1.45807348
154.93900000000002,0.888897137,0.887270414,0.823143832,0.84311517,2.79881717,2.80016662,1.26269869,1.45667365
155.03295,0.887313297,0.886538827,0.83894294,0.859805973,2.78875377,2.81339846,1.3411075,1.36256584
155.13295,0.888462556,0.887215999,0.821804412,0.842166857,2.77185998,2.83049498,1.89186234,0.771872954
155.227,0.888113083,0.886792415,0.840299462,0.861194517,2.77153425,2.83371253,1.9790761,0.819444428
155.327,0.887853957,0.887119188,0.825563677,0.845908309,2.75587574,2.84278101,2.20855821,0.595480937
155.427,0.887090666,0.888812559,0.830921424,0.850908736,2.77238655,2.83536544,2.06550143,0.735457384
155.527,0.8873054,0.886976383,0.836463298,0.85624087,2.78156725,2.82194427,1.77572298,1.02286407
155.62699999999998,0.888788422,0.887271463,0.821891734,0.841929143,2.78697628,2.80995709,1.48834266,1.254426
155.727,0.886771573,0.888038382,0.840807138,0.860461453,2.79695447,2.80732578,1.30285929,1.42428825
155.827,0.887111971,0.887846847,0.82576541,0.845700969,2.79842542,2.80048525,1.18923665,1.53284473
155.927,0.888817314,0.887095631,0.830856726,0.850691529,2.80223818,2.79923264,1.12365078,1.5979057
156.027,0.886976126,0.88730502,0.836593703,0.856309435,2.80428305,2.79827865,1.08696187,1.63211023
156.127,0.887267779,0.888784573,0.821862843,0.841873977,2.80305259,2.79528865,1.06996149,1.64854078
156.227,0.888044339,0.886777751,0.840782772,0.860424531,2.80658381,2.79804019,1.06535107,1.65328216
156.327,0.887840182,0.887105295,0.825881134,0.845807495,2.80417344,2.79504559,1.0655799,1.65144803
156.427,0.887100094,0.888821547,0.830714742,0.850543565,2.80548585,2.79616634,1.07057007,1.64780937
156.52700000000002,0.887304562,0.886975795,0.836704667,0.856413531,2.80602792,2.79673194,1.07698555,1.64022983
156.62699999999998,0.88878064,0.88726399,0.821836073,0.841840513,2.80383301,2.79458091,1.08539609,1.63208022
156.727,0.886784208,0.888050551,0.840745988,0.860381052,2.8068126,2.79785223,1.09531979,1.62279288
156.827,0.887098673,0.887833576,0.82599504,0.84591473,2.80408616,2.79518136,1.10363519,1.61309227
156.92700000000002,0.888825787,0.887104551,0.830570664,0.850394271,2.80517349,2.79643199,1.11272474,1.60543559
157.027,0.88697554,0.887304164,0.836810931,0.856512371,2.80567359,2.79711802,1.12051876,1.59651286
157.127,0.887260731,0.88877729,0.821808337,0.841805339,2.80339921,2.79498121,1.12905914,1.58822368
157.227,0.888057485,0.886791436,0.840698115,0.860326738,2.80637572,2.79827057,1.13830071,1.57963467
157.327,0.887827019,0.887092098,0.826110039,0.846022964,2.80364712,2.79564219,1.14601224,1.57054296
157.427,0.887109078,0.888830088,0.830424547,0.850242796,2.80470291,2.79684273,1.15390102,1.56410184
157.52700000000002,0.88730385,0.886975367,0.836917441,0.856611556,2.80526576,2.79755572,1.16022187,1.55668208
157.627,0.888773127,0.887256721,0.821786704,0.841777031,2.80298182,2.79537021,1.16717527,1.54998115
157.727,0.886797976,0.88806378,0.840662962,0.860284372,2.805991,2.79863856,1.17483375,1.54300373
157.827,0.887085555,0.8878205,0.826228694,0.846134538,2.80329333,2.7960215,1.18122284,1.5352404
157.92700000000002,0.888834927,0.887114201,0.830291241,0.850104038,2.80433202,2.7971568,1.18764008,1.53028339
158.027,0.88697527,0.88730361,0.837026804,0.856713196,2.80496583,2.7978885,1.19246498,1.52438545
158.127,0.887252604,0.888768861,0.821767672,0.841750885,2.80267951,2.79564865,1.19785148,1.51924302
158.227,0.888070519,0.88680496,0.840612632,0.86022624,2.8057308,2.79888438,1.20381715,1.51397979
158.327,0.887814038,0.887079067,0.826344909,0.846242919,2.80307344,2.79626956,1.20887499,1.50754456
158.427,0.887117923,0.888838486,0.830134762,0.849940993,2.80409515,2.79734091,1.21403128,1.50385297
158.527,0.887303444,0.886975251,0.837130721,0.856808739,2.80479619,2.79809315,1.2175599,1.49927297
158.627,0.888764513,0.887248402,0.821749127,0.841724634,2.80249948,2.79580834,1.22178522,1.49527816
158.72699999999998,0.886811545,0.888076857,0.840573991,0.860179366,2.80557347,2.79902772,1.22667205,1.49111446
158.827,0.88707254,0.887807546,0.826466712,0.846356604,2.80294433,2.79642953,1.23086432,1.48553857
158.927,0.888842576,0.887122235,0.829991629,0.849791082,2.80394058,2.79744369,1.23512816,1.48274149
159.02700000000002,0.886975246,0.88730329,0.837240729,0.856909879,2.80470223,2.79822322,1.23770266,1.4791354
159.12699999999998,0.887244071,0.888760041,0.821735379,0.841702889,2.80238301,2.79590682,1.24119954,1.47585264
159.227,0.888082451,0.886817323,0.840508324,0.860104859,2.80549121,2.79909814,1.24490022,1.47289312
159.327,0.88780117,0.887066132,0.826584526,0.846465354,2.80290183,2.7965034,1.24806538,1.46833589
159.427,0.88712649,0.888846611,0.829848165,0.849640093,2.80387587,2.79745753,1.25141468,1.46645197
159.527,0.887303299,0.886975408,0.837342933,0.857002394,2.804703,2.79825907,1.25302912,1.46382463
159.627,0.888755523,0.887239694,0.821719071,0.841677265,2.80238667,2.79588615,1.25535759,1.46169096
159.727,0.886824392,0.888089239,0.840464194,0.860050561,2.80551713,2.799058,1.2582142,1.45959423
159.827,0.887059727,0.887794797,0.826703842,0.846575233,2.80295274,2.79648508,1.26077312,1.45563444
159.927,0.888850578,0.887130677,0.829705502,0.849489284,2.8038852,2.79739846,1.26388399,1.45398863
160.021,0.887243658,0.887416388,0.834004797,0.854832859,2.80097126,2.80207756,1.29678583,1.43013848
160.121,0.888920226,0.887248826,0.823095917,0.843442898,2.76048159,2.81104242,1.76880711,0.774523711
160.215,0.887042166,0.886564129,0.838658761,0.859205093,2.78792751,2.83193817,1.79079246,0.80348564
160.315,0.888561032,0.887188571,0.821671698,0.84209474,2.76013609,2.83770146,2.07533879,0.589140193
160.415,0.8868952,0.888323156,0.838676658,0.858460546,2.77883003,2.83445291,2.0269782,0.709595948
160.51500000000001,0.887055243,0.887546582,0.829470919,0.849367473,2.78474176,2.81802679,1.78443637,0.997934466
160.615,0.888928144,0.887195891,0.826603076,0.846490737,2.79164592,2.8064364,1.5305042,1.22725795
160.715,0.886876221,0.887455451,0.839346052,0.858984213,2.79964277,2.8019643,1.33126613,1.35660287
160.815,0.887184162,0.888556563,0.821768605,0.841730224,2.80172194,2.79697892,1.22097536,1.48914083
160.91500000000002,0.888330328,0.8869026,0.838679696,0.85828834,2.80684969,2.7971068,1.15156621,1.56452426
161.015,0.88754178,0.887050377,0.829633365,0.849452235,2.80667784,2.79367493,1.10932955,1.60675554
161.115,0.887198269,0.888930315,0.826495719,0.846347029,2.80756695,2.79263075,1.08816052,1.63010515
161.215,0.887457158,0.886878104,0.839427375,0.859038929,2.80989062,2.79394339,1.07923106,1.63960443
161.31500000000003,0.888550219,0.887177894,0.821809452,0.841751594,2.80739022,2.79086089,1.07828397,1.64110167
161.415,0.886909691,0.888337177,0.838585777,0.858177539,2.81031937,2.79368174,1.08267088,1.6379133
161.51500000000001,0.887046435,0.887537815,0.829751628,0.849554496,2.80863543,2.79182157,1.0876194,1.63181333
161.615,0.888932347,0.887200508,0.82638546,0.846221521,2.80850079,2.79167851,1.09505142,1.62544487
161.715,0.886880089,0.887458962,0.839513064,0.859107778,2.81024756,2.79361719,1.10318816,1.61685571
161.815,0.887172671,0.888544831,0.821830689,0.841756941,2.80737249,2.79087223,1.11180037,1.60801576
161.915,0.888344016,0.886916776,0.838486209,0.858061718,2.81008052,2.79387818,1.12136895,1.59922121
162.01500000000001,0.887532147,0.887040599,0.829909931,0.849694255,2.80832414,2.79217135,1.12871299,1.59056473
162.11499999999998,0.887202831,0.888934469,0.826274135,0.846094621,2.80809406,2.79203022,1.13668511,1.58355676
162.215,0.887460898,0.886882213,0.839593905,0.859170937,2.80987377,2.79401062,1.14412323,1.57561253
162.315,0.888538054,0.887165942,0.821868682,0.841777783,2.80698192,2.79125056,1.15177648,1.56772577
162.415,0.886923904,0.888350897,0.838390011,0.857949065,2.80967459,2.7942438,1.16022048,1.56007491
162.515,0.887035808,0.887527433,0.830049304,0.849816049,2.80795686,2.79257154,1.16660653,1.5524224
162.615,0.888936327,0.887204893,0.826162141,0.845966879,2.80769909,2.79237355,1.17327593,1.54671885
162.715,0.886884443,0.887462937,0.839674041,0.859233326,2.80953738,2.7943688,1.17928962,1.54021324
162.815,0.887157043,0.888529227,0.821926111,0.841818344,2.80665136,2.79157567,1.18548595,1.533782
162.915,0.888357015,0.886930329,0.838290638,0.857833545,2.80934266,2.79453714,1.19263711,1.52744694
163.01500000000001,0.887522794,0.887031088,0.830188246,0.849937108,2.80767311,2.79289055,1.19790129,1.52095254
163.11499999999998,0.887206628,0.888937866,0.826059346,0.845847715,2.80740093,2.79262503,1.2031446,1.51668156
163.215,0.88746507,0.886886769,0.83975354,0.85929457,2.80930605,2.79462388,1.20762324,1.51172971
163.315,0.888522564,0.887150442,0.821962089,0.841836031,2.80643295,2.79179144,1.2124042,1.50671197
163.41500000000002,0.886937283,0.888363727,0.838181662,0.857706934,2.80913367,2.79470764,1.21809146,1.501854
163.515,0.887026453,0.887518242,0.830326371,0.850056576,2.80751867,2.79308215,1.22221489,1.49652358
163.615,0.88893956,0.887208521,0.825949493,0.845721079,2.80722308,2.79275728,1.22635701,1.49336065
163.715,0.88688922,0.887467322,0.839830329,0.859352549,2.809183,2.79477195,1.22977126,1.48949101
163.815,0.887144006,0.888516061,0.822006134,0.84186198,2.80631393,2.7919115,1.23351155,1.48550264
163.915,0.888370473,0.886944276,0.838079737,0.85758685,2.80901288,2.79479067,1.23821708,1.48163723
164.01500000000001,0.887513747,0.887021871,0.830467656,0.850178787,2.8074397,2.79319952,1.24162267,1.47703797
164.115,0.887210254,0.888941121,0.825850164,0.845604597,2.80711612,2.79281852,1.24490647,1.4747325
164.215,0.887470108,0.886892248,0.839915681,0.859419277,2.80912672,2.79485274,1.24742835,1.47177014
164.315,0.888509483,0.887137489,0.822053845,0.841891151,2.8062552,2.79197314,1.25052891,1.46841057
164.41500000000002,0.88695153,0.88837751,0.837964671,0.85745295,2.80896281,2.79480322,1.25412787,1.46565877
164.515,0.887017384,0.88750935,0.830606188,0.850297359,2.80744386,2.79323396,1.25665293,1.46194838
164.615,0.888942664,0.887212019,0.825735487,0.84547164,2.80709989,2.79279308,1.25908893,1.460491
164.715,0.886894458,0.887472151,0.839984003,0.859466454,2.80917292,2.79483248,1.26064845,1.45850837
164.815,0.887130924,0.88850286,0.822101281,0.841918841,2.80631274,2.79191997,1.26265947,1.45621988
164.915,0.888384156,0.886958429,0.837858956,0.857327299,2.809019,2.79470922,1.26547774,1.45426099
165.009,0.886807659,0.888255723,0.820635643,0.841050819,2.80537088,2.79157238,1.26443458,1.44713936
165.109,0.888830055,0.887137819,0.829951967,0.850005657,2.78212499,2.818254,1.76679427,0.871228884
165.203,0.885719642,0.886616694,0.830865727,0.850783091,2.78839166,2.82063088,1.89623885,0.878345187
165.303,0.888938131,0.887234715,0.823369277,0.843650835,2.76406236,2.82952125,2.18046482,0.618438407
165.403,0.886853366,0.887668998,0.840849208,0.860484518,2.78065867,2.82944192,2.09168832,0.708559378
165.503,0.887061536,0.888259989,0.823367248,0.843237222,2.78638769,2.81356072,1.826296,0.973655143
165.603,0.888595112,0.887038281,0.834895458,0.854433346,2.79566032,2.80523885,1.54306953,1.20834607
165.703,0.887299928,0.887062656,0.833629355,0.853245845,2.8023454,2.79882793,1.34446041,1.38282909
165.803,0.887234265,0.888937606,0.823441919,0.843210103,2.80546211,2.79329879,1.22489238,1.49860486
165.903,0.887674102,0.886858689,0.84097828,0.860413195,2.8108728,2.79343112,1.15440498,1.56704361
166.00300000000001,0.888253162,0.887054687,0.823482233,0.843260779,2.80950207,2.78884912,1.11537819,1.60368609
166.10299999999998,0.887044498,0.888601104,0.834758762,0.854247996,2.81260213,2.79015881,1.09631887,1.62325747
166.203,0.88706002,0.887297415,0.833770471,0.853351501,2.81256885,2.78901426,1.08701204,1.63057367
166.303,0.888936639,0.887233479,0.823379772,0.843119322,2.8115743,2.78741564,1.08628418,1.63179142
166.40300000000002,0.886863589,0.887678773,0.841019158,0.860425889,2.81442689,2.79010419,1.09006247,1.62798046
166.503,0.887047442,0.888245925,0.82357576,0.843327505,2.8114571,2.78707026,1.09645408,1.62051402
166.603,0.888606966,0.887050584,0.834627102,0.854090718,2.81352365,2.7892892,1.10483991,1.61351352
166.703,0.88729488,0.887057388,0.833915611,0.853469329,2.8129326,2.7887468,1.11142401,1.60545062
166.803,0.887232231,0.888935232,0.823324361,0.843038821,2.81154301,2.78743893,1.11956682,1.59806485
166.903,0.887683488,0.886868535,0.841058769,0.860438296,2.81421582,2.79033937,1.12817395,1.58958257
167.00300000000001,0.888238568,0.887040092,0.823660753,0.843386069,2.81114594,2.78740076,1.13633102,1.5804064
167.103,0.887056649,0.888612805,0.834492079,0.853929855,2.81312987,2.78963269,1.14518509,1.572969
167.203,0.887054958,0.887292612,0.834045443,0.853571227,2.81256517,2.78915155,1.15128414,1.56541506
167.303,0.888934315,0.887231503,0.823258495,0.842946351,2.8111453,2.7877969,1.15828332,1.55917635
167.40300000000002,0.886873571,0.88768829,0.841093349,0.860444962,2.81386148,2.79070131,1.16541416,1.55220046
167.503,0.887032909,0.888231405,0.823756437,0.843454575,2.81081435,2.78774681,1.17207225,1.54452877
167.603,0.888618544,0.887062613,0.834359485,0.853771194,2.8127723,2.78993993,1.17982555,1.53821228
167.703,0.887290331,0.887052542,0.834182692,0.853680351,2.81226322,2.78949241,1.18475809,1.53185184
167.803,0.887230282,0.888932925,0.823201732,0.842863109,2.81082792,2.78807813,1.19031791,1.5270532
167.903,0.887693135,0.886878652,0.841127025,0.860450449,2.81359062,2.790981,1.19605532,1.52149971
168.003,0.888223773,0.887025267,0.823839095,0.843510179,2.81056212,2.78801831,1.20144589,1.5150922
168.103,0.887068579,0.888624288,0.834223108,0.853608248,2.81250428,2.79015837,1.20805981,1.50992853
168.20299999999997,0.887050214,0.88728814,0.834318746,0.853787763,2.81206007,2.78973575,1.21172915,1.50484837
168.303,0.888931446,0.887228972,0.823147613,0.84278195,2.81061247,2.78825978,1.21594892,1.50138106
168.403,0.886883797,0.887698041,0.841158409,0.860453096,2.81342175,2.79115915,1.22039963,1.49713782
168.50300000000001,0.887021201,0.88822005,0.823904649,0.843548198,2.81042088,2.78816989,1.22448038,1.49203315
168.60299999999998,0.888630087,0.88707461,0.8340869,0.853445185,2.81234124,2.79027348,1.23018207,1.48778568
168.703,0.887286033,0.887047967,0.83445444,0.853894304,2.81195174,2.78988561,1.23305836,1.483514
168.803,0.887227565,0.888929875,0.823092164,0.84269904,2.81048465,2.78835627,1.23626993,1.48104228
168.903,0.887703015,0.886889011,0.841186739,0.860452144,2.81333461,2.79125561,1.23971445,1.47782771
169.003,0.888212531,0.887013684,0.824012169,0.843627223,2.81035673,2.78825732,1.24282811,1.4736768
169.103,0.887080825,0.888636057,0.833958266,0.853289382,2.81225604,2.79031109,1.24766103,1.47030425
169.203,0.887045784,0.887283993,0.834591282,0.854001379,2.81191821,2.78996117,1.24992989,1.46665306
169.303,0.888928567,0.887226423,0.823050002,0.84262866,2.81042796,2.78838274,1.25235867,1.4649493
169.403,0.886894133,0.887707886,0.84121741,0.860453263,2.81330804,2.79129165,1.25507971,1.46247981
169.50300000000001,0.887006008,0.888204832,0.82411704,0.843702448,2.8103551,2.78828355,1.25746084,1.4590477
169.60299999999998,0.88864164,0.887086618,0.833818107,0.85312079,2.81224047,2.79027886,1.26130299,1.45667033
169.703,0.887282055,0.8870437,0.834725837,0.854105315,2.81196263,2.7899589,1.2628129,1.45378961
169.803,0.887224726,0.888926706,0.822993894,0.842543516,2.81045635,2.78832505,1.26440532,1.45290572
169.90300000000002,0.887713142,0.886899625,0.841237962,0.860442626,2.81338275,2.79122496,1.26618203,1.4514018
170.0002,0.886805889,0.887643609,0.842626732,0.861769262,2.81373079,2.79160834,1.2684968,1.44936696
170.09693900000002,0.888359632,0.886997058,0.8373976,0.857100861,2.78265093,2.80817411,1.74579131,0.934874102
170.196939,0.88754351,0.886954089,0.831040505,0.850649774,2.79681637,2.82113422,1.72957925,0.811539597
170.291,0.888799546,0.887149098,0.830306495,0.850197032,2.77073939,2.82428288,2.01145571,0.617637793
170.39100000000002,0.887127322,0.887148768,0.837167569,0.856664532,2.78565896,2.82588263,2.02678291,0.694800491
170.49099999999999,0.887190405,0.888826782,0.821941677,0.841575167,2.79097096,2.81030929,1.81701305,0.95921529
170.591,0.887956045,0.886923188,0.840801624,0.860003134,2.80098869,2.80223396,1.57340362,1.19245151
170.691,0.887943012,0.886944405,0.826588723,0.846108118,2.80441276,2.79269048,1.37422632,1.32568805
170.791,0.887153881,0.888804758,0.830307846,0.849634965,2.81058298,2.79157894,1.25558914,1.45258533
170.891,0.887149565,0.887128233,0.837375156,0.856648896,2.81359299,2.78929987,1.18200616,1.53327738
170.99099999999999,0.888822584,0.887186318,0.82196619,0.841493467,2.81293737,2.78533171,1.13808949,1.57887309
171.091,0.886929821,0.88796242,0.840784559,0.859924989,2.81698349,2.78750212,1.11508431,1.60331321
171.19099999999997,0.88693796,0.887936641,0.826721681,0.8461944,2.81506515,2.7843828,1.10462408,1.61360505
171.291,0.888808851,0.88715817,0.830188212,0.849477144,2.8163108,2.7850022,1.10218753,1.61770736
171.391,0.887128323,0.887149475,0.837494196,0.856729695,2.81728094,2.7856676,1.1031632,1.61621149
171.491,0.887181965,0.888818122,0.821964434,0.841455508,2.81504357,2.78328451,1.10798374,1.61186208
171.59099999999998,0.887968128,0.886935662,0.840734438,0.859838014,2.81807535,2.78643529,1.11490954,1.60551127
171.691,0.887930203,0.886931446,0.826856688,0.846293356,2.81554427,2.78395039,1.12246209,1.59694397
171.791,0.88716238,0.888812869,0.830059292,0.849313402,2.81636969,2.78489458,1.13052593,1.58992297
171.891,0.887149167,0.887128202,0.837619835,0.856817849,2.81716406,2.78581669,1.13718194,1.58236512
171.99099999999999,0.888813551,0.887177499,0.821965747,0.841420826,2.81478008,2.78352694,1.14462149,1.57514789
172.091,0.886942742,0.887974914,0.840704043,0.859769796,2.81776019,2.78673015,1.15243918,1.56779445
172.191,0.886925132,0.887923967,0.826987884,0.846387664,2.81522151,2.78430384,1.15987093,1.55929855
172.291,0.888816826,0.887166528,0.829930212,0.849149021,2.81599597,2.78521481,1.16735602,1.55286005
172.391,0.887128505,0.887149278,0.837733654,0.85689372,2.81684387,2.78616839,1.17293836,1.54638236
172.491,0.887172959,0.88880891,0.821966507,0.84138516,2.81444299,2.78384466,1.17914513,1.54038927
172.59099999999998,0.887980886,0.886948935,0.840679799,0.859707222,2.81744082,2.78703277,1.18572662,1.53429074
172.691,0.887917718,0.886918797,0.82712539,0.846487676,2.81495331,2.78460378,1.19161493,1.52733613
172.791,0.887170594,0.888820703,0.829803913,0.848987112,2.81569317,2.78546699,1.19805076,1.52198448
172.89100000000002,0.887150283,0.887129635,0.837845471,0.856967503,2.81659572,2.78644795,1.20249519,1.51667267
172.99099999999999,0.888804081,0.887168248,0.82197648,0.841358828,2.81418411,2.78408822,1.20747361,1.51189742
173.091,0.886955768,0.887987451,0.840647975,0.859637348,2.81719953,2.78725715,1.21302387,1.50685222
173.191,0.886912695,0.887911711,0.827257285,0.846581986,2.81475252,2.78483827,1.21775252,1.50105829
173.29100000000003,0.888824521,0.887174598,0.829676435,0.848823518,2.81547526,2.78563547,1.22296635,1.49693932
173.391,0.887129769,0.887150184,0.837955286,0.857038268,2.81645029,2.78662828,1.22608425,1.49297789
173.491,0.88716358,0.888799337,0.821978518,0.841322687,2.81405436,2.78420281,1.22949706,1.48975631
173.591,0.887994067,0.886962649,0.840611794,0.85956214,2.81709381,2.78734671,1.23364412,1.48613437
173.691,0.887905532,0.886906427,0.827396915,0.846682856,2.81469454,2.7849306,1.23723153,1.48148107
173.791,0.887178501,0.888828236,0.829552495,0.848662883,2.81537611,2.78568756,1.24179599,1.47802461
173.891,0.887150462,0.887130244,0.838071258,0.85711481,2.816402,2.78671286,1.24427522,1.47472136
173.991,0.88879442,0.887158753,0.82198602,0.841292152,2.81399281,2.78425245,1.24691306,1.47226108
174.09099999999998,0.88696955,0.888000702,0.840573628,0.859484559,2.81704397,2.78737988,1.25027334,1.46943933
174.191,0.886899874,0.887899147,0.827525704,0.846772718,2.81467731,2.78498426,1.25314677,1.46549326
174.291,0.888831806,0.887182255,0.829427978,0.848501318,2.81532054,2.78569632,1.25719875,1.46255216
174.391,0.887130807,0.887150827,0.838186031,0.857189589,2.81640203,2.78674911,1.25906419,1.45988273
174.49099999999999,0.887153725,0.888789299,0.821998205,0.841265465,2.81399234,2.78424166,1.26078712,1.4583239
174.591,0.888007357,0.886976469,0.840533634,0.859404402,2.81705914,2.78734743,1.26324794,1.4564147
174.691,0.887891437,0.88689188,0.827636675,0.846843919,2.8147411,2.78495516,1.26524309,1.45334142
174.791,0.887186051,0.888835423,0.829301421,0.848336603,2.81535128,2.78561876,1.26867573,1.45101858
174.891,0.88715128,0.887131462,0.838299422,0.857262106,2.81648417,2.78670342,1.27000382,1.44890478
174.991,0.888784214,0.887148723,0.822009476,0.841237262,2.81406036,2.7841642,1.2711838,1.44787488
175.084951,0.887684721,0.886970846,0.84126223,0.860624373,2.7933947,2.80507054,1.62328563,1.02268493
175.18495099999998,0.888224595,0.886948346,0.824462161,0.843864472,2.79545565,2.80918458,1.837666,0.90799695
175.278962,0.888286193,0.887035121,0.838111025,0.857544761,2.77945833,2.81980197,2.07309774,0.709552971
175.378962,0.887636935,0.886888505,0.830802502,0.850132964,2.78592954,2.81866774,2.09053097,0.709682174
175.478962,0.887220415,0.888932782,0.826044117,0.845207782,2.79437277,2.80722357,1.85705067,0.944651302
175.57896200000002,0.887337441,0.887027738,0.840272981,0.859184131,2.80310241,2.79868265,1.58549892,1.17298774
175.67896199999998,0.888576625,0.887057582,0.822397864,0.84161308,2.8075521,2.79014317,1.38316709,1.34593171
175.778962,0.88704598,0.888294605,0.838199571,0.857013414,2.81480515,2.78872324,1.26066887,1.46396406
175.878962,0.886884774,0.887633331,0.831028797,0.850108146,2.81601518,2.78440689,1.18644033,1.53429149
175.97896200000002,0.888934431,0.887222218,0.825980022,0.845024122,2.81735818,2.78234474,1.14443778,1.57600512
176.078962,0.887030614,0.887340099,0.840362778,0.859199293,2.82045766,2.78347793,1.12167621,1.59742801
176.178962,0.887050966,0.888569985,0.822464473,0.84162429,2.8181235,2.77998832,1.11195402,1.60600947
176.278962,0.888301839,0.887053438,0.83809114,0.85685609,2.82115803,2.78257754,1.11088256,1.60795744
176.378962,0.887629094,0.886880407,0.831180671,0.85021187,2.81977151,2.78088615,1.1130994,1.60397072
176.478962,0.887223727,0.888935781,0.825889352,0.844888433,2.81942943,2.78037775,1.11801956,1.60009226
176.578962,0.8873427,0.887033431,0.840451298,0.859240178,2.82155379,2.78250393,1.12342283,1.59425479
176.678962,0.888563262,0.88704426,0.822529604,0.84164354,2.81859702,2.77957738,1.13014051,1.5869239
176.77896199999998,0.887060161,0.888308319,0.837996104,0.856714227,2.82125126,2.7824777,1.13843367,1.57983184
176.878962,0.88687592,0.887624722,0.831332618,0.850317091,2.81967861,2.78103546,1.14581864,1.57084667
176.978962,0.88893703,0.887225133,0.825799937,0.844754385,2.81916723,2.78060363,1.15342468,1.56436317
177.078962,0.887036394,0.887345435,0.840533999,0.859275475,2.82126752,2.78281964,1.15965534,1.55776823
177.17896199999998,0.887037508,0.888556498,0.822595611,0.841663598,2.81827094,2.77990861,1.16618616,1.5506494
177.278962,0.888314885,0.88706697,0.837901891,0.856573412,2.82090051,2.78278941,1.17376547,1.54431085
177.378962,0.887620613,0.88687168,0.831488231,0.850425982,2.81937024,2.78138415,1.18014171,1.53636369
177.478962,0.887226426,0.888938169,0.825713746,0.844623262,2.81882014,2.78090712,1.18679035,1.53085157
177.578962,0.887347408,0.887038541,0.840626433,0.859319717,2.82097227,2.7831424,1.19181066,1.52550527
177.678962,0.888549663,0.887030681,0.822665786,0.84168736,2.81799049,2.78019433,1.19682319,1.51990739
177.77896199999998,0.887074529,0.888322275,0.837800301,0.856423872,2.82062352,2.7830247,1.20300367,1.51499165
177.878962,0.88686759,0.887616681,0.831635736,0.850525538,2.81915821,2.78163631,1.20790866,1.50852902
177.978962,0.888939235,0.887227645,0.825626836,0.844490779,2.81858583,2.78109951,1.21334771,1.50422669
178.07896200000002,0.887041871,0.887350504,0.840701228,0.859345924,2.82079813,2.78334206,1.21709388,1.50018456
178.17896199999998,0.887023837,0.888542816,0.822734701,0.841709297,2.81782655,2.78036631,1.22086077,1.49582303
178.278962,0.888328835,0.887081327,0.837702047,0.85627807,2.82045371,2.78315593,1.22600122,1.49196399
178.378962,0.887612713,0.886863483,0.831792069,0.850633402,2.81904083,2.78179527,1.22994127,1.48647499
178.478962,0.887228758,0.888940198,0.825544518,0.844362555,2.81843301,2.78121225,1.23463028,1.48291621
178.578962,0.887353507,0.887045115,0.840780288,0.85937618,2.82069612,2.78346977,1.23744418,1.47983203
178.678962,0.888536212,0.887017241,0.822817241,0.841745106,2.81773982,2.78046373,1.24001288,1.47665375
178.778962,0.887088085,0.888335357,0.837603872,0.856131965,2.82034971,2.78322153,1.24451327,1.47344834
178.878962,0.886859955,0.887609354,0.831936826,0.850729002,2.81899884,2.78187993,1.24739448,1.46902293
178.978962,0.888941071,0.887229779,0.825460564,0.844231884,2.81836578,2.78123989,1.25122009,1.46631679
179.07896200000002,0.887048454,0.887356604,0.840857186,0.859403568,2.82067828,2.78351309,1.25320603,1.46408376
179.17896199999998,0.887010028,0.888529017,0.822885086,0.841763675,2.81773886,2.78047404,1.25479859,1.46186563
179.278962,0.888341882,0.887094844,0.837502463,0.855981537,2.8203532,2.7831792,1.25811788,1.45985097
179.378962,0.887605053,0.886855651,0.832069638,0.850811963,2.81905952,2.78186525,1.26020291,1.45622506
179.478962,0.887230672,0.888941823,0.825378733,0.844102861,2.81837806,2.78118951,1.26376648,1.45377048
179.578962,0.887359784,0.887051877,0.840932769,0.85942901,2.8207258,2.7834909,1.26542642,1.45188771
179.67896199999998,0.888522049,0.887003048,0.822960858,0.841790628,2.8177885,2.78043649,1.26646555,1.45020605
179.778962,0.887101573,0.888348379,0.837399862,0.855829536,2.82038878,2.7831047,1.2692113,1.44877604
179.87896199999997,0.886851748,0.887601307,0.832229707,0.850921537,2.81914419,2.78182304,1.27075609,1.44569472
179.978962,0.888942285,0.887231267,0.825303886,0.843980303,2.81842693,2.78110222,1.27385462,1.44369189
180.07296,0.887073996,0.887175177,0.838242348,0.857321319,2.80227723,2.79885558,1.60755133,1.12282246
180.17296,0.888795999,0.887127076,0.822326746,0.84128565,2.80043156,2.80626962,1.62759372,0.83717675
180.266919,0.887610303,0.887016004,0.841399457,0.860480468,2.78476008,2.81224716,1.87858623,0.728167922
180.366919,0.888262304,0.886904798,0.824712478,0.843720085,2.79073936,2.81576398,2.01270001,0.686454777
180.466919,0.887162781,0.888595436,0.833785184,0.85230774,2.79990277,2.80601604,1.84926665,0.917947495
180.566919,0.886920884,0.887393525,0.835457274,0.854060955,2.80666599,2.79506647,1.61794743,1.1517865
180.666919,0.888932196,0.887207497,0.823245044,0.841950938,2.81071233,2.78564995,1.41821974,1.29542581
180.766919,0.887024503,0.887617612,0.841663101,0.860026863,2.8192095,2.78649559,1.28897654,1.41456649
180.866919,0.886898202,0.888255736,0.824913958,0.843640178,2.81855811,2.78032563,1.21398273,1.50094862
180.96691900000002,0.888601821,0.887169505,0.833677496,0.852062924,2.82187522,2.78033875,1.1680001,1.54982934
181.06691899999998,0.887392173,0.886919361,0.835615001,0.854132777,2.82283355,2.77924181,1.14196226,1.57560764
181.166919,0.887205426,0.888930008,0.823212012,0.841851896,2.82180733,2.77686875,1.12906722,1.58970572
181.266919,0.887623115,0.887030243,0.841703669,0.860006178,2.8251028,2.77945837,1.12395911,1.59550429
181.366919,0.888248511,0.886890919,0.825040136,0.843709574,2.82245643,2.77638815,1.12422369,1.59483469
181.466919,0.88717541,0.888607406,0.833543565,0.851875394,2.82415562,2.77806312,1.12883871,1.5915412
181.56691899999998,0.886917675,0.887390673,0.835756673,0.854217387,2.82410674,2.77804806,1.13436411,1.58503952
181.666919,0.888927675,0.887203207,0.823181244,0.841766565,2.82239374,2.77627417,1.14051237,1.57940405
181.766919,0.887035895,0.887628511,0.841728656,0.859974201,2.82530894,2.77926263,1.1465562,1.57352597
181.866919,0.88688368,0.888241336,0.825165782,0.843779699,2.82243575,2.77643616,1.15307747,1.56621084
181.966919,0.888612572,0.887180738,0.833425074,0.851701976,2.82396036,2.77820764,1.1609706,1.55941256
182.066919,0.887388978,0.886915767,0.835908407,0.854312627,2.82387915,2.77831579,1.16796304,1.5513323
182.16691899999998,0.887200849,0.888925207,0.823154252,0.841684911,2.82208584,2.77655474,1.17464045,1.54512843
182.266919,0.88763409,0.887041727,0.841764495,0.859952443,2.82500362,2.77957084,1.18035558,1.53956179
182.366919,0.88823407,0.88687634,0.825297329,0.843855764,2.82213753,2.77676028,1.18601826,1.53306883
182.46691900000002,0.887185536,0.888617238,0.833301022,0.851522084,2.82363702,2.778479,1.19297342,1.52720465
182.56691899999998,0.886914134,0.887387533,0.836047135,0.85439377,2.82362015,2.77861368,1.19861483,1.52048835
182.666919,0.888922651,0.8871984,0.823127148,0.841602594,2.82181215,2.77680282,1.20402725,1.51556787
182.766919,0.887047611,0.887639736,0.841780564,0.859910536,2.82477373,2.77980191,1.20835018,1.51141755
182.866919,0.886869282,0.888227084,0.825423051,0.843924454,2.82196187,2.77696069,1.21227819,1.50664263
182.966919,0.888622305,0.887190763,0.833181079,0.851346169,2.82344382,2.77862388,1.21785102,1.50218003
183.066919,0.88738627,0.886912681,0.836192005,0.854480241,2.82349216,2.77878168,1.22230901,1.49666808
183.166919,0.887195813,0.888919961,0.823104393,0.841524158,2.82164983,2.77694208,1.22701161,1.49247191
183.266919,0.887645314,0.887053449,0.841799687,0.859871414,2.82463645,2.77994146,1.23053201,1.48914544
183.366919,0.888220043,0.88686216,0.825552142,0.84399666,2.82185005,2.77710056,1.23354131,1.4852773
183.46691900000002,0.887195938,0.888627321,0.833061263,0.85117011,2.82330892,2.77871075,1.23819501,1.48173451
183.56691899999998,0.886911356,0.887385094,0.836326611,0.854556344,2.82340852,2.77890633,1.24186745,1.47702353
183.666919,0.88891723,0.887193181,0.823082529,0.841446289,2.82153794,2.7770319,1.24592119,1.4734739
183.766919,0.887059356,0.887650961,0.841816348,0.859829343,2.82455487,2.78002464,1.24862942,1.47098112
183.86691900000002,0.886855099,0.888213074,0.825684709,0.844071524,2.82181076,2.7771681,1.2505069,1.46823177
183.966919,0.888632282,0.887201058,0.832941778,0.850993734,2.82325094,2.77872127,1.25414132,1.46571075
184.066919,0.887384938,0.886911135,0.836452737,0.854623371,2.82341556,2.77894177,1.25686118,1.46196259
184.166919,0.887190409,0.888914358,0.823060058,0.841366829,2.8215211,2.77702709,1.26023889,1.45908478
184.266919,0.887656676,0.887065332,0.841830412,0.859783899,2.82456156,2.7800191,1.26229815,1.45726352
184.366919,0.888206126,0.88684806,0.825815888,0.844144537,2.82184264,2.77716616,1.26352337,1.4551562
184.466919,0.887206133,0.888637199,0.832821544,0.850816049,2.82325555,2.77866956,1.26653816,1.45325445
184.566919,0.886909765,0.887383781,0.836599804,0.854710487,2.82347216,2.7789256,1.26869854,1.45007629
184.66691899999998,0.888911288,0.887187447,0.823046109,0.841295616,2.82154899,2.77697828,1.27158457,1.44767719
184.766919,0.887071352,0.887662437,0.841843927,0.859737337,2.82460929,2.77997168,1.27324646,1.4462765
184.866919,0.886841126,0.888199283,0.825956,0.844225638,2.82191827,2.77712091,1.27393768,1.44469424
184.966919,0.88864199,0.887211084,0.832704832,0.850641505,2.82329534,2.77858325,1.27646215,1.44327969
185.060969,0.886803506,0.887684985,0.831942625,0.850692478,2.80663588,2.79086835,1.45673157,1.23390608
185.160969,0.888925016,0.88724358,0.82573807,0.844036358,2.80561501,2.79893127,1.74300681,0.974276613
185.25491300000002,0.887033893,0.887236327,0.838719321,0.85742813,2.79365198,2.80463953,1.89019691,0.886817574
185.354913,0.888800245,0.887106924,0.822447304,0.840912501,2.79288249,2.80758259,2.05132442,0.746813207
185.454913,0.887097494,0.88792875,0.840829314,0.85872942,2.80400665,2.80194719,1.86875855,0.932800708
185.554913,0.886782638,0.887963231,0.828544256,0.84676174,2.80798351,2.78966713,1.61997158,1.14457346
185.654913,0.888802682,0.887240893,0.829385337,0.847346206,2.81561473,2.78474121,1.42002407,1.31223367
185.754913,0.887251108,0.887035653,0.839107601,0.857036282,2.82133924,2.78171158,1.29518303,1.42924741
185.85491299999998,0.887102685,0.888796024,0.822531799,0.84069339,2.82162264,2.77634045,1.21865013,1.50306529
185.954913,0.887935896,0.887104888,0.84081492,0.858563157,2.82644394,2.77781257,1.17480728,1.54621266
186.054913,0.887957734,0.886777028,0.828711618,0.846831132,2.82519578,2.77448396,1.15091846,1.56756215
186.154913,0.887244359,0.888806011,0.829282736,0.847169793,2.82627188,2.77448817,1.14132547,1.57788657
186.254913,0.887036401,0.887252079,0.839232725,0.857091763,2.82784077,2.77546703,1.13783877,1.58016317
186.354913,0.888789221,0.887096124,0.82257852,0.84067507,2.82547353,2.77266503,1.13801571,1.57968395
186.454913,0.88711267,0.887943367,0.840769367,0.858451781,2.8286316,2.77573704,1.14162163,1.57685184
186.554913,0.88677132,0.887952145,0.828874176,0.846928593,2.82637915,2.7734264,1.14675903,1.57009236
186.654913,0.888808437,0.887247014,0.829161384,0.846985303,2.82679864,2.77396883,1.15404485,1.56411178
186.75491300000002,0.887253183,0.887037278,0.839351963,0.857144754,2.82803881,2.775336,1.16033984,1.55695861
186.85491299999998,0.887091838,0.888785101,0.822597327,0.840629191,2.82543138,2.77271149,1.16579257,1.55137719
186.954913,0.887949412,0.887118911,0.840732546,0.858348058,2.82847455,2.7758824,1.17180264,1.54627217
187.054913,0.88794662,0.886765669,0.829033384,0.847022185,2.82619634,2.77364973,1.17763111,1.53889974
187.15491300000002,0.887250367,0.888811665,0.829059634,0.846820089,2.82653836,2.77418289,1.18510753,1.5327828
187.254913,0.887038203,0.887254344,0.839475056,0.857201555,2.82779776,2.77561415,1.19122481,1.52586929
187.354913,0.888779514,0.887086283,0.822633422,0.840600835,2.82516113,2.77297446,1.19609288,1.52089219
187.454913,0.887125859,0.887956107,0.840690088,0.85823881,2.82821715,2.77611633,1.20095919,1.51697461
187.554913,0.886760046,0.887941126,0.829195107,0.847118018,2.82598476,2.77389788,1.20552075,1.5108875
187.654913,0.888816025,0.887254672,0.828923384,0.84662035,2.82630432,2.77436184,1.21175428,1.50603046
187.75491300000002,0.887255647,0.887039277,0.83959124,0.857250701,2.82761881,2.77582805,1.21688948,1.50013151
187.854913,0.887080661,0.888773865,0.822670211,0.840572607,2.82497366,2.77315554,1.22072433,1.49618394
187.954913,0.887963087,0.887133121,0.840647907,0.858129143,2.82804306,2.77626641,1.22450934,1.49337527
188.054913,0.887935684,0.88675447,0.829357286,0.847213727,2.82586336,2.77405676,1.22778415,1.48857938
188.15491300000002,0.887257662,0.888818855,0.828823653,0.846455813,2.82615948,2.77446061,1.23303433,1.48470723
188.254913,0.887040742,0.887257355,0.839708625,0.857301036,2.82752416,2.77595785,1.23725834,1.47974505
188.354913,0.888768142,0.887074962,0.822709202,0.840546176,2.82486139,2.77326308,1.24049851,1.47637996
188.454913,0.887140186,0.887969906,0.840597758,0.85801154,2.82793732,2.77634877,1.24342156,1.47445394
188.554913,0.886748944,0.887930297,0.829518781,0.847308341,2.82580317,2.77415532,1.24578645,1.47056788
188.654913,0.888821704,0.887260648,0.828727982,0.846295347,2.82607244,2.77450181,1.25018429,1.46754409
188.754913,0.887258771,0.887041924,0.839828118,0.857352443,2.82749116,2.77602576,1.25363613,1.46337626
188.854913,0.887069156,0.888762317,0.822752329,0.840523346,2.8248125,2.77330832,1.25629616,1.46057394
188.95491299999998,0.887976432,0.887146885,0.840553349,0.857899376,2.82788918,2.77637269,1.25852201,1.45936285
189.054913,0.887924932,0.886743436,0.829683502,0.847405443,2.82581004,2.77418723,1.25993606,1.45642535
189.154913,0.88726355,0.888824473,0.828633684,0.846135607,2.82605352,2.77447538,1.26353262,1.4541962
189.25491300000002,0.887043009,0.887260068,0.839935758,0.857391359,2.82753045,2.77602132,1.26618377,1.4508497
189.35491299999998,0.888756455,0.88706331,0.822794718,0.840498947,2.82484172,2.77327632,1.26825614,1.44861579
189.454913,0.887154334,0.887983566,0.840492202,0.857769255,2.82792413,2.77631353,1.26982547,1.44807812
189.554913,0.886738023,0.887919665,0.829844729,0.847498329,2.82589065,2.77414611,1.27051303,1.44586383
189.654913,0.888827178,0.887266386,0.828538961,0.845974771,2.82609968,2.77438445,1.27362845,1.44410892
189.754913,0.887261683,0.887044384,0.840054219,0.857440406,2.82762131,2.77596521,1.27590584,1.44115744
189.854913,0.887057352,0.888750483,0.822842785,0.840479781,2.82491184,2.77320452,1.2777281,1.43915388
189.954913,0.887990305,0.887161274,0.840441569,0.857649326,2.82799109,2.77622462,1.27890423,1.43902579
190.048978,0.886832694,0.888320976,0.825318321,0.843568938,2.81652013,2.78262218,1.41700763,1.3127017
190.148978,0.888550178,0.887243287,0.83404975,0.851494403,2.80382913,2.78982211,1.53779767,0.918799113
190.242939,0.886731558,0.88774699,0.832199106,0.850497684,2.80281287,2.79679555,1.68894006,0.943969038
190.342939,0.88890752,0.887260354,0.826099302,0.843782675,2.80074282,2.80415294,1.91532811,0.759739682
190.442939,0.887191374,0.887211388,0.841474769,0.858827367,2.80945723,2.79809398,1.81391472,0.938529711
190.54293900000002,0.886953263,0.888585878,0.823525954,0.841136463,2.81261227,2.7855935,1.61710456,1.14579514
190.642939,0.888231843,0.887202801,0.838181403,0.855331089,2.82030752,2.78113504,1.43831576,1.27906481
190.742939,0.887729555,0.886731703,0.832720239,0.850189484,2.82426172,2.77788522,1.31687103,1.38394842
190.842939,0.88726226,0.888909254,0.826067895,0.843433636,2.82561087,2.77409602,1.24792436,1.46809072
190.942939,0.887215033,0.887195262,0.841583842,0.858772523,2.82947971,2.77466543,1.20208909,1.51559671
191.042939,0.888579097,0.886946436,0.823621905,0.841126921,2.82758945,2.77067468,1.17526634,1.54263043
191.14293899999998,0.887209579,0.888238404,0.838089442,0.855153349,2.83068726,2.7727196,1.1628883,1.55651285
191.242939,0.886727575,0.887725435,0.83287355,0.850263348,2.82984714,2.77117191,1.15764847,1.56096374
191.342939,0.888909765,0.887262866,0.826001938,0.843295094,2.82928003,2.77024693,1.15834439,1.56143676
191.442939,0.887198764,0.887218284,0.841670378,0.858783846,2.83171106,2.77249249,1.16034857,1.55927134
191.542939,0.886939117,0.888571866,0.823715815,0.841147251,2.82885278,2.76945579,1.16336282,1.55589933
191.642939,0.888244876,0.887216265,0.837998566,0.854988359,2.83131844,2.77206454,1.16886844,1.55143644
191.74293899999998,0.887721997,0.886723919,0.833042166,0.850356773,2.83014861,2.7709174,1.17430692,1.54482166
191.842939,0.887263574,0.888910362,0.82593214,0.843153427,2.82931289,2.7701787,1.18113445,1.53887956
191.942939,0.887221629,0.88720236,0.841754814,0.85879298,2.83164306,2.77258358,1.18649537,1.53320568
192.04293900000002,0.888564858,0.886932056,0.823807002,0.841165192,2.82870299,2.76961666,1.19106018,1.52817021
192.14293899999998,0.887222935,0.888251334,0.837905251,0.854820759,2.83110411,2.77223534,1.19702539,1.52317808
192.242939,0.886720142,0.887718418,0.833212732,0.850451505,2.82995706,2.77114825,1.20231126,1.51669111
192.342939,0.888911231,0.887264569,0.825860667,0.843009922,2.82908806,2.77036255,1.20834175,1.51152014
192.442939,0.887206029,0.887225045,0.841839741,0.858802292,2.83144634,2.77280187,1.21311325,1.50646955
192.542939,0.886925702,0.888558469,0.823902741,0.84118674,2.82850235,2.76982943,1.21688787,1.50221707
192.642939,0.888257872,0.887229685,0.837817253,0.854658491,2.83089233,2.77240497,1.22178933,1.49828194
192.742939,0.887714917,0.886716445,0.833384366,0.850547662,2.82979595,2.77135034,1.22625891,1.49262443
192.842939,0.887265247,0.888911804,0.82579291,0.842869691,2.82889718,2.77051633,1.23139769,1.48834457
192.942939,0.887228557,0.887209795,0.84192113,0.858807587,2.83130587,2.77296337,1.2351522,1.48433437
193.04293900000002,0.888551276,0.886918397,0.82399231,0.84120182,2.82838481,2.76995962,1.23772253,1.48127818
193.14293899999998,0.887236181,0.888264163,0.837718239,0.854483465,2.83079273,2.77246076,1.24105981,1.47890865
193.242939,0.886712844,0.887711514,0.833553812,0.850640666,2.82975533,2.77143294,1.24430506,1.47448797
193.342939,0.888912035,0.887265571,0.825733595,0.842736845,2.82883356,2.77054362,1.24854419,1.47110594
193.44293900000002,0.887213631,0.887232138,0.842003585,0.858813386,2.83126895,2.77302215,1.25181969,1.4676039
193.542939,0.886911233,0.888544184,0.824090126,0.841224923,2.82834966,2.77000967,1.25385581,1.46507154
193.642939,0.88827053,0.887242752,0.837621497,0.854311033,2.83073927,2.77247233,1.25654624,1.46335447
193.742939,0.887708187,0.886709318,0.833723318,0.850733405,2.82975225,2.77147785,1.259136,1.45959063
193.842939,0.887265851,0.888912295,0.825665243,0.842594762,2.82879442,2.77054852,1.26281633,1.45675895
193.942939,0.887235721,0.887217472,0.84208301,0.85881583,2.831261,2.77305114,1.26568322,1.45368722
194.042939,0.888537081,0.886904052,0.824189421,0.841249011,2.82835126,2.77002373,1.26714078,1.45172352
194.142939,0.887249224,0.888276791,0.837526431,0.8541394,2.83074059,2.77242815,1.26891158,1.45093309
194.24293899999998,0.886705865,0.887704934,0.833893048,0.850825602,2.82981064,2.77146139,1.27063033,1.44804173
194.342939,0.888910949,0.887264312,0.825582036,0.842437107,2.82883154,2.77047743,1.27358629,1.44592606
194.442939,0.887221489,0.887239486,0.842157863,0.858812693,2.83132986,2.77300233,1.27600862,1.44331863
194.542939,0.886896861,0.88852997,0.824290018,0.841273618,2.82842589,2.76996581,1.27699826,1.44181198
194.64293899999998,0.888283097,0.887255728,0.837427312,0.853963382,2.83079437,2.77233246,1.27830251,1.44149648
194.742939,0.88770177,0.886702499,0.834061668,0.850916106,2.82991286,2.77140124,1.27957602,1.43905156
194.842939,0.887264534,0.888911051,0.825533433,0.842313509,2.82890074,2.77037349,1.2821335,1.43732438
194.942939,0.887243305,0.887225551,0.842238594,0.858815191,2.8314286,2.7729221,1.28421121,1.43507722
195.037,0.88696121,0.888710012,0.822747554,0.840289386,2.82223137,2.77543651,1.3207304,1.38807754
195.137,0.887832911,0.887209447,0.841368366,0.858036691,2.81723036,2.78934422,1.62809224,1.06763665
195.230988,0.8867208,0.888317029,0.825629659,0.843310698,2.81166358,2.78732324,1.70563579,1.08730702
195.330988,0.888478312,0.887284089,0.834644434,0.851379084,2.80589508,2.7975586,1.93588682,0.856065651
195.430988,0.887561711,0.886748414,0.836471057,0.853273214,2.81162694,2.79133801,1.82400956,0.975745908
195.53098799999998,0.887218735,0.888916484,0.82417385,0.840955385,2.81536061,2.78133273,1.61373327,1.1519477
195.630988,0.88744226,0.887206679,0.842630126,0.859088293,2.82466864,2.77943747,1.43412392,1.29994201
195.730988,0.888346799,0.886795658,0.8259335,0.842760055,2.8258368,2.77267628,1.32070236,1.40403271
195.83098800000002,0.887291754,0.888486078,0.834564317,0.850968141,2.83012002,2.77201741,1.25241296,1.47063326
195.93098799999999,0.886747383,0.887560877,0.836643522,0.853271641,2.83161187,2.77038925,1.21112897,1.50892038
196.030988,0.888914384,0.887216701,0.824158831,0.8408258,2.83089738,2.76768875,1.18810032,1.53150745
196.130988,0.887212516,0.887447873,0.84267391,0.85903709,2.83446336,2.77012388,1.17625026,1.54304083
196.230988,0.886788401,0.888339644,0.826073378,0.842814024,2.83188243,2.76688162,1.17192658,1.54576283
196.330988,0.888491687,0.887297683,0.8344469,0.850770371,2.83370911,2.76852832,1.17348966,1.54537603
196.430988,0.887559214,0.886745475,0.836804235,0.853348938,2.83372281,2.76843049,1.17603026,1.54133079
196.530988,0.887214363,0.888911983,0.82414313,0.84072952,2.83203098,2.76660224,1.17979694,1.53800786
196.630988,0.887453573,0.887218434,0.842718979,0.858997553,2.83504916,2.76958898,1.18371064,1.53436615
196.730988,0.888332509,0.886781157,0.826213822,0.842872595,2.83215086,2.76666687,1.18813295,1.52868581
196.83098800000002,0.887302486,0.888496398,0.83433537,0.850576662,2.83374237,2.76846312,1.19478379,1.52344265
196.93098799999999,0.886743804,0.88755776,0.83695584,0.853416638,2.83368289,2.76852113,1.19994975,1.51693023
197.030988,0.888909482,0.887211923,0.824128103,0.840633671,2.83189,2.76672215,1.20492526,1.51248282
197.130988,0.887224195,0.887459077,0.842753284,0.858947715,2.83489326,2.76975156,1.20911223,1.50866125
197.230988,0.886773966,0.888325433,0.826354043,0.84293079,2.83199165,2.76685427,1.2132577,1.50330416
197.330988,0.888501497,0.887307701,0.834228953,0.850388411,2.83354453,2.7686134,1.21936235,1.49865696
197.43098799999999,0.887556462,0.88674229,0.837115118,0.85349168,2.83353259,2.76871307,1.22383663,1.49288608
197.530988,0.887209341,0.888906844,0.824117786,0.840542297,2.83170678,2.76688021,1.22813539,1.48912876
197.63098799999997,0.887464411,0.887229784,0.842793783,0.858904018,2.83473478,2.76991167,1.23145907,1.48621487
197.730988,0.888318644,0.886767023,0.826504513,0.842999274,2.83186544,2.76700678,1.2344881,1.48198169
197.830988,0.887312856,0.888506537,0.834123876,0.850201216,2.83339031,2.76871899,1.2398659,1.4780797
197.930988,0.886740958,0.88755529,0.837262144,0.853553988,2.83344259,2.76884402,1.24330901,1.47336576
198.03098799999998,0.888904126,0.887206678,0.824106451,0.840449254,2.83159891,2.76696318,1.24668783,1.47052115
198.130988,0.887235902,0.887470275,0.842816431,0.858841291,2.83466404,2.76998487,1.24903763,1.46861006
198.230988,0.886759673,0.888311391,0.826639798,0.843050798,2.83183267,2.76706774,1.2509549,1.46548279
198.330988,0.888511546,0.88731798,0.834015727,0.85001011,2.83334023,2.76872044,1.25529796,1.46262257
198.43098799999999,0.887554161,0.886739599,0.837419352,0.853625601,2.83345151,2.76887619,1.25797903,1.45868956
198.530988,0.887203922,0.888901321,0.824100669,0.840361288,2.83157456,2.76696423,1.26088507,1.4563036
198.630988,0.887475965,0.887241847,0.842845355,0.85878461,2.83465753,2.76999251,1.26279244,1.45486029
198.730988,0.888304474,0.886752615,0.826786265,0.843113299,2.83186113,2.76706755,1.2638543,1.45257922
198.830988,0.88732304,0.888516492,0.833909261,0.849820236,2.83334223,2.76867009,1.2675123,1.4504074
198.930988,0.886739352,0.887553978,0.837561126,0.853682025,2.83349922,2.76887256,1.26979702,1.44688653
199.03098799999998,0.888898387,0.887201039,0.824092979,0.840270785,2.83158901,2.76692687,1.27242075,1.44476706
199.130988,0.887247862,0.887481726,0.842871318,0.858724354,2.8346938,2.76995641,1.27381101,1.44386287
199.230988,0.886745681,0.888297683,0.826935497,0.843177789,2.83193199,2.76702537,1.27415057,1.44229286
199.33098800000002,0.888521386,0.887328046,0.83380288,0.849629831,2.83339083,2.7685731,1.27704671,1.44088419
199.43098799999999,0.887550445,0.886735098,0.837771788,0.85380051,2.83361028,2.76881711,1.27885274,1.43785752
199.530988,0.887197971,0.888895263,0.824087991,0.840182582,2.83165555,2.7668383,1.28121758,1.43597779
199.630988,0.887487547,0.887253935,0.842895238,0.858661481,2.83477234,2.7698774,1.28243295,1.43527032
199.73098800000002,0.888290834,0.886738689,0.827081654,0.843239093,2.83203369,2.76695361,1.28234953,1.43411137
199.830988,0.887333006,0.888526234,0.833695674,0.849438179,2.83346252,2.76845308,1.28481445,1.43313537
199.930988,0.886734193,0.887549739,0.837923726,0.853865922,2.83373138,2.76873534,1.28625699,1.43048711
200.025,0.887250093,0.888923551,0.826730263,0.843130038,2.83128035,2.76907394,1.30145804,1.42711006
200.125,0.887119151,0.887305801,0.842285711,0.858269449,2.80900989,2.77332274,1.48780759,1.04941496
200.219,0.887154521,0.889089511,0.824290938,0.84089188,2.82306148,2.78418213,1.54037018,1.08868654
200.31900000000002,0.887750083,0.887272196,0.841884845,0.857774353,2.81330432,2.79393236,1.78131346,0.870874874
200.41899999999998,0.888089199,0.886660859,0.829521435,0.845659977,2.81606456,2.78686187,1.75303978,0.980962121
200.519,0.887339039,0.888700371,0.830560537,0.846301917,2.82153012,2.77941179,1.60216788,1.15074793
200.619,0.886848911,0.88743612,0.840142973,0.855933199,2.82724911,2.77442343,1.4485297,1.26749979
200.71900000000002,0.888812806,0.887089986,0.823644388,0.839601178,2.82932148,2.76995455,1.33926639,1.36161168
200.819,0.88727771,0.88775511,0.841952704,0.85749367,2.83422743,2.77029656,1.27659897,1.43982827
200.919,0.886655203,0.888083694,0.829742604,0.845696797,2.83339375,2.76642572,1.2352861,1.48214691
201.019,0.88870373,0.887342532,0.830474578,0.846093947,2.83475635,2.76601847,1.21201447,1.50703807
201.119,0.887437079,0.886849631,0.840281054,0.855967368,2.83658092,2.76672852,1.19867162,1.5199844
201.219,0.887084447,0.888807274,0.823682446,0.839543954,2.83441751,2.76377563,1.19192265,1.52707081
201.31900000000002,0.887762186,0.88728505,0.841923691,0.857370837,2.83765556,2.76665905,1.19011019,1.52972828
201.419,0.888078126,0.886649479,0.829915292,0.845778578,2.83555543,2.7643169,1.19148827,1.5274141
201.519,0.887345903,0.88870702,0.830381424,0.845912115,2.83599345,2.76475942,1.19566319,1.52441139
201.619,0.886850447,0.887438135,0.840416105,0.856010462,2.83729171,2.76606636,1.19932183,1.52005026
201.719,0.888801828,0.887078992,0.823727875,0.839500192,2.83475583,2.76343731,1.20282956,1.51659554
201.819,0.887292076,0.88776897,0.841894308,0.857249604,2.8377735,2.76652156,1.20699551,1.51307705
201.91899999999998,0.886643989,0.888072793,0.830086912,0.845859756,2.83557469,2.7643358,1.2116911,1.50729174
202.019,0.888709454,0.887348532,0.830275464,0.845717924,2.83589091,2.76481624,1.21760692,1.50245679
202.119,0.887439282,0.886851344,0.840549948,0.856052497,2.83718335,2.76620931,1.22213574,1.49719704
202.219,0.887073457,0.888796307,0.823775079,0.839458022,2.8346085,2.76357751,1.22570269,1.49364602
202.319,0.887775667,0.887299014,0.841865639,0.85712833,2.83763261,2.76663713,1.22917591,1.49080591
202.419,0.888067099,0.886638125,0.830262985,0.845944824,2.83547293,2.76447515,1.23294197,1.48593485
202.51899999999998,0.887352873,0.888713978,0.830149253,0.845503211,2.83575742,2.76489509,1.23803727,1.48192025
202.619,0.886852378,0.887440557,0.84067916,0.856089085,2.83709533,2.76633121,1.24191738,1.47733194
202.719,0.888790716,0.887067849,0.823823543,0.83941652,2.83450867,2.7636718,1.24474073,1.47452046
202.81900000000002,0.887306065,0.887782483,0.841831475,0.857001479,2.83753621,2.76671031,1.24743342,1.47247556
202.91899999999998,0.886632515,0.888061659,0.830436712,0.846027169,2.83541708,2.76456873,1.25042779,1.46836544
203.019,0.88871687,0.887355874,0.830061802,0.845326033,2.83567514,2.76493279,1.25478259,1.46508998
203.119,0.887442171,0.886853727,0.840815966,0.856133145,2.83706544,2.7663946,1.25778223,1.46139734
203.219,0.887062148,0.888785037,0.823875733,0.839378308,2.83446393,2.76371219,1.26006452,1.45912474
203.319,0.887789549,0.887313407,0.841805878,0.856882231,2.83749241,2.76673045,1.26218591,1.45766821
203.419,0.888056168,0.88662684,0.830615452,0.846114191,2.83541264,2.76461201,1.2644098,1.45431417
203.519,0.887358856,0.888719765,0.829979788,0.845154303,2.83563706,2.76492618,1.2682616,1.45154013
203.619,0.886854938,0.887443609,0.840942675,0.856166403,2.83707094,2.76642291,1.27081171,1.44831508
203.719,0.888779296,0.887056382,0.823928419,0.839340046,2.83446375,2.7637088,1.27244257,1.44668244
203.81900000000002,0.887320383,0.887796296,0.841763423,0.856745832,2.83750704,2.76669104,1.27370569,1.44609809
203.91899999999998,0.886621408,0.888050908,0.830788015,0.846193514,2.83549988,2.7645623,1.27464598,1.44401747
204.019,0.888722605,0.887361779,0.82989687,0.84498076,2.83569022,2.764829,1.27780408,1.44193582
204.119,0.887445085,0.886856167,0.841073469,0.856202733,2.83717162,2.7663559,1.27989788,1.43918411
204.21900000000002,0.887050514,0.888773458,0.823985206,0.83930526,2.83453639,2.76363402,1.28143387,1.43763584
204.319,0.887803132,0.887327444,0.841723832,0.85661194,2.83757042,2.76660304,1.28247342,1.43728888
204.419,0.888045621,0.886615937,0.830963076,0.846275391,2.8355991,2.76450197,1.28308137,1.43553341
204.519,0.88736462,0.888725367,0.82981491,0.844807837,2.83575254,2.7647227,1.28590989,1.43377482
204.619,0.886857306,0.887446443,0.84119473,0.856229417,2.83726972,2.76629178,1.2878243,1.43121807
204.719,0.888767556,0.887044582,0.824042901,0.839270996,2.83461438,2.76355453,1.28920444,1.42981233
204.819,0.887334515,0.88780998,0.841681968,0.856475261,2.83764644,2.76650148,1.28988131,1.42984303
204.919,0.88661047,0.888040339,0.831140591,0.846358732,2.83573486,2.76440452,1.28971626,1.42885483
205.013,0.886971716,0.887997035,0.834750515,0.849590781,2.83667158,2.76488495,1.28663075,1.42576542
205.113,0.886667971,0.887624196,0.837966242,0.853210503,2.82564363,2.77631328,1.50621168,1.19177685
205.207,0.88663817,0.888261522,0.826018746,0.840961586,2.82905987,2.77797135,1.59314456,1.19067496
205.307,0.887031367,0.887371111,0.842789232,0.857898621,2.81872681,2.78549427,1.78010867,1.00122335
205.407,0.888615326,0.886903121,0.824827746,0.840062206,2.81917359,2.77955157,1.7465362,1.05031661
205.50699999999998,0.88736586,0.888084698,0.839260226,0.853960683,2.82577961,2.77586057,1.58564783,1.17899441
205.607,0.886590337,0.887859186,0.834079736,0.849152287,2.82974389,2.77068405,1.43810418,1.29686628
205.707,0.888838369,0.887333528,0.827184836,0.842058226,2.83251469,2.76675207,1.34229962,1.38427251
205.80700000000002,0.887378917,0.887039409,0.842864119,0.857624204,2.83713202,2.76697875,1.28148224,1.44128424
205.90699999999998,0.886896517,0.888608856,0.824927259,0.839974071,2.8355537,2.76260388,1.24447928,1.47584334
206.007,0.888091523,0.887372864,0.839174959,0.853744554,2.83891465,2.7644774,1.22540991,1.4951239
206.107,0.887855884,0.886586787,0.834258588,0.849220961,2.83821288,2.76278082,1.21503946,1.50326274
206.207,0.887334212,0.888838995,0.827127121,0.841901215,2.83772881,2.7617418,1.21166579,1.50723354
206.307,0.887042792,0.887382551,0.84296,0.857619428,2.84030263,2.76396237,1.21025439,1.5081496
206.407,0.888601943,0.886889504,0.825027711,0.83997699,2.8374452,2.76081336,1.21025215,1.50722853
206.507,0.887379481,0.888097952,0.839090382,0.85356114,2.83999112,2.76342069,1.21379076,1.50484311
206.607,0.886583024,0.887852353,0.834440087,0.849302902,2.83883586,2.76223502,1.21719653,1.49977802
206.707,0.888839867,0.887335151,0.827067489,0.841746185,2.83801853,2.76143421,1.22184745,1.49607408
206.80700000000002,0.887386247,0.887046238,0.843056337,0.857616263,2.84043673,2.76386553,1.22533265,1.49235043
206.90699999999998,0.886882956,0.888595428,0.825130156,0.83998128,2.83746819,2.76081186,1.22785598,1.48904853
207.007,0.888104379,0.887386087,0.839008838,0.853380743,2.83994825,2.76342772,1.23214416,1.48604327
207.107,0.887848903,0.886579344,0.834622405,0.849385996,2.83879979,2.76231635,1.23596591,1.48065625
207.20700000000002,0.887335765,0.888840429,0.827011751,0.841594733,2.83791595,2.76150112,1.24083206,1.47679501
207.307,0.887049777,0.887390038,0.843150202,0.857610389,2.84035153,2.76397434,1.24424699,1.47321863
207.407,0.888588375,0.88687579,0.825237706,0.839991517,2.83738123,2.76091292,1.24623123,1.47048209
207.507,0.887392678,0.888110791,0.838926581,0.853199191,2.83986165,2.76347238,1.249428,1.46861225
207.607,0.886575743,0.887845532,0.834804321,0.849468181,2.83876461,2.7623935,1.25246289,1.46404371
207.707,0.888840783,0.887336065,0.826951534,0.841437978,2.83785005,2.76153034,1.25663741,1.46088295
207.80700000000002,0.887393915,0.887053405,0.843240423,0.857600164,2.84032244,2.7640246,1.25952129,1.45787833
207.907,0.886868607,0.888581309,0.82534666,0.840002592,2.83735643,2.76095187,1.26088342,1.45576182
208.007,0.888117166,0.887399226,0.838841003,0.853014184,2.83981879,2.76347297,1.26346106,1.45453331
208.107,0.887842248,0.886572228,0.834985193,0.849548904,2.83877055,2.76242932,1.26591783,1.45055845
208.207,0.887336237,0.88884091,0.826908505,0.841298236,2.83782228,2.7615205,1.26957681,1.44790722
208.307,0.887056999,0.887397762,0.843333772,0.85759281,2.84032786,2.7640396,1.27202459,1.445367
208.40699999999998,0.888574215,0.886861391,0.825458716,0.840016344,2.83736761,2.76095539,1.27286082,1.44376471
208.507,0.887405629,0.888123386,0.838759827,0.85283288,2.8398174,2.76343117,1.27479131,1.44319753
208.607,0.886568779,0.887839032,0.835168494,0.849631632,2.83881414,2.76242771,1.27676264,1.43971713
208.707,0.888839638,0.887334665,0.826838657,0.841131186,2.83784041,2.76146673,1.27980872,1.43766652
208.807,0.8874018,0.887060792,0.843420189,0.857577778,2.84038122,2.76400573,1.28183287,1.43557468
208.907,0.886854172,0.888567121,0.82557143,0.84003014,2.83742932,2.7609091,1.28213323,1.43449251
209.00699999999998,0.888129737,0.887412146,0.838670089,0.852642531,2.83987162,2.76333373,1.28330183,1.43469777
209.107,0.887835911,0.886565429,0.835346662,0.849708176,2.83892913,2.76235458,1.28455117,1.43194671
209.207,0.887335064,0.888839956,0.826798068,0.840992346,2.83792285,2.76134807,1.28722506,1.43025422
209.30700000000002,0.887064648,0.887405895,0.843511462,0.857567173,2.84049336,2.76391226,1.2889272,1.42850735
209.40699999999998,0.888560004,0.886846925,0.825687387,0.840046627,2.83753677,2.76081804,1.28915847,1.42747787
209.507,0.887418437,0.88813586,0.838586562,0.852457292,2.83996132,2.76319974,1.28996797,1.42805254
209.607,0.886562145,0.887832859,0.835527538,0.849786872,2.83907514,2.76225076,1.29058162,1.42594369
209.70700000000002,0.888839921,0.887335097,0.826762621,0.840858428,2.8380291,2.76120589,1.29306845,1.42442319
209.807,0.887410162,0.887068671,0.843593799,0.857546967,2.84061869,2.76380545,1.29484582,1.42262378
209.907,0.886839677,0.888552889,0.82580375,0.840062911,2.83766419,2.76070753,1.29487194,1.42178204
210.0014,0.887291559,0.886831369,0.846470119,0.860159509,2.84180557,2.76487954,1.29620078,1.42345588
210.101,0.886578056,0.888088628,0.831264745,0.845684849,2.82494067,2.7642861,1.44372317,1.21987719
210.2,0.889220768,0.887522128,0.820709183,0.834941201,2.83203077,2.77232905,1.44092713,1.16522825
210.295,0.886605573,0.887685456,0.838404098,0.852719124,2.82374913,2.7785794,1.60404617,1.03980224
210.395,0.888862052,0.887247909,0.825296656,0.839428274,2.82541285,2.77590622,1.64179227,1.07267876
210.495,0.887391883,0.887307849,0.843959555,0.857756783,2.83171782,2.77277754,1.54515437,1.18827372
210.595,0.886705528,0.888370388,0.827738466,0.841898187,2.83243861,2.76548162,1.43157003,1.2749809
210.695,0.888384587,0.887439672,0.835229959,0.8489096,2.83733959,2.7655888,1.3529206,1.35534926
210.79500000000002,0.88768767,0.886606332,0.838498306,0.852461026,2.83894745,2.76350829,1.30259467,1.41418706
210.895,0.887246289,0.888860433,0.825280799,0.839222319,2.83823999,2.76032378,1.26909652,1.44948466
210.995,0.887313887,0.88739816,0.843990253,0.857649853,2.84203374,2.7625403,1.24820061,1.47090351
211.095,0.888363605,0.886698575,0.82789117,0.841934702,2.83975009,2.75923932,1.23622418,1.48223439
211.195,0.887444755,0.8883896,0.835139583,0.84871111,2.84142122,2.76054464,1.23250514,1.48729493
211.295,0.886606116,0.887687504,0.838648282,0.852503854,2.84177219,2.76060494,1.23106653,1.48784903
211.39499999999998,0.888857576,0.887243441,0.825281762,0.839120066,2.83998473,2.75856412,1.23188583,1.48760533
211.495,0.887404144,0.887319632,0.84402715,0.857580024,2.84308636,2.76150084,1.23290218,1.48688056
211.595,0.886691505,0.888356704,0.828043812,0.841983069,2.8403882,2.75863878,1.23417119,1.48476775
211.695,0.888394566,0.887449792,0.835040915,0.848508198,2.84175603,2.7601652,1.23834218,1.48176257
211.795,0.887686226,0.886604572,0.838814743,0.852563352,2.84198259,2.76043504,1.24171263,1.47738378
211.895,0.887240403,0.888854525,0.82529054,0.839025937,2.84005651,2.75847174,1.24526855,1.47429643
211.99499999999998,0.887325424,0.887410175,0.844063247,0.857509146,2.84310577,2.76148074,1.24790152,1.47191394
212.095,0.888349952,0.886684573,0.82820414,0.842038318,2.84040272,2.75865193,1.249654,1.46926234
212.195,0.887454744,0.88839945,0.834944808,0.848307543,2.84172081,2.76015187,1.25363943,1.4664114
212.29500000000002,0.886600703,0.887683131,0.839034563,0.852670496,2.841985,2.7604861,1.25694152,1.46210705
212.39499999999998,0.888850812,0.887236728,0.825298634,0.838931204,2.84000767,2.75850155,1.26045114,1.45905257
212.495,0.887416269,0.887331281,0.84409652,0.857435111,2.84306283,2.76152212,1.26286763,1.4569021
212.595,0.886676947,0.888342362,0.828369182,0.842097139,2.84038819,2.75869862,1.26405098,1.45480486
212.69500000000002,0.888404272,0.887459635,0.834848963,0.848106703,2.84169268,2.7601313,1.26698026,1.45299899
212.795,0.88768276,0.886600151,0.839189884,0.852718302,2.84200511,2.76050249,1.26971265,1.44928126
212.895,0.887233498,0.888847583,0.825309371,0.8388378,2.84000963,2.75847937,1.27258706,1.4468506
212.995,0.887337197,0.88742242,0.84412812,0.857358705,2.84308037,2.7615024,1.27452615,1.44519858
213.095,0.888335616,0.886670005,0.828527483,0.842149999,2.84042779,2.75868971,1.27525171,1.44354957
213.195,0.887464484,0.888409055,0.834752099,0.847904631,2.84169835,2.76007738,1.27774495,1.44217574
213.29500000000002,0.886599346,0.887682167,0.839351164,0.852772209,2.84205664,2.76048907,1.28009601,1.43884863
213.395,0.888844253,0.887230136,0.825315839,0.838739901,2.84002784,2.75844177,1.28274447,1.43663379
213.495,0.887428649,0.887343192,0.844157232,0.85727958,2.84310853,2.76147129,1.28443384,1.43524975
213.595,0.886663184,0.888329068,0.828695889,0.842213026,2.84047771,2.75866917,1.2847096,1.43403786
213.69500000000002,0.888413772,0.887469268,0.834658382,0.847705085,2.84173466,2.75999251,1.28650899,1.43335528
213.795,0.887681632,0.886598595,0.839512856,0.852825879,2.84214472,2.76043918,1.28829761,1.43060124
213.895,0.887227124,0.88884133,0.825319801,0.83863873,2.84009363,2.75835772,1.29048632,1.42883237
213.995,0.887349243,0.887434933,0.844182439,0.857195812,2.84318833,2.76138753,1.29186382,1.42778068
214.095,0.888322244,0.886656233,0.828847325,0.842257505,2.84058948,2.75859071,1.29172715,1.42697315
214.195,0.887474006,0.888418447,0.834560439,0.847500839,2.84181847,2.75986083,1.29293811,1.42687532
214.295,0.88659792,0.887681173,0.839673011,0.852877402,2.84227248,2.76034979,1.29445653,1.42440159
214.395,0.888837658,0.887223453,0.82533698,0.838550142,2.8401991,2.75823369,1.29636378,1.42290083
214.49499999999998,0.887441267,0.887355348,0.844209507,0.857113451,2.8432982,2.76127322,1.29755659,1.42205033
214.595,0.886649394,0.888315608,0.829009977,0.842313137,2.84072078,2.75849154,1.29726001,1.42139429
214.695,0.888423094,0.88747871,0.834469221,0.847302672,2.8419209,2.75971013,1.29818034,1.42158764
214.79500000000002,0.887680737,0.886597265,0.839835656,0.852930938,2.8424121,2.76024875,1.29952947,1.4192909
214.89499999999998,0.887219903,0.888833973,0.825339477,0.838447206,2.84030887,2.75810914,1.30130508,1.41790537
214.995,0.88736128,0.887447414,0.844232711,0.857026963,2.84340905,2.76115622,1.30248451,1.41708624
215.089,0.886847068,0.888572075,0.82618496,0.839529644,2.83416495,2.76380034,1.38956056,1.31753239
215.18900000000002,0.888058751,0.887483916,0.839288013,0.85202593,2.83830161,2.76879952,1.48728218,1.27394246
215.28300000000002,0.886559303,0.888140299,0.831793048,0.845194237,2.82821733,2.77020967,1.61230004,1.17258908
215.38299999999998,0.888611823,0.887459986,0.831307465,0.8441568,2.82976602,2.77107557,1.65070205,1.14048121
215.483,0.887582209,0.886713008,0.842086421,0.855004448,2.83372545,2.76829625,1.54270578,1.21907391
215.583,0.887077086,0.888764446,0.825126787,0.838157158,2.83489586,2.76262557,1.43097745,1.30680796
215.68300000000002,0.887640292,0.887466958,0.843012145,0.855618867,2.84077737,2.76321654,1.3538098,1.37414016
215.783,0.888129428,0.886548724,0.831884332,0.844934843,2.84043737,2.75939434,1.30527251,1.41695709
215.883,0.887464089,0.888615875,0.831193234,0.843848956,2.84179456,2.75870952,1.27809144,1.44356011
215.983,0.886714709,0.887584134,0.84220016,0.854974726,2.84391038,2.75956252,1.26175445,1.45805443
216.083,0.888758833,0.887071412,0.825184017,0.838094002,2.84166317,2.75643683,1.25224959,1.46669666
216.183,0.887474066,0.887647198,0.842980566,0.855470866,2.84500025,2.75925123,1.24748872,1.47197081
216.28300000000002,0.886543212,0.888124123,0.832068992,0.845006545,2.84306293,2.75693164,1.24527304,1.47231905
216.383,0.888618707,0.887466958,0.831120213,0.843666354,2.84335204,2.75718242,1.24762388,1.47107124
216.483,0.887585428,0.88671579,0.842329691,0.854991106,2.84486721,2.75868787,1.24966133,1.46814443
216.583,0.88706553,0.888753018,0.825247797,0.838047735,2.84220698,2.75591971,1.25133637,1.46615637
216.68300000000002,0.887654058,0.887481127,0.842948792,0.855325903,2.84529653,2.7589501,1.25316546,1.46523229
216.783,0.888118872,0.886537752,0.832252911,0.845078937,2.84324892,2.75679676,1.25471902,1.46205943
216.883,0.887469746,0.888621463,0.831047349,0.843484224,2.8434125,2.757085,1.25917629,1.45888168
216.983,0.886717155,0.887587042,0.842470297,0.855018374,2.8449172,2.75867767,1.26234476,1.45497695
217.083,0.888747092,0.887059533,0.825317243,0.838007038,2.84220682,2.75592096,1.26452381,1.4525648
217.183,0.887488043,0.88766082,0.842920385,0.855184082,2.84527612,2.75895092,1.2663514,1.45173662
217.283,0.88653228,0.888113609,0.832441351,0.845155181,2.84326555,2.75682028,1.26748406,1.44904159
217.383,0.888624137,0.887472449,0.830977406,0.843304711,2.84338284,2.75707062,1.27167958,1.44616654
217.48299999999998,0.887589012,0.886718726,0.842591885,0.855026565,2.84493256,2.75869779,1.27439866,1.4427704
217.583,0.887053517,0.888741152,0.825384597,0.83796367,2.84220829,2.7559179,1.27617263,1.44077468
217.683,0.887667785,0.887495247,0.842880313,0.855030007,2.84527497,2.75892272,1.27746858,1.44051956
217.78300000000002,0.888108485,0.886526938,0.832624395,0.845225608,2.84331822,2.75680684,1.27778457,1.43865764
217.88299999999998,0.887475077,0.888626741,0.830904362,0.843121325,2.84341075,2.75699744,1.28127128,1.43649941
217.983,0.886720267,0.887590779,0.842729066,0.85504918,2.84500555,2.75865807,1.2836218,1.43350599
218.083,0.888735258,0.887047552,0.82545902,0.837926991,2.84226198,2.755863,1.28510021,1.43179648
218.183,0.887502304,0.887674649,0.84284377,0.854879088,2.84531568,2.75885481,1.28621101,1.43175213
218.283,0.886521723,0.888103459,0.832813375,0.845301047,2.84341036,2.75675332,1.28594348,1.43047889
218.383,0.88862926,0.887477617,0.830834611,0.842940787,2.84347248,2.75689055,1.28882234,1.42892522
218.483,0.88759584,0.886724281,0.842842819,0.85505045,2.84510195,2.75858485,1.29099962,1.42613334
218.583,0.887041607,0.888729401,0.825535321,0.837892086,2.84233268,2.7557924,1.29253348,1.42435001
218.683,0.887681516,0.887509361,0.842804758,0.854725323,2.84537056,2.7587718,1.29354833,1.42442106
218.78300000000002,0.888098824,0.886516944,0.833006527,0.845379711,2.84351255,2.7566905,1.29286291,1.42356627
218.88299999999998,0.887480071,0.888631696,0.830766022,0.842760873,2.84355546,2.75676245,1.29489718,1.42285002
218.983,0.886725311,0.887597006,0.842977632,0.855069443,2.84522801,2.75849242,1.29682515,1.42032953
219.083,0.88872321,0.887035315,0.825605314,0.837849826,2.84243963,2.75568538,1.29819764,1.41868895
219.18300000000002,0.887516427,0.887688395,0.842762766,0.85456795,2.84546434,2.75864912,1.299049,1.41894008
219.283,0.886511757,0.888093869,0.833192126,0.845451233,2.84364398,2.75659887,1.29812835,1.41831959
219.383,0.888634063,0.887482451,0.830697155,0.842580433,2.84364846,2.75662479,1.29993723,1.4178208
219.483,0.887598676,0.886726819,0.843115595,0.855091571,2.84536046,2.75839289,1.30171719,1.41546976
219.583,0.887029015,0.888717,0.825685246,0.837817039,2.84255579,2.75556983,1.30295786,1.41394114
219.683,0.887695238,0.887523453,0.842721652,0.854411097,2.8455635,2.75852038,1.30372753,1.41428915
219.78300000000002,0.888088599,0.886506201,0.83338614,0.845531034,2.84377753,2.75650443,1.30261984,1.41385424
219.883,0.887484796,0.88863642,0.830637771,0.8424092,2.84375717,2.7564707,1.30392692,1.41384824
219.983,0.886728433,0.887600459,0.843253552,0.855113214,2.84550652,2.75827929,1.30565535,1.41156932
220.076943,0.887228484,0.888804224,0.825808478,0.83791024,2.83863264,2.75733942,1.35478391,1.36387837
220.176943,0.887319891,0.887512608,0.844719699,0.856408099,2.84347891,2.76614162,1.34853666,1.24351567
220.27100000000002,0.886826039,0.888549272,0.826741541,0.838995273,2.83410214,2.76459555,1.44696806,1.2049404
220.371,0.887972137,0.887544223,0.840176463,0.851772287,2.83697453,2.76850989,1.52453193,1.16546471
220.471,0.887935225,0.88647491,0.836366566,0.848351,2.83781351,2.7636517,1.48322072,1.2291301
220.571,0.887421656,0.888754298,0.828225705,0.839945151,2.83946315,2.76022487,1.4142739,1.29446319
220.671,0.886909586,0.887547142,0.844661974,0.856303112,2.84379754,2.76070239,1.36096517,1.35655392
220.77100000000002,0.88857672,0.886852684,0.82681399,0.838717906,2.84214891,2.75624136,1.32105459,1.39722478
220.87099999999998,0.887552584,0.887980378,0.840039139,0.851440571,2.84539119,2.75774132,1.29544499,1.42394705
220.971,0.886472047,0.887932608,0.836531502,0.848369585,2.8450382,2.75626196,1.28037246,1.43797107
221.071,0.888753279,0.887420258,0.828154196,0.839747999,2.84436333,2.75492449,1.27321152,1.44612089
221.171,0.887551252,0.886913474,0.844757066,0.856276039,2.84709829,2.75724946,1.26925392,1.45004358
221.271,0.886845463,0.888569658,0.826935335,0.838722036,2.84431453,2.7540937,1.26664959,1.45222841
221.371,0.88798655,0.887558894,0.839964199,0.851246546,2.84674103,2.75636194,1.26600789,1.45395003
221.471,0.887929517,0.886468706,0.836720789,0.848440105,2.84592222,2.75542711,1.26655359,1.45230518
221.571,0.887420583,0.888753569,0.828123067,0.839601879,2.84488255,2.75437331,1.26939615,1.4503233
221.671,0.886917464,0.887555473,0.844847866,0.856247618,2.84743403,2.7569322,1.27165343,1.44791752
221.77100000000002,0.888562568,0.88683821,0.827058577,0.838729008,2.84452429,2.7539007,1.27272504,1.44630431
221.87099999999998,0.8875653,0.88799283,0.839883684,0.851047911,2.84684606,2.75621335,1.27415661,1.44588302
221.971,0.886465454,0.887926513,0.836908668,0.848509182,2.84602388,2.7553666,1.27581519,1.44307384
222.071,0.888753514,0.887420551,0.828095921,0.839459793,2.84491845,2.75430278,1.27922263,1.44048418
222.17100000000002,0.887559671,0.886921429,0.844943601,0.856223744,2.84748197,2.75690177,1.28171655,1.43784038
222.271,0.886830929,0.888555453,0.827185982,0.838739868,2.84456185,2.75388082,1.28281858,1.43617485
222.371,0.88799939,0.887571945,0.83980969,0.850855909,2.84684702,2.75616929,1.28408822,1.43591505
222.471,0.887923306,0.886462021,0.837103008,0.848584451,2.84608182,2.7553499,1.28517007,1.43367513
222.571,0.887419859,0.888752829,0.828082213,0.839330474,2.8449399,2.75425056,1.28834391,1.43131074
222.671,0.886925575,0.887564093,0.845028812,0.856189012,2.84753301,2.75686833,1.29049986,1.42902167
222.77100000000002,0.888548347,0.886823652,0.827312584,0.838749402,2.84461991,2.75384111,1.29123789,1.42770717
222.871,0.887577971,0.888005262,0.839720887,0.850647808,2.84689069,2.75608169,1.29198718,1.42797494
222.971,0.886459167,0.887920714,0.837287029,0.8486478,2.84620453,2.75526839,1.29203985,1.42676222
223.071,0.888752524,0.887419566,0.828057504,0.839189568,2.84502911,2.75412831,1.29462896,1.42497127
223.17100000000002,0.887568442,0.886929699,0.845120409,0.856159823,2.8476465,2.75677128,1.2966404,1.42284549
223.271,0.886816319,0.888541187,0.827443894,0.838763192,2.84472433,2.7537562,1.29740844,1.42148816
223.371,0.888011411,0.887584235,0.839638778,0.85044641,2.84696098,2.75596773,1.29811733,1.42180271
223.471,0.887917949,0.886456154,0.837473968,0.848714479,2.84631725,2.75519747,1.29800888,1.42075315
223.571,0.887419139,0.888752091,0.828034665,0.839050365,2.84510472,2.75401993,1.30042545,1.41912068
223.671,0.886933162,0.887572323,0.845196781,0.856115428,2.84773932,2.75669496,1.30237339,1.41707292
223.771,0.888533994,0.886808945,0.827575388,0.838776935,2.84481732,2.75368294,1.30311117,1.41573442
223.871,0.887590457,0.888017524,0.839555489,0.850243502,2.84702833,2.75585628,1.30360185,1.41627501
223.97099999999998,0.886453097,0.887915128,0.837663363,0.848782592,2.84645327,2.75510218,1.3028897,1.41583457
224.071,0.88875153,0.887418579,0.828013937,0.83891258,2.84521288,2.75387944,1.30472506,1.41476717
224.171,0.887577016,0.886937652,0.845285868,0.856082801,2.84787548,2.75657375,1.3064731,1.41293792
224.27100000000002,0.886801629,0.888526858,0.827709374,0.838792322,2.84495751,2.75356312,1.30702293,1.41177276
224.37099999999998,0.888023589,0.887596628,0.839471908,0.850039725,2.84713653,2.75570386,1.30739271,1.4124414
224.471,0.887912527,0.886450247,0.837849535,0.848847449,2.84660441,2.75499292,1.30655897,1.41212729
224.571,0.887417901,0.888750856,0.827994034,0.838775297,2.84532693,2.75373357,1.30828989,1.41115085
224.671,0.886941065,0.887580822,0.845343464,0.856019099,2.84800896,2.7564517,1.30998746,1.40938957
224.771,0.888519929,0.886794501,0.8278457,0.838810081,2.84508631,2.75345446,1.31065499,1.40809172
224.871,0.887602757,0.888029617,0.839387451,0.8498348,2.84723467,2.75556116,1.31097279,1.40882014
224.971,0.886447595,0.887910181,0.838044721,0.848920193,2.84675238,2.75488695,1.30999088,1.40866293
225.064904,0.887521595,0.888620484,0.830691776,0.841395049,2.84448471,2.75546191,1.30960598,1.40214384
225.16490399999998,0.88670503,0.887640814,0.844229711,0.854914267,2.84626447,2.760995,1.39709758,1.34005651
225.259,0.887345587,0.888834534,0.82690468,0.837819894,2.83938947,2.75867921,1.46606575,1.33995495
225.359,0.887184653,0.887575786,0.845596571,0.856112751,2.8408609,2.7631444,1.5350808,1.251804
225.459,0.888360722,0.886637482,0.830000398,0.840852335,2.83952546,2.75861507,1.47725421,1.27949341
225.559,0.887600864,0.888275049,0.836128586,0.846453071,2.84301724,2.75819396,1.40916513,1.3320439
225.659,0.886486252,0.887793849,0.840783233,0.851431942,2.84518278,2.75700929,1.3577048,1.37066219
225.75900000000001,0.888776902,0.887293875,0.826723483,0.837306287,2.84439137,2.75389797,1.32539985,1.39825434
225.859,0.887583593,0.88719224,0.845549568,0.855872466,2.84828961,2.75627788,1.3052402,1.41675619
225.959,0.886631219,0.888354682,0.830131309,0.840836504,2.84606361,2.75297766,1.29191722,1.42759884
226.059,0.888280001,0.88760584,0.83602954,0.846223588,2.84766156,2.75408273,1.28585181,1.43436541
226.15900000000002,0.887793421,0.886485607,0.840947572,0.851469528,2.84820637,2.75436189,1.28321868,1.43531751
226.259,0.887290792,0.888773955,0.826735821,0.837197123,2.84622177,2.75218463,1.28291775,1.43564059
226.359,0.887198332,0.887589893,0.84558163,0.855779483,2.84941812,2.75521384,1.28290379,1.43595068
226.459,0.888348047,0.886624355,0.83029963,0.840882892,2.84678137,2.75233028,1.28194348,1.43540613
226.559,0.887610574,0.888284718,0.835943577,0.846015337,2.84809668,2.75362534,1.28303393,1.43562478
226.659,0.886484949,0.887792981,0.841116228,0.851513943,2.84852709,2.75409753,1.28476558,1.43261995
226.759,0.8887703,0.887287262,0.826740714,0.837081745,2.84641354,2.75198876,1.28717902,1.43047957
226.859,0.887596253,0.887204488,0.845612275,0.855685216,2.84954584,2.75509001,1.28899697,1.42917589
226.95899999999997,0.886617525,0.888341448,0.830469328,0.840930495,2.84689105,2.75225771,1.28892255,1.42787615
227.059,0.88828933,0.887615201,0.835854982,0.845804747,2.84814991,2.75352788,1.29034211,1.42787626
227.159,0.887792614,0.886484361,0.841283743,0.851556985,2.84861385,2.7540531,1.29217405,1.42487035
227.25900000000001,0.887283455,0.888766554,0.826772054,0.836992087,2.84646263,2.75192296,1.29459322,1.4227713
227.35899999999998,0.887210433,0.887602391,0.845645672,0.855593405,2.84959847,2.7550334,1.29632563,1.42162765
227.459,0.888334876,0.886610721,0.830641484,0.840980174,2.84696425,2.75221776,1.29606605,1.42054451
227.559,0.887619455,0.888293634,0.835774659,0.84560153,2.8481915,2.75343802,1.29720496,1.42086043
227.659,0.886483823,0.887792298,0.841452512,0.851600658,2.84871273,2.75399407,1.29843227,1.41850146
227.759,0.888762767,0.887279594,0.826802118,0.83690038,2.84653665,2.75183114,1.30057066,1.41668523
227.859,0.887608814,0.887216642,0.845668869,0.855490769,2.84967635,2.75494936,1.30218135,1.41570187
227.959,0.886603977,0.888328366,0.830813121,0.841028828,2.84706544,2.75214924,1.30168717,1.4148574
228.059,0.888298212,0.88762405,0.835683667,0.845387529,2.84826862,2.75331226,1.3023258,1.4156857
228.159,0.887792077,0.886483378,0.841618431,0.851641036,2.84883724,2.7539089,1.30327033,1.41363557
228.25900000000001,0.887275591,0.88875883,0.826836264,0.836812568,2.84662869,2.75172155,1.30533502,1.41188094
228.35899999999998,0.887223407,0.887615801,0.845690294,0.855386158,2.84977073,2.75484692,1.30691278,1.41095787
228.459,0.888321883,0.886597258,0.830988015,0.84108038,2.84717766,2.75206985,1.30636895,1.41015757
228.559,0.887628326,0.888302536,0.835600292,0.845178955,2.84834719,2.75318683,1.30677915,1.41121838
228.65900000000002,0.886483221,0.88779214,0.841790141,0.851686793,2.84897868,2.75380643,1.3070538,1.4098583
228.759,0.888755516,0.887272175,0.826868408,0.836721773,2.846736,2.75159472,1.30911513,1.40809026
228.859,0.887622502,0.887229879,0.845706932,0.855276105,2.84988021,2.75472905,1.31068013,1.40720173
228.959,0.886590602,0.888315465,0.831161684,0.841130174,2.84730945,2.75197112,1.3100312,1.40649833
229.05900000000003,0.888306902,0.887632704,0.835513367,0.844968564,2.84844231,2.75304298,1.3102614,1.40773998
229.159,0.887791837,0.886482685,0.841953415,0.851722897,2.84914658,2.75367729,1.30981648,1.40711831
229.25900000000001,0.887267991,0.888751404,0.82690572,0.836635943,2.84687931,2.75143494,1.31156699,1.40564088
229.359,0.887236219,0.887629034,0.845728695,0.855170493,2.85002433,2.75457567,1.31314463,1.4047601
229.459,0.888309087,0.886583984,0.831339239,0.841183404,2.84746542,2.75184873,1.31265675,1.40388627
229.559,0.887637004,0.888311195,0.83542783,0.844759161,2.84855427,2.75288241,1.31293464,1.4050797
229.659,0.886482443,0.887791824,0.842118591,0.851761132,2.84930079,2.75356206,1.31245699,1.40450896
229.75900000000001,0.888747196,0.887263708,0.826944976,0.836551833,2.84700357,2.75129485,1.31417235,1.40304634
229.85899999999998,0.887635994,0.887243008,0.845738404,0.855052594,2.8501423,2.75444847,1.31587312,1.40206154
229.959,0.886577355,0.888302703,0.831516528,0.841236105,2.84760174,2.7517462,1.31544987,1.4011133
230.052906,0.887642979,0.888011145,0.839414618,0.848648159,2.85044418,2.75226213,1.28852342,1.44171768
230.152906,0.886415052,0.887918195,0.83936578,0.848990015,2.84825769,2.75450766,1.25741171,1.31399293
230.247,0.887490686,0.888415662,0.832245823,0.841617697,2.84786724,2.75493945,1.30517251,1.33321118
230.34699999999998,0.886593907,0.887719225,0.84428295,0.853739975,2.84605339,2.75856773,1.39805095,1.29113958
230.447,0.888688124,0.887087819,0.82699377,0.836507917,2.84413687,2.75480589,1.39527045,1.30471495
230.547,0.887658208,0.887522575,0.844295341,0.853385701,2.84807783,2.75634451,1.37437142,1.3397805
230.647,0.886467985,0.888152416,0.83434073,0.843891257,2.8470474,2.75327652,1.34918985,1.36759399
230.74699999999999,0.888507505,0.887600265,0.832285565,0.841395272,2.84764669,2.75267881,1.33202983,1.38666014
230.847,0.887722555,0.886597113,0.844335666,0.853611877,2.84973081,2.75394894,1.32052199,1.39791088
230.947,0.887082556,0.888682975,0.827036696,0.836407252,2.84728614,2.7508863,1.31291725,1.40565022
231.047,0.887529718,0.887665509,0.844247718,0.853202311,2.85044419,2.75360557,1.30800217,1.41150671
231.147,0.888147885,0.886463279,0.834539776,0.84395971,2.84877915,2.75151215,1.3041519,1.41434408
231.247,0.887602528,0.888509799,0.832225746,0.841209827,2.8487918,2.75147899,1.30403624,1.41562066
231.34699999999998,0.886598553,0.887724137,0.844482091,0.853628916,2.85051764,2.75319166,1.30474148,1.41443849
231.447,0.888676778,0.887076224,0.827115211,0.836360066,2.84779319,2.75037765,1.30524738,1.41388234
231.547,0.887672555,0.88753661,0.844212185,0.85303757,2.85077511,2.75324164,1.30529758,1.41463444
231.64700000000002,0.886458141,0.888142975,0.83472797,0.844020047,2.84905889,2.75126839,1.30422416,1.41456286
231.74699999999999,0.888512301,0.887604993,0.832162236,0.841020502,2.84900234,2.75122238,1.30514872,1.41468422
231.847,0.887725849,0.886600117,0.844625898,0.853642962,2.85072234,2.75301733,1.30681201,1.41248113
231.947,0.887069908,0.888670585,0.827201484,0.836320056,2.84795345,2.75021816,1.30808244,1.41108937
232.04700000000003,0.88754347,0.887679566,0.844176991,0.852872785,2.85089285,2.75309362,1.30875569,1.41119574
232.147,0.888138115,0.886453031,0.834921617,0.844085713,2.8491992,2.75116787,1.30798672,1.41079478
232.247,0.887607229,0.888514576,0.832101806,0.840834607,2.84909517,2.75108674,1.30901692,1.41078959
232.347,0.886601793,0.887727678,0.844768323,0.853655481,2.85084606,2.75292528,1.31074469,1.40852844
232.447,0.888664177,0.887063416,0.82728031,0.836272622,2.84805059,2.75012424,1.31215375,1.40697828
232.547,0.887686626,0.887550384,0.844138842,0.852704854,2.85096959,2.75298676,1.31287792,1.4070444
232.647,0.886447994,0.88813333,0.835115265,0.84415102,2.84931641,2.75109099,1.31193545,1.40681286
232.747,0.888516769,0.887609366,0.832044748,0.840651205,2.84919913,2.75093957,1.31234133,1.40742257
232.84699999999998,0.887729622,0.886603578,0.844909575,0.853666235,2.85099016,2.75281249,1.31369888,1.4055446
232.947,0.887058321,0.888658871,0.827353336,0.83621925,2.84817684,2.75000297,1.31502924,1.4040549
233.047,0.887557283,0.887693672,0.844096267,0.852531931,2.85107392,2.75285151,1.31583668,1.40405172
233.147,0.88812862,0.886443033,0.8353087,0.844215598,2.84945733,2.75099056,1.31481442,1.40389672
233.24699999999999,0.88761143,0.888518879,0.831986183,0.840466409,2.84930107,2.75079561,1.31510585,1.40461276
233.347,0.886605481,0.887731689,0.845048423,0.853674349,2.85112749,2.75270589,1.3164019,1.40280925
233.447,0.888652221,0.887051493,0.827446287,0.83618476,2.84830109,2.74988268,1.31767787,1.40135794
233.547,0.887700749,0.887564218,0.844057775,0.852362856,2.8511791,2.75271468,1.31837267,1.40147705
233.647,0.886438128,0.888123967,0.83550378,0.844281422,2.84959998,2.7508885,1.31729356,1.40137807
233.747,0.888521079,0.887613557,0.831936346,0.840289501,2.84941246,2.75064231,1.31747054,1.40220522
233.84699999999998,0.887733793,0.886607417,0.845189119,0.853683923,2.85127377,2.75259001,1.3185195,1.40065712
233.947,0.88704216,0.888643616,0.827560168,0.836171175,2.84843202,2.74975636,1.31982562,1.3991576
234.047,0.887571072,0.887707746,0.844011245,0.852185344,2.85128225,2.75257927,1.32065887,1.39915256
234.14700000000002,0.888119398,0.886433306,0.835697939,0.844345893,2.84974431,2.75078481,1.31944756,1.39918373
234.24699999999999,0.887615225,0.888522744,0.831886274,0.84011073,2.84954021,2.75047466,1.31919279,1.40043657
234.347,0.88660959,0.88773614,0.845323503,0.853686162,2.85146363,2.75242954,1.31940036,1.3997421
234.447,0.888637077,0.887035502,0.827650173,0.836132656,2.84860165,2.74959134,1.32068363,1.39824991
234.547,0.887714074,0.887577237,0.84397201,0.852014872,2.85142627,2.75240422,1.32165222,1.39811944
234.647,0.886428537,0.888114882,0.835893946,0.844411725,2.84991328,2.75065672,1.32069744,1.39789339
234.747,0.888524593,0.887617015,0.831831902,0.839928947,2.84966558,2.75030817,1.32053638,1.39904547
234.847,0.88773854,0.886611813,0.845457698,0.853688368,2.85162103,2.75230133,1.32079505,1.39831468
234.947,0.887028993,0.888630694,0.827748942,0.836103048,2.84874217,2.74945677,1.32214184,1.39674226
235.040941,0.887729189,0.887218798,0.84644357,0.854397653,2.85521285,2.74900086,1.27747993,1.43544466
235.140941,0.886558478,0.888291976,0.83252539,0.840914895,2.85199774,2.74887089,1.27085066,1.44478985
235.235,0.8877961,0.887911519,0.8416815,0.849562231,2.85438508,2.75062509,1.32626787,1.48003485
235.335,0.886381357,0.887988239,0.83899645,0.847331128,2.84912991,2.7510687,1.37021477,1.41603266
235.435,0.888644533,0.88752446,0.829647152,0.837669101,2.84781162,2.75052738,1.37764777,1.37967276
235.535,0.887707332,0.886791384,0.846668175,0.854650406,2.85067195,2.75324389,1.3652715,1.37936643
235.63500000000002,0.886833905,0.888516928,0.82902529,0.837244441,2.84812514,2.74987875,1.34899927,1.3825248
235.735,0.8878619,0.887737668,0.841141737,0.848844694,2.85084108,2.75196596,1.33885232,1.38754351
235.835,0.887989082,0.886382016,0.839054922,0.847226255,2.85038729,2.75101409,1.3317125,1.3903835
235.935,0.887524894,0.888645,0.829571866,0.837453643,2.8493047,2.74975193,1.32982039,1.39163131
236.035,0.886796047,0.887712177,0.846746113,0.85459127,2.85206341,2.75239043,1.32871923,1.39180533
236.135,0.888509834,0.886826606,0.829158075,0.837246361,2.8491449,2.74927646,1.32671544,1.39226077
236.23499999999999,0.887743886,0.887868048,0.841062519,0.848633258,2.85146058,2.75147271,1.32547669,1.39441786
236.335,0.886378972,0.887986286,0.839251734,0.847289941,2.85085296,2.75066586,1.32351661,1.39456713
236.435,0.888644436,0.887524286,0.82955951,0.837312724,2.84961792,2.74944855,1.32483327,1.39385594
236.535,0.887715965,0.886799452,0.846807044,0.854519304,2.85232923,2.75216489,1.32584835,1.39270202
236.635,0.886819313,0.888502749,0.829294757,0.837252982,2.84936576,2.74909309,1.3252878,1.39219611
236.735,0.887874126,0.887750029,0.840983768,0.848422428,2.85162556,2.75127672,1.32480313,1.39396067
236.83499999999998,0.887983741,0.886376178,0.839441025,0.847346023,2.85105918,2.75051117,1.32299043,1.39421753
236.935,0.887523521,0.88864372,0.829543582,0.837167666,2.84978406,2.74925629,1.32440637,1.39357223
237.035,0.886804088,0.887720773,0.846900562,0.85447891,2.85250937,2.75200592,1.325736,1.39226318
237.13500000000002,0.888495795,0.886812138,0.829440646,0.837268529,2.84953993,2.74894254,1.32537052,1.39165053
237.23499999999999,0.887756111,0.887880148,0.8409058,0.848212058,2.85175925,2.75110135,1.32513017,1.39326372
237.335,0.88637347,0.887981338,0.839638105,0.847408696,2.85124298,2.75037131,1.32329322,1.39362005
237.435,0.888642895,0.887522642,0.829532571,0.837027039,2.84994305,2.74906675,1.32427245,1.39344784
237.535,0.887725617,0.886808766,0.84699602,0.854440218,2.85268299,2.75184822,1.32580097,1.39200401
237.635,0.886804899,0.888488755,0.829579784,0.837276918,2.84970093,2.74880349,1.32585192,1.3909912
237.735,0.887886135,0.887762155,0.840825634,0.847999158,2.85188355,2.75093266,1.3257286,1.39252324
237.835,0.887978929,0.886370813,0.839828842,0.84746561,2.85141099,2.7502466,1.32387819,1.3929251
237.935,0.887521637,0.888641951,0.82952344,0.83688779,2.85009749,2.7488809,1.32428804,1.3933253
238.035,0.886813504,0.88773052,0.847088958,0.854398548,2.85285538,2.75168986,1.32588392,1.39185133
238.13500000000002,0.888481474,0.886797466,0.829715861,0.837281838,2.84986809,2.74865812,1.32616939,1.39059923
238.23499999999999,0.88776814,0.887892068,0.840744972,0.847785479,2.85200725,2.75076357,1.32630569,1.39188905
238.335,0.886368237,0.8879766,0.840019211,0.847521759,2.85157681,2.75012355,1.32449669,1.39226798
238.43499999999997,0.888640896,0.887520519,0.829514341,0.836748574,2.85022656,2.74872055,1.32488037,1.39268511
238.535,0.887735489,0.886818306,0.847178909,0.854353623,2.85300419,2.75155389,1.32652855,1.39118721
238.635,0.886790136,0.88847437,0.82986512,0.837299546,2.85001726,2.74853088,1.32691644,1.38982099
238.735,0.887897909,0.887774028,0.84066659,0.847573807,2.85211981,2.75060503,1.32710524,1.39106914
238.835,0.887973059,0.886364674,0.840220985,0.847589375,2.8517359,2.7500114,1.32523918,1.39151789
238.935,0.88751984,0.888640266,0.82949764,0.83660126,2.85035866,2.7485536,1.32534566,1.39219978
239.03500000000003,0.886823161,0.887740511,0.847268633,0.854308067,2.85315597,2.75141408,1.32700497,1.3907152
239.135,0.888466854,0.886782402,0.82999786,0.837300537,2.85016992,2.7484013,1.32745251,1.38927485
239.23499999999999,0.887779925,0.887903763,0.84058365,0.847357184,2.85223656,2.75044191,1.32773088,1.39044135
239.33499999999998,0.886363324,0.88797218,0.84039936,0.847632289,2.85189827,2.74988711,1.32579175,1.39097632
239.435,0.888638376,0.887517859,0.829503598,0.836475929,2.85050198,2.74838354,1.32551886,1.39202084
239.535,0.887745607,0.886828089,0.847352142,0.854255718,2.85332276,2.75125838,1.32704603,1.39069131
239.63500000000002,0.886775235,0.888459915,0.830149256,0.837319464,2.85033801,2.74825616,1.32761834,1.38911048
239.735,0.887909619,0.887785824,0.840505102,0.847144686,2.85236331,2.75026849,1.32802854,1.39015143
239.83499999999998,0.887970088,0.886360986,0.840589364,0.847686891,2.85206506,2.74976277,1.32620619,1.39058094
239.93499999999997,0.887516358,0.888636926,0.829503213,0.836343623,2.85064924,2.74820588,1.32563319,1.39190908
240.02899899999997,0.88767698,0.886382899,0.846308648,0.852954248,2.85645645,2.74781133,1.29538515,1.43373628
240.128999,0.887068456,0.888607879,0.828595664,0.835523391,2.84926163,2.73716412,1.15958236,1.40593709
240.22299999999998,0.887982721,0.887207246,0.847848865,0.85425182,2.85842124,2.74850783,1.20056688,1.42773485
240.323,0.886599332,0.888328047,0.832639041,0.839655433,2.8538662,2.7463536,1.23357093,1.43743681
240.423,0.88815282,0.887769518,0.837313821,0.84378891,2.85380496,2.74868885,1.28669703,1.41238467
240.52300000000002,0.887883389,0.886390315,0.84327534,0.850122511,2.85341467,2.74970605,1.31474964,1.39737788
240.62300000000002,0.887362519,0.888669134,0.82845136,0.835188299,2.85068189,2.74778145,1.33047961,1.38604697
240.72299999999998,0.887078548,0.88776457,0.847271771,0.85377689,2.85353402,2.75103475,1.33881335,1.37932448
240.82299999999998,0.888321293,0.886592107,0.832640662,0.839521053,2.85087514,2.74847116,1.34195321,1.37574919
240.923,0.887774965,0.888158293,0.837160721,0.843500989,2.85187939,2.74958818,1.34385586,1.37532999
241.023,0.886390336,0.887883629,0.843419498,0.850130226,2.85251512,2.75030332,1.34452957,1.37399316
241.12300000000002,0.888665231,0.887358509,0.828482976,0.835087591,2.85025399,2.74810446,1.34628561,1.3727304
241.223,0.887771303,0.887085084,0.84728988,0.853658311,2.85335582,2.75117495,1.34710282,1.37246515
241.32300000000004,0.886585483,0.888314925,0.832819733,0.839566602,2.85086153,2.7485037,1.34579279,1.37289854
241.42299999999997,0.888163247,0.887779992,0.837090163,0.843297695,2.85191,2.74949867,1.34492998,1.37496859
241.523,0.887883576,0.886390062,0.843592919,0.850167066,2.85265945,2.75018957,1.34368424,1.37535343
241.623,0.887354262,0.888661094,0.828526761,0.834998717,2.85040272,2.74793467,1.34432523,1.3750184
241.723,0.887091878,0.887778233,0.847304087,0.853535217,2.85351862,2.75099828,1.34469013,1.37509314
241.823,0.888308581,0.886578883,0.832999079,0.839611934,2.85105804,2.74833818,1.34318948,1.3756171
241.923,0.887783558,0.88816696,0.836997681,0.843070741,2.85207877,2.74928123,1.34215898,1.37779379
242.02300000000002,0.886389862,0.887883593,0.84376104,0.850198263,2.85288089,2.75000531,1.34061472,1.37845551
242.123,0.888656873,0.887349929,0.828571015,0.834909927,2.85059389,2.74772874,1.3413319,1.37800153
242.22299999999998,0.887784749,0.887098234,0.84732775,0.853421332,2.85370665,2.75079923,1.34191132,1.37786016
242.32299999999998,0.886572248,0.888302206,0.833183625,0.839662117,2.85126391,2.74816633,1.3405906,1.37818574
242.423,0.888171183,0.887787737,0.83691811,0.842857075,2.85224228,2.74907049,1.33972352,1.38019388
242.523,0.887883669,0.886389699,0.843933228,0.850232686,2.85310694,2.74981838,1.33796627,1.38108325
242.62300000000002,0.887345473,0.888652532,0.828619621,0.834825038,2.85078516,2.74752391,1.33867721,1.38061555
242.723,0.887104044,0.887790367,0.847328357,0.853284326,2.85388646,2.75061173,1.33959321,1.38014767
242.82299999999998,0.888295838,0.886565628,0.833367447,0.839711366,2.85145323,2.74801131,1.33870878,1.38002529
242.92299999999997,0.887791852,0.888175346,0.836838704,0.842643316,2.85238872,2.74887702,1.33803929,1.38183542
243.023,0.886389368,0.88788361,0.844106222,0.850267129,2.8533106,2.74965201,1.33620953,1.38280781
243.123,0.888648125,0.88734095,0.828667235,0.83473849,2.85097692,2.74731933,1.33641706,1.38283518
243.223,0.887797388,0.88711087,0.847348636,0.853166211,2.8540699,2.7504159,1.33749386,1.38221312
243.323,0.88655915,0.888289619,0.83355256,0.839761208,2.85165404,2.74784545,1.33683708,1.38185216
243.42300000000003,0.888179437,0.887795892,0.836760287,0.842430129,2.85254308,2.74867565,1.33638034,1.38344783
243.52299999999997,0.887883846,0.886389387,0.844274035,0.850296949,2.85350195,2.74949869,1.33473083,1.38425268
243.623,0.887336326,0.88864362,0.828717166,0.83465426,2.85113713,2.74714719,1.33510349,1.38409957
243.72299999999998,0.887117469,0.887804168,0.847369335,0.853048461,2.85422102,2.75025142,1.33640356,1.38326777
243.823,0.88828349,0.886552772,0.833734169,0.839807432,2.85181919,2.74771548,1.33607164,1.38257014
243.923,0.887799872,0.888183473,0.836682327,0.842217264,2.85266524,2.74850655,1.33574829,1.3840326
244.02300000000002,0.886390111,0.887884655,0.84442944,0.850313985,2.85366698,2.74936807,1.33407645,1.38487374
244.12300000000002,0.888639021,0.887331607,0.828770228,0.83457246,2.85130445,2.74696844,1.3338841,1.38527435
244.22299999999998,0.887810333,0.887123476,0.847394142,0.852934169,2.8543806,2.75007844,1.33522765,1.38440798
244.32299999999998,0.886546575,0.888277573,0.833913293,0.839850728,2.85199353,2.74757651,1.33515573,1.38343883
244.423,0.888187443,0.887803783,0.836603682,0.842003341,2.85279536,2.74832957,1.33501429,1.38471904
244.523,0.887885043,0.886390271,0.844595601,0.850341317,2.85383696,2.74923569,1.33342763,1.38548895
244.62300000000002,0.887326798,0.888634335,0.828823558,0.834490935,2.85144751,2.74681472,1.33329252,1.38581688
244.723,0.887130123,0.887817151,0.847409418,0.852810299,2.85451623,2.74992792,1.33476162,1.38483905
244.823,0.888271458,0.8865402,0.83410152,0.839902726,2.85215359,2.7474522,1.33477991,1.38377089
244.92299999999997,0.887807585,0.888191308,0.83652885,0.841793026,2.85291187,2.7481662,1.33470974,1.3849777
245.01699999999997,0.888197309,0.88622282,0.84219839,0.84753192,2.85504351,2.74611811,1.32050532,1.38987509
245.117,0.887577376,0.888578529,0.830501691,0.835842971,2.85811614,2.74103489,1.18534282,1.52508907
245.21099999999998,0.887735094,0.88586328,0.846476391,0.851812669,2.86290781,2.74857098,1.24116209,1.55170044
245.31099999999998,0.887112832,0.888577198,0.829226778,0.834735064,2.85684322,2.74082301,1.22115975,1.58024546
245.411,0.887406559,0.887846515,0.84580687,0.850935534,2.85742232,2.74487671,1.25547788,1.50657878
245.511,0.888151267,0.886414934,0.837036128,0.842643415,2.85488239,2.74509772,1.29523592,1.44758558
245.61100000000002,0.887747682,0.888382996,0.833623938,0.838762956,2.85358393,2.74611174,1.3256803,1.4074783
245.711,0.886496344,0.887841597,0.846719778,0.852065985,2.85472741,2.74895115,1.3444521,1.3812405
245.81099999999998,0.888580876,0.887116762,0.829126736,0.834529446,2.85142835,2.74662757,1.35610973,1.36635292
245.91099999999997,0.88785482,0.887414752,0.845672376,0.850673073,2.85411702,2.7498002,1.36246961,1.35972673
246.011,0.886410493,0.888147084,0.837202335,0.842676495,2.85232448,2.74808309,1.36372395,1.35602937
246.111,0.888385347,0.887749904,0.833563654,0.838568352,2.85209847,2.74794036,1.36462739,1.35570041
246.211,0.887843857,0.886498458,0.846857089,0.852064301,2.85395049,2.74993302,1.36544706,1.35387327
246.311,0.887107532,0.888572402,0.829242218,0.834509819,2.85103641,2.74709132,1.36578507,1.35275018
246.41100000000003,0.88742097,0.88786116,0.845633937,0.850495827,2.85395248,2.7499727,1.3653278,1.35407905
246.51099999999997,0.888142537,0.886405688,0.837400853,0.842737577,2.85235035,2.74812159,1.36238656,1.3552394
246.611,0.887751521,0.888386996,0.833520909,0.838389203,2.85218827,2.74782776,1.36074601,1.35792137
246.71099999999998,0.886500615,0.887846166,0.846997325,0.852064693,2.85415325,2.74977431,1.35964256,1.35839578
246.811,0.88856584,0.887100825,0.829337162,0.834468667,2.85125178,2.74688893,1.35941293,1.35807293
246.911,0.88786803,0.887427764,0.845585902,0.85030821,2.85415484,2.74974499,1.35897435,1.3595927
247.01100000000002,0.886400968,0.888138075,0.837598611,0.842797367,2.85259506,2.74792336,1.35611348,1.36082718
247.11100000000002,0.88838884,0.887753258,0.833470335,0.838203322,2.85239548,2.74758311,1.3546003,1.36350329
247.21099999999998,0.887848598,0.886502893,0.847134624,0.852062096,2.8543952,2.74956636,1.35373241,1.36387174
247.31099999999998,0.887094277,0.888559445,0.829440285,0.834435656,2.85147545,2.74667336,1.35382177,1.3632926
247.411,0.887434587,0.887874945,0.845544769,0.850127259,2.85435037,2.74951811,1.35376473,1.36450796
247.511,0.888133669,0.886396303,0.837799506,0.842859974,2.8528236,2.74773744,1.35117636,1.36551882
247.61100000000002,0.887754824,0.888390561,0.833430023,0.838027817,2.85257656,2.74735985,1.3498928,1.36799732
247.711,0.886505716,0.887851597,0.847280783,0.852067991,2.854626,2.7493658,1.34892787,1.36852206
247.811,0.888552974,0.887087649,0.829547051,0.834405885,2.85168745,2.74646818,1.34929241,1.36767627
247.91099999999997,0.887882082,0.88744174,0.845490322,0.849932622,2.85453005,2.74930478,1.3496335,1.36852864
248.011,0.886391735,0.888129357,0.837997404,0.842919183,2.85303691,2.74756571,1.34730735,1.3692944
248.111,0.888392243,0.887756441,0.833374386,0.837835858,2.85275459,2.74714171,1.34609328,1.37170737
248.21099999999998,0.887853759,0.886507731,0.847406531,0.852052757,2.85484554,2.74917563,1.34503042,1.37236623
248.311,0.887080978,0.888546464,0.829652589,0.834374442,2.85189228,2.74627018,1.34553308,1.37137405
248.411,0.887448466,0.887888903,0.845444662,0.849746462,2.85470386,2.74909618,1.34621827,1.37190375
248.51100000000002,0.888125141,0.886387262,0.838199151,0.842981896,2.85324093,2.74740311,1.34418202,1.37238666
248.61099999999996,0.887757885,0.8883938,0.833329067,0.837654338,2.85291353,2.74694119,1.3431775,1.37458437
248.71099999999998,0.886510345,0.887856544,0.84754212,0.852046859,2.85505704,2.74899226,1.34186314,1.37552331
248.81099999999998,0.888539885,0.887074232,0.829761895,0.834346346,2.85209171,2.74607806,1.34237408,1.37450824
248.911,0.887896264,0.887455756,0.845382041,0.849543822,2.85486537,2.74890204,1.34349558,1.37461694
249.011,0.886382677,0.888120805,0.838399529,0.843043038,2.85342451,2.74726075,1.34196897,1.37459432
249.11100000000002,0.888395266,0.887759235,0.833284753,0.837473591,2.85305182,2.74676154,1.34117823,1.37656887
249.211,0.887859326,0.886513,0.84767773,0.852040412,2.85524341,2.74883302,1.33974842,1.37764838
249.31099999999998,0.887067426,0.888533249,0.829873198,0.834319875,2.85227539,2.74590226,1.33998007,1.37689589
249.41099999999997,0.887462314,0.887902905,0.845333739,0.849354413,2.85501606,2.74871494,1.34139277,1.37672749
249.511,0.888116684,0.886378292,0.838595184,0.843099007,2.85360065,2.74712609,1.34026093,1.37631254
249.611,0.887760498,0.888396647,0.833241008,0.837293108,2.85318297,2.74658932,1.33964536,1.37810074
249.711,0.886515777,0.887862272,0.847806961,0.852028189,2.85540605,2.74869723,1.33833786,1.37908086
249.811,0.888526574,0.887060575,0.829985267,0.834294151,2.85242475,2.74576138,1.3386967,1.37818258
249.91100000000003,0.88790963,0.887468958,0.845286379,0.849165923,2.85513459,2.74855934,1.34031917,1.37781747
250.00500000000002,0.887649969,0.88562318,0.828833876,0.832927373,2.85393548,2.7470732,1.34245115,1.37954302
250.10499999999996,0.887873821,0.888106497,0.837627052,0.841322586,2.85603509,2.7325014,1.11644311,1.53523763
250.2006,0.888954981,0.887525252,0.823650761,0.827891506,2.86104325,2.74024803,1.12492003,1.49664471
250.29899999999998,0.887650199,0.888522346,0.831482864,0.835355654,2.86291174,2.73770269,1.09853004,1.57435252
250.399,0.886689169,0.887854719,0.848887095,0.852809771,2.86214341,2.74274815,1.16160542,1.53526794
250.499,0.888430981,0.886840663,0.831499467,0.835647905,2.85725398,2.74241953,1.22893199,1.47107586
250.59900000000002,0.887923015,0.887740412,0.842398795,0.846040505,2.8571105,2.74587056,1.29209608,1.4240398
250.699,0.886319066,0.888023073,0.841760062,0.845889072,2.85535856,2.74644642,1.32953024,1.38781648
250.79900000000004,0.888516361,0.887643156,0.831203628,0.835009108,2.85315301,2.74579504,1.3538029,1.36471014
250.89899999999997,0.887861174,0.886695493,0.848869971,0.852677996,2.85539435,2.7491151,1.36986927,1.34888863
250.999,0.886833887,0.888424445,0.831604291,0.835626373,2.85215733,2.74647433,1.3788224,1.33951251
251.099,0.88774644,0.887929049,0.84230831,0.845813966,2.8540033,2.74863569,1.38322507,1.33641293
251.199,0.888020908,0.886316659,0.841947966,0.845937721,2.85358903,2.74821313,1.38345192,1.33522298
251.299,0.88764187,0.888515184,0.831198111,0.834867659,2.85213137,2.74677695,1.38350612,1.33595618
251.399,0.886700402,0.887866218,0.848958912,0.852625791,2.85488447,2.7496295,1.38415326,1.33537397
251.49900000000002,0.88841693,0.886826138,0.831741876,0.835626518,2.851951,2.74669817,1.38357075,1.33533618
251.599,0.88793498,0.887752368,0.842230659,0.8455966,2.85395211,2.7486355,1.38218581,1.33785225
251.69899999999998,0.886314279,0.888018768,0.842140491,0.845989369,2.85370169,2.74813781,1.37881064,1.34012378
251.79899999999998,0.88851383,0.887640429,0.831199428,0.834731526,2.85230529,2.74657198,1.37644361,1.34316219
251.899,0.887871311,0.886705362,0.849046781,0.852571742,2.85512234,2.74939921,1.37562405,1.34398867
251.999,0.886818958,0.888409995,0.831897269,0.835643593,2.85221323,2.74645856,1.37464273,1.3442785
252.09900000000002,0.887758154,0.88794076,0.842153023,0.845378737,2.85418613,2.74835481,1.37323139,1.3467922
252.199,0.888016704,0.886311976,0.842332914,0.846040455,2.85398115,2.74789961,1.36999049,1.34891883
252.29899999999998,0.887638876,0.888512394,0.831199213,0.834594109,2.85254941,2.7462991,1.36784673,1.35171262
252.39899999999997,0.886710389,0.887876473,0.849131492,0.8525144,2.85537971,2.74915136,1.36737315,1.35221059
252.499,0.888406202,0.886814046,0.832024958,0.835634122,2.85246742,2.74621964,1.36680648,1.35206825
252.599,0.887946902,0.887764309,0.842076806,0.845162302,2.85439322,2.74810211,1.3659691,1.35400517
252.699,0.886309758,0.888014724,0.842524601,0.846090556,2.85422804,2.74769456,1.36305462,1.35581326
252.799,0.888511191,0.887637635,0.831211927,0.834468455,2.85276021,2.74605905,1.36122749,1.35827363
252.89900000000003,0.88788154,0.88671532,0.849218378,0.852458811,2.85561589,2.7489237,1.36067122,1.35888325
252.99899999999997,0.88680628,0.888398595,0.832184501,0.83565475,2.85270439,2.74600913,1.36045731,1.35836793
253.099,0.887770015,0.887952571,0.841992714,0.84493759,2.85458123,2.74786789,1.36008845,1.35983548
253.19899999999998,0.888012833,0.88630763,0.842714756,0.846138769,2.85445572,2.74750865,1.35746868,1.36135705
253.299,0.887635795,0.888509467,0.831210438,0.834328849,2.85296285,2.7458293,1.35568318,1.36376525
253.399,0.886720605,0.887886958,0.849296253,0.852393357,2.85586094,2.7486869,1.35468487,1.364842
253.49900000000002,0.88839126,0.886798772,0.832348076,0.835679027,2.85294565,2.74579393,1.35472599,1.36404974
253.59900000000002,0.887958204,0.887775666,0.841914319,0.844718212,2.85477013,2.74763267,1.35490899,1.3649644
253.69899999999998,0.886305553,0.888010992,0.842906616,0.846188364,2.85467429,2.74733179,1.35278811,1.36599349
253.79899999999998,0.88850768,0.887633876,0.831215861,0.834196158,2.85313933,2.74562608,1.35136515,1.36802682
253.899,0.887892308,0.886725823,0.849373839,0.852327957,2.85604698,2.74850821,1.35068525,1.36880445
253.999,0.886791302,0.888383971,0.832512821,0.835704429,2.85313243,2.74563383,1.3510559,1.36767059
254.09900000000002,0.887781053,0.887963571,0.841826329,0.844489388,2.85490467,2.74745105,1.35168396,1.36814127
254.199,0.888009264,0.886303592,0.843096726,0.84623606,2.85484816,2.74719957,1.34984058,1.36890129
254.299,0.887631846,0.888505783,0.831222753,0.834064737,2.85328001,2.74545923,1.34851553,1.37082398
254.39899999999997,0.886731077,0.887897683,0.84945126,0.852261598,2.85622753,2.74833461,1.34751782,1.37194135
254.499,0.888376727,0.886783869,0.832678931,0.835730745,2.85331927,2.74547379,1.34784798,1.3708329
254.599,0.887969144,0.887786654,0.841748018,0.844269764,2.85504364,2.74726551,1.34880489,1.37097504
254.69899999999998,0.886301698,0.888007604,0.84328676,0.846283299,2.85502354,2.74706577,1.34723644,1.37146752
254.799,0.88850377,0.887629698,0.831231777,0.833935162,2.85341728,2.74529634,1.34610832,1.37317966
254.899,0.88790316,0.886736422,0.849524087,0.852190947,2.85637606,2.74819175,1.34529825,1.37412663
254.9985,0.886521205,0.888252229,0.835083667,0.838086398,2.85377238,2.74564993,1.34578188,1.37273696
255.09300000000002,0.887961793,0.887375761,0.846456219,0.848723341,2.86556213,2.73757788,1.13262459,1.57091705
255.19299999999998,0.886378059,0.888121486,0.839387976,0.84223034,2.86520578,2.73965181,1.14078733,1.62407128
255.28699999999998,0.887931295,0.888014946,0.838794241,0.840999636,2.86704002,2.73430872,1.07651118,1.71737481
255.38699999999997,0.886318274,0.88795068,0.845991934,0.848676905,2.8649093,2.73757086,1.12954674,1.66146125
255.487,0.888536906,0.887446524,0.830458894,0.83302521,2.85910942,2.7382499,1.21186268,1.54144164
255.587,0.887935518,0.886976773,0.849066706,0.851446076,2.85965094,2.74439719,1.28786858,1.44906049
255.687,0.886580625,0.888262309,0.835328084,0.838070245,2.85528891,2.74389995,1.33724941,1.38871991
255.787,0.888029347,0.887948256,0.838445695,0.840639215,2.85503349,2.74610743,1.36885258,1.35465347
255.88700000000003,0.887952611,0.886319977,0.84602679,0.84861606,2.85524605,2.74770267,1.38633122,1.33443227
255.98699999999997,0.887442452,0.888532979,0.830456005,0.832901164,2.85240679,2.74580224,1.39759455,1.32234286
256.087,0.886983622,0.887942509,0.849070386,0.85131273,2.85529007,2.74923163,1.40447234,1.31559964
256.187,0.888256221,0.886574269,0.83551068,0.838115662,2.85268343,2.74678113,1.40578433,1.31244666
256.287,0.887952199,0.888033391,0.838369172,0.840424453,2.85351301,2.7476814,1.40539341,1.31395579
256.387,0.886320742,0.887953441,0.84618357,0.848630799,2.85448452,2.74855044,1.40245895,1.31566311
256.487,0.888528286,0.887437612,0.830515909,0.832822557,2.85208778,2.74613824,1.40061723,1.31743002
256.58700000000005,0.887948655,0.886989643,0.849096895,0.851196332,2.85523303,2.74929502,1.40017288,1.31847953
256.68699999999995,0.886568077,0.888250314,0.835692511,0.838157893,2.85279931,2.74671248,1.39748712,1.31960614
256.787,0.888037355,0.887956058,0.838293036,0.840208958,2.85367974,2.7474763,1.39484015,1.32358765
256.887,0.887953851,0.886320944,0.846351472,0.84865594,2.85474774,2.74833241,1.39072674,1.3266618
256.987,0.887432821,0.888523648,0.830569583,0.832736829,2.85238087,2.74583913,1.38786599,1.32956791
257.087,0.886996326,0.887955467,0.849113066,0.851069101,2.85553572,2.74898164,1.38731164,1.33085781
257.187,0.888244224,0.886561722,0.835882886,0.838208104,2.8531231,2.74642681,1.38508817,1.33159616
257.28700000000003,0.88795981,0.888041214,0.838220618,0.839996858,2.8539547,2.74715591,1.38297735,1.33510789
257.387,0.886321222,0.887954333,0.846519283,0.848680646,2.85505787,2.74806217,1.37938874,1.33773365
257.48699999999997,0.888518851,0.887427868,0.830627678,0.832655779,2.85265919,2.74555109,1.37702286,1.34017356
257.587,0.887962299,0.887003033,0.849126871,0.850939387,2.8557999,2.74870306,1.37704057,1.34095233
257.687,0.88655503,0.888237981,0.836062341,0.838247244,2.8533963,2.74619085,1.37549989,1.34103074
257.787,0.88804493,0.887963412,0.838147462,0.839783898,2.85417774,2.74688562,1.37394747,1.3440056
257.887,0.887954903,0.886321587,0.846685722,0.848703746,2.85531955,2.74783877,1.37072555,1.34630466
257.987,0.88742272,0.888513839,0.830690496,0.832578538,2.8529134,2.74528693,1.36829867,1.34880411
258.087,0.887009761,0.887969146,0.849138739,0.850807215,2.85604891,2.74843789,1.36844726,1.34948746
258.18699999999995,0.88823048,0.886546833,0.836223611,0.838268099,2.85365722,2.74596586,1.36746534,1.34901018
258.287,0.887967055,0.888048694,0.838071851,0.839568201,2.85438068,2.746635,1.3665989,1.35130365
258.387,0.886322044,0.887955561,0.846850478,0.848724884,2.8555568,2.74763905,1.36379802,1.35320814
258.487,0.888508874,0.887417593,0.830751905,0.832500246,2.85312102,2.74506946,1.36170223,1.35536221
258.587,0.887976022,0.887016523,0.849147174,0.850671594,2.85624379,2.74822573,1.36223129,1.35568992
258.687,0.886540949,0.888224804,0.836422166,0.838325934,2.85386852,2.74579101,1.3616889,1.35477063
258.78700000000003,0.888052415,0.887970654,0.838005059,0.839361225,2.85454266,2.74642485,1.36119546,1.35669074
258.887,0.887956286,0.886322571,0.847015986,0.848746592,2.85575742,2.74747562,1.35865473,1.35835744
258.98699999999997,0.887412363,0.888503856,0.830824509,0.832432133,2.85329728,2.74488308,1.35681864,1.36023379
259.087,0.88702333,0.887982936,0.849157864,0.850537873,2.85642073,2.74803069,1.35723111,1.36069973
259.187,0.888219276,0.886535205,0.836618281,0.83838096,2.85406409,2.74563282,1.35704735,1.35941666
259.28700000000003,0.887974221,0.8880561,0.837929971,0.83914583,2.85468258,2.74623737,1.35703331,1.36085397
259.387,0.886323196,0.887957109,0.847178627,0.848765249,2.85593495,2.74733496,1.35474126,1.36229262
259.487,0.88849866,0.887407018,0.830886022,0.832353251,2.85346006,2.74471176,1.35285086,1.36420384
259.587,0.887989815,0.887030107,0.849159287,0.850394253,2.85660228,2.74783014,1.35274451,1.36520893
259.687,0.886529386,0.888213673,0.836816521,0.838437778,2.85426216,2.74547176,1.35288649,1.36359383
259.787,0.888059598,0.887977591,0.837860915,0.83893618,2.85482247,2.7460501,1.35341347,1.36448496
259.887,0.887957996,0.886323889,0.847342296,0.848784732,2.85610427,2.74720225,1.3515503,1.36551424
259.987,0.887401625,0.888493432,0.830953723,0.832280636,2.85359915,2.74456475,1.34994422,1.36712001
260.081,0.887962942,0.886684606,0.850520517,0.851499834,2.8660422,2.73481179,1.110199,1.60880855
260.18100000000004,0.886821268,0.888348494,0.833533859,0.834876234,2.86880528,2.73716292,1.02219751,1.54774283
260.27500000000003,0.888010394,0.887278289,0.847589727,0.848356367,2.87213411,2.73209848,0.977393737,1.67585297
260.375,0.886388691,0.888123482,0.839956386,0.841307891,2.8684886,2.73448628,1.03998501,1.67575944
260.47499999999997,0.888245936,0.887901624,0.835158373,0.836063091,2.86218341,2.73712804,1.14350402,1.57601363
260.575,0.887942818,0.886419427,0.849201596,0.850361116,2.86083993,2.74269024,1.2225765,1.47202111
260.675,0.88716882,0.888452602,0.831440874,0.832626964,2.85619899,2.74253907,1.30872144,1.40447652
260.775,0.887306318,0.888036435,0.847127012,0.847938671,2.85706872,2.74670185,1.36093815,1.35720768
260.875,0.888121686,0.886386684,0.840000185,0.84128069,2.85461809,2.74610708,1.39046921,1.32717979
260.975,0.887903736,0.888248198,0.835050094,0.835842372,2.85358011,2.74623755,1.40784761,1.31112352
261.075,0.886422306,0.887945829,0.849303285,0.850330935,2.85533899,2.74868916,1.41670467,1.30216259
261.17499999999995,0.888446104,0.887162136,0.831545559,0.832596105,2.85218035,2.7460525,1.42220482,1.29655487
261.275,0.888043099,0.887312937,0.847077555,0.847747689,2.85477852,2.74889716,1.42497592,1.29485153
261.375,0.886382115,0.888117366,0.840203149,0.841342954,2.85337811,2.74738536,1.42337091,1.29542052
261.475,0.888249646,0.887905026,0.835007716,0.835661671,2.8529265,2.74684935,1.42108443,1.29875176
261.575,0.887948563,0.88642495,0.849442283,0.850326238,2.85511632,2.74893586,1.41777924,1.3017085
261.675,0.88715526,0.888439417,0.831661266,0.832572289,2.85219098,2.7460467,1.41564641,1.30350659
261.77500000000003,0.8873196,0.888049804,0.847033455,0.847560601,2.85490182,2.7487331,1.41425364,1.30579617
261.875,0.888113263,0.886377755,0.840400691,0.841399024,2.85361827,2.74718347,1.41051028,1.30837792
261.97499999999997,0.887906229,0.888251009,0.834965891,0.835481061,2.85317807,2.74655603,1.40703053,1.31282368
262.075,0.886427227,0.887950759,0.849575776,0.850313859,2.85544353,2.74863651,1.40300755,1.31647969
262.175,0.888432758,0.887148408,0.831773695,0.832544463,2.852546,2.7457009,1.40016668,1.31896064
262.27500000000003,0.888057298,0.887327067,0.846979667,0.847363281,2.85522196,2.7483721,1.39913309,1.32086475
262.375,0.886373504,0.888109266,0.84060285,0.841459248,2.85396711,2.74687608,1.39609008,1.32272771
262.475,0.888252261,0.887907318,0.834927235,0.835303302,2.85347633,2.74621794,1.39328213,1.3264908
262.575,0.887953834,0.886430148,0.849704342,0.850298742,2.85576376,2.74834184,1.38989991,1.3295261
262.675,0.887141477,0.888426025,0.831889505,0.83252021,2.85284809,2.74540981,1.38768137,1.33137886
262.775,0.887333735,0.888063998,0.846930634,0.847170748,2.85548363,2.74807258,1.38732793,1.33261291
262.875,0.888105422,0.886369372,0.840798252,0.841512581,2.85424987,2.74663399,1.38505464,1.33369804
262.975,0.887908341,0.888253448,0.834889178,0.835125998,2.85371407,2.74594112,1.38277698,1.33692525
263.07500000000005,0.886433159,0.887956996,0.849831115,0.850281631,2.85602858,2.74810206,1.37981758,1.33955753
263.175,0.888419255,0.887134509,0.832008867,0.832498822,2.85312525,2.74514449,1.37752687,1.34148197
263.275,0.888070674,0.887340383,0.846880219,0.84697646,2.85572208,2.74779578,1.37755908,1.34233231
263.375,0.886365779,0.888102127,0.840988756,0.841560577,2.85450621,2.74641884,1.37600486,1.34269066
263.475,0.888254531,0.887909258,0.834850609,0.834947961,2.85392192,2.74569464,1.37432658,1.34530863
263.575,0.887960246,0.886436261,0.849955884,0.8502623,2.85626016,2.74789494,1.37181994,1.34750769
263.675,0.887127491,0.888412442,0.832127947,0.832477399,2.85334326,2.74493859,1.36992722,1.34902291
263.77500000000003,0.887347019,0.888077332,0.84682742,0.8467798,2.85590315,2.74757636,1.37041029,1.3494343
263.875,0.888098258,0.886361672,0.841192888,0.841622211,2.85471445,2.74625195,1.36935793,1.34928834
263.97499999999997,0.88791003,0.888255471,0.834818217,0.834775984,2.85408621,2.74549215,1.36804053,1.35153509
264.075,0.886439437,0.887963567,0.850080277,0.850242453,2.85645207,2.74772686,1.36581049,1.35347535
264.175,0.888405597,0.887120424,0.83225422,0.832462593,2.8535371,2.74475826,1.36405849,1.35483839
264.275,0.888083925,0.887353596,0.846775679,0.846583957,2.85606357,2.74737706,1.36466729,1.3551357
264.375,0.886357445,0.888093983,0.841373791,0.841660742,2.85490251,2.74610964,1.36403671,1.35456536
264.475,0.888256338,0.887910731,0.834782009,0.834600099,2.85422343,2.74531714,1.36320406,1.35631465
264.57500000000005,0.887966985,0.886442712,0.850201863,0.850219675,2.85661615,2.74758601,1.36123755,1.35800996
264.67499999999995,0.887113037,0.888398501,0.832379422,0.832445795,2.85372104,2.74458686,1.35929831,1.3595458
264.775,0.887360213,0.888090553,0.846718616,0.846382426,2.85622226,2.74717902,1.35967347,1.36009245
264.875,0.888090537,0.886353734,0.841576031,0.841720035,2.85508283,2.74597074,1.35950762,1.3590527
264.975,0.887911129,0.888256906,0.834753317,0.834431557,2.85435125,2.74515148,1.35918985,1.36027515
265.069,0.887941027,0.886258956,0.84819549,0.847874304,2.86767946,2.73331402,1.13565588,1.5608445
265.169,0.887470077,0.888440171,0.831864957,0.83157442,2.86858865,2.7337486,1.04534525,1.69266054
265.26300000000003,0.888032759,0.886660697,0.851451623,0.85090928,2.87392805,2.72889198,0.982522714,1.80191911
265.363,0.886872752,0.888322258,0.834189266,0.834004652,2.87004645,2.72952584,0.995450628,1.80355482
265.463,0.887620692,0.88810388,0.843776011,0.843153935,2.86570632,2.73503154,1.11821955,1.65960812
265.563,0.888032827,0.886284665,0.844546392,0.844437656,2.86173344,2.73957103,1.23067928,1.51048984
265.663,0.887771502,0.888371263,0.832978462,0.832526969,2.85705668,2.74138912,1.3166781,1.41240372
265.763,0.886616106,0.887994752,0.851054991,0.850646972,2.8579078,2.74655532,1.37331847,1.35075779
265.863,0.888316537,0.886866809,0.834160112,0.833935034,2.85360607,2.74498825,1.40869946,1.31207087
265.963,0.888110081,0.887626943,0.843614764,0.842888332,2.85468809,2.74770903,1.42939662,1.29157247
266.06300000000005,0.886282946,0.888031327,0.844707414,0.844469317,2.8540963,2.74785826,1.43780394,1.28104247
266.163,0.888369555,0.887769628,0.83297413,0.832389192,2.85229039,2.74643716,1.44138105,1.27764154
266.263,0.888000147,0.886621407,0.851128057,0.850578866,2.85511818,2.74948819,1.44242302,1.27654354
266.363,0.886859363,0.888309281,0.834323597,0.833960109,2.85206856,2.74662637,1.4421204,1.27549433
266.463,0.88763256,0.888115632,0.843537676,0.842670476,2.8538881,2.74851171,1.44085656,1.27801397
266.563,0.888029607,0.886281008,0.844899181,0.844518922,2.85381445,2.74821275,1.43592149,1.28144974
266.663,0.887768558,0.888368524,0.832975747,0.832253026,2.85226151,2.7464577,1.43158348,1.28632064
266.76300000000003,0.8866267,0.88800552,0.85120647,0.85051381,2.85528777,2.74933843,1.42797058,1.29013882
266.863,0.888302054,0.886851939,0.834491697,0.833988584,2.85234742,2.74638139,1.42523194,1.29167558
266.96299999999997,0.888122112,0.887638787,0.843442386,0.842434467,2.85417251,2.74818665,1.42312564,1.29516976
267.063,0.886279186,0.888028002,0.845086157,0.844563308,2.85416583,2.74790693,1.41807095,1.29883666
267.163,0.888365592,0.887765328,0.832991183,0.832129387,2.85259303,2.74610153,1.41383471,1.30367082
267.263,0.888011009,0.886632097,0.851276471,0.850440218,2.85564985,2.74898491,1.41032375,1.30748075
267.363,0.886844569,0.888294887,0.834656591,0.834013571,2.85271605,2.74604107,1.40815694,1.30848759
267.463,0.887644126,0.888127343,0.843363565,0.842214115,2.8544869,2.74782573,1.40689813,1.31118426
267.56300000000005,0.888026596,0.886277565,0.845277909,0.844612163,2.85451274,2.74760247,1.40261232,1.31413015
267.66299999999995,0.887763001,0.888363435,0.833003158,0.83200248,2.85289784,2.74577063,1.39901164,1.31834045
267.763,0.886637723,0.888016677,0.851350231,0.850369543,2.85597808,2.74866265,1.39585779,1.32184034
267.863,0.888287758,0.886837231,0.834825043,0.834041687,2.85305317,2.74573161,1.39402254,1.32252392
267.963,0.888133179,0.887649836,0.843275532,0.841987494,2.85476354,2.74749343,1.39363304,1.32437223
268.063,0.886275906,0.888025156,0.845462911,0.84465409,2.85481093,2.74734598,1.39033262,1.32635739
268.163,0.888361176,0.88776057,0.833015733,0.83187598,2.85315126,2.74549121,1.38737009,1.32992124
268.26300000000003,0.888022499,0.886643507,0.851425734,0.850299783,2.8562435,2.74840222,1.38474167,1.33292597
268.363,0.886829929,0.88828067,0.834994613,0.834070653,2.85333977,2.74547285,1.38289472,1.3336167
268.46299999999997,0.887654666,0.888137879,0.843193905,0.841763836,2.85499355,2.74721604,1.3832002,1.33478057
268.563,0.88802344,0.886273976,0.845649762,0.844697654,2.85506346,2.74713621,1.38076385,1.33591908
268.663,0.88775802,0.888358798,0.833030186,0.831751193,2.85335926,2.74525776,1.37835039,1.33891902
268.76300000000003,0.886649082,0.888028166,0.851490308,0.85022031,2.85645712,2.74819187,1.37619054,1.34147979
268.863,0.88827364,0.886822679,0.83516388,0.834099512,2.85355768,2.74528297,1.37479872,1.34170424
268.963,0.888142975,0.887659895,0.843117559,0.841545509,2.85516061,2.74700166,1.3756276,1.34235118
269.063,0.886272455,0.888022126,0.845838627,0.844743188,2.85526222,2.74697915,1.37373011,1.34296692
269.163,0.888356291,0.887755339,0.833048676,0.831630342,2.85352078,2.74507149,1.37162546,1.34564073
269.263,0.88803366,0.88665449,0.851560829,0.850147053,2.85662218,2.74802797,1.36981575,1.34787413
269.363,0.88681543,0.88826662,0.835337209,0.834132034,2.85374993,2.74511927,1.36838734,1.34812282
269.463,0.88766507,0.888148016,0.84304155,0.841327375,2.85530579,2.74680896,1.36953647,1.348454
269.563,0.888020925,0.886271135,0.846014586,0.844775729,2.8554332,2.74684962,1.36824868,1.34847488
269.663,0.887752579,0.888353704,0.833065728,0.831507992,2.85365168,2.74491643,1.36651283,1.35076073
269.763,0.88666043,0.888039688,0.851613168,0.850054823,2.85676788,2.74788527,1.36489193,1.35282647
269.863,0.88825969,0.88680827,0.835507104,0.834161205,2.85391116,2.74498682,1.36348305,1.3530428
269.96299999999997,0.888153018,0.887670208,0.842963835,0.841107583,2.85541816,2.74664889,1.36498949,1.35301955
270.057,0.888133392,0.886410377,0.842610529,0.840846014,2.86647413,2.7341011,1.15743357,1.57476122
270.157,0.887982956,0.888178276,0.836028789,0.834069491,2.87037223,2.72949001,0.912810215,1.58267871
270.251,0.887873546,0.886134844,0.848723013,0.846802076,2.87497795,2.72590398,0.916126056,1.72235106
270.351,0.887541953,0.888382879,0.832693696,0.830870665,2.87449584,2.72795076,0.899087731,1.80416714
270.451,0.886889819,0.888091575,0.850954984,0.849059153,2.8700443,2.7354424,1.05364634,1.69250587
270.55100000000004,0.888177194,0.886594291,0.838088834,0.836556811,2.8610164,2.73728992,1.17542999,1.54256109
270.65099999999995,0.888120245,0.887897171,0.839813904,0.837747646,2.85938524,2.74258121,1.27034092,1.42738766
270.751,0.88627801,0.887999148,0.848650197,0.847000759,2.85776646,2.74574412,1.3549325,1.35986185
270.851,0.888381364,0.887540327,0.832544008,0.830714583,2.85356806,2.74468115,1.40331347,1.31420316
270.951,0.888099336,0.886897504,0.850878254,0.8488876,2.8556094,2.74876507,1.43303881,1.2855931
271.051,0.886588861,0.888171972,0.838248072,0.83659541,2.85269213,2.74704935,1.44981715,1.26813038
271.151,0.887901005,0.888123921,0.839724345,0.837528404,2.85293491,2.7479697,1.45829099,1.26120434
271.25100000000003,0.88799993,0.886278621,0.848810964,0.847022127,2.85398447,2.74926161,1.4598442,1.25919451
271.351,0.887535078,0.888376299,0.832605751,0.830639416,2.85143568,2.74678572,1.45878085,1.26055262
271.45099999999996,0.886904323,0.888106219,0.850881765,0.848749238,2.85446268,2.74989793,1.45764638,1.26229451
271.551,0.888166342,0.886583021,0.838445382,0.836654039,2.85217873,2.74760136,1.45536207,1.26353127
271.651,0.888127435,0.887904677,0.839649132,0.837314825,2.85274977,2.7481065,1.45237147,1.26773105
271.75100000000003,0.886279286,0.888000763,0.84897306,0.847042422,2.8540732,2.74920629,1.44697495,1.27242573
271.851,0.888371315,0.887529912,0.832677888,0.830573865,2.8516354,2.74657414,1.44197781,1.27751142
271.951,0.888113101,0.886911149,0.850885777,0.848610588,2.85475719,2.74958163,1.43842086,1.28160048
272.051,0.886577206,0.88816074,0.838643612,0.836713047,2.85254241,2.74727253,1.43521857,1.28366569
272.151,0.887908141,0.888130796,0.83957088,0.837098003,2.85308248,2.74772569,1.43228861,1.28773565
272.251,0.888001685,0.886280043,0.849132658,0.847059966,2.85445398,2.74886121,1.42720307,1.29211379
272.351,0.887524303,0.888365897,0.832737702,0.830494917,2.8520051,2.74619829,1.4225595,1.29682925
272.451,0.886918017,0.888120022,0.850883666,0.848465702,2.85511585,2.74920203,1.41942513,1.30051637
272.55100000000004,0.888155186,0.886571436,0.838840901,0.836770881,2.85291741,2.74693428,1.4169974,1.3018007
272.651,0.888134064,0.887911585,0.839502463,0.836890751,2.85339748,2.74736403,1.41501173,1.30491163
272.751,0.886280829,0.888002633,0.849294315,0.847079343,2.85479881,2.74855216,1.41070977,1.30852087
272.851,0.88835921,0.887517615,0.832821121,0.830440419,2.85231968,2.74588158,1.40675676,1.3125341
272.951,0.888127674,0.886925629,0.85087618,0.848314956,2.85542315,2.74887352,1.40412923,1.31574778
273.051,0.886565687,0.888149656,0.839040768,0.836830995,2.85324238,2.74664655,1.40227788,1.31645128
273.151,0.887914124,0.888136567,0.83942088,0.8366703,2.85365654,2.74705904,1.40118014,1.31866177
273.25100000000003,0.888003716,0.886281752,0.849451597,0.847094245,2.85508522,2.74830126,1.39771085,1.32144934
273.351,0.88751319,0.888355163,0.832877923,0.83035787,2.85257654,2.74561528,1.39435941,1.32484994
273.45099999999996,0.886931643,0.888133736,0.850879986,0.848175084,2.85569429,2.74858287,1.39179713,1.32802525
273.551,0.888144181,0.886559991,0.839237807,0.836887952,2.85353182,2.74639462,1.39024732,1.32842445
273.651,0.888139868,0.887917619,0.839354958,0.836465338,2.85388002,2.74678981,1.39000098,1.32977055
273.751,0.886282737,0.888004857,0.849612021,0.847112112,2.85533194,2.74808956,1.38732986,1.33177167
273.851,0.888349673,0.887507508,0.832951476,0.830292591,2.85279129,2.74539603,1.38458185,1.33455548
273.951,0.88814068,0.886938549,0.850872099,0.848024127,2.85588788,2.74836686,1.38257614,1.337191
274.05100000000004,0.886554337,0.888138751,0.839435785,0.836946027,2.85374414,2.74622064,1.38158069,1.33703776
274.15099999999995,0.887922052,0.888143771,0.839258974,0.83623099,2.85403442,2.74658375,1.38191219,1.33780131
274.251,0.888006433,0.886284164,0.849770596,0.847128149,2.85551411,2.7479419,1.37987393,1.33918026
274.351,0.887501756,0.888344115,0.833026285,0.83022855,2.85295072,2.74523291,1.37743754,1.34163864
274.451,0.886945612,0.888147858,0.850867827,0.847875675,2.85604334,2.74818686,1.37566544,1.34405238
274.551,0.888133364,0.886548723,0.839634872,0.837004835,2.85393775,2.74606547,1.37451221,1.34406315
274.651,0.888146583,0.88792503,0.839196283,0.836029375,2.85417063,2.74640398,1.37531631,1.34434492
274.75100000000003,0.886285402,0.888007799,0.849920913,0.847135966,2.85567027,2.74782004,1.37395953,1.34505193
274.851,0.888338489,0.887495935,0.833101794,0.830165197,2.85308025,2.7451004,1.37192764,1.34709174
274.95099999999996,0.888154815,0.886952546,0.850854739,0.847719491,2.85615583,2.74805052,1.37047053,1.34920512
275.04499999999996,0.888186639,0.886802237,0.836347581,0.832935238,2.86484555,2.7319989,1.22647051,1.47563595
275.145,0.888214786,0.88758661,0.844196941,0.840685849,2.87361559,2.73222704,0.963069594,1.74408698
275.239,0.88831798,0.886614723,0.843560979,0.840171797,2.87372039,2.7242133,0.966266697,1.82105131
275.339,0.888056944,0.888100052,0.836885522,0.833387981,2.87674301,2.72465915,0.86137133,1.93828233
275.439,0.886368198,0.888022227,0.851713639,0.848590816,2.8720332,2.73245785,1.00663979,1.79306845
275.53900000000004,0.888305428,0.887241934,0.833864836,0.830762882,2.86233754,2.73454796,1.15939983,1.59180161
275.639,0.888206212,0.887209008,0.848605357,0.845179916,2.86070928,2.74247453,1.28744023,1.44528557
275.739,0.886391983,0.888071812,0.842810084,0.839839619,2.85630307,2.74438399,1.37205709,1.35206316
275.839,0.888103515,0.888060114,0.836591039,0.83313091,2.85374811,2.74574851,1.42436699,1.29798971
275.939,0.888026157,0.886372085,0.851728835,0.848528427,2.85490414,2.7492122,1.45385961,1.26671381
276.039,0.88723496,0.888298658,0.833926263,0.830711385,2.85121349,2.74695594,1.46967762,1.24935387
276.139,0.887215801,0.888212984,0.84853626,0.844978704,2.85343191,2.75007601,1.47926089,1.24047549
276.23900000000003,0.888067962,0.886387909,0.843004789,0.839899247,2.85196003,2.74894653,1.48131902,1.23648929
276.339,0.888060851,0.888104454,0.836555134,0.832960635,2.85124711,2.74832259,1.4799071,1.23872762
276.43899999999996,0.886375321,0.888029499,0.851849804,0.848509893,2.85361146,2.75060293,1.47585718,1.24235071
276.539,0.888291825,0.887227899,0.834048783,0.830696973,2.85065095,2.74757684,1.47091642,1.24649251
276.639,0.88821958,0.887222424,0.84847993,0.84478233,2.8532769,2.75022145,1.46831554,1.25025974
276.739,0.886383782,0.888063792,0.843186023,0.839942316,2.85209062,2.74887824,1.4637533,1.25317012
276.839,0.888105105,0.888061303,0.836520711,0.832790374,2.85147695,2.74806361,1.45890328,1.25902135
276.939,0.888032924,0.886378643,0.851969411,0.848489295,2.85395598,2.75028932,1.45306361,1.26458762
277.03900000000004,0.887220472,0.888284697,0.834174812,0.830685196,2.85104923,2.74719484,1.44727966,1.26965565
277.13899999999995,0.887229021,0.888226144,0.848422311,0.844584281,2.85367599,2.74978621,1.44435355,1.27384355
277.239,0.888060363,0.886380111,0.843386418,0.840003971,2.85252441,2.74848794,1.4404867,1.27612696
277.339,0.888061863,0.888105856,0.836482809,0.832616482,2.85185613,2.74764633,1.43665025,1.28100426
277.439,0.886382061,0.888036442,0.852086428,0.848465897,2.85435564,2.74991399,1.43168163,1.28576489
277.539,0.888277772,0.88721333,0.834297792,0.830671124,2.85143468,2.74682246,1.42673474,1.29001516
277.639,0.88823269,0.887235604,0.848362064,0.844383721,2.85401894,2.74940392,1.42471485,1.29333971
277.73900000000003,0.886376322,0.888056816,0.843589119,0.840067744,2.85289058,2.748164,1.42182603,1.29467571
277.839,0.888106891,0.888062683,0.836444192,0.832441607,2.85216527,2.74729641,1.41893082,1.2986187
277.93899999999996,0.888040028,0.886385551,0.8522041,0.848442991,2.85468707,2.74960547,1.41469243,1.30268725
278.039,0.887206932,0.888271434,0.834425666,0.83066045,2.85174535,2.74652449,1.41057468,1.30610435
278.139,0.887242269,0.888239315,0.848307352,0.844188289,2.85431013,2.74907252,1.40886055,1.30914604
278.23900000000003,0.888053317,0.886372592,0.84379194,0.840131525,2.85320607,2.74788913,1.4067465,1.30972275
278.339,0.888063221,0.888107626,0.83640726,0.83226849,2.852417,2.74700644,1.40488649,1.31262368
278.439,0.886389143,0.888043714,0.852317564,0.848415833,2.8549556,2.74935894,1.40139896,1.31596846
278.539,0.88826432,0.88719955,0.834546638,0.830643761,2.85200854,2.74627577,1.39776794,1.31888541
278.639,0.888245677,0.887248679,0.848238793,0.843979231,2.85453591,2.74880597,1.39653499,1.32146141
278.739,0.886368975,0.888049935,0.843992316,0.840192687,2.85345673,2.74768073,1.39516111,1.32130751
278.839,0.888108014,0.888063398,0.836378983,0.832104027,2.85260926,2.74677661,1.39410051,1.32339767
278.939,0.888047465,0.886392805,0.852432016,0.848389598,2.85516929,2.74916675,1.39114743,1.32623215
279.039,0.887192307,0.888257309,0.834675605,0.830635415,2.85221259,2.74608634,1.38796399,1.32868496
279.139,0.887255181,0.888252132,0.848176463,0.843776002,2.85472512,2.7485757,1.38669698,1.33130787
279.239,0.888046617,0.886365425,0.844193585,0.840254534,2.85367614,2.74750378,1.38578339,1.33070199
279.339,0.88806351,0.888108445,0.836341872,0.831930517,2.85276574,2.74658382,1.38552492,1.33197624
279.43899999999996,0.886396566,0.888051312,0.852541576,0.848358522,2.85534085,2.74901598,1.38322385,1.33418097
279.539,0.888250288,0.887185053,0.834805446,0.830627977,2.85237336,2.74594084,1.38048189,1.33617409
279.639,0.888258484,0.887261565,0.84811351,0.843572082,2.85486736,2.7483919,1.37925376,1.33876884
279.73900000000003,0.886361956,0.888043376,0.844394259,0.840315721,2.85385482,2.74736773,1.37855104,1.33795986
279.839,0.888107305,0.88806175,0.836289157,0.831741705,2.85288528,2.74642954,1.37894238,1.3385689
279.93899999999996,0.888055146,0.886400322,0.852649522,0.848325841,2.85547315,2.74890379,1.37728222,1.34015524
280.03299999999996,0.888164596,0.887450274,0.834568761,0.829362865,2.86065186,2.73782154,1.28653079,1.44279161
280.133,0.888190977,0.886881328,0.852067168,0.847262732,2.86510698,2.71811071,0.848937732,1.64257717
280.227,0.888145603,0.886826293,0.836967361,0.831811389,2.87555988,2.72845675,0.92214113,1.71473257
280.327,0.888275295,0.887506705,0.845269087,0.840256125,2.88197381,2.72519527,0.764271707,1.91293773
280.427,0.886279091,0.888017192,0.847379099,0.842983357,2.87434165,2.73098038,0.930935026,1.81706134
280.527,0.888213316,0.887904964,0.83480574,0.830095265,2.86355302,2.73443779,1.11264831,1.63795639
280.627,0.888108679,0.886560182,0.853183869,0.848567992,2.86058996,2.74231944,1.22836747,1.47434432
280.72700000000003,0.886920398,0.888183631,0.836803359,0.8323389,2.85587442,2.74396355,1.33802647,1.36937625
280.827,0.887513479,0.888282102,0.844884958,0.839957151,2.85467627,2.74753458,1.41333296,1.30350482
280.92699999999996,0.888016878,0.886278592,0.847445631,0.842994159,2.8532995,2.74893286,1.45525295,1.26186389
281.027,0.887902774,0.888211322,0.834776458,0.82996233,2.85067286,2.74794363,1.47853415,1.23979045
281.127,0.88656607,0.888114597,0.853220615,0.84847793,2.85320527,2.75137317,1.4902717,1.2287949
281.22700000000003,0.888176765,0.886913311,0.836969724,0.832374863,2.85007435,2.74883844,1.49496041,1.22362328
281.327,0.888287186,0.887518731,0.844802971,0.839740404,2.85144852,2.75062488,1.4974405,1.22250028
281.427,0.886277145,0.888015612,0.847628923,0.843040916,2.85155663,2.75073111,1.49516686,1.22398393
281.527,0.888208791,0.887900042,0.834792192,0.829844909,2.84977643,2.74882634,1.49084642,1.22896614
281.627,0.888120325,0.886571755,0.853279509,0.848398972,2.85286329,2.75171703,1.4856556,1.23439093
281.727,0.886906118,0.888169794,0.83713754,0.832408269,2.85007877,2.74886259,1.48025927,1.23888779
281.827,0.887523912,0.888292198,0.844723121,0.839524429,2.85160814,2.75041586,1.47704251,1.24318142
281.927,0.888014408,0.886275842,0.847802854,0.843077661,2.85186579,2.75045816,1.47184936,1.2473831
282.027,0.887897266,0.888206214,0.834808973,0.8297281,2.85012588,2.74845107,1.46604887,1.25372035
282.127,0.886577509,0.88812612,0.853335875,0.848317235,2.85326014,2.75131925,1.46032055,1.25964101
282.227,0.888162897,0.886898981,0.837308822,0.832444329,2.8505313,2.74844229,1.45467991,1.26437808
282.327,0.888297155,0.88752904,0.844643467,0.839308286,2.85201858,2.7499572,1.45183667,1.26827464
282.42699999999996,0.886274521,0.888013268,0.847986206,0.843123617,2.85229937,2.75006334,1.447665,1.27142904
282.527,0.888203465,0.887894315,0.834827955,0.82961334,2.85051555,2.74803742,1.44289109,1.27671876
282.627,0.888131973,0.886583324,0.85339024,0.848233339,2.85364681,2.75093213,1.43813335,1.28169695
282.72700000000003,0.886891869,0.888156012,0.837478618,0.83247931,2.85092132,2.74808317,1.43343499,1.28549885
282.827,0.887534123,0.888302066,0.84456287,0.839091317,2.85235111,2.74957807,1.43159012,1.28841593
282.92699999999996,0.888013039,0.886274307,0.848153798,0.843154238,2.85265235,2.74975263,1.42846453,1.2905301
283.027,0.887891235,0.888200586,0.834849062,0.829500559,2.85082461,2.74770597,1.42466234,1.29482838
283.127,0.886589205,0.888137887,0.853442119,0.848146859,2.85395598,2.75062212,1.42064329,1.29909356
283.227,0.888149239,0.886884868,0.837656715,0.832521926,2.85124571,2.74779093,1.4166702,1.30216907
283.327,0.88830691,0.887539141,0.844483409,0.838875298,2.8526261,2.74925645,1.41532063,1.30460994
283.427,0.88627012,0.888009622,0.848388577,0.843245336,2.85295388,2.74950514,1.41310582,1.30581414
283.52700000000004,0.88819761,0.887888055,0.83486725,0.829384921,2.85106899,2.7474401,1.41027587,1.309118
283.62699999999995,0.888143868,0.886595155,0.853490789,0.848057175,2.85419884,2.75037786,1.40697069,1.31269287
283.727,0.886877873,0.888142484,0.837825108,0.832555193,2.85150633,2.74756162,1.40344292,1.31532314
283.827,0.887544127,0.888311721,0.844401502,0.83865698,2.8528344,2.74900167,1.4026764,1.31718967
283.927,0.888009209,0.886269571,0.848558174,0.843278277,2.85318383,2.74931219,1.40122458,1.31763894
284.027,0.887884185,0.888193961,0.834896116,0.829279776,2.85125493,2.7472356,1.39919044,1.32012526
284.127,0.886601147,0.888149887,0.853538886,0.847966918,2.85438644,2.75018813,1.39639121,1.32321498
284.22700000000003,0.888134927,0.886870274,0.83800616,0.832599621,2.85170864,2.74739256,1.39333419,1.32536624
284.327,0.88831657,0.887549154,0.844325134,0.838443947,2.85300844,2.74878108,1.39253329,1.32728236
284.42699999999996,0.886268775,0.888008548,0.848735403,0.843318522,2.85338193,2.74915273,1.39163317,1.32718507
284.527,0.888190767,0.887880755,0.834916659,0.829166495,2.85140166,2.74706885,1.39040331,1.32884448
284.627,0.888155991,0.886607227,0.853583806,0.847873522,2.85453293,2.75003878,1.38814725,1.33141025
284.72700000000003,0.88686333,0.888128233,0.838179686,0.832638324,2.851864,2.74726875,1.3855487,1.3330952
284.827,0.887553895,0.88832114,0.84424162,0.838224024,2.8531344,2.74860898,1.38479231,1.33497767
284.927,0.888007957,0.88626805,0.848910719,0.843356904,2.85353332,2.74904019,1.38437012,1.33441018
285.021,0.888233505,0.888426094,0.838804824,0.831710806,2.85618005,2.74222334,1.35800498,1.352355
285.121,0.888071904,0.886371535,0.853623465,0.847600843,2.87498789,2.73060289,0.909843475,1.76407514
285.215,0.888533843,0.888072824,0.836733903,0.829962591,2.87322661,2.73214395,0.967011137,1.82619635
285.315,0.888223637,0.886816588,0.852901408,0.846622757,2.88320724,2.72253237,0.746669304,2.04887756
285.41499999999996,0.886636549,0.888070857,0.840961852,0.835158964,2.87451879,2.72723404,0.882414735,1.92204139
285.515,0.887765775,0.88828582,0.841151279,0.834891677,2.86541794,2.73352356,1.080807,1.69619252
285.615,0.888020684,0.886264436,0.851227635,0.845408653,2.86134429,2.74151815,1.24109537,1.49459424
285.71500000000003,0.88764861,0.888214435,0.834632201,0.828609496,2.85453625,2.74335693,1.35732446,1.36868548
285.815,0.886831466,0.888238524,0.852570849,0.846434436,2.85491999,2.7492598,1.43156443,1.29179227
285.91499999999996,0.888066704,0.886632195,0.8410244,0.835192236,2.85097882,2.74877173,1.47589518,1.24415633
286.015,0.888290412,0.887770924,0.841001365,0.834649684,2.85034771,2.75025317,1.50160259,1.21869542
286.115,0.886265689,0.888022056,0.851359014,0.845418802,2.85122427,2.7521586,1.51210514,1.20671343
286.215,0.888208989,0.887642957,0.834694788,0.828546407,2.84831867,2.74978838,1.51501558,1.20327258
286.315,0.888245474,0.886838427,0.852552987,0.846283359,2.8513256,2.75297802,1.5144755,1.20451008
286.415,0.886626576,0.888061296,0.841216751,0.835253675,2.84904553,2.75084748,1.51199614,1.2052834
286.51500000000004,0.887774049,0.888293342,0.840938251,0.834455924,2.84936837,2.75125951,1.50936122,1.20913393
286.61499999999995,0.888023596,0.88626712,0.851517072,0.845442623,2.85088613,2.75257684,1.50300889,1.21461532
286.715,0.887637158,0.888203396,0.834767303,0.828488079,2.84832411,2.74980343,1.4959642,1.22144296
286.815,0.886845602,0.88825271,0.852548387,0.846143076,2.85153343,2.75276196,1.4899995,1.2283129
286.915,0.88805582,0.88662089,0.841415667,0.83532037,2.84942155,2.75051879,1.48430827,1.23241207
287.015,0.888296096,0.887777006,0.840872587,0.834259153,2.84975967,2.75082826,1.48064484,1.23737642
287.115,0.886268404,0.888024973,0.851663533,0.845454727,2.85133483,2.75216635,1.47449851,1.24274418
287.21500000000003,0.888197746,0.887631299,0.834839831,0.828429528,2.84876489,2.74935971,1.46789376,1.24917645
287.315,0.888259563,0.886852475,0.852526478,0.845985825,2.85197047,2.75230303,1.46248427,1.25556205
287.41499999999996,0.886615437,0.888050584,0.841607768,0.835379951,2.84990604,2.75007456,1.457142,1.25935694
287.515,0.887779986,0.888298872,0.840809993,0.834065113,2.85018092,2.75036218,1.45465808,1.26317438
287.615,0.888026385,0.886269706,0.851814293,0.845470985,2.85176488,2.7517713,1.44998232,1.26712016
287.71500000000003,0.887625338,0.888191993,0.834916424,0.828374849,2.84916077,2.74896017,1.44447561,1.27245915
287.815,0.886859437,0.8882665,0.852507237,0.84583135,2.85233631,2.75191275,1.44013428,1.27781316
287.915,0.888045314,0.886609954,0.841802293,0.835442219,2.85028757,2.74973245,1.43584836,1.28056521
288.015,0.888301566,0.887782886,0.840748151,0.83387191,2.85049958,2.7499988,1.43445964,1.28329648
288.115,0.886270921,0.888027675,0.851955449,0.84547772,2.8520981,2.75147269,1.43095686,1.28610171
288.215,0.888186177,0.887619312,0.834993762,0.828320877,2.84946576,2.74865253,1.42626914,1.2906108
288.315,0.888273445,0.886866411,0.852485471,0.845674339,2.85261706,2.75160685,1.42268881,1.29522771
288.415,0.886604477,0.888040047,0.84199906,0.835506176,2.85061034,2.74944994,1.41875056,1.29763621
288.515,0.887785707,0.888304177,0.840687221,0.833679454,2.85076534,2.74968857,1.41809307,1.29963653
288.615,0.888029562,0.88627254,0.852086676,0.845474818,2.85237229,2.75123363,1.41574268,1.3013142
288.715,0.887613255,0.888180331,0.83507039,0.828266309,2.849704,2.74841234,1.41200127,1.30485893
288.815,0.886873396,0.888280398,0.852460913,0.845514615,2.85282912,2.7513689,1.40913854,1.30877635
288.91499999999996,0.88803489,0.886599106,0.842193467,0.835568326,2.85084493,2.74925531,1.40585587,1.31052831
289.015,0.888306714,0.887788458,0.840626026,0.833487008,2.85094395,2.7494658,1.40589385,1.31182842
289.115,0.886274105,0.888031214,0.852237268,0.845491056,2.85257206,2.75106797,1.40431414,1.31275885
289.21500000000003,0.888174526,0.887607234,0.83515483,0.828219525,2.84987852,2.74823685,1.40113142,1.31572582
289.315,0.888287338,0.886880372,0.852435579,0.845354201,2.85298316,2.75118837,1.39870904,1.31921969
289.41499999999996,0.886593908,0.888029867,0.842394765,0.835636973,2.85103266,2.74910796,1.39582486,1.320571
289.515,0.887791091,0.888309129,0.840568874,0.833298485,2.85108878,2.74927717,1.39606243,1.3216659
289.615,0.8880363,0.886278292,0.852358434,0.84548011,2.85273239,2.75093161,1.39519496,1.32190886
289.715,0.887601057,0.888168568,0.835234189,0.828167939,2.85000518,2.74810989,1.39278872,1.32407583
289.815,0.886887364,0.88829429,0.852406576,0.845190326,2.85308627,2.75105803,1.39083872,1.32711251
289.915,0.888024795,0.88658862,0.842586681,0.835696646,2.85117197,2.74900911,1.38815619,1.32825998
290.009,0.886058904,0.887564846,0.845086797,0.837011484,2.85447583,2.7515514,1.39186626,1.33344165
290.10900000000004,0.887986915,0.886272852,0.849658148,0.842349746,2.86486697,2.71872902,0.872451207,1.75145874
290.20300000000003,0.889203922,0.890150966,0.828191236,0.820448276,2.87553783,2.73464324,0.858214384,1.72218813
290.303,0.888087268,0.886354034,0.854349133,0.846858315,2.88521421,2.7211565,0.662099728,1.98315522
290.40299999999996,0.887329413,0.88813988,0.836310342,0.828974446,2.87729142,2.72671642,0.799186606,1.93933828
290.503,0.887125763,0.888358681,0.849991237,0.842449392,2.86884781,2.73571777,1.02917627,1.74022057
290.603,0.887997148,0.886424919,0.845573638,0.838481803,2.8588467,2.7401493,1.19309793,1.53497704
290.70300000000003,0.888214399,0.887955766,0.838096814,0.830530363,2.85519391,2.74523769,1.30935975,1.38520109
290.803,0.886350688,0.888084031,0.854021091,0.84674355,2.85429657,2.75024627,1.41211447,1.30195901
290.903,0.888134183,0.887323497,0.836286793,0.828951684,2.84925436,2.74908182,1.46942373,1.24696235
291.003,0.888365636,0.887132795,0.849869067,0.842242439,2.85049448,2.75272159,1.50307055,1.21512972
291.103,0.886421502,0.887993939,0.845746076,0.838542214,2.84877015,2.75242246,1.52148911,1.19618965
291.203,0.887956345,0.888214637,0.838032387,0.830348538,2.84745524,2.75191118,1.53053816,1.18870043
291.303,0.888087825,0.886354436,0.854125086,0.846719247,2.84978266,2.75451187,1.53153586,1.18804158
291.403,0.887316264,0.888127179,0.836409322,0.8289478,2.84674928,2.75161536,1.52864224,1.19068011
291.503,0.887139305,0.888372053,0.849798534,0.842041786,2.84915295,2.75404273,1.52494026,1.19544024
291.603,0.887990644,0.886418003,0.845941243,0.83860845,2.84819889,2.75304283,1.52042299,1.19874157
291.703,0.88821467,0.887956607,0.838004208,0.830194002,2.84728938,2.75203889,1.51575797,1.20433241
291.803,0.886358139,0.888091568,0.854233294,0.846696896,2.84992194,2.75439114,1.50868716,1.21130121
291.90299999999996,0.888120139,0.887308994,0.836536114,0.828947123,2.84705226,2.7513274,1.50126402,1.21818266
292.003,0.888378324,0.887145652,0.849732681,0.841845029,2.84952846,2.75362702,1.49526184,1.22511212
292.103,0.886414573,0.887987414,0.846138959,0.838676682,2.84866686,2.75261385,1.48969616,1.22939525
292.20300000000003,0.887955486,0.888212952,0.837949166,0.83001244,2.84772816,2.75156186,1.48526027,1.23465798
292.303,0.888095503,0.886362039,0.854334223,0.846667246,2.85038572,2.75394624,1.47901654,1.24077237
292.40299999999996,0.887301722,0.888113097,0.836663291,0.828946726,2.8475127,2.75088416,1.47245007,1.24679675
292.503,0.887151988,0.888384564,0.849662783,0.841643395,2.84996985,2.75314401,1.46714768,1.25305593
292.603,0.887984272,0.886411234,0.846331963,0.838740045,2.84913699,2.75218416,1.46232322,1.25662142
292.703,0.888213203,0.88795594,0.837922954,0.829859768,2.84813022,2.7511223,1.45922961,1.26051765
292.803,0.886365997,0.888099499,0.854439988,0.846642188,2.85079095,2.75355924,1.45440525,1.26522123
292.903,0.88810603,0.887294424,0.836793504,0.82894927,2.84790283,2.75051203,1.44892392,1.27016746
293.00300000000004,0.888390861,0.887158392,0.849589427,0.841439418,2.85030963,2.7527615,1.44470668,1.27535905
293.10299999999995,0.886407979,0.88798121,0.846525578,0.8388042,2.84949929,2.75186416,1.4409739,1.2778605
293.203,0.887956038,0.888213101,0.837901336,0.829711591,2.84843257,2.75078455,1.43899302,1.28063823
293.303,0.888103661,0.88637013,0.854536197,0.8466078,2.85109843,2.75326995,1.43528624,1.28423325
293.403,0.887287127,0.888098964,0.836924557,0.82895268,2.84820367,2.75023003,1.43057874,1.28840316
293.503,0.88716476,0.888397118,0.849514729,0.841234179,2.85056514,2.75246347,1.42716256,1.29280598
293.603,0.887978226,0.886404808,0.846719863,0.838868698,2.84980434,2.75160174,1.42379078,1.29497287
293.70300000000003,0.88821238,0.887955503,0.83789139,0.829575259,2.84867976,2.75050582,1.42267528,1.29686912
293.803,0.886374359,0.888107961,0.854626637,0.846567791,2.85133996,2.75304587,1.42014138,1.29929696
293.90299999999996,0.888091892,0.887279824,0.837055565,0.828956223,2.84843269,2.75002043,1.41628437,1.30260938
294.003,0.888403334,0.887171091,0.849438531,0.841027617,2.85074937,2.75223671,1.41358569,1.3063079
294.103,0.88640172,0.887975324,0.846911855,0.838931349,2.85001801,2.75143088,1.41089911,1.30780354
294.20300000000003,0.887955343,0.888212014,0.837871844,0.82942934,2.84884075,2.7503116,1.41049984,1.30897641
294.303,0.888112176,0.886378553,0.854725297,0.846536104,2.85150945,2.75289335,1.40872359,1.31065863
294.403,0.887272461,0.88808476,0.83719158,0.828964856,2.84860001,2.74987318,1.40535981,1.31346535
294.503,0.887176849,0.888409041,0.849376822,0.840836297,2.85087526,2.75207097,1.40314497,1.31668929
294.603,0.887972478,0.88639869,0.847108127,0.83899773,2.85019096,2.75130325,1.40076903,1.31788744
294.703,0.888211504,0.887955041,0.837855558,0.829286655,2.84896754,2.75015213,1.40070356,1.31871679
294.803,0.886382065,0.888115884,0.854805513,0.846486205,2.85163339,2.75278604,1.39973895,1.31959804
294.903,0.888077672,0.88726514,0.837325089,0.828971299,2.84871572,2.74977786,1.39703055,1.32173386
295.0002,0.887305107,0.888139351,0.834737947,0.826447157,2.84817357,2.74915632,1.39461247,1.32384154
295.09700000000004,0.887986944,0.886644009,0.843506532,0.834827437,2.87005844,2.72711467,0.904175142,1.7431531
295.197,0.88837715,0.887715659,0.841576713,0.832652006,2.87316428,2.73336855,0.893704939,1.87199725
295.290899,0.887963383,0.886265801,0.851058248,0.842262128,2.88372165,2.71599513,0.658334278,2.1306184
295.390899,0.887973023,0.888066107,0.836380719,0.827532482,2.87898675,2.72348548,0.733984669,2.06946549
295.490899,0.886585521,0.888226963,0.854972945,0.84630009,2.87103293,2.7344972,0.967473318,1.83152687
295.590899,0.888020236,0.886914791,0.840125398,0.83162753,2.85948874,2.7383732,1.17133798,1.57286223
295.690899,0.888435296,0.887476988,0.845092754,0.836164521,2.85536013,2.74593201,1.32916415,1.39952965
295.790899,0.886286388,0.88798487,0.85080158,0.842332712,2.85210721,2.75039137,1.43266428,1.29037541
295.890899,0.888063829,0.88797054,0.83624168,0.827436623,2.8475413,2.75063628,1.49582374,1.22537574
295.990899,0.888233839,0.886592404,0.854934634,0.846195453,2.8493484,2.7551376,1.53033849,1.19011568
296.090899,0.886908241,0.88801392,0.84026267,0.831664264,2.84589615,2.75324396,1.54633018,1.17192993
296.190899,0.887481532,0.88843958,0.845001237,0.835954356,2.84663509,2.75486815,1.55362132,1.16561117
296.29089899999997,0.887984619,0.886286033,0.850965881,0.842374548,2.84701686,2.75569685,1.55437409,1.16348563
296.390899,0.887967141,0.888060623,0.836270526,0.827345094,2.84468017,2.75363094,1.5528886,1.16507332
296.490899,0.886599496,0.888240916,0.854946181,0.846081177,2.84787205,2.75671654,1.54814794,1.17034651
296.59089900000004,0.888007471,0.886901561,0.840435687,0.831714509,2.84528321,2.75395792,1.54030539,1.17672827
296.690899,0.88844389,0.887486045,0.844914438,0.835743601,2.84648305,2.75501101,1.53365373,1.18475518
296.79089899999997,0.886285741,0.88798443,0.851131274,0.842414754,2.8472021,2.75557265,1.52657898,1.19066663
296.890899,0.888056643,0.887962939,0.836306708,0.827259156,2.84500397,2.75330043,1.52103555,1.19639688
296.990899,0.888247319,0.886605933,0.854970345,0.845979216,2.84828686,2.75629986,1.51455073,1.20350346
297.090899,0.886894917,0.888001057,0.84061245,0.831768054,2.84577638,2.75350098,1.50604622,1.21059915
297.190899,0.887491096,0.888448791,0.844840262,0.835545698,2.84695368,2.75449291,1.4996231,1.21845312
297.290899,0.887984316,0.886285525,0.8512996,0.84245736,2.84773441,2.75508258,1.49304325,1.22393422
297.39089900000005,0.887958632,0.888052557,0.836345407,0.827175436,2.84549925,2.75278886,1.4885327,1.22865935
297.49089899999996,0.886612824,0.888254152,0.854979188,0.845861689,2.84875401,2.75582403,1.48359893,1.23426731
297.590899,0.887994698,0.886888331,0.840786386,0.831818793,2.84625029,2.75306052,1.47641942,1.24005766
297.690899,0.888452296,0.887494869,0.844742879,0.835323711,2.84737284,2.75402672,1.47118067,1.24675267
297.790899,0.886285386,0.887984277,0.851462109,0.842494247,2.84818471,2.75467276,1.46563024,1.2512453
297.890899,0.888048388,0.887954242,0.836384289,0.827091909,2.84590072,2.75237203,1.46238368,1.25470825
297.990899,0.888260597,0.886619307,0.854999404,0.845755671,2.8491296,2.75543856,1.45882071,1.25897823
298.09089900000004,0.886881711,0.887988302,0.840965832,0.831874902,2.84663529,2.75270991,1.4527463,1.26366525
298.190899,0.887499174,0.888456387,0.844658452,0.835115144,2.84770036,2.75365149,1.44852038,1.26935611
298.29089899999997,0.887984292,0.886285287,0.85162852,0.842534598,2.84855543,2.7543431,1.44368896,1.27315599
298.390899,0.88794973,0.888044097,0.836427446,0.827012413,2.84623463,2.75202415,1.44118742,1.27586491
298.490899,0.886625161,0.888266126,0.854992125,0.845622261,2.84943123,2.75512895,1.43894689,1.27883524
298.59089900000004,0.887982024,0.886875212,0.841140625,0.831926598,2.84693399,2.75244593,1.43415302,1.28223565
298.690899,0.888460421,0.887503424,0.844573177,0.834905923,2.84794006,2.75336436,1.43088513,1.28696932
298.790899,0.886285026,0.887984173,0.851795209,0.842574995,2.84883402,2.75410456,1.42678347,1.29006065
298.890899,0.888039741,0.887945153,0.836469048,0.826931644,2.84647503,2.75177071,1.42488644,1.29215017
298.990899,0.888273038,0.886632101,0.855006036,0.845510388,2.84964441,2.75490469,1.42370168,1.29408595
299.090899,0.886868717,0.887975742,0.841316951,0.831979828,2.84715214,2.75226271,1.41992102,1.29646473
299.190899,0.887507607,0.888464385,0.844488416,0.834697384,2.84810754,2.75314982,1.41726147,1.30058906
299.290899,0.887984349,0.886285113,0.85195637,0.842610877,2.84903262,2.75394598,1.41382232,1.30303757
299.390899,0.887940477,0.888035285,0.836512725,0.826853261,2.8466338,2.75159976,1.41260887,1.30442495
299.490899,0.886638803,0.888279717,0.855020252,0.845398847,2.84978504,2.75475214,1.41218086,1.30562433
299.590899,0.887969541,0.886862294,0.841497668,0.832037849,2.84730345,2.75214746,1.40910739,1.30728749
299.690899,0.888468266,0.887511711,0.844406009,0.834491462,2.84821366,2.75299683,1.40685104,1.31100645
299.79089899999997,0.886286198,0.88798537,0.852111884,0.842641569,2.84916567,2.75384899,1.40399183,1.31289398
299.890899,0.888030727,0.887935699,0.83656052,0.82677899,2.84675026,2.75147204,1.40292449,1.31411644
299.990899,0.888285796,0.88664489,0.855038455,0.845291761,2.84988477,2.75464048,1.40309839,1.31473284
300.085,0.88802695,0.887349203,0.838232744,0.828039107,2.86509468,2.72602586,0.947432773,1.76843748
300.185,0.888454867,0.887118732,0.850430889,0.840287829,2.87930582,2.73880951,0.777629573,1.72980194
300.278791,0.887948251,0.886584573,0.845910913,0.835719424,2.87979608,2.70891789,0.605464964,2.0160384
300.378791,0.88839011,0.887752811,0.840794763,0.830499635,2.88525992,2.7252999,0.65137897,2.05795651
300.478791,0.886301172,0.888057183,0.854680226,0.844879904,2.87325564,2.73467796,0.896160079,1.87465738
300.578791,0.888033307,0.887586344,0.83699428,0.827075733,2.8586255,2.73848761,1.13243984,1.63163018
300.67879100000005,0.888409437,0.886929439,0.852580371,0.842518455,2.85412445,2.74725511,1.27087928,1.42707408
300.77879099999996,0.886572675,0.887933596,0.845481002,0.835755679,2.85053159,2.75093196,1.40251358,1.30546775
300.878791,0.887755994,0.888393077,0.840560579,0.83035163,2.84702247,2.75281396,1.48520386,1.23041571
300.978791,0.888060461,0.886304434,0.854730709,0.844887487,2.84743602,2.75654956,1.53221664,1.18426544
301.078791,0.887579769,0.888026936,0.837068121,0.827060431,2.84347901,2.75474628,1.55922408,1.1579193
301.178791,0.886936266,0.888416171,0.85251174,0.842340284,2.84565551,2.75804741,1.57301978,1.1461388
301.278791,0.887929245,0.88656813,0.845678109,0.835837973,2.84398083,2.75680413,1.57571638,1.14316731
301.37879100000004,0.888394333,0.887757506,0.840506502,0.830181804,2.84336678,2.75643239,1.57416857,1.1460863
301.478791,0.886307128,0.888063125,0.854858021,0.844894295,2.84548859,2.75856922,1.56937818,1.15064531
301.57879099999997,0.888020264,0.88757289,0.837172587,0.827047444,2.84254388,2.75570492,1.56396612,1.15569568
301.678791,0.88842271,0.886942904,0.852453212,0.842161253,2.84530623,2.75835079,1.55840271,1.16219751
301.778791,0.886563803,0.887925105,0.845863673,0.835904891,2.84404663,2.75677011,1.54993675,1.16955826
301.87879100000004,0.887758928,0.888395499,0.840453597,0.830011654,2.84362182,2.7561313,1.54203454,1.17836515
301.978791,0.888065261,0.886309448,0.854980031,0.844893827,2.8459178,2.75816723,1.53385362,1.18611477
302.078791,0.887566037,0.888013614,0.83727361,0.827030752,2.84304591,2.75520783,1.5267192,1.19280028
302.178791,0.886950418,0.888430155,0.852388067,0.841975681,2.84580145,2.75780725,1.52116349,1.19920541
302.278791,0.887921067,0.886559579,0.846054493,0.835976532,2.84458349,2.75626891,1.51357149,1.2056281
302.378791,0.88839655,0.887760236,0.840403933,0.82984458,2.84412206,2.75558699,1.50655209,1.21356397
302.478791,0.886312427,0.888068261,0.85509726,0.84489053,2.84643853,2.75766992,1.49952189,1.22019175
302.578791,0.88800689,0.887559107,0.837378042,0.82701757,2.84354328,2.75471865,1.49369174,1.2255943
302.678791,0.888436788,0.886957156,0.852327891,0.841794681,2.84624747,2.75731857,1.48956902,1.23058085
302.778791,0.886555481,0.887917176,0.846238271,0.836041411,2.84504553,2.7558435,1.48344626,1.23552472
302.878791,0.88776148,0.888397536,0.8403548,0.82967801,2.84453453,2.75513278,1.47760036,1.24230307
302.978791,0.888071348,0.886315496,0.855212573,0.84488531,2.8468638,2.75726855,1.47177409,1.24776214
303.07879099999997,0.887552139,0.888000128,0.837485855,0.827007401,2.84396278,2.75430945,1.46679611,1.2523397
303.178791,0.886963875,0.888443397,0.852266189,0.84161206,2.84661297,2.75691168,1.46388869,1.25611656
303.278791,0.887913253,0.886551386,0.846428543,0.836112918,2.84541618,2.75551084,1.45929567,1.25951905
303.37879100000004,0.888398394,0.887762596,0.840307352,0.829513367,2.84484584,2.75478096,1.45471812,1.26503328
303.478791,0.88631865,0.888074516,0.855326397,0.844878754,2.84718794,2.75696837,1.44999909,1.26941935
303.57879099999997,0.887993319,0.88754512,0.837593535,0.826997602,2.84426383,2.7540194,1.44604721,1.27297347
303.678791,0.888449989,0.88697058,0.852202097,0.841427343,2.84686647,2.75661816,1.44419269,1.27571643
303.778791,0.886547852,0.887909922,0.846609236,0.836174855,2.84568669,2.75527982,1.44068124,1.27803436
303.878791,0.887763613,0.888399155,0.840261258,0.829350111,2.84507095,2.75451678,1.43692909,1.28271857
303.978791,0.888077768,0.886321892,0.85543835,0.844870458,2.84743153,2.75674833,1.43294968,1.2863897
304.078791,0.887538059,0.887986479,0.837707747,0.826994125,2.84449966,2.7537966,1.42965888,1.28927955
304.17879100000005,0.886977227,0.888456519,0.852138733,0.841243306,2.8470657,2.75637907,1.4283388,1.29150458
304.27879099999996,0.887905631,0.886543618,0.846777857,0.836225258,2.84589835,2.75511172,1.42583046,1.29281183
304.378791,0.888399821,0.887764535,0.840213389,0.829185504,2.84522384,2.75432508,1.4230694,1.29649448
304.478791,0.886325227,0.888081109,0.855547895,0.844860063,2.84760164,2.75660135,1.41983563,1.29944444
304.578791,0.887979619,0.887530989,0.837816258,0.826985459,2.84466038,2.75364847,1.41705001,1.30182167
304.678791,0.888463094,0.886983923,0.852068794,0.84105332,2.84717607,2.7562287,1.416543,1.3032453
304.778791,0.88653995,0.887902131,0.846967358,0.836296917,2.84602645,2.75502406,1.41486565,1.30372379
304.87879100000004,0.887765156,0.88840019,0.840172812,0.829028352,2.84530436,2.75420601,1.41282001,1.30667709
304.978791,0.888084519,0.886328635,0.855656899,0.844849411,2.84770812,2.75651747,1.40996189,1.30927384
305.073,0.887905965,0.888049549,0.837899371,0.826235059,2.86237183,2.72747578,0.987592356,1.65824029
305.173,0.88826261,0.88655129,0.856279771,0.845093822,2.87465284,2.73606541,0.826580526,1.90651676
305.26676299999997,0.887948501,0.887228601,0.84011009,0.828428209,2.87806392,2.70935219,0.640250314,2.14352653
305.366763,0.888522021,0.887218373,0.849010533,0.837482982,2.88667624,2.72346483,0.62816104,2.1690051
305.466763,0.886390701,0.887916763,0.850186026,0.839233337,2.87284091,2.73254723,0.843207641,1.95815663
305.56676300000004,0.887887665,0.888245573,0.838303681,0.826990279,2.85888817,2.73780399,1.09752625,1.67156221
305.666763,0.888187519,0.886439214,0.856395615,0.845327302,2.85530859,2.74885532,1.29233461,1.43914129
305.76676299999997,0.887217049,0.887937812,0.839748763,0.828675556,2.84740946,2.75107798,1.42861721,1.29508465
305.866763,0.887225993,0.888529705,0.848671731,0.837276589,2.84608332,2.75608092,1.51292133,1.2096526
305.966763,0.887915718,0.886389526,0.850277047,0.839305298,2.84413651,2.75777345,1.5584657,1.16111723
306.066763,0.888243571,0.887885901,0.838267126,0.826879184,2.84139913,2.75721415,1.58283029,1.13632613
306.166763,0.886444732,0.88819299,0.856441613,0.84527046,2.84379414,2.76078484,1.59390697,1.12498918
306.266763,0.887930643,0.887209702,0.839897051,0.828717061,2.84047347,2.75825684,1.59726428,1.12018619
306.366763,0.888534994,0.887231491,0.848580916,0.837073825,2.84211312,2.76020806,1.59620152,1.12254951
306.46676299999996,0.886387926,0.887914241,0.850454532,0.83936955,2.84206433,2.76004521,1.58902231,1.12831074
306.566763,0.887883806,0.888241237,0.838264733,0.826766067,2.84041554,2.75827286,1.58150589,1.13636656
306.666763,0.888198601,0.886450432,0.856504276,0.845218237,2.84350254,2.76114008,1.57377399,1.14439155
306.76676299999997,0.88720231,0.887923431,0.840053704,0.828761727,2.8405998,2.75818438,1.56607439,1.15086422
306.866763,0.887237215,0.888540674,0.848477023,0.836858585,2.84241395,2.75986139,1.55941561,1.1589181
306.966763,0.887912733,0.886386297,0.850624812,0.83942594,2.84253105,2.75962262,1.54972816,1.16723519
307.06676300000004,0.888238802,0.88788161,0.838262843,0.826652994,2.84091714,2.75774182,1.54122569,1.17628893
307.16676299999995,0.886455982,0.888204097,0.856554602,0.845153717,2.84405629,2.76058971,1.53344519,1.18440888
307.26676299999997,0.887916382,0.887195082,0.840205088,0.828801346,2.84116777,2.75763946,1.52665297,1.18999832
307.366763,0.888545359,0.887242108,0.848380508,0.836648608,2.84292779,2.75929621,1.52132543,1.19676005
307.466763,0.886384479,0.887911014,0.850804247,0.839491079,2.84307128,2.7591216,1.51318752,1.20357198
307.566763,0.887879281,0.888236235,0.838264355,0.82654321,2.84141646,2.75721245,1.50584765,1.21148056
307.666763,0.888209894,0.88646187,0.85661407,0.845097312,2.84455807,2.7600904,1.49938275,1.21833094
307.766763,0.887187825,0.887909309,0.840361228,0.828845317,2.84167821,2.75715433,1.49356605,1.22296023
307.866763,0.887247393,0.888550417,0.848290752,0.836444906,2.84336929,2.75880445,1.48980148,1.22818253
307.96676299999996,0.887909554,0.886382913,0.850971592,0.83954439,2.8435257,2.75870577,1.48332095,1.23336387
308.066763,0.888233575,0.887876858,0.838265824,0.826433462,2.84181551,2.75678508,1.4773767,1.23987104
308.166763,0.886467569,0.888215538,0.856662311,0.845030845,2.84494808,2.75970155,1.47223592,1.24542642
308.266763,0.88790227,0.887180597,0.840518508,0.828890436,2.84208084,2.75677873,1.46726299,1.24921027
308.366763,0.888555428,0.88725263,0.848200345,0.836240656,2.84370662,2.75841798,1.46478052,1.25316261
308.466763,0.886381615,0.887908295,0.851132525,0.839591517,2.84387012,2.75840078,1.45990018,1.2567622
308.566763,0.887874322,0.888230803,0.838269128,0.826325609,2.84211389,2.75646055,1.45499638,1.26221468
308.666763,0.888221245,0.886473334,0.856708172,0.844962121,2.84524112,2.7594096,1.45089126,1.26675825
308.76676299999997,0.887173437,0.887895298,0.840674928,0.828935215,2.8423702,2.75651708,1.44696303,1.26948814
308.866763,0.887257824,0.888560394,0.8481088,0.836035618,2.84393485,2.75814134,1.44556397,1.27236362
308.966763,0.887907068,0.886380283,0.851306175,0.839651595,2.84412006,2.75819155,1.44177927,1.27488448
309.06676300000004,0.888227945,0.887871699,0.83827744,0.826222952,2.84232261,2.75622727,1.4376441,1.27955169
309.166763,0.886479156,0.888227006,0.856752469,0.844892068,2.84544924,2.75920227,1.43429343,1.28336302
309.266763,0.887888399,0.887166338,0.840836878,0.828985425,2.84258921,2.75632717,1.43098705,1.28545993
309.366763,0.888565281,0.88726294,0.848019302,0.835832668,2.84410714,2.75792111,1.43013751,1.28779161
309.466763,0.886380102,0.887906836,0.851460041,0.839692537,2.84430727,2.75804758,1.4274539,1.28922643
309.566763,0.887868954,0.888224967,0.838282501,0.826117507,2.84245746,2.7560686,1.42426052,1.29293282
309.666763,0.888232839,0.886485053,0.85679312,0.84481873,2.84558207,2.75906962,1.42162406,1.29605047
309.766763,0.887159258,0.887881508,0.840992912,0.829030292,2.84273254,2.75621321,1.41880676,1.29764643
309.866763,0.887268056,0.888570166,0.84792477,0.835625416,2.84418759,2.75779253,1.41882659,1.29911138
309.966763,0.887905664,0.88637882,0.8516327,0.839752307,2.84441373,2.75798211,1.41692042,1.29978435
310.061,0.887665602,0.888588271,0.843229888,0.83014722,2.86179903,2.73754398,1.08218597,1.65672953
310.161,0.888013589,0.886307074,0.855812706,0.843604421,2.86963884,2.73178899,0.709164115,1.70143285
310.25476499999996,0.887856105,0.887935237,0.83827799,0.825074923,2.87216881,2.70972261,0.632576523,1.96962155
310.354765,0.888348161,0.886648774,0.85620599,0.843686235,2.88942538,2.7253095,0.603003321,2.09113105
310.454765,0.886897922,0.887851761,0.843629206,0.831425558,2.87286933,2.73360704,0.796046573,1.9631842
310.55476500000003,0.887458296,0.888568203,0.844826466,0.83227343,2.86009188,2.74156524,1.0722064,1.70853863
310.654765,0.887958361,0.886318142,0.854030523,0.841930006,2.85147386,2.74905918,1.24635889,1.47377552
310.75476499999996,0.887998682,0.887903661,0.837812309,0.825409702,2.84635483,2.75319867,1.3842108,1.3159472
310.854765,0.88665845,0.888357859,0.855942773,0.843603435,2.84550794,2.75896411,1.49030311,1.22394749
310.954765,0.887846781,0.886892785,0.843722598,0.831526741,2.84104769,2.75873675,1.55066271,1.16424306
311.054765,0.888571743,0.887462083,0.844704572,0.83208659,2.84032843,2.76053693,1.58460396,1.13276486
311.154765,0.886318988,0.887959252,0.854155617,0.841962509,2.84090592,2.76244947,1.59997701,1.11811294
311.254765,0.887898492,0.887993297,0.837865219,0.825364233,2.83797725,2.76030193,1.60572015,1.11346378
311.35476500000004,0.888364702,0.886665382,0.855924686,0.843478767,2.84085564,2.7635319,1.60613557,1.11418221
311.454765,0.886887028,0.887841179,0.843902477,0.831601807,2.83850347,2.76139118,1.60271567,1.11670839
311.554765,0.887465563,0.888575011,0.844611682,0.831887884,2.83898855,2.76185714,1.59713295,1.12365471
311.654765,0.887960119,0.886319814,0.854299039,0.841998015,2.84038827,2.76299648,1.58805312,1.13209141
311.754765,0.887987801,0.887893211,0.837916928,0.825310704,2.83791626,2.7603393,1.57922178,1.14086359
311.854765,0.886672283,0.888371503,0.855907235,0.843352397,2.84108969,2.76326538,1.57115086,1.14943894
311.954765,0.88783561,0.886881302,0.844083839,0.831677324,2.83892945,2.76099208,1.56341996,1.15591919
312.05476500000003,0.888577471,0.887468183,0.844510801,0.831680907,2.83944345,2.76134327,1.5563103,1.16416333
312.154765,0.886320772,0.887961114,0.854439049,0.842030151,2.84092804,2.76248589,1.54698403,1.17281003
312.25476499999996,0.887887854,0.88798223,0.837969936,0.825258394,2.83845391,2.75978547,1.53859324,1.18116503
312.354765,0.888378366,0.886679242,0.855885099,0.843221675,2.84161714,2.76270688,1.53145825,1.18883814
312.454765,0.886875623,0.887830086,0.844264572,0.831752284,2.83947715,2.7604736,1.5249961,1.19407669
312.554765,0.887471621,0.88858064,0.844430611,0.83149463,2.83992762,2.76080257,1.51936486,1.20081173
312.654765,0.887962153,0.886321783,0.854583315,0.842066329,2.84144024,2.76200289,1.51143434,1.20807161
312.754765,0.887976566,0.887882405,0.838026148,0.825209244,2.83892922,2.75929658,1.50435585,1.21513122
312.85476500000004,0.886686107,0.888385135,0.855866523,0.843094172,2.84207072,2.7622263,1.49857607,1.22149475
312.95476499999995,0.88782461,0.886869992,0.844448711,0.831830373,2.83994858,2.76003433,1.4932383,1.22564486
313.054765,0.888584747,0.887476251,0.844315123,0.831273482,2.84031623,2.76035363,1.48919625,1.23077034
313.154765,0.886322941,0.887963337,0.854720141,0.842095404,2.84184195,2.76163091,1.48293041,1.23637733
313.254765,0.88787689,0.887970838,0.83808272,0.825160651,2.8392907,2.75892489,1.47720136,1.24210174
313.354765,0.888392236,0.886693249,0.855843152,0.842961461,2.84241518,2.76185338,1.47252031,1.24740284
313.454765,0.886864383,0.887819158,0.844628065,0.83190404,2.84030418,2.75971203,1.46818381,1.25057008
313.55476500000003,0.88747931,0.888587548,0.844235076,0.831088085,2.8405979,2.76002297,1.46553007,1.25430377
313.654765,0.887964848,0.886324444,0.854864048,0.842131487,2.84213707,2.76136589,1.46069874,1.25848398
313.75476499999996,0.887965022,0.887871287,0.838142554,0.825115481,2.83955506,2.75865242,1.45590024,1.26328066
313.854765,0.886700241,0.888399115,0.855814119,0.842824221,2.84265112,2.76158949,1.45220416,1.26761822
313.954765,0.887813768,0.886858838,0.844808906,0.831979522,2.84055432,2.75949709,1.44887055,1.26979442
314.05476500000003,0.888590355,0.887482366,0.84415973,0.830907368,2.8407854,2.75978755,1.44725181,1.2724929
314.154765,0.886325788,0.887966198,0.854997068,0.842157257,2.84234436,2.76118928,1.44342537,1.27567646
314.254765,0.887865604,0.887959128,0.838203285,0.825071439,2.83973916,2.75846198,1.43927772,1.2798143
314.354765,0.888406005,0.886707247,0.855782463,0.842684655,2.84280944,2.76140336,1.4363354,1.2834157
314.454765,0.886853327,0.887808414,0.844991092,0.832056349,2.84074783,2.75933982,1.43343786,1.28516555
314.554765,0.887485345,0.888593083,0.844084813,0.830727315,2.84091611,2.75960966,1.43264821,1.28702965
314.654765,0.887967365,0.886326963,0.855123519,0.842176947,2.84248243,2.76108156,1.42996662,1.28907476
314.754765,0.887953183,0.88785987,0.838263932,0.825027825,2.83984621,2.75834984,1.42660291,1.29241704
314.85476500000004,0.886714266,0.888412904,0.855747964,0.842542687,2.84289248,2.76129251,1.424317,1.2953802
314.954765,0.887803128,0.886847888,0.845171502,0.832132089,2.84085202,2.75927226,1.42203979,1.29651197
315.049,0.886924247,0.88845265,0.851431228,0.837180955,2.85743527,2.73974413,1.19117949,1.49547103
315.149,0.887830524,0.886508921,0.850429661,0.837115238,2.86994695,2.73734727,0.800327786,1.89604671
315.242785,0.887774532,0.888704329,0.8426493,0.828016429,2.8721665,2.71876114,0.739856854,2.04163511
315.342785,0.888050949,0.886337784,0.857004032,0.843502161,2.88592074,2.72157487,0.596464066,2.20564346
315.442785,0.887692103,0.887846889,0.839058853,0.825570881,2.87159903,2.73223465,0.753455768,2.04544991
315.54278500000004,0.886899378,0.88851729,0.853605233,0.840104181,2.86058431,2.74306285,1.03506216,1.75646151
315.642785,0.887806152,0.886652102,0.847969579,0.834775367,2.85059396,2.74948831,1.25349542,1.48205742
315.74278499999997,0.888532259,0.887629369,0.841643794,0.828014289,2.84435844,2.75499566,1.41268843,1.31319228
315.842785,0.886342245,0.888055257,0.856773717,0.843513195,2.84294565,2.76105509,1.512402,1.2101089
315.942785,0.887840752,0.887685765,0.839063026,0.825607982,2.83765205,2.76042509,1.57022107,1.14981563
316.042785,0.888524108,0.886906342,0.853494194,0.839939729,2.83894896,2.76449145,1.60318618,1.11692017
316.142785,0.886647933,0.887801926,0.848107348,0.834831208,2.83692335,2.76398777,1.61748383,1.10030183
316.242785,0.887630355,0.888532978,0.841581349,0.827859899,2.83588174,2.7637011,1.62150063,1.09692876
316.342785,0.88805857,0.886345593,0.85687193,0.84351281,2.838077,2.76617684,1.61920816,1.09882335
316.44278499999996,0.88767869,0.887833874,0.839163037,0.825610574,2.83499972,2.76327962,1.61361764,1.1036592
316.542785,0.88691303,0.888530642,0.853416893,0.839761486,2.83762174,2.76590888,1.6083212,1.11022035
316.642785,0.88779819,0.886644053,0.848291529,0.834916199,2.83644059,2.76458714,1.60005867,1.11688321
316.742785,0.888533353,0.887630991,0.841532157,0.827712193,2.83584033,2.76373853,1.59095862,1.12700315
316.842785,0.886349004,0.888061942,0.856972281,0.843512242,2.83835076,2.76594053,1.581225,1.13650153
316.942785,0.887826632,0.887671193,0.839273739,0.825622065,2.83543429,2.76285547,1.57189078,1.14509838
317.042785,0.88853717,0.886919712,0.853342652,0.839585474,2.83812602,2.76536024,1.56474406,1.15351513
317.142785,0.886640462,0.887794722,0.848472664,0.834997987,2.83701627,2.76404409,1.55650983,1.16015958
317.24278499999997,0.887631741,0.888533842,0.841476295,0.827557981,2.83637885,2.76314993,1.54841302,1.1692818
317.342785,0.888065414,0.886352521,0.857069215,0.843508265,2.8389156,2.76539143,1.53985826,1.17764193
317.442785,0.88766413,0.887819762,0.839374912,0.825624449,2.83598938,2.7623041,1.53178703,1.18499175
317.54278500000004,0.886926316,0.888543609,0.853259298,0.839400923,2.83862398,2.764814,1.52630757,1.19177814
317.642785,0.887791136,0.886636751,0.848653785,0.83508023,2.83752837,2.76356499,1.51981986,1.19670508
317.74278499999997,0.888534602,0.887632794,0.841418033,0.827401248,2.83681864,2.76266103,1.51352935,1.20403048
317.842785,0.886356113,0.888068959,0.857166223,0.843504387,2.8393756,2.76494878,1.50623285,1.2111698
317.942785,0.887813281,0.887657551,0.839478019,0.825627725,2.83642866,2.76187172,1.49950203,1.21718211
318.042785,0.888550044,0.886932916,0.853179014,0.839219125,2.83902919,2.76436331,1.49502169,1.2229935
318.142785,0.886633118,0.887787634,0.848836146,0.8351631,2.83794841,2.7631817,1.49001817,1.22645375
318.242785,0.887633518,0.888535062,0.841363339,0.827248382,2.83716933,2.76226643,1.48528635,1.23221577
318.34278500000005,0.888072598,0.886359802,0.857259307,0.84349681,2.83973236,2.76460964,1.47935292,1.23801722
318.44278499999996,0.887650346,0.887806273,0.839585664,0.825636997,2.83676196,2.76154778,1.47388161,1.24275923
318.542785,0.886939502,0.888556466,0.853097626,0.83903639,2.83932751,2.76402059,1.47027574,1.2477116
318.642785,0.887784209,0.886629567,0.849017725,0.835245372,2.8382659,2.76290269,1.46645876,1.24999697
318.742785,0.88853522,0.887634021,0.841303582,0.827090738,2.83741118,2.76198342,1.46324135,1.2542339
318.842785,0.886363579,0.888076318,0.857350704,0.843487715,2.83999021,2.76437019,1.45831406,1.25905159
318.942785,0.887799245,0.887643121,0.839694845,0.825648069,2.83700185,2.7613193,1.45378683,1.26283522
319.04278500000004,0.888562843,0.886946049,0.85301271,0.83885076,2.83951882,2.76378479,1.45117996,1.26680016
319.142785,0.886626103,0.887780867,0.84919791,0.835326667,2.83847935,2.76272891,1.44838973,1.26806733
319.24278499999997,0.887634305,0.888535242,0.841260757,0.826950521,2.83756385,2.76179073,1.44619932,1.27126527
319.342785,0.888080005,0.886367329,0.857443763,0.843480594,2.84016199,2.76421691,1.44203982,1.27533744
319.442785,0.887635868,0.887792188,0.839806477,0.825661958,2.83716094,2.76117315,1.43818668,1.27843101
319.542785,0.88695244,0.888569076,0.852931734,0.838669148,2.83964142,2.76361844,1.43621877,1.2817674
319.642785,0.88777759,0.886622709,0.849380261,0.835410184,2.83864039,2.7626085,1.43388919,1.28258309
319.742785,0.88853356,0.887633141,0.841190589,0.826783387,2.83765753,2.76165962,1.43271038,1.28475507
319.842785,0.886371274,0.888083886,0.857529189,0.843466492,2.84026187,2.76413493,1.42952752,1.28787207
319.94278499999996,0.887785128,0.887628614,0.839918207,0.825676458,2.83724632,2.76110181,1.42635795,1.29026416
320.03700000000003,0.886666927,0.888452031,0.858549035,0.843281704,2.8527079,2.75247075,1.27970596,1.45169071
320.137,0.887746367,0.887104145,0.844008483,0.829497355,2.85268911,2.71914383,0.695783788,1.74502295
320.23082300000004,0.886874303,0.888432547,0.850643812,0.834744808,2.87184477,2.73115538,0.743746326,1.87038564
320.33082299999995,0.887807763,0.886488459,0.852287893,0.837757675,2.8847924,2.72101382,0.578199357,2.10503503
320.430823,0.888409571,0.88771603,0.839911027,0.825221458,2.87323711,2.73554498,0.706902068,2.03276697
320.530823,0.886445661,0.88819476,0.858038457,0.843713772,2.86086165,2.74602043,1.00303209,1.78153227
320.630823,0.887759869,0.887374016,0.841542065,0.827169304,2.84621841,2.74997769,1.22109166,1.52267492
320.730823,0.888640331,0.887128868,0.850091808,0.835494952,2.84386503,2.75909867,1.36112495,1.32856909
320.830823,0.886490116,0.8878098,0.852067092,0.837844058,2.83992159,2.76254181,1.48916108,1.22231264
320.93082300000003,0.887714608,0.888407909,0.839809304,0.825178597,2.8355753,2.76311853,1.56087527,1.15412138
321.030823,0.888200489,0.886451484,0.858036413,0.843673835,2.83705998,2.76756169,1.60142091,1.11503729
321.13082299999996,0.887366813,0.887752821,0.84166485,0.827221513,2.83325314,2.76569116,1.62293695,1.09411214
321.230823,0.887134738,0.888646082,0.849947965,0.835271355,2.83441905,2.76788118,1.63298962,1.08659131
321.330823,0.887808045,0.886488306,0.852232516,0.837918805,2.83426032,2.76804881,1.63271032,1.08689525
321.43082300000003,0.888405426,0.88771237,0.839797656,0.825077156,2.83241122,2.76635155,1.62835107,1.09217155
321.530823,0.886457357,0.888206229,0.85808603,0.843629236,2.83540294,2.76926517,1.62176976,1.09898276
321.630823,0.887745709,0.887359546,0.841809934,0.827275341,2.83253252,2.76643563,1.6140002,1.10575502
321.730823,0.888650729,0.887139607,0.849841608,0.835072277,2.83421133,2.7680173,1.60682765,1.11399907
321.830823,0.886486711,0.887806511,0.852388477,0.837981995,2.83442732,2.76789912,1.5969546,1.12288884
321.930823,0.887710025,0.888402838,0.839787378,0.824976085,2.83274962,2.76597027,1.58732501,1.13297047
322.030823,0.888211808,0.886463039,0.858124958,0.843574613,2.83586682,2.76879228,1.57828278,1.14210463
322.130823,0.887352334,0.887738654,0.841954738,0.82732894,2.83306998,2.76591848,1.56979734,1.14961503
322.230823,0.887144886,0.888655765,0.849740795,0.83487829,2.83472628,2.76743955,1.56299753,1.15748889
322.330823,0.887805132,0.886485274,0.852551982,0.838052713,2.83498615,2.76736388,1.55410474,1.16537
322.430823,0.88840011,0.887707539,0.839781794,0.824879569,2.83328105,2.76539891,1.54553291,1.17441539
322.530823,0.886468554,0.888217212,0.858169984,0.843526235,2.83639167,2.76825446,1.53788325,1.1821866
322.63082299999996,0.887731856,0.887345399,0.84211011,0.827392417,2.83361018,2.76539676,1.53070239,1.18843686
322.730823,0.888660742,0.887150107,0.849641253,0.834685455,2.83520335,2.76690167,1.5253039,1.19490828
322.830823,0.886484016,0.887803881,0.852702918,0.838110962,2.83546437,2.76691246,1.51836471,1.20081207
322.93082300000003,0.887704972,0.888397302,0.839774767,0.824781894,2.8337044,2.76494064,1.51148131,1.20818884
323.030823,0.888223149,0.886474595,0.858196662,0.843459389,2.83680533,2.76783471,1.50536364,1.21448233
323.13082299999996,0.887338024,0.88772467,0.842251207,0.82744261,2.83402887,2.7650011,1.49935377,1.21959852
323.230823,0.887155293,0.888665681,0.849538565,0.834489893,2.83554832,2.76650037,1.4955191,1.22451014
323.330823,0.887802658,0.886482741,0.852863565,0.838179372,2.8358138,2.76659345,1.49027644,1.22872186
323.430823,0.888394406,0.887702314,0.839773086,0.82468969,2.83401061,2.76460367,1.48470239,1.23479568
323.530823,0.886480466,0.888228908,0.85822934,0.843398922,2.83710425,2.76752904,1.47971401,1.23999552
323.630823,0.887717738,0.887330935,0.842398693,0.82749938,2.8343251,2.76472813,1.47486424,1.24395782
323.73082300000004,0.888670569,0.887160427,0.849436088,0.834294882,2.83578243,2.76621234,1.47223108,1.24768357
323.83082299999995,0.886482555,0.887802415,0.853008361,0.838232233,2.8360687,2.76637413,1.4681875,1.25070515
323.930823,0.887699488,0.888391333,0.839771805,0.824598012,2.83422446,2.76436093,1.46360716,1.25577176
324.030823,0.888234732,0.886486405,0.858259028,0.843335752,2.83731495,2.76731203,1.45944879,1.26017091
324.130823,0.887323991,0.887710952,0.842551083,0.827560873,2.83454727,2.76453131,1.45543297,1.26329793
324.230823,0.887165502,0.888675397,0.849333851,0.83410034,2.83594731,2.76599466,1.45357663,1.26626022
324.330823,0.887798706,0.886478462,0.853220418,0.838349344,2.83625093,2.7662401,1.45069865,1.26812221
324.43082300000003,0.888388166,0.887696559,0.839767137,0.824503722,2.83434891,2.76420903,1.44725579,1.2720329
324.530823,0.886492415,0.888240624,0.858285189,0.843269593,2.83743489,2.76718596,1.44394698,1.27560852
324.63082299999996,0.887704109,0.887316992,0.84269956,0.827619451,2.83467113,2.76443309,1.44068512,1.27797759
324.730823,0.88868018,0.887170533,0.849230154,0.833905,2.83601635,2.7658739,1.43959472,1.28018326
324.830823,0.886477643,0.887797909,0.853374422,0.83841249,2.83634482,2.76617967,1.43750888,1.28126292
324.93082300000003,0.887692961,0.888384287,0.839774199,0.824420991,2.83440201,2.76413215,1.4347949,1.28442507
325.02500000000003,0.886471581,0.888176839,0.85806171,0.841754289,2.84431428,2.75822876,1.38293652,1.32514671
325.125,0.887730289,0.887907568,0.840018871,0.824337089,2.86317934,2.73766656,0.777312651,1.87774658
325.218879,0.886747291,0.888742399,0.85967828,0.843044948,2.86739762,2.74198808,0.835742237,1.96104487
325.31887900000004,0.887684183,0.887088167,0.84531806,0.829640054,2.87840551,2.71494085,0.57293151,2.2377669
325.418879,0.888697293,0.887310873,0.846704605,0.831012106,2.87496133,2.73658126,0.666660366,2.12517258
325.51887899999997,0.886409469,0.887862455,0.855373001,0.840183242,2.85956054,2.74561919,0.95404449,1.84508212
325.618879,0.887718661,0.888205582,0.839391085,0.823899157,2.84583445,2.75076384,1.2057155,1.54083821
325.718879,0.888369537,0.886615218,0.857584014,0.842264642,2.84263619,2.76153367,1.39411886,1.33399776
325.818879,0.887083854,0.887679816,0.844977708,0.829699637,2.83571994,2.76372087,1.51533561,1.20712877
325.918879,0.887315459,0.88870165,0.84651788,0.830911755,2.83364822,2.7671778,1.58651777,1.13514279
326.018879,0.887863366,0.886410376,0.855458144,0.840249743,2.83318836,2.76995308,1.62418001,1.09512188
326.11887900000005,0.888200463,0.887713786,0.839401433,0.823850834,2.82973377,2.76844876,1.64291626,1.07546975
326.21887899999996,0.886622141,0.888376326,0.857556853,0.842159817,2.832376,2.7721102,1.6509597,1.06781639
326.318879,0.887674246,0.887078165,0.845141694,0.82978427,2.82971413,2.7700417,1.65054846,1.06649531
326.418879,0.888705176,0.887319245,0.846413253,0.830724278,2.83028233,2.77073988,1.64571311,1.07264019
326.51887899999997,0.886411085,0.887864068,0.855591028,0.840298142,2.83149938,2.7718449,1.63705282,1.08042492
326.618879,0.88770864,0.888195108,0.839433554,0.823800101,2.82900637,2.76926363,1.62812143,1.08931927
326.718879,0.88838312,0.886629073,0.857530775,0.842048212,2.83222268,2.77229216,1.6200988,1.09821511
326.81887900000004,0.887072385,0.887668583,0.845310962,0.829870366,2.82992681,2.76987878,1.61077115,1.10599923
326.91887899999995,0.887322831,0.888708497,0.846316869,0.830543712,2.83064277,2.77032618,1.60132194,1.11680801
327.01887899999997,0.887864831,0.88641186,0.855725808,0.840347746,2.83201926,2.77135128,1.59037393,1.12688443
327.118879,0.888189711,0.887703452,0.839472222,0.823755607,2.8295596,2.76868357,1.5809386,1.13625524
327.218879,0.886635653,0.888389579,0.85750916,0.841940287,2.83280837,2.7716733,1.57307243,1.14500327
327.318879,0.887662938,0.887066624,0.845481785,0.829957708,2.83054418,2.76928202,1.56476616,1.15177859
327.418879,0.888711762,0.88732633,0.84621216,0.830354915,2.83118533,2.76971884,1.55723221,1.1606877
327.518879,0.886412739,0.887865695,0.855856628,0.840393572,2.83258171,2.77081183,1.54802381,1.16906105
327.618879,0.887698188,0.88818424,0.83951197,0.823712306,2.83007905,2.76814134,1.54027739,1.17675282
327.71887899999996,0.888396693,0.88664294,0.857476237,0.841821924,2.83330165,2.77114895,1.53392069,1.18402748
327.818879,0.887060919,0.887657348,0.84565087,0.830043678,2.83103608,2.76881553,1.5274952,1.18893764
327.918879,0.887328968,0.8887142,0.846099225,0.830158132,2.83159459,2.76925056,1.52192685,1.19589236
328.018879,0.887866605,0.886413667,0.855986454,0.84043843,2.83301802,2.77040259,1.51413572,1.20287746
328.118879,0.888178688,0.887692841,0.839553509,0.823670945,2.83047589,2.76772702,1.50774398,1.20921073
328.218879,0.886649922,0.888403527,0.857443168,0.841703476,2.8336661,2.77075498,1.50283664,1.21506012
328.318879,0.887651793,0.887055251,0.845820117,0.83013001,2.83140669,2.76847409,1.49788822,1.21849734
328.418879,0.888717385,0.887332429,0.846007623,0.829982912,2.8318948,2.76889463,1.49379982,1.22397401
328.51887899999997,0.886414688,0.887867597,0.856119261,0.840486467,2.83334394,2.77010545,1.48723101,1.22975941
328.618879,0.887687405,0.888173046,0.839597847,0.823632666,2.83076545,2.76742339,1.48192198,1.23499688
328.718879,0.888410268,0.886656812,0.857410907,0.841585774,2.83393596,2.77045727,1.47803854,1.2398415
328.81887900000004,0.887049617,0.887646272,0.845990126,0.830217291,2.83168863,2.76822364,1.47416876,1.24220051
328.918879,0.887337087,0.888721572,0.845879039,0.829771338,2.83209566,2.7686335,1.47152668,1.24622973
329.01887899999997,0.887868738,0.886415858,0.856244182,0.840527302,2.8335639,2.76991499,1.46626465,1.25072576
329.118879,0.888167342,0.887681903,0.839642279,0.823594965,2.83094926,2.76722799,1.46194369,1.25495724
329.218879,0.886663824,0.888417125,0.857372531,0.84146275,2.83409401,2.77027141,1.45899899,1.25888093
329.318879,0.887640804,0.887044038,0.846159055,0.830304058,2.83186154,2.76808392,1.45607046,1.26029626
329.418879,0.888724467,0.88734024,0.845792148,0.829601758,2.83220683,2.76847143,1.45439329,1.26335645
329.518879,0.886417367,0.887870195,0.856377222,0.84057626,2.83370187,2.76980742,1.45000393,1.26700078
329.618879,0.887676309,0.888161547,0.83969021,0.823561111,2.83106164,2.76710609,1.44623418,1.27066249
329.71887899999996,0.888424274,0.886671082,0.857342344,0.841347834,2.8341846,2.77015265,1.44405016,1.27384251
329.818879,0.887038404,0.887635273,0.846332869,0.830395718,2.83198567,2.76799459,1.44149413,1.27488272
329.918879,0.887343235,0.888727185,0.845701779,0.829429477,2.83226659,2.76836228,1.440609,1.27714563
330.012989,0.886405381,0.887495539,0.852992076,0.836159508,2.8361979,2.76904996,1.43473427,1.29018653
330.112989,0.887585423,0.888534541,0.841237162,0.824475461,2.84901451,2.72566419,0.754528856,1.84363978
330.20696,0.887202724,0.888894968,0.850842374,0.834365795,2.86802098,2.75205961,0.743661124,1.81908302
330.30696,0.887668195,0.887963384,0.840654059,0.823898874,2.8740098,2.71870097,0.569252479,2.09943599
330.40695999999997,0.888531114,0.886795428,0.85581745,0.839441583,2.87440228,2.74230697,0.656732981,2.06626235
330.50696,0.886865724,0.887642642,0.848623414,0.832506268,2.85606376,2.74815625,0.945278271,1.83614679
330.60696,0.887445438,0.888699927,0.843749936,0.827300608,2.84298487,2.75497316,1.19476435,1.56867965
330.70696000000004,0.887956406,0.886403127,0.857808489,0.841758899,2.8379603,2.76367161,1.33538937,1.35197277
330.80696,0.887953418,0.887658926,0.840194822,0.823878335,2.83264025,2.76618221,1.47996279,1.22907724
330.90695999999997,0.886803605,0.888539125,0.855629046,0.839354677,2.83234025,2.77138775,1.56350278,1.15149954
331.00696,0.887638719,0.886861704,0.848738997,0.832617427,2.82920731,2.77157542,1.60873509,1.10652264
331.10696,0.888701341,0.887447125,0.843656372,0.827156691,2.82773537,2.77217264,1.63357731,1.08417697
331.20696,0.886405893,0.887959058,0.857894466,0.841778519,2.82930355,2.77484491,1.64422304,1.07459102
331.30696,0.887652353,0.887946671,0.840275132,0.823887318,2.82604124,2.77231712,1.64694547,1.07241218
331.40696,0.888545649,0.886810312,0.855547693,0.83919736,2.82865541,2.77513225,1.6449532,1.07588618
331.50696,0.88685722,0.887634343,0.848909797,0.832712918,2.8272439,2.77364868,1.6374808,1.08248457
331.60696,0.887448597,0.888702538,0.84358316,0.827008207,2.82676533,2.77310634,1.62939635,1.09143861
331.70696,0.887961841,0.886408766,0.857992451,0.841799767,2.82900517,2.7751521,1.62023666,1.10010394
331.80696,0.887939835,0.887645689,0.840355573,0.823892757,2.82612175,2.77222337,1.61154445,1.10829275
331.90695999999997,0.886817092,0.888552244,0.855469154,0.839041395,2.8289331,2.77479252,1.60342528,1.11729162
332.00696,0.887630195,0.886852974,0.849075019,0.832801984,2.82769604,2.77322041,1.59296913,1.12659068
332.10696,0.888703646,0.887449979,0.843510732,0.826860287,2.8272571,2.77255995,1.58362225,1.13679521
332.20696000000004,0.886411085,0.887963941,0.85809476,0.841824099,2.82955902,2.77461365,1.57459986,1.14536628
332.30696,0.887638961,0.887932937,0.840438768,0.823900757,2.82668279,2.7716545,1.56654447,1.1529779
332.40695999999997,0.888559655,0.886824634,0.855381823,0.838877395,2.82944818,2.77421603,1.55980266,1.16057661
332.50696,0.886848903,0.887626225,0.849235915,0.832887519,2.82822611,2.77271361,1.55118755,1.16799949
332.60696,0.887451276,0.888704668,0.843438208,0.826712591,2.82772975,2.77203298,1.54346763,1.17661012
332.70696,0.887966931,0.886414161,0.858188644,0.841841439,2.83004128,2.77414481,1.53605602,1.18361965
332.80696,0.887926007,0.887632201,0.840522198,0.823909371,2.82713533,2.7711992,1.52960849,1.18964788
332.90696,0.886831408,0.88856624,0.855298811,0.838717243,2.82984646,2.77376568,1.52451261,1.1956202
333.00696000000005,0.887622214,0.886844812,0.849405627,0.832982081,2.8286394,2.7723286,1.51751348,1.20142856
333.10695999999996,0.888705587,0.887452468,0.84337019,0.826569494,2.82809231,2.77162078,1.51109797,1.20875861
333.20696,0.88641766,0.887970342,0.858291803,0.841868396,2.83041026,2.77379015,1.50507063,1.21442163
333.30696,0.887625693,0.88791932,0.840620158,0.823931848,2.82749003,2.77084717,1.49984667,1.2192427
333.40696,0.888572784,0.886838144,0.855215785,0.838557137,2.83015472,2.77340836,1.49588734,1.22409614
333.50696,0.886841318,0.887618814,0.849563114,0.833064706,2.82894831,2.77205077,1.49056273,1.22821942
333.60696,0.887453569,0.888706415,0.843299876,0.826424645,2.82833949,2.7713263,1.48555812,1.23414733
333.70696000000004,0.88797315,0.886420566,0.858371989,0.841872555,2.83066841,2.77355046,1.48077972,1.23859694
333.80696,0.887912047,0.887618581,0.840698608,0.823936536,2.82773156,2.77060924,1.4764999,1.24247949
333.90695999999997,0.88684489,0.888579336,0.855127951,0.838392911,2.83033844,2.77317769,1.47384684,1.24603625
334.00696,0.88761484,0.886837272,0.849730592,0.833158077,2.82913933,2.7718923,1.46988337,1.24879942
334.10696,0.888707109,0.88745453,0.843234808,0.826285375,2.82848397,2.7711373,1.46588814,1.25371666
334.20696000000004,0.886423893,0.887976378,0.858461377,0.841886472,2.83083054,2.77340602,1.46190024,1.25740304
334.30696,0.887611692,0.887904993,0.840786846,0.823951077,2.8278736,2.77047296,1.45847557,1.26042153
334.40696,0.888585854,0.886851605,0.855038992,0.838228007,2.83043552,2.77303498,1.45673709,1.26307901
334.50696,0.886833144,0.887610664,0.849879413,0.83323301,2.82926091,2.77180917,1.45368979,1.26492682
334.60696,0.887455219,0.888707539,0.843169232,0.826145853,2.82855845,2.77101856,1.45043461,1.26909261
334.70696,0.887979695,0.886427311,0.858548329,0.841898408,2.83092605,2.77332844,1.44701274,1.27223804
334.80696,0.887897614,0.887604523,0.840880661,0.823971194,2.82795747,2.77039613,1.444251,1.27457995
334.90696,0.886858286,0.888592337,0.854948885,0.838062357,2.83047822,2.77294725,1.44310887,1.27665779
335.00140000000005,0.888085148,0.887642735,0.834579623,0.817600605,2.82630425,2.7688343,1.44010493,1.27647435
335.100901,0.887290233,0.888770896,0.84709789,0.829469926,2.85676094,2.74060193,0.78251871,1.83559362
335.2,0.888124518,0.886392647,0.859909533,0.842894273,2.86252592,2.75015221,0.769151713,2.00121893
335.295,0.887521739,0.888600386,0.842041486,0.824314724,2.86763236,2.71812826,0.578284565,2.23519634
335.39500000000004,0.888107396,0.88646208,0.859320839,0.842312429,2.87259317,2.74307734,0.644375275,2.1490957
335.49499999999995,0.887645939,0.887581906,0.842291892,0.825213345,2.85292037,2.748432,0.915477213,1.88768647
335.59499999999997,0.887004264,0.888689882,0.852330054,0.835216096,2.84257407,2.75773627,1.17765464,1.58196401
335.695,0.88764973,0.886672633,0.852601505,0.835769625,2.83585129,2.76557365,1.371603,1.35701314
335.795,0.888612654,0.887533024,0.841498018,0.824283588,2.82955257,2.76904893,1.5026051,1.22130796
335.895,0.886468274,0.888113473,0.859260097,0.842381307,2.82941097,2.77499027,1.5817777,1.14004145
335.995,0.887574819,0.887638735,0.842358579,0.825293544,2.824596,2.77391743,1.62500419,1.0941807
336.095,0.888695962,0.88701059,0.852189829,0.835035826,2.82562137,2.77691282,1.64610622,1.07348922
336.195,0.886670543,0.88764767,0.852749398,0.835860093,2.82477665,2.77712913,1.65287078,1.0647912
336.29499999999996,0.887531906,0.888611343,0.84147287,0.824195608,2.82294948,2.77592397,1.65373024,1.06438053
336.395,0.8881184,0.886473353,0.859308883,0.842363,2.82573713,2.77892413,1.65025211,1.06804298
336.495,0.887630983,0.887567203,0.842481132,0.825350835,2.82268753,2.77603267,1.64336317,1.07380082
336.595,0.887016394,0.888701529,0.852069546,0.8348474,2.82472346,2.77787311,1.63497461,1.08359745
336.695,0.887645677,0.886668527,0.852902227,0.835945741,2.82454992,2.77745133,1.62431546,1.09283319
336.795,0.88860943,0.887530241,0.841435493,0.824091983,2.82305793,2.77580182,1.61522844,1.10253518
336.895,0.886478805,0.88812371,0.859347576,0.842334166,2.82606498,2.77860468,1.60667517,1.11130712
336.995,0.887559844,0.88762351,0.842607716,0.825411247,2.82313904,2.77559468,1.59759392,1.11923017
337.09499999999997,0.888707054,0.887022151,0.851954635,0.834664398,2.82518547,2.7773495,1.58881787,1.12941615
337.195,0.886666564,0.887643733,0.853056616,0.836032794,2.82509934,2.77693159,1.57823797,1.13860191
337.295,0.887528503,0.888607447,0.841404939,0.823995229,2.82358333,2.7752323,1.56997553,1.14750233
337.39500000000004,0.888128899,0.886484145,0.859389119,0.842307715,2.82661163,2.77805535,1.56248688,1.15526106
337.495,0.88761607,0.887552518,0.842736248,0.825473537,2.82367761,2.77506789,1.5549986,1.16161705
337.595,0.88702764,0.888712314,0.851830592,0.834472128,2.8256591,2.77681523,1.5479993,1.17005934
337.695,0.887641901,0.886664716,0.853207756,0.836116814,2.82559516,2.77646659,1.53910719,1.17759223
337.795,0.888605357,0.887526659,0.841375389,0.823899698,2.82402023,2.77475557,1.5325179,1.18482827
337.895,0.886489545,0.888134138,0.859428516,0.842279269,2.82704863,2.77761747,1.526493,1.19115952
337.995,0.887545239,0.887608677,0.842865416,0.825536697,2.82409924,2.77466263,1.52060134,1.19592507
338.095,0.888718665,0.887034106,0.851697746,0.834271703,2.82600134,2.77641679,1.51550385,1.20248086
338.195,0.88666297,0.887640171,0.853358306,0.836200382,2.82596652,2.7761297,1.50800144,1.20864359
338.295,0.887524699,0.888603155,0.841347462,0.82380606,2.82433791,2.77440234,1.50270937,1.21457666
338.395,0.888139476,0.886495039,0.859463032,0.842246511,2.82735791,2.77730805,1.49808302,1.21953529
338.495,0.887601334,0.887538009,0.842994554,0.825600273,2.82439531,2.7743862,1.49358909,1.22289696
338.59499999999997,0.887039616,0.888723929,0.851585357,0.834091887,2.82623189,2.77613157,1.48987815,1.2280751
338.695,0.887638632,0.886661414,0.853512858,0.836288239,2.82622801,2.77590456,1.48351889,1.23310984
338.795,0.888600829,0.887522614,0.841322228,0.823715515,2.82455113,2.77415645,1.47919845,1.23805886
338.89500000000004,0.886500778,0.888145034,0.859501985,0.842218318,2.8275721,2.77709481,1.47561716,1.24199498
338.995,0.887530762,0.887593972,0.843127876,0.825668101,2.82461496,2.77418892,1.47188266,1.24458851
339.09499999999997,0.888729548,0.887045416,0.851458553,0.833899279,2.8263764,2.77592533,1.46943928,1.24850567
339.195,0.886659835,0.88763706,0.853659101,0.836368602,2.82639514,2.77577437,1.46436647,1.25226593
339.295,0.887520429,0.888598405,0.841296937,0.823625514,2.82466681,2.77401,1.46103206,1.25621194
339.395,0.888150471,0.886506375,0.859528145,0.842178126,2.82768687,2.77698076,1.4583465,1.25927416
339.495,0.887586776,0.887523675,0.843255432,0.825731358,2.82471306,2.77411381,1.45575477,1.26071254
339.595,0.887050784,0.888734665,0.851344895,0.833719321,2.82641647,2.77583426,1.45428502,1.26366031
339.69500000000005,0.887635268,0.886658064,0.853815107,0.836458688,2.82646985,2.77573925,1.4499574,1.2666892
339.79499999999996,0.888595846,0.887518108,0.841274969,0.823539299,2.82470721,2.77394076,1.44700111,1.27024098
339.895,0.8865123,0.888156217,0.859563035,0.842146647,2.8277332,2.77693594,1.44494595,1.27269438
339.995,0.887516562,0.887579552,0.84338748,0.825799279,2.82476573,2.7740859,1.44281621,1.27365891
340.08884,0.886884234,0.88862215,0.854864481,0.836582501,2.85077967,2.74112364,0.837766734,1.87244158
340.18884,0.887560766,0.886829791,0.851469158,0.833787242,2.86712655,2.75603065,0.656543734,1.82544195
340.283,0.887211243,0.888803533,0.848775568,0.830301392,2.86345053,2.71994134,0.566339389,2.08969638
340.38300000000004,0.88772551,0.886541137,0.856370284,0.83867709,2.87236139,2.74547488,0.619850426,2.08975956
340.483,0.888404116,0.88754594,0.840621454,0.822705454,2.85184784,2.75164481,0.881159351,1.89543666
340.583,0.8866157,0.888330794,0.85889259,0.84128018,2.84126829,2.76242566,1.16072309,1.61750083
340.683,0.887499515,0.887299232,0.845875674,0.828209912,2.83006141,2.76676661,1.31942985,1.38055543
340.783,0.888793874,0.887202185,0.848021581,0.830149442,2.82834375,2.77369465,1.46693389,1.23905098
340.883,0.886542632,0.887726959,0.856362913,0.838835928,2.82579802,2.77738253,1.56162735,1.15186847
340.983,0.88754146,0.888399437,0.840579159,0.82269673,2.82136416,2.77692368,1.61579685,1.09932103
341.083,0.88833758,0.886622659,0.858845057,0.841204513,2.8233243,2.78120175,1.64598354,1.07126917
341.183,0.887293114,0.887493488,0.846012077,0.828302182,2.82027714,2.77952522,1.65910386,1.05880625
341.283,0.887205976,0.8887974,0.847917111,0.829990517,2.82063818,2.78052174,1.66226049,1.05810257
341.383,0.887727396,0.886543122,0.856486143,0.838901985,2.82157494,2.7817098,1.65899642,1.06111052
341.483,0.888394223,0.887536436,0.840602733,0.822663411,2.81904241,2.77933061,1.65327303,1.06712876
341.58299999999997,0.886629531,0.888344274,0.858814799,0.841115289,2.82215642,2.78236819,1.64640253,1.07451871
341.683,0.887485763,0.887285177,0.846132263,0.828365373,2.81983918,2.77997622,1.63730588,1.08247833
341.783,0.888800967,0.887209807,0.847800945,0.829815842,2.82059944,2.78048726,1.62747943,1.09344451
341.88300000000004,0.886543711,0.887727928,0.856608383,0.838965837,2.8218414,2.7814592,1.61695683,1.1030292
341.983,0.887531522,0.888389112,0.840620625,0.822624072,2.81943971,2.77890248,1.60758144,1.11241991
342.08299999999997,0.888351007,0.886636446,0.858780032,0.841021584,2.82262589,2.78186242,1.59936031,1.12112151
342.183,0.887279486,0.887480146,0.84628507,0.828461613,2.82036584,2.77946687,1.59033662,1.12901973
342.283,0.887213593,0.888804505,0.847692843,0.829649003,2.82109554,2.77992605,1.58147732,1.13901689
342.383,0.887728529,0.886544373,0.856730983,0.839030099,2.82238196,2.78093807,1.57193671,1.14770891
342.483,0.888383878,0.887526503,0.840651565,0.822597494,2.81995217,2.77836047,1.56390543,1.155768
342.583,0.886643398,0.888357778,0.858747953,0.840930305,2.82312767,2.78132502,1.55694219,1.16324791
342.68300000000005,0.887474425,0.887273692,0.846442692,0.828562239,2.82087094,2.77898127,1.54950858,1.16953825
342.78299999999996,0.888807991,0.88721734,0.847577519,0.829475365,2.82153058,2.77942736,1.54243098,1.17773299
342.883,0.886545131,0.887729221,0.85685084,0.839091884,2.82282938,2.78051381,1.53465404,1.18470854
342.983,0.887521326,0.888378507,0.840671433,0.822560511,2.82035137,2.77793849,1.52832498,1.19109075
343.083,0.888364511,0.886650323,0.858705929,0.840829958,2.82348767,2.7809314,1.52300554,1.19696235
343.183,0.887267947,0.88746875,0.846598466,0.828661543,2.82123131,2.7786464,1.51733352,1.20150919
343.283,0.887220904,0.888811291,0.847467046,0.829307281,2.82181097,2.77908844,1.5120624,1.20789296
343.38300000000004,0.88772998,0.886545958,0.856971247,0.839154557,2.8231415,2.78022827,1.50547372,1.21372752
343.483,0.888373099,0.887516106,0.840697268,0.822529909,2.82062405,2.77764741,1.50035092,1.21890718
343.58299999999997,0.886657296,0.888371294,0.858663687,0.840729625,2.82373135,2.7806582,1.49630483,1.22353314
343.683,0.887463105,0.887262233,0.846754469,0.828761438,2.82148267,2.77842314,1.49191133,1.2268077
343.783,0.888814535,0.887224396,0.847350147,0.829132986,2.82200044,2.7788435,1.48785793,1.23196853
343.883,0.886546846,0.887730795,0.857089307,0.839215184,2.82336402,2.78003387,1.48218821,1.23690911
343.983,0.887510807,0.888367612,0.840724421,0.82250104,2.8208078,2.77744819,1.47805888,1.24109098
344.083,0.888378049,0.886664246,0.858620575,0.840628694,2.82389482,2.78046661,1.47496937,1.24478542
344.183,0.887256553,0.887457492,0.846910654,0.828861936,2.8216536,2.77828202,1.47164834,1.24698736
344.28299999999996,0.887227056,0.888816963,0.847224686,0.828950816,2.8220951,2.77869504,1.46893293,1.2508012
344.383,0.887731737,0.886547864,0.857203469,0.83927275,2.82348238,2.77994404,1.464304,1.25472025
344.483,0.888362051,0.887505431,0.840752529,0.822473786,2.82089191,2.77735119,1.46103205,1.25803941
344.583,0.886671256,0.888384864,0.858572506,0.840523596,2.82395569,2.78037786,1.45877165,1.26092468
344.683,0.887451924,0.887250921,0.84706594,0.828962202,2.82172948,2.77823761,1.45627483,1.26230185
344.783,0.888820254,0.887230613,0.84711713,0.828787469,2.82210168,2.77863573,1.45452566,1.26514497
344.883,0.886548941,0.887732727,0.857321118,0.839334212,2.82352362,2.7799323,1.45068303,1.26828829
344.983,0.887499963,0.8883564,0.840783384,0.822449843,2.82090643,2.77732573,1.44788277,1.27112754
345.07680600000003,0.886565486,0.888213269,0.860262435,0.841452916,2.84650769,2.74692939,0.888694186,1.71917488
345.176806,0.887442845,0.887494928,0.845096673,0.826602422,2.85578676,2.75114185,0.707318586,2.02855715
345.270967,0.886813505,0.888560813,0.856582446,0.837576886,2.8585428,2.72343297,0.587871528,2.22445655
345.370967,0.887475682,0.886989341,0.850436864,0.832016132,2.86849057,2.74347964,0.60911954,2.18462896
345.470967,0.888801125,0.887355414,0.844282123,0.82570938,2.850696,2.75334129,0.838855405,1.96570386
345.570967,0.886502923,0.887883429,0.859143222,0.841004475,2.83903894,2.76343588,1.12693138,1.65407485
345.670967,0.887476563,0.888068743,0.841478879,0.823067693,2.82852019,2.7690608,1.33999646,1.39224394
345.77096700000004,0.888577949,0.886831002,0.856043229,0.837757101,2.82584073,2.77747547,1.49014063,1.23536889
345.870967,0.886986744,0.887473149,0.850401752,0.832194761,2.82104814,2.77962646,1.58013427,1.14106539
345.970967,0.887356801,0.888802257,0.844131664,0.825613314,2.81836564,2.78114428,1.6310008,1.08950997
346.070967,0.887886327,0.886505937,0.859191059,0.841041502,2.81947297,2.78467503,1.65703526,1.06210203
346.170967,0.888061507,0.887469455,0.841530071,0.823085285,2.81577351,2.78247683,1.66807318,1.04976502
346.270967,0.886837783,0.888584513,0.855938736,0.837607511,2.81811222,2.78549866,1.67136541,1.04748233
346.370967,0.887469202,0.886982767,0.850556849,0.832303889,2.81666766,2.78433926,1.66697496,1.05021187
346.47096700000003,0.888802965,0.887357767,0.844053491,0.825487374,2.81599791,2.78369133,1.65970908,1.05852145
346.57096700000005,0.886509276,0.887889528,0.859267297,0.841069055,2.81836884,2.78593554,1.65087333,1.06711012
346.67096699999996,0.887462582,0.88805449,0.841607961,0.823115149,2.81539952,2.78292726,1.64134536,1.07590206
346.770967,0.888591017,0.886844504,0.855837565,0.83745661,2.81813732,2.78545814,1.63295093,1.08553625
346.870967,0.886978574,0.887464965,0.850690538,0.832389845,2.81697011,2.78407946,1.62255231,1.09431276
346.97096700000003,0.887358656,0.888803594,0.843971793,0.825357445,2.8163972,2.78323798,1.61234295,1.10553971
347.070967,0.887892828,0.886512716,0.859340862,0.841093832,2.81887564,2.78543942,1.60245631,1.11517983
347.170967,0.888047135,0.887455394,0.841688632,0.823147599,2.8159426,2.78237699,1.59303113,1.12387447
347.27096700000004,0.886851199,0.888597492,0.85573475,0.837304092,2.81866318,2.78487616,1.58545148,1.13273304
347.370967,0.887461406,0.88697501,0.850845291,0.832497226,2.81752091,2.78355269,1.57660164,1.14000338
347.470967,0.888803951,0.887359259,0.843892511,0.8252297,2.81689431,2.7826843,1.56809454,1.14955337
347.570967,0.88651624,0.887896207,0.859412808,0.84111705,2.81939017,2.78493561,1.55966157,1.15779173
347.670967,0.887448429,0.888040039,0.84176673,0.823177981,2.81643034,2.78188647,1.55194086,1.16480112
347.770967,0.88860395,0.886857878,0.855629305,0.837149243,2.81909398,2.78439244,1.54615566,1.17189786
347.870967,0.886971319,0.887457738,0.85100237,0.832606786,2.8179651,2.78313819,1.53910648,1.17739301
347.97096700000003,0.887360345,0.888804746,0.843809658,0.825098637,2.81726965,2.7822552,1.53231251,1.18523493
348.070967,0.88789966,0.88651984,0.859484685,0.841140473,2.81978258,2.78455676,1.5252285,1.19215608
348.17096699999996,0.888033633,0.887442105,0.841849075,0.823212327,2.81679466,2.78152413,1.5190297,1.19764206
348.270967,0.886864515,0.888610364,0.855524588,0.836995356,2.81940961,2.78402714,1.51463113,1.20337002
348.370967,0.887454124,0.886967694,0.851158215,0.832716239,2.81829303,2.78284184,1.50914959,1.20731036
348.47096700000003,0.888805274,0.88736113,0.843727741,0.82496941,2.81752181,2.78195548,1.50410075,1.21339926
348.570967,0.886523543,0.887903213,0.859551925,0.841159871,2.820043,2.78431138,1.49834023,1.21902026
348.670967,0.887434918,0.888026326,0.841924264,0.823240646,2.81703327,2.78129198,1.49335125,1.22328548
348.770967,0.888616768,0.886871142,0.855414655,0.83683684,2.81959897,2.78378998,1.49013615,1.2278435
348.870967,0.886964168,0.887450615,0.851313079,0.832824454,2.81850446,2.78266609,1.48583529,1.23061276
348.970967,0.887361572,0.888805459,0.843656143,0.824850967,2.81767323,2.7817596,1.48192979,1.23554812
349.070967,0.887906826,0.886527311,0.859620443,0.841180842,2.82021627,2.7841545,1.47699568,1.24036534
349.170967,0.888019137,0.887427856,0.842007623,0.823277584,2.81718787,2.78114587,1.47294237,1.2436808
349.27096700000004,0.886876751,0.888622071,0.855315329,0.836688286,2.81971492,2.78363019,1.47059302,1.2473835
349.370967,0.88744716,0.886960701,0.851468965,0.832933975,2.81865381,2.78255398,1.46697569,1.24947906
349.470967,0.888805585,0.887361979,0.843572497,0.824721051,2.81774933,2.78164126,1.46437932,1.25309185
349.570967,0.886531183,0.88791054,0.859683086,0.841196753,2.82030045,2.78408649,1.4604716,1.25690318
349.670967,0.887420783,0.888011941,0.842091368,0.823315589,2.81725353,2.78109053,1.45728252,1.25933767
349.770967,0.888629404,0.886884219,0.855196732,0.836523107,2.81973784,2.78355847,1.45564603,1.26233879
349.870967,0.886957346,0.887443813,0.851621591,0.833041273,2.81869322,2.78255257,1.45310926,1.26335966
349.97096700000003,0.887360693,0.888803962,0.843473596,0.824576722,2.81772516,2.78162581,1.45149389,1.26597681
350.064794,0.886595385,0.88779462,0.859075618,0.839651254,2.84335427,2.7579653,1.01453776,1.72556427
350.164794,0.887438089,0.888275265,0.841866322,0.82269841,2.85013286,2.74756462,0.611813505,1.77089287
350.258958,0.886551062,0.888084071,0.860585059,0.841048843,2.85246766,2.72754647,0.584322058,2.04808481
350.358958,0.887387167,0.887717932,0.844136868,0.825004103,2.86688066,2.74498496,0.591597551,2.10781121
350.458958,0.888759232,0.887026493,0.851989452,0.833027544,2.8512498,2.75851891,0.797553422,1.96697727
350.558958,0.886776092,0.887515799,0.854502836,0.835821733,2.83659507,2.76650504,1.10049347,1.68649855
350.65895800000004,0.887419382,0.888693099,0.841907222,0.82290367,2.82398002,2.77156369,1.29158766,1.43102021
350.75895799999995,0.888098404,0.886570977,0.860168125,0.841517928,2.82418499,2.7818875,1.43928342,1.25850994
350.858958,0.88771197,0.887381287,0.844043493,0.825177185,2.81703075,2.78203451,1.55305018,1.159089
350.958958,0.8870316,0.888764134,0.851793246,0.83290949,2.81630703,2.78583239,1.61768856,1.09756293
351.058958,0.887514379,0.886774711,0.85460402,0.835927124,2.81511993,2.78725827,1.65159826,1.06435823
351.158958,0.888690474,0.887416979,0.841856744,0.822831228,2.81252604,2.78624866,1.66807565,1.05019641
351.258958,0.886576755,0.88810399,0.860182318,0.841499312,2.81510226,2.78963189,1.67399689,1.0457685
351.35895800000003,0.8873742,0.887704803,0.844163053,0.82526052,2.81200219,2.78708581,1.67279624,1.04682858
351.458958,0.888769134,0.887036848,0.85166518,0.832742077,2.81349109,2.78872393,1.66856236,1.05256904
351.55895799999996,0.886773467,0.887513075,0.854727262,0.836011976,2.81367254,2.78878039,1.66004894,1.06022868
351.658958,0.887414438,0.888687712,0.841822864,0.822759149,2.81187844,2.78685567,1.65038219,1.07029004
351.758958,0.888109635,0.886582595,0.860190197,0.841468059,2.81497964,2.78973,1.64080773,1.07987234
351.85895800000003,0.887697704,0.887367177,0.844282915,0.825342243,2.81220386,2.78688895,1.63090177,1.08874929
351.958958,0.887042048,0.888774085,0.851536822,0.832573873,2.81382638,2.78831432,1.62223833,1.09848267
352.058958,0.887511779,0.886772219,0.854863375,0.836109564,2.8141466,2.78832201,1.61189876,1.10781204
352.158958,0.888684854,0.887411796,0.84179504,0.822692861,2.81238409,2.78630775,1.60176294,1.11839868
352.258958,0.886588489,0.888115333,0.860196812,0.841435574,2.81551196,2.78917989,1.59271121,1.1275685
352.358958,0.887360221,0.887690669,0.844408291,0.825429422,2.81275705,2.78634617,1.58388023,1.13543778
352.458958,0.888778959,0.887047169,0.851410629,0.832407701,2.81433487,2.78773366,1.57642274,1.14397161
352.558958,0.886772046,0.887511529,0.854980115,0.836188062,2.81466297,2.78782331,1.56798016,1.15135582
352.65895800000004,0.887409033,0.888681876,0.841764041,0.822623887,2.81284602,2.78580232,1.55973065,1.16006317
352.758958,0.888121103,0.886594458,0.860199777,0.841399777,2.81595769,2.78871795,1.5524821,1.1674901
352.858958,0.887683754,0.887353376,0.84453196,0.825515167,2.81319855,2.78591972,1.54535467,1.17368561
352.958958,0.887052282,0.888783823,0.851280158,0.832238046,2.81469393,2.78731027,1.53981598,1.18030806
353.058958,0.887510093,0.886770674,0.855111915,0.836282381,2.81502828,2.78748118,1.53321107,1.18588235
353.158958,0.888678706,0.88740609,0.841740458,0.822562468,2.81316686,2.78544597,1.52659854,1.19296029
353.258958,0.886600476,0.888126919,0.860201422,0.84136299,2.81627234,2.78839065,1.5205706,1.19921906
353.35895800000003,0.887346471,0.88767678,0.844654457,0.825600337,2.81351037,2.78562612,1.51477144,1.20409619
353.458958,0.888788619,0.887057327,0.851150458,0.832069411,2.81494229,2.7870022,1.51061135,1.20935457
353.55895799999996,0.886767231,0.887506667,0.855293347,0.836425674,2.81530294,2.78724812,1.50538396,1.21356838
353.658958,0.887402518,0.888674868,0.841716249,0.822500248,2.81339074,2.78519078,1.49998037,1.21942698
353.758958,0.888132799,0.88660656,0.860199837,0.841323323,2.81649474,2.78815703,1.49491721,1.22475675
353.858958,0.887669181,0.887338868,0.844785077,0.825693625,2.81373048,2.78542894,1.49029885,1.22845389
353.958958,0.887062303,0.888793346,0.851021326,0.831901764,2.81510195,2.78678527,1.48725513,1.23260793
354.058958,0.887506194,0.886766795,0.855412884,0.836509059,2.81547662,2.78710148,1.48326965,1.23559319
354.15895800000004,0.888671523,0.887399388,0.841685724,0.822433192,2.81350869,2.78504241,1.47924475,1.24005579
354.25895799999995,0.886612717,0.888138752,0.860194187,0.841280361,2.81660493,2.78803638,1.47520663,1.24438937
354.358958,0.887332066,0.887662312,0.844908307,0.825780638,2.81384317,2.78533917,1.47151234,1.24716247
354.458958,0.888798034,0.887067241,0.8508905,0.831733136,2.81515812,2.78667374,1.46937597,1.25041621
354.558958,0.886766137,0.887505466,0.855538427,0.836598287,2.81555828,2.78705031,1.46629586,1.2525082
354.658958,0.887396133,0.88866806,0.841665651,0.822377188,2.81354628,2.78497688,1.46313352,1.25609115
354.758958,0.888144749,0.886618923,0.860188971,0.841238268,2.81664818,2.7879833,1.4596773,1.25986475
354.85895800000003,0.887655602,0.8873254,0.845042324,0.825878981,2.81389064,2.78531455,1.45667014,1.26194593
354.958958,0.887072703,0.888803213,0.850771371,0.831575919,2.81516048,2.7866172,1.45517254,1.26456438
355.052801,0.886829608,0.887321896,0.853429729,0.833402451,2.83192856,2.7593566,1.139289,1.52089
355.152801,0.887352575,0.888800611,0.843198305,0.823520336,2.84846019,2.75729532,0.703093553,1.99587422
355.24696800000004,0.886707378,0.8876894,0.858190828,0.838134649,2.85097415,2.74103114,0.657879122,2.13442484
355.34696799999995,0.887393849,0.888478572,0.841547181,0.82185303,2.86033996,2.74420819,0.591594255,2.20856152
355.44696799999997,0.888339981,0.886708064,0.859182042,0.839985968,2.84907215,2.76104274,0.770399367,2.03238359
355.546968,0.887392436,0.887314833,0.847571525,0.828330471,2.83252565,2.76746287,1.06952111,1.72549969
355.646968,0.887183174,0.888863486,0.847705045,0.828353139,2.82379809,2.77593696,1.2979876,1.44031686
355.746968,0.887620477,0.886659336,0.857804142,0.838762089,2.81940035,2.78369626,1.46124228,1.26429233
355.846968,0.888472815,0.88738822,0.841304301,0.821921683,2.81288532,2.78504419,1.56398199,1.15822279
355.946968,0.886715294,0.88834701,0.85906127,0.839962808,2.81366064,2.790544,1.6240109,1.09724528
356.046968,0.887309358,0.88738693,0.847686319,0.828465534,2.80999293,2.78981293,1.65502052,1.06343183
356.14696799999996,0.888867839,0.887187841,0.847531674,0.828166793,2.80964,2.7910735,1.66983824,1.04919289
356.246968,0.886660539,0.887621564,0.857898139,0.838832934,2.81067203,2.79281154,1.67196262,1.04589162
356.346968,0.887382722,0.888467155,0.841320393,0.821911746,2.80781937,2.7904115,1.66920548,1.04835876
356.446968,0.888353834,0.886722338,0.85899532,0.8398681,2.81088562,2.79353277,1.66402648,1.05448056
356.546968,0.887381384,0.887303837,0.847828038,0.828579468,2.80863237,2.79136366,1.65583032,1.06111884
356.646968,0.887191003,0.888870753,0.847418193,0.828023939,2.80906091,2.79168911,1.64754602,1.07072962
356.746968,0.887622956,0.886662079,0.858004219,0.838909645,2.81062377,2.79293148,1.63632365,1.08116672
356.846968,0.888461395,0.887377118,0.841341387,0.821904117,2.80804399,2.7901836,1.62593479,1.09136728
356.94696799999997,0.886729642,0.888360939,0.858938373,0.839781423,2.8112625,2.79312422,1.61704605,1.10120128
357.046968,0.887298252,0.887375786,0.847975125,0.828697946,2.80914216,2.79087716,1.60720024,1.10946551
357.146968,0.888873489,0.887194008,0.84730149,0.827878158,2.80955942,2.79112471,1.59892655,1.11906028
357.24696800000004,0.886663458,0.887624207,0.858098099,0.838974773,2.8111639,2.79240882,1.5888772,1.12834978
357.346968,0.887371455,0.888455577,0.8413621,0.821896465,2.8085602,2.78964291,1.57983585,1.13721597
357.44696799999997,0.888367688,0.886736615,0.858863912,0.839677701,2.81174982,2.79259774,1.57256317,1.14547386
357.546968,0.887370434,0.887292927,0.848113335,0.828808655,2.80962984,2.79041133,1.56465905,1.15182466
357.646968,0.88719703,0.888876262,0.847187265,0.827734894,2.80997627,2.7906471,1.55829705,1.15952737
357.746968,0.887625478,0.886664858,0.858197059,0.839045333,2.81159831,2.79199667,1.54991766,1.16718672
357.846968,0.888449657,0.887365687,0.841386948,0.82189311,2.80896861,2.7892176,1.54216626,1.17476906
357.946968,0.886743676,0.888374523,0.858792141,0.839576909,2.81212325,2.79218898,1.53643273,1.18151792
358.046968,0.887287531,0.887365021,0.848256913,0.828924611,2.81001625,2.79005318,1.53003956,1.18636981
358.14696799999996,0.888878947,0.887199963,0.847074464,0.827593263,2.81029152,2.79027562,1.52529358,1.19246196
358.246968,0.886666161,0.887626646,0.858284181,0.839104504,2.81191521,2.79170449,1.51874704,1.19831357
358.346968,0.887359879,0.888443701,0.841410435,0.82188902,2.80924691,2.78892639,1.51239387,1.2044864
358.44696799999997,0.888381372,0.886750752,0.858717129,0.839473377,2.81236834,2.79191072,1.50798076,1.20993492
358.546968,0.887359633,0.887282153,0.848400705,0.829041267,2.81027924,2.7898218,1.50278418,1.21359385
358.646968,0.887202819,0.888881556,0.846961802,0.827452265,2.81049005,2.79002416,1.49928842,1.2184347
358.74696800000004,0.887628325,0.88666796,0.858361975,0.839154901,2.81212059,2.7915267,1.49423947,1.22281106
358.84696799999995,0.888437668,0.887353994,0.841435996,0.82188728,2.80942767,2.78873652,1.48881228,1.22804157
358.94696799999997,0.886757832,0.888388224,0.858639803,0.839367972,2.8125206,2.79172636,1.48536987,1.23253739
359.046968,0.887276881,0.887354351,0.848542303,0.829156353,2.81044654,2.78968784,1.48125785,1.23511166
359.146968,0.888884092,0.887205603,0.846848777,0.827311496,2.81059378,2.78986945,1.47885985,1.23884972
359.246968,0.886669621,0.887629845,0.858459229,0.839225263,2.81224214,2.79143321,1.47489183,1.24216683
359.346968,0.887348172,0.88843169,0.841467856,0.821892317,2.80952321,2.78863402,1.47029581,1.24654756
359.446968,0.888395067,0.886764904,0.858561161,0.83926183,2.81259017,2.79162513,1.4675987,1.25031466
359.54696800000005,0.887349231,0.887271757,0.848690305,0.829278324,2.81053792,2.7896313,1.464304,1.25207031
359.64696799999996,0.887208295,0.888886537,0.846737461,0.827173031,2.81062406,2.78978959,1.46278932,1.25491881
359.746968,0.887634474,0.886674374,0.858526695,0.839266724,2.8122759,2.79141763,1.45993544,1.25714551
359.846968,0.888425569,0.88734219,0.841494032,0.821892738,2.80952972,2.78862192,1.45623085,1.26061165
359.946968,0.886771993,0.888401925,0.858478467,0.83915244,2.81257053,2.79161325,1.45422806,1.26369957
360.040822,0.887803994,0.887422155,0.847068688,0.826388799,2.82526205,2.77487554,1.26095637,1.47053129
360.140822,0.887103258,0.888835555,0.850201308,0.830284766,2.82753663,2.74050577,0.622887241,1.78399394
360.234987,0.886971083,0.88713435,0.851669029,0.831002402,2.84697048,2.75374034,0.679476062,1.93272331
360.33498699999996,0.887282028,0.888877231,0.844688759,0.824635379,2.85798242,2.74819312,0.581411944,2.1075215
360.434987,0.887783001,0.886627943,0.859984502,0.840521147,2.84774705,2.76570279,0.735490704,2.01292102
360.534987,0.888183823,0.887303194,0.84233063,0.822635797,2.82952843,2.77069009,1.04227191,1.74515779
360.634987,0.886880749,0.88858047,0.856117913,0.836654457,2.82031272,2.78018242,1.2610111,1.48267219
360.734987,0.887298312,0.887129623,0.851567594,0.832105749,2.81527085,2.7865651,1.39913492,1.28769545
360.834987,0.888879609,0.887284707,0.844293041,0.824599469,2.81049421,2.78928305,1.52839747,1.18360752
360.934987,0.886631922,0.887786812,0.859983747,0.840642292,2.81029258,2.79396089,1.59885612,1.11613935
361.034987,0.887296986,0.888177538,0.842364195,0.822704286,2.80580275,2.79259613,1.63847425,1.07737384
361.13498699999997,0.888587041,0.886887554,0.855987991,0.836522568,2.80746217,2.7959687,1.65949174,1.05892307
361.234987,0.887126032,0.887294684,0.851678704,0.832210728,2.8058765,2.79539586,1.66695709,1.05158177
361.334987,0.887285487,0.888880149,0.844198067,0.82448782,2.80477829,2.79478609,1.66728657,1.05304168
361.43498700000004,0.887790349,0.886635644,0.860035507,0.840675864,2.80712829,2.7972548,1.66222101,1.05825994
361.534987,0.888170255,0.887289778,0.842425193,0.822747019,2.80410744,2.79436489,1.65517543,1.06482525
361.63498699999997,0.886894061,0.888593314,0.855858965,0.836374248,2.80662956,2.79675655,1.64768454,1.07325771
361.734987,0.88729116,0.887122542,0.851818588,0.832332647,2.80564334,2.79565418,1.63830842,1.08137199
361.834987,0.888880324,0.887285899,0.844111068,0.824381998,2.80483321,2.79467015,1.62908146,1.09144195
361.934987,0.886639436,0.887793951,0.860089369,0.840710907,2.80742763,2.79696314,1.61861706,1.10166232
362.034987,0.887282697,0.888163086,0.842494676,0.822797929,2.8045203,2.79394816,1.60900241,1.11065087
362.134987,0.888599678,0.88690066,0.855736217,0.836231688,2.8070711,2.7962522,1.60075513,1.11981341
362.23498700000005,0.887119119,0.887287701,0.851959265,0.832455324,2.80615058,2.79516907,1.59176281,1.12755672
362.33498699999996,0.887286301,0.888880487,0.8440151,0.82426695,2.80530668,2.79413946,1.58353774,1.13661087
362.434987,0.887797554,0.886643235,0.860140104,0.840742801,2.80793073,2.79646581,1.5742276,1.14570264
362.534987,0.888155904,0.887275599,0.842565349,0.822850185,2.80500553,2.7934596,1.56602131,1.15330437
362.634987,0.886907146,0.888605933,0.85561285,0.836088729,2.80750226,2.79576084,1.55945392,1.16080186
362.734987,0.887284317,0.887115776,0.852099201,0.832577545,2.80659716,2.7947483,1.55222835,1.16680078
362.834987,0.888880478,0.887286531,0.843931475,0.82416505,2.80567328,2.7937186,1.54595686,1.17389231
362.93498700000004,0.886647194,0.887801319,0.860189054,0.840773744,2.80829762,2.79610696,1.53849842,1.18116934
363.034987,0.887268481,0.888148704,0.842637628,0.822904615,2.80534984,2.79311905,1.53185739,1.18724283
363.13498699999997,0.888612221,0.886913671,0.855485345,0.835942161,2.80779316,2.79541526,1.5267674,1.193292
363.234987,0.887112521,0.887281018,0.85223765,0.832698759,2.80690893,2.79446711,1.52098229,1.19787308
363.334987,0.887285259,0.888878979,0.843826219,0.82404147,2.80592628,2.79342033,1.51611639,1.20355791
363.434987,0.887805174,0.886651233,0.860236395,0.840802892,2.80856478,2.79584932,1.50986194,1.20965248
363.534987,0.888141496,0.887261352,0.842711189,0.822960606,2.80560185,2.79287402,1.50426777,1.2146907
363.634987,0.886920015,0.888618331,0.855364316,0.835802298,2.80799399,2.79516168,1.50041537,1.21951891
363.734987,0.887277785,0.887109335,0.852376746,0.832821063,2.80712897,2.79427982,1.4958918,1.22285289
363.83498699999996,0.888879141,0.887285665,0.84374648,0.823944673,2.80607508,2.79322732,1.49239794,1.22716116
363.934987,0.886655449,0.887809191,0.860276032,0.840825485,2.80871683,2.79570796,1.48752439,1.23188912
364.034987,0.887254215,0.888134285,0.842785,0.82301761,2.80573733,2.79274833,1.48299072,1.23586965
364.134987,0.888624546,0.886926473,0.855229912,0.835649941,2.80807837,2.79502683,1.48018785,1.23966364
364.234987,0.887106251,0.88727465,0.852512398,0.832940625,2.80723971,2.7942038,1.47665573,1.24201723
364.334987,0.887285205,0.888878491,0.843680311,0.823862125,2.80613326,2.79313057,1.4740934,1.24538688
364.43498700000004,0.887813186,0.886659645,0.860318714,0.840851941,2.80877019,2.79566561,1.47039758,1.24894919
364.534987,0.888127051,0.887247053,0.842862219,0.823078569,2.80579159,2.79270613,1.4664483,1.25234143
364.63498699999997,0.886933177,0.888631029,0.855105277,0.835507823,2.80809088,2.79496497,1.46431878,1.2554733
364.734987,0.887271331,0.887102955,0.852655034,0.833067193,2.80729436,2.79418494,1.46136658,1.25725196
364.834987,0.888878158,0.887285099,0.843606777,0.823772186,2.80613924,2.79308482,1.45933169,1.26008838
364.93498700000004,0.886664043,0.88781738,0.860352678,0.840869987,2.80878619,2.79566126,1.45641096,1.26288883
365.028859,0.888388743,0.887205398,0.842479011,0.821258849,2.81489708,2.78170426,1.38333066,1.32212507
365.128859,0.886821492,0.88842609,0.858377324,0.83840503,2.84058634,2.76683755,0.737364659,1.91848589
365.223,0.887946284,0.887209059,0.845811178,0.824683323,2.83823269,2.76402958,0.794233479,2.00444314
365.32300000000004,0.887038351,0.888772089,0.852321018,0.832172574,2.85122279,2.7490158,0.586928518,2.22134616
365.423,0.887349631,0.886933609,0.855296562,0.835541501,2.84335769,2.76611425,0.712319677,2.08603441
365.52299999999997,0.888786564,0.887311146,0.842247065,0.822287346,2.8268505,2.7729701,1.00647302,1.79468948
365.623,0.886684986,0.888013203,0.860617476,0.841059276,2.81936374,2.78364589,1.24800643,1.49779202
365.723,0.887200159,0.887855337,0.844783964,0.824963378,2.81047865,2.78807124,1.42507236,1.30128544
365.823,0.88877754,0.887043754,0.851835774,0.83210316,2.80781577,2.79397858,1.53997363,1.18378255
365.923,0.886933841,0.887349803,0.855338107,0.835730868,2.80538981,2.79677068,1.6057782,1.11464141
366.023,0.887308568,0.888783797,0.842166923,0.822257714,2.80197262,2.79647381,1.64110826,1.0783672
366.123,0.888018977,0.886690984,0.860580592,0.841033999,2.80418212,2.80043422,1.65859623,1.06049299
366.22299999999996,0.887848341,0.887193193,0.844886051,0.82506472,2.80079196,2.79816993,1.66410225,1.05323862
366.323,0.887048875,0.888782427,0.851690321,0.831950412,2.80210312,2.79994655,1.66407849,1.05449105
366.423,0.887348488,0.886932629,0.855458635,0.835844202,2.80223853,2.80020847,1.65815932,1.059074
366.523,0.88878068,0.887305654,0.842128611,0.822210736,2.8003269,2.7982663,1.64995765,1.06769411
366.623,0.88669699,0.888024755,0.860568445,0.841013275,2.80346812,2.80124578,1.64150996,1.07663134
366.723,0.887186316,0.887841438,0.845000824,0.825171038,2.80063868,2.79839781,1.63205871,1.08478446
366.823,0.888787179,0.887053863,0.851549836,0.831799717,2.80223603,2.79978067,1.62351366,1.09476489
366.923,0.886928932,0.887344626,0.855625232,0.836003681,2.80259113,2.79990737,1.61350446,1.10351446
367.02299999999997,0.887302661,0.888777499,0.842084435,0.822157905,2.8007344,2.79782134,1.60373745,1.11369358
367.123,0.88803061,0.886703075,0.860552378,0.840988759,2.80393117,2.80076958,1.59507011,1.12285254
367.223,0.887834556,0.88717945,0.845105796,0.825267863,2.80113317,2.79791693,1.58633519,1.13028503
367.32300000000004,0.887058932,0.888792015,0.851402403,0.83164301,2.80267219,2.79927976,1.57926629,1.13880262
367.423,0.887343794,0.886928203,0.85573711,0.836107694,2.80305885,2.7994659,1.57079895,1.14603945
367.52299999999997,0.888773601,0.887299005,0.842051582,0.822115887,2.80116155,2.79735962,1.56248554,1.15477415
367.623,0.886709199,0.888036501,0.860535713,0.840963796,2.8043602,2.80032912,1.5550591,1.16272975
367.723,0.887171871,0.887826991,0.845222604,0.825376642,2.80156043,2.79751065,1.54789654,1.16860229
367.823,0.888796714,0.887063865,0.851258741,0.831490013,2.80303179,2.79886118,1.54247052,1.17549573
367.923,0.886927829,0.887343345,0.855841582,0.836205408,2.80343217,2.79912091,1.53569188,1.18107168
368.023,0.887295792,0.888770207,0.842008293,0.822064695,2.80147419,2.79701526,1.52918337,1.18799521
368.12300000000005,0.888042473,0.886715404,0.86051406,0.840934423,2.80465934,2.80002023,1.52321379,1.19451931
368.22299999999996,0.887820169,0.887165063,0.845332124,0.825478755,2.80185739,2.79723678,1.51743634,1.19900685
368.323,0.887068754,0.88880137,0.851115034,0.831337447,2.80326647,2.79857097,1.51335176,1.20456778
368.423,0.887342633,0.886927226,0.855952643,0.836309367,2.80368867,2.79889746,1.50791999,1.20881778
368.523,0.888767204,0.887292959,0.841962232,0.822011291,2.80167137,2.79679067,1.50291787,1.21422165
368.623,0.886721684,0.888048518,0.860490193,0.840903142,2.80485758,2.79981386,1.49787404,1.21984156
368.723,0.887158289,0.887813384,0.845442537,0.825582241,2.80205759,2.79706226,1.4931617,1.22325875
368.82300000000004,0.888805973,0.88707359,0.850969455,0.831183536,2.80340454,2.79837917,1.49024021,1.22766051
368.923,0.886926693,0.887341987,0.856062322,0.836412517,2.80384948,2.79877135,1.48597224,1.2307645
369.02299999999997,0.887289457,0.888763522,0.841931531,0.821973738,2.80178333,2.79665365,1.48206367,1.23505854
369.123,0.888054602,0.886728,0.860467207,0.840873262,2.80496807,2.79969555,1.47786179,1.23985605
369.223,0.887806629,0.887151542,0.845554618,0.825688,2.80217218,2.79697509,1.47400992,1.24240468
369.323,0.887078398,0.888810549,0.850828677,0.831034974,2.80346267,2.79826869,1.47198251,1.24591441
369.423,0.887341394,0.886926217,0.856172208,0.836516506,2.80393107,2.79872551,1.46871532,1.24803472
369.523,0.888759798,0.887285919,0.841880853,0.821916944,2.80180871,2.79660811,1.46597476,1.25114131
369.623,0.88673437,0.888060734,0.860436011,0.840836152,2.80498333,2.79967187,1.46263602,1.25509516
369.72299999999996,0.887144845,0.887799929,0.845666072,0.825793942,2.80219449,2.7969816,1.45951349,1.2569045
369.823,0.888815043,0.887083127,0.85068041,0.830879783,2.80342713,2.79825263,1.45828244,1.25961888
369.923,0.886925826,0.887340882,0.85627933,0.836618512,2.80392687,2.79876642,1.45571829,1.26105351
370.016914,0.889317912,0.887384792,0.845589999,0.824472089,2.8060912,2.79549121,1.44335299,1.2835972
370.116914,0.886706508,0.88778784,0.860684352,0.840594589,2.82252577,2.75456257,0.725632623,1.8453642
370.211,0.888703306,0.886886622,0.839813413,0.818948053,2.8385388,2.77816978,0.732026469,1.83964424
370.31100000000004,0.886806505,0.888285949,0.85953731,0.839396175,2.8479953,2.7530752,0.576940496,2.09652962
370.411,0.887131709,0.8875382,0.848361294,0.828325281,2.84137736,2.77006413,0.679394639,2.04953897
370.51099999999997,0.888899351,0.887168443,0.847547536,0.827573458,2.82551523,2.77803036,0.978385957,1.80660358
370.611,0.886811913,0.887475345,0.858404143,0.838713873,2.8147208,2.78670346,1.22126058,1.54013803
370.711,0.887252132,0.888571268,0.841643531,0.8216346,2.80521273,2.7905642,1.35798633,1.32916741
370.811,0.888292763,0.886813866,0.85907315,0.839408598,2.80595498,2.7988264,1.4994454,1.210406
370.911,0.887533201,0.887126697,0.848427889,0.828566104,2.80081904,2.79924209,1.57993615,1.13420179
371.011,0.887171539,0.888902227,0.8473808,0.827473382,2.79936701,2.80117017,1.62587012,1.09072316
371.11100000000005,0.887476652,0.886813386,0.858473699,0.838808056,2.79996099,2.80365098,1.64885713,1.06863192
371.21099999999996,0.888565372,0.887246357,0.84164164,0.821644992,2.79671337,2.80156707,1.65851581,1.06020606
371.311,0.886820942,0.888299598,0.858989249,0.839328836,2.79944282,2.80482854,1.66102259,1.0591942
371.411,0.887121307,0.887527841,0.848554176,0.828695578,2.79721725,2.80297581,1.65766121,1.06181473
371.511,0.888904911,0.88717445,0.847252795,0.827346114,2.79736477,2.80320742,1.65213605,1.06862371
371.611,0.886814725,0.887477828,0.858546781,0.838882959,2.79900154,2.80466136,1.64334203,1.07689525
371.711,0.887240494,0.88855939,0.841652854,0.821657446,2.7963674,2.80190103,1.63362595,1.08647635
371.81100000000004,0.888306435,0.886828023,0.858899257,0.839240069,2.79945683,2.80477147,1.62501644,1.09564859
371.911,0.887522489,0.88711592,0.848683621,0.828827221,2.79748371,2.80273419,1.6157738,1.1036487
372.01099999999997,0.887177274,0.88890751,0.847125974,0.827219823,2.79770765,2.80280302,1.60752559,1.11294184
372.111,0.887479486,0.886816577,0.858610133,0.838948447,2.79943338,2.80424565,1.59806992,1.12177326
372.211,0.888553379,0.887234595,0.841663148,0.821669471,2.79681512,2.80143449,1.58856937,1.13116014
372.311,0.886835113,0.888313282,0.858806331,0.839148724,2.79989724,2.80428835,1.58080193,1.13954103
372.411,0.88711064,0.887517247,0.848810797,0.828956896,2.7979539,2.80228871,1.57277104,1.14634481
372.511,0.888910038,0.887180027,0.846998874,0.827093551,2.79811998,2.80233025,1.56596852,1.15418028
372.611,0.886818283,0.887481026,0.858689632,0.83903079,2.79985084,2.80384395,1.55821188,1.16131286
372.71099999999996,0.887228744,0.888547407,0.841680698,0.821688833,2.79720604,2.80103024,1.5503705,1.16905731
372.811,0.88832012,0.886842195,0.858712385,0.839056636,2.80025492,2.80389173,1.54399291,1.17610294
372.911,0.887512161,0.887105509,0.848944393,0.829093305,2.79832827,2.80194346,1.5374091,1.18148465
373.011,0.887182662,0.888912447,0.846875686,0.826971247,2.79844204,2.8019541,1.5318826,1.1880567
373.111,0.887485457,0.88682306,0.858746388,0.839089668,2.80017654,2.80353,1.52559356,1.19373884
373.211,0.888541281,0.887222722,0.841694069,0.821704563,2.79750101,2.80072406,1.51918274,1.20004765
373.311,0.886849288,0.888326969,0.858614934,0.838961501,2.80050742,2.80360273,1.51432404,1.20561091
373.411,0.887100733,0.88750743,0.849075682,0.829228098,2.79858507,2.80171842,1.50930157,1.20944705
373.51099999999997,0.888914842,0.887185275,0.846747695,0.826845354,2.79861509,2.80172859,1.50549803,1.21429367
373.611,0.886824193,0.88748646,0.858821249,0.839168779,2.80036053,2.80337236,1.50064169,1.21857314
373.711,0.88721679,0.888535239,0.841718285,0.821731365,2.7976496,2.80056894,1.49559211,1.22350909
373.81100000000004,0.8883338,0.886856363,0.858516561,0.838865991,2.80063658,2.80343904,1.49149704,1.22834294
373.911,0.887502355,0.88709561,0.849202851,0.829359227,2.79873571,2.80160172,1.48739314,1.2312665
374.011,0.887187782,0.88891713,0.846621947,0.826721938,2.79870724,2.80158711,1.48457178,1.23512843
374.111,0.887487928,0.886825827,0.858900009,0.839251606,2.80047239,2.80328737,1.48070943,1.23842974
374.211,0.888528909,0.887210556,0.841732828,0.821749472,2.79773617,2.80047738,1.47649727,1.24251403
374.311,0.886863434,0.888340627,0.858415054,0.838767793,2.80070355,2.80333803,1.47304395,1.24672756
374.411,0.887090556,0.887497354,0.849329678,0.829490607,2.79882027,2.8015521,1.46980835,1.24878679
374.511,0.888919307,0.887190179,0.846497963,0.82660095,2.79872856,2.80151773,1.46797323,1.25165915
374.611,0.88682758,0.887489511,0.858976748,0.839333091,2.80051123,2.80327578,1.46506077,1.25402608
374.711,0.887204205,0.888522457,0.841743276,0.821764355,2.79773556,2.80047456,1.46189902,1.2570421
374.811,0.888347476,0.886870528,0.8583093,0.838666309,2.80067487,2.8033326,1.45918725,1.26053257
374.911,0.887492427,0.887085574,0.849455837,0.829622153,2.79881599,2.80159242,1.45662077,1.26192611
375.004994,0.890176692,0.888142125,0.845651186,0.825713901,2.79772651,2.80052333,1.45295397,1.26170043
375.104994,0.887004514,0.887273211,0.856558042,0.836377605,2.82567446,2.77493956,0.845855404,1.782004
375.20059999999995,0.888424456,0.886973019,0.859412869,0.839584887,2.82975241,2.78249671,0.839844634,1.93136678
375.299,0.88677066,0.887664694,0.860648271,0.840461272,2.83853236,2.75621055,0.600929228,2.20449878
375.399,0.887143866,0.888278497,0.842817025,0.822641143,2.83558102,2.77072899,0.673987571,2.12167246
375.499,0.888557534,0.886961125,0.85567867,0.835894744,2.82344143,2.78182734,0.947587906,1.85544934
375.599,0.887272371,0.887123262,0.852332239,0.832507043,2.81097695,2.78802664,1.19597844,1.55929546
375.69899999999996,0.887237358,0.888925847,0.84396357,0.823989181,2.8039645,2.79489376,1.38125568,1.34766954
375.799,0.887673228,0.886778602,0.860318944,0.84067819,2.80204032,2.80207949,1.50346238,1.22024825
375.899,0.888271674,0.887137089,0.842789168,0.822814753,2.79613774,2.80199811,1.57691774,1.14378456
375.999,0.886967813,0.888563993,0.855494403,0.835792133,2.7968983,2.80616462,1.61913876,1.10144918
376.099,0.887120031,0.887269226,0.852425952,0.832640224,2.79495004,2.80626563,1.63914646,1.07894821
376.199,0.888926106,0.887237844,0.843863033,0.823909177,2.79339329,2.80586232,1.64757695,1.07086043
376.299,0.886782691,0.887677107,0.860351362,0.840725453,2.79574955,2.80866418,1.64721253,1.07086026
376.399,0.887129926,0.888264476,0.84284904,0.822887492,2.79256843,2.80582238,1.64268659,1.07439114
376.49899999999997,0.888570079,0.886974141,0.855354293,0.835663325,2.79496794,2.80822478,1.63745761,1.08093324
376.599,0.887266111,0.887116821,0.852549342,0.832776315,2.79406263,2.80730236,1.62924808,1.08759824
376.699,0.887237937,0.88892599,0.843772947,0.823830059,2.79306173,2.80621409,1.6212215,1.09652918
376.79900000000004,0.887681146,0.886786954,0.860376441,0.84076265,2.79580018,2.80865942,1.61146455,1.10624906
376.899,0.888257277,0.887122758,0.842910618,0.822960474,2.79283327,2.80557899,1.60174475,1.11509865
376.999,0.886980569,0.888576272,0.855208979,0.8355289,2.79530819,2.80783706,1.59433486,1.12386925
377.099,0.8871137,0.887263087,0.852672477,0.832912115,2.79449697,2.8069019,1.58571841,1.1309585
377.199,0.888925271,0.887237384,0.843694066,0.823762782,2.79347756,2.80575324,1.57818604,1.13939061
377.299,0.886791341,0.887685296,0.860395573,0.840794292,2.79623246,2.80823577,1.5696589,1.14790258
377.399,0.887115583,0.888250074,0.842971978,0.823033752,2.793261,2.80515744,1.56116231,1.15552858
377.499,0.888582427,0.886986959,0.855062038,0.835393213,2.79568885,2.80740366,1.555155,1.16291601
377.59900000000005,0.887260147,0.887110659,0.852793364,0.833046006,2.79490383,2.80652938,1.54804487,1.1685212
377.699,0.887237216,0.8889249,0.843605664,0.823685836,2.79382432,2.80536242,1.54204879,1.1754197
377.799,0.887689391,0.886795664,0.860422714,0.840834284,2.79658124,2.80789765,1.5350599,1.18242369
377.899,0.888242813,0.887108347,0.843038311,0.823112163,2.79360064,2.80482901,1.5278202,1.18879064
377.999,0.886992834,0.888588014,0.854929912,0.835272352,2.79597538,2.80706977,1.52321609,1.19479165
378.099,0.887107678,0.887257261,0.852918527,0.833183614,2.7952112,2.80626107,1.51754536,1.19897529
378.199,0.888924388,0.887236904,0.843520396,0.823612248,2.79408115,2.80506543,1.51266549,1.20475227
378.29900000000004,0.886799425,0.887692871,0.860431394,0.840856294,2.79682653,2.80766463,1.50733982,1.21011709
378.399,0.88710115,0.888235597,0.843101953,0.823188631,2.79382366,2.80461956,1.50147265,1.21509983
378.49899999999997,0.888594596,0.886999597,0.85476563,0.835120519,2.79613961,2.80685444,1.49817005,1.21981113
378.599,0.887254486,0.887104789,0.853034732,0.83331488,2.7953943,2.80611504,1.49384483,1.22266021
378.699,0.887236498,0.888923786,0.843432174,0.82353679,2.79419224,2.80491633,1.490482,1.22690803
378.799,0.887697337,0.88680411,0.860452633,0.84089192,2.79693528,2.80756842,1.48639039,1.23106181
378.899,0.888228293,0.887093859,0.843171144,0.823271106,2.79392935,2.80453059,1.48138128,1.2351724
378.999,0.887005842,0.888600609,0.854616181,0.834983773,2.79620555,2.80674154,1.47872514,1.23924856
379.09900000000005,0.887101852,0.887251657,0.853155898,0.833450778,2.79549005,2.80605948,1.47526431,1.24124509
379.19899999999996,0.888923042,0.887235947,0.843347211,0.823465017,2.79423468,2.80483797,1.47279903,1.24458206
379.299,0.886807814,0.887700737,0.860442362,0.84089586,2.79698549,2.80752826,1.46956564,1.24790056
379.399,0.887086671,0.888221093,0.843236644,0.823350643,2.79397684,2.80450071,1.46518428,1.25136796
379.499,0.888606587,0.887012052,0.854464446,0.83484542,2.7962054,2.80669474,1.46330109,1.25467887
379.599,0.887249109,0.887099191,0.853278025,0.833588395,2.79551779,2.80607186,1.46065158,1.2558744
379.699,0.887235277,0.88892218,0.843263318,0.823395037,2.79420812,2.80482977,1.45902322,1.25835904
379.79900000000004,0.88770535,0.886812665,0.860460816,0.840930206,2.79696253,2.80756491,1.45659176,1.26089719
379.899,0.888214133,0.8870797,0.843305015,0.823433393,2.79394751,2.80454854,1.452953,1.26360541
379.99850000000004,0.88726195,0.888988287,0.848714397,0.828989551,2.79530529,2.80587344,1.45139532,1.26662069
380.09299999999996,0.88756141,0.887008941,0.849419221,0.829107842,2.81423896,2.77468824,0.921659144,1.77175092
380.193,0.887186118,0.888918,0.846660793,0.826690523,2.82893423,2.78946454,0.767122161,1.75248897
380.287,0.887082497,0.887195551,0.856321797,0.836081918,2.83100182,2.76004962,0.597329716,2.03575102
380.387,0.887227028,0.888835115,0.842076875,0.821965185,2.83356145,2.77621216,0.655582133,2.05799567
380.487,0.887933056,0.886828099,0.860519385,0.840912503,2.82140333,2.78699633,0.923371533,1.85380461
380.58700000000005,0.887952659,0.887026917,0.845395593,0.825519924,2.80661432,2.79163931,1.17708262,1.59522658
380.687,0.887098078,0.888775785,0.851028165,0.831337567,2.80001817,2.79914015,1.3242725,1.38072306
380.787,0.887189648,0.887078905,0.855977987,0.836351108,2.79829056,2.8052582,1.45557153,1.24982468
380.887,0.888832366,0.887224378,0.841916478,0.822031152,2.79290555,2.80557538,1.54304257,1.17204707
380.987,0.886834565,0.88793928,0.860437639,0.840929933,2.79419135,2.81033806,1.59193626,1.12504656
381.087,0.887020096,0.887945828,0.845468898,0.825642992,2.79037146,2.80881085,1.6185588,1.09847712
381.187,0.888779847,0.887102313,0.850845728,0.831187387,2.79102585,2.81069443,1.63221152,1.08698973
381.28700000000003,0.887078423,0.887189022,0.856079076,0.836478406,2.79118471,2.81148744,1.6355321,1.08350318
381.387,0.887220783,0.888828617,0.841869178,0.822006763,2.78891831,2.8095679,1.6338406,1.08602312
381.48699999999997,0.887945381,0.886840914,0.860398294,0.840912945,2.79197955,2.81262489,1.62843819,1.09201273
381.587,0.887939114,0.887013342,0.845567177,0.825763182,2.7892406,2.81001044,1.62137108,1.09808585
381.687,0.887107098,0.88878442,0.850688762,0.831050937,2.79050212,2.81117549,1.61472298,1.10586754
381.787,0.887188443,0.887077993,0.856174072,0.836595877,2.79110106,2.81160447,1.60617869,1.11347467
381.887,0.888824903,0.887217253,0.841808327,0.821966889,2.7890499,2.8094118,1.59783568,1.12215985
381.987,0.886847074,0.88795131,0.860355563,0.840892106,2.79226322,2.81232992,1.58887205,1.13147428
382.08700000000005,0.887006629,0.887932445,0.845666086,0.825883979,2.7896214,2.80965423,1.58026126,1.13900338
382.18699999999995,0.888788703,0.887111585,0.850533106,0.83091603,2.79086638,2.81074973,1.5735912,1.14674011
382.287,0.887077629,0.887187927,0.856268373,0.836712952,2.79151374,2.81121937,1.56585705,1.15351298
382.387,0.887213524,0.888821049,0.84176579,0.821946474,2.78942049,2.80900947,1.5587247,1.16096961
382.487,0.887957484,0.8868535,0.860310177,0.840869613,2.79262255,2.81195649,1.5512945,1.16876364
382.587,0.887925816,0.886999954,0.845765941,0.826006319,2.78998812,2.8093142,1.54406858,1.17495084
382.687,0.887116207,0.888793116,0.850373604,0.830777571,2.79117332,2.81038678,1.53878186,1.18132426
382.78700000000003,0.887187486,0.887077345,0.856360999,0.836828762,2.79184449,2.81091982,1.53244382,1.18671957
382.887,0.888817038,0.88720965,0.841727789,0.821930553,2.78970546,2.80869978,1.52669342,1.19279538
382.98699999999997,0.886860507,0.887964194,0.860253087,0.840835055,2.792897,2.81166862,1.52050541,1.19937152
383.087,0.886993327,0.887919239,0.84586641,0.826129475,2.79027526,2.80905579,1.5143503,1.20450948
383.187,0.888797308,0.887120611,0.850221809,0.830647293,2.79139931,2.81010938,1.51034829,1.20960868
383.28700000000003,0.887077116,0.887187098,0.85645467,0.836946102,2.79208326,2.81071419,1.50542629,1.21360249
383.387,0.887206346,0.888813668,0.841685818,0.821912154,2.78989132,2.8084897,1.5010409,1.21830978
383.487,0.88797064,0.886867218,0.860194939,0.840800665,2.79305881,2.81149502,1.49631591,1.22343956
383.587,0.887912715,0.88698675,0.845966083,0.826252631,2.79044118,2.80892041,1.49129252,1.22745758
383.687,0.887125126,0.888801634,0.850056549,0.830504298,2.79150034,2.80995697,1.48843008,1.23142699
383.787,0.887186802,0.887076983,0.856544004,0.837059791,2.7922085,2.81062387,1.48462592,1.23431854
383.887,0.888809488,0.887202295,0.8416495,0.821899094,2.78997563,2.8083861,1.48119732,1.23805955
383.987,0.886873766,0.887976935,0.860141503,0.840771809,2.79311823,2.81142336,1.47762533,1.24204966
384.087,0.886980209,0.887906232,0.846069196,0.826379743,2.79052162,2.80887218,1.47331197,1.24536192
384.187,0.888805849,0.887129547,0.849897638,0.830368006,2.79152652,2.80988077,1.47117292,1.24861375
384.287,0.887076542,0.887186153,0.856644861,0.837184664,2.7922621,2.81060766,1.46826093,1.25062393
384.387,0.887198122,0.888805191,0.841616212,0.821889536,2.79000125,2.80834294,1.46531492,1.2538716
384.48699999999997,0.887983679,0.886880761,0.860075809,0.840730954,2.79313609,2.8113944,1.46244882,1.25716899
384.587,0.887899744,0.886973655,0.846171799,0.826506779,2.79055694,2.8088697,1.45870274,1.25990951
384.687,0.887133903,0.88881,0.849738554,0.830232123,2.79150337,2.8098545,1.45724791,1.26248336
384.78700000000003,0.887186403,0.88707692,0.856725942,0.837292555,2.79225308,2.81065046,1.45526132,1.26358282
384.887,0.888800827,0.887193881,0.841581926,0.821880136,2.78993653,2.80839097,1.45352815,1.26559982
384.98699999999997,0.886887341,0.88799,0.86001681,0.840698102,2.79304926,2.81146793,1.45155737,1.26801963
385.080986,0.888275828,0.887039084,0.843570317,0.82330985,2.80864774,2.78246705,1.00128048,1.6350166
385.18098599999996,0.887043313,0.888575029,0.854458869,0.834861441,2.81925879,2.78985959,0.860671352,1.88109981
385.275,0.887648291,0.886950894,0.849254334,0.82899335,2.82514408,2.76833561,0.671689565,2.11191785
385.375,0.887186908,0.888908369,0.846797392,0.826997827,2.82782979,2.77842048,0.667250339,2.13154258
385.475,0.887337681,0.886970679,0.858689436,0.839219865,2.81697224,2.78908688,0.906845107,1.89576838
385.575,0.888625615,0.887133099,0.841581846,0.821848671,2.80260627,2.79325169,1.1535597,1.61329367
385.675,0.886945415,0.888235293,0.858420684,0.839092258,2.7994809,2.80410781,1.3397767,1.39149256
385.77500000000003,0.886953388,0.887650011,0.8489914,0.829405388,2.79282214,2.80710095,1.46794633,1.25537407
385.875,0.888911199,0.887189928,0.84652384,0.82697815,2.78989377,2.81018922,1.54707543,1.17507026
385.97499999999997,0.886972068,0.887338938,0.858702109,0.839348521,2.78984152,2.81370988,1.59082696,1.12915386
386.075,0.887126946,0.8886194,0.841560363,0.82189073,2.78602109,2.81200819,1.61285492,1.10577816
386.175,0.888242167,0.886952536,0.858297986,0.839011354,2.7884703,2.81557973,1.62321939,1.09589458
386.27500000000003,0.887644996,0.88694828,0.849101645,0.829551834,2.78616056,2.81405589,1.62516767,1.09202871
386.375,0.887192395,0.888913478,0.846383368,0.826869323,2.78601945,2.81424355,1.62349731,1.09477775
386.475,0.887340448,0.886973756,0.858765421,0.83944484,2.78774739,2.81600325,1.61756785,1.10002624
386.575,0.88861311,0.887120717,0.841568304,0.821930244,2.78496291,2.81317537,1.60972356,1.10747432
386.675,0.886959594,0.888248979,0.858183103,0.838928245,2.78803637,2.81604756,1.6023116,1.11596718
386.775,0.886942806,0.887639658,0.849222528,0.829704856,2.7861365,2.81415078,1.5942398,1.12243709
386.875,0.888915742,0.887194818,0.846253355,0.826769014,2.78616732,2.81406333,1.58725357,1.13066401
386.975,0.886975556,0.887342066,0.858828951,0.839540891,2.78805866,2.81572937,1.57858201,1.13875619
387.075,0.887114331,0.88860665,0.841566715,0.821960139,2.78530966,2.81282522,1.57017882,1.14679325
387.175,0.888255822,0.886966684,0.858063048,0.838840316,2.7883903,2.81565997,1.56302327,1.15506277
387.275,0.88763516,0.886938246,0.849327925,0.829843102,2.78652929,2.81379411,1.55583971,1.16066292
387.375,0.887197031,0.888917742,0.846108044,0.82665507,2.78649892,2.81368184,1.55019465,1.16756051
387.47499999999997,0.887343815,0.886977493,0.858887237,0.839632461,2.78840447,2.81541157,1.54315526,1.17405416
387.575,0.888600296,0.887108025,0.841576861,0.822002557,2.78561766,2.81251285,1.53626225,1.18058333
387.675,0.886973773,0.888262667,0.857944205,0.838753856,2.7886755,2.81534163,1.53024698,1.18773874
387.77500000000003,0.886933328,0.887630344,0.849441466,0.829989715,2.78684026,2.8135209,1.52419734,1.19222195
387.875,0.888919753,0.887199222,0.845972968,0.826551209,2.78674312,2.81339013,1.51994609,1.19773165
387.97499999999997,0.886979535,0.887345664,0.858945265,0.839724064,2.78866455,2.8151809,1.51427428,1.20288637
388.075,0.887102745,0.888594841,0.841574862,0.822032565,2.78585063,2.8122813,1.50858094,1.20820726
388.175,0.888269583,0.886980937,0.857822326,0.838664478,2.7888819,2.81510242,1.50352118,1.21442699
388.275,0.887625604,0.886928482,0.849554515,0.830136256,2.78706914,2.8133311,1.49849862,1.2178907
388.375,0.887201501,0.888921859,0.845840208,0.826450204,2.78690149,2.81318582,1.49556732,1.22207735
388.475,0.887347623,0.886981691,0.859001294,0.839814216,2.78883351,2.8150417,1.49124998,1.22590047
388.57500000000005,0.888585735,0.887093442,0.841604695,0.822095662,2.78597703,2.81215517,1.48682034,1.22993951
388.67499999999995,0.886987996,0.888276394,0.857693263,0.838568979,2.78897531,2.81497586,1.48283235,1.23510473
388.775,0.886923714,0.887620945,0.849666387,0.830282404,2.78718602,2.81325451,1.47873953,1.23764154
388.875,0.888923704,0.887203526,0.845704064,0.826346272,2.78696082,2.81308272,1.47671297,1.24091743
388.975,0.886983966,0.887349697,0.859054334,0.839901957,2.78891374,2.81499172,1.47329073,1.24386862
389.075,0.887087118,0.88857936,0.841620478,0.822144984,2.78603087,2.81210452,1.46969162,1.24706051
389.175,0.888282488,0.886994394,0.857573177,0.838482234,2.78899858,2.81492121,1.46649956,1.25144275
389.27500000000003,0.887616334,0.886918992,0.849780123,0.830430927,2.78724251,2.81323905,1.46293687,1.253452
389.375,0.887205034,0.888925015,0.845581828,0.826257046,2.78696398,2.81303809,1.46161072,1.25601882
389.47499999999997,0.887351831,0.886986318,0.859110922,0.839993464,2.78894198,2.81499375,1.45892037,1.2582605
389.575,0.888572676,0.887080471,0.841631293,0.822190656,2.78603204,2.81210663,1.45593174,1.26082471
389.675,0.887001341,0.888289195,0.857437909,0.838381788,2.78895883,2.81492724,1.45370573,1.26425249
389.77500000000003,0.886914365,0.887611822,0.849891292,0.830577761,2.78722626,2.81329652,1.45086974,1.26553534
389.875,0.888926891,0.887207066,0.845442595,0.826151607,2.78688579,2.81307372,1.45032582,1.2673102
389.975,0.886988827,0.887354143,0.859155251,0.84007446,2.78887325,2.81509182,1.44855046,1.26865848
390.068945,0.888817243,0.887177095,0.841700832,0.821648921,2.80371712,2.79298167,1.10991808,1.62422797
390.168945,0.886942459,0.887958411,0.860144799,0.84091791,2.816396,2.79390085,0.770536295,1.66441444
390.262993,0.888341607,0.887005678,0.843264396,0.82312756,2.81638706,2.77373219,0.694681675,1.91316192
390.362993,0.887070309,0.888519628,0.854643283,0.835330708,2.82609875,2.78567912,0.657394629,2.04098345
390.46299300000004,0.886956061,0.887402609,0.852827145,0.833506741,2.81283929,2.79291893,0.892329048,1.87508482
390.56299299999995,0.888942582,0.887216903,0.843181308,0.823818951,2.80008237,2.79892053,1.14264851,1.63231519
390.662993,0.886939595,0.887559432,0.860191376,0.841156218,2.79441828,2.80749666,1.29515789,1.42137402
390.762993,0.886991262,0.888332536,0.842893833,0.823516,2.7892613,2.81047606,1.41713643,1.28372492
390.862993,0.888526343,0.887077176,0.854335909,0.835302131,2.78797641,2.81496835,1.51084079,1.20470242
390.962993,0.887400153,0.886953461,0.852882716,0.83369437,2.78539916,2.81611271,1.56274193,1.15357796
391.062993,0.887216472,0.888941989,0.843064743,0.823774755,2.78304672,2.81599445,1.59157805,1.12644529
391.16299300000003,0.887562802,0.88694331,0.860154001,0.841172388,2.78513378,2.81930645,1.60531207,1.1135032
391.262993,0.888325368,0.886984065,0.842949881,0.823618233,2.78180669,2.81673498,1.60940826,1.10941936
391.36299299999996,0.887083392,0.888532339,0.854170303,0.835178535,2.78378534,2.81904312,1.60984296,1.11034657
391.462993,0.886950787,0.887397635,0.852988361,0.833843413,2.78306105,2.81856054,1.60634558,1.11287154
391.562993,0.888941145,0.88721579,0.842964947,0.823715802,2.78173959,2.8173129,1.60140183,1.11869517
391.66299300000003,0.88694816,0.887567407,0.860158773,0.841220307,2.78451429,2.81995645,1.59435032,1.12577796
391.762993,0.886976974,0.888318332,0.843010555,0.823719847,2.78160661,2.81696053,1.58609923,1.13338429
391.862993,0.888538274,0.887089545,0.8540056,0.835054694,2.78380922,2.81897194,1.57912404,1.14133879
391.962993,0.887395105,0.886948107,0.853091776,0.833989589,2.78327692,2.81838387,1.57178292,1.14746881
392.062993,0.887215003,0.888940201,0.84286821,0.823659582,2.78199954,2.81701573,1.56514831,1.15482198
392.162993,0.887572063,0.886953049,0.860165147,0.84126946,2.78483525,2.81964546,1.55770751,1.16222636
392.262993,0.888311208,0.886969817,0.843063921,0.823814622,2.78195533,2.81662741,1.54968304,1.16957042
392.362993,0.887095649,0.888544163,0.853839313,0.83492941,2.78413329,2.81859715,1.54329782,1.17694748
392.46299300000004,0.886945508,0.887392659,0.853194223,0.834135103,2.78363307,2.81806561,1.53708975,1.18195585
392.562993,0.88893913,0.887214085,0.842773837,0.823606219,2.78229248,2.81668676,1.53197832,1.18776893
392.662993,0.886957996,0.887576774,0.860168811,0.841316354,2.78512836,2.8193628,1.52597582,1.19375944
392.762993,0.886962457,0.888303861,0.843113901,0.823906608,2.78222848,2.81637303,1.51945234,1.19960067
392.862993,0.888550018,0.887101719,0.853670384,0.834802155,2.78435372,2.81832849,1.51433273,1.20574443
392.962993,0.887390299,0.886942993,0.85329538,0.834279902,2.78387993,2.81785888,1.50936689,1.20954044
393.062993,0.887213056,0.88893795,0.842679181,0.823552978,2.78248503,2.81646125,1.50546545,1.2141392
393.16299300000003,0.887581549,0.88696301,0.860169055,0.841360302,2.78532232,2.81917979,1.50064722,1.21896263
393.262993,0.88829671,0.886955255,0.843174712,0.824010188,2.78239849,2.81622249,1.49545016,1.22346599
393.36299299999996,0.887107686,0.888555772,0.853503902,0.834677691,2.78448231,2.81815358,1.49133541,1.22863063
393.462993,0.886939475,0.887386761,0.853407807,0.834436251,2.78404147,2.81774267,1.48730136,1.23151394
393.562993,0.888937183,0.887212485,0.842576611,0.823491826,2.78258809,2.81632286,1.48438097,1.2351231
393.662993,0.886968078,0.887586377,0.860168665,0.841403988,2.78544403,2.81906919,1.48029652,1.23923149
393.762993,0.886947583,0.888289077,0.843222325,0.824100532,2.7825138,2.81612954,1.47599108,1.24283007
393.862993,0.888561531,0.887113656,0.853333125,0.834549533,2.78454413,2.81804498,1.47275838,1.24712482
393.96299300000004,0.887385816,0.886938191,0.853496053,0.834569506,2.7841237,2.81769737,1.46973418,1.24901587
394.06299299999995,0.887210552,0.88893515,0.842498598,0.823457381,2.78260635,2.8162777,1.46803465,1.25139373
394.162993,0.88759127,0.886973214,0.86016188,0.841442507,2.78544648,2.81907706,1.46530763,1.25415775
394.262993,0.888282049,0.886940501,0.84328574,0.824208211,2.78250388,2.81616198,1.46187309,1.2568786
394.362993,0.887119635,0.88856729,0.853166021,0.834425639,2.78450025,2.81804328,1.45925298,1.26056729
394.462993,0.886935906,0.887383694,0.853595543,0.834714483,2.78412178,2.81774123,1.45657265,1.26213027
394.562993,0.888933612,0.887209154,0.842407837,0.823409946,2.78256158,2.81629381,1.45538673,1.26398363
394.66299300000003,0.886978416,0.887596228,0.860153337,0.841479628,2.78541031,2.81912317,1.45323859,1.26618257
394.762993,0.886935988,0.888277989,0.843322023,0.824288142,2.78246011,2.81622069,1.45036414,1.26833248
394.86299299999996,0.888573335,0.887125909,0.852997991,0.834300965,2.78442742,2.81806983,1.44811207,1.27165539
394.962993,0.88738166,0.886933706,0.85369349,0.834858505,2.78408947,2.81781541,1.44575354,1.27290994
395.056956,0.888885849,0.887175208,0.845370377,0.825783199,2.79691846,2.79832357,1.2204337,1.46598789
395.15695600000004,0.887048212,0.88729802,0.859171426,0.840247034,2.81003383,2.79927306,0.898932089,1.80938013
395.250933,0.88882668,0.887133714,0.841629455,0.821786817,2.81053075,2.78202045,0.830010523,1.95097942
395.350933,0.886994432,0.887890303,0.85978809,0.840901232,2.82046025,2.78705027,0.672668538,2.12656211
395.450933,0.886860853,0.88798732,0.846098941,0.827028155,2.8083589,2.7937253,0.869018257,1.9326766
395.550933,0.888775694,0.887182889,0.849099303,0.830322806,2.79794302,2.80187286,1.11339545,1.66587336
395.650933,0.88720237,0.887059876,0.856570399,0.837833273,2.79211074,2.81017436,1.29998289,1.43283422
395.750933,0.887148899,0.888828402,0.841175435,0.822214769,2.7849875,2.8129797,1.43380443,1.29093765
395.850933,0.887897977,0.88700242,0.859528865,0.840964753,2.78505834,2.81926895,1.51688526,1.20576864
395.95093299999996,0.887981258,0.886854696,0.846124775,0.827205627,2.78058756,2.81867588,1.56339686,1.15617171
396.050933,0.887187137,0.888779772,0.84891052,0.830220866,2.78039013,2.82075609,1.58996217,1.1299637
396.150933,0.887059954,0.887202642,0.856632291,0.837959807,2.78060274,2.82231738,1.60213495,1.11612206
396.25093300000003,0.888823793,0.887144375,0.841130687,0.822225197,2.77786514,2.8203439,1.60595,1.11202462
396.350933,0.887009256,0.887904541,0.859452727,0.840942196,2.78089542,2.82362449,1.60455729,1.11395416
396.45093299999996,0.886848339,0.887975009,0.846218234,0.827351051,2.77827718,2.82117992,1.59862786,1.11830194
396.550933,0.888783668,0.887191205,0.848741717,0.830101804,2.77916247,2.82204368,1.59324973,1.12503191
396.650933,0.88720376,0.887060954,0.856699352,0.838079018,2.78008864,2.82293265,1.58661824,1.13062389
396.750933,0.887139668,0.888818987,0.84109724,0.822241825,2.77772349,2.82050817,1.57972292,1.13758626
396.850933,0.887910507,0.887015445,0.859382438,0.840924607,2.78098595,2.82353994,1.57230081,1.14576804
396.950933,0.887969012,0.886842223,0.84630448,0.827488718,2.778514,2.82098513,1.56370514,1.15288991
397.05093300000004,0.887195214,0.888787508,0.848570928,0.829980881,2.7794227,2.82173682,1.5572669,1.16073992
397.15093299999995,0.887060833,0.887203889,0.856763305,0.838195929,2.78041701,2.82264273,1.55075467,1.16626732
397.250933,0.888814271,0.887135008,0.841052323,0.822248368,2.77802436,2.82019081,1.54473154,1.17237363
397.350933,0.887022329,0.887917123,0.859300455,0.840895432,2.78127614,2.82323357,1.53849604,1.17940794
397.450933,0.886835936,0.887962837,0.846398431,0.827634818,2.77881496,2.8207168,1.53116295,1.18528524
397.550933,0.888791243,0.887199118,0.848403429,0.829863507,2.77968115,2.82142896,1.52564297,1.19223541
397.650933,0.887204358,0.887061093,0.856833269,0.838318947,2.78070799,2.82238914,1.52019816,1.19673241
397.75093300000003,0.887130182,0.888809371,0.841016628,0.822264126,2.77826646,2.81993435,1.51557196,1.2014409
397.850933,0.887923749,0.887029222,0.859217018,0.840865111,2.78149642,2.82299684,1.51061984,1.20721937
397.95093299999996,0.887956454,0.886829345,0.846481448,0.827770029,2.77905334,2.82051429,1.50434818,1.21203964
398.050933,0.887202976,0.888794937,0.848233189,0.829743884,2.77986152,2.82119959,1.49983961,1.21798545
398.150933,0.887061443,0.887204919,0.856901135,0.838440371,2.78091209,2.82222265,1.49556238,1.22134041
398.25093300000003,0.888804273,0.88712516,0.840982964,0.822282496,2.77841988,2.81976841,1.49222687,1.22474665
398.350933,0.887036138,0.887930399,0.859130601,0.840832354,2.78162484,2.82285183,1.48849802,1.22932216
398.450933,0.886821272,0.887948726,0.846545399,0.827886828,2.77918543,2.82041689,1.48339566,1.23297045
398.550933,0.888798471,0.887206673,0.848063667,0.829625307,2.77994866,2.82106496,1.47960861,1.23819417
398.650933,0.887205563,0.887061875,0.856967683,0.838560979,2.78103161,2.82214131,1.47607459,1.24082918
398.750933,0.887120161,0.888799211,0.840948131,0.82230001,2.77850037,2.8196777,1.47364702,1.24331173
398.850933,0.887937081,0.887043084,0.859040564,0.840796459,2.78168405,2.82277574,1.47084724,1.24697714
398.950933,0.887942986,0.886815441,0.84664694,0.828041825,2.77925802,2.82038095,1.46659403,1.24977095
399.050933,0.887210418,0.888802074,0.84790101,0.829514001,2.77996799,2.82099787,1.46356698,1.25423174
399.150933,0.887062377,0.88720628,0.857034231,0.838682175,2.78108504,2.82212602,1.46062651,1.25629392
399.250933,0.888794084,0.887115075,0.840923479,0.822328565,2.77851723,2.81965095,1.45890341,1.25805425
399.350933,0.887050069,0.887943809,0.858952383,0.840762747,2.78168745,2.82275543,1.45682712,1.2610136
399.45093299999996,0.886809749,0.887937392,0.846745315,0.828194727,2.77927183,2.82040468,1.45326379,1.26311199
399.550933,0.888805637,0.88721414,0.847729361,0.829394763,2.77992217,2.82099659,1.45107712,1.26672738
399.650933,0.887207097,0.887062977,0.857097395,0.838800792,2.78106705,2.82218189,1.44884325,1.26810241
399.75093300000003,0.887109857,0.888788796,0.840887467,0.822346454,2.77845597,2.81970395,1.44792479,1.26903857
399.850933,0.887950504,0.887057031,0.858852571,0.840718868,2.78159479,2.82282951,1.44677441,1.27108919
399.95093299999996,0.887931728,0.886803984,0.846845,0.828349477,2.77919719,2.8205172,1.4438404,1.27255101
400.044964,0.888640448,0.887247972,0.853191873,0.834279891,2.79068708,2.81241333,1.31384092,1.41744528
400.144964,0.887443376,0.886871338,0.853786471,0.835199092,2.79458872,2.79184587,0.852071317,1.58800332
400.238912,0.888926456,0.887218149,0.845157229,0.825876344,2.80464159,2.79477745,0.892303799,1.73766029
400.338912,0.887109271,0.887242401,0.859079286,0.840594409,2.816101,2.7935957,0.674829936,1.99486534
400.43891199999996,0.887007386,0.888601099,0.841361111,0.822746839,2.80442666,2.79848673,0.864171815,1.88989388
400.538912,0.888227254,0.88710896,0.856571001,0.838445639,2.79617432,2.80812104,1.10416771,1.66940167
400.638912,0.887699968,0.886796248,0.84987878,0.831471815,2.7860858,2.81234079,1.2640055,1.46400103
400.73891199999997,0.887232762,0.888910744,0.844587261,0.826270889,2.78290923,2.81781328,1.37726212,1.31809378
400.838912,0.887246234,0.887113215,0.858896596,0.84076262,2.78172539,2.82250841,1.47776851,1.23656041
400.938912,0.888594809,0.887001093,0.841301176,0.822854513,2.77678681,2.82139488,1.53298271,1.18379669
401.03891200000004,0.887115819,0.888233879,0.85639485,0.83836888,2.77839904,2.82521385,1.56409079,1.15442053
401.13891199999995,0.886791947,0.887695819,0.849964833,0.831633444,2.77624983,2.82449139,1.57902127,1.13897704
401.23891199999997,0.888912053,0.887234203,0.84442981,0.826180104,2.77532467,2.82443138,1.5864279,1.13301491
401.338912,0.887116153,0.887248941,0.858925394,0.840854631,2.77725673,2.82679302,1.58781907,1.13160942
401.438912,0.886994347,0.888588071,0.841313461,0.822927289,2.77424568,2.82399879,1.58507428,1.13429172
401.538912,0.888240451,0.887122629,0.856247394,0.838282299,2.77697621,2.82664385,1.5804269,1.13996146
401.638912,0.887691692,0.886787665,0.850061729,0.83179096,2.77557315,2.82523098,1.57328893,1.14594257
401.738912,0.887235524,0.888913242,0.84429038,0.826099271,2.77504272,2.82468115,1.56737012,1.15276347
401.838912,0.887251067,0.887118429,0.858957519,0.84094947,2.77725893,2.82682047,1.56130582,1.15843756
401.93891199999996,0.888581268,0.886987533,0.841328901,0.823002925,2.77437554,2.82387501,1.55486061,1.1645493
402.038912,0.887130187,0.888247844,0.856091074,0.838187938,2.77716248,2.82641501,1.54840942,1.17190146
402.138912,0.886783547,0.887687757,0.850154137,0.831945124,2.77584362,2.8250016,1.54079999,1.17829005
402.238912,0.888914346,0.887236757,0.844150722,0.82601874,2.77529289,2.82439012,1.53501577,1.18495553
402.338912,0.887121577,0.887253969,0.858982208,0.841036397,2.77754315,2.82655982,1.5295843,1.19000152
402.438912,0.886980683,0.888574437,0.841344627,0.823079105,2.77464794,2.82360835,1.52402851,1.19519822
402.538912,0.888254409,0.887136984,0.855939073,0.838097335,2.77739981,2.82613713,1.51861999,1.2015123
402.638912,0.887683778,0.886779409,0.850255376,0.832108482,2.77611008,2.82477585,1.51209889,1.20682432
402.73891199999997,0.887237884,0.888915347,0.844015507,0.825942862,2.77551269,2.82413104,1.50728739,1.2125349
402.838912,0.887257258,0.887125188,0.859016471,0.841132829,2.77777684,2.82634895,1.50298321,1.21647678
402.938912,0.888567849,0.886974082,0.841374721,0.823169298,2.77485291,2.82341224,1.4986682,1.22041587
403.03891200000004,0.887143741,0.888260936,0.855786934,0.838006871,2.77756933,2.82592793,1.49420091,1.22580695
403.138912,0.886775865,0.887680427,0.850344115,0.832259916,2.77629581,2.82463239,1.48895947,1.22984257
403.23891199999997,0.888916258,0.88723892,0.843877888,0.825865261,2.77563779,2.82396745,1.48526466,1.23444581
403.338912,0.887128121,0.887260019,0.859026963,0.841206953,2.77790834,2.8262429,1.48208685,1.23728808
403.438912,0.886966852,0.888560654,0.841382314,0.823239357,2.77495056,2.82332358,1.47898641,1.23999896
403.538912,0.88826748,0.887150511,0.855629256,0.837911811,2.7776167,2.82584152,1.4757841,1.24413214
403.638912,0.887676493,0.886771769,0.850442708,0.832422104,2.77636463,2.82460489,1.47151229,1.24720806
403.738912,0.887239816,0.888917037,0.843745375,0.825793252,2.77566716,2.82390152,1.46849619,1.25113427
403.838912,0.887263165,0.887131515,0.859046913,0.841290674,2.77795983,2.82621581,1.46587075,1.25344716
403.938912,0.888553729,0.886959892,0.841405115,0.823324519,2.774975,2.82331012,1.46359828,1.2553131
404.038912,0.887157236,0.88827398,0.855471594,0.837817228,2.77760338,2.82581581,1.4612172,1.25863257
404.138912,0.8867676,0.887672332,0.850522884,0.832565793,2.77638978,2.82462513,1.45755223,1.26110551
404.23891199999997,0.888917549,0.887240439,0.843612437,0.82572107,2.7756533,2.82387802,1.45489538,1.26466748
404.338912,0.887135,0.887266401,0.859064438,0.841372506,2.77796787,2.82623167,1.45270197,1.26657107
404.438912,0.886952585,0.888546493,0.841430417,0.823412974,2.77495521,2.82334199,1.45117204,1.26768184
404.53891200000004,0.888280453,0.88716393,0.855312085,0.837721448,2.77753883,2.82584091,1.44970775,1.27008847
404.638912,0.887668872,0.886763935,0.850621483,0.832729442,2.77634947,2.82470743,1.44672579,1.27188484
404.73891199999997,0.887241144,0.888918137,0.843480651,0.825651368,2.7755607,2.82393396,1.44478566,1.27471988
404.838912,0.887269718,0.887138567,0.859080117,0.841453411,2.77789722,2.82632577,1.44308567,1.27615073
404.938912,0.88853948,0.886945534,0.841453343,0.823499373,2.77487368,2.82343739,1.44197276,1.27683052
405.032973,0.887737374,0.886995205,0.859057269,0.84075545,2.78373388,2.81998613,1.3964986,1.31274491
405.132973,0.888026028,0.88676371,0.846203512,0.828029867,2.79555213,2.80639652,0.989408179,1.69135635
405.22692,0.888411517,0.887059527,0.852839368,0.834413382,2.79761361,2.80611491,1.02058864,1.77417594
405.32692,0.887493738,0.886812756,0.853549159,0.835478711,2.80727813,2.79564848,0.75251957,2.03968554
405.42692,0.887208248,0.888925996,0.841764045,0.823826157,2.79917701,2.80160481,0.888658259,1.91366407
405.52692,0.887488651,0.887108396,0.859626727,0.842065506,2.79217263,2.81124152,1.1024524,1.67901597
405.62692,0.888330493,0.886848632,0.842967182,0.825064791,2.7829118,2.81506079,1.2742465,1.46061319
405.72692,0.887213908,0.888510216,0.852062486,0.834561224,2.78031609,2.82186596,1.40192771,1.32468568
405.82692000000003,0.886812242,0.88749349,0.853391898,0.835696779,2.77703949,2.82472709,1.48209327,1.2398411
405.92692,0.888924582,0.887206923,0.841580228,0.82382195,2.77351818,2.82508504,1.53106176,1.18976264
406.02691999999996,0.887113972,0.887493981,0.859572649,0.84212309,2.7753525,2.82915757,1.55777958,1.16217382
406.12692,0.886841279,0.888323202,0.843014217,0.82519539,2.77173714,2.82689533,1.5693679,1.14873781
406.22692,0.888515526,0.887219398,0.851866632,0.834438642,2.77332496,2.82906115,1.5739029,1.14519875
406.32692000000003,0.887491752,0.886810308,0.853472667,0.835850231,2.77292439,2.82906254,1.5727909,1.14468054
406.42692,0.887205008,0.888922574,0.841483254,0.823793782,2.77114334,2.82757114,1.57088317,1.14705173
406.52692,0.887499177,0.887119414,0.859542364,0.842164276,2.77407041,2.83054161,1.56687911,1.15123828
406.62692,0.8883159,0.886833906,0.843075783,0.825326278,2.77111795,2.82759962,1.56007985,1.15681975
406.72692,0.887225999,0.888521747,0.851665776,0.834306375,2.77305705,2.82931781,1.55398491,1.16430693
406.82692,0.886808472,0.887490111,0.853554385,0.836002827,2.77294591,2.82910312,1.54658505,1.17031258
406.92692,0.888920449,0.887202974,0.841388453,0.823767197,2.77126594,2.82743037,1.54147301,1.17600958
407.02692,0.887124957,0.887504467,0.859507764,0.842200908,2.7742781,2.83034582,1.53621976,1.18155425
407.12692000000004,0.886826581,0.888308652,0.84313753,0.825457406,2.77137106,2.82737378,1.52922021,1.18739119
407.22692,0.888527057,0.887231464,0.85148525,0.834194922,2.77328511,2.82904171,1.52350673,1.19455111
407.32692,0.88748866,0.886806828,0.853640153,0.836159679,2.77322658,2.82886483,1.51677361,1.19994027
407.42692,0.887200812,0.888918201,0.841296371,0.823743663,2.77150704,2.82716136,1.51251542,1.20480085
407.52692,0.887509997,0.887130723,0.859477373,0.84224232,2.774517,2.83011153,1.50838076,1.20927258
407.62692,0.888301387,0.886819235,0.843203409,0.825592842,2.77161316,2.82715731,1.50244133,1.21405802
407.72692,0.887237335,0.888532609,0.851291812,0.834069064,2.77345694,2.82881166,1.49795406,1.22001398
407.82692000000003,0.886805149,0.887487187,0.853717614,0.836309,2.77343401,2.82869858,1.49240309,1.2242464
407.92692000000005,0.888915855,0.88719855,0.841204239,0.823720648,2.77166167,2.82697971,1.48929041,1.22795711
408.02691999999996,0.887136365,0.887515387,0.859434307,0.842271582,2.77465679,2.82997589,1.48648495,1.23112949
408.12692,0.886812047,0.888294292,0.843263536,0.825723678,2.77173424,2.82706206,1.48189847,1.23455665
408.22692,0.888537784,0.887242646,0.851110019,0.833957441,2.77352678,2.82869424,1.47836706,1.23956581
408.32692000000003,0.887485521,0.886803251,0.853804852,0.836468031,2.77354362,2.82863237,1.4735465,1.24308685
408.42692,0.887196152,0.888913375,0.841115442,0.823701408,2.77173586,2.82688018,1.47095328,1.24626763
408.52692,0.887521109,0.887142313,0.859399427,0.842310077,2.77472777,2.82990967,1.46898748,1.24862547
408.62692000000004,0.888287171,0.88680483,0.843328056,0.825859277,2.77179244,2.82703114,1.46554013,1.25090308
408.72692,0.887247426,0.888542456,0.850921309,0.833840022,2.77353171,2.82864144,1.46278888,1.25513719
408.82692,0.886801633,0.887484109,0.85387795,0.836614186,2.77358354,2.82863454,1.45872621,1.25791549
408.92692,0.888910808,0.887193663,0.84102585,0.823682114,2.77173459,2.82685689,1.45673192,1.26048165
409.02692,0.887148108,0.887526646,0.859353834,0.842337792,2.77472917,2.82991185,1.4554146,1.2622138
409.12692,0.88679764,0.888280086,0.843393302,0.825996313,2.77178342,2.82706822,1.45288175,1.2635649
409.22692,0.888547518,0.887252621,0.850738418,0.833728399,2.77347541,2.82865044,1.45073346,1.26719924
409.32692000000003,0.8874829,0.88680027,0.853945101,0.836755078,2.77356181,2.8286985,1.44728008,1.26938275
409.42692,0.887191057,0.888908128,0.840938061,0.823665095,2.77168546,2.8268825,1.44548061,1.27173701
409.52691999999996,0.887532246,0.887153967,0.859305691,0.842363552,2.77468489,2.82995892,1.44462624,1.27302832
409.62692,0.888273071,0.886790517,0.843457755,0.826132962,2.77174188,2.82713864,1.44263971,1.27382054
409.72692,0.887257772,0.888552535,0.850554305,0.833616081,2.77338522,2.82869318,1.4410155,1.27693315
409.82692000000003,0.886798876,0.88748172,0.854024957,0.836909225,2.77350942,2.82879303,1.43802212,1.2786708
409.92692,0.888905362,0.887188362,0.840855095,0.823653501,2.77159974,2.82694528,1.43652855,1.28070032
410.020983,0.88720754,0.887384598,0.859227378,0.841735743,2.77636248,2.82904398,1.4341618,1.29350207
410.12098299999997,0.888617994,0.88695566,0.840858705,0.823333143,2.7776845,2.79788347,0.997860169,1.55657041
410.214961,0.887578703,0.887092342,0.859693331,0.842431496,2.79559936,2.82030007,1.02426055,1.59234473
410.31496100000004,0.888077862,0.886722371,0.845852967,0.828316339,2.79998255,2.80228507,0.792313785,1.85284323
410.414961,0.887275618,0.8887086,0.847747943,0.830721928,2.7957997,2.80930325,0.915041203,1.82254422
410.51496099999997,0.886896728,0.887367059,0.856048477,0.839033753,2.78756007,2.8161521,1.11494103,1.64679343
410.614961,0.888832998,0.887110562,0.840240778,0.823069092,2.77761684,2.81874268,1.25665223,1.46939364
410.714961,0.887175417,0.887769528,0.858466753,0.841702498,2.77813258,2.82693868,1.35568801,1.33991908
410.814961,0.88671779,0.888073532,0.84564231,0.828487816,2.7729172,2.82698494,1.44655965,1.26758232
410.914961,0.888712961,0.887280095,0.847478919,0.830639408,2.77176272,2.82926182,1.49787375,1.22028228
411.014961,0.887367797,0.88689724,0.856071685,0.839176106,2.77170049,2.83138974,1.52722052,1.19076682
411.114961,0.887105758,0.888828164,0.840175728,0.823095947,2.76858448,2.8296427,1.54350681,1.17511803
411.21496099999996,0.887776205,0.887182356,0.858347893,0.841670882,2.77135184,2.83305742,1.5503179,1.16928479
411.314961,0.888067587,0.886711705,0.845725059,0.828650575,2.76873966,2.83092639,1.55085906,1.16793144
411.414961,0.887283788,0.88871653,0.847299528,0.830536721,2.76933487,2.8316658,1.54948865,1.17057417
411.514961,0.886897609,0.887368398,0.856126796,0.839310871,2.77035839,2.83280163,1.54619454,1.17312915
411.614961,0.888823005,0.887100633,0.840132942,0.823130454,2.76785272,2.8303813,1.5424642,1.17706346
411.714961,0.887189291,0.887782879,0.858249659,0.841651963,2.77101875,2.83338145,1.53714155,1.1830169
411.814961,0.886703643,0.888059974,0.845781531,0.828784716,2.76867205,2.83103239,1.53060733,1.18845266
411.914961,0.888720146,0.88728752,0.847116808,0.830430398,2.76936789,2.83158503,1.52525641,1.1948949
412.01496099999997,0.887369092,0.886898072,0.856179865,0.839443764,2.77050707,2.83268835,1.52017858,1.19914391
412.114961,0.887095568,0.88881793,0.840088442,0.82316412,2.7679984,2.83022217,1.51613522,1.20330896
412.214961,0.887789558,0.887196226,0.858143955,0.84162665,2.77115626,2.83322463,1.51151833,1.20851548
412.31496100000004,0.888054392,0.886697932,0.845866397,0.828948778,2.76884355,2.83089769,1.5055009,1.21343851
412.414961,0.887291215,0.888723742,0.846941236,0.830331523,2.76950125,2.8314037,1.50081287,1.21921328
412.51496099999997,0.886898607,0.887369861,0.8562329,0.839577075,2.77068623,2.83254471,1.49618935,1.22303821
412.614961,0.888812757,0.887090414,0.84004392,0.823197446,2.76815017,2.83006069,1.49287563,1.22646008
412.714961,0.887203198,0.887796275,0.858037067,0.841600114,2.7712914,2.83306993,1.48911822,1.23081078
412.814961,0.886692127,0.88804872,0.845955039,0.829116477,2.76899719,2.83078082,1.48396072,1.23487117
412.914961,0.888727283,0.887294872,0.846758221,0.830225715,2.76960702,2.83125062,1.47998708,1.23993627
413.014961,0.88737072,0.886899232,0.856283915,0.839708679,2.77082715,2.83243934,1.47605433,1.24309481
413.114961,0.887085174,0.888807502,0.840000772,0.823232584,2.76825208,2.82995025,1.47367565,1.24557045
413.21496099999996,0.887803011,0.887210186,0.85792843,0.84157254,2.771353,2.83298825,1.47122248,1.24862226
413.314961,0.888043079,0.886686349,0.846043567,0.829284702,2.76907425,2.83074114,1.46699648,1.25175184
413.414961,0.887298369,0.888730626,0.846571547,0.830116891,2.76962624,2.83118548,1.46389253,1.25594777
413.51496099999997,0.886899947,0.887371671,0.856331838,0.839837964,2.77087669,2.83242559,1.46064459,1.25844419
413.614961,0.88880217,0.887079853,0.839958726,0.823269482,2.76827042,2.8299249,1.45894668,1.26022936
413.714961,0.887217195,0.88780977,0.857815588,0.841541128,2.77135315,2.83296793,1.45717511,1.26261089
413.81496100000004,0.886680609,0.888037481,0.846131338,0.829452712,2.76909444,2.83075865,1.45357071,1.2651119
413.91496099999995,0.888733937,0.88730178,0.846394474,0.830018463,2.76958443,2.8311809,1.4512287,1.26854282
414.01496099999997,0.887372649,0.886900689,0.856381587,0.839969535,2.77087443,2.83246395,1.44849607,1.27054471
414.114961,0.887073278,0.888795369,0.839933688,0.823323378,2.76824343,2.82994971,1.44727465,1.27184035
414.214961,0.887817249,0.887224974,0.857695999,0.841503137,2.77129903,2.83299976,1.44611916,1.27361903
414.314961,0.888031912,0.886674892,0.846221006,0.829623128,2.76907391,2.83081736,1.44285093,1.27577709
414.414961,0.887304407,0.888736353,0.846203975,0.829906668,2.76951902,2.8312013,1.44092181,1.27879026
414.514961,0.886901565,0.887373764,0.856426553,0.840096972,2.77083793,2.83253576,1.4386219,1.28037843
414.614961,0.888791255,0.887068949,0.839880238,0.823350654,2.76816919,2.8300147,1.43799787,1.2810652
414.71496099999996,0.887231108,0.887823192,0.85758631,0.841477228,2.77118438,2.83309303,1.43782702,1.28187166
414.814961,0.886669226,0.888026399,0.846307051,0.829791172,2.76896479,2.83096453,1.43556235,1.2830167
414.914961,0.888739716,0.887307854,0.846028486,0.82981128,2.76935913,2.83131584,1.43405857,1.28560439
415.00899999999996,0.887028931,0.888484249,0.848681697,0.832058162,2.76847892,2.83086624,1.42913621,1.28263007
415.109,0.888906937,0.887223882,0.84100445,0.824374018,2.78171685,2.81593012,1.12776979,1.55781014
415.203,0.886320925,0.887233004,0.854777981,0.838437698,2.78703288,2.82312892,1.11899957,1.65601038
415.303,0.88865691,0.886958276,0.840546446,0.823766551,2.79192636,2.80615955,0.901165297,1.87922891
415.403,0.887262951,0.888062568,0.855692978,0.839573986,2.79130666,2.81352557,0.957601438,1.84364887
415.503,0.886647078,0.887852681,0.84882422,0.832396433,2.78188057,2.81734661,1.12167262,1.65662265
415.603,0.888843492,0.887297204,0.843592468,0.827384998,2.77622124,2.82294109,1.26915618,1.46893411
415.703,0.887303066,0.887052516,0.857848684,0.841745696,2.77431952,2.82943832,1.38030239,1.34656352
415.803,0.886951611,0.888650452,0.840243576,0.823865798,2.76873559,2.8292614,1.4510761,1.27136363
415.90299999999996,0.88807053,0.887271104,0.855411596,0.839492194,2.76993726,2.83370371,1.49409176,1.22764126
416.003,0.88784858,0.886642806,0.848876436,0.832577884,2.76736817,2.83323902,1.51704838,1.20196177
416.103,0.887298744,0.888844953,0.843422639,0.827313693,2.76630177,2.83345765,1.53056165,1.18887181
416.20300000000003,0.887055169,0.887305932,0.857864309,0.841854544,2.76807721,2.83596639,1.53627202,1.18232452
416.303,0.888643763,0.886944873,0.840241726,0.823951481,2.76494601,2.83321857,1.53633608,1.18139102
416.403,0.887277815,0.888077025,0.855248405,0.839417061,2.76770247,2.83601609,1.53428808,1.18446129
416.503,0.886638458,0.887844433,0.848958523,0.832747417,2.76614674,2.83457677,1.52940891,1.18762442
416.603,0.88884623,0.887300098,0.843268544,0.827243962,2.76563091,2.83413557,1.52618282,1.19188623
416.703,0.887308919,0.887057921,0.857878788,0.841957071,2.76779454,2.83630605,1.52213563,1.19550718
416.803,0.886938078,0.888637023,0.840242304,0.824037638,2.76486466,2.83332486,1.5166853,1.20032414
416.903,0.888083602,0.887284607,0.855086845,0.839342745,2.76772064,2.83597119,1.51170957,1.20650292
417.00300000000004,0.88784037,0.886634201,0.849047305,0.832923061,2.76627533,2.83449647,1.50547886,1.21113498
417.103,0.887301332,0.888847389,0.843117975,0.827177816,2.76575887,2.83396968,1.50171329,1.21600989
417.203,0.887059939,0.887311062,0.857902076,0.84206965,2.76797321,2.83615807,1.49783009,1.21955027
417.303,0.888630428,0.886931439,0.840250839,0.824131783,2.76503072,2.83316752,1.49311331,1.22366757
417.403,0.887292153,0.888090999,0.854917375,0.839261598,2.76785814,2.8357939,1.48875713,1.22927979
417.503,0.886630087,0.887836485,0.849127224,0.833090858,2.76644176,2.83437147,1.48349545,1.23297657
417.603,0.888848475,0.88730249,0.8429662,0.827111005,2.76586984,2.83381769,1.48065218,1.2369447
417.70300000000003,0.887314412,0.887063045,0.857907775,0.842164518,2.76809276,2.83606392,1.4778759,1.23942098
417.803,0.886924321,0.888623392,0.840249164,0.824217068,2.76511616,2.83308997,1.47434371,1.24235291
417.90299999999996,0.888097574,0.887298937,0.854750178,0.839182657,2.7679042,2.83570908,1.4709727,1.24700345
418.003,0.887832563,0.886625968,0.849213497,0.833265811,2.76651357,2.83434107,1.4665777,1.24984826
418.103,0.887303547,0.888849462,0.842818169,0.827048372,2.76590155,2.83374593,1.46421271,1.2533367
418.203,0.887066061,0.88731768,0.857917339,0.842263389,2.76814893,2.83603296,1.46203481,1.25524555
418.303,0.888616525,0.886917387,0.840255816,0.824310977,2.7651401,2.83307515,1.45950648,1.25716207
418.403,0.887305687,0.88810412,0.8545823,0.839103479,2.76789376,2.83568041,1.45683369,1.26112963
418.50300000000004,0.886622411,0.887829247,0.849290358,0.833431607,2.76654745,2.83435002,1.45282767,1.26359316
418.60299999999995,0.888850339,0.887304487,0.842670356,0.826986281,2.76589601,2.83371189,1.45075501,1.26678162
418.703,0.887321036,0.887069166,0.857924682,0.842360522,2.76816541,2.83604103,1.44911587,1.26817737
418.803,0.886910426,0.888609646,0.840264739,0.824407804,2.76512303,2.83310207,1.44752403,1.26914138
418.903,0.888110644,0.887312412,0.854412438,0.839022883,2.76783608,2.83569849,1.44564672,1.2723247
419.003,0.887824958,0.886618137,0.849354204,0.833584939,2.76652086,2.83442181,1.44228066,1.2741522
419.103,0.887305337,0.888851122,0.842520269,0.826922806,2.76582374,2.83374478,1.44056103,1.27697711
419.20300000000003,0.887072362,0.887324484,0.857929305,0.842455657,2.76811732,2.83611328,1.43936832,1.27794996
419.303,0.888602706,0.886903405,0.840272302,0.824503521,2.76506165,2.83317488,1.43821485,1.27845835
419.40299999999996,0.88731912,0.888117153,0.854239924,0.838940088,2.76774225,2.8357525,1.43676012,1.28123049
419.503,0.886614218,0.88782126,0.849443777,0.833764697,2.76646467,2.83451976,1.43375174,1.28270494
419.603,0.888851602,0.887305871,0.842378443,0.826867831,2.76572474,2.83380462,1.43234494,1.28520402
419.70300000000003,0.887327999,0.887075626,0.857933624,0.842551002,2.76804469,2.83620952,1.43143175,1.28592018
419.803,0.886895974,0.888595402,0.840288887,0.824609241,2.76497333,2.83327464,1.43065196,1.28603693
419.903,0.888123662,0.887325819,0.854069712,0.838859982,2.76762269,2.83583201,1.42965154,1.28836453
420.0002,0.88766902,0.888490924,0.851134567,0.835964868,2.76749518,2.83568147,1.4281128,1.29050596
420.097,0.888663888,0.887344723,0.846272225,0.830711124,2.77281617,2.81871899,1.17024594,1.50994841
420.197,0.887458541,0.886809554,0.855696589,0.840218404,2.78391925,2.82872932,1.08769661,1.49893683
420.291,0.888878299,0.887235895,0.840849561,0.82505089,2.78554518,2.81286099,0.942745353,1.69240483
420.391,0.887294227,0.887300378,0.858566763,0.843232573,2.78758575,2.82045189,0.98192824,1.73554675
420.491,0.886769602,0.888407484,0.841853016,0.826225951,2.77736179,2.82197569,1.13474354,1.61293003
420.591,0.88837085,0.887352354,0.850884044,0.835743913,2.77299629,2.82797196,1.25212609,1.46939871
420.69100000000003,0.887656769,0.886647863,0.85227835,0.836857754,2.7704008,2.83215923,1.33836025,1.35797939
420.79100000000005,0.887243689,0.888886594,0.840392876,0.825004508,2.76630504,2.83274963,1.42136456,1.29400938
420.89099999999996,0.887306609,0.887300688,0.858411964,0.843285666,2.7675241,2.83703808,1.46762127,1.25064651
420.991,0.888400507,0.886762526,0.841859358,0.826366776,2.7636571,2.83509398,1.49287533,1.22519589
421.091,0.887357919,0.888376272,0.850660821,0.835628761,2.76494264,2.83739621,1.50711527,1.21237939
421.19100000000003,0.886645959,0.887655085,0.852330246,0.837012819,2.76441986,2.83761776,1.51337859,1.20527474
421.291,0.888884618,0.887241755,0.840284267,0.824989816,2.76250396,2.83623502,1.51682843,1.20260141
421.391,0.887306129,0.887311815,0.858368377,0.843338724,2.76530707,2.83926081,1.5170353,1.20266419
421.49100000000004,0.886755139,0.888393228,0.84190866,0.826509748,2.7623703,2.83643036,1.51374096,1.20529649
421.591,0.888382482,0.887364521,0.85044765,0.835508732,2.76418552,2.83812071,1.51027749,1.20989326
421.691,0.887653461,0.886644109,0.852397981,0.837176365,2.76405988,2.83802497,1.50563726,1.21345533
421.791,0.887239694,0.888882518,0.840177144,0.824975105,2.76232436,2.83639098,1.50269022,1.21697582
421.891,0.887317112,0.887311669,0.858321031,0.843387502,2.76526866,2.83930506,1.49932548,1.22048677
421.991,0.888386001,0.886747797,0.841958279,0.826653048,2.76241798,2.83640871,1.49415134,1.22489183
422.091,0.887369962,0.888387812,0.850254661,0.835409525,2.76423859,2.83801853,1.48984046,1.2302882
422.19100000000003,0.886642455,0.887652026,0.852471247,0.837345509,2.76418496,2.83794135,1.4849812,1.23405741
422.291,0.888880292,0.887237503,0.840073063,0.824963737,2.76242346,2.83626577,1.48220943,1.23738357
422.39099999999996,0.887317427,0.887322653,0.858277926,0.843441216,2.7653728,2.83920366,1.47938909,1.24035314
422.491,0.886740434,0.888378758,0.842012006,0.826800718,2.76253519,2.83631822,1.47488707,1.24406394
422.591,0.888393365,0.887375825,0.850049083,0.835295751,2.76429418,2.83790531,1.47131464,1.24872458
422.69100000000003,0.887650569,0.886640765,0.852536238,0.837507116,2.76428631,2.83788065,1.46721154,1.25175375
422.791,0.887235212,0.888877967,0.839968945,0.824952886,2.76247904,2.83618509,1.46523923,1.25427677
422.891,0.887328051,0.887323066,0.858222224,0.843482777,2.76541633,2.83916345,1.4634368,1.25624102
422.991,0.888371684,0.886733228,0.842060043,0.826943729,2.76256724,2.83631264,1.45994873,1.25891928
423.091,0.88738065,0.888398126,0.849848144,0.835190266,2.76427984,2.83787254,1.45707612,1.26289127
423.191,0.886638865,0.887648921,0.852610137,0.837677766,2.76430809,2.8379011,1.45367088,1.26523473
423.291,0.888875512,0.887232787,0.839867923,0.824945626,2.76247017,2.83616997,1.45202548,1.2674278
423.391,0.887329007,0.887333786,0.858174524,0.843533626,2.76540793,2.83917617,1.45074886,1.26888236
423.49100000000004,0.886725993,0.888364586,0.842112404,0.827091502,2.76255035,2.83635721,1.44816229,1.27063732
423.591,0.888403257,0.887385867,0.84965377,0.835091245,2.76422202,2.83788347,1.44577616,1.27412882
423.691,0.887647518,0.886637231,0.852671617,0.837836866,2.76430009,2.8379502,1.4425897,1.27626753
423.791,0.887230255,0.888872954,0.839767643,0.824939522,2.76243261,2.83618422,1.44115509,1.27824019
423.891,0.887339327,0.887334795,0.858116691,0.843573867,2.76537192,2.83921472,1.44036373,1.27922533
423.991,0.888357521,0.886718784,0.842165673,0.827240814,2.76249832,2.83643712,1.43867651,1.280063
424.091,0.887391036,0.88840834,0.849458568,0.834991943,2.76412529,2.83793325,1.43684753,1.28300126
424.19100000000003,0.886635777,0.887646295,0.85273797,0.83800172,2.76423505,2.83805593,1.43419586,1.28461627
424.291,0.888870283,0.887227608,0.839669095,0.824936029,2.76233159,2.83626245,1.4331429,1.28619741
424.39099999999996,0.887340646,0.887344931,0.85805639,0.843612352,2.76527828,2.83931024,1.43268694,1.28686497
424.491,0.886711641,0.888350527,0.842218272,0.827389805,2.76241415,2.83655022,1.43129941,1.28738891
424.591,0.88841338,0.88739616,0.849262262,0.834892,2.76400025,2.8380113,1.42974258,1.29005571
424.691,0.887645149,0.886634463,0.852793983,0.838156475,2.76416013,2.83817211,1.42722787,1.29154343
424.791,0.887224907,0.88886756,0.839572094,0.824934332,2.76222786,2.83634421,1.42626324,1.29302524
424.891,0.887350602,0.887346562,0.857993377,0.843648601,2.76517651,2.83941294,1.42612339,1.2933947
424.99100000000004,0.888343609,0.886704561,0.842275567,0.827544298,2.76231016,2.83668295,1.42519339,1.29344888
425.08500000000004,0.888046394,0.887385871,0.853967039,0.839489738,2.77306228,2.82947802,1.27320433,1.43086814
425.185,0.887877111,0.88656399,0.848901306,0.834174003,2.77483594,2.83010458,1.19762787,1.5556679
425.279,0.888624244,0.887406168,0.846347765,0.831718655,2.77905009,2.82015061,1.07977173,1.70018949
425.37899999999996,0.887526604,0.886737209,0.855145161,0.840589014,2.78060244,2.82328797,1.05073611,1.74435904
425.479,0.88710567,0.888808268,0.83895706,0.824344144,2.77220774,2.82428875,1.16369065,1.6110311
425.579,0.887622175,0.887359508,0.857008867,0.842818199,2.77143625,2.83232773,1.2776312,1.46282623
425.67900000000003,0.888147324,0.886606487,0.844685008,0.830077326,2.7657778,2.83356896,1.36511857,1.36195199
425.779,0.8873983,0.888614104,0.845778481,0.831564521,2.76426343,2.8365401,1.42446612,1.29943625
425.879,0.886738856,0.887528493,0.855056485,0.840714114,2.76398051,2.83915388,1.4609404,1.26002719
425.979,0.888803523,0.887100882,0.838857616,0.824387022,2.76054089,2.83757444,1.48293387,1.23685949
426.079,0.887366646,0.887629079,0.856876855,0.842802842,2.76321671,2.84119176,1.4939394,1.22594487
426.179,0.886600702,0.888141699,0.844757018,0.83025543,2.76053013,2.83914707,1.49695969,1.22094172
426.279,0.888617704,0.88740197,0.845582285,0.831469386,2.76101416,2.83988998,1.49811169,1.22085054
426.379,0.887529349,0.886739469,0.855094949,0.840856273,2.76207865,2.84118379,1.49717597,1.22068086
426.47900000000004,0.887095644,0.888798311,0.838802661,0.824432415,2.75942415,2.83874312,1.49602749,1.22164568
426.579,0.887635786,0.887373592,0.856754422,0.842784259,2.76256147,2.84186718,1.49369769,1.22472727
426.679,0.888136071,0.886594907,0.844833984,0.830433947,2.7602015,2.83953649,1.48855682,1.22827966
426.779,0.887405466,0.888621084,0.845384095,0.831370859,2.760826,2.84004655,1.48487728,1.23328228
426.879,0.886740159,0.887530283,0.855132916,0.840997537,2.76205182,2.84125737,1.48102226,1.23623045
426.979,0.888793015,0.887090318,0.838749605,0.824479741,2.75943755,2.83872737,1.47855462,1.2386242
427.079,0.887380588,0.887642549,0.856631149,0.842764527,2.76259895,2.841814,1.47583163,1.2422148
427.17900000000003,0.886589144,0.888130479,0.844911001,0.830612675,2.76028346,2.83949373,1.47073918,1.24578796
427.279,0.888624413,0.887408847,0.845197676,0.831284416,2.76087134,2.83995522,1.46733616,1.25056967
427.37899999999996,0.887531244,0.886740877,0.855172385,0.841140629,2.76214276,2.84120403,1.4638671,1.25319808
427.479,0.88708373,0.888786226,0.838713802,0.824544071,2.75950411,2.8386577,1.46199765,1.25501081
427.579,0.887649266,0.887387531,0.856508875,0.842746433,2.7626368,2.84175538,1.46012468,1.25780006
427.679,0.888124919,0.886583407,0.844988744,0.830792698,2.76033809,2.83947625,1.45584085,1.26058162
427.779,0.887411477,0.888626863,0.844993892,0.831181046,2.76087242,2.8399074,1.45315803,1.26465741
427.879,0.886741737,0.887532351,0.855206235,0.841278759,2.7621772,2.84120554,1.45023371,1.26677695
427.97900000000004,0.888782176,0.887079408,0.838648918,0.824581169,2.75950453,2.83864628,1.44897541,1.26797335
428.07899999999995,0.887394578,0.887656087,0.856378402,0.842720596,2.76261182,2.84175863,1.4479828,1.26990832
428.179,0.886577722,0.888119415,0.845064812,0.830971577,2.76033703,2.83951467,1.44421862,1.27217302
428.279,0.888630142,0.887414791,0.844810139,0.831098154,2.76082631,2.83990621,1.44189972,1.27588657
428.379,0.88753351,0.886742645,0.855244012,0.841421071,2.76217263,2.84124574,1.43930747,1.27769998
428.479,0.887073823,0.888776633,0.838601717,0.824635743,2.75947411,2.83867043,1.43843068,1.27850026
428.579,0.88766279,0.887401512,0.856252579,0.842699993,2.76255926,2.84178819,1.43799107,1.27990351
428.67900000000003,0.88811396,0.886572079,0.845144361,0.831154301,2.76031214,2.83957731,1.43468267,1.28170952
428.779,0.887419021,0.888634611,0.844591766,0.830980589,2.76074232,2.83993663,1.43287053,1.28491477
428.87899999999996,0.886743702,0.88753481,0.855274238,0.841556578,2.76212981,2.84132364,1.43064055,1.28638598
428.979,0.888771028,0.887068172,0.838554682,0.824691098,2.75940223,2.83873673,1.43021967,1.28671177
429.079,0.887408557,0.887669619,0.856115891,0.842669038,2.76245779,2.84186629,1.43050135,1.28741169
429.17900000000003,0.886566463,0.888108533,0.845217825,0.831331998,2.76022325,2.83970388,1.42786561,1.28854065
429.279,0.888637499,0.887421984,0.844407592,0.830898755,2.76060622,2.84002733,1.42635896,1.29143402
429.379,0.887536459,0.886745086,0.855311226,0.84169919,2.76203149,2.84145681,1.42445256,1.2926032
429.479,0.887062431,0.888765336,0.838510657,0.824750012,2.75928963,2.83884475,1.42403531,1.29290601
429.579,0.887676606,0.887415812,0.855984755,0.842644789,2.76232512,2.84197427,1.42461116,1.29332959
429.679,0.888103164,0.886560898,0.845294557,0.831513517,2.76010656,2.83985878,1.42262867,1.29380007
429.779,0.887424932,0.888640393,0.844228583,0.830822246,2.76044815,2.84013968,1.42126792,1.29654038
429.879,0.886746327,0.887537928,0.855337498,0.841831807,2.7619238,2.84159931,1.4192543,1.29783801
429.97900000000004,0.888759567,0.887056609,0.838467506,0.824810257,2.75916936,2.83896113,1.41879038,1.29816737
430.07300000000004,0.887258576,0.887409124,0.857626428,0.844075761,2.76693141,2.83607127,1.32764628,1.39550458
430.173,0.888376982,0.886695515,0.841636452,0.827873075,2.77078331,2.83414083,1.17023001,1.3988289
430.267,0.887930392,0.887416294,0.853774726,0.840263045,2.77415312,2.82807123,1.12790006,1.52092743
430.36699999999996,0.887930275,0.886521664,0.84823766,0.83451837,2.77544642,2.82849284,1.07723135,1.61718754
430.467,0.887382758,0.888769034,0.841623758,0.828227993,2.76948041,2.83059798,1.17646537,1.55289571
430.567,0.886916268,0.887468711,0.856784448,0.843466424,2.76715294,2.83610098,1.26242152,1.44840607
430.667,0.888626541,0.886901265,0.83909073,0.825524427,2.76258573,2.8365992,1.33883349,1.36653602
430.767,0.887450071,0.88796374,0.853332779,0.84025461,2.7630037,2.84063017,1.40081189,1.31674814
430.867,0.886519513,0.887928364,0.848165374,0.83466117,2.7604028,2.84056895,1.43604343,1.28186565
430.96700000000004,0.888770408,0.887384146,0.841413749,0.828162037,2.75890208,2.84066889,1.45808717,1.26103855
431.06699999999995,0.887472271,0.886919583,0.856759346,0.843565194,2.76069423,2.84347841,1.4708491,1.24815996
431.167,0.886894311,0.888619708,0.839086724,0.825633656,2.75743211,2.84085827,1.47742087,1.24137709
431.267,0.88797026,0.887456762,0.853152405,0.840184693,2.7599221,2.84351419,1.47944801,1.24046497
431.367,0.887924172,0.886515338,0.848222139,0.834826987,2.75858866,2.84242781,1.47815896,1.24065585
431.467,0.887384931,0.888771174,0.841255194,0.828109266,2.75778309,2.84176237,1.47711473,1.2426585
431.567,0.886922813,0.887475745,0.856753773,0.843669627,2.7600562,2.84414687,1.47569759,1.24380708
431.66700000000003,0.888612553,0.886886981,0.839087053,0.825742122,2.75703961,2.84126442,1.47401963,1.24509257
431.767,0.887463468,0.887976796,0.852968242,0.840110213,2.75965789,2.84373935,1.47153245,1.2485614
431.86699999999996,0.886511633,0.887920733,0.848298026,0.835012691,2.7584735,2.84258469,1.46724323,1.25167021
431.967,0.888771646,0.88738541,0.841103839,0.828063827,2.75769998,2.84180805,1.46445546,1.25534454
432.067,0.88747929,0.886926114,0.856747608,0.843773864,2.76004642,2.84417905,1.46196832,1.25754451
432.16700000000003,0.886879896,0.888605584,0.839087759,0.825850403,2.75704735,2.84126902,1.45992112,1.25915796
432.267,0.887983284,0.887470121,0.852783745,0.840035303,2.75964927,2.84370697,1.45745604,1.26259072
432.367,0.887917162,0.886507817,0.848376749,0.835201188,2.75851279,2.84258691,1.4533621,1.26550054
432.467,0.887386416,0.888772607,0.84093835,0.828004401,2.75770497,2.84176341,1.45074304,1.26899836
432.567,0.886929516,0.887482937,0.856738887,0.843875842,2.76008107,2.84416619,1.44857456,1.27089622
432.667,0.8885991,0.886873376,0.839084999,0.825956956,2.75706676,2.84126244,1.44710491,1.27191543
432.767,0.887476739,0.887989741,0.852598432,0.839960263,2.7596104,2.84370445,1.44570277,1.27428286
432.867,0.886504064,0.887913655,0.848453767,0.835389151,2.75851011,2.84262976,1.44218054,1.27662884
432.96700000000004,0.888773277,0.887387107,0.840778856,0.827951862,2.75765901,2.84177311,1.44001208,1.27967011
433.067,0.887486672,0.886933008,0.856726671,0.843974978,2.76005771,2.84421099,1.4382341,1.28119643
433.167,0.886866217,0.888592076,0.839088102,0.826068606,2.75703365,2.8413096,1.43718644,1.28177901
433.267,0.887996177,0.887483332,0.852410202,0.839882492,2.75954358,2.8437299,1.43621236,1.28372254
433.367,0.887910244,0.886500407,0.848530285,0.835576503,2.75848175,2.84269967,1.43306146,1.28569861
433.467,0.887387439,0.888773604,0.8406301,0.827910482,2.75758844,2.84180757,1.43120156,1.2884232
433.567,0.886936562,0.88749047,0.856715854,0.844075848,2.76001434,2.8442755,1.42969794,1.28969436
433.66700000000003,0.888585731,0.886859839,0.839106997,0.826195823,2.75698276,2.8413751,1.4290111,1.28989988
433.767,0.887488898,0.888001521,0.852232819,0.839815412,2.75944639,2.84378782,1.42860932,1.29127565
433.86699999999996,0.886496806,0.887906888,0.848607852,0.835765381,2.75842823,2.84279488,1.42571818,1.29299594
433.967,0.888773937,0.887387677,0.840469018,0.827857453,2.75749049,2.84187063,1.42423013,1.29533701
434.067,0.887494369,0.88694022,0.85669924,0.844171578,2.7599352,2.84437494,1.42304489,1.29631091
434.167,0.886851823,0.888577964,0.839099506,0.826298554,2.75688892,2.84148459,1.4227509,1.29611047
434.267,0.888008882,0.887496361,0.852033323,0.839728799,2.75928801,2.84390054,1.42322128,1.29662072
434.367,0.887903649,0.886493322,0.848681416,0.83595133,2.75830069,2.84296407,1.42107563,1.29759433
434.46700000000004,0.887387821,0.888774065,0.840321254,0.827818446,2.75732448,2.84200112,1.4197312,1.29978466
434.56699999999995,0.886943851,0.887498244,0.856684627,0.844269829,2.75980727,2.84452299,1.41852355,1.3007967
434.667,0.888570878,0.886844591,0.839107795,0.826416954,2.75676369,2.84162623,1.41814882,1.30066354
434.767,0.887502846,0.888015223,0.851840619,0.83964804,2.75913407,2.84401247,1.41871039,1.30108964
434.867,0.886489905,0.887900478,0.848755093,0.836137591,2.75818955,2.84311691,1.41668468,1.30194477
434.967,0.888772838,0.887386237,0.840151498,0.827757345,2.75717856,2.84211359,1.41543329,1.30403097
435.060996,0.886685119,0.887599921,0.85481857,0.842196136,2.76240664,2.84095909,1.38432994,1.32623329
435.160996,0.888752795,0.887079085,0.837969976,0.82537488,2.76381975,2.83755673,1.2881386,1.4448627
435.255,0.887194403,0.887484911,0.857386867,0.844881327,2.76799686,2.83542581,1.27234968,1.52695165
435.355,0.888402533,0.886691784,0.840989754,0.828314663,2.76797061,2.83097386,1.16157657,1.62596566
435.455,0.887513196,0.888267443,0.848565502,0.836457367,2.76631509,2.83439114,1.21716206,1.55259013
435.555,0.886520134,0.887765185,0.851407154,0.838985621,2.76361453,2.83788672,1.29463299,1.44721733
435.655,0.888815233,0.887290068,0.838557514,0.826224879,2.75937265,2.83886619,1.35963582,1.3697072
435.755,0.887484692,0.887181681,0.856900159,0.844808278,2.76071122,2.84377245,1.40464467,1.31961807
435.855,0.886686624,0.888397589,0.840867492,0.82840839,2.75673531,2.84202397,1.43159189,1.28920642
435.95500000000004,0.888273224,0.887519019,0.848298119,0.836341055,2.75780891,2.8442962,1.44751902,1.27347054
436.055,0.887764108,0.886518818,0.851443582,0.839151019,2.75745307,2.84475783,1.45516517,1.26374761
436.155,0.887287533,0.888812715,0.838442521,0.826226526,2.75533802,2.84323096,1.46017078,1.2587606
436.255,0.887187051,0.88749029,0.856838073,0.844863726,2.7581899,2.84644477,1.46270087,1.25626675
436.355,0.888390828,0.886679663,0.840919297,0.828574066,2.75519142,2.84367433,1.46179914,1.25570687
436.455,0.887524145,0.888278309,0.848094884,0.836251755,2.75685579,2.84525324,1.45990654,1.25886764
436.555,0.886517479,0.887762934,0.851489986,0.839313676,2.75692585,2.84535817,1.45678612,1.26056422
436.65500000000003,0.888810042,0.887284842,0.838333963,0.826230416,2.75500868,2.8435564,1.45539482,1.26236731
436.755,0.887496392,0.887192925,0.856759613,0.844902324,2.75800307,2.84664814,1.45441987,1.26367883
436.85499999999996,0.886672281,0.888383601,0.840955421,0.82872464,2.75508586,2.84381733,1.45183238,1.2649851
436.955,0.888283357,0.887529236,0.847888164,0.836159327,2.75675347,2.845314,1.44913013,1.26910423
437.055,0.887761811,0.886516103,0.851546074,0.839486568,2.75689496,2.84543484,1.44558563,1.27134774
437.155,0.887282057,0.88880728,0.838230604,0.826239815,2.75496758,2.84357733,1.44397155,1.27344016
437.255,0.887198626,0.887502318,0.856687351,0.844947145,2.75798223,2.84667251,1.44305027,1.27478648
437.355,0.888376709,0.886665193,0.841002483,0.828886441,2.75506182,2.84387099,1.44109406,1.27550005
437.45500000000004,0.887534262,0.888288344,0.847682709,0.836068526,2.75668708,2.84533341,1.43886466,1.2791894
437.55499999999995,0.886515869,0.887761622,0.851586877,0.839643792,2.75688364,2.84549113,1.43548403,1.28131621
437.655,0.88880439,0.887279145,0.838124766,0.82624719,2.75492783,2.84359479,1.43394902,1.28333949
437.755,0.887508314,0.887204398,0.856611586,0.844988914,2.75794774,2.84670759,1.43343063,1.28432606
437.855,0.88665823,0.888369942,0.841051595,0.829050953,2.75502099,2.84394047,1.43211615,1.28440265
437.955,0.888293278,0.887539235,0.847476793,0.835977722,2.75659368,2.84537852,1.43060368,1.28738979
438.055,0.88775813,0.886511513,0.851689895,0.839871141,2.75683917,2.84559144,1.42753052,1.28923538
438.15500000000003,0.887276047,0.888801311,0.838021254,0.826257193,2.75485336,2.84364701,1.42608662,1.29115788
438.255,0.88721023,0.887514369,0.856533275,0.845028562,2.75788401,2.84677067,1.42572426,1.29201785
438.35499999999996,0.888363115,0.886651209,0.841097672,0.829212207,2.75496664,2.84402442,1.42474244,1.2917556
438.455,0.887544161,0.888298167,0.847269737,0.835885962,2.75649448,2.84542913,1.42356493,1.29441442
438.555,0.886510599,0.887757426,0.851740028,0.840038443,2.75678222,2.84568739,1.42075805,1.29601271
438.65500000000003,0.888797576,0.887272314,0.837926551,0.826276196,2.75476474,2.84371572,1.41955112,1.29768193
438.755,0.887520464,0.887216104,0.85645403,0.845067722,2.75780299,2.84684997,1.4193926,1.29836219
438.855,0.886643377,0.888355316,0.841156536,0.829387842,2.75489998,2.84412299,1.41862023,1.29787969
438.955,0.888302976,0.887549007,0.847064403,0.835796533,2.75636461,2.84551014,1.41814849,1.29983621
439.055,0.88775708,0.886510066,0.851782464,0.840199234,2.75669111,2.84581593,1.41563906,1.30115399
439.155,0.887269016,0.888794342,0.837821128,0.826285541,2.75464362,2.84381555,1.41462315,1.30261328
439.255,0.887222063,0.887526642,0.856369749,0.845102452,2.75768765,2.84696272,1.4146722,1.30310772
439.355,0.888348825,0.886636658,0.841198973,0.829546875,2.75478704,2.84426627,1.41429945,1.30221433
439.45500000000004,0.887553829,0.888307765,0.846855622,0.835704068,2.75620479,2.84562124,1.4141868,1.30381276
439.555,0.886509286,0.887756514,0.851830319,0.840365475,2.75657794,2.8459683,1.41176466,1.30505926
439.655,0.888790971,0.887265613,0.837725816,0.826305465,2.75450474,2.84393394,1.41074254,1.30650545
439.755,0.887532868,0.88722807,0.856285813,0.845137916,2.75756141,2.84708563,1.41079997,1.30701233
439.855,0.886629749,0.888342136,0.841247952,0.829712546,2.75467346,2.84441063,1.41059888,1.30593548
439.955,0.888313047,0.88755917,0.84665791,0.83562284,2.75602837,2.84574909,1.41115498,1.30686535
440.048915,0.886439435,0.887912814,0.848776609,0.837152428,2.75670809,2.84488889,1.41639038,1.31232867
440.148915,0.888746277,0.88740958,0.839461563,0.828194539,2.75998627,2.83944172,1.23974355,1.31717215
440.243,0.886620806,0.887694518,0.854206571,0.842694973,2.76381269,2.84220609,1.2590774,1.38742375
440.343,0.888742151,0.887112301,0.837460317,0.826043988,2.76401176,2.83612754,1.17849089,1.49425316
440.44300000000004,0.887549722,0.887503576,0.855053759,0.844085678,2.76410401,2.84081639,1.22874222,1.47920853
440.54299999999995,0.88651657,0.88817513,0.843790591,0.832394271,2.7594585,2.84094349,1.289754,1.41953656
440.643,0.888513237,0.887533271,0.843378398,0.832433355,2.75783558,2.84297783,1.34845808,1.36970601
440.743,0.887664733,0.88661143,0.85392937,0.842807742,2.75779006,2.84562715,1.38753161,1.33096984
440.843,0.887107786,0.8887376,0.837225555,0.826018288,2.75422553,2.84394521,1.41390841,1.30472635
440.943,0.887511136,0.887557479,0.854847518,0.844034213,2.75667842,2.84757084,1.43083143,1.28854472
441.043,0.888169955,0.886511188,0.84383057,0.83256705,2.75417449,2.84580076,1.4386183,1.27978796
441.14300000000003,0.88753736,0.888517635,0.843146586,0.832322981,2.75433533,2.84628477,1.44288802,1.27675079
441.243,0.886612841,0.887666399,0.853952817,0.842954151,2.75562821,2.84782352,1.44423449,1.27483333
441.34299999999996,0.888731993,0.887102096,0.837170879,0.826082613,2.75285346,2.84532566,1.44544753,1.27372721
441.443,0.887564818,0.887518219,0.854713797,0.84402334,2.75581055,2.84842188,1.44614372,1.27375717
441.543,0.886505579,0.88816456,0.843900248,0.832756933,2.75364793,2.84636779,1.44410637,1.2747102
441.64300000000003,0.888520509,0.887540259,0.842955589,0.832250331,2.7539679,2.84660847,1.44212072,1.27779957
441.743,0.887667817,0.886614038,0.853970957,0.843094453,2.75542913,2.84805579,1.43962765,1.27962566
441.843,0.887096324,0.888726307,0.837117822,0.826148424,2.75271178,2.84546296,1.4386037,1.2806591
441.943,0.887524985,0.88757177,0.854563385,0.843995646,2.75569043,2.84851667,1.43829963,1.28164504
442.043,0.888159234,0.886500035,0.843967288,0.832944504,2.75358449,2.84646941,1.43580036,1.28301773
442.143,0.887543163,0.888523406,0.84276824,0.832181349,2.75388194,2.84664994,1.4334887,1.28640824
442.243,0.886615245,0.887669267,0.853993539,0.843239716,2.75538632,2.84813209,1.43100553,1.28822722
442.343,0.888720518,0.887090445,0.837068663,0.826218485,2.75266134,2.84551077,1.42996957,1.28925417
442.44300000000004,0.887578439,0.887531556,0.854423024,0.843977743,2.75563609,2.84854612,1.42978178,1.29013094
442.543,0.886494348,0.888153765,0.844042515,0.833140434,2.75354671,2.84654468,1.42776045,1.29101143
442.643,0.888526213,0.887545972,0.842582828,0.832114628,2.75380567,2.84668216,1.42559813,1.2942498
442.743,0.887670584,0.886616355,0.854006609,0.84337551,2.75535502,2.8481974,1.42320918,1.29599083
442.843,0.887084521,0.888714688,0.837018804,0.826288258,2.7526068,2.84556318,1.42242614,1.29674931
442.943,0.887538711,0.887585857,0.854265212,0.843943495,2.75555296,2.84860407,1.42273794,1.29714002
443.043,0.888148657,0.886489014,0.84410587,0.83332613,2.75345749,2.84667292,1.42172359,1.29700294
443.14300000000003,0.887548721,0.888528964,0.842395178,0.832046477,2.75366871,2.84677542,1.42017656,1.29961945
443.243,0.886617801,0.887672274,0.854026482,0.843519063,2.75525834,2.84832717,1.41792057,1.30124465
443.34299999999996,0.888708756,0.887078493,0.83697341,0.826362992,2.75250417,2.84566487,1.41708223,1.30204342
443.443,0.887592902,0.88754558,0.854112991,0.843914941,2.75544089,2.84869011,1.41740968,1.3024312
443.543,0.886483616,0.888143486,0.844173592,0.833515702,2.75337781,2.84679181,1.41651957,1.30216338
443.643,0.888531635,0.887551385,0.842208639,0.831979537,2.75354738,2.84685308,1.41509772,1.30464666
443.743,0.887674221,0.886619351,0.854030784,0.843646637,2.75518363,2.84843537,1.41289881,1.30622733
443.843,0.887072583,0.888702941,0.836928659,0.826438561,2.75241608,2.84575232,1.41202686,1.30704648
443.94300000000004,0.887552459,0.887599955,0.853958004,0.843883961,2.75533436,2.84876976,1.41254322,1.30725951
444.04299999999995,0.888138429,0.886478363,0.844244068,0.833709113,2.75327768,2.84693039,1.41219276,1.30645002
444.143,0.887553964,0.888534223,0.842022938,0.831914085,2.75339627,2.84696071,1.41135388,1.308339
444.243,0.886623515,0.887679523,0.854023654,0.843761659,2.75505916,2.84858199,1.40934723,1.30974775
444.343,0.888696955,0.887066484,0.836881133,0.826512123,2.75229163,2.84587684,1.40844315,1.31057935
444.443,0.887607013,0.887559347,0.853799792,0.843850302,2.75519522,2.84888134,1.40906637,1.31069841
444.543,0.886473076,0.888133378,0.844311087,0.833898988,2.75316969,2.84707797,1.40886029,1.30974064
444.64300000000003,0.88853674,0.887556467,0.841836914,0.831848552,2.75324531,2.8470684,1.40813665,1.31150713
444.743,0.887680609,0.886624478,0.854039038,0.843902221,2.75494658,2.84872841,1.40620156,1.31285962
444.84299999999996,0.887060463,0.88869104,0.836845412,0.826597646,2.75215955,2.84601025,1.40549318,1.31347869
444.943,0.887566217,0.88761405,0.853641039,0.843816491,2.75505023,2.84899807,1.40615863,1.31356955
445.036901,0.886579664,0.888333214,0.841405706,0.830991192,2.75110025,2.84803119,1.42237854,1.28927812
445.136901,0.888300873,0.887610702,0.845415543,0.835590023,2.75632656,2.8463018,1.36540981,1.35035639
445.231,0.886166081,0.887774997,0.847302051,0.836910252,2.75664877,2.84691582,1.39585378,1.41028864
445.331,0.888666988,0.887483203,0.839471219,0.829485975,2.75755622,2.8408615,1.30151413,1.49014665
445.43100000000004,0.887628659,0.886791308,0.855396414,0.845471626,2.75923479,2.84393043,1.29688682,1.46323965
445.531,0.886876181,0.888575101,0.837688141,0.827553685,2.75498885,2.84271996,1.33562828,1.4079832
445.631,0.887847965,0.887635544,0.850922077,0.841291167,2.75619454,2.84670834,1.369643,1.36246812
445.731,0.887987764,0.886419332,0.847149869,0.837057665,2.7542017,2.84676068,1.39101769,1.33303317
445.831,0.887488098,0.888672158,0.839129119,0.829340831,2.75271963,2.84657932,1.40638863,1.31595697
445.931,0.886795817,0.887633392,0.855298054,0.845527279,2.7547802,2.84950845,1.416078,1.3047339
446.031,0.88856836,0.886869272,0.837660091,0.827659031,2.75145755,2.84681549,1.42204319,1.29717206
446.13100000000003,0.887642193,0.887854493,0.85071646,0.841214941,2.7538258,2.84945321,1.4258837,1.29409018
446.231,0.88641581,0.887984502,0.847214908,0.837250082,2.75267866,2.84849598,1.42498486,1.2930714
446.33099999999996,0.888672509,0.887488301,0.838961794,0.829296374,2.75171961,2.84762161,1.42457418,1.29418606
446.431,0.887637226,0.886799425,0.855275225,0.845631463,2.75417361,2.8501799,1.42400275,1.29442158
446.531,0.886862043,0.888561305,0.837659806,0.827782662,2.75106871,2.84724593,1.42374109,1.29374648
446.631,0.887860792,0.887648625,0.850519791,0.841144977,2.75352397,2.84973121,1.42431901,1.29438026
446.731,0.887981281,0.886412331,0.847282602,0.837444373,2.75249513,2.84873365,1.42154786,1.29553507
446.831,0.887486631,0.888671292,0.838780156,0.829237401,2.75154891,2.84776622,1.419908,1.29808012
446.93100000000004,0.886803211,0.887641229,0.855247384,0.845731063,2.75406633,2.8503138,1.41850606,1.29933034
447.03099999999995,0.888554242,0.886854802,0.83766034,0.827907489,2.75097626,2.84735847,1.41793213,1.29906935
447.131,0.887655082,0.887867142,0.850319,0.841070696,2.753411,2.84980547,1.4184684,1.29984864
447.231,0.886408941,0.887978148,0.847348797,0.837637395,2.75243041,2.84884318,1.41574199,1.3010355
447.331,0.888671448,0.887486787,0.838632664,0.829212803,2.75145016,2.84783062,1.41413626,1.30358981
447.431,0.887645281,0.886807049,0.855225219,0.845836484,2.75399731,2.85040339,1.41284897,1.30479489
447.531,0.88684753,0.888547152,0.837664055,0.828035809,2.75090482,2.84744724,1.41241344,1.30441492
447.63100000000003,0.887873311,0.887661345,0.850124915,0.841004107,2.75330328,2.8498703,1.41316779,1.30501644
447.731,0.887975146,0.886405683,0.847418693,0.837834513,2.75235881,2.84895785,1.41091842,1.30575527
447.83099999999996,0.887487044,0.888671705,0.838483382,0.829187093,2.75133751,2.84790829,1.4094464,1.30818053
447.931,0.88681107,0.887649518,0.855192208,0.84593164,2.75391261,2.85050719,1.4082904,1.30929298
448.031,0.888540067,0.886840261,0.837667328,0.828164151,2.75081442,2.8475547,1.40807405,1.30868931
448.13100000000003,0.88766773,0.887879582,0.849917726,0.840924414,2.75316658,2.84996381,1.40931535,1.30882404
448.231,0.886402394,0.887972113,0.847479519,0.83802339,2.7522536,2.8491054,1.40750939,1.3091347
448.331,0.888671145,0.887486454,0.838346715,0.829174529,2.7511963,2.84801712,1.40614837,1.31144051
448.431,0.887653739,0.886815073,0.855161921,0.846030147,2.75379491,2.85064303,1.405105,1.3124688
448.531,0.886832969,0.888532962,0.837673945,0.828296236,2.75070276,2.84768391,1.40481387,1.31192744
448.631,0.887885814,0.887674056,0.849713606,0.840847883,2.75302442,2.85006237,1.4061352,1.31199542
448.731,0.887969217,0.886399244,0.847544342,0.838216781,2.75213154,2.84926977,1.40497992,1.31166604
448.831,0.887486216,0.888670923,0.838201957,0.829154135,2.7510388,2.8481397,1.40366029,1.31391725
448.931,0.886819256,0.887658182,0.855122971,0.846120102,2.75367781,2.85077776,1.40235064,1.31523651
449.031,0.888525828,0.886825644,0.837681038,0.8284291,2.7505935,2.8478112,1.40189366,1.3148456
449.131,0.88768034,0.887892009,0.849508055,0.840770254,2.75288252,2.85016019,1.40330954,1.3148292
449.231,0.886396158,0.887966377,0.847608763,0.838410327,2.75200874,2.84943477,1.4027903,1.31387304
449.33099999999996,0.888670578,0.88748585,0.838058126,0.829135154,2.75087515,2.8482688,1.40167328,1.31590617
449.431,0.887661955,0.886822606,0.855073021,0.846199697,2.75354615,2.85092683,1.40032917,1.31728268
449.531,0.886818345,0.888518725,0.837687068,0.828561491,2.75046542,2.84795778,1.39976507,1.31698208
449.63100000000003,0.887898167,0.887686584,0.849300788,0.840691349,2.75272335,2.85027495,1.40122824,1.31692702
449.731,0.887963647,0.886393174,0.84767045,0.838601163,2.75189322,2.84959278,1.40078777,1.31590075
449.831,0.887485363,0.888670119,0.837914738,0.829116901,2.75072244,2.84838743,1.39969202,1.31789663
449.931,0.886826943,0.887666481,0.855039826,0.846296375,2.75342223,2.85106662,1.39830948,1.31933362
450.024917,0.886916733,0.888625711,0.836572274,0.827736332,2.74869032,2.85005125,1.42360848,1.30462259
450.124917,0.887548821,0.887680973,0.852757301,0.844224585,2.74630675,2.84521169,1.34780253,1.23383666
450.219,0.886751404,0.88870035,0.840728255,0.831765931,2.75182714,2.85006385,1.34946993,1.26967301
450.319,0.888151809,0.887683648,0.846101101,0.837592125,2.75580514,2.84824367,1.32348218,1.35070831
450.419,0.887854676,0.88641148,0.850304466,0.841455273,2.75519591,2.84764806,1.32513834,1.39010088
450.519,0.887356263,0.888717131,0.836509328,0.827795713,2.75236033,2.84640238,1.33756676,1.36566052
450.619,0.887062787,0.887665207,0.855029687,0.846530998,2.75460804,2.85029631,1.36251974,1.35100134
450.719,0.888369132,0.886637715,0.839635839,0.830780703,2.75111319,2.84804739,1.38022995,1.33634295
450.81899999999996,0.887688609,0.888156406,0.845683038,0.837357712,2.75215052,2.84970381,1.3917913,1.32695842
450.919,0.886411963,0.887855347,0.850274076,0.841577343,2.7522456,2.85025955,1.39717474,1.32099164
451.019,0.888713757,0.887352843,0.836375007,0.827795311,2.750051,2.84845007,1.40135798,1.31751867
451.119,0.887671441,0.887068827,0.854932799,0.846568344,2.75294503,2.85164459,1.40451217,1.31483931
451.219,0.886630786,0.888362441,0.839673264,0.830947546,2.75005845,2.84905254,1.40622376,1.31235519
451.319,0.888161258,0.887693451,0.845467956,0.837271657,2.75141818,2.85037017,1.40719852,1.3126056
451.419,0.887854741,0.886411146,0.850316166,0.841750085,2.75178329,2.85075257,1.40561034,1.31329761
451.519,0.887349475,0.888710496,0.836264877,0.827812387,2.74970927,2.84876641,1.40513974,1.31426714
451.61899999999997,0.88707483,0.887677634,0.854842492,0.846609767,2.7527017,2.85187992,1.40542287,1.31432016
451.719,0.888355745,0.88662385,0.839715167,0.831118125,2.74988149,2.84925695,1.40550039,1.3133335
451.819,0.887698218,0.888166031,0.845255318,0.837188386,2.75120851,2.85052904,1.40601081,1.31394786
451.91900000000004,0.886410383,0.88785419,0.850358141,0.841923196,2.75164022,2.85093203,1.40395006,1.31505109
452.019,0.888707115,0.887346022,0.836163055,0.827838352,2.74955145,2.84890386,1.40308863,1.3163472
452.11899999999997,0.887683858,0.887080865,0.854749952,0.84664955,2.75256094,2.85201604,1.40315111,1.31660559
452.219,0.886616947,0.888349084,0.839758115,0.83129023,2.7497638,2.84940604,1.40310096,1.31571713
452.319,0.888170755,0.887702928,0.84504119,0.837103579,2.75105533,2.85063469,1.40355479,1.31637713
452.419,0.887853708,0.886409687,0.85039893,0.842095447,2.75153602,2.85107474,1.40144049,1.3175377
452.519,0.887342843,0.888704101,0.83605359,0.82785684,2.74943217,2.84900558,1.40040343,1.31899009
452.619,0.887086998,0.887690174,0.85465492,0.84668697,2.75245092,2.8521216,1.40037716,1.31935325
452.719,0.888342463,0.886610082,0.839801788,0.831463356,2.74966692,2.84953508,1.40043327,1.31834701
452.819,0.887707612,0.888175458,0.844831408,0.83702377,2.75090422,2.85073781,1.40116052,1.31873402
452.919,0.886409016,0.887853252,0.850441244,0.842269661,2.75143191,2.85121755,1.39923819,1.31970994
453.019,0.888700416,0.887339256,0.835936369,0.827867463,2.74930189,2.84912096,1.39827569,1.32107062
453.11899999999997,0.887696518,0.887093157,0.854554275,0.846719313,2.75232611,2.85224089,1.39823903,1.3214618
453.219,0.886603262,0.888335888,0.83984567,0.831637147,2.74955639,2.84967812,1.39842631,1.32031297
453.319,0.888180075,0.887712214,0.84461469,0.83693722,2.75073726,2.85085723,1.3995623,1.32028975
453.41900000000004,0.887852942,0.886408487,0.850478092,0.842439094,2.75130256,2.85138538,1.39790323,1.32101186
453.519,0.887335457,0.888696716,0.835839261,0.827899401,2.74914882,2.84925672,1.39690472,1.32239379
453.61899999999997,0.887099135,0.887702669,0.854456812,0.846755166,2.75218308,2.85237716,1.39684681,1.3228195
453.719,0.88832934,0.886596467,0.839891594,0.831813374,2.74943558,2.84983186,1.39693714,1.32175833
453.819,0.887716517,0.888184462,0.844404103,0.836857853,2.75055955,2.85098737,1.39824758,1.32156533
453.919,0.886407984,0.887852654,0.850519119,0.842613055,2.75117011,2.85155655,1.39689246,1.32198682
454.019,0.888692848,0.887331496,0.835747975,0.827937336,2.74899858,2.84939016,1.39571273,1.3235351
454.119,0.887709606,0.887105864,0.854345039,0.846776895,2.75204885,2.85250347,1.39537604,1.3242564
454.21900000000005,0.886589725,0.888322847,0.839937738,0.831990136,2.74932489,2.8499758,1.39535452,1.32329646
454.31899999999996,0.888188849,0.887720823,0.844191166,0.83677779,2.75040492,2.85109656,1.39675639,1.32301174
454.419,0.887852435,0.886407543,0.850554712,0.842782435,2.75102629,2.85173846,1.39614237,1.32270199
454.519,0.887328134,0.888689605,0.83565151,0.827971086,2.74883155,2.84953853,1.39504851,1.32414918
454.619,0.887112176,0.887716094,0.854239762,0.846805949,2.75189028,2.85265395,1.39465244,1.32494538
454.719,0.88831639,0.886583019,0.839984788,0.832168374,2.74919072,2.85014356,1.39453003,1.32407656
454.819,0.887725225,0.88819327,0.843977207,0.836694802,2.75023315,2.8512211,1.39586015,1.32386338
454.91900000000004,0.886407186,0.887852299,0.850590737,0.842952207,2.75090187,2.85190129,1.39518959,1.32362105
455.012967,0.887597648,0.888651838,0.837933858,0.830920856,2.74790649,2.85106073,1.39406685,1.3181755
455.112967,0.886770948,0.88771976,0.854465886,0.847086178,2.7485996,2.85591644,1.46805281,1.24135831
455.207,0.88602314,0.887645509,0.830871623,0.823464086,2.74995153,2.85533408,1.48531489,1.29813018
455.307,0.887381873,0.887735616,0.852861377,0.845654197,2.74980598,2.85341558,1.46898534,1.31880282
455.407,0.888177862,0.886452454,0.842673433,0.835022416,2.74874603,2.85052819,1.4190593,1.34502406
455.507,0.887681552,0.888396449,0.840788488,0.83362139,2.74952101,2.85030548,1.4007503,1.35074606
455.607,0.886503044,0.887787539,0.852491227,0.845105008,2.7512313,2.85184818,1.39055971,1.34555922
455.707,0.888644386,0.887137237,0.835389399,0.82795844,2.74854528,2.84933806,1.38575741,1.34154985
455.807,0.887748217,0.887394888,0.852506294,0.845457695,2.75156788,2.85251945,1.38542667,1.3391797
455.907,0.886448274,0.888173913,0.842645974,0.835135615,2.7494493,2.85060335,1.38452443,1.33663442
456.007,0.888399554,0.887684605,0.84056447,0.833531006,2.74964991,2.85072519,1.38355441,1.33773856
456.10699999999997,0.887789413,0.886504707,0.852495164,0.845244463,2.75128053,2.8523433,1.38206305,1.33778432
456.207,0.887131306,0.888638584,0.835338689,0.828039205,2.74846321,2.84964161,1.38231327,1.33674945
456.307,0.887401798,0.887755265,0.852344544,0.845431156,2.75142132,2.85273968,1.38409505,1.3356028
456.40700000000004,0.888168915,0.886443069,0.842713772,0.835336888,2.74930698,2.85083645,1.38420344,1.33364991
456.507,0.887687098,0.888402103,0.840376249,0.833473602,2.74945812,2.850906,1.38383771,1.33509001
456.60699999999997,0.886508762,0.887794602,0.852483992,0.845366026,2.75111903,2.85255039,1.38256172,1.33555256
456.707,0.888632585,0.887125161,0.835286982,0.828119127,2.74829878,2.84982038,1.38279227,1.33493046
456.807,0.887762305,0.887408703,0.852180352,0.845402422,2.75124243,2.85290265,1.38473667,1.33393959
456.907,0.886438245,0.888164241,0.842779343,0.835537345,2.74913888,2.8510517,1.38529403,1.33175063
457.007,0.888404636,0.887689568,0.840183442,0.833412524,2.7492237,2.85110209,1.38568714,1.33258742
457.107,0.88779573,0.886509779,0.852492932,0.84551098,2.75093359,2.85277471,1.38425133,1.33335124
457.20700000000005,0.887119101,0.888626665,0.835246587,0.828210666,2.74810784,2.85001561,1.38420506,1.33307946
457.30699999999996,0.887415591,0.887769323,0.852015453,0.845373364,2.75105007,2.85306969,1.38582929,1.33250156
457.407,0.888159273,0.88643302,0.842841548,0.835733437,2.74898571,2.85124681,1.38622699,1.33052971
457.507,0.887691929,0.888407064,0.839993101,0.833353727,2.74903244,2.85125098,1.38649239,1.33153653
457.607,0.886511269,0.887797349,0.852505724,0.84565972,2.75078805,2.85295509,1.38489698,1.33252101
457.707,0.88862046,0.887112738,0.835196809,0.828293194,2.74795767,2.85016749,1.38453112,1.33257973
457.807,0.887776336,0.887422477,0.851847524,0.845341505,2.75088901,2.85320252,1.38605946,1.33213962
457.90700000000004,0.886427866,0.888154377,0.842903539,0.835929667,2.74885531,2.85141783,1.38653566,1.3301083
458.007,0.888409383,0.887694177,0.839804482,0.833297407,2.74883282,2.85140703,1.38741309,1.33051392
458.10699999999997,0.887799088,0.886512874,0.852516581,0.845807054,2.75062959,2.85314684,1.38583,1.33152184
458.207,0.887106286,0.888614105,0.835143141,0.828372261,2.74779309,2.85033362,1.38520276,1.33183297
458.307,0.887429385,0.887783368,0.851675593,0.845306105,2.75071472,2.85334717,1.38656709,1.33158165
458.407,0.888149554,0.886422785,0.842965058,0.836125876,2.74871732,2.85159619,1.38698976,1.32960994
458.507,0.887696369,0.888411648,0.839615143,0.833240304,2.74865346,2.85154268,1.38782045,1.33006054
458.607,0.8865146,0.887800953,0.852524893,0.845952071,2.75049264,2.85331621,1.3861432,1.33119029
458.707,0.888607843,0.88709987,0.835104315,0.828466529,2.7476474,2.85048142,1.38533479,1.3316671
458.80699999999996,0.887790392,0.887436289,0.851505635,0.845272898,2.75055667,2.85347467,1.38661637,1.33151747
458.907,0.886418777,0.888145655,0.843009044,0.836302866,2.74859038,2.8517579,1.38706124,1.32952547
459.007,0.888413828,0.887698457,0.839430786,0.833188866,2.74847553,2.85167684,1.38809012,1.32977217
459.107,0.887802918,0.886516421,0.852533581,0.846097836,2.75035607,2.85348459,1.38642478,1.33091412
459.207,0.88709469,0.888602475,0.835049391,0.828544524,2.74750299,2.85063049,1.38550272,1.33148602
459.307,0.887443196,0.887797418,0.851328953,0.845233347,2.75039847,2.85360152,1.38663603,1.33150116
459.407,0.888140106,0.886412822,0.843089121,0.836520411,2.74846892,2.85192546,1.38711736,1.32947305
459.507,0.88770047,0.88841592,0.839241077,0.83313224,2.74829442,2.85181442,1.38848031,1.3293776
459.60699999999997,0.886518382,0.887805029,0.852535917,0.84623777,2.75020882,2.85366299,1.38693514,1.33042216
459.707,0.888595824,0.887087841,0.835011571,0.828640711,2.74734802,2.85078869,1.38583807,1.33114948
459.807,0.88780448,0.887450143,0.851155676,0.845197477,2.75023267,2.85373524,1.38683999,1.33131063
459.90700000000004,0.88640794,0.888135482,0.843151661,0.836718762,2.74834351,2.85209155,1.38719017,1.32941329
460.0014,0.888705855,0.88823181,0.84498137,0.839299648,2.75017308,2.85382301,1.3902269,1.33096916
460.101,0.886368789,0.887894897,0.849746371,0.843544817,2.7389102,2.8533793,1.48992195,1.17636322
460.2,0.888581927,0.886875402,0.834322585,0.827936451,2.74469996,2.85662447,1.44162743,1.17836437
460.29499999999996,0.886676055,0.887770841,0.853798049,0.847778867,2.74622692,2.85912465,1.48238821,1.18573617
460.395,0.888495688,0.886875124,0.836155202,0.829932153,2.745227,2.85487146,1.44713799,1.24098514
460.495,0.887822492,0.887727597,0.848266028,0.842540023,2.74819073,2.85536396,1.42291451,1.28879529
460.595,0.886345587,0.888025509,0.845925476,0.839710876,2.74798035,2.85355836,1.39976695,1.31613882
460.695,0.888551372,0.887605071,0.836669592,0.830797068,2.74737966,2.85184559,1.38322702,1.33476932
460.795,0.887783865,0.88668749,0.853548986,0.847654486,2.75029565,2.85411341,1.37274495,1.34563846
460.89500000000004,0.886869466,0.888490243,0.836060336,0.829965183,2.74747083,2.85100045,1.36741553,1.35075354
460.995,0.887734374,0.887829325,0.848019816,0.842428348,2.74982096,2.85317905,1.36595616,1.35348549
461.09499999999997,0.888022831,0.886342653,0.845970882,0.839892498,2.74907673,2.85239005,1.36410964,1.35434241
461.195,0.887604834,0.888551196,0.836515775,0.83077595,2.74797758,2.85118437,1.36279332,1.35657904
461.295,0.886691631,0.88778819,0.853511714,0.84775511,2.75060632,2.85380532,1.36216997,1.35721768
461.395,0.888483109,0.886862119,0.836064946,0.83010434,2.74758327,2.8508971,1.36301889,1.3558953
461.495,0.887835134,0.88774003,0.847824928,0.842369664,2.74977889,2.8531724,1.3653952,1.35459254
461.595,0.886339597,0.888020026,0.846033435,0.840092472,2.74898511,2.85251975,1.36604961,1.35278496
461.695,0.888550814,0.887604386,0.836369688,0.830763302,2.74780608,2.85131789,1.36603995,1.3535608
461.79499999999996,0.887792008,0.886695055,0.853457693,0.847839406,2.75044002,2.8539844,1.36602862,1.35350493
461.895,0.886854805,0.888476014,0.83606757,0.830241991,2.7474021,2.85109588,1.36711314,1.351863
461.995,0.887746732,0.887841774,0.847597764,0.842280629,2.74955189,2.85335138,1.36968164,1.35033204
462.095,0.88801718,0.886336514,0.846090376,0.840288405,2.74876651,2.85277849,1.37095299,1.34789331
462.195,0.887603837,0.888550337,0.836221465,0.830749293,2.74754403,2.85154664,1.37126849,1.34831408
462.295,0.88669955,0.887796663,0.85341668,0.847937371,2.75021369,2.85422558,1.37090399,1.34860969
462.395,0.888468826,0.886847396,0.836075856,0.830385698,2.74719111,2.85132687,1.37154089,1.34739347
462.495,0.887847922,0.887752841,0.84738582,0.842206371,2.74931889,2.85354054,1.37371317,1.34626272
462.59499999999997,0.886333639,0.888014558,0.846146997,0.840483323,2.74858353,2.85300379,1.37470483,1.34410881
462.695,0.888549732,0.887603156,0.836075436,0.830737477,2.74733053,2.85172836,1.37474216,1.34479683
462.795,0.887800398,0.886702927,0.853343896,0.8480031,2.75003068,2.85441992,1.37408502,1.34539884
462.89500000000004,0.886840252,0.888461914,0.83608458,0.830529942,2.74702423,2.85151424,1.37429669,1.344591
462.995,0.887758915,0.88785403,0.847172359,0.842130804,2.7491218,2.85369351,1.37629672,1.34363921
463.09499999999997,0.88801211,0.886330878,0.846207135,0.840683178,2.74841528,2.85321271,1.37732961,1.3414468
463.195,0.887602346,0.888549003,0.835931204,0.830728108,2.74711457,2.85191278,1.37778314,1.34171385
463.295,0.886707586,0.887805206,0.853300358,0.848099196,2.74984563,2.85461961,1.37693429,1.34251673
463.395,0.888454797,0.886832911,0.836094042,0.830675584,2.74684821,2.85171159,1.3768963,1.34194242
463.495,0.887860081,0.887764936,0.846958243,0.842054974,2.74891867,2.85385218,1.37868968,1.34120274
463.595,0.886328165,0.888009643,0.846262074,0.840877173,2.74826034,2.85340986,1.37955189,1.33918631
463.69500000000005,0.888548159,0.887601416,0.835787433,0.830719258,2.74692793,2.85206867,1.37981966,1.33962775
463.79499999999996,0.887810061,0.886712298,0.853257558,0.848196114,2.74968875,2.85478984,1.37874406,1.34067303
463.895,0.886825663,0.888447762,0.836100288,0.830818092,2.74670714,2.85187444,1.37832876,1.34045843
463.995,0.887770911,0.887866081,0.84674311,0.841978243,2.7487477,2.85397845,1.3799635,1.33988513
464.095,0.88800716,0.886325485,0.846323575,0.841077606,2.74813939,2.85357257,1.38074142,1.33796059
464.195,0.887600045,0.888546884,0.835651678,0.83071877,2.74675183,2.85221395,1.38129719,1.33810519
464.295,0.886717055,0.887814962,0.85321326,0.848291893,2.74953984,2.85495127,1.38012108,1.33926264
464.39500000000004,0.888440492,0.886818226,0.836103714,0.830958067,2.74656998,2.85203355,1.37948509,1.33925222
464.495,0.887872044,0.887776853,0.846525657,0.841899505,2.74857827,2.85410287,1.38100937,1.33879626
464.59499999999997,0.886322988,0.888004956,0.846369259,0.841263381,2.74800513,2.85374936,1.38186487,1.33679991
464.695,0.888546056,0.887599124,0.835506242,0.830709747,2.746551,2.85238585,1.38304702,1.33631123
464.795,0.887819946,0.886721895,0.853163827,0.848383157,2.74936416,2.85513854,1.38200022,1.33735274
464.895,0.886810933,0.888433439,0.836117377,0.831108873,2.74641222,2.85221409,1.38101126,1.33767735
464.995,0.887782696,0.887877904,0.846310502,0.84182333,2.74839966,2.85423617,1.38217963,1.33758253
465.089,0.886399903,0.888139451,0.842269178,0.837363325,2.73980167,2.86027238,1.52685332,1.18034957
465.189,0.888342319,0.887768249,0.83859273,0.83410559,2.74295482,2.86116907,1.56573359,1.19646187
465.283,0.886347313,0.887944238,0.849041369,0.844254223,2.74051369,2.86203319,1.62535986,1.17548968
465.383,0.888593926,0.887438914,0.834329943,0.829669096,2.7395888,2.857021,1.56545333,1.21472858
465.483,0.887837492,0.886954654,0.852920905,0.848423182,2.74532454,2.85875203,1.48378366,1.26500452
465.58299999999997,0.886616852,0.888315799,0.838220003,0.833373273,2.74421664,2.85450124,1.42571038,1.30938505
465.683,0.888031003,0.887863461,0.842882826,0.838580428,2.74675359,2.854629,1.39000593,1.33763327
465.783,0.887928347,0.886331922,0.848854532,0.844145311,2.74811749,2.85447285,1.36706444,1.35567283
465.88300000000004,0.88743655,0.888591667,0.834134227,0.829584741,2.7464352,2.85188428,1.3538868,1.36751515
465.983,0.886961491,0.887844489,0.85277288,0.848407157,2.74978914,2.85480307,1.34745083,1.37362611
466.08299999999997,0.888309497,0.88661029,0.838247117,0.833534734,2.74713827,2.85204551,1.34435105,1.37476107
466.183,0.887868026,0.888035629,0.842659629,0.838493655,2.74838746,2.85318566,1.34475438,1.37532179
466.283,0.886331486,0.887928118,0.848886957,0.844317066,2.74900707,2.85371216,1.34335821,1.37520719
466.383,0.888587795,0.887432549,0.83403868,0.829624967,2.74684348,2.85150037,1.34302865,1.37553932
466.483,0.887851429,0.886968277,0.85266159,0.848436441,2.74993328,2.85467768,1.34432623,1.37464622
466.583,0.886603547,0.888303015,0.838291285,0.833716302,2.7471378,2.85209563,1.34587769,1.37156985
466.68300000000005,0.888039969,0.887872269,0.842449152,0.838422755,2.74825475,2.85328551,1.34894122,1.36981218
466.78299999999996,0.887928146,0.886331309,0.848926714,0.844497056,2.7488419,2.85392676,1.34950652,1.36801704
466.883,0.88742913,0.888584522,0.833940944,0.829663906,2.74662034,2.8517112,1.34986978,1.36783335
466.983,0.886974769,0.887858095,0.852544897,0.848460828,2.74970638,2.85490259,1.35135622,1.36692516
467.083,0.888296596,0.886596866,0.838333828,0.833896699,2.74692077,2.85235015,1.35297738,1.36389154
467.183,0.887876639,0.888044434,0.842225871,0.838337866,2.74798326,2.85351332,1.35618176,1.3621005
467.283,0.88633076,0.887927807,0.848953518,0.844664742,2.74860704,2.85420435,1.35683132,1.36032641
467.38300000000004,0.888580474,0.887424949,0.833847164,0.829707012,2.746363,2.85195424,1.35692047,1.36046503
467.483,0.887864599,0.88698114,0.852434052,0.848491458,2.74946567,2.8551362,1.3579416,1.36009397
467.58299999999997,0.886590222,0.888290215,0.838380097,0.834081148,2.74670818,2.85259735,1.35916972,1.35748277
467.683,0.888048782,0.887880919,0.842009234,0.838259439,2.74773381,2.85371562,1.36209844,1.35600198
467.783,0.887927776,0.88633052,0.848986471,0.844839145,2.74838267,2.85446907,1.3630326,1.35399319
467.883,0.887420658,0.888576317,0.83375611,0.829753283,2.74611781,2.85218429,1.36287425,1.35438412
467.983,0.886987948,0.887871515,0.852308115,0.848507496,2.7492425,2.8553508,1.36335365,1.35459274
468.083,0.888283889,0.886583633,0.838423447,0.834263045,2.74651506,2.85282445,1.36411792,1.35244878
468.183,0.88788514,0.888053075,0.841791983,0.838180674,2.74750481,2.85389655,1.36676582,1.35126002
468.28299999999996,0.886330319,0.887927802,0.849019033,0.845013666,2.74818286,2.85470832,1.36785906,1.34912232
468.383,0.888572064,0.887416268,0.833666381,0.829801272,2.74589304,2.85239413,1.36763896,1.3495653
468.483,0.887876986,0.886993661,0.852166022,0.848507479,2.74903618,2.85554963,1.36770498,1.35021321
468.583,0.886577025,0.888277542,0.838468083,0.834446472,2.74634406,2.85302949,1.36791582,1.34861849
468.683,0.888057298,0.887889287,0.841575214,0.838102604,2.74729872,2.85405433,1.37026948,1.3477269
468.783,0.88792791,0.886330218,0.849048171,0.845184468,2.7480249,2.85490526,1.37117888,1.34579556
468.883,0.88741179,0.888567724,0.833577518,0.829850204,2.74571407,2.85255866,1.37073129,1.34645028
468.983,0.887000208,0.887883695,0.852051384,0.84853502,2.74886814,2.85570577,1.37051468,1.34740404
469.08299999999997,0.888271186,0.886570406,0.838518936,0.834636341,2.74620315,2.85320423,1.37049379,1.34603384
469.183,0.887893351,0.888061443,0.841360214,0.838026491,2.74711774,2.85418697,1.37271763,1.34527183
469.283,0.886329874,0.887927815,0.849083951,0.845362913,2.74788534,2.85508284,1.37351516,1.34347268
469.38300000000004,0.888563275,0.887407199,0.833491729,0.829902681,2.74554038,2.85271852,1.37331749,1.34385973
469.483,0.887890709,0.887007059,0.851930689,0.848556971,2.74870228,2.8558593,1.37290684,1.34502833
469.58299999999997,0.886564004,0.888265037,0.838561835,0.834818579,2.74607064,2.8533713,1.37254514,1.34399009
469.683,0.888065538,0.887897362,0.841143815,0.837949195,2.74694592,2.85431046,1.37462643,1.34336857
469.783,0.88792813,0.886329973,0.84910743,0.845528911,2.74774785,2.85525891,1.37557696,1.34143593
469.883,0.887402538,0.888558755,0.833404978,0.829954384,2.74537885,2.85286685,1.37533783,1.34184459
469.983,0.887013686,0.887897488,0.85180947,0.848578524,2.74855085,2.85599721,1.37466501,1.34329485
470.077,0.886862403,0.888427549,0.835322865,0.831950039,2.73561951,2.86035369,1.5638673,1.15782801
470.177,0.887694257,0.887942116,0.845880627,0.842904082,2.74186187,2.86694084,1.50338781,1.0814205
470.271,0.886367106,0.888105421,0.841372391,0.837934935,2.73545378,2.86578407,1.59719329,1.06245027
470.37100000000004,0.888263948,0.887835882,0.838133405,0.835124455,2.73830509,2.86312266,1.5871571,1.11544566
470.471,0.887893667,0.886417398,0.850891279,0.847595275,2.7425328,2.86087146,1.51155754,1.18760984
470.57099999999997,0.887187974,0.888526317,0.833437851,0.830127908,2.74249992,2.85655065,1.44542006,1.26373937
470.671,0.887284054,0.887932905,0.849932307,0.846978728,2.74668099,2.85742596,1.39909569,1.3184954
470.771,0.888153544,0.886414258,0.84130676,0.837892746,2.74583796,2.85457482,1.36672144,1.35081185
470.871,0.887840281,0.888268471,0.837839788,0.834924145,2.74640179,2.85375018,1.3473864,1.37150794
470.971,0.886419882,0.887896268,0.850853484,0.847682669,2.74869723,2.85510445,1.33405948,1.3845436
471.071,0.888520319,0.887181796,0.833385127,0.830206933,2.74614534,2.8520444,1.32686924,1.39181862
471.171,0.887939996,0.887291066,0.849753231,0.846939469,2.74910846,2.8548333,1.32499042,1.39470275
471.27099999999996,0.886409292,0.888148838,0.841365015,0.838090075,2.74731692,2.85311767,1.32468896,1.39396409
471.371,0.888270649,0.887842337,0.837648799,0.83487043,2.74717189,2.85293109,1.32633213,1.39342981
471.471,0.887898284,0.886421778,0.850856432,0.847827528,2.74908178,2.85474495,1.32613483,1.3931482
471.571,0.88717651,0.888514877,0.833330184,0.830289597,2.74626341,2.85192679,1.32686208,1.39229829
471.671,0.887298067,0.887947077,0.849576366,0.846904676,2.74904905,2.85485642,1.32962795,1.39037747
471.771,0.888144177,0.886404372,0.841424671,0.838289947,2.7471917,2.85327955,1.33215951,1.38667513
471.871,0.887844448,0.888272921,0.837462662,0.834822967,2.74692434,2.85313556,1.33564728,1.3842056
471.971,0.886423775,0.887900405,0.850858121,0.847971826,2.74883223,2.8550231,1.33662722,1.38270874
472.07099999999997,0.888506079,0.887166897,0.833307443,0.83040558,2.74598847,2.85220497,1.33748639,1.38165928
472.171,0.887954049,0.887304963,0.849392715,0.846863555,2.74876218,2.85511025,1.33996527,1.38000889
472.271,0.88639953,0.888139594,0.841483347,0.838489266,2.74693991,2.85357132,1.34223963,1.37655274
472.37100000000004,0.888274918,0.887846318,0.837273577,0.834772098,2.74663204,2.85338592,1.34543089,1.37436887
472.471,0.887902646,0.886425887,0.850857071,0.84811346,2.7485826,2.85530291,1.3460423,1.37326057
472.57099999999997,0.887160239,0.888499578,0.833263621,0.830500719,2.74573541,2.85246221,1.34641381,1.37267854
472.671,0.887311177,0.887960343,0.849217098,0.846830612,2.74849883,2.85534247,1.34846745,1.37145836
472.771,0.888135061,0.886394739,0.841543777,0.838690651,2.74671707,2.85383464,1.35037022,1.36837103
472.871,0.887847705,0.888276345,0.837098025,0.83473623,2.74637551,2.85360161,1.35311644,1.36662307
472.971,0.886428064,0.887904959,0.850859438,0.848258925,2.74835262,2.85556212,1.3537669,1.36550527
473.071,0.888493222,0.887153719,0.83322938,0.830605654,2.74550549,2.85269793,1.3536932,1.36534567
473.17100000000005,0.887967183,0.887317972,0.849028407,0.846784931,2.74826688,2.85554084,1.35514148,1.36473369
473.27099999999996,0.88639004,0.88813062,0.841602332,0.83889045,2.74652621,2.85406624,1.35668317,1.36200807
473.371,0.888278376,0.887849576,0.836906272,0.83468356,2.74613524,2.85380121,1.35931825,1.36036752
473.471,0.887907421,0.88643039,0.85085159,0.84839498,2.7481233,2.85582087,1.36039687,1.35884759
473.571,0.887147143,0.888486815,0.833194753,0.830710699,2.74527735,2.8529324,1.36005479,1.35893205
473.671,0.887324827,0.887974099,0.848843712,0.846743605,2.74803655,2.85573723,1.36092005,1.35890692
473.771,0.88812624,0.886385404,0.841662987,0.839092683,2.74634629,2.85428702,1.36194608,1.35669466
473.87100000000004,0.887851164,0.888280105,0.836721067,0.834637317,2.74592226,2.85397335,1.36417948,1.35544992
473.971,0.886432812,0.887909981,0.850845022,0.848531907,2.74795336,2.85601927,1.36492886,1.3542786
474.07099999999997,0.888480343,0.887140498,0.833162279,0.830817911,2.74510684,2.8531102,1.36422004,1.35471539
474.171,0.887981188,0.887331959,0.84864783,0.846691129,2.74786229,2.85587666,1.364624,1.35515912
474.271,0.886380903,0.888121993,0.841722558,0.839293965,2.74621378,2.85446062,1.36534126,1.35325416
474.371,0.888281745,0.887852662,0.836536735,0.834592083,2.7457481,2.85410698,1.36743864,1.35213893
474.471,0.887912691,0.886435373,0.850838644,0.848669806,2.7477917,2.85620938,1.36846898,1.35070804
474.571,0.887133785,0.888473808,0.833131705,0.830927464,2.74493864,2.85328613,1.36780275,1.35108555
474.671,0.887339289,0.887988564,0.848441629,0.846627924,2.74769013,2.85601768,1.36786036,1.35188281
474.77099999999996,0.888117781,0.886376438,0.84177894,0.839492363,2.74608757,2.85462805,1.36814914,1.3504025
474.871,0.887854069,0.888283297,0.836352983,0.834547628,2.7455842,2.85423067,1.37003291,1.34949424
474.971,0.886437998,0.887915457,0.850828045,0.84880309,2.74766517,2.85636304,1.37090873,1.34823527
475.065,0.887457805,0.888497983,0.832667918,0.830945507,2.73383773,2.86317297,1.52960151,1.17375612
475.165,0.886935084,0.887948456,0.851215101,0.849528555,2.73950878,2.86870559,1.63806014,1.09926291
475.259,0.886965384,0.888464282,0.834687717,0.832830966,2.7308538,2.86654507,1.71765432,1.07261552
475.35900000000004,0.88760694,0.888005593,0.845490095,0.843996693,2.73573988,2.86730655,1.70984956,1.0873132
475.459,0.888039091,0.886299549,0.844573276,0.842542332,2.73773584,2.86232166,1.58900524,1.17444866
475.55899999999997,0.887734928,0.888414231,0.834164053,0.832485389,2.74018565,2.85825572,1.47859456,1.26232993
475.659,0.886597164,0.887918386,0.851591033,0.849847057,2.74553216,2.85865759,1.40301673,1.32607947
475.759,0.888386997,0.886894294,0.834364856,0.832453029,2.74416239,2.85419737,1.35723888,1.36578707
475.859,0.888013797,0.887615123,0.845162858,0.843742859,2.74728991,2.85546318,1.33245996,1.38979549
475.959,0.886297617,0.888037388,0.844570561,0.842656641,2.74718842,2.85441543,1.3179139,1.40174373
476.059,0.888413676,0.887734251,0.833999326,0.83244991,2.74621394,2.85274401,1.30990695,1.40985067
476.15900000000005,0.887923359,0.886602029,0.851538933,0.849934773,2.74919954,2.85532085,1.30507832,1.41431375
476.25899999999996,0.886886969,0.888379913,0.834372758,0.832598935,2.74625832,2.85224981,1.30371986,1.41437214
476.359,0.887621104,0.88801976,0.844946403,0.843667533,2.748391,2.85438272,1.30642053,1.41282987
476.459,0.888035029,0.886295023,0.844623215,0.842851299,2.74774654,2.85393691,1.3086896,1.4089177
476.559,0.887733122,0.88841268,0.833857021,0.83244611,2.74635437,2.85259527,1.31133106,1.40690039
476.659,0.88660684,0.887928278,0.851491124,0.850030055,2.74915492,2.85539374,1.31233903,1.4058827
476.759,0.888372662,0.886879535,0.834376397,0.832741982,2.74610691,2.8524323,1.31390909,1.40322207
476.859,0.888025643,0.88762701,0.844728734,0.843591679,2.74814095,2.85459464,1.31822044,1.40025362
476.959,0.88629251,0.88803275,0.844675032,0.84304568,2.74750076,2.85423045,1.32133013,1.39565079
477.05899999999997,0.888411519,0.887731824,0.833716454,0.83244462,2.74602762,2.85289572,1.32474769,1.39296048
477.159,0.887933257,0.886611711,0.851440508,0.850122971,2.74884279,2.85572172,1.32577394,1.39204142
477.259,0.886871776,0.888365145,0.834372013,0.832877344,2.74581049,2.8527536,1.32677578,1.39000343
477.359,0.887632916,0.888031522,0.844507822,0.843512892,2.74782004,2.85487125,1.33047595,1.3877112
477.459,0.888030558,0.886290085,0.844725487,0.843239053,2.74723075,2.85454417,1.33311772,1.38363505
477.559,0.887730463,0.888410295,0.833575315,0.832442341,2.74572728,2.85316664,1.33606077,1.3814443
477.65900000000005,0.88661665,0.887938304,0.851386569,0.85021269,2.74857439,2.85600275,1.33655821,1.38111176
477.759,0.888358122,0.886864501,0.834389583,0.83303499,2.74555998,2.85302736,1.33692297,1.37972145
477.85900000000004,0.888037392,0.887638817,0.844291945,0.8434393,2.74754438,2.85510082,1.34012146,1.37795857
477.95900000000006,0.88628773,0.888028434,0.844776571,0.843433309,2.74700506,2.85481253,1.34238028,1.37429343
478.05899999999997,0.888408927,0.887728983,0.833441521,0.832448091,2.74546254,2.85340156,1.34502441,1.37239974
478.15899999999993,0.887943399,0.886621637,0.851333157,0.850303322,2.74833349,2.85625474,1.34534178,1.37228373
478.25899999999996,0.886859879,0.888354677,0.834374318,0.833158878,2.74533051,2.85327125,1.34517133,1.37142539
478.359,0.887644656,0.888043188,0.844068964,0.843358782,2.74730248,2.85529599,1.34773283,1.37030983
478.459,0.888026404,0.88628547,0.844825467,0.84362562,2.7468138,2.85504611,1.34964168,1.36701199
478.55899999999997,0.887727356,0.888407448,0.833300478,0.832446634,2.7452278,2.85360677,1.35223047,1.36516258
478.659,0.886626709,0.887948577,0.851271255,0.850385712,2.74812365,2.85647451,1.35228955,1.3653325
478.759,0.888347062,0.886852101,0.83439208,0.833317212,2.74514096,2.8534862,1.3516061,1.3649748
478.85900000000004,0.888049248,0.887650757,0.843854391,0.843286799,2.74708804,2.85546362,1.3537075,1.36432822
478.959,0.886283279,0.88802444,0.844875108,0.84381889,2.7466511,2.85525104,1.35528623,1.36137419
479.059,0.888406156,0.887726011,0.83316983,0.832456685,2.74502458,2.85378042,1.35766838,1.35971616
479.15900000000005,0.887953804,0.886631829,0.851210159,0.850469311,2.74792954,2.85667776,1.35799332,1.35964543
479.25900000000007,0.886844553,0.888339689,0.834415961,0.833481882,2.74496799,2.85368437,1.35685524,1.35972802
479.35900000000004,0.88765646,0.888054882,0.843629147,0.843204233,2.74689973,2.85560464,1.35829136,1.35975261
479.45899999999995,0.888022571,0.886281184,0.844922304,0.844009878,2.74651628,2.85542804,1.35951882,1.35716214
479.55899999999997,0.88772416,0.888404461,0.83303456,0.832461136,2.74485836,2.85391806,1.36166258,1.35572518
479.659,0.886636996,0.887959079,0.851146647,0.850550769,2.74776243,2.85685318,1.36233754,1.35532817
479.75899999999996,0.888332366,0.886837049,0.83444037,0.833647289,2.74481871,2.85385927,1.36090437,1.35569085
479.859,0.888060266,0.88766189,0.843397901,0.843115666,2.74673255,2.85572428,1.36177744,1.35628347
479.959,0.886279158,0.888020769,0.844968802,0.844200318,2.74640407,2.8555824,1.36264754,1.35406215
480.05300000000005,0.887891757,0.888186684,0.835864868,0.835932228,2.73561457,2.86415409,1.54260327,1.18978552
480.1530000000001,0.886391531,0.887946781,0.850210756,0.849761919,2.73399907,2.87014051,1.54481456,0.969149451
480.247,0.887430377,0.888362895,0.831751574,0.831647502,2.72784079,2.86956536,1.65598228,0.991500675
480.347,0.886861668,0.887997194,0.85064648,0.850445415,2.73425195,2.87362653,1.72333156,0.979284366
480.447,0.888237002,0.886622846,0.83674856,0.836160839,2.73494563,2.86473217,1.63193374,1.09887867
480.547,0.888038613,0.887901244,0.839986941,0.839922622,2.73958063,2.86073538,1.51275269,1.19296342
480.64700000000005,0.886278469,0.887978529,0.847311114,0.846810017,2.74408917,2.85990522,1.42493163,1.28116739
480.747,0.888449118,0.887534952,0.831885083,0.831576522,2.74339511,2.85508204,1.36743481,1.34910291
480.84700000000004,0.888005026,0.88686974,0.850400971,0.85023835,2.74771566,2.85680241,1.32870514,1.38969636
480.94700000000006,0.886617253,0.888231666,0.836747767,0.83626135,2.74591916,2.85353984,1.30579081,1.41204693
481.04699999999997,0.8879058,0.888043053,0.839749884,0.83981078,2.74729229,2.85398962,1.2947823,1.42454145
481.14699999999993,0.887978804,0.886278559,0.847336997,0.846973118,2.74835694,2.85459668,1.28904543,1.42969208
481.24699999999996,0.887530485,0.888444819,0.831792486,0.831620722,2.74621535,2.85208747,1.28597533,1.43316142
481.347,0.886876612,0.888012018,0.850280022,0.85025992,2.7493754,2.85512005,1.28537257,1.43438504
481.447,0.888225341,0.886610665,0.836797515,0.836450759,2.7468224,2.85267149,1.28688047,1.43199124
481.54699999999997,0.888047074,0.887909945,0.839534303,0.839735108,2.74765826,2.85357376,1.29103558,1.4290364
481.647,0.8862783,0.887978783,0.847368368,0.847148298,2.74844483,2.85454424,1.2946115,1.42462931
481.747,0.888440355,0.887525851,0.831706119,0.831673617,2.74608386,2.85220216,1.29734406,1.42208749
481.84700000000004,0.888018752,0.886883232,0.850160801,0.850284197,2.7491447,2.8553331,1.29958124,1.42032322
481.947,0.886604273,0.888219203,0.836841068,0.836634506,2.74656435,2.85296231,1.30227078,1.41663393
482.047,0.887914035,0.888051037,0.839318612,0.839659651,2.7473268,2.85385697,1.30697631,1.41307503
482.14700000000005,0.887979552,0.88627903,0.847383213,0.847306292,2.74813858,2.85488434,1.31067026,1.40853342
482.24700000000007,0.887521132,0.888435807,0.831621457,0.831728645,2.74572387,2.8525496,1.31373217,1.40565241
482.34700000000004,0.886889263,0.888024887,0.850044888,0.850312118,2.74879398,2.85566885,1.31549791,1.40434826
482.44699999999995,0.888213062,0.886597865,0.836889882,0.836823915,2.74625003,2.85331123,1.3174211,1.40140292
482.54699999999997,0.888054914,0.887918044,0.839103746,0.839585276,2.74698164,2.85415511,1.32144221,1.39852552
482.647,0.88627918,0.887979894,0.847409045,0.84747571,2.74784694,2.85521378,1.32450328,1.39463306
482.74699999999996,0.888431169,0.887516321,0.831537338,0.831784121,2.74541871,2.8528438,1.32692288,1.39238791
482.847,0.888031662,0.886895936,0.849919504,0.850330714,2.74850211,2.85594528,1.32800445,1.39178502
482.947,0.886591686,0.888207166,0.836932737,0.83700741,2.74600107,2.85359523,1.32911446,1.38963683
483.047,0.887921979,0.888058714,0.838889244,0.839511358,2.74669834,2.85439177,1.33256099,1.38733543
483.147,0.8879807,0.886279824,0.847448465,0.847658194,2.74761619,2.8554837,1.33517057,1.38391128
483.247,0.887511404,0.888426417,0.831457938,0.831844839,2.74515404,2.85309889,1.33735997,1.3818918
483.34700000000004,0.88690263,0.888038454,0.849791925,0.850347445,2.74824494,2.85618634,1.33807611,1.38166636
483.447,0.888200846,0.886584909,0.836968903,0.837184587,2.74578906,2.85384328,1.33851045,1.38017957
483.547,0.888062457,0.887925863,0.838673167,0.839436002,2.74645238,2.85459118,1.34136574,1.37846524
483.64700000000005,0.88627974,0.887980829,0.847456523,0.847810887,2.74741523,2.85572047,1.34358389,1.37544802
483.74700000000007,0.888421619,0.88750643,0.831375125,0.831902181,2.74492835,2.85331499,1.34563577,1.37355722
483.847,0.888045283,0.886909367,0.849660202,0.850360151,2.74802828,2.85638644,1.34591873,1.3737794
483.94699999999995,0.886578768,0.88819495,0.837020087,0.837376828,2.74561289,2.85405531,1.34576314,1.37287139
484.04699999999997,0.887929558,0.888066008,0.838462047,0.839365702,2.74624254,2.85475444,1.34815692,1.37161538
484.147,0.88798141,0.886280137,0.84747938,0.847977809,2.74725372,2.85591905,1.3500419,1.36894624
484.24699999999996,0.887501203,0.888416551,0.831300692,0.831968309,2.74473942,2.85349589,1.35185921,1.36727659
484.347,0.886916129,0.888052132,0.84952901,0.850373601,2.7478412,2.85655629,1.3520334,1.36762656
484.447,0.888187458,0.886570605,0.83704491,0.837542557,2.74546627,2.85423823,1.3514195,1.36716479
484.547,0.888069668,0.887933369,0.83825048,0.839294964,2.74606691,2.85488309,1.35325083,1.36646655
484.647,0.886280627,0.887982081,0.847500662,0.848143234,2.74712527,2.85608428,1.35485761,1.36409148
484.747,0.888411581,0.88749602,0.831224691,0.83203387,2.74456632,2.85365939,1.35676469,1.36231599
484.84700000000004,0.88805898,0.886922897,0.849390736,0.850380333,2.74766028,2.85671918,1.35722405,1.36240266
484.94700000000006,0.886564854,0.888181918,0.83709858,0.837737562,2.74533035,2.85441131,1.35614272,1.36239537
485.041,0.888236267,0.887670641,0.843023725,0.844749477,2.73588,2.86530709,1.45240062,1.2543396
485.14099999999996,0.886277313,0.888027587,0.844080691,0.84494813,2.73345742,2.87117198,1.69304453,1.01388273
485.23500000000007,0.887954118,0.888070912,0.83547206,0.837182991,2.727657,2.87079627,1.75691532,1.03562231
485.33500000000004,0.886351272,0.887972538,0.849227907,0.850285139,2.72982811,2.87537387,1.85743568,0.939720762
485.43499999999995,0.888383812,0.887255,0.831497958,0.832499769,2.73129694,2.86654328,1.73084066,1.06334748
485.53499999999997,0.888106389,0.887182606,0.84724966,0.84854567,2.73871689,2.86416199,1.55906355,1.1903304
485.635,0.886408311,0.888107675,0.839884065,0.840722532,2.74116828,2.85898097,1.43806684,1.29295826
485.73499999999996,0.888128523,0.887999809,0.835083751,0.836426824,2.74360245,2.85615634,1.3629625,1.36225688
485.835,0.887980125,0.886358809,0.849119972,0.850177813,2.74731574,2.85656268,1.31663069,1.40534817
485.935,0.88724948,0.888378468,0.831421208,0.832508503,2.74547278,2.85261365,1.28839155,1.43167116
486.035,0.8871902,0.888113899,0.847031725,0.848451561,2.74891124,2.85488694,1.27419861,1.44616275
486.135,0.888103469,0.886403859,0.839935953,0.840908065,2.74752371,2.85304195,1.26760246,1.45063703
486.235,0.888001396,0.888130291,0.834896715,0.836375193,2.74731804,2.85257274,1.26698355,1.45207611
486.33500000000004,0.886361307,0.887982728,0.849112441,0.85031157,2.74943615,2.85456242,1.2674067,1.45097443
486.435,0.888371987,0.887242808,0.831389577,0.832614936,2.74658705,2.85156399,1.26791963,1.44976615
486.535,0.888120718,0.887196996,0.846847438,0.848409383,2.74939901,2.85440386,1.27106064,1.44766922
486.63500000000005,0.886399366,0.888099223,0.839998389,0.841110967,2.74767552,2.85295475,1.2748333,1.44221311
486.73500000000007,0.888131907,0.88800283,0.834714032,0.836330625,2.74720316,2.85266054,1.28024647,1.43788759
486.835,0.887985459,0.886363924,0.849108403,0.850450439,2.74921662,2.8548206,1.28416051,1.43350208
486.93499999999995,0.887236032,0.888365405,0.831362127,0.832726473,2.7462796,2.8518843,1.28642868,1.43065427
487.03499999999997,0.887204308,0.888128034,0.846642455,0.848346349,2.74904632,2.85472846,1.29000833,1.42823622
487.135,0.888095032,0.886394933,0.840055719,0.841309131,2.74734622,2.85332784,1.29361306,1.42303246
487.23499999999996,0.888004179,0.88813344,0.834531406,0.836286399,2.74682484,2.85299943,1.29874861,1.41904513
487.335,0.886366602,0.887988247,0.849095798,0.850580792,2.74886311,2.85520399,1.30247973,1.41492443
487.435,0.888358837,0.887229268,0.831331819,0.832835381,2.74592262,2.85225008,1.30410779,1.41274673
487.535,0.888134651,0.887210914,0.846452137,0.848298779,2.74868717,2.85505218,1.30682262,1.41124524
487.635,0.886390384,0.888090726,0.840118449,0.84151301,2.74703748,2.85367804,1.30963162,1.40686856
487.735,0.888134865,0.888005418,0.83435123,0.836244835,2.74648337,2.85329998,1.31410516,1.40355734
487.83500000000004,0.887991072,0.886369354,0.849087398,0.850716289,2.74855109,2.85554388,1.31742671,1.39988977
487.93500000000006,0.887222408,0.888352177,0.831305694,0.832948903,2.74560226,2.85257915,1.31875304,1.3980149
488.035,0.887217595,0.888141341,0.846263627,0.848253289,2.7483673,2.85533521,1.32060052,1.39740773
488.13500000000005,0.888086655,0.88638606,0.840174953,0.841710885,2.74678073,2.85397724,1.32241523,1.39403724
488.23499999999996,0.888006566,0.888136201,0.834171741,0.836204097,2.74619571,2.85354669,1.32622377,1.39138761
488.335,0.886371616,0.887993226,0.849077921,0.850852163,2.7483068,2.85581699,1.3289822,1.38831226
488.43499999999995,0.888345464,0.887215492,0.831281363,0.833064465,2.74533546,2.85285519,1.33030751,1.38642847
488.53499999999997,0.88814882,0.887225069,0.846066388,0.848199208,2.74809557,2.85556736,1.33147578,1.38651956
488.635,0.8863819,0.888082777,0.840227403,0.841904816,2.74657282,2.85422649,1.33239444,1.38405038
488.735,0.888137454,0.888007629,0.833992235,0.836163429,2.74595779,2.85374398,1.33559672,1.38199756
488.835,0.887996325,0.886374588,0.849061811,0.850979294,2.74811115,2.85603856,1.33788658,1.37941579
488.935,0.887208543,0.888338722,0.831257574,0.833180324,2.74514055,2.85305979,1.33873191,1.37799541
489.035,0.887231748,0.888155498,0.845873222,0.848149163,2.74789054,2.85573447,1.33938352,1.37861805
489.135,0.888078844,0.886377733,0.840288767,0.842107721,2.74642017,2.85442097,1.33975919,1.37669659
489.235,0.888008587,0.888138602,0.83381725,0.836127335,2.7457678,2.85389385,1.34262325,1.37497077
489.33500000000004,0.886377947,0.887999881,0.849055414,0.851115667,2.74796171,2.85621214,1.34459119,1.37273476
489.43500000000006,0.888332232,0.887201838,0.831247792,0.833310587,2.74497366,2.85323833,1.34540687,1.37132574
489.535,0.888162135,0.88723839,0.845679994,0.848099208,2.74770766,2.85587896,1.34576728,1.37225311
489.63499999999993,0.886374146,0.888075542,0.840337957,0.842298616,2.74629722,2.85458637,1.345522,1.37095616
489.73499999999996,0.88813966,0.888009452,0.833640231,0.836089187,2.7456111,2.85401078,1.34795782,1.36964562
489.835,0.888002764,0.886380783,0.849025613,0.85122971,2.74783842,2.85636153,1.34970944,1.36764797
489.93499999999995,0.887194517,0.888325116,0.831216735,0.833419426,2.74483968,2.85338214,1.35049442,1.36625175
490.02900000000005,0.887813323,0.886511501,0.848338057,0.851585947,2.74193427,2.86281986,1.42150727,1.30818857
490.129,0.886602116,0.888156504,0.836185057,0.838529354,2.71692827,2.86116073,1.61131384,0.902378946
490.22299999999996,0.888478892,0.887703865,0.842741126,0.846264714,2.73406219,2.87570616,1.66248284,0.977601238
490.323,0.886285525,0.888030471,0.843164529,0.845547481,2.72727299,2.87881132,1.83789231,0.839005597
490.423,0.888262698,0.887870861,0.831666174,0.834316678,2.73061386,2.8706548,1.75790208,0.985275
490.523,0.888035776,0.886531431,0.849595039,0.852102953,2.73801481,2.86551236,1.60077078,1.13619201
490.623,0.886944133,0.888263649,0.832634478,0.83499797,2.73949721,2.8578502,1.45918198,1.23507382
490.723,0.887501231,0.888190731,0.842245668,0.845070412,2.74506288,2.85810369,1.37500008,1.33707637
490.82300000000004,0.888027418,0.886282007,0.843108041,0.845442029,2.74635691,2.85561919,1.31921666,1.39730079
490.92300000000006,0.887870767,0.888262673,0.831494363,0.834212571,2.74596797,2.85285819,1.28513175,1.43298342
491.023,0.886536954,0.888041368,0.849519419,0.852143923,2.74959082,2.85493963,1.26448532,1.45412941
491.12300000000005,0.888256192,0.8869365,0.832646721,0.835137204,2.74715261,2.85155134,1.2525822,1.4657071
491.22299999999996,0.888196435,0.887507041,0.842023697,0.844984696,2.7492667,2.85319937,1.24908089,1.47070559
491.323,0.88627989,0.888025509,0.843156131,0.845629198,2.74903455,2.85292144,1.24922974,1.46970974
491.42299999999994,0.888261073,0.88786898,0.831359341,0.834213522,2.74744896,2.85135626,1.2522806,1.46741522
491.52299999999997,0.888046608,0.886542129,0.849457875,0.852223332,2.75033431,2.85420781,1.25484025,1.46493635
491.623,0.886928972,0.888248844,0.832672156,0.83530007,2.74744085,2.85128882,1.25693881,1.46212226
491.723,0.887512726,0.888202033,0.841806321,0.844906995,2.74923646,2.85317994,1.2616386,1.45860047
491.823,0.888023627,0.886277803,0.843207119,0.845820716,2.74887418,2.8531202,1.26659608,1.45257537
491.923,0.887866571,0.888258919,0.8312343,0.834224862,2.7471559,2.85161686,1.27218183,1.4475815
492.023,0.886547312,0.888051854,0.849401506,0.852308636,2.74998455,2.85456326,1.27628483,1.44351894
492.123,0.888241534,0.886921475,0.832699738,0.835465553,2.74707437,2.85168043,1.27874089,1.44027216
492.223,0.888207382,0.887518163,0.841577327,0.844817771,2.74883526,2.85353182,1.2829652,1.43717056
492.32300000000004,0.886275837,0.888021863,0.843254348,0.846008703,2.74851817,2.85351689,1.28736228,1.43170137
492.42300000000006,0.888257509,0.887865038,0.831095429,0.834223292,2.74676131,2.85198515,1.2924032,1.4272441
492.523,0.888057207,0.886552611,0.849330358,0.852379717,2.74958985,2.85496669,1.29641954,1.42331294
492.62299999999993,0.886914035,0.888234287,0.832725507,0.835629585,2.74670293,2.85207824,1.2981804,1.42073952
492.72299999999996,0.887523817,0.888212939,0.841358224,0.844738735,2.74845495,2.85386441,1.30125259,1.41877537
492.823,0.888020166,0.886273938,0.843304023,0.846199408,2.74820001,2.85387607,1.3046634,1.41430092
492.92299999999994,0.887862892,0.888255553,0.830966378,0.8342314,2.746423,2.85229659,1.30884854,1.41069375
493.02299999999997,0.886557973,0.888062631,0.849261337,0.852452472,2.74928356,2.85527916,1.31206812,1.40758647
493.123,0.888227086,0.886906635,0.832752754,0.835795023,2.74642274,2.8523861,1.31300015,1.4058421
493.223,0.888219302,0.887529978,0.841124304,0.844644288,2.74816104,2.85411239,1.31519467,1.40475564
493.323,0.886272297,0.888018727,0.843351816,0.846388312,2.7479607,2.85415664,1.31782358,1.40106701
493.423,0.888253488,0.887860636,0.830838548,0.834240816,2.74615642,2.85253732,1.32146062,1.39799928
493.523,0.888068247,0.886563578,0.849192968,0.852526728,2.74902243,2.85554676,1.32437962,1.39521766
493.62300000000005,0.886899271,0.888219926,0.832781223,0.835962036,2.74617823,2.85265838,1.32506986,1.39371219
493.723,0.887535305,0.888224496,0.840905073,0.844565188,2.74790225,2.85432402,1.32648153,1.39340288
493.82300000000004,0.88801719,0.886270564,0.843398806,0.846576497,2.74776235,2.85439616,1.32834992,1.39047863
493.92300000000006,0.887858262,0.888251306,0.830712728,0.834252311,2.74593517,2.85273352,1.33139341,1.38799371
494.02299999999997,0.886569063,0.888073793,0.849118884,0.852594593,2.74882597,2.8557476,1.33380103,1.3857438
494.12299999999993,0.888212819,0.886891954,0.832809922,0.836129079,2.74600446,2.85286058,1.3339545,1.38477057
494.22299999999996,0.888230276,0.887541007,0.840679263,0.844476433,2.74769874,2.85447288,1.33478737,1.38504246
494.323,0.88626869,0.888015519,0.843447209,0.846766143,2.74762536,2.85457573,1.33603117,1.38274647
494.423,0.888249009,0.887855773,0.830588441,0.834265344,2.74576715,2.85287726,1.33875211,1.38057317
494.52299999999997,0.888079513,0.886574753,0.849054121,0.852672877,2.7486781,2.85589882,1.34076057,1.37873793
494.623,0.88688454,0.888205621,0.832844122,0.836301898,2.7458584,2.85303521,1.34098122,1.37769639
494.723,0.887545821,0.888234938,0.840457192,0.844394465,2.74752987,2.85459536,1.34141147,1.37837063
494.82300000000004,0.888014067,0.886267048,0.843486423,0.846946521,2.74751857,2.85472353,1.34201716,1.37671558
494.923,0.887853183,0.888246612,0.830464838,0.834279021,2.7456338,2.852987,1.34435285,1.3749154
495.01699999999994,0.88839859,0.886405654,0.849176671,0.853649756,2.74526321,2.85837013,1.35212234,1.35858028
495.11699999999996,0.887264486,0.888276299,0.830445207,0.834391077,2.72807347,2.87085959,1.7229903,0.955358999
495.211,0.887462954,0.885576243,0.847680872,0.852102828,2.73748711,2.87563668,1.78194251,1.0090833
495.31100000000004,0.886645567,0.888125577,0.835268062,0.839137939,2.72226622,2.87853214,1.97272329,0.819113692
495.41100000000006,0.887771303,0.888208855,0.837109421,0.841352196,2.72880304,2.87349718,1.86658344,0.937958569
495.511,0.888004549,0.886253721,0.845731818,0.849484381,2.73476709,2.86633607,1.66210543,1.10597995
495.61099999999993,0.88764378,0.888289079,0.829676603,0.833633628,2.73842195,2.85929773,1.48689985,1.24868949
495.71099999999996,0.886796522,0.888148992,0.848025719,0.852078347,2.74557408,2.85868233,1.37427191,1.35266268
495.811,0.888129989,0.886650057,0.835240973,0.839000743,2.74558229,2.85384866,1.30456807,1.417305
495.911,0.888213921,0.887776525,0.836857286,0.841146319,2.74782099,2.85315154,1.26610818,1.45536125
496.01099999999997,0.88625456,0.888005546,0.845738437,0.849596158,2.74969115,2.85338728,1.24463349,1.47482755
496.111,0.888284272,0.887638799,0.82959519,0.833675903,2.74770871,2.85045166,1.23448777,1.48437908
496.211,0.888155856,0.88680334,0.847894702,0.852082652,2.75114807,2.85331044,1.22956391,1.48971386
496.311,0.886641815,0.88812241,0.835262575,0.839156197,2.7488414,2.85075247,1.22781137,1.48972164
496.411,0.887780248,0.888217458,0.836645085,0.841069292,2.74957773,2.85143761,1.23150564,1.48723988
496.511,0.888006156,0.886255018,0.845762648,0.849758832,2.75058384,2.85259045,1.23587755,1.48180635
496.61100000000005,0.887633677,0.888279348,0.829518898,0.833734517,2.74802621,2.85015963,1.24112336,1.47648606
496.711,0.886810133,0.888162689,0.847762351,0.852089509,2.75113649,2.85332727,1.24507558,1.47327523
496.81100000000004,0.888116722,0.886635928,0.835322923,0.839352402,2.74866616,2.85097641,1.24813629,1.46865807
496.91100000000006,0.888221047,0.887784018,0.836440059,0.841000301,2.74925094,2.8517243,1.25432612,1.46382005
497.01099999999997,0.886255547,0.888006834,0.845787149,0.849922294,2.75023698,2.85298003,1.25992084,1.4572883
497.11099999999993,0.888274371,0.887628453,0.829452725,0.833804459,2.74761974,2.85055882,1.26540357,1.45179645
497.21099999999996,0.888169527,0.886816938,0.847628922,0.85209579,2.75070746,2.85374157,1.26946266,1.44856721
497.311,0.886630185,0.888111183,0.835379971,0.8395456,2.74826948,2.85141141,1.27178532,1.44473668
497.411,0.887787759,0.888224608,0.836226325,0.840922627,2.74882862,2.85209975,1.2769241,1.44099096
497.51099999999997,0.88800761,0.886256177,0.845808504,0.850082771,2.74986825,2.8533867,1.28167613,1.43535818
497.611,0.887623112,0.888269217,0.829375593,0.83386308,2.74722824,2.85094203,1.28650471,1.43053366
497.711,0.886823784,0.888176403,0.847490219,0.852096866,2.75032553,2.85410566,1.28977828,1.42813537
497.81100000000004,0.888105563,0.886624362,0.835439531,0.839741553,2.74793347,2.85178451,1.29107007,1.42535095
497.911,0.888227969,0.887791311,0.836019759,0.840852257,2.74847055,2.85241049,1.29516445,1.4226621
498.011,0.88625687,0.888008446,0.845831045,0.850244591,2.74956447,2.85372753,1.29913852,1.41784012
498.11100000000005,0.888264202,0.887617902,0.829312131,0.833934888,2.746919,2.85124255,1.30309542,1.41387871
498.211,0.888182925,0.886830281,0.847356459,0.85210326,2.75000581,2.8544061,1.30601515,1.41186292
498.31100000000004,0.886618552,0.88809996,0.835500671,0.839939301,2.74765653,2.85209882,1.30653566,1.40985262
498.41099999999994,0.887794761,0.888231286,0.835805032,0.84077359,2.74817833,2.85265546,1.30953709,1.40825762
498.51099999999997,0.888009384,0.886257668,0.845849783,0.850402598,2.7493292,2.85399941,1.31273587,1.40423476
498.611,0.88761226,0.888258763,0.829235382,0.833994169,2.74666571,2.85148889,1.31614542,1.40080464
498.71099999999996,0.886837485,0.888190136,0.847209621,0.852096802,2.74973365,2.85465925,1.31908699,1.39878999
498.811,0.888094419,0.886612802,0.835559603,0.84013499,2.747427,2.85236604,1.31896112,1.39742415
498.911,0.888234515,0.887798192,0.835599277,0.840704008,2.74793278,2.85285395,1.32096788,1.39682038
499.01099999999997,0.886258497,0.888010349,0.845870276,0.850562434,2.74914047,2.85422451,1.32345968,1.39352553
499.111,0.888253409,0.887606705,0.829168425,0.834062913,2.74646698,2.85168096,1.3262706,1.39067469
499.211,0.888197047,0.886844382,0.847064288,0.85209131,2.74954076,2.85483135,1.32866172,1.38922889
499.31100000000004,0.886607083,0.888088911,0.835619294,0.840331254,2.74727612,2.85255503,1.32793819,1.38845652
499.411,0.88780076,0.888237011,0.835380623,0.840621303,2.74775859,2.85298203,1.32927034,1.38852301
499.511,0.88801144,0.886259454,0.845888327,0.850719748,2.74901463,2.85438639,1.3312795,1.38573142
499.61100000000005,0.887601076,0.888247982,0.829102895,0.834133025,2.74632409,2.85181805,1.33377625,1.38317472
499.71100000000007,0.886851193,0.888203872,0.846918935,0.852086351,2.74937895,2.85497178,1.33616337,1.38175112
499.8109999999999,0.888083441,0.8866014,0.835679497,0.840528235,2.74714621,2.85272339,1.33530505,1.38110958
499.91099999999994,0.888241162,0.887805473,0.835142577,0.840518678,2.74760189,2.85308601,1.33599811,1.3818111
