 0.00000000e+00  2.79326692e+00  0.00000000e+00  2.78764656e+00  0.00000000e+00  2.05281450e+00 
 1.00000000e-12  2.79323010e+00  1.00000000e-12  2.78754390e+00  1.00000000e-12  2.05280015e+00 
 2.00000000e-12  2.79322576e+00  2.00000000e-12  2.78752316e+00  2.00000000e-12  2.05283011e+00 
 4.00000000e-12  2.79323541e+00  4.00000000e-12  2.78752886e+00  4.00000000e-12  2.05286235e+00 
 8.00000000e-12  2.79325845e+00  8.00000000e-12  2.78756814e+00  8.00000000e-12  2.05283804e+00 
 1.60000000e-11  2.79327409e+00  1.60000000e-11  2.78762384e+00  1.60000000e-11  2.05275629e+00 
 3.20000000e-11  2.79326382e+00  3.20000000e-11  2.78767782e+00  3.20000000e-11  2.05249357e+00 
 6.40000000e-11  2.79323356e+00  6.40000000e-11  2.78775361e+00  6.40000000e-11  2.05117444e+00 
 1.28000000e-10  2.79319006e+00  1.28000000e-10  2.78800207e+00  1.28000000e-10  2.04595673e+00 
 2.28000000e-10  2.79312429e+00  2.28000000e-10  2.78857185e+00  2.28000000e-10  2.03418369e+00 
 3.28000000e-10  2.79305505e+00  3.28000000e-10  2.78923513e+00  3.28000000e-10  2.02083150e+00 
 4.28000000e-10  2.79298396e+00  4.28000000e-10  2.78991575e+00  4.28000000e-10  2.00763906e+00 
 5.28000000e-10  2.79291164e+00  5.28000000e-10  2.79057853e+00  5.28000000e-10  1.99540210e+00 
 6.28000000e-10  2.79283819e+00  6.28000000e-10  2.79121013e+00  6.28000000e-10  1.98437811e+00 
 7.28000000e-10  2.79276368e+00  7.28000000e-10  2.79180729e+00  7.28000000e-10  1.97458071e+00 
 8.28000000e-10  2.79268818e+00  8.28000000e-10  2.79237063e+00  8.28000000e-10  1.96593629e+00 
 9.28000000e-10  2.79261173e+00  9.28000000e-10  2.79290185e+00  9.28000000e-10  1.95835161e+00 
 1.02800000e-09  2.79253438e+00  1.02800000e-09  2.79340274e+00  1.02800000e-09  1.95173707e+00 
 1.12800000e-09  2.79245620e+00  1.12800000e-09  2.79387492e+00  1.12800000e-09  1.94601186e+00 
 1.22800000e-09  2.79237723e+00  1.22800000e-09  2.79431986e+00  1.22800000e-09  1.94110331e+00 
 1.32800000e-09  2.79229751e+00  1.32800000e-09  2.79473892e+00  1.32800000e-09  1.93694527e+00 
 1.42800000e-09  2.79221710e+00  1.42800000e-09  2.79513339e+00  1.42800000e-09  1.93347677e+00 
 1.52800000e-09  2.79213603e+00  1.52800000e-09  2.79550450e+00  1.52800000e-09  1.93064125e+00 
 1.62800000e-09  2.79205435e+00  1.62800000e-09  2.79585344e+00  1.62800000e-09  1.92838608e+00 
 1.72800000e-09  2.79197210e+00  1.72800000e-09  2.79618135e+00  1.72800000e-09  1.92666221e+00 
 1.82800000e-09  2.79188932e+00  1.82800000e-09  2.79648933e+00  1.82800000e-09  1.92542398e+00 
 1.92800000e-09  2.79180605e+00  1.92800000e-09  2.79677844e+00  1.92800000e-09  1.92462887e+00 
 2.02800000e-09  2.79172231e+00  2.02800000e-09  2.79704968e+00  2.02800000e-09  1.92423737e+00 
 2.12800000e-09  2.79163815e+00  2.12800000e-09  2.79730402e+00  2.12800000e-09  1.92421272e+00 
 2.22800000e-09  2.79155359e+00  2.22800000e-09  2.79754236e+00  2.22800000e-09  1.92452082e+00 
 2.32800000e-09  2.79146867e+00  2.32800000e-09  2.79776558e+00  2.32800000e-09  1.92512998e+00 
 2.42800000e-09  2.79138341e+00  2.42800000e-09  2.79797451e+00  2.42800000e-09  1.92601081e+00 
 2.52800000e-09  2.79129784e+00  2.52800000e-09  2.79816994e+00  2.52800000e-09  1.92713607e+00 
 2.62800000e-09  2.79121198e+00  2.62800000e-09  2.79835261e+00  2.62800000e-09  1.92848051e+00 
 2.72800000e-09  2.79112586e+00  2.72800000e-09  2.79852323e+00  2.72800000e-09  1.93002074e+00 
 2.82800000e-09  2.79103951e+00  2.82800000e-09  2.79868247e+00  2.82800000e-09  1.93173514e+00 
 2.92800000e-09  2.79095295e+00  2.92800000e-09  2.79883096e+00  2.92800000e-09  1.93360369e+00 
 3.02800000e-09  2.79086619e+00  3.02800000e-09  2.79896930e+00  3.02800000e-09  1.93560792e+00 
 3.12800000e-09  2.79077925e+00  3.12800000e-09  2.79909806e+00  3.12800000e-09  1.93773075e+00 
 3.22800000e-09  2.79069216e+00  3.22800000e-09  2.79921777e+00  3.22800000e-09  1.93995644e+00 
 3.32800000e-09  2.79060494e+00  3.32800000e-09  2.79932895e+00  3.32800000e-09  1.94227050e+00 
 3.42800000e-09  2.79051759e+00  3.42800000e-09  2.79943207e+00  3.42800000e-09  1.94465957e+00 
 3.52800000e-09  2.79043014e+00  3.52800000e-09  2.79952757e+00  3.52800000e-09  1.94711139e+00 
 3.62800000e-09  2.79034261e+00  3.62800000e-09  2.79961589e+00  3.62800000e-09  1.94961469e+00 
 3.72800000e-09  2.79025500e+00  3.72800000e-09  2.79969742e+00  3.72800000e-09  1.95215912e+00 
 3.82800000e-09  2.79016733e+00  3.82800000e-09  2.79977255e+00  3.82800000e-09  1.95473524e+00 
 3.92800000e-09  2.79007962e+00  3.92800000e-09  2.79984162e+00  3.92800000e-09  1.95733440e+00 
 4.02800000e-09  2.78999188e+00  4.02800000e-09  2.79990498e+00  4.02800000e-09  1.95994870e+00 
 4.12800000e-09  2.78990412e+00  4.12800000e-09  2.79996295e+00  4.12800000e-09  1.96257095e+00 
 4.22800000e-09  2.78981635e+00  4.22800000e-09  2.80001581e+00  4.22800000e-09  1.96519462e+00 
 4.32800000e-09  2.78972859e+00  4.32800000e-09  2.80006384e+00  4.32800000e-09  1.96781380e+00 
 4.42800000e-09  2.78964085e+00  4.42800000e-09  2.80010733e+00  4.42800000e-09  1.97042311e+00 
 4.52800000e-09  2.78955313e+00  4.52800000e-09  2.80014650e+00  4.52800000e-09  1.97301774e+00 
 4.62800000e-09  2.78946545e+00  4.62800000e-09  2.80018159e+00  4.62800000e-09  1.97559333e+00 
 4.72800000e-09  2.78937781e+00  4.72800000e-09  2.80021283e+00  4.72800000e-09  1.97814600e+00 
 4.82800000e-09  2.78929023e+00  4.82800000e-09  2.80024042e+00  4.82800000e-09  1.98067228e+00 
 4.92800000e-09  2.78920272e+00  4.92800000e-09  2.80026456e+00  4.92800000e-09  1.98316908e+00 
 5.02800000e-09  2.78911528e+00  5.02800000e-09  2.80028542e+00  5.02800000e-09  1.98563369e+00 
 5.12800000e-09  2.78902792e+00  5.12800000e-09  2.80030319e+00  5.12800000e-09  1.98806371e+00 
 5.22800000e-09  2.78894066e+00  5.22800000e-09  2.80031801e+00  5.22800000e-09  1.99045706e+00 
 5.32800000e-09  2.78885349e+00  5.32800000e-09  2.80033005e+00  5.32800000e-09  1.99281195e+00 
 5.42800000e-09  2.78876643e+00  5.42800000e-09  2.80033944e+00  5.42800000e-09  1.99512683e+00 
 5.52800000e-09  2.78867949e+00  5.52800000e-09  2.80034633e+00  5.52800000e-09  1.99740042e+00 
 5.62800000e-09  2.78859266e+00  5.62800000e-09  2.80035084e+00  5.62800000e-09  1.99963162e+00 
 5.72800000e-09  2.78850597e+00  5.72800000e-09  2.80035308e+00  5.72800000e-09  2.00181958e+00 
 5.82800000e-09  2.78841940e+00  5.82800000e-09  2.80035317e+00  5.82800000e-09  2.00396361e+00 
 5.92800000e-09  2.78833298e+00  5.92800000e-09  2.80035121e+00  5.92800000e-09  2.00606318e+00 
 6.02800000e-09  2.78824671e+00  6.02800000e-09  2.80034730e+00  6.02800000e-09  2.00811795e+00 
 6.12800000e-09  2.78816059e+00  6.12800000e-09  2.80034154e+00  6.12800000e-09  2.01012769e+00 
 6.22800000e-09  2.78807464e+00  6.22800000e-09  2.80033401e+00  6.22800000e-09  2.01209231e+00 
 6.32800000e-09  2.78798884e+00  6.32800000e-09  2.80032480e+00  6.32800000e-09  2.01401184e+00 
 6.42800000e-09  2.78790323e+00  6.42800000e-09  2.80031397e+00  6.42800000e-09  2.01588642e+00 
 6.52800000e-09  2.78781778e+00  6.52800000e-09  2.80030161e+00  6.52800000e-09  2.01771627e+00 
 6.62800000e-09  2.78773252e+00  6.62800000e-09  2.80028778e+00  6.62800000e-09  2.01950172e+00 
 6.72800000e-09  2.78764745e+00  6.72800000e-09  2.80027255e+00  6.72800000e-09  2.02124315e+00 
 6.82800000e-09  2.78756258e+00  6.82800000e-09  2.80025597e+00  6.82800000e-09  2.02294103e+00 
 6.92800000e-09  2.78747790e+00  6.92800000e-09  2.80023811e+00  6.92800000e-09  2.02459589e+00 
 7.02800000e-09  2.78739342e+00  7.02800000e-09  2.80021901e+00  7.02800000e-09  2.02620830e+00 
 7.12800000e-09  2.78730916e+00  7.12800000e-09  2.80019873e+00  7.12800000e-09  2.02777890e+00 
 7.22800000e-09  2.78722510e+00  7.22800000e-09  2.80017731e+00  7.22800000e-09  2.02930834e+00 
 7.32800000e-09  2.78714127e+00  7.32800000e-09  2.80015480e+00  7.32800000e-09  2.03079734e+00 
 7.42800000e-09  2.78705766e+00  7.42800000e-09  2.80013124e+00  7.42800000e-09  2.03224664e+00 
 7.52800000e-09  2.78697427e+00  7.52800000e-09  2.80010666e+00  7.52800000e-09  2.03365699e+00 
 7.62800000e-09  2.78689112e+00  7.62800000e-09  2.80008111e+00  7.62800000e-09  2.03502918e+00 
 7.72800000e-09  2.78680821e+00  7.72800000e-09  2.80005462e+00  7.72800000e-09  2.03636401e+00 
 7.82800000e-09  2.78672553e+00  7.82800000e-09  2.80002722e+00  7.82800000e-09  2.03766230e+00 
 7.92800000e-09  2.78664310e+00  7.92800000e-09  2.79999895e+00  7.92800000e-09  2.03892489e+00 
 8.02800000e-09  2.78656092e+00  8.02800000e-09  2.79996982e+00  8.02800000e-09  2.04015260e+00 
 8.12800000e-09  2.78647899e+00  8.12800000e-09  2.79993988e+00  8.12800000e-09  2.04134628e+00 
 8.22800000e-09  2.78639732e+00  8.22800000e-09  2.79990913e+00  8.22800000e-09  2.04250677e+00 
 8.32800000e-09  2.78631591e+00  8.32800000e-09  2.79987762e+00  8.32800000e-09  2.04363491e+00 
 8.42800000e-09  2.78623477e+00  8.42800000e-09  2.79984535e+00  8.42800000e-09  2.04473156e+00 
 8.52800000e-09  2.78615389e+00  8.52800000e-09  2.79981236e+00  8.52800000e-09  2.04579753e+00 
 8.62800000e-09  2.78607329e+00  8.62800000e-09  2.79977866e+00  8.62800000e-09  2.04683368e+00 
 8.72800000e-09  2.78599296e+00  8.72800000e-09  2.79974426e+00  8.72800000e-09  2.04784082e+00 
 8.82800000e-09  2.78591292e+00  8.82800000e-09  2.79970920e+00  8.82800000e-09  2.04881977e+00 
 8.92800000e-09  2.78583316e+00  8.92800000e-09  2.79967348e+00  8.92800000e-09  2.04977135e+00 
 9.02800000e-09  2.78575368e+00  9.02800000e-09  2.79963712e+00  9.02800000e-09  2.05069633e+00 
 9.12800000e-09  2.78567450e+00  9.12800000e-09  2.79960013e+00  9.12800000e-09  2.05159552e+00 
 9.22800000e-09  2.78559561e+00  9.22800000e-09  2.79956253e+00  9.22800000e-09  2.05246968e+00 
 9.32800000e-09  2.78551702e+00  9.32800000e-09  2.79952434e+00  9.32800000e-09  2.05331957e+00 
 9.42800000e-09  2.78543874e+00  9.42800000e-09  2.79948555e+00  9.42800000e-09  2.05414594e+00 
 9.52800000e-09  2.78536076e+00  9.52800000e-09  2.79944620e+00  9.52800000e-09  2.05494952e+00 
 9.62800000e-09  2.78528308e+00  9.62800000e-09  2.79940627e+00  9.62800000e-09  2.05573102e+00 
 9.72800000e-09  2.78520572e+00  9.72800000e-09  2.79936580e+00  9.72800000e-09  2.05649114e+00 
 9.82800000e-09  2.78512868e+00  9.82800000e-09  2.79932478e+00  9.82800000e-09  2.05723057e+00 
 9.92800000e-09  2.78505195e+00  9.92800000e-09  2.79928323e+00  9.92800000e-09  2.05794998e+00 
 1.00280000e-08  2.78497555e+00  1.00280000e-08  2.79924115e+00  1.00280000e-08  2.05865001e+00 
 1.01280000e-08  2.78489947e+00  1.01280000e-08  2.79919855e+00  1.01280000e-08  2.05933131e+00 
 1.02280000e-08  2.78482372e+00  1.02280000e-08  2.79915544e+00  1.02280000e-08  2.05999450e+00 
 1.03280000e-08  2.78474830e+00  1.03280000e-08  2.79911183e+00  1.03280000e-08  2.06064018e+00 
 1.04280000e-08  2.78467322e+00  1.04280000e-08  2.79906772e+00  1.04280000e-08  2.06126894e+00 
 1.05280000e-08  2.78459847e+00  1.05280000e-08  2.79902313e+00  1.05280000e-08  2.06188134e+00 
 1.06280000e-08  2.78452407e+00  1.06280000e-08  2.79897805e+00  1.06280000e-08  2.06247795e+00 
 1.07280000e-08  2.78445001e+00  1.07280000e-08  2.79893249e+00  1.07280000e-08  2.06305931e+00 
 1.08280000e-08  2.78437630e+00  1.08280000e-08  2.79888646e+00  1.08280000e-08  2.06362593e+00 
 1.09280000e-08  2.78430293e+00  1.09280000e-08  2.79883997e+00  1.09280000e-08  2.06417833e+00 
 1.10280000e-08  2.78422993e+00  1.10280000e-08  2.79879301e+00  1.10280000e-08  2.06471700e+00 
 1.11280000e-08  2.78415727e+00  1.11280000e-08  2.79874560e+00  1.11280000e-08  2.06524242e+00 
 1.12280000e-08  2.78408498e+00  1.12280000e-08  2.79869773e+00  1.12280000e-08  2.06575505e+00 
 1.13280000e-08  2.78401305e+00  1.13280000e-08  2.79864942e+00  1.13280000e-08  2.06625534e+00 
 1.14280000e-08  2.78394149e+00  1.14280000e-08  2.79860067e+00  1.14280000e-08  2.06674372e+00 
 1.15280000e-08  2.78387029e+00  1.15280000e-08  2.79855147e+00  1.15280000e-08  2.06722060e+00 
 1.16280000e-08  2.78379947e+00  1.16280000e-08  2.79850184e+00  1.16280000e-08  2.06768641e+00 
 1.17280000e-08  2.78372901e+00  1.17280000e-08  2.79845178e+00  1.17280000e-08  2.06814152e+00 
 1.18280000e-08  2.78365894e+00  1.18280000e-08  2.79840129e+00  1.18280000e-08  2.06858632e+00 
 1.19280000e-08  2.78358925e+00  1.19280000e-08  2.79835038e+00  1.19280000e-08  2.06902118e+00 
 1.20280000e-08  2.78351993e+00  1.20280000e-08  2.79829904e+00  1.20280000e-08  2.06944644e+00 
 1.21280000e-08  2.78345101e+00  1.21280000e-08  2.79824729e+00  1.21280000e-08  2.06986244e+00 
 1.22280000e-08  2.78338247e+00  1.22280000e-08  2.79819512e+00  1.22280000e-08  2.07026952e+00 
 1.23280000e-08  2.78331432e+00  1.23280000e-08  2.79814254e+00  1.23280000e-08  2.07066798e+00 
 1.24280000e-08  2.78324656e+00  1.24280000e-08  2.79808955e+00  1.24280000e-08  2.07105815e+00 
 1.25280000e-08  2.78317920e+00  1.25280000e-08  2.79803615e+00  1.25280000e-08  2.07144030e+00 
 1.26280000e-08  2.78311224e+00  1.26280000e-08  2.79798235e+00  1.26280000e-08  2.07181472e+00 
 1.27280000e-08  2.78304568e+00  1.27280000e-08  2.79792815e+00  1.27280000e-08  2.07218169e+00 
 1.28280000e-08  2.78297953e+00  1.28280000e-08  2.79787355e+00  1.28280000e-08  2.07254147e+00 
 1.29280000e-08  2.78291378e+00  1.29280000e-08  2.79781855e+00  1.29280000e-08  2.07289430e+00 
 1.30280000e-08  2.78284844e+00  1.30280000e-08  2.79776317e+00  1.30280000e-08  2.07324044e+00 
 1.31280000e-08  2.78278351e+00  1.31280000e-08  2.79770739e+00  1.31280000e-08  2.07358011e+00 
 1.32280000e-08  2.78271900e+00  1.32280000e-08  2.79765122e+00  1.32280000e-08  2.07391355e+00 
 1.33280000e-08  2.78265491e+00  1.33280000e-08  2.79759467e+00  1.33280000e-08  2.07424096e+00 
 1.34280000e-08  2.78259123e+00  1.34280000e-08  2.79753774e+00  1.34280000e-08  2.07456255e+00 
 1.35280000e-08  2.78252798e+00  1.35280000e-08  2.79748042e+00  1.35280000e-08  2.07487852e+00 
 1.36280000e-08  2.78246515e+00  1.36280000e-08  2.79742273e+00  1.36280000e-08  2.07518906e+00 
 1.37280000e-08  2.78240275e+00  1.37280000e-08  2.79736466e+00  1.37280000e-08  2.07549436e+00 
 1.38280000e-08  2.78234077e+00  1.38280000e-08  2.79730621e+00  1.38280000e-08  2.07579459e+00 
 1.39280000e-08  2.78227923e+00  1.39280000e-08  2.79724740e+00  1.39280000e-08  2.07608992e+00 
 1.40280000e-08  2.78221813e+00  1.40280000e-08  2.79718821e+00  1.40280000e-08  2.07638051e+00 
 1.41280000e-08  2.78215746e+00  1.41280000e-08  2.79712866e+00  1.41280000e-08  2.07666651e+00 
 1.42280000e-08  2.78209723e+00  1.42280000e-08  2.79706875e+00  1.42280000e-08  2.07694808e+00 
 1.43280000e-08  2.78203744e+00  1.43280000e-08  2.79700847e+00  1.43280000e-08  2.07722535e+00 
 1.44280000e-08  2.78197809e+00  1.44280000e-08  2.79694783e+00  1.44280000e-08  2.07749847e+00 
 1.45280000e-08  2.78191919e+00  1.45280000e-08  2.79688684e+00  1.45280000e-08  2.07776755e+00 
 1.46280000e-08  2.78186074e+00  1.46280000e-08  2.79682549e+00  1.46280000e-08  2.07803274e+00 
 1.47280000e-08  2.78180274e+00  1.47280000e-08  2.79676378e+00  1.47280000e-08  2.07829414e+00 
 1.48280000e-08  2.78174520e+00  1.48280000e-08  2.79670173e+00  1.48280000e-08  2.07855187e+00 
 1.49280000e-08  2.78168811e+00  1.49280000e-08  2.79663932e+00  1.49280000e-08  2.07880604e+00 
 1.50280000e-08  2.78163147e+00  1.50280000e-08  2.79657657e+00  1.50280000e-08  2.07905675e+00 
 1.51280000e-08  2.78157530e+00  1.51280000e-08  2.79651348e+00  1.51280000e-08  2.07930410e+00 
 1.52280000e-08  2.78151959e+00  1.52280000e-08  2.79645005e+00  1.52280000e-08  2.07954820e+00 
 1.53280000e-08  2.78146434e+00  1.53280000e-08  2.79638627e+00  1.53280000e-08  2.07978912e+00 
 1.54280000e-08  2.78140956e+00  1.54280000e-08  2.79632216e+00  1.54280000e-08  2.08002696e+00 
 1.55280000e-08  2.78135525e+00  1.55280000e-08  2.79625771e+00  1.55280000e-08  2.08026179e+00 
 1.56280000e-08  2.78130140e+00  1.56280000e-08  2.79619294e+00  1.56280000e-08  2.08049371e+00 
 1.57280000e-08  2.78124803e+00  1.57280000e-08  2.79612783e+00  1.57280000e-08  2.08072277e+00 
 1.58280000e-08  2.78119514e+00  1.58280000e-08  2.79606239e+00  1.58280000e-08  2.08094906e+00 
 1.59280000e-08  2.78114272e+00  1.59280000e-08  2.79599663e+00  1.59280000e-08  2.08117264e+00 
 1.60280000e-08  2.78109078e+00  1.60280000e-08  2.79593055e+00  1.60280000e-08  2.08139358e+00 
 1.61280000e-08  2.78103933e+00  1.61280000e-08  2.79586415e+00  1.61280000e-08  2.08161194e+00 
 1.62280000e-08  2.78098835e+00  1.62280000e-08  2.79579743e+00  1.62280000e-08  2.08182778e+00 
 1.63280000e-08  2.78093786e+00  1.63280000e-08  2.79573039e+00  1.63280000e-08  2.08204116e+00 
 1.64280000e-08  2.78088786e+00  1.64280000e-08  2.79566304e+00  1.64280000e-08  2.08225212e+00 
 1.65280000e-08  2.78083835e+00  1.65280000e-08  2.79559538e+00  1.65280000e-08  2.08246073e+00 
 1.66280000e-08  2.78078933e+00  1.66280000e-08  2.79552741e+00  1.66280000e-08  2.08266702e+00 
 1.67280000e-08  2.78074080e+00  1.67280000e-08  2.79545914e+00  1.67280000e-08  2.08287104e+00 
 1.68280000e-08  2.78069276e+00  1.68280000e-08  2.79539056e+00  1.68280000e-08  2.08307284e+00 
 1.69280000e-08  2.78064522e+00  1.69280000e-08  2.79532169e+00  1.69280000e-08  2.08327246e+00 
 1.70280000e-08  2.78059818e+00  1.70280000e-08  2.79525251e+00  1.70280000e-08  2.08346994e+00 
 1.71280000e-08  2.78055164e+00  1.71280000e-08  2.79518304e+00  1.71280000e-08  2.08366531e+00 
 1.72280000e-08  2.78050561e+00  1.72280000e-08  2.79511328e+00  1.72280000e-08  2.08385861e+00 
 1.73280000e-08  2.78046007e+00  1.73280000e-08  2.79504323e+00  1.73280000e-08  2.08404988e+00 
 1.74280000e-08  2.78041504e+00  1.74280000e-08  2.79497289e+00  1.74280000e-08  2.08423914e+00 
 1.75280000e-08  2.78037052e+00  1.75280000e-08  2.79490227e+00  1.75280000e-08  2.08442643e+00 
 1.76280000e-08  2.78032651e+00  1.76280000e-08  2.79483136e+00  1.76280000e-08  2.08461177e+00 
 1.77280000e-08  2.78028301e+00  1.77280000e-08  2.79476018e+00  1.77280000e-08  2.08479519e+00 
 1.78280000e-08  2.78024002e+00  1.78280000e-08  2.79468871e+00  1.78280000e-08  2.08497671e+00 
 1.79280000e-08  2.78019755e+00  1.79280000e-08  2.79461698e+00  1.79280000e-08  2.08515636e+00 
 1.80280000e-08  2.78015559e+00  1.80280000e-08  2.79454497e+00  1.80280000e-08  2.08533417e+00 
 1.81280000e-08  2.78011415e+00  1.81280000e-08  2.79447269e+00  1.81280000e-08  2.08551015e+00 
 1.82280000e-08  2.78007323e+00  1.82280000e-08  2.79440015e+00  1.82280000e-08  2.08568432e+00 
 1.83280000e-08  2.78003283e+00  1.83280000e-08  2.79432735e+00  1.83280000e-08  2.08585670e+00 
 1.84280000e-08  2.77999296e+00  1.84280000e-08  2.79425428e+00  1.84280000e-08  2.08602731e+00 
 1.85280000e-08  2.77995360e+00  1.85280000e-08  2.79418096e+00  1.85280000e-08  2.08619617e+00 
 1.86280000e-08  2.77991478e+00  1.86280000e-08  2.79410738e+00  1.86280000e-08  2.08636329e+00 
 1.87280000e-08  2.77987648e+00  1.87280000e-08  2.79403355e+00  1.87280000e-08  2.08652868e+00 
 1.88280000e-08  2.77983870e+00  1.88280000e-08  2.79395947e+00  1.88280000e-08  2.08669237e+00 
 1.89280000e-08  2.77980146e+00  1.89280000e-08  2.79388514e+00  1.89280000e-08  2.08685435e+00 
 1.90280000e-08  2.77976475e+00  1.90280000e-08  2.79381057e+00  1.90280000e-08  2.08701465e+00 
 1.91280000e-08  2.77972858e+00  1.91280000e-08  2.79373576e+00  1.91280000e-08  2.08717328e+00 
 1.92280000e-08  2.77969293e+00  1.92280000e-08  2.79366072e+00  1.92280000e-08  2.08733024e+00 
 1.93280000e-08  2.77965782e+00  1.93280000e-08  2.79358543e+00  1.93280000e-08  2.08748554e+00 
 1.94280000e-08  2.77962325e+00  1.94280000e-08  2.79350992e+00  1.94280000e-08  2.08763920e+00 
 1.95280000e-08  2.77958922e+00  1.95280000e-08  2.79343417e+00  1.95280000e-08  2.08779122e+00 
 1.96280000e-08  2.77955573e+00  1.96280000e-08  2.79335820e+00  1.96280000e-08  2.08794161e+00 
 1.97280000e-08  2.77952278e+00  1.97280000e-08  2.79328201e+00  1.97280000e-08  2.08809038e+00 
 1.98280000e-08  2.77949037e+00  1.98280000e-08  2.79320560e+00  1.98280000e-08  2.08823753e+00 
 1.99280000e-08  2.77945851e+00  1.99280000e-08  2.79312897e+00  1.99280000e-08  2.08838308e+00 
 2.00280000e-08  2.77942719e+00  2.00280000e-08  2.79305212e+00  2.00280000e-08  2.08852701e+00 
 2.01280000e-08  2.77939642e+00  2.01280000e-08  2.79297506e+00  2.01280000e-08  2.08866935e+00 
 2.02280000e-08  2.77936619e+00  2.02280000e-08  2.79289780e+00  2.02280000e-08  2.08881009e+00 
 2.03280000e-08  2.77933651e+00  2.03280000e-08  2.79282032e+00  2.03280000e-08  2.08894924e+00 
 2.04280000e-08  2.77930738e+00  2.04280000e-08  2.79274265e+00  2.04280000e-08  2.08908680e+00 
 2.05280000e-08  2.77927881e+00  2.05280000e-08  2.79266478e+00  2.05280000e-08  2.08922277e+00 
 2.06280000e-08  2.77925078e+00  2.06280000e-08  2.79258671e+00  2.06280000e-08  2.08935717e+00 
 2.07280000e-08  2.77922331e+00  2.07280000e-08  2.79250844e+00  2.07280000e-08  2.08948999e+00 
 2.08280000e-08  2.77919639e+00  2.08280000e-08  2.79242999e+00  2.08280000e-08  2.08962122e+00 
 2.09280000e-08  2.77917003e+00  2.09280000e-08  2.79235135e+00  2.09280000e-08  2.08975089e+00 
 2.10280000e-08  2.77914422e+00  2.10280000e-08  2.79227253e+00  2.10280000e-08  2.08987898e+00 
 2.11280000e-08  2.77911898e+00  2.11280000e-08  2.79219352e+00  2.11280000e-08  2.09000550e+00 
 2.12280000e-08  2.77909429e+00  2.12280000e-08  2.79211433e+00  2.12280000e-08  2.09013045e+00 
 2.13280000e-08  2.77907015e+00  2.13280000e-08  2.79203497e+00  2.13280000e-08  2.09025383e+00 
 2.14280000e-08  2.77904658e+00  2.14280000e-08  2.79195544e+00  2.14280000e-08  2.09037564e+00 
 2.15280000e-08  2.77902357e+00  2.15280000e-08  2.79187574e+00  2.15280000e-08  2.09049588e+00 
 2.16280000e-08  2.77900112e+00  2.16280000e-08  2.79179588e+00  2.16280000e-08  2.09061455e+00 
 2.17280000e-08  2.77897924e+00  2.17280000e-08  2.79171585e+00  2.17280000e-08  2.09073165e+00 
 2.18280000e-08  2.77895792e+00  2.18280000e-08  2.79163566e+00  2.18280000e-08  2.09084719e+00 
 2.19280000e-08  2.77893716e+00  2.19280000e-08  2.79155532e+00  2.19280000e-08  2.09096116e+00 
 2.20280000e-08  2.77891697e+00  2.20280000e-08  2.79147482e+00  2.20280000e-08  2.09107356e+00 
 2.21280000e-08  2.77889734e+00  2.21280000e-08  2.79139417e+00  2.21280000e-08  2.09118439e+00 
 2.22280000e-08  2.77887829e+00  2.22280000e-08  2.79131338e+00  2.22280000e-08  2.09129364e+00 
 2.23280000e-08  2.77885980e+00  2.23280000e-08  2.79123244e+00  2.23280000e-08  2.09140133e+00 
 2.24280000e-08  2.77884187e+00  2.24280000e-08  2.79115136e+00  2.24280000e-08  2.09150745e+00 
 2.25280000e-08  2.77882452e+00  2.25280000e-08  2.79107014e+00  2.25280000e-08  2.09161199e+00 
 2.26280000e-08  2.77880774e+00  2.26280000e-08  2.79098879e+00  2.26280000e-08  2.09171496e+00 
 2.27280000e-08  2.77879152e+00  2.27280000e-08  2.79090731e+00  2.27280000e-08  2.09181635e+00 
 2.28280000e-08  2.77877588e+00  2.28280000e-08  2.79082570e+00  2.28280000e-08  2.09191617e+00 
 2.29280000e-08  2.77876081e+00  2.29280000e-08  2.79074397e+00  2.29280000e-08  2.09201441e+00 
 2.30280000e-08  2.77874632e+00  2.30280000e-08  2.79066211e+00  2.30280000e-08  2.09211106e+00 
 2.31280000e-08  2.77873239e+00  2.31280000e-08  2.79058014e+00  2.31280000e-08  2.09220614e+00 
 2.32280000e-08  2.77871904e+00  2.32280000e-08  2.79049805e+00  2.32280000e-08  2.09229964e+00 
 2.33280000e-08  2.77870626e+00  2.33280000e-08  2.79041585e+00  2.33280000e-08  2.09239155e+00 
 2.34280000e-08  2.77869406e+00  2.34280000e-08  2.79033354e+00  2.34280000e-08  2.09248187e+00 
 2.35280000e-08  2.77868243e+00  2.35280000e-08  2.79025112e+00  2.35280000e-08  2.09257061e+00 
 2.36280000e-08  2.77867138e+00  2.36280000e-08  2.79016861e+00  2.36280000e-08  2.09265776e+00 
 2.37280000e-08  2.77866090e+00  2.37280000e-08  2.79008599e+00  2.37280000e-08  2.09274332e+00 
 2.38280000e-08  2.77865100e+00  2.38280000e-08  2.79000328e+00  2.38280000e-08  2.09282728e+00 
 2.39280000e-08  2.77864168e+00  2.39280000e-08  2.78992048e+00  2.39280000e-08  2.09290965e+00 
 2.40280000e-08  2.77863293e+00  2.40280000e-08  2.78983758e+00  2.40280000e-08  2.09299043e+00 
 2.41280000e-08  2.77862476e+00  2.41280000e-08  2.78975461e+00  2.41280000e-08  2.09306961e+00 
 2.42280000e-08  2.77861717e+00  2.42280000e-08  2.78967154e+00  2.42280000e-08  2.09314718e+00 
 2.43280000e-08  2.77861015e+00  2.43280000e-08  2.78958840e+00  2.43280000e-08  2.09322316e+00 
 2.44280000e-08  2.77860372e+00  2.44280000e-08  2.78950519e+00  2.44280000e-08  2.09329753e+00 
 2.45280000e-08  2.77859786e+00  2.45280000e-08  2.78942190e+00  2.45280000e-08  2.09337029e+00 
 2.46280000e-08  2.77859258e+00  2.46280000e-08  2.78933854e+00  2.46280000e-08  2.09344145e+00 
 2.47280000e-08  2.77858788e+00  2.47280000e-08  2.78925512e+00  2.47280000e-08  2.09351100e+00 
 2.48280000e-08  2.77858376e+00  2.48280000e-08  2.78917163e+00  2.48280000e-08  2.09357894e+00 
 2.49280000e-08  2.77858022e+00  2.49280000e-08  2.78908808e+00  2.49280000e-08  2.09364527e+00 
 2.50280000e-08  2.77857726e+00  2.50280000e-08  2.78900448e+00  2.50280000e-08  2.09370998e+00 
 2.51280000e-08  2.77857488e+00  2.51280000e-08  2.78892082e+00  2.51280000e-08  2.09377308e+00 
 2.52280000e-08  2.77857307e+00  2.52280000e-08  2.78883711e+00  2.52280000e-08  2.09383456e+00 
 2.53280000e-08  2.77857185e+00  2.53280000e-08  2.78875336e+00  2.53280000e-08  2.09389442e+00 
 2.54280000e-08  2.77857121e+00  2.54280000e-08  2.78866956e+00  2.54280000e-08  2.09395266e+00 
 2.55280000e-08  2.77857114e+00  2.55280000e-08  2.78858572e+00  2.55280000e-08  2.09400928e+00 
 2.56280000e-08  2.77857166e+00  2.56280000e-08  2.78850185e+00  2.56280000e-08  2.09406427e+00 
 2.57280000e-08  2.77857275e+00  2.57280000e-08  2.78841794e+00  2.57280000e-08  2.09411764e+00 
 2.58280000e-08  2.77857443e+00  2.58280000e-08  2.78833401e+00  2.58280000e-08  2.09416938e+00 
 2.59280000e-08  2.77857668e+00  2.59280000e-08  2.78825004e+00  2.59280000e-08  2.09421949e+00 
 2.60280000e-08  2.77857952e+00  2.60280000e-08  2.78816606e+00  2.60280000e-08  2.09426797e+00 
 2.61280000e-08  2.77858293e+00  2.61280000e-08  2.78808205e+00  2.61280000e-08  2.09431482e+00 
 2.62280000e-08  2.77858693e+00  2.62280000e-08  2.78799803e+00  2.62280000e-08  2.09436004e+00 
 2.63280000e-08  2.77859150e+00  2.63280000e-08  2.78791399e+00  2.63280000e-08  2.09440362e+00 
 2.64280000e-08  2.77859665e+00  2.64280000e-08  2.78782994e+00  2.64280000e-08  2.09444557e+00 
 2.65280000e-08  2.77860238e+00  2.65280000e-08  2.78774589e+00  2.65280000e-08  2.09448588e+00 
 2.66280000e-08  2.77860869e+00  2.66280000e-08  2.78766183e+00  2.66280000e-08  2.09452455e+00 
 2.67280000e-08  2.77861558e+00  2.67280000e-08  2.78757777e+00  2.67280000e-08  2.09456158e+00 
 2.68280000e-08  2.77862304e+00  2.68280000e-08  2.78749371e+00  2.68280000e-08  2.09459697e+00 
 2.69280000e-08  2.77863108e+00  2.69280000e-08  2.78740966e+00  2.69280000e-08  2.09463072e+00 
 2.70280000e-08  2.77863970e+00  2.70280000e-08  2.78732562e+00  2.70280000e-08  2.09466283e+00 
 2.71280000e-08  2.77864890e+00  2.71280000e-08  2.78724160e+00  2.71280000e-08  2.09469329e+00 
 2.72280000e-08  2.77865868e+00  2.72280000e-08  2.78715759e+00  2.72280000e-08  2.09472211e+00 
 2.73280000e-08  2.77866903e+00  2.73280000e-08  2.78707360e+00  2.73280000e-08  2.09474929e+00 
 2.74280000e-08  2.77867995e+00  2.74280000e-08  2.78698963e+00  2.74280000e-08  2.09477482e+00 
 2.75280000e-08  2.77869145e+00  2.75280000e-08  2.78690569e+00  2.75280000e-08  2.09479870e+00 
 2.76280000e-08  2.77870353e+00  2.76280000e-08  2.78682177e+00  2.76280000e-08  2.09482093e+00 
 2.77280000e-08  2.77871618e+00  2.77280000e-08  2.78673789e+00  2.77280000e-08  2.09484152e+00 
 2.78280000e-08  2.77872941e+00  2.78280000e-08  2.78665405e+00  2.78280000e-08  2.09486046e+00 
 2.79280000e-08  2.77874321e+00  2.79280000e-08  2.78657024e+00  2.79280000e-08  2.09487775e+00 
 2.80280000e-08  2.77875758e+00  2.80280000e-08  2.78648648e+00  2.80280000e-08  2.09489338e+00 
 2.81280000e-08  2.77877252e+00  2.81280000e-08  2.78640277e+00  2.81280000e-08  2.09490737e+00 
 2.82280000e-08  2.77878804e+00  2.82280000e-08  2.78631910e+00  2.82280000e-08  2.09491971e+00 
 2.83280000e-08  2.77880413e+00  2.83280000e-08  2.78623548e+00  2.83280000e-08  2.09493039e+00 
 2.84280000e-08  2.77882079e+00  2.84280000e-08  2.78615192e+00  2.84280000e-08  2.09493943e+00 
 2.85280000e-08  2.77883801e+00  2.85280000e-08  2.78606843e+00  2.85280000e-08  2.09494681e+00 
 2.86280000e-08  2.77885581e+00  2.86280000e-08  2.78598499e+00  2.86280000e-08  2.09495254e+00 
 2.87280000e-08  2.77887418e+00  2.87280000e-08  2.78590162e+00  2.87280000e-08  2.09495661e+00 
 2.88280000e-08  2.77889311e+00  2.88280000e-08  2.78581831e+00  2.88280000e-08  2.09495904e+00 
 2.89280000e-08  2.77891261e+00  2.89280000e-08  2.78573508e+00  2.89280000e-08  2.09495981e+00 
 2.90280000e-08  2.77893268e+00  2.90280000e-08  2.78565193e+00  2.90280000e-08  2.09495894e+00 
 2.91280000e-08  2.77895331e+00  2.91280000e-08  2.78556885e+00  2.91280000e-08  2.09495640e+00 
 2.92280000e-08  2.77897451e+00  2.92280000e-08  2.78548586e+00  2.92280000e-08  2.09495222e+00 
 2.93280000e-08  2.77899627e+00  2.93280000e-08  2.78540295e+00  2.93280000e-08  2.09494639e+00 
 2.94280000e-08  2.77901860e+00  2.94280000e-08  2.78532013e+00  2.94280000e-08  2.09493890e+00 
 2.95280000e-08  2.77904148e+00  2.95280000e-08  2.78523740e+00  2.95280000e-08  2.09492977e+00 
 2.96280000e-08  2.77906493e+00  2.96280000e-08  2.78515477e+00  2.96280000e-08  2.09491898e+00 
 2.97280000e-08  2.77908894e+00  2.97280000e-08  2.78507223e+00  2.97280000e-08  2.09490654e+00 
 2.98280000e-08  2.77911351e+00  2.98280000e-08  2.78498980e+00  2.98280000e-08  2.09489245e+00 
 2.99280000e-08  2.77913864e+00  2.99280000e-08  2.78490747e+00  2.99280000e-08  2.09487672e+00 
 3.00280000e-08  2.77916432e+00  3.00280000e-08  2.78482525e+00  3.00280000e-08  2.09485933e+00 
 3.01280000e-08  2.77919056e+00  3.01280000e-08  2.78474314e+00  3.01280000e-08  2.09484030e+00 
 3.02280000e-08  2.77921736e+00  3.02280000e-08  2.78466114e+00  3.02280000e-08  2.09481962e+00 
 3.03280000e-08  2.77924471e+00  3.03280000e-08  2.78457927e+00  3.03280000e-08  2.09479729e+00 
 3.04280000e-08  2.77927261e+00  3.04280000e-08  2.78449751e+00  3.04280000e-08  2.09477332e+00 
 3.05280000e-08  2.77930107e+00  3.05280000e-08  2.78441588e+00  3.05280000e-08  2.09474771e+00 
 3.06280000e-08  2.77933008e+00  3.06280000e-08  2.78433437e+00  3.06280000e-08  2.09472045e+00 
 3.07280000e-08  2.77935963e+00  3.07280000e-08  2.78425300e+00  3.07280000e-08  2.09469155e+00 
 3.08280000e-08  2.77938974e+00  3.08280000e-08  2.78417176e+00  3.08280000e-08  2.09466100e+00 
 3.09280000e-08  2.77942039e+00  3.09280000e-08  2.78409065e+00  3.09280000e-08  2.09462882e+00 
 3.10280000e-08  2.77945159e+00  3.10280000e-08  2.78400969e+00  3.10280000e-08  2.09459500e+00 
 3.11280000e-08  2.77948334e+00  3.11280000e-08  2.78392887e+00  3.11280000e-08  2.09455954e+00 
 3.12280000e-08  2.77951563e+00  3.12280000e-08  2.78384820e+00  3.12280000e-08  2.09452244e+00 
 3.13280000e-08  2.77954846e+00  3.13280000e-08  2.78376768e+00  3.13280000e-08  2.09448371e+00 
 3.14280000e-08  2.77958184e+00  3.14280000e-08  2.78368731e+00  3.14280000e-08  2.09444335e+00 
 3.15280000e-08  2.77961575e+00  3.15280000e-08  2.78360709e+00  3.15280000e-08  2.09440135e+00 
 3.16280000e-08  2.77965020e+00  3.16280000e-08  2.78352704e+00  3.16280000e-08  2.09435772e+00 
 3.17280000e-08  2.77968519e+00  3.17280000e-08  2.78344714e+00  3.17280000e-08  2.09431247e+00 
 3.18280000e-08  2.77972072e+00  3.18280000e-08  2.78336742e+00  3.18280000e-08  2.09426558e+00 
 3.19280000e-08  2.77975678e+00  3.19280000e-08  2.78328786e+00  3.19280000e-08  2.09421708e+00 
 3.20280000e-08  2.77979337e+00  3.20280000e-08  2.78320847e+00  3.20280000e-08  2.09416695e+00 
 3.21280000e-08  2.77983050e+00  3.21280000e-08  2.78312926e+00  3.21280000e-08  2.09411519e+00 
 3.22280000e-08  2.77986815e+00  3.22280000e-08  2.78305023e+00  3.22280000e-08  2.09406182e+00 
 3.23280000e-08  2.77990634e+00  3.23280000e-08  2.78297137e+00  3.23280000e-08  2.09400683e+00 
 3.24280000e-08  2.77994505e+00  3.24280000e-08  2.78289270e+00  3.24280000e-08  2.09395022e+00 
 3.25280000e-08  2.77998429e+00  3.25280000e-08  2.78281422e+00  3.25280000e-08  2.09389200e+00 
 3.26280000e-08  2.78002405e+00  3.26280000e-08  2.78273593e+00  3.26280000e-08  2.09383217e+00 
 3.27280000e-08  2.78006434e+00  3.27280000e-08  2.78265784e+00  3.27280000e-08  2.09377073e+00 
 3.28280000e-08  2.78010514e+00  3.28280000e-08  2.78257994e+00  3.28280000e-08  2.09370769e+00 
 3.29280000e-08  2.78014647e+00  3.29280000e-08  2.78250224e+00  3.29280000e-08  2.09364304e+00 
 3.30280000e-08  2.78018831e+00  3.30280000e-08  2.78242474e+00  3.30280000e-08  2.09357679e+00 
 3.31280000e-08  2.78023067e+00  3.31280000e-08  2.78234745e+00  3.31280000e-08  2.09350893e+00 
 3.32280000e-08  2.78027355e+00  3.32280000e-08  2.78227036e+00  3.32280000e-08  2.09343948e+00 
 3.33280000e-08  2.78031693e+00  3.33280000e-08  2.78219349e+00  3.33280000e-08  2.09336844e+00 
 3.34280000e-08  2.78036083e+00  3.34280000e-08  2.78211684e+00  3.34280000e-08  2.09329581e+00 
 3.35280000e-08  2.78040524e+00  3.35280000e-08  2.78204040e+00  3.35280000e-08  2.09322158e+00 
 3.36280000e-08  2.78045016e+00  3.36280000e-08  2.78196418e+00  3.36280000e-08  2.09314577e+00 
 3.37280000e-08  2.78049558e+00  3.37280000e-08  2.78188819e+00  3.37280000e-08  2.09306838e+00 
 3.38280000e-08  2.78054151e+00  3.38280000e-08  2.78181242e+00  3.38280000e-08  2.09298941e+00 
 3.39280000e-08  2.78058793e+00  3.39280000e-08  2.78173689e+00  3.39280000e-08  2.09290885e+00 
 3.40280000e-08  2.78063486e+00  3.40280000e-08  2.78166158e+00  3.40280000e-08  2.09282673e+00 
 3.41280000e-08  2.78068229e+00  3.41280000e-08  2.78158652e+00  3.41280000e-08  2.09274303e+00 
 3.42280000e-08  2.78073022e+00  3.42280000e-08  2.78151169e+00  3.42280000e-08  2.09265777e+00 
 3.43280000e-08  2.78077864e+00  3.43280000e-08  2.78143710e+00  3.43280000e-08  2.09257094e+00 
 3.44280000e-08  2.78082755e+00  3.44280000e-08  2.78136276e+00  3.44280000e-08  2.09248254e+00 
 3.45280000e-08  2.78087695e+00  3.45280000e-08  2.78128867e+00  3.45280000e-08  2.09239259e+00 
 3.46280000e-08  2.78092685e+00  3.46280000e-08  2.78121482e+00  3.46280000e-08  2.09230109e+00 
 3.47280000e-08  2.78097723e+00  3.47280000e-08  2.78114123e+00  3.47280000e-08  2.09220803e+00 
 3.48280000e-08  2.78102809e+00  3.48280000e-08  2.78106790e+00  3.48280000e-08  2.09211342e+00 
 3.49280000e-08  2.78107944e+00  3.49280000e-08  2.78099483e+00  3.49280000e-08  2.09201727e+00 
 3.50280000e-08  2.78113127e+00  3.50280000e-08  2.78092202e+00  3.50280000e-08  2.09191958e+00 
 3.51280000e-08  2.78118358e+00  3.51280000e-08  2.78084947e+00  3.51280000e-08  2.09182036e+00 
 3.52280000e-08  2.78123637e+00  3.52280000e-08  2.78077719e+00  3.52280000e-08  2.09171959e+00 
 3.53280000e-08  2.78128963e+00  3.53280000e-08  2.78070518e+00  3.53280000e-08  2.09161730e+00 
 3.54280000e-08  2.78134337e+00  3.54280000e-08  2.78063345e+00  3.54280000e-08  2.09151348e+00 
 3.55280000e-08  2.78139757e+00  3.55280000e-08  2.78056199e+00  3.55280000e-08  2.09140814e+00 
 3.56280000e-08  2.78145225e+00  3.56280000e-08  2.78049081e+00  3.56280000e-08  2.09130128e+00 
 3.57280000e-08  2.78150739e+00  3.57280000e-08  2.78041992e+00  3.57280000e-08  2.09119291e+00 
 3.58280000e-08  2.78156299e+00  3.58280000e-08  2.78034931e+00  3.58280000e-08  2.09108303e+00 
 3.59280000e-08  2.78161906e+00  3.59280000e-08  2.78027898e+00  3.59280000e-08  2.09097164e+00 
 3.60280000e-08  2.78167559e+00  3.60280000e-08  2.78020895e+00  3.60280000e-08  2.09085875e+00 
 3.61280000e-08  2.78173257e+00  3.61280000e-08  2.78013921e+00  3.61280000e-08  2.09074436e+00 
 3.62280000e-08  2.78179001e+00  3.62280000e-08  2.78006977e+00  3.62280000e-08  2.09062848e+00 
 3.63280000e-08  2.78184791e+00  3.63280000e-08  2.78000062e+00  3.63280000e-08  2.09051111e+00 
 3.64280000e-08  2.78190625e+00  3.64280000e-08  2.77993178e+00  3.64280000e-08  2.09039226e+00 
 3.65280000e-08  2.78196505e+00  3.65280000e-08  2.77986324e+00  3.65280000e-08  2.09027192e+00 
 3.66280000e-08  2.78202429e+00  3.66280000e-08  2.77979501e+00  3.66280000e-08  2.09015011e+00 
 3.67280000e-08  2.78208397e+00  3.67280000e-08  2.77972708e+00  3.67280000e-08  2.09002683e+00 
 3.68280000e-08  2.78214410e+00  3.68280000e-08  2.77965947e+00  3.68280000e-08  2.08990209e+00 
 3.69280000e-08  2.78220466e+00  3.69280000e-08  2.77959218e+00  3.69280000e-08  2.08977588e+00 
 3.70280000e-08  2.78226567e+00  3.70280000e-08  2.77952520e+00  3.70280000e-08  2.08964822e+00 
 3.71280000e-08  2.78232710e+00  3.71280000e-08  2.77945854e+00  3.71280000e-08  2.08951910e+00 
 3.72280000e-08  2.78238897e+00  3.72280000e-08  2.77939221e+00  3.72280000e-08  2.08938854e+00 
 3.73280000e-08  2.78245127e+00  3.73280000e-08  2.77932620e+00  3.73280000e-08  2.08925653e+00 
 3.74280000e-08  2.78251400e+00  3.74280000e-08  2.77926052e+00  3.74280000e-08  2.08912309e+00 
 3.75280000e-08  2.78257715e+00  3.75280000e-08  2.77919517e+00  3.75280000e-08  2.08898821e+00 
 3.76280000e-08  2.78264072e+00  3.76280000e-08  2.77913016e+00  3.76280000e-08  2.08885191e+00 
 3.77280000e-08  2.78270472e+00  3.77280000e-08  2.77906548e+00  3.77280000e-08  2.08871419e+00 
 3.78280000e-08  2.78276913e+00  3.78280000e-08  2.77900113e+00  3.78280000e-08  2.08857505e+00 
 3.79280000e-08  2.78283395e+00  3.79280000e-08  2.77893713e+00  3.79280000e-08  2.08843450e+00 
 3.80280000e-08  2.78289919e+00  3.80280000e-08  2.77887348e+00  3.80280000e-08  2.08829254e+00 
 3.81280000e-08  2.78296484e+00  3.81280000e-08  2.77881016e+00  3.81280000e-08  2.08814918e+00 
 3.82280000e-08  2.78303089e+00  3.82280000e-08  2.77874720e+00  3.82280000e-08  2.08800443e+00 
 3.83280000e-08  2.78309735e+00  3.83280000e-08  2.77868459e+00  3.83280000e-08  2.08785828e+00 
 3.84280000e-08  2.78316421e+00  3.84280000e-08  2.77862233e+00  3.84280000e-08  2.08771076e+00 
 3.85280000e-08  2.78323147e+00  3.85280000e-08  2.77856043e+00  3.85280000e-08  2.08756185e+00 
 3.86280000e-08  2.78329913e+00  3.86280000e-08  2.77849889e+00  3.86280000e-08  2.08741157e+00 
 3.87280000e-08  2.78336718e+00  3.87280000e-08  2.77843771e+00  3.87280000e-08  2.08725993e+00 
 3.88280000e-08  2.78343562e+00  3.88280000e-08  2.77837689e+00  3.88280000e-08  2.08710692e+00 
 3.89280000e-08  2.78350445e+00  3.89280000e-08  2.77831643e+00  3.89280000e-08  2.08695256e+00 
 3.90280000e-08  2.78357367e+00  3.90280000e-08  2.77825635e+00  3.90280000e-08  2.08679685e+00 
 3.91280000e-08  2.78364327e+00  3.91280000e-08  2.77819664e+00  3.91280000e-08  2.08663979e+00 
 3.92280000e-08  2.78371325e+00  3.92280000e-08  2.77813729e+00  3.92280000e-08  2.08648140e+00 
 3.93280000e-08  2.78378360e+00  3.93280000e-08  2.77807833e+00  3.93280000e-08  2.08632167e+00 
 3.94280000e-08  2.78385433e+00  3.94280000e-08  2.77801974e+00  3.94280000e-08  2.08616062e+00 
 3.95280000e-08  2.78392544e+00  3.95280000e-08  2.77796153e+00  3.95280000e-08  2.08599825e+00 
 3.96280000e-08  2.78399691e+00  3.96280000e-08  2.77790370e+00  3.96280000e-08  2.08583456e+00 
 3.97280000e-08  2.78406875e+00  3.97280000e-08  2.77784626e+00  3.97280000e-08  2.08566957e+00 
 3.98280000e-08  2.78414095e+00  3.98280000e-08  2.77778921e+00  3.98280000e-08  2.08550328e+00 
 3.99280000e-08  2.78421352e+00  3.99280000e-08  2.77773254e+00  3.99280000e-08  2.08533569e+00 
 4.00280000e-08  2.78428644e+00  4.00280000e-08  2.77767627e+00  4.00280000e-08  2.08516682e+00 
 4.01280000e-08  2.78435972e+00  4.01280000e-08  2.77762039e+00  4.01280000e-08  2.08499666e+00 
 4.02280000e-08  2.78443334e+00  4.02280000e-08  2.77756490e+00  4.02280000e-08  2.08482523e+00 
 4.03280000e-08  2.78450732e+00  4.03280000e-08  2.77750981e+00  4.03280000e-08  2.08465253e+00 
 4.04280000e-08  2.78458165e+00  4.04280000e-08  2.77745513e+00  4.04280000e-08  2.08447857e+00 
 4.05280000e-08  2.78465631e+00  4.05280000e-08  2.77740084e+00  4.05280000e-08  2.08430335e+00 
 4.06280000e-08  2.78473132e+00  4.06280000e-08  2.77734696e+00  4.06280000e-08  2.08412689e+00 
 4.07280000e-08  2.78480667e+00  4.07280000e-08  2.77729349e+00  4.07280000e-08  2.08394918e+00 
 4.08280000e-08  2.78488235e+00  4.08280000e-08  2.77724042e+00  4.08280000e-08  2.08377024e+00 
 4.09280000e-08  2.78495836e+00  4.09280000e-08  2.77718777e+00  4.09280000e-08  2.08359007e+00 
 4.10280000e-08  2.78503470e+00  4.10280000e-08  2.77713553e+00  4.10280000e-08  2.08340867e+00 
 4.11280000e-08  2.78511136e+00  4.11280000e-08  2.77708370e+00  4.11280000e-08  2.08322607e+00 
 4.12280000e-08  2.78518835e+00  4.12280000e-08  2.77703229e+00  4.12280000e-08  2.08304225e+00 
 4.13280000e-08  2.78526566e+00  4.13280000e-08  2.77698130e+00  4.13280000e-08  2.08285724e+00 
 4.14280000e-08  2.78534328e+00  4.14280000e-08  2.77693073e+00  4.14280000e-08  2.08267103e+00 
 4.15280000e-08  2.78542122e+00  4.15280000e-08  2.77688059e+00  4.15280000e-08  2.08248364e+00 
 4.16280000e-08  2.78549947e+00  4.16280000e-08  2.77683087e+00  4.16280000e-08  2.08229507e+00 
 4.17280000e-08  2.78557802e+00  4.17280000e-08  2.77678157e+00  4.17280000e-08  2.08210533e+00 
 4.18280000e-08  2.78565688e+00  4.18280000e-08  2.77673271e+00  4.18280000e-08  2.08191442e+00 
 4.19280000e-08  2.78573604e+00  4.19280000e-08  2.77668428e+00  4.19280000e-08  2.08172236e+00 
 4.20280000e-08  2.78581550e+00  4.20280000e-08  2.77663628e+00  4.20280000e-08  2.08152915e+00 
 4.21280000e-08  2.78589525e+00  4.21280000e-08  2.77658871e+00  4.21280000e-08  2.08133479e+00 
 4.22280000e-08  2.78597529e+00  4.22280000e-08  2.77654158e+00  4.22280000e-08  2.08113930e+00 
 4.23280000e-08  2.78605562e+00  4.23280000e-08  2.77649489e+00  4.23280000e-08  2.08094269e+00 
 4.24280000e-08  2.78613624e+00  4.24280000e-08  2.77644864e+00  4.24280000e-08  2.08074496e+00 
 4.25280000e-08  2.78621714e+00  4.25280000e-08  2.77640284e+00  4.25280000e-08  2.08054611e+00 
 4.26280000e-08  2.78629832e+00  4.26280000e-08  2.77635747e+00  4.26280000e-08  2.08034616e+00 
 4.27280000e-08  2.78637977e+00  4.27280000e-08  2.77631256e+00  4.27280000e-08  2.08014511e+00 
 4.28280000e-08  2.78646150e+00  4.28280000e-08  2.77626809e+00  4.28280000e-08  2.07994298e+00 
 4.29280000e-08  2.78654349e+00  4.29280000e-08  2.77622407e+00  4.29280000e-08  2.07973977e+00 
 4.30280000e-08  2.78662575e+00  4.30280000e-08  2.77618050e+00  4.30280000e-08  2.07953548e+00 
 4.31280000e-08  2.78670828e+00  4.31280000e-08  2.77613738e+00  4.31280000e-08  2.07933013e+00 
 4.32280000e-08  2.78679106e+00  4.32280000e-08  2.77609472e+00  4.32280000e-08  2.07912372e+00 
 4.33280000e-08  2.78687410e+00  4.33280000e-08  2.77605252e+00  4.33280000e-08  2.07891626e+00 
 4.34280000e-08  2.78695740e+00  4.34280000e-08  2.77601077e+00  4.34280000e-08  2.07870776e+00 
 4.35280000e-08  2.78704094e+00  4.35280000e-08  2.77596948e+00  4.35280000e-08  2.07849823e+00 
 4.36280000e-08  2.78712473e+00  4.36280000e-08  2.77592866e+00  4.36280000e-08  2.07828768e+00 
 4.37280000e-08  2.78720876e+00  4.37280000e-08  2.77588830e+00  4.37280000e-08  2.07807611e+00 
 4.38280000e-08  2.78729303e+00  4.38280000e-08  2.77584840e+00  4.38280000e-08  2.07786353e+00 
 4.39280000e-08  2.78737754e+00  4.39280000e-08  2.77580897e+00  4.39280000e-08  2.07764995e+00 
 4.40280000e-08  2.78746228e+00  4.40280000e-08  2.77577000e+00  4.40280000e-08  2.07743538e+00 
 4.41280000e-08  2.78754725e+00  4.41280000e-08  2.77573151e+00  4.41280000e-08  2.07721983e+00 
 4.42280000e-08  2.78763245e+00  4.42280000e-08  2.77569349e+00  4.42280000e-08  2.07700330e+00 
 4.43280000e-08  2.78771787e+00  4.43280000e-08  2.77565594e+00  4.43280000e-08  2.07678581e+00 
 4.44280000e-08  2.78780351e+00  4.44280000e-08  2.77561886e+00  4.44280000e-08  2.07656736e+00 
 4.45280000e-08  2.78788936e+00  4.45280000e-08  2.77558226e+00  4.45280000e-08  2.07634796e+00 
 4.46280000e-08  2.78797543e+00  4.46280000e-08  2.77554613e+00  4.46280000e-08  2.07612762e+00 
 4.47280000e-08  2.78806171e+00  4.47280000e-08  2.77551048e+00  4.47280000e-08  2.07590635e+00 
 4.48280000e-08  2.78814819e+00  4.48280000e-08  2.77547532e+00  4.48280000e-08  2.07568416e+00 
 4.49280000e-08  2.78823488e+00  4.49280000e-08  2.77544063e+00  4.49280000e-08  2.07546105e+00 
 4.50280000e-08  2.78832177e+00  4.50280000e-08  2.77540643e+00  4.50280000e-08  2.07523703e+00 
 4.51280000e-08  2.78840885e+00  4.51280000e-08  2.77537271e+00  4.51280000e-08  2.07501212e+00 
 4.52280000e-08  2.78849612e+00  4.52280000e-08  2.77533947e+00  4.52280000e-08  2.07478632e+00 
 4.53280000e-08  2.78858359e+00  4.53280000e-08  2.77530673e+00  4.53280000e-08  2.07455964e+00 
 4.54280000e-08  2.78867124e+00  4.54280000e-08  2.77527447e+00  4.54280000e-08  2.07433209e+00 
 4.55280000e-08  2.78875907e+00  4.55280000e-08  2.77524269e+00  4.55280000e-08  2.07410368e+00 
 4.56280000e-08  2.78884708e+00  4.56280000e-08  2.77521141e+00  4.56280000e-08  2.07387441e+00 
 4.57280000e-08  2.78893526e+00  4.57280000e-08  2.77518062e+00  4.57280000e-08  2.07364431e+00 
 4.58280000e-08  2.78902362e+00  4.58280000e-08  2.77515033e+00  4.58280000e-08  2.07341337e+00 
 4.59280000e-08  2.78911214e+00  4.59280000e-08  2.77512053e+00  4.59280000e-08  2.07318160e+00 
 4.60280000e-08  2.78920083e+00  4.60280000e-08  2.77509122e+00  4.60280000e-08  2.07294902e+00 
 4.61280000e-08  2.78928968e+00  4.61280000e-08  2.77506241e+00  4.61280000e-08  2.07271563e+00 
 4.62280000e-08  2.78937869e+00  4.62280000e-08  2.77503409e+00  4.62280000e-08  2.07248144e+00 
 4.63280000e-08  2.78946785e+00  4.63280000e-08  2.77500628e+00  4.63280000e-08  2.07224646e+00 
 4.64280000e-08  2.78955716e+00  4.64280000e-08  2.77497897e+00  4.64280000e-08  2.07201070e+00 
 4.65280000e-08  2.78964662e+00  4.65280000e-08  2.77495215e+00  4.65280000e-08  2.07177418e+00 
 4.66280000e-08  2.78973622e+00  4.66280000e-08  2.77492584e+00  4.66280000e-08  2.07153689e+00 
 4.67280000e-08  2.78982596e+00  4.67280000e-08  2.77490003e+00  4.67280000e-08  2.07129885e+00 
 4.68280000e-08  2.78991584e+00  4.68280000e-08  2.77487473e+00  4.68280000e-08  2.07106007e+00 
 4.69280000e-08  2.79000585e+00  4.69280000e-08  2.77484993e+00  4.69280000e-08  2.07082056e+00 
 4.70280000e-08  2.79009599e+00  4.70280000e-08  2.77482563e+00  4.70280000e-08  2.07058032e+00 
 4.71280000e-08  2.79018626e+00  4.71280000e-08  2.77480184e+00  4.71280000e-08  2.07033937e+00 
 4.72280000e-08  2.79027665e+00  4.72280000e-08  2.77477857e+00  4.72280000e-08  2.07009772e+00 
 4.73280000e-08  2.79036715e+00  4.73280000e-08  2.77475580e+00  4.73280000e-08  2.06985537e+00 
 4.74280000e-08  2.79045778e+00  4.74280000e-08  2.77473353e+00  4.74280000e-08  2.06961234e+00 
 4.75280000e-08  2.79054851e+00  4.75280000e-08  2.77471178e+00  4.75280000e-08  2.06936863e+00 
 4.76280000e-08  2.79063935e+00  4.76280000e-08  2.77469055e+00  4.76280000e-08  2.06912426e+00 
 4.77280000e-08  2.79073030e+00  4.77280000e-08  2.77466982e+00  4.77280000e-08  2.06887923e+00 
 4.78280000e-08  2.79082134e+00  4.78280000e-08  2.77464961e+00  4.78280000e-08  2.06863355e+00 
 4.79280000e-08  2.79091248e+00  4.79280000e-08  2.77462991e+00  4.79280000e-08  2.06838724e+00 
 4.80280000e-08  2.79100372e+00  4.80280000e-08  2.77461073e+00  4.80280000e-08  2.06814030e+00 
 4.81280000e-08  2.79109505e+00  4.81280000e-08  2.77459206e+00  4.81280000e-08  2.06789275e+00 
 4.82280000e-08  2.79118646e+00  4.82280000e-08  2.77457390e+00  4.82280000e-08  2.06764458e+00 
 4.83280000e-08  2.79127796e+00  4.83280000e-08  2.77455627e+00  4.83280000e-08  2.06739582e+00 
 4.84280000e-08  2.79136953e+00  4.84280000e-08  2.77453915e+00  4.84280000e-08  2.06714648e+00 
 4.85280000e-08  2.79146118e+00  4.85280000e-08  2.77452255e+00  4.85280000e-08  2.06689655e+00 
 4.86280000e-08  2.79155290e+00  4.86280000e-08  2.77450647e+00  4.86280000e-08  2.06664606e+00 
 4.87280000e-08  2.79164469e+00  4.87280000e-08  2.77449091e+00  4.87280000e-08  2.06639501e+00 
 4.88280000e-08  2.79173654e+00  4.88280000e-08  2.77447587e+00  4.88280000e-08  2.06614341e+00 
 4.89280000e-08  2.79182846e+00  4.89280000e-08  2.77446135e+00  4.89280000e-08  2.06589128e+00 
 4.90280000e-08  2.79192043e+00  4.90280000e-08  2.77444736e+00  4.90280000e-08  2.06563862e+00 
 4.91280000e-08  2.79201246e+00  4.91280000e-08  2.77443388e+00  4.91280000e-08  2.06538544e+00 
 4.92280000e-08  2.79210453e+00  4.92280000e-08  2.77442093e+00  4.92280000e-08  2.06513175e+00 
 4.93280000e-08  2.79219665e+00  4.93280000e-08  2.77440850e+00  4.93280000e-08  2.06487757e+00 
 4.94280000e-08  2.79228882e+00  4.94280000e-08  2.77439659e+00  4.94280000e-08  2.06462290e+00 
 4.95280000e-08  2.79238102e+00  4.95280000e-08  2.77438521e+00  4.95280000e-08  2.06436775e+00 
 4.96280000e-08  2.79247326e+00  4.96280000e-08  2.77437435e+00  4.96280000e-08  2.06411214e+00 
 4.97280000e-08  2.79256553e+00  4.97280000e-08  2.77436402e+00  4.97280000e-08  2.06385607e+00 
 4.98280000e-08  2.79265783e+00  4.98280000e-08  2.77435421e+00  4.98280000e-08  2.06359956e+00 
 4.99280000e-08  2.79275016e+00  4.99280000e-08  2.77434493e+00  4.99280000e-08  2.06334260e+00 
 5.00280000e-08  2.79284250e+00  5.00280000e-08  2.77433618e+00  5.00280000e-08  2.06308523e+00 
 5.01280000e-08  2.79293486e+00  5.01280000e-08  2.77432795e+00  5.01280000e-08  2.06282743e+00 
 5.02280000e-08  2.79302724e+00  5.02280000e-08  2.77432025e+00  5.02280000e-08  2.06256924e+00 
 5.03280000e-08  2.79311962e+00  5.03280000e-08  2.77431307e+00  5.03280000e-08  2.06231064e+00 
 5.04280000e-08  2.79321201e+00  5.04280000e-08  2.77430643e+00  5.04280000e-08  2.06205167e+00 
 5.05280000e-08  2.79330441e+00  5.05280000e-08  2.77430031e+00  5.05280000e-08  2.06179232e+00 
 5.06280000e-08  2.79339680e+00  5.06280000e-08  2.77429472e+00  5.06280000e-08  2.06153260e+00 
 5.07280000e-08  2.79348919e+00  5.07280000e-08  2.77428965e+00  5.07280000e-08  2.06127253e+00 
 5.08280000e-08  2.79358156e+00  5.08280000e-08  2.77428512e+00  5.08280000e-08  2.06101212e+00 
 5.09280000e-08  2.79367393e+00  5.09280000e-08  2.77428111e+00  5.09280000e-08  2.06075138e+00 
 5.10280000e-08  2.79376628e+00  5.10280000e-08  2.77427763e+00  5.10280000e-08  2.06049032e+00 
 5.11280000e-08  2.79385862e+00  5.11280000e-08  2.77427468e+00  5.11280000e-08  2.06022894e+00 
 5.12280000e-08  2.79395092e+00  5.12280000e-08  2.77427226e+00  5.12280000e-08  2.05996726e+00 
 5.13280000e-08  2.79404321e+00  5.13280000e-08  2.77427037e+00  5.13280000e-08  2.05970530e+00 
 5.14280000e-08  2.79413546e+00  5.14280000e-08  2.77426901e+00  5.14280000e-08  2.05944305e+00 
 5.15280000e-08  2.79422768e+00  5.15280000e-08  2.77426818e+00  5.15280000e-08  2.05918053e+00 
 5.16280000e-08  2.79431986e+00  5.16280000e-08  2.77426787e+00  5.16280000e-08  2.05891776e+00 
 5.17280000e-08  2.79441200e+00  5.17280000e-08  2.77426810e+00  5.17280000e-08  2.05865473e+00 
 5.18280000e-08  2.79450409e+00  5.18280000e-08  2.77426885e+00  5.18280000e-08  2.05839147e+00 
 5.19280000e-08  2.79459614e+00  5.19280000e-08  2.77427014e+00  5.19280000e-08  2.05812798e+00 
 5.20280000e-08  2.79468813e+00  5.20280000e-08  2.77427195e+00  5.20280000e-08  2.05786428e+00 
 5.21280000e-08  2.79478007e+00  5.21280000e-08  2.77427429e+00  5.21280000e-08  2.05760037e+00 
 5.22280000e-08  2.79487195e+00  5.22280000e-08  2.77427716e+00  5.22280000e-08  2.05733626e+00 
 5.23280000e-08  2.79496376e+00  5.23280000e-08  2.77428056e+00  5.23280000e-08  2.05707197e+00 
 5.24280000e-08  2.79505551e+00  5.24280000e-08  2.77428449e+00  5.24280000e-08  2.05680750e+00 
 5.25280000e-08  2.79514719e+00  5.25280000e-08  2.77428895e+00  5.25280000e-08  2.05654287e+00 
 5.26280000e-08  2.79523879e+00  5.26280000e-08  2.77429393e+00  5.26280000e-08  2.05627809e+00 
 5.27280000e-08  2.79533032e+00  5.27280000e-08  2.77429945e+00  5.27280000e-08  2.05601317e+00 
 5.28280000e-08  2.79542176e+00  5.28280000e-08  2.77430549e+00  5.28280000e-08  2.05574811e+00 
 5.29280000e-08  2.79551312e+00  5.29280000e-08  2.77431206e+00  5.29280000e-08  2.05548293e+00 
 5.30280000e-08  2.79560440e+00  5.30280000e-08  2.77431915e+00  5.30280000e-08  2.05521765e+00 
 5.31280000e-08  2.79569558e+00  5.31280000e-08  2.77432678e+00  5.31280000e-08  2.05495226e+00 
 5.32280000e-08  2.79578666e+00  5.32280000e-08  2.77433493e+00  5.32280000e-08  2.05468679e+00 
 5.33280000e-08  2.79587765e+00  5.33280000e-08  2.77434360e+00  5.33280000e-08  2.05442123e+00 
 5.34280000e-08  2.79596853e+00  5.34280000e-08  2.77435281e+00  5.34280000e-08  2.05415561e+00 
 5.35280000e-08  2.79605930e+00  5.35280000e-08  2.77436254e+00  5.35280000e-08  2.05388993e+00 
 5.36280000e-08  2.79614997e+00  5.36280000e-08  2.77437279e+00  5.36280000e-08  2.05362421e+00 
 5.37280000e-08  2.79624052e+00  5.37280000e-08  2.77438357e+00  5.37280000e-08  2.05335845e+00 
 5.38280000e-08  2.79633096e+00  5.38280000e-08  2.77439487e+00  5.38280000e-08  2.05309267e+00 
 5.39280000e-08  2.79642127e+00  5.39280000e-08  2.77440670e+00  5.39280000e-08  2.05282687e+00 
 5.40280000e-08  2.79651146e+00  5.40280000e-08  2.77441905e+00  5.40280000e-08  2.05256107e+00 
 5.41280000e-08  2.79660152e+00  5.41280000e-08  2.77443192e+00  5.41280000e-08  2.05229527e+00 
 5.42280000e-08  2.79669145e+00  5.42280000e-08  2.77444532e+00  5.42280000e-08  2.05202950e+00 
 5.43280000e-08  2.79678125e+00  5.43280000e-08  2.77445924e+00  5.43280000e-08  2.05176375e+00 
 5.44280000e-08  2.79687090e+00  5.44280000e-08  2.77447368e+00  5.44280000e-08  2.05149804e+00 
 5.45280000e-08  2.79696042e+00  5.45280000e-08  2.77448864e+00  5.45280000e-08  2.05123239e+00 
 5.46280000e-08  2.79704979e+00  5.46280000e-08  2.77450412e+00  5.46280000e-08  2.05096679e+00 
 5.47280000e-08  2.79713901e+00  5.47280000e-08  2.77452012e+00  5.47280000e-08  2.05070126e+00 
 5.48280000e-08  2.79722807e+00  5.48280000e-08  2.77453665e+00  5.48280000e-08  2.05043582e+00 
 5.49280000e-08  2.79731698e+00  5.49280000e-08  2.77455368e+00  5.49280000e-08  2.05017047e+00 
 5.50280000e-08  2.79740574e+00  5.50280000e-08  2.77457124e+00  5.50280000e-08  2.04990523e+00 
 5.51280000e-08  2.79749432e+00  5.51280000e-08  2.77458931e+00  5.51280000e-08  2.04964010e+00 
 5.52280000e-08  2.79758274e+00  5.52280000e-08  2.77460790e+00  5.52280000e-08  2.04937509e+00 
 5.53280000e-08  2.79767099e+00  5.53280000e-08  2.77462701e+00  5.53280000e-08  2.04911022e+00 
 5.54280000e-08  2.79775907e+00  5.54280000e-08  2.77464663e+00  5.54280000e-08  2.04884550e+00 
 5.55280000e-08  2.79784697e+00  5.55280000e-08  2.77466676e+00  5.55280000e-08  2.04858093e+00 
 5.56280000e-08  2.79793469e+00  5.56280000e-08  2.77468741e+00  5.56280000e-08  2.04831653e+00 
 5.57280000e-08  2.79802222e+00  5.57280000e-08  2.77470857e+00  5.57280000e-08  2.04805231e+00 
 5.58280000e-08  2.79810957e+00  5.58280000e-08  2.77473024e+00  5.58280000e-08  2.04778828e+00 
 5.59280000e-08  2.79819673e+00  5.59280000e-08  2.77475242e+00  5.59280000e-08  2.04752445e+00 
 5.60280000e-08  2.79828369e+00  5.60280000e-08  2.77477511e+00  5.60280000e-08  2.04726083e+00 
 5.61280000e-08  2.79837045e+00  5.61280000e-08  2.77479831e+00  5.61280000e-08  2.04699743e+00 
 5.62280000e-08  2.79845701e+00  5.62280000e-08  2.77482202e+00  5.62280000e-08  2.04673426e+00 
 5.63280000e-08  2.79854337e+00  5.63280000e-08  2.77484623e+00  5.63280000e-08  2.04647133e+00 
 5.64280000e-08  2.79862952e+00  5.64280000e-08  2.77487096e+00  5.64280000e-08  2.04620866e+00 
 5.65280000e-08  2.79871546e+00  5.65280000e-08  2.77489618e+00  5.65280000e-08  2.04594625e+00 
 5.66280000e-08  2.79880118e+00  5.66280000e-08  2.77492191e+00  5.66280000e-08  2.04568411e+00 
 5.67280000e-08  2.79888668e+00  5.67280000e-08  2.77494814e+00  5.67280000e-08  2.04542226e+00 
 5.68280000e-08  2.79897196e+00  5.68280000e-08  2.77497488e+00  5.68280000e-08  2.04516070e+00 
 5.69280000e-08  2.79905702e+00  5.69280000e-08  2.77500211e+00  5.69280000e-08  2.04489945e+00 
 5.70280000e-08  2.79914185e+00  5.70280000e-08  2.77502985e+00  5.70280000e-08  2.04463852e+00 
 5.71280000e-08  2.79922644e+00  5.71280000e-08  2.77505808e+00  5.71280000e-08  2.04437791e+00 
 5.72280000e-08  2.79931080e+00  5.72280000e-08  2.77508681e+00  5.72280000e-08  2.04411764e+00 
 5.73280000e-08  2.79939493e+00  5.73280000e-08  2.77511604e+00  5.73280000e-08  2.04385771e+00 
 5.74280000e-08  2.79947881e+00  5.74280000e-08  2.77514576e+00  5.74280000e-08  2.04359815e+00 
 5.75280000e-08  2.79956244e+00  5.75280000e-08  2.77517598e+00  5.75280000e-08  2.04333895e+00 
 5.76280000e-08  2.79964583e+00  5.76280000e-08  2.77520669e+00  5.76280000e-08  2.04308013e+00 
 5.77280000e-08  2.79972896e+00  5.77280000e-08  2.77523789e+00  5.77280000e-08  2.04282170e+00 
 5.78280000e-08  2.79981184e+00  5.78280000e-08  2.77526958e+00  5.78280000e-08  2.04256367e+00 
 5.79280000e-08  2.79989446e+00  5.79280000e-08  2.77530176e+00  5.79280000e-08  2.04230605e+00 
 5.80280000e-08  2.79997682e+00  5.80280000e-08  2.77533443e+00  5.80280000e-08  2.04204885e+00 
 5.81280000e-08  2.80005891e+00  5.81280000e-08  2.77536759e+00  5.81280000e-08  2.04179208e+00 
 5.82280000e-08  2.80014074e+00  5.82280000e-08  2.77540123e+00  5.82280000e-08  2.04153575e+00 
 5.83280000e-08  2.80022230e+00  5.83280000e-08  2.77543535e+00  5.83280000e-08  2.04127988e+00 
 5.84280000e-08  2.80030358e+00  5.84280000e-08  2.77546995e+00  5.84280000e-08  2.04102446e+00 
 5.85280000e-08  2.80038458e+00  5.85280000e-08  2.77550504e+00  5.85280000e-08  2.04076952e+00 
 5.86280000e-08  2.80046530e+00  5.86280000e-08  2.77554061e+00  5.86280000e-08  2.04051506e+00 
 5.87280000e-08  2.80054574e+00  5.87280000e-08  2.77557665e+00  5.87280000e-08  2.04026109e+00 
 5.88280000e-08  2.80062589e+00  5.88280000e-08  2.77561317e+00  5.88280000e-08  2.04000762e+00 
 5.89280000e-08  2.80070575e+00  5.89280000e-08  2.77565017e+00  5.89280000e-08  2.03975467e+00 
 5.90280000e-08  2.80078531e+00  5.90280000e-08  2.77568764e+00  5.90280000e-08  2.03950223e+00 
 5.91280000e-08  2.80086458e+00  5.91280000e-08  2.77572558e+00  5.91280000e-08  2.03925034e+00 
 5.92280000e-08  2.80094355e+00  5.92280000e-08  2.77576400e+00  5.92280000e-08  2.03899898e+00 
 5.93280000e-08  2.80102221e+00  5.93280000e-08  2.77580288e+00  5.93280000e-08  2.03874818e+00 
 5.94280000e-08  2.80110057e+00  5.94280000e-08  2.77584223e+00  5.94280000e-08  2.03849794e+00 
 5.95280000e-08  2.80117862e+00  5.95280000e-08  2.77588205e+00  5.95280000e-08  2.03824827e+00 
 5.96280000e-08  2.80125636e+00  5.96280000e-08  2.77592233e+00  5.96280000e-08  2.03799919e+00 
 5.97280000e-08  2.80133378e+00  5.97280000e-08  2.77596307e+00  5.97280000e-08  2.03775070e+00 
 5.98280000e-08  2.80141088e+00  5.98280000e-08  2.77600428e+00  5.98280000e-08  2.03750281e+00 
 5.99280000e-08  2.80148766e+00  5.99280000e-08  2.77604595e+00  5.99280000e-08  2.03725554e+00 
 6.00280000e-08  2.80156412e+00  6.00280000e-08  2.77608807e+00  6.00280000e-08  2.03700889e+00 
 6.01280000e-08  2.80164025e+00  6.01280000e-08  2.77613065e+00  6.01280000e-08  2.03676287e+00 
 6.02280000e-08  2.80171605e+00  6.02280000e-08  2.77617368e+00  6.02280000e-08  2.03651749e+00 
 6.03280000e-08  2.80179151e+00  6.03280000e-08  2.77621717e+00  6.03280000e-08  2.03627277e+00 
 6.04280000e-08  2.80186664e+00  6.04280000e-08  2.77626111e+00  6.04280000e-08  2.03602871e+00 
 6.05280000e-08  2.80194143e+00  6.05280000e-08  2.77630550e+00  6.05280000e-08  2.03578532e+00 
 6.06280000e-08  2.80201588e+00  6.06280000e-08  2.77635033e+00  6.06280000e-08  2.03554261e+00 
 6.07280000e-08  2.80208998e+00  6.07280000e-08  2.77639561e+00  6.07280000e-08  2.03530059e+00 
 6.08280000e-08  2.80216373e+00  6.08280000e-08  2.77644134e+00  6.08280000e-08  2.03505927e+00 
 6.09280000e-08  2.80223713e+00  6.09280000e-08  2.77648751e+00  6.09280000e-08  2.03481867e+00 
 6.10280000e-08  2.80231018e+00  6.10280000e-08  2.77653412e+00  6.10280000e-08  2.03457878e+00 
 6.11280000e-08  2.80238287e+00  6.11280000e-08  2.77658116e+00  6.11280000e-08  2.03433963e+00 
 6.12280000e-08  2.80245520e+00  6.12280000e-08  2.77662865e+00  6.12280000e-08  2.03410121e+00 
 6.13280000e-08  2.80252716e+00  6.13280000e-08  2.77667657e+00  6.13280000e-08  2.03386354e+00 
 6.14280000e-08  2.80259876e+00  6.14280000e-08  2.77672492e+00  6.14280000e-08  2.03362663e+00 
 6.15280000e-08  2.80267000e+00  6.15280000e-08  2.77677370e+00  6.15280000e-08  2.03339049e+00 
 6.16280000e-08  2.80274086e+00  6.16280000e-08  2.77682291e+00  6.16280000e-08  2.03315512e+00 
 6.17280000e-08  2.80281134e+00  6.17280000e-08  2.77687255e+00  6.17280000e-08  2.03292054e+00 
 6.18280000e-08  2.80288145e+00  6.18280000e-08  2.77692261e+00  6.18280000e-08  2.03268676e+00 
 6.19280000e-08  2.80295118e+00  6.19280000e-08  2.77697310e+00  6.19280000e-08  2.03245378e+00 
 6.20280000e-08  2.80302053e+00  6.20280000e-08  2.77702401e+00  6.20280000e-08  2.03222162e+00 
 6.21280000e-08  2.80308949e+00  6.21280000e-08  2.77707533e+00  6.21280000e-08  2.03199028e+00 
 6.22280000e-08  2.80315807e+00  6.22280000e-08  2.77712708e+00  6.22280000e-08  2.03175977e+00 
 6.23280000e-08  2.80322625e+00  6.23280000e-08  2.77717924e+00  6.23280000e-08  2.03153010e+00 
 6.24280000e-08  2.80329404e+00  6.24280000e-08  2.77723181e+00  6.24280000e-08  2.03130129e+00 
 6.25280000e-08  2.80336144e+00  6.25280000e-08  2.77728479e+00  6.25280000e-08  2.03107333e+00 
 6.26280000e-08  2.80342843e+00  6.26280000e-08  2.77733818e+00  6.26280000e-08  2.03084624e+00 
 6.27280000e-08  2.80349503e+00  6.27280000e-08  2.77739198e+00  6.27280000e-08  2.03062003e+00 
 6.28280000e-08  2.80356122e+00  6.28280000e-08  2.77744618e+00  6.28280000e-08  2.03039471e+00 
 6.29280000e-08  2.80362700e+00  6.29280000e-08  2.77750079e+00  6.29280000e-08  2.03017028e+00 
 6.30280000e-08  2.80369238e+00  6.30280000e-08  2.77755579e+00  6.30280000e-08  2.02994676e+00 
 6.31280000e-08  2.80375734e+00  6.31280000e-08  2.77761119e+00  6.31280000e-08  2.02972415e+00 
 6.32280000e-08  2.80382189e+00  6.32280000e-08  2.77766699e+00  6.32280000e-08  2.02950247e+00 
 6.33280000e-08  2.80388602e+00  6.33280000e-08  2.77772318e+00  6.33280000e-08  2.02928171e+00 
 6.34280000e-08  2.80394974e+00  6.34280000e-08  2.77777977e+00  6.34280000e-08  2.02906190e+00 
 6.35280000e-08  2.80401303e+00  6.35280000e-08  2.77783674e+00  6.35280000e-08  2.02884303e+00 
 6.36280000e-08  2.80407590e+00  6.36280000e-08  2.77789410e+00  6.36280000e-08  2.02862512e+00 
 6.37280000e-08  2.80413834e+00  6.37280000e-08  2.77795184e+00  6.37280000e-08  2.02840817e+00 
 6.38280000e-08  2.80420035e+00  6.38280000e-08  2.77800997e+00  6.38280000e-08  2.02819220e+00 
 6.39280000e-08  2.80426192e+00  6.39280000e-08  2.77806847e+00  6.39280000e-08  2.02797722e+00 
 6.40280000e-08  2.80432307e+00  6.40280000e-08  2.77812736e+00  6.40280000e-08  2.02776322e+00 
 6.41280000e-08  2.80438378e+00  6.41280000e-08  2.77818661e+00  6.41280000e-08  2.02755022e+00 
 6.42280000e-08  2.80444405e+00  6.42280000e-08  2.77824625e+00  6.42280000e-08  2.02733823e+00 
 6.43280000e-08  2.80450387e+00  6.43280000e-08  2.77830625e+00  6.43280000e-08  2.02712726e+00 
 6.44280000e-08  2.80456326e+00  6.44280000e-08  2.77836662e+00  6.44280000e-08  2.02691731e+00 
 6.45280000e-08  2.80462220e+00  6.45280000e-08  2.77842735e+00  6.45280000e-08  2.02670840e+00 
 6.46280000e-08  2.80468069e+00  6.46280000e-08  2.77848845e+00  6.46280000e-08  2.02650052e+00 
 6.47280000e-08  2.80473872e+00  6.47280000e-08  2.77854991e+00  6.47280000e-08  2.02629370e+00 
 6.48280000e-08  2.80479631e+00  6.48280000e-08  2.77861173e+00  6.48280000e-08  2.02608793e+00 
 6.49280000e-08  2.80485344e+00  6.49280000e-08  2.77867391e+00  6.49280000e-08  2.02588323e+00 
 6.50280000e-08  2.80491011e+00  6.50280000e-08  2.77873643e+00  6.50280000e-08  2.02567960e+00 
 6.51280000e-08  2.80496633e+00  6.51280000e-08  2.77879931e+00  6.51280000e-08  2.02547705e+00 
 6.52280000e-08  2.80502208e+00  6.52280000e-08  2.77886254e+00  6.52280000e-08  2.02527559e+00 
 6.53280000e-08  2.80507736e+00  6.53280000e-08  2.77892611e+00  6.53280000e-08  2.02507523e+00 
 6.54280000e-08  2.80513218e+00  6.54280000e-08  2.77899003e+00  6.54280000e-08  2.02487597e+00 
 6.55280000e-08  2.80518654e+00  6.55280000e-08  2.77905429e+00  6.55280000e-08  2.02467783e+00 
 6.56280000e-08  2.80524042e+00  6.56280000e-08  2.77911889e+00  6.56280000e-08  2.02448080e+00 
 6.57280000e-08  2.80529383e+00  6.57280000e-08  2.77918382e+00  6.57280000e-08  2.02428491e+00 
 6.58280000e-08  2.80534676e+00  6.58280000e-08  2.77924909e+00  6.58280000e-08  2.02409015e+00 
 6.59280000e-08  2.80539922e+00  6.59280000e-08  2.77931468e+00  6.59280000e-08  2.02389653e+00 
 6.60280000e-08  2.80545119e+00  6.60280000e-08  2.77938061e+00  6.60280000e-08  2.02370407e+00 
 6.61280000e-08  2.80550269e+00  6.61280000e-08  2.77944686e+00  6.61280000e-08  2.02351276e+00 
 6.62280000e-08  2.80555370e+00  6.62280000e-08  2.77951343e+00  6.62280000e-08  2.02332262e+00 
 6.63280000e-08  2.80560423e+00  6.63280000e-08  2.77958033e+00  6.63280000e-08  2.02313365e+00 
 6.64280000e-08  2.80565427e+00  6.64280000e-08  2.77964754e+00  6.64280000e-08  2.02294586e+00 
 6.65280000e-08  2.80570382e+00  6.65280000e-08  2.77971507e+00  6.65280000e-08  2.02275926e+00 
 6.66280000e-08  2.80575288e+00  6.66280000e-08  2.77978290e+00  6.66280000e-08  2.02257386e+00 
 6.67280000e-08  2.80580145e+00  6.67280000e-08  2.77985105e+00  6.67280000e-08  2.02238965e+00 
 6.68280000e-08  2.80584952e+00  6.68280000e-08  2.77991951e+00  6.68280000e-08  2.02220666e+00 
 6.69280000e-08  2.80589710e+00  6.69280000e-08  2.77998827e+00  6.69280000e-08  2.02202488e+00 
 6.70280000e-08  2.80594418e+00  6.70280000e-08  2.78005733e+00  6.70280000e-08  2.02184433e+00 
 6.71280000e-08  2.80599075e+00  6.71280000e-08  2.78012669e+00  6.71280000e-08  2.02166501e+00 
 6.72280000e-08  2.80603683e+00  6.72280000e-08  2.78019635e+00  6.72280000e-08  2.02148693e+00 
 6.73280000e-08  2.80608240e+00  6.73280000e-08  2.78026630e+00  6.73280000e-08  2.02131009e+00 
 6.74280000e-08  2.80612746e+00  6.74280000e-08  2.78033654e+00  6.74280000e-08  2.02113450e+00 
 6.75280000e-08  2.80617202e+00  6.75280000e-08  2.78040707e+00  6.75280000e-08  2.02096017e+00 
 6.76280000e-08  2.80621606e+00  6.76280000e-08  2.78047788e+00  6.76280000e-08  2.02078710e+00 
 6.77280000e-08  2.80625960e+00  6.77280000e-08  2.78054898e+00  6.77280000e-08  2.02061530e+00 
 6.78280000e-08  2.80630262e+00  6.78280000e-08  2.78062035e+00  6.78280000e-08  2.02044479e+00 
 6.79280000e-08  2.80634513e+00  6.79280000e-08  2.78069200e+00  6.79280000e-08  2.02027556e+00 
 6.80280000e-08  2.80638712e+00  6.80280000e-08  2.78076393e+00  6.80280000e-08  2.02010762e+00 
 6.81280000e-08  2.80642859e+00  6.81280000e-08  2.78083612e+00  6.81280000e-08  2.01994097e+00 
 6.82280000e-08  2.80646954e+00  6.82280000e-08  2.78090859e+00  6.82280000e-08  2.01977563e+00 
 6.83280000e-08  2.80650998e+00  6.83280000e-08  2.78098132e+00  6.83280000e-08  2.01961160e+00 
 6.84280000e-08  2.80654989e+00  6.84280000e-08  2.78105431e+00  6.84280000e-08  2.01944889e+00 
 6.85280000e-08  2.80658927e+00  6.85280000e-08  2.78112756e+00  6.85280000e-08  2.01928750e+00 
 6.86280000e-08  2.80662813e+00  6.86280000e-08  2.78120107e+00  6.86280000e-08  2.01912744e+00 
 6.87280000e-08  2.80666646e+00  6.87280000e-08  2.78127483e+00  6.87280000e-08  2.01896872e+00 
 6.88280000e-08  2.80670426e+00  6.88280000e-08  2.78134884e+00  6.88280000e-08  2.01881134e+00 
 6.89280000e-08  2.80674153e+00  6.89280000e-08  2.78142310e+00  6.89280000e-08  2.01865530e+00 
 6.90280000e-08  2.80677827e+00  6.90280000e-08  2.78149761e+00  6.90280000e-08  2.01850062e+00 
 6.91280000e-08  2.80681448e+00  6.91280000e-08  2.78157235e+00  6.91280000e-08  2.01834730e+00 
 6.92280000e-08  2.80685015e+00  6.92280000e-08  2.78164734e+00  6.92280000e-08  2.01819534e+00 
 6.93280000e-08  2.80688529e+00  6.93280000e-08  2.78172256e+00  6.93280000e-08  2.01804475e+00 
 6.94280000e-08  2.80691988e+00  6.94280000e-08  2.78179802e+00  6.94280000e-08  2.01789554e+00 
 6.95280000e-08  2.80695394e+00  6.95280000e-08  2.78187370e+00  6.95280000e-08  2.01774771e+00 
 6.96280000e-08  2.80698746e+00  6.96280000e-08  2.78194962e+00  6.96280000e-08  2.01760128e+00 
 6.97280000e-08  2.80702044e+00  6.97280000e-08  2.78202575e+00  6.97280000e-08  2.01745623e+00 
 6.98280000e-08  2.80705287e+00  6.98280000e-08  2.78210211e+00  6.98280000e-08  2.01731258e+00 
 6.99280000e-08  2.80708476e+00  6.99280000e-08  2.78217869e+00  6.99280000e-08  2.01717034e+00 
 7.00280000e-08  2.80711610e+00  7.00280000e-08  2.78225548e+00  7.00280000e-08  2.01702951e+00 
 7.01280000e-08  2.80714690e+00  7.01280000e-08  2.78233248e+00  7.01280000e-08  2.01689009e+00 
 7.02280000e-08  2.80717715e+00  7.02280000e-08  2.78240969e+00  7.02280000e-08  2.01675210e+00 
 7.03280000e-08  2.80720685e+00  7.03280000e-08  2.78248711e+00  7.03280000e-08  2.01661553e+00 
 7.04280000e-08  2.80723600e+00  7.04280000e-08  2.78256473e+00  7.04280000e-08  2.01648039e+00 
 7.05280000e-08  2.80726459e+00  7.05280000e-08  2.78264255e+00  7.05280000e-08  2.01634669e+00 
 7.06280000e-08  2.80729264e+00  7.06280000e-08  2.78272057e+00  7.06280000e-08  2.01621443e+00 
 7.07280000e-08  2.80732013e+00  7.07280000e-08  2.78279878e+00  7.07280000e-08  2.01608362e+00 
 7.08280000e-08  2.80734707e+00  7.08280000e-08  2.78287719e+00  7.08280000e-08  2.01595426e+00 
 7.09280000e-08  2.80737345e+00  7.09280000e-08  2.78295578e+00  7.09280000e-08  2.01582635e+00 
 7.10280000e-08  2.80739927e+00  7.10280000e-08  2.78303455e+00  7.10280000e-08  2.01569990e+00 
 7.11280000e-08  2.80742454e+00  7.11280000e-08  2.78311351e+00  7.11280000e-08  2.01557493e+00 
 7.12280000e-08  2.80744924e+00  7.12280000e-08  2.78319264e+00  7.12280000e-08  2.01545142e+00 
 7.13280000e-08  2.80747339e+00  7.13280000e-08  2.78327195e+00  7.13280000e-08  2.01532939e+00 
 7.14280000e-08  2.80749698e+00  7.14280000e-08  2.78335143e+00  7.14280000e-08  2.01520883e+00 
 7.15280000e-08  2.80752000e+00  7.15280000e-08  2.78343108e+00  7.15280000e-08  2.01508976e+00 
 7.16280000e-08  2.80754246e+00  7.16280000e-08  2.78351090e+00  7.16280000e-08  2.01497219e+00 
 7.17280000e-08  2.80756436e+00  7.17280000e-08  2.78359088e+00  7.17280000e-08  2.01485610e+00 
 7.18280000e-08  2.80758570e+00  7.18280000e-08  2.78367102e+00  7.18280000e-08  2.01474151e+00 
 7.19280000e-08  2.80760646e+00  7.19280000e-08  2.78375131e+00  7.19280000e-08  2.01462843e+00 
 7.20280000e-08  2.80762667e+00  7.20280000e-08  2.78383176e+00  7.20280000e-08  2.01451685e+00 
 7.21280000e-08  2.80764630e+00  7.21280000e-08  2.78391236e+00  7.21280000e-08  2.01440678e+00 
 7.22280000e-08  2.80766537e+00  7.22280000e-08  2.78399311e+00  7.22280000e-08  2.01429823e+00 
 7.23280000e-08  2.80768387e+00  7.23280000e-08  2.78407399e+00  7.23280000e-08  2.01419119e+00 
 7.24280000e-08  2.80770180e+00  7.24280000e-08  2.78415502e+00  7.24280000e-08  2.01408568e+00 
 7.25280000e-08  2.80771916e+00  7.25280000e-08  2.78423619e+00  7.25280000e-08  2.01398169e+00 
 7.26280000e-08  2.80773595e+00  7.26280000e-08  2.78431749e+00  7.26280000e-08  2.01387924e+00 
 7.27280000e-08  2.80775217e+00  7.27280000e-08  2.78439892e+00  7.27280000e-08  2.01377832e+00 
 7.28280000e-08  2.80776782e+00  7.28280000e-08  2.78448048e+00  7.28280000e-08  2.01367894e+00 
 7.29280000e-08  2.80778289e+00  7.29280000e-08  2.78456217e+00  7.29280000e-08  2.01358110e+00 
 7.30280000e-08  2.80779739e+00  7.30280000e-08  2.78464398e+00  7.30280000e-08  2.01348481e+00 
 7.31280000e-08  2.80781132e+00  7.31280000e-08  2.78472590e+00  7.31280000e-08  2.01339006e+00 
 7.32280000e-08  2.80782467e+00  7.32280000e-08  2.78480794e+00  7.32280000e-08  2.01329687e+00 
 7.33280000e-08  2.80783745e+00  7.33280000e-08  2.78489009e+00  7.33280000e-08  2.01320524e+00 
 7.34280000e-08  2.80784966e+00  7.34280000e-08  2.78497235e+00  7.34280000e-08  2.01311516e+00 
 7.35280000e-08  2.80786128e+00  7.35280000e-08  2.78505471e+00  7.35280000e-08  2.01302665e+00 
 7.36280000e-08  2.80787234e+00  7.36280000e-08  2.78513718e+00  7.36280000e-08  2.01293971e+00 
 7.37280000e-08  2.80788281e+00  7.37280000e-08  2.78521974e+00  7.37280000e-08  2.01285433e+00 
 7.38280000e-08  2.80789271e+00  7.38280000e-08  2.78530241e+00  7.38280000e-08  2.01277053e+00 
 7.39280000e-08  2.80790203e+00  7.39280000e-08  2.78538516e+00  7.39280000e-08  2.01268830e+00 
 7.40280000e-08  2.80791078e+00  7.40280000e-08  2.78546800e+00  7.40280000e-08  2.01260765e+00 
 7.41280000e-08  2.80791894e+00  7.41280000e-08  2.78555093e+00  7.41280000e-08  2.01252859e+00 
 7.42280000e-08  2.80792653e+00  7.42280000e-08  2.78563394e+00  7.42280000e-08  2.01245111e+00 
 7.43280000e-08  2.80793354e+00  7.43280000e-08  2.78571703e+00  7.43280000e-08  2.01237522e+00 
 7.44280000e-08  2.80793997e+00  7.44280000e-08  2.78580019e+00  7.44280000e-08  2.01230092e+00 
 7.45280000e-08  2.80794582e+00  7.45280000e-08  2.78588343e+00  7.45280000e-08  2.01222821e+00 
 7.46280000e-08  2.80795109e+00  7.46280000e-08  2.78596674e+00  7.46280000e-08  2.01215710e+00 
 7.47280000e-08  2.80795578e+00  7.47280000e-08  2.78605012e+00  7.47280000e-08  2.01208758e+00 
 7.48280000e-08  2.80795989e+00  7.48280000e-08  2.78613355e+00  7.48280000e-08  2.01201967e+00 
 7.49280000e-08  2.80796342e+00  7.49280000e-08  2.78621705e+00  7.49280000e-08  2.01195337e+00 
 7.50280000e-08  2.80796637e+00  7.50280000e-08  2.78630060e+00  7.50280000e-08  2.01188867e+00 
 7.51280000e-08  2.80796874e+00  7.51280000e-08  2.78638421e+00  7.51280000e-08  2.01182557e+00 
 7.52280000e-08  2.80797053e+00  7.52280000e-08  2.78646786e+00  7.52280000e-08  2.01176409e+00 
 7.53280000e-08  2.80797174e+00  7.53280000e-08  2.78655157e+00  7.53280000e-08  2.01170423e+00 
 7.54280000e-08  2.80797237e+00  7.54280000e-08  2.78663531e+00  7.54280000e-08  2.01164598e+00 
 7.55280000e-08  2.80797242e+00  7.55280000e-08  2.78671910e+00  7.55280000e-08  2.01158934e+00 
 7.56280000e-08  2.80797189e+00  7.56280000e-08  2.78680292e+00  7.56280000e-08  2.01153433e+00 
 7.57280000e-08  2.80797078e+00  7.57280000e-08  2.78688678e+00  7.57280000e-08  2.01148094e+00 
 7.58280000e-08  2.80796909e+00  7.58280000e-08  2.78697066e+00  7.58280000e-08  2.01142917e+00 
 7.59280000e-08  2.80796682e+00  7.59280000e-08  2.78705457e+00  7.59280000e-08  2.01137903e+00 
 7.60280000e-08  2.80796396e+00  7.60280000e-08  2.78713851e+00  7.60280000e-08  2.01133051e+00 
 7.61280000e-08  2.80796053e+00  7.61280000e-08  2.78722247e+00  7.61280000e-08  2.01128363e+00 
 7.62280000e-08  2.80795652e+00  7.62280000e-08  2.78730644e+00  7.62280000e-08  2.01123837e+00 
 7.63280000e-08  2.80795193e+00  7.63280000e-08  2.78739043e+00  7.63280000e-08  2.01119475e+00 
 7.64280000e-08  2.80794675e+00  7.64280000e-08  2.78747442e+00  7.64280000e-08  2.01115277e+00 
 7.65280000e-08  2.80794100e+00  7.65280000e-08  2.78755843e+00  7.65280000e-08  2.01111242e+00 
 7.66280000e-08  2.80793467e+00  7.66280000e-08  2.78764244e+00  7.66280000e-08  2.01107370e+00 
 7.67280000e-08  2.80792776e+00  7.67280000e-08  2.78772644e+00  7.67280000e-08  2.01103663e+00 
 7.68280000e-08  2.80792027e+00  7.68280000e-08  2.78781045e+00  7.68280000e-08  2.01100120e+00 
 7.69280000e-08  2.80791221e+00  7.69280000e-08  2.78789445e+00  7.69280000e-08  2.01096740e+00 
 7.70280000e-08  2.80790356e+00  7.70280000e-08  2.78797844e+00  7.70280000e-08  2.01093525e+00 
 7.71280000e-08  2.80789434e+00  7.71280000e-08  2.78806241e+00  7.71280000e-08  2.01090475e+00 
 7.72280000e-08  2.80788454e+00  7.72280000e-08  2.78814638e+00  7.72280000e-08  2.01087589e+00 
 7.73280000e-08  2.80787416e+00  7.73280000e-08  2.78823032e+00  7.73280000e-08  2.01084867e+00 
 7.74280000e-08  2.80786321e+00  7.74280000e-08  2.78831424e+00  7.74280000e-08  2.01082310e+00 
 7.75280000e-08  2.80785168e+00  7.75280000e-08  2.78839813e+00  7.75280000e-08  2.01079919e+00 
 7.76280000e-08  2.80783957e+00  7.76280000e-08  2.78848199e+00  7.76280000e-08  2.01077691e+00 
 7.77280000e-08  2.80782689e+00  7.77280000e-08  2.78856582e+00  7.77280000e-08  2.01075629e+00 
 7.78280000e-08  2.80781363e+00  7.78280000e-08  2.78864962e+00  7.78280000e-08  2.01073732e+00 
 7.79280000e-08  2.80779980e+00  7.79280000e-08  2.78873338e+00  7.79280000e-08  2.01072000e+00 
 7.80280000e-08  2.80778540e+00  7.80280000e-08  2.78881709e+00  7.80280000e-08  2.01070434e+00 
 7.81280000e-08  2.80777042e+00  7.81280000e-08  2.78890076e+00  7.81280000e-08  2.01069032e+00 
 7.82280000e-08  2.80775488e+00  7.82280000e-08  2.78898438e+00  7.82280000e-08  2.01067796e+00 
 7.83280000e-08  2.80773875e+00  7.83280000e-08  2.78906794e+00  7.83280000e-08  2.01066725e+00 
 7.84280000e-08  2.80772206e+00  7.84280000e-08  2.78915145e+00  7.84280000e-08  2.01065819e+00 
 7.85280000e-08  2.80770480e+00  7.85280000e-08  2.78923491e+00  7.85280000e-08  2.01065079e+00 
 7.86280000e-08  2.80768697e+00  7.86280000e-08  2.78931830e+00  7.86280000e-08  2.01064504e+00 
 7.87280000e-08  2.80766857e+00  7.87280000e-08  2.78940162e+00  7.87280000e-08  2.01064095e+00 
 7.88280000e-08  2.80764959e+00  7.88280000e-08  2.78948488e+00  7.88280000e-08  2.01063851e+00 
 7.89280000e-08  2.80763006e+00  7.89280000e-08  2.78956806e+00  7.89280000e-08  2.01063772e+00 
 7.90280000e-08  2.80760995e+00  7.90280000e-08  2.78965117e+00  7.90280000e-08  2.01063859e+00 
 7.91280000e-08  2.80758928e+00  7.91280000e-08  2.78973420e+00  7.91280000e-08  2.01064111e+00 
 7.92280000e-08  2.80756804e+00  7.92280000e-08  2.78981715e+00  7.92280000e-08  2.01064529e+00 
 7.93280000e-08  2.80754624e+00  7.93280000e-08  2.78990002e+00  7.93280000e-08  2.01065112e+00 
 7.94280000e-08  2.80752388e+00  7.94280000e-08  2.78998279e+00  7.94280000e-08  2.01065861e+00 
 7.95280000e-08  2.80750095e+00  7.95280000e-08  2.79006548e+00  7.95280000e-08  2.01066775e+00 
 7.96280000e-08  2.80747746e+00  7.96280000e-08  2.79014807e+00  7.96280000e-08  2.01067854e+00 
 7.97280000e-08  2.80745341e+00  7.97280000e-08  2.79023056e+00  7.97280000e-08  2.01069099e+00 
 7.98280000e-08  2.80742880e+00  7.98280000e-08  2.79031295e+00  7.98280000e-08  2.01070508e+00 
 7.99280000e-08  2.80740363e+00  7.99280000e-08  2.79039524e+00  7.99280000e-08  2.01072083e+00 
 8.00280000e-08  2.80737790e+00  8.00280000e-08  2.79047742e+00  8.00280000e-08  2.01073823e+00 
 8.01280000e-08  2.80735162e+00  8.01280000e-08  2.79055948e+00  8.01280000e-08  2.01075728e+00 
 8.02280000e-08  2.80732478e+00  8.02280000e-08  2.79064144e+00  8.02280000e-08  2.01077799e+00 
 8.03280000e-08  2.80729738e+00  8.03280000e-08  2.79072328e+00  8.03280000e-08  2.01080033e+00 
 8.04280000e-08  2.80726943e+00  8.04280000e-08  2.79080499e+00  8.04280000e-08  2.01082433e+00 
 8.05280000e-08  2.80724093e+00  8.05280000e-08  2.79088658e+00  8.05280000e-08  2.01084998e+00 
 8.06280000e-08  2.80721188e+00  8.06280000e-08  2.79096805e+00  8.06280000e-08  2.01087727e+00 
 8.07280000e-08  2.80718227e+00  8.07280000e-08  2.79104938e+00  8.07280000e-08  2.01090620e+00 
 8.08280000e-08  2.80715212e+00  8.08280000e-08  2.79113059e+00  8.08280000e-08  2.01093678e+00 
 8.09280000e-08  2.80712142e+00  8.09280000e-08  2.79121165e+00  8.09280000e-08  2.01096901e+00 
 8.10280000e-08  2.80709017e+00  8.10280000e-08  2.79129258e+00  8.10280000e-08  2.01100287e+00 
 8.11280000e-08  2.80705838e+00  8.11280000e-08  2.79137336e+00  8.11280000e-08  2.01103837e+00 
 8.12280000e-08  2.80702604e+00  8.12280000e-08  2.79145400e+00  8.12280000e-08  2.01107552e+00 
 8.13280000e-08  2.80699316e+00  8.13280000e-08  2.79153448e+00  8.13280000e-08  2.01111430e+00 
 8.14280000e-08  2.80695973e+00  8.14280000e-08  2.79161482e+00  8.14280000e-08  2.01115472e+00 
 8.15280000e-08  2.80692577e+00  8.15280000e-08  2.79169500e+00  8.15280000e-08  2.01119677e+00 
 8.16280000e-08  2.80689127e+00  8.16280000e-08  2.79177502e+00  8.16280000e-08  2.01124045e+00 
 8.17280000e-08  2.80685623e+00  8.17280000e-08  2.79185488e+00  8.17280000e-08  2.01128577e+00 
 8.18280000e-08  2.80682065e+00  8.18280000e-08  2.79193457e+00  8.18280000e-08  2.01133271e+00 
 8.19280000e-08  2.80678454e+00  8.19280000e-08  2.79201410e+00  8.19280000e-08  2.01138129e+00 
 8.20280000e-08  2.80674789e+00  8.20280000e-08  2.79209345e+00  8.20280000e-08  2.01143149e+00 
 8.21280000e-08  2.80671071e+00  8.21280000e-08  2.79217263e+00  8.21280000e-08  2.01148331e+00 
 8.22280000e-08  2.80667300e+00  8.22280000e-08  2.79225163e+00  8.22280000e-08  2.01153676e+00 
 8.23280000e-08  2.80663477e+00  8.23280000e-08  2.79233045e+00  8.23280000e-08  2.01159182e+00 
 8.24280000e-08  2.80659600e+00  8.24280000e-08  2.79240909e+00  8.24280000e-08  2.01164851e+00 
 8.25280000e-08  2.80655671e+00  8.25280000e-08  2.79248754e+00  8.25280000e-08  2.01170681e+00 
 8.26280000e-08  2.80651689e+00  8.26280000e-08  2.79256580e+00  8.26280000e-08  2.01176672e+00 
 8.27280000e-08  2.80647655e+00  8.27280000e-08  2.79264387e+00  8.27280000e-08  2.01182824e+00 
 8.28280000e-08  2.80643569e+00  8.28280000e-08  2.79272174e+00  8.28280000e-08  2.01189138e+00 
 8.29280000e-08  2.80639431e+00  8.29280000e-08  2.79279942e+00  8.29280000e-08  2.01195612e+00 
 8.30280000e-08  2.80635241e+00  8.30280000e-08  2.79287689e+00  8.30280000e-08  2.01202246e+00 
 8.31280000e-08  2.80631000e+00  8.31280000e-08  2.79295415e+00  8.31280000e-08  2.01209041e+00 
 8.32280000e-08  2.80626707e+00  8.32280000e-08  2.79303121e+00  8.32280000e-08  2.01215996e+00 
 8.33280000e-08  2.80622362e+00  8.33280000e-08  2.79310806e+00  8.33280000e-08  2.01223110e+00 
 8.34280000e-08  2.80617967e+00  8.34280000e-08  2.79318469e+00  8.34280000e-08  2.01230384e+00 
 8.35280000e-08  2.80613520e+00  8.35280000e-08  2.79326110e+00  8.35280000e-08  2.01237816e+00 
 8.36280000e-08  2.80609023e+00  8.36280000e-08  2.79333730e+00  8.36280000e-08  2.01245408e+00 
 8.37280000e-08  2.80604475e+00  8.37280000e-08  2.79341327e+00  8.37280000e-08  2.01253158e+00 
 8.38280000e-08  2.80599877e+00  8.38280000e-08  2.79348901e+00  8.38280000e-08  2.01261067e+00 
 8.39280000e-08  2.80595228e+00  8.39280000e-08  2.79356453e+00  8.39280000e-08  2.01269133e+00 
 8.40280000e-08  2.80590529e+00  8.40280000e-08  2.79363981e+00  8.40280000e-08  2.01277357e+00 
 8.41280000e-08  2.80585781e+00  8.41280000e-08  2.79371486e+00  8.41280000e-08  2.01285739e+00 
 8.42280000e-08  2.80580982e+00  8.42280000e-08  2.79378967e+00  8.42280000e-08  2.01294277e+00 
 8.43280000e-08  2.80576135e+00  8.43280000e-08  2.79386424e+00  8.43280000e-08  2.01302972e+00 
 8.44280000e-08  2.80571237e+00  8.44280000e-08  2.79393856e+00  8.44280000e-08  2.01311824e+00 
 8.45280000e-08  2.80566291e+00  8.45280000e-08  2.79401264e+00  8.45280000e-08  2.01320832e+00 
 8.46280000e-08  2.80561296e+00  8.46280000e-08  2.79408647e+00  8.46280000e-08  2.01329995e+00 
 8.47280000e-08  2.80556252e+00  8.47280000e-08  2.79416004e+00  8.47280000e-08  2.01339314e+00 
 8.48280000e-08  2.80551160e+00  8.48280000e-08  2.79423336e+00  8.48280000e-08  2.01348788e+00 
 8.49280000e-08  2.80546019e+00  8.49280000e-08  2.79430642e+00  8.49280000e-08  2.01358416e+00 
 8.50280000e-08  2.80540830e+00  8.50280000e-08  2.79437922e+00  8.50280000e-08  2.01368199e+00 
 8.51280000e-08  2.80535593e+00  8.51280000e-08  2.79445175e+00  8.51280000e-08  2.01378135e+00 
 8.52280000e-08  2.80530308e+00  8.52280000e-08  2.79452402e+00  8.52280000e-08  2.01388226e+00 
 8.53280000e-08  2.80524976e+00  8.53280000e-08  2.79459601e+00  8.53280000e-08  2.01398469e+00 
 8.54280000e-08  2.80519597e+00  8.54280000e-08  2.79466774e+00  8.54280000e-08  2.01408865e+00 
 8.55280000e-08  2.80514170e+00  8.55280000e-08  2.79473918e+00  8.55280000e-08  2.01419414e+00 
 8.56280000e-08  2.80508697e+00  8.56280000e-08  2.79481035e+00  8.56280000e-08  2.01430114e+00 
 8.57280000e-08  2.80503177e+00  8.57280000e-08  2.79488124e+00  8.57280000e-08  2.01440966e+00 
 8.58280000e-08  2.80497610e+00  8.58280000e-08  2.79495184e+00  8.58280000e-08  2.01451970e+00 
 8.59280000e-08  2.80491997e+00  8.59280000e-08  2.79502216e+00  8.59280000e-08  2.01463124e+00 
 8.60280000e-08  2.80486339e+00  8.60280000e-08  2.79509219e+00  8.60280000e-08  2.01474428e+00 
 8.61280000e-08  2.80480634e+00  8.61280000e-08  2.79516192e+00  8.61280000e-08  2.01485882e+00 
 8.62280000e-08  2.80474884e+00  8.62280000e-08  2.79523136e+00  8.62280000e-08  2.01497486e+00 
 8.63280000e-08  2.80469089e+00  8.63280000e-08  2.79530050e+00  8.63280000e-08  2.01509239e+00 
 8.64280000e-08  2.80463248e+00  8.64280000e-08  2.79536934e+00  8.64280000e-08  2.01521141e+00 
 8.65280000e-08  2.80457363e+00  8.65280000e-08  2.79543787e+00  8.65280000e-08  2.01533190e+00 
 8.66280000e-08  2.80451433e+00  8.66280000e-08  2.79550610e+00  8.66280000e-08  2.01545387e+00 
 8.67280000e-08  2.80445458e+00  8.67280000e-08  2.79557402e+00  8.67280000e-08  2.01557732e+00 
 8.68280000e-08  2.80439440e+00  8.68280000e-08  2.79564163e+00  8.68280000e-08  2.01570223e+00 
 8.69280000e-08  2.80433377e+00  8.69280000e-08  2.79570893e+00  8.69280000e-08  2.01582861e+00 
 8.70280000e-08  2.80427271e+00  8.70280000e-08  2.79577591e+00  8.70280000e-08  2.01595644e+00 
 8.71280000e-08  2.80421121e+00  8.71280000e-08  2.79584256e+00  8.71280000e-08  2.01608573e+00 
 8.72280000e-08  2.80414928e+00  8.72280000e-08  2.79590890e+00  8.72280000e-08  2.01621647e+00 
 8.73280000e-08  2.80408692e+00  8.73280000e-08  2.79597491e+00  8.73280000e-08  2.01634865e+00 
 8.74280000e-08  2.80402414e+00  8.74280000e-08  2.79604060e+00  8.74280000e-08  2.01648226e+00 
 8.75280000e-08  2.80396093e+00  8.75280000e-08  2.79610595e+00  8.75280000e-08  2.01661731e+00 
 8.76280000e-08  2.80389730e+00  8.76280000e-08  2.79617097e+00  8.76280000e-08  2.01675379e+00 
 8.77280000e-08  2.80383324e+00  8.77280000e-08  2.79623566e+00  8.77280000e-08  2.01689169e+00 
 8.78280000e-08  2.80376877e+00  8.78280000e-08  2.79630001e+00  8.78280000e-08  2.01703101e+00 
 8.79280000e-08  2.80370389e+00  8.79280000e-08  2.79636401e+00  8.79280000e-08  2.01717175e+00 
 8.80280000e-08  2.80363860e+00  8.80280000e-08  2.79642768e+00  8.80280000e-08  2.01731389e+00 
 8.81280000e-08  2.80357289e+00  8.81280000e-08  2.79649100e+00  8.81280000e-08  2.01745743e+00 
 8.82280000e-08  2.80350678e+00  8.82280000e-08  2.79655397e+00  8.82280000e-08  2.01760236e+00 
 8.83280000e-08  2.80344026e+00  8.83280000e-08  2.79661659e+00  8.83280000e-08  2.01774869e+00 
 8.84280000e-08  2.80337334e+00  8.84280000e-08  2.79667886e+00  8.84280000e-08  2.01789640e+00 
 8.85280000e-08  2.80330603e+00  8.85280000e-08  2.79674077e+00  8.85280000e-08  2.01804550e+00 
 8.86280000e-08  2.80323831e+00  8.86280000e-08  2.79680233e+00  8.86280000e-08  2.01819596e+00 
 8.87280000e-08  2.80317021e+00  8.87280000e-08  2.79686352e+00  8.87280000e-08  2.01834780e+00 
 8.88280000e-08  2.80310171e+00  8.88280000e-08  2.79692436e+00  8.88280000e-08  2.01850099e+00 
 8.89280000e-08  2.80303282e+00  8.89280000e-08  2.79698482e+00  8.89280000e-08  2.01865555e+00 
 8.90280000e-08  2.80296355e+00  8.90280000e-08  2.79704492e+00  8.90280000e-08  2.01881145e+00 
 8.91280000e-08  2.80289389e+00  8.91280000e-08  2.79710465e+00  8.91280000e-08  2.01896870e+00 
 8.92280000e-08  2.80282386e+00  8.92280000e-08  2.79716401e+00  8.92280000e-08  2.01912729e+00 
 8.93280000e-08  2.80275345e+00  8.93280000e-08  2.79722299e+00  8.93280000e-08  2.01928721e+00 
 8.94280000e-08  2.80268266e+00  8.94280000e-08  2.79728160e+00  8.94280000e-08  2.01944845e+00 
 8.95280000e-08  2.80261150e+00  8.95280000e-08  2.79733983e+00  8.95280000e-08  2.01961102e+00 
 8.96280000e-08  2.80253998e+00  8.96280000e-08  2.79739767e+00  8.96280000e-08  2.01977490e+00 
 8.97280000e-08  2.80246808e+00  8.97280000e-08  2.79745513e+00  8.97280000e-08  2.01994009e+00 
 8.98280000e-08  2.80239583e+00  8.98280000e-08  2.79751221e+00  8.98280000e-08  2.02010657e+00 
 8.99280000e-08  2.80232321e+00  8.99280000e-08  2.79756890e+00  8.99280000e-08  2.02027436e+00 
 9.00280000e-08  2.80225023e+00  9.00280000e-08  2.79762519e+00  9.00280000e-08  2.02044343e+00 
 9.01280000e-08  2.80217691e+00  9.01280000e-08  2.79768110e+00  9.01280000e-08  2.02061379e+00 
 9.02280000e-08  2.80210322e+00  9.02280000e-08  2.79773660e+00  9.02280000e-08  2.02078542e+00 
 9.03280000e-08  2.80202919e+00  9.03280000e-08  2.79779172e+00  9.03280000e-08  2.02095832e+00 
 9.04280000e-08  2.80195482e+00  9.04280000e-08  2.79784643e+00  9.04280000e-08  2.02113248e+00 
 9.05280000e-08  2.80188010e+00  9.05280000e-08  2.79790074e+00  9.05280000e-08  2.02130789e+00 
 9.06280000e-08  2.80180504e+00  9.06280000e-08  2.79795464e+00  9.06280000e-08  2.02148456e+00 
 9.07280000e-08  2.80172965e+00  9.07280000e-08  2.79800814e+00  9.07280000e-08  2.02166247e+00 
 9.08280000e-08  2.80165392e+00  9.08280000e-08  2.79806124e+00  9.08280000e-08  2.02184161e+00 
 9.09280000e-08  2.80157786e+00  9.09280000e-08  2.79811392e+00  9.09280000e-08  2.02202198e+00 
 9.10280000e-08  2.80150147e+00  9.10280000e-08  2.79816619e+00  9.10280000e-08  2.02220358e+00 
 9.11280000e-08  2.80142475e+00  9.11280000e-08  2.79821804e+00  9.11280000e-08  2.02238638e+00 
 9.12280000e-08  2.80134772e+00  9.12280000e-08  2.79826948e+00  9.12280000e-08  2.02257040e+00 
 9.13280000e-08  2.80127036e+00  9.13280000e-08  2.79832050e+00  9.13280000e-08  2.02275561e+00 
 9.14280000e-08  2.80119269e+00  9.14280000e-08  2.79837110e+00  9.14280000e-08  2.02294202e+00 
 9.15280000e-08  2.80111471e+00  9.15280000e-08  2.79842128e+00  9.15280000e-08  2.02312962e+00 
 9.16280000e-08  2.80103642e+00  9.16280000e-08  2.79847103e+00  9.16280000e-08  2.02331839e+00 
 9.17280000e-08  2.80095781e+00  9.17280000e-08  2.79852036e+00  9.17280000e-08  2.02350833e+00 
 9.18280000e-08  2.80087891e+00  9.18280000e-08  2.79856925e+00  9.18280000e-08  2.02369944e+00 
 9.19280000e-08  2.80079971e+00  9.19280000e-08  2.79861772e+00  9.19280000e-08  2.02389170e+00 
 9.20280000e-08  2.80072021e+00  9.20280000e-08  2.79866576e+00  9.20280000e-08  2.02408512e+00 
 9.21280000e-08  2.80064041e+00  9.21280000e-08  2.79871336e+00  9.21280000e-08  2.02427967e+00 
 9.22280000e-08  2.80056032e+00  9.22280000e-08  2.79876052e+00  9.22280000e-08  2.02447536e+00 
 9.23280000e-08  2.80047995e+00  9.23280000e-08  2.79880725e+00  9.23280000e-08  2.02467218e+00 
 9.24280000e-08  2.80039929e+00  9.24280000e-08  2.79885353e+00  9.24280000e-08  2.02487011e+00 
 9.25280000e-08  2.80031835e+00  9.25280000e-08  2.79889938e+00  9.25280000e-08  2.02506916e+00 
 9.26280000e-08  2.80023713e+00  9.26280000e-08  2.79894478e+00  9.26280000e-08  2.02526931e+00 
 9.27280000e-08  2.80015563e+00  9.27280000e-08  2.79898974e+00  9.27280000e-08  2.02547055e+00 
 9.28280000e-08  2.80007387e+00  9.28280000e-08  2.79903424e+00  9.28280000e-08  2.02567288e+00 
 9.29280000e-08  2.79999183e+00  9.29280000e-08  2.79907830e+00  9.29280000e-08  2.02587630e+00 
 9.30280000e-08  2.79990953e+00  9.30280000e-08  2.79912191e+00  9.30280000e-08  2.02608078e+00 
 9.31280000e-08  2.79982697e+00  9.31280000e-08  2.79916507e+00  9.31280000e-08  2.02628633e+00 
 9.32280000e-08  2.79974415e+00  9.32280000e-08  2.79920777e+00  9.32280000e-08  2.02649294e+00 
 9.33280000e-08  2.79966107e+00  9.33280000e-08  2.79925002e+00  9.33280000e-08  2.02670059e+00 
 9.34280000e-08  2.79957774e+00  9.34280000e-08  2.79929181e+00  9.34280000e-08  2.02690928e+00 
 9.35280000e-08  2.79949417e+00  9.35280000e-08  2.79933314e+00  9.35280000e-08  2.02711901e+00 
 9.36280000e-08  2.79941034e+00  9.36280000e-08  2.79937400e+00  9.36280000e-08  2.02732976e+00 
 9.37280000e-08  2.79932627e+00  9.37280000e-08  2.79941441e+00  9.37280000e-08  2.02754152e+00 
 9.38280000e-08  2.79924197e+00  9.38280000e-08  2.79945435e+00  9.38280000e-08  2.02775429e+00 
 9.39280000e-08  2.79915743e+00  9.39280000e-08  2.79949383e+00  9.39280000e-08  2.02796806e+00 
 9.40280000e-08  2.79907265e+00  9.40280000e-08  2.79953284e+00  9.40280000e-08  2.02818282e+00 
 9.41280000e-08  2.79898765e+00  9.41280000e-08  2.79957138e+00  9.41280000e-08  2.02839857e+00 
 9.42280000e-08  2.79890242e+00  9.42280000e-08  2.79960945e+00  9.42280000e-08  2.02861528e+00 
 9.43280000e-08  2.79881697e+00  9.43280000e-08  2.79964704e+00  9.43280000e-08  2.02883297e+00 
 9.44280000e-08  2.79873130e+00  9.44280000e-08  2.79968417e+00  9.44280000e-08  2.02905160e+00 
 9.45280000e-08  2.79864542e+00  9.45280000e-08  2.79972082e+00  9.45280000e-08  2.02927119e+00 
 9.46280000e-08  2.79855932e+00  9.46280000e-08  2.79975699e+00  9.46280000e-08  2.02949172e+00 
 9.47280000e-08  2.79847301e+00  9.47280000e-08  2.79979269e+00  9.47280000e-08  2.02971317e+00 
 9.48280000e-08  2.79838650e+00  9.48280000e-08  2.79982790e+00  9.48280000e-08  2.02993555e+00 
 9.49280000e-08  2.79829979e+00  9.49280000e-08  2.79986264e+00  9.49280000e-08  2.03015884e+00 
 9.50280000e-08  2.79821287e+00  9.50280000e-08  2.79989689e+00  9.50280000e-08  2.03038304e+00 
 9.51280000e-08  2.79812577e+00  9.51280000e-08  2.79993066e+00  9.51280000e-08  2.03060814e+00 
 9.52280000e-08  2.79803847e+00  9.52280000e-08  2.79996395e+00  9.52280000e-08  2.03083412e+00 
 9.53280000e-08  2.79795098e+00  9.53280000e-08  2.79999674e+00  9.53280000e-08  2.03106097e+00 
 9.54280000e-08  2.79786331e+00  9.54280000e-08  2.80002906e+00  9.54280000e-08  2.03128870e+00 
 9.55280000e-08  2.79777545e+00  9.55280000e-08  2.80006088e+00  9.55280000e-08  2.03151729e+00 
 9.56280000e-08  2.79768742e+00  9.56280000e-08  2.80009221e+00  9.56280000e-08  2.03174673e+00 
 9.57280000e-08  2.79759922e+00  9.57280000e-08  2.80012305e+00  9.57280000e-08  2.03197701e+00 
 9.58280000e-08  2.79751084e+00  9.58280000e-08  2.80015340e+00  9.58280000e-08  2.03220812e+00 
 9.59280000e-08  2.79742229e+00  9.59280000e-08  2.80018326e+00  9.59280000e-08  2.03244006e+00 
 9.60280000e-08  2.79733359e+00  9.60280000e-08  2.80021262e+00  9.60280000e-08  2.03267281e+00 
 9.61280000e-08  2.79724472e+00  9.61280000e-08  2.80024148e+00  9.61280000e-08  2.03290637e+00 
 9.62280000e-08  2.79715569e+00  9.62280000e-08  2.80026985e+00  9.62280000e-08  2.03314073e+00 
 9.63280000e-08  2.79706652e+00  9.63280000e-08  2.80029772e+00  9.63280000e-08  2.03337587e+00 
 9.64280000e-08  2.79697719e+00  9.64280000e-08  2.80032509e+00  9.64280000e-08  2.03361179e+00 
 9.65280000e-08  2.79688771e+00  9.65280000e-08  2.80035196e+00  9.65280000e-08  2.03384848e+00 
 9.66280000e-08  2.79679810e+00  9.66280000e-08  2.80037832e+00  9.66280000e-08  2.03408593e+00 
 9.67280000e-08  2.79670834e+00  9.67280000e-08  2.80040419e+00  9.67280000e-08  2.03432412e+00 
 9.68280000e-08  2.79661845e+00  9.68280000e-08  2.80042955e+00  9.68280000e-08  2.03456306e+00 
 9.69280000e-08  2.79652842e+00  9.69280000e-08  2.80045440e+00  9.69280000e-08  2.03480273e+00 
 9.70280000e-08  2.79643827e+00  9.70280000e-08  2.80047875e+00  9.70280000e-08  2.03504312e+00 
 9.71280000e-08  2.79634799e+00  9.71280000e-08  2.80050260e+00  9.71280000e-08  2.03528422e+00 
 9.72280000e-08  2.79625759e+00  9.72280000e-08  2.80052593e+00  9.72280000e-08  2.03552603e+00 
 9.73280000e-08  2.79616708e+00  9.73280000e-08  2.80054876e+00  9.73280000e-08  2.03576853e+00 
 9.74280000e-08  2.79607645e+00  9.74280000e-08  2.80057108e+00  9.74280000e-08  2.03601171e+00 
 9.75280000e-08  2.79598570e+00  9.75280000e-08  2.80059288e+00  9.75280000e-08  2.03625556e+00 
 9.76280000e-08  2.79589486e+00  9.76280000e-08  2.80061418e+00  9.76280000e-08  2.03650008e+00 
 9.77280000e-08  2.79580390e+00  9.77280000e-08  2.80063496e+00  9.77280000e-08  2.03674525e+00 
 9.78280000e-08  2.79571285e+00  9.78280000e-08  2.80065523e+00  9.78280000e-08  2.03699107e+00 
 9.79280000e-08  2.79562170e+00  9.79280000e-08  2.80067499e+00  9.79280000e-08  2.03723752e+00 
 9.80280000e-08  2.79553046e+00  9.80280000e-08  2.80069423e+00  9.80280000e-08  2.03748460e+00 
 9.81280000e-08  2.79543913e+00  9.81280000e-08  2.80071296e+00  9.81280000e-08  2.03773229e+00 
 9.82280000e-08  2.79534772e+00  9.82280000e-08  2.80073117e+00  9.82280000e-08  2.03798058e+00 
 9.83280000e-08  2.79525622e+00  9.83280000e-08  2.80074886e+00  9.83280000e-08  2.03822947e+00 
 9.84280000e-08  2.79516464e+00  9.84280000e-08  2.80076604e+00  9.84280000e-08  2.03847895e+00 
 9.85280000e-08  2.79507299e+00  9.85280000e-08  2.80078270e+00  9.85280000e-08  2.03872900e+00 
 9.86280000e-08  2.79498127e+00  9.86280000e-08  2.80079884e+00  9.86280000e-08  2.03897962e+00 
 9.87280000e-08  2.79488948e+00  9.87280000e-08  2.80081445e+00  9.87280000e-08  2.03923079e+00 
 9.88280000e-08  2.79479763e+00  9.88280000e-08  2.80082955e+00  9.88280000e-08  2.03948251e+00 
 9.89280000e-08  2.79470572e+00  9.89280000e-08  2.80084413e+00  9.89280000e-08  2.03973476e+00 
 9.90280000e-08  2.79461375e+00  9.90280000e-08  2.80085819e+00  9.90280000e-08  2.03998754e+00 
 9.91280000e-08  2.79452173e+00  9.91280000e-08  2.80087172e+00  9.91280000e-08  2.04024084e+00 
 9.92280000e-08  2.79442965e+00  9.92280000e-08  2.80088473e+00  9.92280000e-08  2.04049464e+00 
 9.93280000e-08  2.79433754e+00  9.93280000e-08  2.80089722e+00  9.93280000e-08  2.04074893e+00 
 9.94280000e-08  2.79424538e+00  9.94280000e-08  2.80090919e+00  9.94280000e-08  2.04100371e+00 
 9.95280000e-08  2.79415318e+00  9.95280000e-08  2.80092063e+00  9.95280000e-08  2.04125896e+00 
 9.96280000e-08  2.79406095e+00  9.96280000e-08  2.80093155e+00  9.96280000e-08  2.04151468e+00 
 9.97280000e-08  2.79396869e+00  9.97280000e-08  2.80094194e+00  9.97280000e-08  2.04177085e+00 
 9.98280000e-08  2.79387640e+00  9.98280000e-08  2.80095180e+00  9.98280000e-08  2.04202747e+00 
 9.99280000e-08  2.79378408e+00  9.99280000e-08  2.80096114e+00  9.99280000e-08  2.04228452e+00 
 1.00028000e-07  2.79369175e+00  1.00028000e-07  2.80096996e+00  1.00028000e-07  2.04254199e+00 
 1.00128000e-07  2.79359940e+00  1.00128000e-07  2.80097825e+00  1.00128000e-07  2.04279988e+00 
 1.00228000e-07  2.79350704e+00  1.00228000e-07  2.80098601e+00  1.00228000e-07  2.04305817e+00 
 1.00328000e-07  2.79341466e+00  1.00328000e-07  2.80099324e+00  1.00328000e-07  2.04331685e+00 
 1.00428000e-07  2.79332229e+00  1.00428000e-07  2.80099995e+00  1.00428000e-07  2.04357591e+00 
 1.00528000e-07  2.79322991e+00  1.00528000e-07  2.80100613e+00  1.00528000e-07  2.04383535e+00 
 1.00628000e-07  2.79313753e+00  1.00628000e-07  2.80101178e+00  1.00628000e-07  2.04409514e+00 
 1.00728000e-07  2.79304516e+00  1.00728000e-07  2.80101690e+00  1.00728000e-07  2.04435529e+00 
 1.00828000e-07  2.79295279e+00  1.00828000e-07  2.80102149e+00  1.00828000e-07  2.04461578e+00 
 1.00928000e-07  2.79286044e+00  1.00928000e-07  2.80102556e+00  1.00928000e-07  2.04487659e+00 
 1.01028000e-07  2.79276811e+00  1.01028000e-07  2.80102909e+00  1.01028000e-07  2.04513773e+00 
 1.01128000e-07  2.79267580e+00  1.01128000e-07  2.80103210e+00  1.01128000e-07  2.04539918e+00 
 1.01228000e-07  2.79258351e+00  1.01228000e-07  2.80103458e+00  1.01228000e-07  2.04566092e+00 
 1.01328000e-07  2.79249124e+00  1.01328000e-07  2.80103653e+00  1.01328000e-07  2.04592295e+00 
 1.01428000e-07  2.79239901e+00  1.01428000e-07  2.80103795e+00  1.01428000e-07  2.04618526e+00 
 1.01528000e-07  2.79230682e+00  1.01528000e-07  2.80103884e+00  1.01528000e-07  2.04644784e+00 
 1.01628000e-07  2.79221466e+00  1.01628000e-07  2.80103920e+00  1.01628000e-07  2.04671068e+00 
 1.01728000e-07  2.79212254e+00  1.01728000e-07  2.80103903e+00  1.01728000e-07  2.04697375e+00 
 1.01828000e-07  2.79203047e+00  1.01828000e-07  2.80103834e+00  1.01828000e-07  2.04723707e+00 
 1.01928000e-07  2.79193845e+00  1.01928000e-07  2.80103711e+00  1.01928000e-07  2.04750061e+00 
 1.02028000e-07  2.79184648e+00  1.02028000e-07  2.80103535e+00  1.02028000e-07  2.04776436e+00 
 1.02128000e-07  2.79175457e+00  1.02128000e-07  2.80103307e+00  1.02128000e-07  2.04802832e+00 
 1.02228000e-07  2.79166272e+00  1.02228000e-07  2.80103025e+00  1.02228000e-07  2.04829247e+00 
 1.02328000e-07  2.79157093e+00  1.02328000e-07  2.80102691e+00  1.02328000e-07  2.04855680e+00 
 1.02428000e-07  2.79147921e+00  1.02428000e-07  2.80102304e+00  1.02428000e-07  2.04882130e+00 
 1.02528000e-07  2.79138756e+00  1.02528000e-07  2.80101863e+00  1.02528000e-07  2.04908597e+00 
 1.02628000e-07  2.79129598e+00  1.02628000e-07  2.80101370e+00  1.02628000e-07  2.04935078e+00 
 1.02728000e-07  2.79120448e+00  1.02728000e-07  2.80100825e+00  1.02728000e-07  2.04961574e+00 
 1.02828000e-07  2.79111307e+00  1.02828000e-07  2.80100226e+00  1.02828000e-07  2.04988082e+00 
 1.02928000e-07  2.79102174e+00  1.02928000e-07  2.80099574e+00  1.02928000e-07  2.05014603e+00 
 1.03028000e-07  2.79093050e+00  1.03028000e-07  2.80098870e+00  1.03028000e-07  2.05041133e+00 
 1.03128000e-07  2.79083935e+00  1.03128000e-07  2.80098113e+00  1.03128000e-07  2.05067674e+00 
 1.03228000e-07  2.79074830e+00  1.03228000e-07  2.80097304e+00  1.03228000e-07  2.05094223e+00 
 1.03328000e-07  2.79065735e+00  1.03328000e-07  2.80096441e+00  1.03328000e-07  2.05120780e+00 
 1.03428000e-07  2.79056650e+00  1.03428000e-07  2.80095526e+00  1.03428000e-07  2.05147344e+00 
 1.03528000e-07  2.79047576e+00  1.03528000e-07  2.80094559e+00  1.03528000e-07  2.05173913e+00 
 1.03628000e-07  2.79038513e+00  1.03628000e-07  2.80093538e+00  1.03628000e-07  2.05200486e+00 
 1.03728000e-07  2.79029461e+00  1.03728000e-07  2.80092466e+00  1.03728000e-07  2.05227062e+00 
 1.03828000e-07  2.79020421e+00  1.03828000e-07  2.80091341e+00  1.03828000e-07  2.05253641e+00 
 1.03928000e-07  2.79011394e+00  1.03928000e-07  2.80090163e+00  1.03928000e-07  2.05280221e+00 
 1.04028000e-07  2.79002378e+00  1.04028000e-07  2.80088933e+00  1.04028000e-07  2.05306800e+00 
 1.04128000e-07  2.78993376e+00  1.04128000e-07  2.80087650e+00  1.04128000e-07  2.05333379e+00 
 1.04228000e-07  2.78984387e+00  1.04228000e-07  2.80086316e+00  1.04228000e-07  2.05359956e+00 
 1.04328000e-07  2.78975411e+00  1.04328000e-07  2.80084929e+00  1.04328000e-07  2.05386530e+00 
 1.04428000e-07  2.78966450e+00  1.04428000e-07  2.80083490e+00  1.04428000e-07  2.05413099e+00 
 1.04528000e-07  2.78957502e+00  1.04528000e-07  2.80081998e+00  1.04528000e-07  2.05439663e+00 
 1.04628000e-07  2.78948569e+00  1.04628000e-07  2.80080455e+00  1.04628000e-07  2.05466221e+00 
 1.04728000e-07  2.78939651e+00  1.04728000e-07  2.80078860e+00  1.04728000e-07  2.05492772e+00 
 1.04828000e-07  2.78930749e+00  1.04828000e-07  2.80077212e+00  1.04828000e-07  2.05519314e+00 
 1.04928000e-07  2.78921862e+00  1.04928000e-07  2.80075513e+00  1.04928000e-07  2.05545846e+00 
 1.05028000e-07  2.78912991e+00  1.05028000e-07  2.80073762e+00  1.05028000e-07  2.05572368e+00 
 1.05128000e-07  2.78904137e+00  1.05128000e-07  2.80071959e+00  1.05128000e-07  2.05598878e+00 
 1.05228000e-07  2.78895299e+00  1.05228000e-07  2.80070105e+00  1.05228000e-07  2.05625375e+00 
 1.05328000e-07  2.78886479e+00  1.05328000e-07  2.80068199e+00  1.05328000e-07  2.05651858e+00 
 1.05428000e-07  2.78877676e+00  1.05428000e-07  2.80066241e+00  1.05428000e-07  2.05678327e+00 
 1.05528000e-07  2.78868890e+00  1.05528000e-07  2.80064233e+00  1.05528000e-07  2.05704779e+00 
 1.05628000e-07  2.78860123e+00  1.05628000e-07  2.80062172e+00  1.05628000e-07  2.05731215e+00 
 1.05728000e-07  2.78851374e+00  1.05728000e-07  2.80060061e+00  1.05728000e-07  2.05757632e+00 
 1.05828000e-07  2.78842644e+00  1.05828000e-07  2.80057898e+00  1.05828000e-07  2.05784031e+00 
 1.05928000e-07  2.78833933e+00  1.05928000e-07  2.80055684e+00  1.05928000e-07  2.05810409e+00 
 1.06028000e-07  2.78825242e+00  1.06028000e-07  2.80053419e+00  1.06028000e-07  2.05836766e+00 
 1.06128000e-07  2.78816571e+00  1.06128000e-07  2.80051103e+00  1.06128000e-07  2.05863100e+00 
 1.06228000e-07  2.78807919e+00  1.06228000e-07  2.80048736e+00  1.06228000e-07  2.05889411e+00 
 1.06328000e-07  2.78799288e+00  1.06328000e-07  2.80046319e+00  1.06328000e-07  2.05915698e+00 
 1.06428000e-07  2.78790679e+00  1.06428000e-07  2.80043850e+00  1.06428000e-07  2.05941959e+00 
 1.06528000e-07  2.78782090e+00  1.06528000e-07  2.80041332e+00  1.06528000e-07  2.05968193e+00 
 1.06628000e-07  2.78773523e+00  1.06628000e-07  2.80038762e+00  1.06628000e-07  2.05994400e+00 
 1.06728000e-07  2.78764977e+00  1.06728000e-07  2.80036143e+00  1.06728000e-07  2.06020578e+00 
 1.06828000e-07  2.78756454e+00  1.06828000e-07  2.80033473e+00  1.06828000e-07  2.06046727e+00 
 1.06928000e-07  2.78747954e+00  1.06928000e-07  2.80030753e+00  1.06928000e-07  2.06072844e+00 
 1.07028000e-07  2.78739476e+00  1.07028000e-07  2.80027983e+00  1.07028000e-07  2.06098930e+00 
 1.07128000e-07  2.78731022e+00  1.07128000e-07  2.80025163e+00  1.07128000e-07  2.06124983e+00 
 1.07228000e-07  2.78722591e+00  1.07228000e-07  2.80022294e+00  1.07228000e-07  2.06151002e+00 
 1.07328000e-07  2.78714184e+00  1.07328000e-07  2.80019374e+00  1.07328000e-07  2.06176986e+00 
 1.07428000e-07  2.78705802e+00  1.07428000e-07  2.80016405e+00  1.07428000e-07  2.06202934e+00 
 1.07528000e-07  2.78697444e+00  1.07528000e-07  2.80013387e+00  1.07528000e-07  2.06228845e+00 
 1.07628000e-07  2.78689110e+00  1.07628000e-07  2.80010319e+00  1.07628000e-07  2.06254717e+00 
 1.07728000e-07  2.78680802e+00  1.07728000e-07  2.80007202e+00  1.07728000e-07  2.06280551e+00 
 1.07828000e-07  2.78672520e+00  1.07828000e-07  2.80004036e+00  1.07828000e-07  2.06306344e+00 
 1.07928000e-07  2.78664263e+00  1.07928000e-07  2.80000821e+00  1.07928000e-07  2.06332097e+00 
 1.08028000e-07  2.78656033e+00  1.08028000e-07  2.79997557e+00  1.08028000e-07  2.06357807e+00 
 1.08128000e-07  2.78647829e+00  1.08128000e-07  2.79994245e+00  1.08128000e-07  2.06383473e+00 
 1.08228000e-07  2.78639652e+00  1.08228000e-07  2.79990884e+00  1.08228000e-07  2.06409096e+00 
 1.08328000e-07  2.78631502e+00  1.08328000e-07  2.79987474e+00  1.08328000e-07  2.06434673e+00 
 1.08428000e-07  2.78623380e+00  1.08428000e-07  2.79984016e+00  1.08428000e-07  2.06460203e+00 
 1.08528000e-07  2.78615285e+00  1.08528000e-07  2.79980510e+00  1.08528000e-07  2.06485686e+00 
 1.08628000e-07  2.78607219e+00  1.08628000e-07  2.79976956e+00  1.08628000e-07  2.06511121e+00 
 1.08728000e-07  2.78599181e+00  1.08728000e-07  2.79973354e+00  1.08728000e-07  2.06536507e+00 
 1.08828000e-07  2.78591172e+00  1.08828000e-07  2.79969704e+00  1.08828000e-07  2.06561841e+00 
 1.08928000e-07  2.78583191e+00  1.08928000e-07  2.79966007e+00  1.08928000e-07  2.06587125e+00 
 1.09028000e-07  2.78575241e+00  1.09028000e-07  2.79962262e+00  1.09028000e-07  2.06612356e+00 
 1.09128000e-07  2.78567320e+00  1.09128000e-07  2.79958470e+00  1.09128000e-07  2.06637533e+00 
 1.09228000e-07  2.78559429e+00  1.09228000e-07  2.79954631e+00  1.09228000e-07  2.06662656e+00 
 1.09328000e-07  2.78551568e+00  1.09328000e-07  2.79950745e+00  1.09328000e-07  2.06687724e+00 
 1.09428000e-07  2.78543738e+00  1.09428000e-07  2.79946811e+00  1.09428000e-07  2.06712735e+00 
 1.09528000e-07  2.78535939e+00  1.09528000e-07  2.79942832e+00  1.09528000e-07  2.06737688e+00 
 1.09628000e-07  2.78528171e+00  1.09628000e-07  2.79938805e+00  1.09628000e-07  2.06762583e+00 
 1.09728000e-07  2.78520435e+00  1.09728000e-07  2.79934733e+00  1.09728000e-07  2.06787419e+00 
 1.09828000e-07  2.78512730e+00  1.09828000e-07  2.79930614e+00  1.09828000e-07  2.06812194e+00 
 1.09928000e-07  2.78505058e+00  1.09928000e-07  2.79926449e+00  1.09928000e-07  2.06836907e+00 
 1.10028000e-07  2.78497418e+00  1.10028000e-07  2.79922238e+00  1.10028000e-07  2.06861558e+00 
 1.10128000e-07  2.78489811e+00  1.10128000e-07  2.79917982e+00  1.10128000e-07  2.06886146e+00 
 1.10228000e-07  2.78482237e+00  1.10228000e-07  2.79913680e+00  1.10228000e-07  2.06910669e+00 
 1.10328000e-07  2.78474697e+00  1.10328000e-07  2.79909332e+00  1.10328000e-07  2.06935126e+00 
 1.10428000e-07  2.78467190e+00  1.10428000e-07  2.79904940e+00  1.10428000e-07  2.06959518e+00 
 1.10528000e-07  2.78459717e+00  1.10528000e-07  2.79900502e+00  1.10528000e-07  2.06983842e+00 
 1.10628000e-07  2.78452278e+00  1.10628000e-07  2.79896019e+00  1.10628000e-07  2.07008097e+00 
 1.10728000e-07  2.78444874e+00  1.10728000e-07  2.79891492e+00  1.10728000e-07  2.07032284e+00 
 1.10828000e-07  2.78437505e+00  1.10828000e-07  2.79886921e+00  1.10828000e-07  2.07056400e+00 
 1.10928000e-07  2.78430171e+00  1.10928000e-07  2.79882305e+00  1.10928000e-07  2.07080445e+00 
 1.11028000e-07  2.78422872e+00  1.11028000e-07  2.79877645e+00  1.11028000e-07  2.07104418e+00 
 1.11128000e-07  2.78415609e+00  1.11128000e-07  2.79872941e+00  1.11128000e-07  2.07128317e+00 
 1.11228000e-07  2.78408382e+00  1.11228000e-07  2.79868193e+00  1.11228000e-07  2.07152143e+00 
 1.11328000e-07  2.78401192e+00  1.11328000e-07  2.79863402e+00  1.11328000e-07  2.07175893e+00 
 1.11428000e-07  2.78394038e+00  1.11428000e-07  2.79858567e+00  1.11428000e-07  2.07199568e+00 
 1.11528000e-07  2.78386920e+00  1.11528000e-07  2.79853689e+00  1.11528000e-07  2.07223165e+00 
 1.11628000e-07  2.78379840e+00  1.11628000e-07  2.79848769e+00  1.11628000e-07  2.07246685e+00 
 1.11728000e-07  2.78372798e+00  1.11728000e-07  2.79843805e+00  1.11728000e-07  2.07270126e+00 
 1.11828000e-07  2.78365792e+00  1.11828000e-07  2.79838799e+00  1.11828000e-07  2.07293488e+00 
 1.11928000e-07  2.78358825e+00  1.11928000e-07  2.79833750e+00  1.11928000e-07  2.07316768e+00 
 1.12028000e-07  2.78351897e+00  1.12028000e-07  2.79828660e+00  1.12028000e-07  2.07339967e+00 
 1.12128000e-07  2.78345006e+00  1.12128000e-07  2.79823527e+00  1.12128000e-07  2.07363084e+00 
 1.12228000e-07  2.78338155e+00  1.12228000e-07  2.79818353e+00  1.12228000e-07  2.07386117e+00 
 1.12328000e-07  2.78331342e+00  1.12328000e-07  2.79813136e+00  1.12328000e-07  2.07409066e+00 
 1.12428000e-07  2.78324569e+00  1.12428000e-07  2.79807879e+00  1.12428000e-07  2.07431930e+00 
 1.12528000e-07  2.78317835e+00  1.12528000e-07  2.79802580e+00  1.12528000e-07  2.07454708e+00 
 1.12628000e-07  2.78311142e+00  1.12628000e-07  2.79797241e+00  1.12628000e-07  2.07477399e+00 
 1.12728000e-07  2.78304488e+00  1.12728000e-07  2.79791861e+00  1.12728000e-07  2.07500001e+00 
 1.12828000e-07  2.78297875e+00  1.12828000e-07  2.79786440e+00  1.12828000e-07  2.07522515e+00 
 1.12928000e-07  2.78291302e+00  1.12928000e-07  2.79780979e+00  1.12928000e-07  2.07544940e+00 
 1.13028000e-07  2.78284771e+00  1.13028000e-07  2.79775478e+00  1.13028000e-07  2.07567273e+00 
 1.13128000e-07  2.78278280e+00  1.13128000e-07  2.79769937e+00  1.13128000e-07  2.07589516e+00 
 1.13228000e-07  2.78271831e+00  1.13228000e-07  2.79764356e+00  1.13228000e-07  2.07611666e+00 
 1.13328000e-07  2.78265423e+00  1.13328000e-07  2.79758736e+00  1.13328000e-07  2.07633722e+00 
 1.13428000e-07  2.78259058e+00  1.13428000e-07  2.79753077e+00  1.13428000e-07  2.07655685e+00 
 1.13528000e-07  2.78252734e+00  1.13528000e-07  2.79747378e+00  1.13528000e-07  2.07677553e+00 
 1.13628000e-07  2.78246453e+00  1.13628000e-07  2.79741641e+00  1.13628000e-07  2.07699325e+00 
 1.13728000e-07  2.78240215e+00  1.13728000e-07  2.79735866e+00  1.13728000e-07  2.07721000e+00 
 1.13828000e-07  2.78234020e+00  1.13828000e-07  2.79730052e+00  1.13828000e-07  2.07742578e+00 
 1.13928000e-07  2.78227867e+00  1.13928000e-07  2.79724200e+00  1.13928000e-07  2.07764057e+00 
 1.14028000e-07  2.78221759e+00  1.14028000e-07  2.79718310e+00  1.14028000e-07  2.07785438e+00 
 1.14128000e-07  2.78215693e+00  1.14128000e-07  2.79712383e+00  1.14128000e-07  2.07806718e+00 
 1.14228000e-07  2.78209672e+00  1.14228000e-07  2.79706418e+00  1.14228000e-07  2.07827897e+00 
 1.14328000e-07  2.78203695e+00  1.14328000e-07  2.79700416e+00  1.14328000e-07  2.07848975e+00 
 1.14428000e-07  2.78197762e+00  1.14428000e-07  2.79694377e+00  1.14428000e-07  2.07869950e+00 
 1.14528000e-07  2.78191873e+00  1.14528000e-07  2.79688302e+00  1.14528000e-07  2.07890822e+00 
 1.14628000e-07  2.78186030e+00  1.14628000e-07  2.79682190e+00  1.14628000e-07  2.07911590e+00 
 1.14728000e-07  2.78180231e+00  1.14728000e-07  2.79676042e+00  1.14728000e-07  2.07932253e+00 
 1.14828000e-07  2.78174478e+00  1.14828000e-07  2.79669859e+00  1.14828000e-07  2.07952810e+00 
 1.14928000e-07  2.78168771e+00  1.14928000e-07  2.79663639e+00  1.14928000e-07  2.07973260e+00 
 1.15028000e-07  2.78163109e+00  1.15028000e-07  2.79657384e+00  1.15028000e-07  2.07993603e+00 
 1.15128000e-07  2.78157492e+00  1.15128000e-07  2.79651094e+00  1.15128000e-07  2.08013838e+00 
 1.15228000e-07  2.78151923e+00  1.15228000e-07  2.79644769e+00  1.15228000e-07  2.08033964e+00 
 1.15328000e-07  2.78146399e+00  1.15328000e-07  2.79638409e+00  1.15328000e-07  2.08053980e+00 
 1.15428000e-07  2.78140922e+00  1.15428000e-07  2.79632015e+00  1.15428000e-07  2.08073885e+00 
 1.15528000e-07  2.78135492e+00  1.15528000e-07  2.79625586e+00  1.15528000e-07  2.08093680e+00 
 1.15628000e-07  2.78130109e+00  1.15628000e-07  2.79619124e+00  1.15628000e-07  2.08113362e+00 
 1.15728000e-07  2.78124773e+00  1.15728000e-07  2.79612628e+00  1.15728000e-07  2.08132931e+00 
 1.15828000e-07  2.78119485e+00  1.15828000e-07  2.79606099e+00  1.15828000e-07  2.08152387e+00 
 1.15928000e-07  2.78114244e+00  1.15928000e-07  2.79599536e+00  1.15928000e-07  2.08171729e+00 
 1.16028000e-07  2.78109051e+00  1.16028000e-07  2.79592941e+00  1.16028000e-07  2.08190955e+00 
 1.16128000e-07  2.78103906e+00  1.16128000e-07  2.79586313e+00  1.16128000e-07  2.08210066e+00 
 1.16228000e-07  2.78098810e+00  1.16228000e-07  2.79579653e+00  1.16228000e-07  2.08229059e+00 
 1.16328000e-07  2.78093762e+00  1.16328000e-07  2.79572960e+00  1.16328000e-07  2.08247936e+00 
 1.16428000e-07  2.78088763e+00  1.16428000e-07  2.79566236e+00  1.16428000e-07  2.08266695e+00 
 1.16528000e-07  2.78083812e+00  1.16528000e-07  2.79559480e+00  1.16528000e-07  2.08285334e+00 
 1.16628000e-07  2.78078911e+00  1.16628000e-07  2.79552693e+00  1.16628000e-07  2.08303855e+00 
 1.16728000e-07  2.78074058e+00  1.16728000e-07  2.79545875e+00  1.16728000e-07  2.08322255e+00 
 1.16828000e-07  2.78069256e+00  1.16828000e-07  2.79539026e+00  1.16828000e-07  2.08340534e+00 
 1.16928000e-07  2.78064503e+00  1.16928000e-07  2.79532146e+00  1.16928000e-07  2.08358691e+00 
 1.17028000e-07  2.78059799e+00  1.17028000e-07  2.79525237e+00  1.17028000e-07  2.08376726e+00 
 1.17128000e-07  2.78055146e+00  1.17128000e-07  2.79518297e+00  1.17128000e-07  2.08394638e+00 
 1.17228000e-07  2.78050543e+00  1.17228000e-07  2.79511328e+00  1.17228000e-07  2.08412427e+00 
 1.17328000e-07  2.78045990e+00  1.17328000e-07  2.79504329e+00  1.17328000e-07  2.08430091e+00 
 1.17428000e-07  2.78041488e+00  1.17428000e-07  2.79497301e+00  1.17428000e-07  2.08447629e+00 
 1.17528000e-07  2.78037037e+00  1.17528000e-07  2.79490245e+00  1.17528000e-07  2.08465043e+00 
 1.17628000e-07  2.78032636e+00  1.17628000e-07  2.79483159e+00  1.17628000e-07  2.08482329e+00 
 1.17728000e-07  2.78028287e+00  1.17728000e-07  2.79476046e+00  1.17728000e-07  2.08499489e+00 
 1.17828000e-07  2.78023988e+00  1.17828000e-07  2.79468904e+00  1.17828000e-07  2.08516521e+00 
 1.17928000e-07  2.78019741e+00  1.17928000e-07  2.79461735e+00  1.17928000e-07  2.08533424e+00 
 1.18028000e-07  2.78015546e+00  1.18028000e-07  2.79454539e+00  1.18028000e-07  2.08550198e+00 
 1.18128000e-07  2.78011403e+00  1.18128000e-07  2.79447315e+00  1.18128000e-07  2.08566843e+00 
 1.18228000e-07  2.78007311e+00  1.18228000e-07  2.79440064e+00  1.18228000e-07  2.08583357e+00 
 1.18328000e-07  2.78003272e+00  1.18328000e-07  2.79432787e+00  1.18328000e-07  2.08599740e+00 
 1.18428000e-07  2.77999284e+00  1.18428000e-07  2.79425484e+00  1.18428000e-07  2.08615992e+00 
 1.18528000e-07  2.77995350e+00  1.18528000e-07  2.79418154e+00  1.18528000e-07  2.08632111e+00 
 1.18628000e-07  2.77991467e+00  1.18628000e-07  2.79410799e+00  1.18628000e-07  2.08648098e+00 
 1.18728000e-07  2.77987637e+00  1.18728000e-07  2.79403418e+00  1.18728000e-07  2.08663951e+00 
 1.18828000e-07  2.77983861e+00  1.18828000e-07  2.79396013e+00  1.18828000e-07  2.08679670e+00 
 1.18928000e-07  2.77980137e+00  1.18928000e-07  2.79388582e+00  1.18928000e-07  2.08695254e+00 
 1.19028000e-07  2.77976466e+00  1.19028000e-07  2.79381127e+00  1.19028000e-07  2.08710703e+00 
 1.19128000e-07  2.77972849e+00  1.19128000e-07  2.79373648e+00  1.19128000e-07  2.08726017e+00 
 1.19228000e-07  2.77969285e+00  1.19228000e-07  2.79366144e+00  1.19228000e-07  2.08741194e+00 
 1.19328000e-07  2.77965774e+00  1.19328000e-07  2.79358617e+00  1.19328000e-07  2.08756233e+00 
 1.19428000e-07  2.77962318e+00  1.19428000e-07  2.79351067e+00  1.19428000e-07  2.08771136e+00 
 1.19528000e-07  2.77958915e+00  1.19528000e-07  2.79343494e+00  1.19528000e-07  2.08785900e+00 
 1.19628000e-07  2.77955566e+00  1.19628000e-07  2.79335898e+00  1.19628000e-07  2.08800525e+00 
 1.19728000e-07  2.77952271e+00  1.19728000e-07  2.79328279e+00  1.19728000e-07  2.08815011e+00 
 1.19828000e-07  2.77949030e+00  1.19828000e-07  2.79320638e+00  1.19828000e-07  2.08829358e+00 
 1.19928000e-07  2.77945844e+00  1.19928000e-07  2.79312976e+00  1.19928000e-07  2.08843563e+00 
 1.20028000e-07  2.77942713e+00  1.20028000e-07  2.79305292e+00  1.20028000e-07  2.08857629e+00 
 1.20128000e-07  2.77939635e+00  1.20128000e-07  2.79297586e+00  1.20128000e-07  2.08871552e+00 
 1.20228000e-07  2.77936613e+00  1.20228000e-07  2.79289860e+00  1.20228000e-07  2.08885334e+00 
 1.20328000e-07  2.77933646e+00  1.20328000e-07  2.79282113e+00  1.20328000e-07  2.08898973e+00 
 1.20428000e-07  2.77930733e+00  1.20428000e-07  2.79274345e+00  1.20428000e-07  2.08912469e+00 
 1.20528000e-07  2.77927875e+00  1.20528000e-07  2.79266558e+00  1.20528000e-07  2.08925822e+00 
 1.20628000e-07  2.77925073e+00  1.20628000e-07  2.79258751e+00  1.20628000e-07  2.08939030e+00 
 1.20728000e-07  2.77922326e+00  1.20728000e-07  2.79250925e+00  1.20728000e-07  2.08952094e+00 
 1.20828000e-07  2.77919635e+00  1.20828000e-07  2.79243079e+00  1.20828000e-07  2.08965013e+00 
 1.20928000e-07  2.77916999e+00  1.20928000e-07  2.79235215e+00  1.20928000e-07  2.08977787e+00 
 1.21028000e-07  2.77914418e+00  1.21028000e-07  2.79227332e+00  1.21028000e-07  2.08990415e+00 
 1.21128000e-07  2.77911893e+00  1.21128000e-07  2.79219431e+00  1.21128000e-07  2.09002896e+00 
 1.21228000e-07  2.77909424e+00  1.21228000e-07  2.79211512e+00  1.21228000e-07  2.09015230e+00 
 1.21328000e-07  2.77907011e+00  1.21328000e-07  2.79203575e+00  1.21328000e-07  2.09027417e+00 
 1.21428000e-07  2.77904654e+00  1.21428000e-07  2.79195621e+00  1.21428000e-07  2.09039456e+00 
 1.21528000e-07  2.77902354e+00  1.21528000e-07  2.79187651e+00  1.21528000e-07  2.09051347e+00 
 1.21628000e-07  2.77900109e+00  1.21628000e-07  2.79179664e+00  1.21628000e-07  2.09063089e+00 
 1.21728000e-07  2.77897921e+00  1.21728000e-07  2.79171660e+00  1.21728000e-07  2.09074681e+00 
 1.21828000e-07  2.77895789e+00  1.21828000e-07  2.79163641e+00  1.21828000e-07  2.09086124e+00 
 1.21928000e-07  2.77893713e+00  1.21928000e-07  2.79155605e+00  1.21928000e-07  2.09097417e+00 
 1.22028000e-07  2.77891694e+00  1.22028000e-07  2.79147555e+00  1.22028000e-07  2.09108560e+00 
 1.22128000e-07  2.77889731e+00  1.22128000e-07  2.79139489e+00  1.22128000e-07  2.09119552e+00 
 1.22228000e-07  2.77887826e+00  1.22228000e-07  2.79131409e+00  1.22228000e-07  2.09130392e+00 
 1.22328000e-07  2.77885977e+00  1.22328000e-07  2.79123314e+00  1.22328000e-07  2.09141081e+00 
 1.22428000e-07  2.77884185e+00  1.22428000e-07  2.79115206e+00  1.22428000e-07  2.09151617e+00 
 1.22528000e-07  2.77882449e+00  1.22528000e-07  2.79107083e+00  1.22528000e-07  2.09162001e+00 
 1.22628000e-07  2.77880771e+00  1.22628000e-07  2.79098947e+00  1.22628000e-07  2.09172233e+00 
 1.22728000e-07  2.77879150e+00  1.22728000e-07  2.79090798e+00  1.22728000e-07  2.09182310e+00 
 1.22828000e-07  2.77877586e+00  1.22828000e-07  2.79082636e+00  1.22828000e-07  2.09192235e+00 
 1.22928000e-07  2.77876079e+00  1.22928000e-07  2.79074462e+00  1.22928000e-07  2.09202005e+00 
 1.23028000e-07  2.77874629e+00  1.23028000e-07  2.79066276e+00  1.23028000e-07  2.09211621e+00 
 1.23128000e-07  2.77873237e+00  1.23128000e-07  2.79058077e+00  1.23128000e-07  2.09221082e+00 
 1.23228000e-07  2.77871902e+00  1.23228000e-07  2.79049867e+00  1.23228000e-07  2.09230388e+00 
 1.23328000e-07  2.77870624e+00  1.23328000e-07  2.79041646e+00  1.23328000e-07  2.09239538e+00 
 1.23428000e-07  2.77869404e+00  1.23428000e-07  2.79033415e+00  1.23428000e-07  2.09248533e+00 
 1.23528000e-07  2.77868241e+00  1.23528000e-07  2.79025172e+00  1.23528000e-07  2.09257371e+00 
 1.23628000e-07  2.77867136e+00  1.23628000e-07  2.79016920e+00  1.23628000e-07  2.09266053e+00 
 1.23728000e-07  2.77866088e+00  1.23728000e-07  2.79008657e+00  1.23728000e-07  2.09274579e+00 
 1.23828000e-07  2.77865098e+00  1.23828000e-07  2.79000385e+00  1.23828000e-07  2.09282947e+00 
 1.23928000e-07  2.77864166e+00  1.23928000e-07  2.78992104e+00  1.23928000e-07  2.09291158e+00 
 1.24028000e-07  2.77863291e+00  1.24028000e-07  2.78983814e+00  1.24028000e-07  2.09299211e+00 
 1.24128000e-07  2.77862474e+00  1.24128000e-07  2.78975515e+00  1.24128000e-07  2.09307106e+00 
 1.24228000e-07  2.77861715e+00  1.24228000e-07  2.78967208e+00  1.24228000e-07  2.09314843e+00 
 1.24328000e-07  2.77861014e+00  1.24328000e-07  2.78958893e+00  1.24328000e-07  2.09322421e+00 
 1.24428000e-07  2.77860370e+00  1.24428000e-07  2.78950570e+00  1.24428000e-07  2.09329841e+00 
 1.24528000e-07  2.77859785e+00  1.24528000e-07  2.78942241e+00  1.24528000e-07  2.09337101e+00 
 1.24628000e-07  2.77859257e+00  1.24628000e-07  2.78933904e+00  1.24628000e-07  2.09344202e+00 
 1.24728000e-07  2.77858787e+00  1.24728000e-07  2.78925561e+00  1.24728000e-07  2.09351143e+00 
 1.24828000e-07  2.77858375e+00  1.24828000e-07  2.78917211e+00  1.24828000e-07  2.09357924e+00 
 1.24928000e-07  2.77858021e+00  1.24928000e-07  2.78908855e+00  1.24928000e-07  2.09364545e+00 
 1.25028000e-07  2.77857725e+00  1.25028000e-07  2.78900494e+00  1.25028000e-07  2.09371006e+00 
 1.25128000e-07  2.77857486e+00  1.25128000e-07  2.78892127e+00  1.25128000e-07  2.09377306e+00 
 1.25228000e-07  2.77857306e+00  1.25228000e-07  2.78883756e+00  1.25228000e-07  2.09383445e+00 
 1.25328000e-07  2.77857184e+00  1.25328000e-07  2.78875380e+00  1.25328000e-07  2.09389423e+00 
 1.25428000e-07  2.77857120e+00  1.25428000e-07  2.78866999e+00  1.25428000e-07  2.09395239e+00 
 1.25528000e-07  2.77857113e+00  1.25528000e-07  2.78858615e+00  1.25528000e-07  2.09400894e+00 
 1.25628000e-07  2.77857165e+00  1.25628000e-07  2.78850227e+00  1.25628000e-07  2.09406388e+00 
 1.25728000e-07  2.77857274e+00  1.25728000e-07  2.78841835e+00  1.25728000e-07  2.09411719e+00 
 1.25828000e-07  2.77857442e+00  1.25828000e-07  2.78833441e+00  1.25828000e-07  2.09416888e+00 
 1.25928000e-07  2.77857668e+00  1.25928000e-07  2.78825044e+00  1.25928000e-07  2.09421895e+00 
 1.26028000e-07  2.77857951e+00  1.26028000e-07  2.78816644e+00  1.26028000e-07  2.09426739e+00 
 1.26128000e-07  2.77858292e+00  1.26128000e-07  2.78808243e+00  1.26128000e-07  2.09431421e+00 
 1.26228000e-07  2.77858692e+00  1.26228000e-07  2.78799839e+00  1.26228000e-07  2.09435940e+00 
 1.26328000e-07  2.77859149e+00  1.26328000e-07  2.78791435e+00  1.26328000e-07  2.09440295e+00 
 1.26428000e-07  2.77859664e+00  1.26428000e-07  2.78783030e+00  1.26428000e-07  2.09444488e+00 
 1.26528000e-07  2.77860237e+00  1.26528000e-07  2.78774623e+00  1.26528000e-07  2.09448517e+00 
 1.26628000e-07  2.77860868e+00  1.26628000e-07  2.78766217e+00  1.26628000e-07  2.09452382e+00 
 1.26728000e-07  2.77861557e+00  1.26728000e-07  2.78757810e+00  1.26728000e-07  2.09456084e+00 
 1.26828000e-07  2.77862303e+00  1.26828000e-07  2.78749404e+00  1.26828000e-07  2.09459623e+00 
 1.26928000e-07  2.77863108e+00  1.26928000e-07  2.78740998e+00  1.26928000e-07  2.09462997e+00 
 1.27028000e-07  2.77863970e+00  1.27028000e-07  2.78732594e+00  1.27028000e-07  2.09466207e+00 
 1.27128000e-07  2.77864890e+00  1.27128000e-07  2.78724190e+00  1.27128000e-07  2.09469253e+00 
 1.27228000e-07  2.77865867e+00  1.27228000e-07  2.78715789e+00  1.27228000e-07  2.09472135e+00 
 1.27328000e-07  2.77866902e+00  1.27328000e-07  2.78707389e+00  1.27328000e-07  2.09474853e+00 
 1.27428000e-07  2.77867995e+00  1.27428000e-07  2.78698992e+00  1.27428000e-07  2.09477406e+00 
 1.27528000e-07  2.77869145e+00  1.27528000e-07  2.78690597e+00  1.27528000e-07  2.09479794e+00 
 1.27628000e-07  2.77870353e+00  1.27628000e-07  2.78682205e+00  1.27628000e-07  2.09482018e+00 
 1.27728000e-07  2.77871618e+00  1.27728000e-07  2.78673816e+00  1.27728000e-07  2.09484077e+00 
 1.27828000e-07  2.77872940e+00  1.27828000e-07  2.78665431e+00  1.27828000e-07  2.09485971e+00 
 1.27928000e-07  2.77874320e+00  1.27928000e-07  2.78657050e+00  1.27928000e-07  2.09487701e+00 
 1.28028000e-07  2.77875757e+00  1.28028000e-07  2.78648674e+00  1.28028000e-07  2.09489265e+00 
 1.28128000e-07  2.77877252e+00  1.28128000e-07  2.78640301e+00  1.28128000e-07  2.09490665e+00 
 1.28228000e-07  2.77878803e+00  1.28228000e-07  2.78631934e+00  1.28228000e-07  2.09491900e+00 
 1.28328000e-07  2.77880412e+00  1.28328000e-07  2.78623572e+00  1.28328000e-07  2.09492969e+00 
 1.28428000e-07  2.77882078e+00  1.28428000e-07  2.78615216e+00  1.28428000e-07  2.09493873e+00 
 1.28528000e-07  2.77883801e+00  1.28528000e-07  2.78606865e+00  1.28528000e-07  2.09494613e+00 
 1.28628000e-07  2.77885581e+00  1.28628000e-07  2.78598521e+00  1.28628000e-07  2.09495187e+00 
 1.28728000e-07  2.77887417e+00  1.28728000e-07  2.78590184e+00  1.28728000e-07  2.09495596e+00 
 1.28828000e-07  2.77889311e+00  1.28828000e-07  2.78581853e+00  1.28828000e-07  2.09495840e+00 
 1.28928000e-07  2.77891261e+00  1.28928000e-07  2.78573529e+00  1.28928000e-07  2.09495918e+00 
 1.29028000e-07  2.77893268e+00  1.29028000e-07  2.78565213e+00  1.29028000e-07  2.09495831e+00 
 1.29128000e-07  2.77895331e+00  1.29128000e-07  2.78556905e+00  1.29128000e-07  2.09495580e+00 
 1.29228000e-07  2.77897451e+00  1.29228000e-07  2.78548605e+00  1.29228000e-07  2.09495163e+00 
 1.29328000e-07  2.77899627e+00  1.29328000e-07  2.78540314e+00  1.29328000e-07  2.09494580e+00 
 1.29428000e-07  2.77901859e+00  1.29428000e-07  2.78532032e+00  1.29428000e-07  2.09493833e+00 
 1.29528000e-07  2.77904148e+00  1.29528000e-07  2.78523758e+00  1.29528000e-07  2.09492921e+00 
 1.29628000e-07  2.77906493e+00  1.29628000e-07  2.78515495e+00  1.29628000e-07  2.09491843e+00 
 1.29728000e-07  2.77908894e+00  1.29728000e-07  2.78507241e+00  1.29728000e-07  2.09490601e+00 
 1.29828000e-07  2.77911351e+00  1.29828000e-07  2.78498997e+00  1.29828000e-07  2.09489193e+00 
 1.29928000e-07  2.77913863e+00  1.29928000e-07  2.78490764e+00  1.29928000e-07  2.09487621e+00 
 1.30028000e-07  2.77916432e+00  1.30028000e-07  2.78482541e+00  1.30028000e-07  2.09485884e+00 
 1.30128000e-07  2.77919056e+00  1.30128000e-07  2.78474330e+00  1.30128000e-07  2.09483982e+00 
 1.30228000e-07  2.77921736e+00  1.30228000e-07  2.78466130e+00  1.30228000e-07  2.09481915e+00 
 1.30328000e-07  2.77924471e+00  1.30328000e-07  2.78457942e+00  1.30328000e-07  2.09479683e+00 
 1.30428000e-07  2.77927261e+00  1.30428000e-07  2.78449766e+00  1.30428000e-07  2.09477287e+00 
 1.30528000e-07  2.77930107e+00  1.30528000e-07  2.78441602e+00  1.30528000e-07  2.09474727e+00 
 1.30628000e-07  2.77933007e+00  1.30628000e-07  2.78433452e+00  1.30628000e-07  2.09472002e+00 
 1.30728000e-07  2.77935963e+00  1.30728000e-07  2.78425314e+00  1.30728000e-07  2.09469113e+00 
 1.30828000e-07  2.77938974e+00  1.30828000e-07  2.78417190e+00  1.30828000e-07  2.09466060e+00 
 1.30928000e-07  2.77942039e+00  1.30928000e-07  2.78409079e+00  1.30928000e-07  2.09462843e+00 
 1.31028000e-07  2.77945159e+00  1.31028000e-07  2.78400982e+00  1.31028000e-07  2.09459462e+00 
 1.31128000e-07  2.77948334e+00  1.31128000e-07  2.78392900e+00  1.31128000e-07  2.09455917e+00 
 1.31228000e-07  2.77951563e+00  1.31228000e-07  2.78384832e+00  1.31228000e-07  2.09452208e+00 
 1.31328000e-07  2.77954846e+00  1.31328000e-07  2.78376780e+00  1.31328000e-07  2.09448336e+00 
 1.31428000e-07  2.77958183e+00  1.31428000e-07  2.78368743e+00  1.31428000e-07  2.09444300e+00 
 1.31528000e-07  2.77961575e+00  1.31528000e-07  2.78360721e+00  1.31528000e-07  2.09440102e+00 
 1.31628000e-07  2.77965020e+00  1.31628000e-07  2.78352715e+00  1.31628000e-07  2.09435740e+00 
 1.31728000e-07  2.77968519e+00  1.31728000e-07  2.78344726e+00  1.31728000e-07  2.09431215e+00 
 1.31828000e-07  2.77972072e+00  1.31828000e-07  2.78336753e+00  1.31828000e-07  2.09426528e+00 
 1.31928000e-07  2.77975678e+00  1.31928000e-07  2.78328796e+00  1.31928000e-07  2.09421678e+00 
 1.32028000e-07  2.77979337e+00  1.32028000e-07  2.78320858e+00  1.32028000e-07  2.09416666e+00 
 1.32128000e-07  2.77983050e+00  1.32128000e-07  2.78312936e+00  1.32128000e-07  2.09411491e+00 
 1.32228000e-07  2.77986815e+00  1.32228000e-07  2.78305033e+00  1.32228000e-07  2.09406155e+00 
 1.32328000e-07  2.77990634e+00  1.32328000e-07  2.78297147e+00  1.32328000e-07  2.09400657e+00 
 1.32428000e-07  2.77994505e+00  1.32428000e-07  2.78289280e+00  1.32428000e-07  2.09394997e+00 
 1.32528000e-07  2.77998429e+00  1.32528000e-07  2.78281432e+00  1.32528000e-07  2.09389176e+00 
 1.32628000e-07  2.78002405e+00  1.32628000e-07  2.78273603e+00  1.32628000e-07  2.09383193e+00 
 1.32728000e-07  2.78006434e+00  1.32728000e-07  2.78265793e+00  1.32728000e-07  2.09377050e+00 
 1.32828000e-07  2.78010514e+00  1.32828000e-07  2.78258002e+00  1.32828000e-07  2.09370746e+00 
 1.32928000e-07  2.78014647e+00  1.32928000e-07  2.78250232e+00  1.32928000e-07  2.09364282e+00 
 1.33028000e-07  2.78018831e+00  1.33028000e-07  2.78242482e+00  1.33028000e-07  2.09357657e+00 
 1.33128000e-07  2.78023067e+00  1.33128000e-07  2.78234753e+00  1.33128000e-07  2.09350873e+00 
 1.33228000e-07  2.78027355e+00  1.33228000e-07  2.78227044e+00  1.33228000e-07  2.09343928e+00 
 1.33328000e-07  2.78031693e+00  1.33328000e-07  2.78219357e+00  1.33328000e-07  2.09336825e+00 
 1.33428000e-07  2.78036083e+00  1.33428000e-07  2.78211691e+00  1.33428000e-07  2.09329562e+00 
 1.33528000e-07  2.78040524e+00  1.33528000e-07  2.78204047e+00  1.33528000e-07  2.09322140e+00 
 1.33628000e-07  2.78045016e+00  1.33628000e-07  2.78196426e+00  1.33628000e-07  2.09314559e+00 
 1.33728000e-07  2.78049558e+00  1.33728000e-07  2.78188826e+00  1.33728000e-07  2.09306821e+00 
 1.33828000e-07  2.78054150e+00  1.33828000e-07  2.78181249e+00  1.33828000e-07  2.09298924e+00 
 1.33928000e-07  2.78058793e+00  1.33928000e-07  2.78173696e+00  1.33928000e-07  2.09290869e+00 
 1.34028000e-07  2.78063486e+00  1.34028000e-07  2.78166165e+00  1.34028000e-07  2.09282657e+00 
 1.34128000e-07  2.78068229e+00  1.34128000e-07  2.78158658e+00  1.34128000e-07  2.09274288e+00 
 1.34228000e-07  2.78073022e+00  1.34228000e-07  2.78151175e+00  1.34228000e-07  2.09265762e+00 
 1.34328000e-07  2.78077864e+00  1.34328000e-07  2.78143716e+00  1.34328000e-07  2.09257079e+00 
 1.34428000e-07  2.78082755e+00  1.34428000e-07  2.78136282e+00  1.34428000e-07  2.09248240e+00 
 1.34528000e-07  2.78087695e+00  1.34528000e-07  2.78128873e+00  1.34528000e-07  2.09239246e+00 
 1.34628000e-07  2.78092685e+00  1.34628000e-07  2.78121488e+00  1.34628000e-07  2.09230096e+00 
 1.34728000e-07  2.78097723e+00  1.34728000e-07  2.78114129e+00  1.34728000e-07  2.09220790e+00 
 1.34828000e-07  2.78102809e+00  1.34828000e-07  2.78106796e+00  1.34828000e-07  2.09211330e+00 
 1.34928000e-07  2.78107944e+00  1.34928000e-07  2.78099488e+00  1.34928000e-07  2.09201715e+00 
 1.35028000e-07  2.78113127e+00  1.35028000e-07  2.78092207e+00  1.35028000e-07  2.09191947e+00 
 1.35128000e-07  2.78118358e+00  1.35128000e-07  2.78084952e+00  1.35128000e-07  2.09182024e+00 
 1.35228000e-07  2.78123637e+00  1.35228000e-07  2.78077724e+00  1.35228000e-07  2.09171948e+00 
 1.35328000e-07  2.78128963e+00  1.35328000e-07  2.78070523e+00  1.35328000e-07  2.09161719e+00 
 1.35428000e-07  2.78134336e+00  1.35428000e-07  2.78063350e+00  1.35428000e-07  2.09151338e+00 
 1.35528000e-07  2.78139757e+00  1.35528000e-07  2.78056204e+00  1.35528000e-07  2.09140804e+00 
 1.35628000e-07  2.78145224e+00  1.35628000e-07  2.78049086e+00  1.35628000e-07  2.09130119e+00 
 1.35728000e-07  2.78150739e+00  1.35728000e-07  2.78041996e+00  1.35728000e-07  2.09119282e+00 
 1.35828000e-07  2.78156299e+00  1.35828000e-07  2.78034935e+00  1.35828000e-07  2.09108294e+00 
 1.35928000e-07  2.78161906e+00  1.35928000e-07  2.78027902e+00  1.35928000e-07  2.09097155e+00 
 1.36028000e-07  2.78167559e+00  1.36028000e-07  2.78020899e+00  1.36028000e-07  2.09085867e+00 
 1.36128000e-07  2.78173257e+00  1.36128000e-07  2.78013925e+00  1.36128000e-07  2.09074428e+00 
 1.36228000e-07  2.78179001e+00  1.36228000e-07  2.78006981e+00  1.36228000e-07  2.09062840e+00 
 1.36328000e-07  2.78184791e+00  1.36328000e-07  2.78000066e+00  1.36328000e-07  2.09051103e+00 
 1.36428000e-07  2.78190625e+00  1.36428000e-07  2.77993182e+00  1.36428000e-07  2.09039218e+00 
 1.36528000e-07  2.78196505e+00  1.36528000e-07  2.77986328e+00  1.36528000e-07  2.09027185e+00 
 1.36628000e-07  2.78202429e+00  1.36628000e-07  2.77979504e+00  1.36628000e-07  2.09015004e+00 
 1.36728000e-07  2.78208397e+00  1.36728000e-07  2.77972712e+00  1.36728000e-07  2.09002677e+00 
 1.36828000e-07  2.78214410e+00  1.36828000e-07  2.77965951e+00  1.36828000e-07  2.08990202e+00 
 1.36928000e-07  2.78220466e+00  1.36928000e-07  2.77959221e+00  1.36928000e-07  2.08977581e+00 
 1.37028000e-07  2.78226567e+00  1.37028000e-07  2.77952524e+00  1.37028000e-07  2.08964815e+00 
 1.37128000e-07  2.78232710e+00  1.37128000e-07  2.77945858e+00  1.37128000e-07  2.08951904e+00 
 1.37228000e-07  2.78238897e+00  1.37228000e-07  2.77939224e+00  1.37228000e-07  2.08938848e+00 
 1.37328000e-07  2.78245127e+00  1.37328000e-07  2.77932623e+00  1.37328000e-07  2.08925647e+00 
 1.37428000e-07  2.78251400e+00  1.37428000e-07  2.77926055e+00  1.37428000e-07  2.08912303e+00 
 1.37528000e-07  2.78257715e+00  1.37528000e-07  2.77919520e+00  1.37528000e-07  2.08898816e+00 
 1.37628000e-07  2.78264072e+00  1.37628000e-07  2.77913019e+00  1.37628000e-07  2.08885186e+00 
 1.37728000e-07  2.78270472e+00  1.37728000e-07  2.77906550e+00  1.37728000e-07  2.08871414e+00 
 1.37828000e-07  2.78276913e+00  1.37828000e-07  2.77900116e+00  1.37828000e-07  2.08857500e+00 
 1.37928000e-07  2.78283395e+00  1.37928000e-07  2.77893716e+00  1.37928000e-07  2.08843445e+00 
 1.38028000e-07  2.78289919e+00  1.38028000e-07  2.77887350e+00  1.38028000e-07  2.08829249e+00 
 1.38128000e-07  2.78296484e+00  1.38128000e-07  2.77881019e+00  1.38128000e-07  2.08814913e+00 
 1.38228000e-07  2.78303089e+00  1.38228000e-07  2.77874723e+00  1.38228000e-07  2.08800438e+00 
 1.38328000e-07  2.78309735e+00  1.38328000e-07  2.77868462e+00  1.38328000e-07  2.08785824e+00 
 1.38428000e-07  2.78316421e+00  1.38428000e-07  2.77862236e+00  1.38428000e-07  2.08771072e+00 
 1.38528000e-07  2.78323147e+00  1.38528000e-07  2.77856046e+00  1.38528000e-07  2.08756181e+00 
 1.38628000e-07  2.78329913e+00  1.38628000e-07  2.77849891e+00  1.38628000e-07  2.08741153e+00 
 1.38728000e-07  2.78336718e+00  1.38728000e-07  2.77843773e+00  1.38728000e-07  2.08725989e+00 
 1.38828000e-07  2.78343562e+00  1.38828000e-07  2.77837691e+00  1.38828000e-07  2.08710688e+00 
 1.38928000e-07  2.78350445e+00  1.38928000e-07  2.77831646e+00  1.38928000e-07  2.08695252e+00 
 1.39028000e-07  2.78357367e+00  1.39028000e-07  2.77825637e+00  1.39028000e-07  2.08679681e+00 
 1.39128000e-07  2.78364327e+00  1.39128000e-07  2.77819666e+00  1.39128000e-07  2.08663976e+00 
 1.39228000e-07  2.78371325e+00  1.39228000e-07  2.77813731e+00  1.39228000e-07  2.08648136e+00 
 1.39328000e-07  2.78378360e+00  1.39328000e-07  2.77807835e+00  1.39328000e-07  2.08632164e+00 
 1.39428000e-07  2.78385433e+00  1.39428000e-07  2.77801976e+00  1.39428000e-07  2.08616059e+00 
 1.39528000e-07  2.78392544e+00  1.39528000e-07  2.77796155e+00  1.39528000e-07  2.08599822e+00 
 1.39628000e-07  2.78399691e+00  1.39628000e-07  2.77790372e+00  1.39628000e-07  2.08583454e+00 
 1.39728000e-07  2.78406875e+00  1.39728000e-07  2.77784628e+00  1.39728000e-07  2.08566954e+00 
 1.39828000e-07  2.78414095e+00  1.39828000e-07  2.77778922e+00  1.39828000e-07  2.08550325e+00 
 1.39928000e-07  2.78421352e+00  1.39928000e-07  2.77773256e+00  1.39928000e-07  2.08533567e+00 
 1.40028000e-07  2.78428644e+00  1.40028000e-07  2.77767628e+00  1.40028000e-07  2.08516679e+00 
 1.40128000e-07  2.78435971e+00  1.40128000e-07  2.77762040e+00  1.40128000e-07  2.08499664e+00 
 1.40228000e-07  2.78443334e+00  1.40228000e-07  2.77756492e+00  1.40228000e-07  2.08482521e+00 
 1.40328000e-07  2.78450732e+00  1.40328000e-07  2.77750983e+00  1.40328000e-07  2.08465251e+00 
 1.40428000e-07  2.78458165e+00  1.40428000e-07  2.77745514e+00  1.40428000e-07  2.08447855e+00 
 1.40528000e-07  2.78465631e+00  1.40528000e-07  2.77740086e+00  1.40528000e-07  2.08430333e+00 
 1.40628000e-07  2.78473132e+00  1.40628000e-07  2.77734698e+00  1.40628000e-07  2.08412686e+00 
 1.40728000e-07  2.78480667e+00  1.40728000e-07  2.77729350e+00  1.40728000e-07  2.08394916e+00 
 1.40828000e-07  2.78488235e+00  1.40828000e-07  2.77724044e+00  1.40828000e-07  2.08377022e+00 
 1.40928000e-07  2.78495836e+00  1.40928000e-07  2.77718778e+00  1.40928000e-07  2.08359005e+00 
 1.41028000e-07  2.78503470e+00  1.41028000e-07  2.77713554e+00  1.41028000e-07  2.08340865e+00 
 1.41128000e-07  2.78511136e+00  1.41128000e-07  2.77708371e+00  1.41128000e-07  2.08322605e+00 
 1.41228000e-07  2.78518835e+00  1.41228000e-07  2.77703230e+00  1.41228000e-07  2.08304224e+00 
 1.41328000e-07  2.78526566e+00  1.41328000e-07  2.77698131e+00  1.41328000e-07  2.08285722e+00 
 1.41428000e-07  2.78534328e+00  1.41428000e-07  2.77693075e+00  1.41428000e-07  2.08267102e+00 
 1.41528000e-07  2.78542122e+00  1.41528000e-07  2.77688060e+00  1.41528000e-07  2.08248363e+00 
 1.41628000e-07  2.78549947e+00  1.41628000e-07  2.77683088e+00  1.41628000e-07  2.08229506e+00 
 1.41728000e-07  2.78557802e+00  1.41728000e-07  2.77678159e+00  1.41728000e-07  2.08210531e+00 
 1.41828000e-07  2.78565688e+00  1.41828000e-07  2.77673272e+00  1.41828000e-07  2.08191441e+00 
 1.41928000e-07  2.78573604e+00  1.41928000e-07  2.77668429e+00  1.41928000e-07  2.08172235e+00 
 1.42028000e-07  2.78581550e+00  1.42028000e-07  2.77663629e+00  1.42028000e-07  2.08152913e+00 
 1.42128000e-07  2.78589525e+00  1.42128000e-07  2.77658872e+00  1.42128000e-07  2.08133478e+00 
 1.42228000e-07  2.78597529e+00  1.42228000e-07  2.77654159e+00  1.42228000e-07  2.08113929e+00 
 1.42328000e-07  2.78605562e+00  1.42328000e-07  2.77649490e+00  1.42328000e-07  2.08094268e+00 
 1.42428000e-07  2.78613624e+00  1.42428000e-07  2.77644865e+00  1.42428000e-07  2.08074494e+00 
 1.42528000e-07  2.78621714e+00  1.42528000e-07  2.77640285e+00  1.42528000e-07  2.08054610e+00 
 1.42628000e-07  2.78629832e+00  1.42628000e-07  2.77635748e+00  1.42628000e-07  2.08034615e+00 
 1.42728000e-07  2.78637977e+00  1.42728000e-07  2.77631256e+00  1.42728000e-07  2.08014510e+00 
 1.42828000e-07  2.78646150e+00  1.42828000e-07  2.77626810e+00  1.42828000e-07  2.07994297e+00 
 1.42928000e-07  2.78654349e+00  1.42928000e-07  2.77622408e+00  1.42928000e-07  2.07973975e+00 
 1.43028000e-07  2.78662575e+00  1.43028000e-07  2.77618051e+00  1.43028000e-07  2.07953547e+00 
 1.43128000e-07  2.78670828e+00  1.43128000e-07  2.77613739e+00  1.43128000e-07  2.07933012e+00 
 1.43228000e-07  2.78679106e+00  1.43228000e-07  2.77609473e+00  1.43228000e-07  2.07912371e+00 
 1.43328000e-07  2.78687410e+00  1.43328000e-07  2.77605253e+00  1.43328000e-07  2.07891625e+00 
 1.43428000e-07  2.78695739e+00  1.43428000e-07  2.77601078e+00  1.43428000e-07  2.07870775e+00 
 1.43528000e-07  2.78704094e+00  1.43528000e-07  2.77596949e+00  1.43528000e-07  2.07849823e+00 
 1.43628000e-07  2.78712473e+00  1.43628000e-07  2.77592867e+00  1.43628000e-07  2.07828767e+00 
 1.43728000e-07  2.78720876e+00  1.43728000e-07  2.77588830e+00  1.43728000e-07  2.07807610e+00 
 1.43828000e-07  2.78729303e+00  1.43828000e-07  2.77584841e+00  1.43828000e-07  2.07786352e+00 
 1.43928000e-07  2.78737754e+00  1.43928000e-07  2.77580897e+00  1.43928000e-07  2.07764994e+00 
 1.44028000e-07  2.78746228e+00  1.44028000e-07  2.77577001e+00  1.44028000e-07  2.07743538e+00 
 1.44128000e-07  2.78754725e+00  1.44128000e-07  2.77573152e+00  1.44128000e-07  2.07721982e+00 
 1.44228000e-07  2.78763245e+00  1.44228000e-07  2.77569349e+00  1.44228000e-07  2.07700330e+00 
 1.44328000e-07  2.78771787e+00  1.44328000e-07  2.77565594e+00  1.44328000e-07  2.07678580e+00 
 1.44428000e-07  2.78780351e+00  1.44428000e-07  2.77561886e+00  1.44428000e-07  2.07656735e+00 
 1.44528000e-07  2.78788936e+00  1.44528000e-07  2.77558226e+00  1.44528000e-07  2.07634796e+00 
 1.44628000e-07  2.78797543e+00  1.44628000e-07  2.77554614e+00  1.44628000e-07  2.07612762e+00 
 1.44728000e-07  2.78806171e+00  1.44728000e-07  2.77551049e+00  1.44728000e-07  2.07590634e+00 
 1.44828000e-07  2.78814819e+00  1.44828000e-07  2.77547532e+00  1.44828000e-07  2.07568415e+00 
 1.44928000e-07  2.78823488e+00  1.44928000e-07  2.77544064e+00  1.44928000e-07  2.07546104e+00 
 1.45028000e-07  2.78832177e+00  1.45028000e-07  2.77540643e+00  1.45028000e-07  2.07523703e+00 
 1.45128000e-07  2.78840885e+00  1.45128000e-07  2.77537271e+00  1.45128000e-07  2.07501211e+00 
 1.45228000e-07  2.78849612e+00  1.45228000e-07  2.77533948e+00  1.45228000e-07  2.07478631e+00 
 1.45328000e-07  2.78858359e+00  1.45328000e-07  2.77530673e+00  1.45328000e-07  2.07455963e+00 
 1.45428000e-07  2.78867124e+00  1.45428000e-07  2.77527447e+00  1.45428000e-07  2.07433208e+00 
 1.45528000e-07  2.78875907e+00  1.45528000e-07  2.77524270e+00  1.45528000e-07  2.07410367e+00 
 1.45628000e-07  2.78884708e+00  1.45628000e-07  2.77521142e+00  1.45628000e-07  2.07387441e+00 
 1.45728000e-07  2.78893526e+00  1.45728000e-07  2.77518063e+00  1.45728000e-07  2.07364430e+00 
 1.45828000e-07  2.78902362e+00  1.45828000e-07  2.77515033e+00  1.45828000e-07  2.07341336e+00 
 1.45928000e-07  2.78911214e+00  1.45928000e-07  2.77512053e+00  1.45928000e-07  2.07318159e+00 
 1.46028000e-07  2.78920083e+00  1.46028000e-07  2.77509122e+00  1.46028000e-07  2.07294901e+00 
 1.46128000e-07  2.78928968e+00  1.46128000e-07  2.77506241e+00  1.46128000e-07  2.07271562e+00 
 1.46228000e-07  2.78937869e+00  1.46228000e-07  2.77503410e+00  1.46228000e-07  2.07248143e+00 
 1.46328000e-07  2.78946785e+00  1.46328000e-07  2.77500628e+00  1.46328000e-07  2.07224646e+00 
 1.46428000e-07  2.78955716e+00  1.46428000e-07  2.77497897e+00  1.46428000e-07  2.07201070e+00 
 1.46528000e-07  2.78964662e+00  1.46528000e-07  2.77495216e+00  1.46528000e-07  2.07177417e+00 
 1.46628000e-07  2.78973622e+00  1.46628000e-07  2.77492584e+00  1.46628000e-07  2.07153689e+00 
 1.46728000e-07  2.78982596e+00  1.46728000e-07  2.77490003e+00  1.46728000e-07  2.07129885e+00 
 1.46828000e-07  2.78991584e+00  1.46828000e-07  2.77487473e+00  1.46828000e-07  2.07106007e+00 
 1.46928000e-07  2.79000585e+00  1.46928000e-07  2.77484993e+00  1.46928000e-07  2.07082056e+00 
 1.47028000e-07  2.79009599e+00  1.47028000e-07  2.77482563e+00  1.47028000e-07  2.07058032e+00 
 1.47128000e-07  2.79018626e+00  1.47128000e-07  2.77480185e+00  1.47128000e-07  2.07033937e+00 
 1.47228000e-07  2.79027665e+00  1.47228000e-07  2.77477857e+00  1.47228000e-07  2.07009772e+00 
 1.47328000e-07  2.79036715e+00  1.47328000e-07  2.77475580e+00  1.47328000e-07  2.06985537e+00 
 1.47428000e-07  2.79045778e+00  1.47428000e-07  2.77473354e+00  1.47428000e-07  2.06961234e+00 
 1.47528000e-07  2.79054851e+00  1.47528000e-07  2.77471179e+00  1.47528000e-07  2.06936863e+00 
 1.47628000e-07  2.79063935e+00  1.47628000e-07  2.77469055e+00  1.47628000e-07  2.06912426e+00 
 1.47728000e-07  2.79073030e+00  1.47728000e-07  2.77466982e+00  1.47728000e-07  2.06887923e+00 
 1.47828000e-07  2.79082134e+00  1.47828000e-07  2.77464961e+00  1.47828000e-07  2.06863355e+00 
 1.47928000e-07  2.79091248e+00  1.47928000e-07  2.77462991e+00  1.47928000e-07  2.06838724e+00 
 1.48028000e-07  2.79100372e+00  1.48028000e-07  2.77461073e+00  1.48028000e-07  2.06814030e+00 
 1.48128000e-07  2.79109505e+00  1.48128000e-07  2.77459206e+00  1.48128000e-07  2.06789274e+00 
 1.48228000e-07  2.79118646e+00  1.48228000e-07  2.77457391e+00  1.48228000e-07  2.06764458e+00 
 1.48328000e-07  2.79127796e+00  1.48328000e-07  2.77455627e+00  1.48328000e-07  2.06739582e+00 
 1.48428000e-07  2.79136953e+00  1.48428000e-07  2.77453915e+00  1.48428000e-07  2.06714647e+00 
 1.48528000e-07  2.79146118e+00  1.48528000e-07  2.77452256e+00  1.48528000e-07  2.06689655e+00 
 1.48628000e-07  2.79155290e+00  1.48628000e-07  2.77450648e+00  1.48628000e-07  2.06664606e+00 
 1.48728000e-07  2.79164469e+00  1.48728000e-07  2.77449092e+00  1.48728000e-07  2.06639501e+00 
 1.48828000e-07  2.79173654e+00  1.48828000e-07  2.77447588e+00  1.48828000e-07  2.06614341e+00 
 1.48928000e-07  2.79182846e+00  1.48928000e-07  2.77446136e+00  1.48928000e-07  2.06589128e+00 
 1.49028000e-07  2.79192043e+00  1.49028000e-07  2.77444736e+00  1.49028000e-07  2.06563862e+00 
 1.49128000e-07  2.79201246e+00  1.49128000e-07  2.77443388e+00  1.49128000e-07  2.06538544e+00 
 1.49228000e-07  2.79210453e+00  1.49228000e-07  2.77442093e+00  1.49228000e-07  2.06513175e+00 
 1.49328000e-07  2.79219665e+00  1.49328000e-07  2.77440850e+00  1.49328000e-07  2.06487757e+00 
 1.49428000e-07  2.79228882e+00  1.49428000e-07  2.77439660e+00  1.49428000e-07  2.06462290e+00 
 1.49528000e-07  2.79238102e+00  1.49528000e-07  2.77438521e+00  1.49528000e-07  2.06436775e+00 
 1.49628000e-07  2.79247326e+00  1.49628000e-07  2.77437436e+00  1.49628000e-07  2.06411214e+00 
 1.49728000e-07  2.79256553e+00  1.49728000e-07  2.77436402e+00  1.49728000e-07  2.06385607e+00 
 1.49828000e-07  2.79265783e+00  1.49828000e-07  2.77435422e+00  1.49828000e-07  2.06359955e+00 
 1.49928000e-07  2.79275016e+00  1.49928000e-07  2.77434494e+00  1.49928000e-07  2.06334260e+00 
 1.50028000e-07  2.79284250e+00  1.50028000e-07  2.77433618e+00  1.50028000e-07  2.06308523e+00 
 1.50128000e-07  2.79293486e+00  1.50128000e-07  2.77432795e+00  1.50128000e-07  2.06282743e+00 
 1.50228000e-07  2.79302724e+00  1.50228000e-07  2.77432025e+00  1.50228000e-07  2.06256923e+00 
 1.50328000e-07  2.79311962e+00  1.50328000e-07  2.77431308e+00  1.50328000e-07  2.06231064e+00 
 1.50428000e-07  2.79321201e+00  1.50428000e-07  2.77430643e+00  1.50428000e-07  2.06205167e+00 
 1.50528000e-07  2.79330441e+00  1.50528000e-07  2.77430031e+00  1.50528000e-07  2.06179232e+00 
 1.50628000e-07  2.79339680e+00  1.50628000e-07  2.77429472e+00  1.50628000e-07  2.06153260e+00 
 1.50728000e-07  2.79348919e+00  1.50728000e-07  2.77428965e+00  1.50728000e-07  2.06127253e+00 
 1.50828000e-07  2.79358156e+00  1.50828000e-07  2.77428512e+00  1.50828000e-07  2.06101212e+00 
 1.50928000e-07  2.79367393e+00  1.50928000e-07  2.77428111e+00  1.50928000e-07  2.06075138e+00 
 1.51028000e-07  2.79376628e+00  1.51028000e-07  2.77427763e+00  1.51028000e-07  2.06049032e+00 
 1.51128000e-07  2.79385862e+00  1.51128000e-07  2.77427468e+00  1.51128000e-07  2.06022894e+00 
 1.51228000e-07  2.79395092e+00  1.51228000e-07  2.77427226e+00  1.51228000e-07  2.05996726e+00 
 1.51328000e-07  2.79404321e+00  1.51328000e-07  2.77427037e+00  1.51328000e-07  2.05970530e+00 
 1.51428000e-07  2.79413546e+00  1.51428000e-07  2.77426901e+00  1.51428000e-07  2.05944305e+00 
 1.51528000e-07  2.79422768e+00  1.51528000e-07  2.77426818e+00  1.51528000e-07  2.05918053e+00 
 1.51628000e-07  2.79431986e+00  1.51628000e-07  2.77426787e+00  1.51628000e-07  2.05891776e+00 
 1.51728000e-07  2.79441200e+00  1.51728000e-07  2.77426810e+00  1.51728000e-07  2.05865473e+00 
 1.51828000e-07  2.79450409e+00  1.51828000e-07  2.77426885e+00  1.51828000e-07  2.05839147e+00 
 1.51928000e-07  2.79459614e+00  1.51928000e-07  2.77427014e+00  1.51928000e-07  2.05812798e+00 
 1.52028000e-07  2.79468813e+00  1.52028000e-07  2.77427195e+00  1.52028000e-07  2.05786428e+00 
 1.52128000e-07  2.79478007e+00  1.52128000e-07  2.77427429e+00  1.52128000e-07  2.05760037e+00 
 1.52228000e-07  2.79487195e+00  1.52228000e-07  2.77427716e+00  1.52228000e-07  2.05733626e+00 
 1.52328000e-07  2.79496376e+00  1.52328000e-07  2.77428056e+00  1.52328000e-07  2.05707197e+00 
 1.52428000e-07  2.79505551e+00  1.52428000e-07  2.77428449e+00  1.52428000e-07  2.05680750e+00 
 1.52528000e-07  2.79514719e+00  1.52528000e-07  2.77428895e+00  1.52528000e-07  2.05654287e+00 
 1.52628000e-07  2.79523879e+00  1.52628000e-07  2.77429393e+00  1.52628000e-07  2.05627809e+00 
 1.52728000e-07  2.79533032e+00  1.52728000e-07  2.77429945e+00  1.52728000e-07  2.05601317e+00 
 1.52828000e-07  2.79542176e+00  1.52828000e-07  2.77430549e+00  1.52828000e-07  2.05574811e+00 
 1.52928000e-07  2.79551312e+00  1.52928000e-07  2.77431206e+00  1.52928000e-07  2.05548293e+00 
 1.53028000e-07  2.79560440e+00  1.53028000e-07  2.77431915e+00  1.53028000e-07  2.05521765e+00 
 1.53128000e-07  2.79569558e+00  1.53128000e-07  2.77432678e+00  1.53128000e-07  2.05495226e+00 
 1.53228000e-07  2.79578666e+00  1.53228000e-07  2.77433493e+00  1.53228000e-07  2.05468679e+00 
 1.53328000e-07  2.79587765e+00  1.53328000e-07  2.77434360e+00  1.53328000e-07  2.05442123e+00 
 1.53428000e-07  2.79596853e+00  1.53428000e-07  2.77435281e+00  1.53428000e-07  2.05415561e+00 
 1.53528000e-07  2.79605930e+00  1.53528000e-07  2.77436254e+00  1.53528000e-07  2.05388993e+00 
 1.53628000e-07  2.79614997e+00  1.53628000e-07  2.77437279e+00  1.53628000e-07  2.05362421e+00 
 1.53728000e-07  2.79624052e+00  1.53728000e-07  2.77438357e+00  1.53728000e-07  2.05335845e+00 
 1.53828000e-07  2.79633096e+00  1.53828000e-07  2.77439487e+00  1.53828000e-07  2.05309267e+00 
 1.53928000e-07  2.79642127e+00  1.53928000e-07  2.77440670e+00  1.53928000e-07  2.05282687e+00 
 1.54028000e-07  2.79651146e+00  1.54028000e-07  2.77441905e+00  1.54028000e-07  2.05256107e+00 
 1.54128000e-07  2.79660152e+00  1.54128000e-07  2.77443193e+00  1.54128000e-07  2.05229527e+00 
 1.54228000e-07  2.79669145e+00  1.54228000e-07  2.77444532e+00  1.54228000e-07  2.05202950e+00 
 1.54328000e-07  2.79678125e+00  1.54328000e-07  2.77445924e+00  1.54328000e-07  2.05176375e+00 
 1.54428000e-07  2.79687090e+00  1.54428000e-07  2.77447368e+00  1.54428000e-07  2.05149804e+00 
 1.54528000e-07  2.79696042e+00  1.54528000e-07  2.77448864e+00  1.54528000e-07  2.05123239e+00 
 1.54628000e-07  2.79704979e+00  1.54628000e-07  2.77450412e+00  1.54628000e-07  2.05096679e+00 
 1.54728000e-07  2.79713901e+00  1.54728000e-07  2.77452013e+00  1.54728000e-07  2.05070126e+00 
 1.54828000e-07  2.79722807e+00  1.54828000e-07  2.77453665e+00  1.54828000e-07  2.05043582e+00 
 1.54928000e-07  2.79731698e+00  1.54928000e-07  2.77455368e+00  1.54928000e-07  2.05017047e+00 
 1.55028000e-07  2.79740574e+00  1.55028000e-07  2.77457124e+00  1.55028000e-07  2.04990523e+00 
 1.55128000e-07  2.79749432e+00  1.55128000e-07  2.77458931e+00  1.55128000e-07  2.04964010e+00 
 1.55228000e-07  2.79758274e+00  1.55228000e-07  2.77460790e+00  1.55228000e-07  2.04937509e+00 
 1.55328000e-07  2.79767099e+00  1.55328000e-07  2.77462701e+00  1.55328000e-07  2.04911022e+00 
 1.55428000e-07  2.79775907e+00  1.55428000e-07  2.77464663e+00  1.55428000e-07  2.04884550e+00 
 1.55528000e-07  2.79784697e+00  1.55528000e-07  2.77466676e+00  1.55528000e-07  2.04858093e+00 
 1.55628000e-07  2.79793469e+00  1.55628000e-07  2.77468741e+00  1.55628000e-07  2.04831653e+00 
 1.55728000e-07  2.79802222e+00  1.55728000e-07  2.77470857e+00  1.55728000e-07  2.04805231e+00 
 1.55828000e-07  2.79810957e+00  1.55828000e-07  2.77473024e+00  1.55828000e-07  2.04778828e+00 
 1.55928000e-07  2.79819673e+00  1.55928000e-07  2.77475242e+00  1.55928000e-07  2.04752445e+00 
 1.56028000e-07  2.79828369e+00  1.56028000e-07  2.77477511e+00  1.56028000e-07  2.04726083e+00 
 1.56128000e-07  2.79837045e+00  1.56128000e-07  2.77479831e+00  1.56128000e-07  2.04699743e+00 
 1.56228000e-07  2.79845701e+00  1.56228000e-07  2.77482202e+00  1.56228000e-07  2.04673426e+00 
 1.56328000e-07  2.79854337e+00  1.56328000e-07  2.77484624e+00  1.56328000e-07  2.04647133e+00 
 1.56428000e-07  2.79862952e+00  1.56428000e-07  2.77487096e+00  1.56428000e-07  2.04620866e+00 
 1.56528000e-07  2.79871546e+00  1.56528000e-07  2.77489618e+00  1.56528000e-07  2.04594625e+00 
 1.56628000e-07  2.79880118e+00  1.56628000e-07  2.77492191e+00  1.56628000e-07  2.04568411e+00 
 1.56728000e-07  2.79888668e+00  1.56728000e-07  2.77494814e+00  1.56728000e-07  2.04542226e+00 
 1.56828000e-07  2.79897196e+00  1.56828000e-07  2.77497488e+00  1.56828000e-07  2.04516070e+00 
 1.56928000e-07  2.79905702e+00  1.56928000e-07  2.77500211e+00  1.56928000e-07  2.04489945e+00 
 1.57028000e-07  2.79914185e+00  1.57028000e-07  2.77502985e+00  1.57028000e-07  2.04463852e+00 
 1.57128000e-07  2.79922644e+00  1.57128000e-07  2.77505808e+00  1.57128000e-07  2.04437791e+00 
 1.57228000e-07  2.79931080e+00  1.57228000e-07  2.77508681e+00  1.57228000e-07  2.04411764e+00 
 1.57328000e-07  2.79939493e+00  1.57328000e-07  2.77511604e+00  1.57328000e-07  2.04385771e+00 
 1.57428000e-07  2.79947881e+00  1.57428000e-07  2.77514576e+00  1.57428000e-07  2.04359815e+00 
 1.57528000e-07  2.79956244e+00  1.57528000e-07  2.77517598e+00  1.57528000e-07  2.04333895e+00 
 1.57628000e-07  2.79964583e+00  1.57628000e-07  2.77520669e+00  1.57628000e-07  2.04308013e+00 
 1.57728000e-07  2.79972896e+00  1.57728000e-07  2.77523789e+00  1.57728000e-07  2.04282170e+00 
 1.57828000e-07  2.79981184e+00  1.57828000e-07  2.77526958e+00  1.57828000e-07  2.04256367e+00 
 1.57928000e-07  2.79989446e+00  1.57928000e-07  2.77530176e+00  1.57928000e-07  2.04230605e+00 
 1.58028000e-07  2.79997682e+00  1.58028000e-07  2.77533443e+00  1.58028000e-07  2.04204885e+00 
 1.58128000e-07  2.80005891e+00  1.58128000e-07  2.77536759e+00  1.58128000e-07  2.04179208e+00 
 1.58228000e-07  2.80014074e+00  1.58228000e-07  2.77540123e+00  1.58228000e-07  2.04153575e+00 
 1.58328000e-07  2.80022230e+00  1.58328000e-07  2.77543535e+00  1.58328000e-07  2.04127988e+00 
 1.58428000e-07  2.80030358e+00  1.58428000e-07  2.77546996e+00  1.58428000e-07  2.04102446e+00 
 1.58528000e-07  2.80038458e+00  1.58528000e-07  2.77550504e+00  1.58528000e-07  2.04076952e+00 
 1.58628000e-07  2.80046530e+00  1.58628000e-07  2.77554061e+00  1.58628000e-07  2.04051506e+00 
 1.58728000e-07  2.80054574e+00  1.58728000e-07  2.77557665e+00  1.58728000e-07  2.04026109e+00 
 1.58828000e-07  2.80062589e+00  1.58828000e-07  2.77561317e+00  1.58828000e-07  2.04000762e+00 
 1.58928000e-07  2.80070575e+00  1.58928000e-07  2.77565017e+00  1.58928000e-07  2.03975467e+00 
 1.59028000e-07  2.80078531e+00  1.59028000e-07  2.77568764e+00  1.59028000e-07  2.03950223e+00 
 1.59128000e-07  2.80086458e+00  1.59128000e-07  2.77572558e+00  1.59128000e-07  2.03925034e+00 
 1.59228000e-07  2.80094355e+00  1.59228000e-07  2.77576400e+00  1.59228000e-07  2.03899898e+00 
 1.59328000e-07  2.80102221e+00  1.59328000e-07  2.77580288e+00  1.59328000e-07  2.03874818e+00 
 1.59428000e-07  2.80110057e+00  1.59428000e-07  2.77584223e+00  1.59428000e-07  2.03849794e+00 
 1.59528000e-07  2.80117862e+00  1.59528000e-07  2.77588205e+00  1.59528000e-07  2.03824827e+00 
 1.59628000e-07  2.80125636e+00  1.59628000e-07  2.77592233e+00  1.59628000e-07  2.03799919e+00 
 1.59728000e-07  2.80133378e+00  1.59728000e-07  2.77596307e+00  1.59728000e-07  2.03775070e+00 
 1.59828000e-07  2.80141088e+00  1.59828000e-07  2.77600428e+00  1.59828000e-07  2.03750281e+00 
 1.59928000e-07  2.80148766e+00  1.59928000e-07  2.77604595e+00  1.59928000e-07  2.03725554e+00 
 1.60028000e-07  2.80156412e+00  1.60028000e-07  2.77608807e+00  1.60028000e-07  2.03700889e+00 
 1.60128000e-07  2.80164025e+00  1.60128000e-07  2.77613065e+00  1.60128000e-07  2.03676287e+00 
 1.60228000e-07  2.80171605e+00  1.60228000e-07  2.77617368e+00  1.60228000e-07  2.03651749e+00 
 1.60328000e-07  2.80179151e+00  1.60328000e-07  2.77621717e+00  1.60328000e-07  2.03627277e+00 
 1.60428000e-07  2.80186664e+00  1.60428000e-07  2.77626111e+00  1.60428000e-07  2.03602871e+00 
 1.60528000e-07  2.80194143e+00  1.60528000e-07  2.77630550e+00  1.60528000e-07  2.03578532e+00 
 1.60628000e-07  2.80201588e+00  1.60628000e-07  2.77635033e+00  1.60628000e-07  2.03554261e+00 
 1.60728000e-07  2.80208998e+00  1.60728000e-07  2.77639561e+00  1.60728000e-07  2.03530059e+00 
 1.60828000e-07  2.80216373e+00  1.60828000e-07  2.77644134e+00  1.60828000e-07  2.03505927e+00 
 1.60928000e-07  2.80223713e+00  1.60928000e-07  2.77648751e+00  1.60928000e-07  2.03481867e+00 
 1.61028000e-07  2.80231018e+00  1.61028000e-07  2.77653412e+00  1.61028000e-07  2.03457878e+00 
 1.61128000e-07  2.80238287e+00  1.61128000e-07  2.77658116e+00  1.61128000e-07  2.03433963e+00 
 1.61228000e-07  2.80245520e+00  1.61228000e-07  2.77662865e+00  1.61228000e-07  2.03410121e+00 
 1.61328000e-07  2.80252716e+00  1.61328000e-07  2.77667657e+00  1.61328000e-07  2.03386354e+00 
 1.61428000e-07  2.80259876e+00  1.61428000e-07  2.77672492e+00  1.61428000e-07  2.03362663e+00 
 1.61528000e-07  2.80267000e+00  1.61528000e-07  2.77677370e+00  1.61528000e-07  2.03339049e+00 
 1.61628000e-07  2.80274086e+00  1.61628000e-07  2.77682291e+00  1.61628000e-07  2.03315512e+00 
 1.61728000e-07  2.80281134e+00  1.61728000e-07  2.77687255e+00  1.61728000e-07  2.03292054e+00 
 1.61828000e-07  2.80288145e+00  1.61828000e-07  2.77692261e+00  1.61828000e-07  2.03268676e+00 
 1.61928000e-07  2.80295118e+00  1.61928000e-07  2.77697310e+00  1.61928000e-07  2.03245378e+00 
 1.62028000e-07  2.80302053e+00  1.62028000e-07  2.77702401e+00  1.62028000e-07  2.03222162e+00 
 1.62128000e-07  2.80308949e+00  1.62128000e-07  2.77707533e+00  1.62128000e-07  2.03199028e+00 
 1.62228000e-07  2.80315807e+00  1.62228000e-07  2.77712708e+00  1.62228000e-07  2.03175977e+00 
 1.62328000e-07  2.80322625e+00  1.62328000e-07  2.77717924e+00  1.62328000e-07  2.03153010e+00 
 1.62428000e-07  2.80329404e+00  1.62428000e-07  2.77723181e+00  1.62428000e-07  2.03130129e+00 
 1.62528000e-07  2.80336144e+00  1.62528000e-07  2.77728479e+00  1.62528000e-07  2.03107333e+00 
 1.62628000e-07  2.80342843e+00  1.62628000e-07  2.77733818e+00  1.62628000e-07  2.03084624e+00 
 1.62728000e-07  2.80349503e+00  1.62728000e-07  2.77739198e+00  1.62728000e-07  2.03062003e+00 
 1.62828000e-07  2.80356122e+00  1.62828000e-07  2.77744618e+00  1.62828000e-07  2.03039471e+00 
 1.62928000e-07  2.80362700e+00  1.62928000e-07  2.77750079e+00  1.62928000e-07  2.03017028e+00 
 1.63028000e-07  2.80369238e+00  1.63028000e-07  2.77755579e+00  1.63028000e-07  2.02994676e+00 
 1.63128000e-07  2.80375734e+00  1.63128000e-07  2.77761119e+00  1.63128000e-07  2.02972415e+00 
 1.63228000e-07  2.80382189e+00  1.63228000e-07  2.77766699e+00  1.63228000e-07  2.02950247e+00 
 1.63328000e-07  2.80388602e+00  1.63328000e-07  2.77772318e+00  1.63328000e-07  2.02928171e+00 
 1.63428000e-07  2.80394974e+00  1.63428000e-07  2.77777977e+00  1.63428000e-07  2.02906190e+00 
 1.63528000e-07  2.80401303e+00  1.63528000e-07  2.77783674e+00  1.63528000e-07  2.02884303e+00 
 1.63628000e-07  2.80407590e+00  1.63628000e-07  2.77789410e+00  1.63628000e-07  2.02862512e+00 
 1.63728000e-07  2.80413834e+00  1.63728000e-07  2.77795184e+00  1.63728000e-07  2.02840817e+00 
 1.63828000e-07  2.80420035e+00  1.63828000e-07  2.77800997e+00  1.63828000e-07  2.02819220e+00 
 1.63928000e-07  2.80426192e+00  1.63928000e-07  2.77806847e+00  1.63928000e-07  2.02797722e+00 
 1.64028000e-07  2.80432307e+00  1.64028000e-07  2.77812736e+00  1.64028000e-07  2.02776322e+00 
 1.64128000e-07  2.80438378e+00  1.64128000e-07  2.77818661e+00  1.64128000e-07  2.02755022e+00 
 1.64228000e-07  2.80444405e+00  1.64228000e-07  2.77824625e+00  1.64228000e-07  2.02733823e+00 
 1.64328000e-07  2.80450387e+00  1.64328000e-07  2.77830625e+00  1.64328000e-07  2.02712726e+00 
 1.64428000e-07  2.80456326e+00  1.64428000e-07  2.77836662e+00  1.64428000e-07  2.02691731e+00 
 1.64528000e-07  2.80462220e+00  1.64528000e-07  2.77842735e+00  1.64528000e-07  2.02670840e+00 
 1.64628000e-07  2.80468069e+00  1.64628000e-07  2.77848845e+00  1.64628000e-07  2.02650052e+00 
 1.64728000e-07  2.80473872e+00  1.64728000e-07  2.77854991e+00  1.64728000e-07  2.02629370e+00 
 1.64828000e-07  2.80479631e+00  1.64828000e-07  2.77861173e+00  1.64828000e-07  2.02608793e+00 
 1.64928000e-07  2.80485344e+00  1.64928000e-07  2.77867391e+00  1.64928000e-07  2.02588323e+00 
 1.65028000e-07  2.80491011e+00  1.65028000e-07  2.77873643e+00  1.65028000e-07  2.02567960e+00 
 1.65128000e-07  2.80496633e+00  1.65128000e-07  2.77879931e+00  1.65128000e-07  2.02547705e+00 
 1.65228000e-07  2.80502208e+00  1.65228000e-07  2.77886254e+00  1.65228000e-07  2.02527559e+00 
 1.65328000e-07  2.80507736e+00  1.65328000e-07  2.77892611e+00  1.65328000e-07  2.02507523e+00 
 1.65428000e-07  2.80513218e+00  1.65428000e-07  2.77899003e+00  1.65428000e-07  2.02487597e+00 
 1.65528000e-07  2.80518654e+00  1.65528000e-07  2.77905429e+00  1.65528000e-07  2.02467783e+00 
 1.65628000e-07  2.80524042e+00  1.65628000e-07  2.77911889e+00  1.65628000e-07  2.02448080e+00 
 1.65728000e-07  2.80529383e+00  1.65728000e-07  2.77918382e+00  1.65728000e-07  2.02428491e+00 
 1.65828000e-07  2.80534676e+00  1.65828000e-07  2.77924909e+00  1.65828000e-07  2.02409015e+00 
 1.65928000e-07  2.80539922e+00  1.65928000e-07  2.77931468e+00  1.65928000e-07  2.02389653e+00 
 1.66028000e-07  2.80545119e+00  1.66028000e-07  2.77938061e+00  1.66028000e-07  2.02370407e+00 
 1.66128000e-07  2.80550269e+00  1.66128000e-07  2.77944686e+00  1.66128000e-07  2.02351276e+00 
 1.66228000e-07  2.80555370e+00  1.66228000e-07  2.77951343e+00  1.66228000e-07  2.02332262e+00 
 1.66328000e-07  2.80560423e+00  1.66328000e-07  2.77958033e+00  1.66328000e-07  2.02313365e+00 
 1.66428000e-07  2.80565427e+00  1.66428000e-07  2.77964754e+00  1.66428000e-07  2.02294586e+00 
 1.66528000e-07  2.80570382e+00  1.66528000e-07  2.77971507e+00  1.66528000e-07  2.02275926e+00 
 1.66628000e-07  2.80575288e+00  1.66628000e-07  2.77978290e+00  1.66628000e-07  2.02257386e+00 
 1.66728000e-07  2.80580145e+00  1.66728000e-07  2.77985105e+00  1.66728000e-07  2.02238965e+00 
 1.66828000e-07  2.80584952e+00  1.66828000e-07  2.77991951e+00  1.66828000e-07  2.02220666e+00 
 1.66928000e-07  2.80589710e+00  1.66928000e-07  2.77998827e+00  1.66928000e-07  2.02202488e+00 
 1.67028000e-07  2.80594418e+00  1.67028000e-07  2.78005733e+00  1.67028000e-07  2.02184433e+00 
 1.67128000e-07  2.80599075e+00  1.67128000e-07  2.78012669e+00  1.67128000e-07  2.02166501e+00 
 1.67228000e-07  2.80603683e+00  1.67228000e-07  2.78019635e+00  1.67228000e-07  2.02148693e+00 
 1.67328000e-07  2.80608240e+00  1.67328000e-07  2.78026630e+00  1.67328000e-07  2.02131009e+00 
 1.67428000e-07  2.80612746e+00  1.67428000e-07  2.78033654e+00  1.67428000e-07  2.02113450e+00 
 1.67528000e-07  2.80617202e+00  1.67528000e-07  2.78040707e+00  1.67528000e-07  2.02096017e+00 
 1.67628000e-07  2.80621606e+00  1.67628000e-07  2.78047788e+00  1.67628000e-07  2.02078710e+00 
 1.67728000e-07  2.80625960e+00  1.67728000e-07  2.78054898e+00  1.67728000e-07  2.02061530e+00 
 1.67828000e-07  2.80630262e+00  1.67828000e-07  2.78062035e+00  1.67828000e-07  2.02044479e+00 
 1.67928000e-07  2.80634513e+00  1.67928000e-07  2.78069200e+00  1.67928000e-07  2.02027556e+00 
 1.68028000e-07  2.80638712e+00  1.68028000e-07  2.78076393e+00  1.68028000e-07  2.02010762e+00 
 1.68128000e-07  2.80642859e+00  1.68128000e-07  2.78083612e+00  1.68128000e-07  2.01994097e+00 
 1.68228000e-07  2.80646954e+00  1.68228000e-07  2.78090859e+00  1.68228000e-07  2.01977563e+00 
 1.68328000e-07  2.80650998e+00  1.68328000e-07  2.78098132e+00  1.68328000e-07  2.01961160e+00 
 1.68428000e-07  2.80654989e+00  1.68428000e-07  2.78105431e+00  1.68428000e-07  2.01944889e+00 
 1.68528000e-07  2.80658927e+00  1.68528000e-07  2.78112756e+00  1.68528000e-07  2.01928750e+00 
 1.68628000e-07  2.80662813e+00  1.68628000e-07  2.78120107e+00  1.68628000e-07  2.01912744e+00 
 1.68728000e-07  2.80666646e+00  1.68728000e-07  2.78127483e+00  1.68728000e-07  2.01896872e+00 
 1.68828000e-07  2.80670426e+00  1.68828000e-07  2.78134884e+00  1.68828000e-07  2.01881134e+00 
 1.68928000e-07  2.80674153e+00  1.68928000e-07  2.78142310e+00  1.68928000e-07  2.01865530e+00 
 1.69028000e-07  2.80677827e+00  1.69028000e-07  2.78149761e+00  1.69028000e-07  2.01850062e+00 
 1.69128000e-07  2.80681448e+00  1.69128000e-07  2.78157235e+00  1.69128000e-07  2.01834730e+00 
 1.69228000e-07  2.80685015e+00  1.69228000e-07  2.78164734e+00  1.69228000e-07  2.01819534e+00 
 1.69328000e-07  2.80688529e+00  1.69328000e-07  2.78172256e+00  1.69328000e-07  2.01804475e+00 
 1.69428000e-07  2.80691988e+00  1.69428000e-07  2.78179802e+00  1.69428000e-07  2.01789554e+00 
 1.69528000e-07  2.80695394e+00  1.69528000e-07  2.78187370e+00  1.69528000e-07  2.01774771e+00 
 1.69628000e-07  2.80698746e+00  1.69628000e-07  2.78194962e+00  1.69628000e-07  2.01760128e+00 
 1.69728000e-07  2.80702044e+00  1.69728000e-07  2.78202575e+00  1.69728000e-07  2.01745623e+00 
 1.69828000e-07  2.80705287e+00  1.69828000e-07  2.78210211e+00  1.69828000e-07  2.01731258e+00 
 1.69928000e-07  2.80708476e+00  1.69928000e-07  2.78217869e+00  1.69928000e-07  2.01717034e+00 
 1.70028000e-07  2.80711610e+00  1.70028000e-07  2.78225548e+00  1.70028000e-07  2.01702951e+00 
 1.70128000e-07  2.80714690e+00  1.70128000e-07  2.78233248e+00  1.70128000e-07  2.01689009e+00 
 1.70228000e-07  2.80717715e+00  1.70228000e-07  2.78240969e+00  1.70228000e-07  2.01675210e+00 
 1.70328000e-07  2.80720685e+00  1.70328000e-07  2.78248711e+00  1.70328000e-07  2.01661553e+00 
 1.70428000e-07  2.80723600e+00  1.70428000e-07  2.78256473e+00  1.70428000e-07  2.01648039e+00 
 1.70528000e-07  2.80726459e+00  1.70528000e-07  2.78264255e+00  1.70528000e-07  2.01634669e+00 
 1.70628000e-07  2.80729264e+00  1.70628000e-07  2.78272057e+00  1.70628000e-07  2.01621443e+00 
 1.70728000e-07  2.80732013e+00  1.70728000e-07  2.78279878e+00  1.70728000e-07  2.01608362e+00 
 1.70828000e-07  2.80734707e+00  1.70828000e-07  2.78287719e+00  1.70828000e-07  2.01595426e+00 
 1.70928000e-07  2.80737345e+00  1.70928000e-07  2.78295578e+00  1.70928000e-07  2.01582635e+00 
 1.71028000e-07  2.80739927e+00  1.71028000e-07  2.78303455e+00  1.71028000e-07  2.01569990e+00 
 1.71128000e-07  2.80742454e+00  1.71128000e-07  2.78311351e+00  1.71128000e-07  2.01557493e+00 
 1.71228000e-07  2.80744924e+00  1.71228000e-07  2.78319264e+00  1.71228000e-07  2.01545142e+00 
 1.71328000e-07  2.80747339e+00  1.71328000e-07  2.78327195e+00  1.71328000e-07  2.01532939e+00 
 1.71428000e-07  2.80749698e+00  1.71428000e-07  2.78335143e+00  1.71428000e-07  2.01520883e+00 
 1.71528000e-07  2.80752000e+00  1.71528000e-07  2.78343108e+00  1.71528000e-07  2.01508976e+00 
 1.71628000e-07  2.80754246e+00  1.71628000e-07  2.78351090e+00  1.71628000e-07  2.01497219e+00 
 1.71728000e-07  2.80756436e+00  1.71728000e-07  2.78359088e+00  1.71728000e-07  2.01485610e+00 
 1.71828000e-07  2.80758570e+00  1.71828000e-07  2.78367102e+00  1.71828000e-07  2.01474151e+00 
 1.71928000e-07  2.80760646e+00  1.71928000e-07  2.78375131e+00  1.71928000e-07  2.01462843e+00 
 1.72028000e-07  2.80762667e+00  1.72028000e-07  2.78383176e+00  1.72028000e-07  2.01451685e+00 
 1.72128000e-07  2.80764630e+00  1.72128000e-07  2.78391236e+00  1.72128000e-07  2.01440678e+00 
 1.72228000e-07  2.80766537e+00  1.72228000e-07  2.78399311e+00  1.72228000e-07  2.01429823e+00 
 1.72328000e-07  2.80768387e+00  1.72328000e-07  2.78407399e+00  1.72328000e-07  2.01419119e+00 
 1.72428000e-07  2.80770180e+00  1.72428000e-07  2.78415502e+00  1.72428000e-07  2.01408568e+00 
 1.72528000e-07  2.80771916e+00  1.72528000e-07  2.78423619e+00  1.72528000e-07  2.01398169e+00 
 1.72628000e-07  2.80773595e+00  1.72628000e-07  2.78431749e+00  1.72628000e-07  2.01387924e+00 
 1.72728000e-07  2.80775217e+00  1.72728000e-07  2.78439892e+00  1.72728000e-07  2.01377832e+00 
 1.72828000e-07  2.80776782e+00  1.72828000e-07  2.78448048e+00  1.72828000e-07  2.01367894e+00 
 1.72928000e-07  2.80778289e+00  1.72928000e-07  2.78456217e+00  1.72928000e-07  2.01358110e+00 
 1.73028000e-07  2.80779739e+00  1.73028000e-07  2.78464398e+00  1.73028000e-07  2.01348481e+00 
 1.73128000e-07  2.80781132e+00  1.73128000e-07  2.78472590e+00  1.73128000e-07  2.01339006e+00 
 1.73228000e-07  2.80782467e+00  1.73228000e-07  2.78480794e+00  1.73228000e-07  2.01329687e+00 
 1.73328000e-07  2.80783745e+00  1.73328000e-07  2.78489009e+00  1.73328000e-07  2.01320524e+00 
 1.73428000e-07  2.80784966e+00  1.73428000e-07  2.78497235e+00  1.73428000e-07  2.01311516e+00 
 1.73528000e-07  2.80786128e+00  1.73528000e-07  2.78505471e+00  1.73528000e-07  2.01302665e+00 
 1.73628000e-07  2.80787234e+00  1.73628000e-07  2.78513718e+00  1.73628000e-07  2.01293971e+00 
 1.73728000e-07  2.80788281e+00  1.73728000e-07  2.78521974e+00  1.73728000e-07  2.01285433e+00 
 1.73828000e-07  2.80789271e+00  1.73828000e-07  2.78530241e+00  1.73828000e-07  2.01277053e+00 
 1.73928000e-07  2.80790203e+00  1.73928000e-07  2.78538516e+00  1.73928000e-07  2.01268830e+00 
 1.74028000e-07  2.80791078e+00  1.74028000e-07  2.78546800e+00  1.74028000e-07  2.01260765e+00 
 1.74128000e-07  2.80791894e+00  1.74128000e-07  2.78555093e+00  1.74128000e-07  2.01252859e+00 
 1.74228000e-07  2.80792653e+00  1.74228000e-07  2.78563394e+00  1.74228000e-07  2.01245111e+00 
 1.74328000e-07  2.80793354e+00  1.74328000e-07  2.78571703e+00  1.74328000e-07  2.01237522e+00 
 1.74428000e-07  2.80793997e+00  1.74428000e-07  2.78580019e+00  1.74428000e-07  2.01230092e+00 
 1.74528000e-07  2.80794582e+00  1.74528000e-07  2.78588343e+00  1.74528000e-07  2.01222821e+00 
 1.74628000e-07  2.80795109e+00  1.74628000e-07  2.78596674e+00  1.74628000e-07  2.01215710e+00 
 1.74728000e-07  2.80795578e+00  1.74728000e-07  2.78605012e+00  1.74728000e-07  2.01208758e+00 
 1.74828000e-07  2.80795989e+00  1.74828000e-07  2.78613355e+00  1.74828000e-07  2.01201967e+00 
 1.74928000e-07  2.80796342e+00  1.74928000e-07  2.78621705e+00  1.74928000e-07  2.01195337e+00 
 1.75028000e-07  2.80796637e+00  1.75028000e-07  2.78630060e+00  1.75028000e-07  2.01188867e+00 
 1.75128000e-07  2.80796874e+00  1.75128000e-07  2.78638421e+00  1.75128000e-07  2.01182557e+00 
 1.75228000e-07  2.80797053e+00  1.75228000e-07  2.78646786e+00  1.75228000e-07  2.01176409e+00 
 1.75328000e-07  2.80797174e+00  1.75328000e-07  2.78655157e+00  1.75328000e-07  2.01170423e+00 
 1.75428000e-07  2.80797237e+00  1.75428000e-07  2.78663531e+00  1.75428000e-07  2.01164598e+00 
 1.75528000e-07  2.80797242e+00  1.75528000e-07  2.78671910e+00  1.75528000e-07  2.01158934e+00 
 1.75628000e-07  2.80797189e+00  1.75628000e-07  2.78680292e+00  1.75628000e-07  2.01153433e+00 
 1.75728000e-07  2.80797078e+00  1.75728000e-07  2.78688678e+00  1.75728000e-07  2.01148094e+00 
 1.75828000e-07  2.80796909e+00  1.75828000e-07  2.78697066e+00  1.75828000e-07  2.01142917e+00 
 1.75928000e-07  2.80796682e+00  1.75928000e-07  2.78705457e+00  1.75928000e-07  2.01137903e+00 
 1.76028000e-07  2.80796396e+00  1.76028000e-07  2.78713851e+00  1.76028000e-07  2.01133051e+00 
 1.76128000e-07  2.80796053e+00  1.76128000e-07  2.78722247e+00  1.76128000e-07  2.01128363e+00 
 1.76228000e-07  2.80795652e+00  1.76228000e-07  2.78730644e+00  1.76228000e-07  2.01123837e+00 
 1.76328000e-07  2.80795193e+00  1.76328000e-07  2.78739043e+00  1.76328000e-07  2.01119475e+00 
 1.76428000e-07  2.80794675e+00  1.76428000e-07  2.78747442e+00  1.76428000e-07  2.01115277e+00 
 1.76528000e-07  2.80794100e+00  1.76528000e-07  2.78755843e+00  1.76528000e-07  2.01111242e+00 
 1.76628000e-07  2.80793467e+00  1.76628000e-07  2.78764244e+00  1.76628000e-07  2.01107370e+00 
 1.76728000e-07  2.80792776e+00  1.76728000e-07  2.78772644e+00  1.76728000e-07  2.01103663e+00 
 1.76828000e-07  2.80792027e+00  1.76828000e-07  2.78781045e+00  1.76828000e-07  2.01100120e+00 
 1.76928000e-07  2.80791221e+00  1.76928000e-07  2.78789445e+00  1.76928000e-07  2.01096740e+00 
 1.77028000e-07  2.80790356e+00  1.77028000e-07  2.78797844e+00  1.77028000e-07  2.01093525e+00 
 1.77128000e-07  2.80789434e+00  1.77128000e-07  2.78806241e+00  1.77128000e-07  2.01090475e+00 
 1.77228000e-07  2.80788454e+00  1.77228000e-07  2.78814638e+00  1.77228000e-07  2.01087589e+00 
 1.77328000e-07  2.80787416e+00  1.77328000e-07  2.78823032e+00  1.77328000e-07  2.01084867e+00 
 1.77428000e-07  2.80786321e+00  1.77428000e-07  2.78831424e+00  1.77428000e-07  2.01082310e+00 
 1.77528000e-07  2.80785168e+00  1.77528000e-07  2.78839813e+00  1.77528000e-07  2.01079919e+00 
 1.77628000e-07  2.80783957e+00  1.77628000e-07  2.78848199e+00  1.77628000e-07  2.01077691e+00 
 1.77728000e-07  2.80782689e+00  1.77728000e-07  2.78856582e+00  1.77728000e-07  2.01075629e+00 
 1.77828000e-07  2.80781363e+00  1.77828000e-07  2.78864962e+00  1.77828000e-07  2.01073732e+00 
 1.77928000e-07  2.80779980e+00  1.77928000e-07  2.78873338e+00  1.77928000e-07  2.01072000e+00 
 1.78028000e-07  2.80778540e+00  1.78028000e-07  2.78881709e+00  1.78028000e-07  2.01070434e+00 
 1.78128000e-07  2.80777042e+00  1.78128000e-07  2.78890076e+00  1.78128000e-07  2.01069032e+00 
 1.78228000e-07  2.80775488e+00  1.78228000e-07  2.78898438e+00  1.78228000e-07  2.01067796e+00 
 1.78328000e-07  2.80773875e+00  1.78328000e-07  2.78906794e+00  1.78328000e-07  2.01066725e+00 
 1.78428000e-07  2.80772206e+00  1.78428000e-07  2.78915145e+00  1.78428000e-07  2.01065819e+00 
 1.78528000e-07  2.80770480e+00  1.78528000e-07  2.78923491e+00  1.78528000e-07  2.01065079e+00 
 1.78628000e-07  2.80768697e+00  1.78628000e-07  2.78931830e+00  1.78628000e-07  2.01064504e+00 
 1.78728000e-07  2.80766857e+00  1.78728000e-07  2.78940162e+00  1.78728000e-07  2.01064095e+00 
 1.78828000e-07  2.80764959e+00  1.78828000e-07  2.78948488e+00  1.78828000e-07  2.01063851e+00 
 1.78928000e-07  2.80763006e+00  1.78928000e-07  2.78956806e+00  1.78928000e-07  2.01063772e+00 
 1.79028000e-07  2.80760995e+00  1.79028000e-07  2.78965117e+00  1.79028000e-07  2.01063859e+00 
 1.79128000e-07  2.80758928e+00  1.79128000e-07  2.78973420e+00  1.79128000e-07  2.01064111e+00 
 1.79228000e-07  2.80756804e+00  1.79228000e-07  2.78981715e+00  1.79228000e-07  2.01064529e+00 
 1.79328000e-07  2.80754624e+00  1.79328000e-07  2.78990002e+00  1.79328000e-07  2.01065112e+00 
 1.79428000e-07  2.80752388e+00  1.79428000e-07  2.78998279e+00  1.79428000e-07  2.01065861e+00 
 1.79528000e-07  2.80750095e+00  1.79528000e-07  2.79006548e+00  1.79528000e-07  2.01066775e+00 
 1.79628000e-07  2.80747746e+00  1.79628000e-07  2.79014807e+00  1.79628000e-07  2.01067854e+00 
 1.79728000e-07  2.80745341e+00  1.79728000e-07  2.79023056e+00  1.79728000e-07  2.01069099e+00 
 1.79828000e-07  2.80742880e+00  1.79828000e-07  2.79031295e+00  1.79828000e-07  2.01070508e+00 
 1.79928000e-07  2.80740363e+00  1.79928000e-07  2.79039524e+00  1.79928000e-07  2.01072083e+00 
 1.80028000e-07  2.80737790e+00  1.80028000e-07  2.79047742e+00  1.80028000e-07  2.01073823e+00 
 1.80128000e-07  2.80735162e+00  1.80128000e-07  2.79055948e+00  1.80128000e-07  2.01075728e+00 
 1.80228000e-07  2.80732478e+00  1.80228000e-07  2.79064144e+00  1.80228000e-07  2.01077799e+00 
 1.80328000e-07  2.80729738e+00  1.80328000e-07  2.79072328e+00  1.80328000e-07  2.01080033e+00 
 1.80428000e-07  2.80726943e+00  1.80428000e-07  2.79080499e+00  1.80428000e-07  2.01082433e+00 
 1.80528000e-07  2.80724093e+00  1.80528000e-07  2.79088658e+00  1.80528000e-07  2.01084998e+00 
 1.80628000e-07  2.80721188e+00  1.80628000e-07  2.79096805e+00  1.80628000e-07  2.01087727e+00 
 1.80728000e-07  2.80718227e+00  1.80728000e-07  2.79104938e+00  1.80728000e-07  2.01090620e+00 
 1.80828000e-07  2.80715212e+00  1.80828000e-07  2.79113059e+00  1.80828000e-07  2.01093678e+00 
 1.80928000e-07  2.80712142e+00  1.80928000e-07  2.79121165e+00  1.80928000e-07  2.01096901e+00 
 1.81028000e-07  2.80709017e+00  1.81028000e-07  2.79129258e+00  1.81028000e-07  2.01100287e+00 
 1.81128000e-07  2.80705838e+00  1.81128000e-07  2.79137336e+00  1.81128000e-07  2.01103837e+00 
 1.81228000e-07  2.80702604e+00  1.81228000e-07  2.79145400e+00  1.81228000e-07  2.01107552e+00 
 1.81328000e-07  2.80699316e+00  1.81328000e-07  2.79153448e+00  1.81328000e-07  2.01111430e+00 
 1.81428000e-07  2.80695973e+00  1.81428000e-07  2.79161482e+00  1.81428000e-07  2.01115472e+00 
 1.81528000e-07  2.80692577e+00  1.81528000e-07  2.79169500e+00  1.81528000e-07  2.01119677e+00 
 1.81628000e-07  2.80689127e+00  1.81628000e-07  2.79177502e+00  1.81628000e-07  2.01124045e+00 
 1.81728000e-07  2.80685623e+00  1.81728000e-07  2.79185488e+00  1.81728000e-07  2.01128577e+00 
 1.81828000e-07  2.80682065e+00  1.81828000e-07  2.79193457e+00  1.81828000e-07  2.01133271e+00 
 1.81928000e-07  2.80678454e+00  1.81928000e-07  2.79201410e+00  1.81928000e-07  2.01138129e+00 
 1.82028000e-07  2.80674789e+00  1.82028000e-07  2.79209345e+00  1.82028000e-07  2.01143149e+00 
 1.82128000e-07  2.80671071e+00  1.82128000e-07  2.79217263e+00  1.82128000e-07  2.01148331e+00 
 1.82228000e-07  2.80667300e+00  1.82228000e-07  2.79225163e+00  1.82228000e-07  2.01153676e+00 
 1.82328000e-07  2.80663477e+00  1.82328000e-07  2.79233045e+00  1.82328000e-07  2.01159182e+00 
 1.82428000e-07  2.80659600e+00  1.82428000e-07  2.79240909e+00  1.82428000e-07  2.01164851e+00 
 1.82528000e-07  2.80655671e+00  1.82528000e-07  2.79248754e+00  1.82528000e-07  2.01170681e+00 
 1.82628000e-07  2.80651689e+00  1.82628000e-07  2.79256580e+00  1.82628000e-07  2.01176672e+00 
 1.82728000e-07  2.80647655e+00  1.82728000e-07  2.79264387e+00  1.82728000e-07  2.01182824e+00 
 1.82828000e-07  2.80643569e+00  1.82828000e-07  2.79272174e+00  1.82828000e-07  2.01189138e+00 
 1.82928000e-07  2.80639431e+00  1.82928000e-07  2.79279942e+00  1.82928000e-07  2.01195612e+00 
 1.83028000e-07  2.80635241e+00  1.83028000e-07  2.79287689e+00  1.83028000e-07  2.01202246e+00 
 1.83128000e-07  2.80631000e+00  1.83128000e-07  2.79295415e+00  1.83128000e-07  2.01209041e+00 
 1.83228000e-07  2.80626707e+00  1.83228000e-07  2.79303121e+00  1.83228000e-07  2.01215996e+00 
 1.83328000e-07  2.80622362e+00  1.83328000e-07  2.79310806e+00  1.83328000e-07  2.01223110e+00 
 1.83428000e-07  2.80617967e+00  1.83428000e-07  2.79318469e+00  1.83428000e-07  2.01230384e+00 
 1.83528000e-07  2.80613520e+00  1.83528000e-07  2.79326110e+00  1.83528000e-07  2.01237816e+00 
 1.83628000e-07  2.80609023e+00  1.83628000e-07  2.79333730e+00  1.83628000e-07  2.01245408e+00 
 1.83728000e-07  2.80604475e+00  1.83728000e-07  2.79341327e+00  1.83728000e-07  2.01253158e+00 
 1.83828000e-07  2.80599877e+00  1.83828000e-07  2.79348901e+00  1.83828000e-07  2.01261067e+00 
 1.83928000e-07  2.80595228e+00  1.83928000e-07  2.79356453e+00  1.83928000e-07  2.01269133e+00 
 1.84028000e-07  2.80590529e+00  1.84028000e-07  2.79363981e+00  1.84028000e-07  2.01277357e+00 
 1.84128000e-07  2.80585781e+00  1.84128000e-07  2.79371486e+00  1.84128000e-07  2.01285739e+00 
 1.84228000e-07  2.80580982e+00  1.84228000e-07  2.79378967e+00  1.84228000e-07  2.01294277e+00 
 1.84328000e-07  2.80576135e+00  1.84328000e-07  2.79386424e+00  1.84328000e-07  2.01302972e+00 
 1.84428000e-07  2.80571237e+00  1.84428000e-07  2.79393856e+00  1.84428000e-07  2.01311824e+00 
 1.84528000e-07  2.80566291e+00  1.84528000e-07  2.79401264e+00  1.84528000e-07  2.01320832e+00 
 1.84628000e-07  2.80561296e+00  1.84628000e-07  2.79408647e+00  1.84628000e-07  2.01329995e+00 
 1.84728000e-07  2.80556252e+00  1.84728000e-07  2.79416004e+00  1.84728000e-07  2.01339314e+00 
 1.84828000e-07  2.80551160e+00  1.84828000e-07  2.79423336e+00  1.84828000e-07  2.01348788e+00 
 1.84928000e-07  2.80546019e+00  1.84928000e-07  2.79430642e+00  1.84928000e-07  2.01358416e+00 
 1.85028000e-07  2.80540830e+00  1.85028000e-07  2.79437922e+00  1.85028000e-07  2.01368199e+00 
 1.85128000e-07  2.80535593e+00  1.85128000e-07  2.79445175e+00  1.85128000e-07  2.01378135e+00 
 1.85228000e-07  2.80530308e+00  1.85228000e-07  2.79452402e+00  1.85228000e-07  2.01388226e+00 
 1.85328000e-07  2.80524976e+00  1.85328000e-07  2.79459601e+00  1.85328000e-07  2.01398469e+00 
 1.85428000e-07  2.80519597e+00  1.85428000e-07  2.79466774e+00  1.85428000e-07  2.01408865e+00 
 1.85528000e-07  2.80514170e+00  1.85528000e-07  2.79473918e+00  1.85528000e-07  2.01419414e+00 
 1.85628000e-07  2.80508697e+00  1.85628000e-07  2.79481035e+00  1.85628000e-07  2.01430114e+00 
 1.85728000e-07  2.80503177e+00  1.85728000e-07  2.79488124e+00  1.85728000e-07  2.01440966e+00 
 1.85828000e-07  2.80497610e+00  1.85828000e-07  2.79495184e+00  1.85828000e-07  2.01451970e+00 
 1.85928000e-07  2.80491997e+00  1.85928000e-07  2.79502216e+00  1.85928000e-07  2.01463124e+00 
 1.86028000e-07  2.80486339e+00  1.86028000e-07  2.79509219e+00  1.86028000e-07  2.01474428e+00 
 1.86128000e-07  2.80480634e+00  1.86128000e-07  2.79516192e+00  1.86128000e-07  2.01485882e+00 
 1.86228000e-07  2.80474884e+00  1.86228000e-07  2.79523136e+00  1.86228000e-07  2.01497486e+00 
 1.86328000e-07  2.80469089e+00  1.86328000e-07  2.79530050e+00  1.86328000e-07  2.01509239e+00 
 1.86428000e-07  2.80463248e+00  1.86428000e-07  2.79536934e+00  1.86428000e-07  2.01521141e+00 
 1.86528000e-07  2.80457363e+00  1.86528000e-07  2.79543787e+00  1.86528000e-07  2.01533190e+00 
 1.86628000e-07  2.80451433e+00  1.86628000e-07  2.79550610e+00  1.86628000e-07  2.01545387e+00 
 1.86728000e-07  2.80445458e+00  1.86728000e-07  2.79557402e+00  1.86728000e-07  2.01557732e+00 
 1.86828000e-07  2.80439440e+00  1.86828000e-07  2.79564163e+00  1.86828000e-07  2.01570223e+00 
 1.86928000e-07  2.80433377e+00  1.86928000e-07  2.79570893e+00  1.86928000e-07  2.01582861e+00 
 1.87028000e-07  2.80427271e+00  1.87028000e-07  2.79577591e+00  1.87028000e-07  2.01595644e+00 
 1.87128000e-07  2.80421121e+00  1.87128000e-07  2.79584256e+00  1.87128000e-07  2.01608573e+00 
 1.87228000e-07  2.80414928e+00  1.87228000e-07  2.79590890e+00  1.87228000e-07  2.01621647e+00 
 1.87328000e-07  2.80408692e+00  1.87328000e-07  2.79597491e+00  1.87328000e-07  2.01634865e+00 
 1.87428000e-07  2.80402414e+00  1.87428000e-07  2.79604060e+00  1.87428000e-07  2.01648226e+00 
 1.87528000e-07  2.80396093e+00  1.87528000e-07  2.79610595e+00  1.87528000e-07  2.01661731e+00 
 1.87628000e-07  2.80389730e+00  1.87628000e-07  2.79617097e+00  1.87628000e-07  2.01675379e+00 
 1.87728000e-07  2.80383324e+00  1.87728000e-07  2.79623566e+00  1.87728000e-07  2.01689169e+00 
 1.87828000e-07  2.80376877e+00  1.87828000e-07  2.79630001e+00  1.87828000e-07  2.01703101e+00 
 1.87928000e-07  2.80370389e+00  1.87928000e-07  2.79636401e+00  1.87928000e-07  2.01717175e+00 
 1.88028000e-07  2.80363860e+00  1.88028000e-07  2.79642768e+00  1.88028000e-07  2.01731389e+00 
 1.88128000e-07  2.80357289e+00  1.88128000e-07  2.79649100e+00  1.88128000e-07  2.01745743e+00 
 1.88228000e-07  2.80350678e+00  1.88228000e-07  2.79655397e+00  1.88228000e-07  2.01760236e+00 
 1.88328000e-07  2.80344026e+00  1.88328000e-07  2.79661659e+00  1.88328000e-07  2.01774869e+00 
 1.88428000e-07  2.80337334e+00  1.88428000e-07  2.79667886e+00  1.88428000e-07  2.01789640e+00 
 1.88528000e-07  2.80330603e+00  1.88528000e-07  2.79674077e+00  1.88528000e-07  2.01804550e+00 
 1.88628000e-07  2.80323831e+00  1.88628000e-07  2.79680233e+00  1.88628000e-07  2.01819596e+00 
 1.88728000e-07  2.80317021e+00  1.88728000e-07  2.79686352e+00  1.88728000e-07  2.01834780e+00 
 1.88828000e-07  2.80310171e+00  1.88828000e-07  2.79692436e+00  1.88828000e-07  2.01850099e+00 
 1.88928000e-07  2.80303282e+00  1.88928000e-07  2.79698482e+00  1.88928000e-07  2.01865555e+00 
 1.89028000e-07  2.80296355e+00  1.89028000e-07  2.79704492e+00  1.89028000e-07  2.01881145e+00 
 1.89128000e-07  2.80289389e+00  1.89128000e-07  2.79710465e+00  1.89128000e-07  2.01896870e+00 
 1.89228000e-07  2.80282386e+00  1.89228000e-07  2.79716401e+00  1.89228000e-07  2.01912729e+00 
 1.89328000e-07  2.80275345e+00  1.89328000e-07  2.79722299e+00  1.89328000e-07  2.01928721e+00 
 1.89428000e-07  2.80268266e+00  1.89428000e-07  2.79728160e+00  1.89428000e-07  2.01944845e+00 
 1.89528000e-07  2.80261150e+00  1.89528000e-07  2.79733983e+00  1.89528000e-07  2.01961102e+00 
 1.89628000e-07  2.80253998e+00  1.89628000e-07  2.79739767e+00  1.89628000e-07  2.01977490e+00 
 1.89728000e-07  2.80246808e+00  1.89728000e-07  2.79745513e+00  1.89728000e-07  2.01994009e+00 
 1.89828000e-07  2.80239583e+00  1.89828000e-07  2.79751221e+00  1.89828000e-07  2.02010657e+00 
 1.89928000e-07  2.80232321e+00  1.89928000e-07  2.79756890e+00  1.89928000e-07  2.02027436e+00 
 1.90028000e-07  2.80225023e+00  1.90028000e-07  2.79762519e+00  1.90028000e-07  2.02044343e+00 
 1.90128000e-07  2.80217691e+00  1.90128000e-07  2.79768110e+00  1.90128000e-07  2.02061379e+00 
 1.90228000e-07  2.80210322e+00  1.90228000e-07  2.79773660e+00  1.90228000e-07  2.02078542e+00 
 1.90328000e-07  2.80202919e+00  1.90328000e-07  2.79779172e+00  1.90328000e-07  2.02095832e+00 
 1.90428000e-07  2.80195482e+00  1.90428000e-07  2.79784643e+00  1.90428000e-07  2.02113248e+00 
 1.90528000e-07  2.80188010e+00  1.90528000e-07  2.79790074e+00  1.90528000e-07  2.02130789e+00 
 1.90628000e-07  2.80180504e+00  1.90628000e-07  2.79795464e+00  1.90628000e-07  2.02148456e+00 
 1.90728000e-07  2.80172965e+00  1.90728000e-07  2.79800814e+00  1.90728000e-07  2.02166247e+00 
 1.90828000e-07  2.80165392e+00  1.90828000e-07  2.79806124e+00  1.90828000e-07  2.02184161e+00 
 1.90928000e-07  2.80157786e+00  1.90928000e-07  2.79811392e+00  1.90928000e-07  2.02202198e+00 
 1.91028000e-07  2.80150147e+00  1.91028000e-07  2.79816619e+00  1.91028000e-07  2.02220358e+00 
 1.91128000e-07  2.80142475e+00  1.91128000e-07  2.79821804e+00  1.91128000e-07  2.02238638e+00 
 1.91228000e-07  2.80134772e+00  1.91228000e-07  2.79826948e+00  1.91228000e-07  2.02257040e+00 
 1.91328000e-07  2.80127036e+00  1.91328000e-07  2.79832050e+00  1.91328000e-07  2.02275561e+00 
 1.91428000e-07  2.80119269e+00  1.91428000e-07  2.79837110e+00  1.91428000e-07  2.02294202e+00 
 1.91528000e-07  2.80111471e+00  1.91528000e-07  2.79842128e+00  1.91528000e-07  2.02312962e+00 
 1.91628000e-07  2.80103642e+00  1.91628000e-07  2.79847103e+00  1.91628000e-07  2.02331839e+00 
 1.91728000e-07  2.80095781e+00  1.91728000e-07  2.79852036e+00  1.91728000e-07  2.02350833e+00 
 1.91828000e-07  2.80087891e+00  1.91828000e-07  2.79856925e+00  1.91828000e-07  2.02369944e+00 
 1.91928000e-07  2.80079971e+00  1.91928000e-07  2.79861772e+00  1.91928000e-07  2.02389170e+00 
 1.92028000e-07  2.80072021e+00  1.92028000e-07  2.79866576e+00  1.92028000e-07  2.02408512e+00 
 1.92128000e-07  2.80064041e+00  1.92128000e-07  2.79871336e+00  1.92128000e-07  2.02427967e+00 
 1.92228000e-07  2.80056032e+00  1.92228000e-07  2.79876052e+00  1.92228000e-07  2.02447536e+00 
 1.92328000e-07  2.80047995e+00  1.92328000e-07  2.79880725e+00  1.92328000e-07  2.02467218e+00 
 1.92428000e-07  2.80039929e+00  1.92428000e-07  2.79885353e+00  1.92428000e-07  2.02487011e+00 
 1.92528000e-07  2.80031835e+00  1.92528000e-07  2.79889938e+00  1.92528000e-07  2.02506916e+00 
 1.92628000e-07  2.80023713e+00  1.92628000e-07  2.79894478e+00  1.92628000e-07  2.02526931e+00 
 1.92728000e-07  2.80015563e+00  1.92728000e-07  2.79898974e+00  1.92728000e-07  2.02547055e+00 
 1.92828000e-07  2.80007387e+00  1.92828000e-07  2.79903424e+00  1.92828000e-07  2.02567288e+00 
 1.92928000e-07  2.79999183e+00  1.92928000e-07  2.79907830e+00  1.92928000e-07  2.02587630e+00 
 1.93028000e-07  2.79990953e+00  1.93028000e-07  2.79912191e+00  1.93028000e-07  2.02608078e+00 
 1.93128000e-07  2.79982697e+00  1.93128000e-07  2.79916507e+00  1.93128000e-07  2.02628633e+00 
 1.93228000e-07  2.79974415e+00  1.93228000e-07  2.79920777e+00  1.93228000e-07  2.02649294e+00 
 1.93328000e-07  2.79966107e+00  1.93328000e-07  2.79925002e+00  1.93328000e-07  2.02670059e+00 
 1.93428000e-07  2.79957774e+00  1.93428000e-07  2.79929181e+00  1.93428000e-07  2.02690928e+00 
 1.93528000e-07  2.79949417e+00  1.93528000e-07  2.79933314e+00  1.93528000e-07  2.02711901e+00 
 1.93628000e-07  2.79941034e+00  1.93628000e-07  2.79937400e+00  1.93628000e-07  2.02732976e+00 
 1.93728000e-07  2.79932627e+00  1.93728000e-07  2.79941441e+00  1.93728000e-07  2.02754152e+00 
 1.93828000e-07  2.79924197e+00  1.93828000e-07  2.79945435e+00  1.93828000e-07  2.02775429e+00 
 1.93928000e-07  2.79915743e+00  1.93928000e-07  2.79949383e+00  1.93928000e-07  2.02796806e+00 
 1.94028000e-07  2.79907265e+00  1.94028000e-07  2.79953284e+00  1.94028000e-07  2.02818282e+00 
 1.94128000e-07  2.79898765e+00  1.94128000e-07  2.79957138e+00  1.94128000e-07  2.02839857e+00 
 1.94228000e-07  2.79890242e+00  1.94228000e-07  2.79960945e+00  1.94228000e-07  2.02861528e+00 
 1.94328000e-07  2.79881697e+00  1.94328000e-07  2.79964704e+00  1.94328000e-07  2.02883297e+00 
 1.94428000e-07  2.79873130e+00  1.94428000e-07  2.79968417e+00  1.94428000e-07  2.02905160e+00 
 1.94528000e-07  2.79864542e+00  1.94528000e-07  2.79972082e+00  1.94528000e-07  2.02927119e+00 
 1.94628000e-07  2.79855932e+00  1.94628000e-07  2.79975699e+00  1.94628000e-07  2.02949172e+00 
 1.94728000e-07  2.79847301e+00  1.94728000e-07  2.79979269e+00  1.94728000e-07  2.02971317e+00 
 1.94828000e-07  2.79838650e+00  1.94828000e-07  2.79982790e+00  1.94828000e-07  2.02993555e+00 
 1.94928000e-07  2.79829979e+00  1.94928000e-07  2.79986264e+00  1.94928000e-07  2.03015884e+00 
 1.95028000e-07  2.79821287e+00  1.95028000e-07  2.79989689e+00  1.95028000e-07  2.03038304e+00 
 1.95128000e-07  2.79812577e+00  1.95128000e-07  2.79993066e+00  1.95128000e-07  2.03060814e+00 
 1.95228000e-07  2.79803847e+00  1.95228000e-07  2.79996395e+00  1.95228000e-07  2.03083412e+00 
 1.95328000e-07  2.79795098e+00  1.95328000e-07  2.79999674e+00  1.95328000e-07  2.03106097e+00 
 1.95428000e-07  2.79786331e+00  1.95428000e-07  2.80002906e+00  1.95428000e-07  2.03128870e+00 
 1.95528000e-07  2.79777545e+00  1.95528000e-07  2.80006088e+00  1.95528000e-07  2.03151729e+00 
 1.95628000e-07  2.79768742e+00  1.95628000e-07  2.80009221e+00  1.95628000e-07  2.03174673e+00 
 1.95728000e-07  2.79759922e+00  1.95728000e-07  2.80012305e+00  1.95728000e-07  2.03197701e+00 
 1.95828000e-07  2.79751084e+00  1.95828000e-07  2.80015340e+00  1.95828000e-07  2.03220812e+00 
 1.95928000e-07  2.79742229e+00  1.95928000e-07  2.80018326e+00  1.95928000e-07  2.03244006e+00 
 1.96028000e-07  2.79733359e+00  1.96028000e-07  2.80021262e+00  1.96028000e-07  2.03267281e+00 
 1.96128000e-07  2.79724472e+00  1.96128000e-07  2.80024148e+00  1.96128000e-07  2.03290637e+00 
 1.96228000e-07  2.79715569e+00  1.96228000e-07  2.80026985e+00  1.96228000e-07  2.03314073e+00 
 1.96328000e-07  2.79706652e+00  1.96328000e-07  2.80029772e+00  1.96328000e-07  2.03337587e+00 
 1.96428000e-07  2.79697719e+00  1.96428000e-07  2.80032509e+00  1.96428000e-07  2.03361179e+00 
 1.96528000e-07  2.79688771e+00  1.96528000e-07  2.80035196e+00  1.96528000e-07  2.03384848e+00 
 1.96628000e-07  2.79679810e+00  1.96628000e-07  2.80037832e+00  1.96628000e-07  2.03408593e+00 
 1.96728000e-07  2.79670834e+00  1.96728000e-07  2.80040419e+00  1.96728000e-07  2.03432412e+00 
 1.96828000e-07  2.79661845e+00  1.96828000e-07  2.80042955e+00  1.96828000e-07  2.03456306e+00 
 1.96928000e-07  2.79652842e+00  1.96928000e-07  2.80045440e+00  1.96928000e-07  2.03480273e+00 
 1.97028000e-07  2.79643827e+00  1.97028000e-07  2.80047875e+00  1.97028000e-07  2.03504312e+00 
 1.97128000e-07  2.79634799e+00  1.97128000e-07  2.80050260e+00  1.97128000e-07  2.03528422e+00 
 1.97228000e-07  2.79625759e+00  1.97228000e-07  2.80052593e+00  1.97228000e-07  2.03552603e+00 
 1.97328000e-07  2.79616708e+00  1.97328000e-07  2.80054876e+00  1.97328000e-07  2.03576853e+00 
 1.97428000e-07  2.79607645e+00  1.97428000e-07  2.80057108e+00  1.97428000e-07  2.03601171e+00 
 1.97528000e-07  2.79598570e+00  1.97528000e-07  2.80059288e+00  1.97528000e-07  2.03625556e+00 
 1.97628000e-07  2.79589486e+00  1.97628000e-07  2.80061418e+00  1.97628000e-07  2.03650008e+00 
 1.97728000e-07  2.79580390e+00  1.97728000e-07  2.80063496e+00  1.97728000e-07  2.03674525e+00 
 1.97828000e-07  2.79571285e+00  1.97828000e-07  2.80065523e+00  1.97828000e-07  2.03699107e+00 
 1.97928000e-07  2.79562170e+00  1.97928000e-07  2.80067499e+00  1.97928000e-07  2.03723752e+00 
 1.98028000e-07  2.79553046e+00  1.98028000e-07  2.80069423e+00  1.98028000e-07  2.03748460e+00 
 1.98128000e-07  2.79543913e+00  1.98128000e-07  2.80071296e+00  1.98128000e-07  2.03773229e+00 
 1.98228000e-07  2.79534772e+00  1.98228000e-07  2.80073117e+00  1.98228000e-07  2.03798058e+00 
 1.98328000e-07  2.79525622e+00  1.98328000e-07  2.80074886e+00  1.98328000e-07  2.03822947e+00 
 1.98428000e-07  2.79516464e+00  1.98428000e-07  2.80076604e+00  1.98428000e-07  2.03847895e+00 
 1.98528000e-07  2.79507299e+00  1.98528000e-07  2.80078270e+00  1.98528000e-07  2.03872900e+00 
 1.98628000e-07  2.79498127e+00  1.98628000e-07  2.80079884e+00  1.98628000e-07  2.03897962e+00 
 1.98728000e-07  2.79488948e+00  1.98728000e-07  2.80081445e+00  1.98728000e-07  2.03923079e+00 
 1.98828000e-07  2.79479763e+00  1.98828000e-07  2.80082955e+00  1.98828000e-07  2.03948251e+00 
 1.98928000e-07  2.79470572e+00  1.98928000e-07  2.80084413e+00  1.98928000e-07  2.03973476e+00 
 1.99028000e-07  2.79461375e+00  1.99028000e-07  2.80085819e+00  1.99028000e-07  2.03998754e+00 
 1.99128000e-07  2.79452173e+00  1.99128000e-07  2.80087172e+00  1.99128000e-07  2.04024084e+00 
 1.99228000e-07  2.79442965e+00  1.99228000e-07  2.80088473e+00  1.99228000e-07  2.04049464e+00 
 1.99328000e-07  2.79433754e+00  1.99328000e-07  2.80089722e+00  1.99328000e-07  2.04074893e+00 
 1.99428000e-07  2.79424538e+00  1.99428000e-07  2.80090919e+00  1.99428000e-07  2.04100371e+00 
 1.99528000e-07  2.79415318e+00  1.99528000e-07  2.80092063e+00  1.99528000e-07  2.04125896e+00 
 1.99628000e-07  2.79406095e+00  1.99628000e-07  2.80093155e+00  1.99628000e-07  2.04151468e+00 
 1.99728000e-07  2.79396869e+00  1.99728000e-07  2.80094194e+00  1.99728000e-07  2.04177085e+00 
 1.99828000e-07  2.79387640e+00  1.99828000e-07  2.80095180e+00  1.99828000e-07  2.04202747e+00 
 1.99914000e-07  2.79379701e+00  1.99914000e-07  2.80095987e+00  1.99914000e-07  2.04224851e+00 
 2.00000000e-07  2.79371760e+00  2.00000000e-07  2.80096754e+00  2.00000000e-07  2.04246988e+00 
