 1.00000000e-15  1.68874158e+00  1.00000000e-15  1.48940309e+00 
 1.07785349e-15  1.68787535e+00  1.07785349e-15  1.48858829e+00 
 1.23356047e-15  1.68616317e+00  1.23356047e-15  1.48697878e+00 
 1.54497443e-15  1.68285697e+00  1.54497443e-15  1.48387672e+00 
 2.16780234e-15  1.67668391e+00  2.16780234e-15  1.47810628e+00 
 3.15475862e-15  1.66796615e+00  3.15475862e-15  1.47000990e+00 
 4.20302434e-15  1.65993173e+00  4.20302434e-15  1.46261338e+00 
 5.58116384e-15  1.65091730e+00  5.58116384e-15  1.45440675e+00 
 7.28426534e-15  1.64168666e+00  7.28426534e-15  1.44613453e+00 
 9.72114357e-15  1.63114999e+00  9.72114357e-15  1.43691269e+00 
 1.27136710e-14  1.62118789e+00  1.27136710e-14  1.42850300e+00 
 1.66780517e-14  1.61118760e+00  1.66780517e-14  1.42049356e+00 
 2.15663587e-14  1.60194747e+00  2.15663587e-14  1.41364750e+00 
 2.86205549e-14  1.59212980e+00  2.86205549e-14  1.40722465e+00 
 3.73568921e-14  1.58343420e+00  3.73568921e-14  1.40267932e+00 
 4.89185266e-14  1.57531754e+00  4.89185266e-14  1.39997954e+00 
 6.26333508e-14  1.56851688e+00  6.26333508e-14  1.39946711e+00 
 8.16994183e-14  1.56158566e+00  8.16994183e-14  1.40094366e+00 
 1.00000000e-13  1.55634064e+00  1.00000000e-13  1.40336277e+00 
 1.02371690e-13  1.55572354e+00  1.02371690e-13  1.40372587e+00 
 1.07115070e-13  1.55450904e+00  1.07115070e-13  1.40444969e+00 
 1.16601830e-13  1.55219624e+00  1.16601830e-13  1.40589399e+00 
 1.35575350e-13  1.54799722e+00  1.35575350e-13  1.40879523e+00 
 1.73522390e-13  1.54105317e+00  1.73522390e-13  1.41465744e+00 
 2.41470620e-13  1.53270587e+00  2.41470620e-13  1.42548474e+00 
 3.08242304e-13  1.52902046e+00  3.08242304e-13  1.43684490e+00 
 3.97773013e-13  1.53023912e+00  3.97773013e-13  1.45392193e+00 
 4.97773013e-13  1.53903079e+00  4.97773013e-13  1.47623335e+00 
 5.97773013e-13  1.55489203e+00  5.97773013e-13  1.50255708e+00 
 6.97773013e-13  1.57726268e+00  6.97773013e-13  1.53326841e+00 
 7.97773013e-13  1.60573753e+00  7.97773013e-13  1.56856679e+00 
 8.97773013e-13  1.64001107e+00  8.97773013e-13  1.60854171e+00 
 9.97773013e-13  1.67982953e+00  9.97773013e-13  1.65320198e+00 
 1.09777301e-12  1.72497116e+00  1.09777301e-12  1.70250530e+00 
 1.19777301e-12  1.77522568e+00  1.19777301e-12  1.75636793e+00 
 1.29777301e-12  1.83038877e+00  1.29777301e-12  1.81467777e+00 
 1.39777301e-12  1.89025286e+00  1.39777301e-12  1.87729688e+00 
 1.49777301e-12  1.95460636e+00  1.49777301e-12  1.94406795e+00 
 1.59777301e-12  2.02322940e+00  1.59777301e-12  2.01481469e+00 
 1.69777301e-12  2.09589447e+00  1.69777301e-12  2.08934552e+00 
 1.79777301e-12  2.17236445e+00  1.79777301e-12  2.16745347e+00 
 1.89777301e-12  2.25239368e+00  1.89777301e-12  2.24891861e+00 
 1.99777301e-12  2.33572705e+00  1.99777301e-12  2.33350808e+00 
 2.09777301e-12  2.42210119e+00  2.09777301e-12  2.42097790e+00 
 2.19777301e-12  2.51124422e+00  2.19777301e-12  2.51107324e+00 
 2.29777301e-12  2.60287685e+00  2.29777301e-12  2.60352986e+00 
 2.39777301e-12  2.69671262e+00  2.39777301e-12  2.69807463e+00 
 2.49777301e-12  2.79245888e+00  2.49777301e-12  2.79442687e+00 
 2.59777301e-12  2.88981737e+00  2.59777301e-12  2.89229891e+00 
 2.69777301e-12  2.98848518e+00  2.69777301e-12  2.99139740e+00 
 2.79777301e-12  3.08815543e+00  2.79777301e-12  3.09142404e+00 
 2.89777301e-12  3.18851831e+00  2.89777301e-12  3.19207675e+00 
 2.99777301e-12  3.28926186e+00  2.99777301e-12  3.29305054e+00 
 3.09777301e-12  3.39007300e+00  3.09777301e-12  3.39403862e+00 
 3.19777301e-12  3.49063836e+00  3.19777301e-12  3.49473332e+00 
 3.29777301e-12  3.59064532e+00  3.29777301e-12  3.59482717e+00 
 3.39777301e-12  3.68978293e+00  3.39777301e-12  3.69401387e+00 
 3.49777301e-12  3.78774286e+00  3.49777301e-12  3.79198932e+00 
 3.59777301e-12  3.88422038e+00  3.59777301e-12  3.88845259e+00 
 3.69777301e-12  3.97891530e+00  3.69777301e-12  3.98310692e+00 
 3.79777301e-12  4.07153289e+00  3.79777301e-12  4.07566070e+00 
 3.89777301e-12  4.16178486e+00  3.89777301e-12  4.16582839e+00 
 3.99777301e-12  4.24939018e+00  3.99777301e-12  4.25333150e+00 
 4.09777301e-12  4.33407605e+00  4.09777301e-12  4.33789946e+00 
 4.19777301e-12  4.41557872e+00  4.19777301e-12  4.41927051e+00 
 4.29777301e-12  4.49364433e+00  4.29777301e-12  4.49719260e+00 
 4.39777301e-12  4.56802971e+00  4.39777301e-12  4.57142413e+00 
 4.49777301e-12  4.63850316e+00  4.49777301e-12  4.64173482e+00 
 4.59777301e-12  4.70484519e+00  4.59777301e-12  4.70790642e+00 
 4.69777301e-12  4.76684920e+00  4.69777301e-12  4.76973344e+00 
 4.79777301e-12  4.82432215e+00  4.79777301e-12  4.82702381e+00 
 4.89777301e-12  4.87708515e+00  4.89777301e-12  4.87959950e+00 
 4.99777301e-12  4.92497407e+00  4.99777301e-12  4.92729712e+00 
 5.09777301e-12  4.96784001e+00  5.09777301e-12  4.96996845e+00 
 5.19777301e-12  5.00554983e+00  5.19777301e-12  5.00748092e+00 
 5.29777301e-12  5.03798652e+00  5.29777301e-12  5.03971805e+00 
 5.39777301e-12  5.06504960e+00  5.39777301e-12  5.06657980e+00 
 5.49777301e-12  5.08665542e+00  5.49777301e-12  5.08798294e+00 
 5.59777301e-12  5.10273747e+00  5.59777301e-12  5.10386131e+00 
 5.69777301e-12  5.11324653e+00  5.69777301e-12  5.11416601e+00 
 5.79777301e-12  5.11815086e+00  5.79777301e-12  5.11886561e+00 
 5.89777301e-12  5.11743627e+00  5.89777301e-12  5.11794621e+00 
 5.99777301e-12  5.11110622e+00  5.99777301e-12  5.11141149e+00 
 6.09777301e-12  5.09918173e+00  6.09777301e-12  5.09928274e+00 
 6.19777301e-12  5.08170138e+00  6.19777301e-12  5.08159874e+00 
 6.29777301e-12  5.05872112e+00  6.29777301e-12  5.05841569e+00 
 6.39777301e-12  5.03031415e+00  6.39777301e-12  5.02980698e+00 
 6.49777301e-12  4.99657062e+00  6.49777301e-12  4.99586298e+00 
 6.59777301e-12  4.95759740e+00  6.59777301e-12  4.95669077e+00 
 6.69777301e-12  4.91351767e+00  6.69777301e-12  4.91241374e+00 
 6.79777301e-12  4.86447058e+00  6.79777301e-12  4.86317123e+00 
 6.89777301e-12  4.81061076e+00  6.89777301e-12  4.80911810e+00 
 6.99777301e-12  4.75210783e+00  6.99777301e-12  4.75042416e+00 
 7.09777301e-12  4.68914589e+00  7.09777301e-12  4.68727371e+00 
 7.19777301e-12  4.62192287e+00  7.19777301e-12  4.61986487e+00 
 7.29777301e-12  4.55064991e+00  7.29777301e-12  4.54840902e+00 
 7.39777301e-12  4.47555070e+00  7.39777301e-12  4.47313002e+00 
 7.49777301e-12  4.39686076e+00  7.49777301e-12  4.39426359e+00 
 7.59777301e-12  4.31482664e+00  7.59777301e-12  4.31205647e+00 
 7.69777301e-12  4.22970519e+00  7.69777301e-12  4.22676569e+00 
 7.79777301e-12  4.14176267e+00  7.79777301e-12  4.13865769e+00 
 7.89777301e-12  4.05127394e+00  7.89777301e-12  4.04800750e+00 
 7.99777301e-12  3.95852157e+00  7.99777301e-12  3.95509784e+00 
 8.09777301e-12  3.86379492e+00  8.09777301e-12  3.86021822e+00 
 8.19777301e-12  3.76738920e+00  8.19777301e-12  3.76366401e+00 
 8.29777301e-12  3.66960458e+00  8.29777301e-12  3.66573549e+00 
 8.39777301e-12  3.57074515e+00  8.39777301e-12  3.56673687e+00 
 8.49777301e-12  3.47111803e+00  8.49777301e-12  3.46697537e+00 
 8.59777301e-12  3.37103232e+00  8.59777301e-12  3.36676018e+00 
 8.69777301e-12  3.27079817e+00  8.69777301e-12  3.26640151e+00 
 8.79777301e-12  3.17072573e+00  8.79777301e-12  3.16620960e+00 
 8.89777301e-12  3.07112423e+00  8.89777301e-12  3.06649372e+00 
 8.99777301e-12  2.97230097e+00  8.99777301e-12  2.96756119e+00 
 9.09777301e-12  2.87456035e+00  9.09777301e-12  2.86971643e+00 
 9.19777301e-12  2.77820290e+00  9.19777301e-12  2.77325999e+00 
 9.29777301e-12  2.68352436e+00  9.29777301e-12  2.67848759e+00 
 9.39777301e-12  2.59081474e+00  9.39777301e-12  2.58568923e+00 
 9.49777301e-12  2.50035744e+00  9.49777301e-12  2.49514827e+00 
 9.59777301e-12  2.41242832e+00  9.59777301e-12  2.40714053e+00 
 9.69777301e-12  2.32729494e+00  9.69777301e-12  2.32193351e+00 
 9.79777301e-12  2.24521566e+00  9.79777301e-12  2.23978550e+00 
 9.89777301e-12  2.16643891e+00  9.89777301e-12  2.16094487e+00 
 9.99777301e-12  2.09120245e+00  9.99777301e-12  2.08564927e+00 
 1.00977730e-11  2.01973265e+00  1.00977730e-11  2.01412499e+00 
 1.01977730e-11  1.95224384e+00  1.01977730e-11  1.94658626e+00 
 1.02977730e-11  1.88893771e+00  1.02977730e-11  1.88323466e+00 
 1.03977730e-11  1.83000276e+00  1.03977730e-11  1.82425856e+00 
 1.04977730e-11  1.77561374e+00  1.04977730e-11  1.76983260e+00 
 1.05977730e-11  1.72593124e+00  1.05977730e-11  1.72011725e+00 
 1.06977730e-11  1.68110126e+00  1.06977730e-11  1.67525836e+00 
 1.07977730e-11  1.64125485e+00  1.07977730e-11  1.63538686e+00 
 1.08977730e-11  1.60650779e+00  1.08977730e-11  1.60061839e+00 
 1.09977730e-11  1.57696037e+00  1.09977730e-11  1.57105309e+00 
 1.10977730e-11  1.55269713e+00  1.10977730e-11  1.54677538e+00 
 1.11977730e-11  1.53378673e+00  1.11977730e-11  1.52785378e+00 
 1.12977730e-11  1.52028186e+00  1.12977730e-11  1.51434082e+00 
 1.13977730e-11  1.51221908e+00  1.13977730e-11  1.50627294e+00 
 1.14977730e-11  1.50961888e+00  1.14977730e-11  1.50367047e+00 
 1.15977730e-11  1.51248562e+00  1.15977730e-11  1.50653766e+00 
 1.16977730e-11  1.52080758e+00  1.16977730e-11  1.51486264e+00 
 1.17977730e-11  1.53455704e+00  1.17977730e-11  1.52861757e+00 
 1.18977730e-11  1.55369039e+00  1.18977730e-11  1.54775871e+00 
 1.19977730e-11  1.57814823e+00  1.19977730e-11  1.57222653e+00 
 1.20977730e-11  1.60785555e+00  1.20977730e-11  1.60194591e+00 
 1.21977730e-11  1.64272194e+00  1.21977730e-11  1.63682633e+00 
 1.22977730e-11  1.68264179e+00  1.22977730e-11  1.67676206e+00 
 1.23977730e-11  1.72749455e+00  1.23977730e-11  1.72163247e+00 
 1.24977730e-11  1.77714508e+00  1.24977730e-11  1.77130229e+00 
 1.25977730e-11  1.83144388e+00  1.25977730e-11  1.82562194e+00 
 1.26977730e-11  1.89022755e+00  1.26977730e-11  1.88442794e+00 
 1.27977730e-11  1.95331918e+00  1.27977730e-11  1.94754328e+00 
 1.28977730e-11  2.02052877e+00  1.28977730e-11  2.01477788e+00 
 1.29977730e-11  2.09165376e+00  1.29977730e-11  2.08592911e+00 
 1.30977730e-11  2.16647956e+00  1.30977730e-11  2.16078231e+00 
 1.31977730e-11  2.24478013e+00  1.31977730e-11  2.23911137e+00 
 1.32977730e-11  2.32631860e+00  1.32977730e-11  2.32067936e+00 
 1.33977730e-11  2.41084796e+00  1.33977730e-11  2.40523919e+00 
 1.34977730e-11  2.49811172e+00  1.34977730e-11  2.49253434e+00 
 1.35977730e-11  2.58784470e+00  1.35977730e-11  2.58229956e+00 
 1.36977730e-11  2.67977379e+00  1.36977730e-11  2.67426169e+00 
 1.37977730e-11  2.77361875e+00  1.37977730e-11  2.76814044e+00 
 1.38977730e-11  2.86909306e+00  1.38977730e-11  2.86364926e+00 
 1.39977730e-11  2.96590481e+00  1.39977730e-11  2.96049619e+00 
 1.40977730e-11  3.06375757e+00  1.40977730e-11  3.05838474e+00 
 1.41977730e-11  3.16235130e+00  1.41977730e-11  3.15701485e+00 
 1.42977730e-11  3.26138329e+00  1.42977730e-11  3.25608377e+00 
 1.43977730e-11  3.36054909e+00  1.43977730e-11  3.35528702e+00 
 1.44977730e-11  3.45954351e+00  1.44977730e-11  3.45431935e+00 
 1.45977730e-11  3.55806149e+00  1.45977730e-11  3.55287569e+00 
 1.46977730e-11  3.65579916e+00  1.46977730e-11  3.65065212e+00 
 1.47977730e-11  3.75245472e+00  1.47977730e-11  3.74734681e+00 
 1.48977730e-11  3.84772947e+00  1.48977730e-11  3.84266102e+00 
 1.49977730e-11  3.94132869e+00  1.49977730e-11  3.93630000e+00 
 1.50977730e-11  4.03296262e+00  1.50977730e-11  4.02797397e+00 
 1.51977730e-11  4.12234739e+00  1.51977730e-11  4.11739901e+00 
 1.52977730e-11  4.20920590e+00  1.52977730e-11  4.20429801e+00 
 1.53977730e-11  4.29326872e+00  1.53977730e-11  4.28840150e+00 
 1.54977730e-11  4.37427496e+00  1.54977730e-11  4.36944857e+00 
 1.55977730e-11  4.45197309e+00  1.55977730e-11  4.44718767e+00 
 1.56977730e-11  4.52612176e+00  1.56977730e-11  4.52137742e+00 
 1.57977730e-11  4.59649056e+00  1.57977730e-11  4.59178740e+00 
 1.58977730e-11  4.66286080e+00  1.58977730e-11  4.65819890e+00 
 1.59977730e-11  4.72502616e+00  1.59977730e-11  4.72040558e+00 
 1.60977730e-11  4.78279338e+00  1.60977730e-11  4.77821416e+00 
 1.61977730e-11  4.83598288e+00  1.61977730e-11  4.83144507e+00 
 1.62977730e-11  4.88442933e+00  1.62977730e-11  4.87993296e+00 
 1.63977730e-11  4.92798222e+00  1.63977730e-11  4.92352729e+00 
 1.64977730e-11  4.96650626e+00  1.64977730e-11  4.96209279e+00 
 1.65977730e-11  4.99988192e+00  1.65977730e-11  4.99550990e+00 
 1.66977730e-11  5.02800573e+00  1.66977730e-11  5.02367515e+00 
 1.67977730e-11  5.05079065e+00  1.67977730e-11  5.04650149e+00 
 1.68977730e-11  5.06816636e+00  1.68977730e-11  5.06391860e+00 
 1.69977730e-11  5.08007946e+00  1.69977730e-11  5.07587306e+00 
 1.70977730e-11  5.08649365e+00  1.70977730e-11  5.08232857e+00 
 1.71977730e-11  5.08738985e+00  1.71977730e-11  5.08326605e+00 
 1.72977730e-11  5.08276629e+00  1.72977730e-11  5.07868369e+00 
 1.73977730e-11  5.07263844e+00  1.73977730e-11  5.06859699e+00 
 1.74977730e-11  5.05703904e+00  1.74977730e-11  5.05303867e+00 
 1.75977730e-11  5.03601794e+00  1.75977730e-11  5.03205856e+00 
 1.76977730e-11  5.00964197e+00  1.76977730e-11  5.00572349e+00 
 1.77977730e-11  4.97799471e+00  1.77977730e-11  4.97411704e+00 
 1.78977730e-11  4.94117622e+00  1.78977730e-11  4.93733924e+00 
 1.79977730e-11  4.89930271e+00  1.79977730e-11  4.89550632e+00 
 1.80977730e-11  4.85250620e+00  1.80977730e-11  4.84875028e+00 
 1.81977730e-11  4.80093406e+00  1.81977730e-11  4.79721846e+00 
 1.82977730e-11  4.74474853e+00  1.82977730e-11  4.74107312e+00 
 1.83977730e-11  4.68412622e+00  1.83977730e-11  4.68049086e+00 
 1.84977730e-11  4.61925754e+00  1.84977730e-11  4.61566207e+00 
 1.85977730e-11  4.55034608e+00  1.85977730e-11  4.54679034e+00 
 1.86977730e-11  4.47760795e+00  1.86977730e-11  4.47409176e+00 
 1.87977730e-11  4.40127109e+00  1.87977730e-11  4.39779426e+00 
 1.88977730e-11  4.32157453e+00  1.88977730e-11  4.31813688e+00 
 1.89977730e-11  4.23876763e+00  1.89977730e-11  4.23536897e+00 
 1.90977730e-11  4.15310929e+00  1.90977730e-11  4.14974941e+00 
 1.91977730e-11  4.06486709e+00  1.91977730e-11  4.06154577e+00 
 1.92977730e-11  3.97431646e+00  1.92977730e-11  3.97103348e+00 
 1.93977730e-11  3.88173978e+00  1.93977730e-11  3.87849491e+00 
 1.94977730e-11  3.78742547e+00  1.94977730e-11  3.78421847e+00 
 1.95977730e-11  3.69166708e+00  1.95977730e-11  3.68849771e+00 
 1.96977730e-11  3.59476235e+00  1.96977730e-11  3.59163036e+00 
 1.97977730e-11  3.49701227e+00  1.97977730e-11  3.49391739e+00 
 1.98977730e-11  3.39872009e+00  1.98977730e-11  3.39566205e+00 
 1.99977730e-11  3.30019038e+00  1.99977730e-11  3.29716890e+00 
 2.00977730e-11  3.20172804e+00  2.00977730e-11  3.19874283e+00 
 2.01977730e-11  3.10363736e+00  2.01977730e-11  3.10068814e+00 
 2.02977730e-11  3.00622104e+00  2.02977730e-11  3.00330751e+00 
 2.03977730e-11  2.90977924e+00  2.03977730e-11  2.90690110e+00 
 2.04977730e-11  2.81460863e+00  2.04977730e-11  2.81176556e+00 
 2.05977730e-11  2.72100147e+00  2.05977730e-11  2.71819315e+00 
 2.06977730e-11  2.62924469e+00  2.06977730e-11  2.62647079e+00 
 2.07977730e-11  2.53961899e+00  2.07977730e-11  2.53687919e+00 
 2.08977730e-11  2.45239801e+00  2.08977730e-11  2.44969196e+00 
 2.09977730e-11  2.36784743e+00  2.09977730e-11  2.36517480e+00 
 2.10977730e-11  2.28622423e+00  2.10977730e-11  2.28358466e+00 
 2.11977730e-11  2.20777586e+00  2.11977730e-11  2.20516899e+00 
 2.12977730e-11  2.13273952e+00  2.12977730e-11  2.13016499e+00 
 2.13977730e-11  2.06134146e+00  2.13977730e-11  2.05879890e+00 
 2.14977730e-11  1.99379633e+00  2.14977730e-11  1.99128537e+00 
 2.15977730e-11  1.93030654e+00  2.15977730e-11  1.92782680e+00 
 2.16977730e-11  1.87106172e+00  2.16977730e-11  1.86861281e+00 
 2.17977730e-11  1.81623817e+00  2.17977730e-11  1.81381969e+00 
 2.18977730e-11  1.76599838e+00  2.18977730e-11  1.76360994e+00 
 2.19977730e-11  1.72049064e+00  2.19977730e-11  1.71813183e+00 
 2.20977730e-11  1.67984862e+00  2.20977730e-11  1.67751905e+00 
 2.21977730e-11  1.64419108e+00  2.21977730e-11  1.64189032e+00 
 2.22977730e-11  1.61362156e+00  2.22977730e-11  1.61134920e+00 
 2.23977730e-11  1.58822815e+00  2.23977730e-11  1.58598377e+00 
 2.24977730e-11  1.56808334e+00  2.24977730e-11  1.56586650e+00 
 2.25977730e-11  1.55324381e+00  2.25977730e-11  1.55105410e+00 
 2.26977730e-11  1.54375043e+00  2.26977730e-11  1.54158740e+00 
 2.27977730e-11  1.53962810e+00  2.27977730e-11  1.53749131e+00 
 2.28977730e-11  1.54088580e+00  2.28977730e-11  1.53877481e+00 
 2.29977730e-11  1.54751659e+00  2.29977730e-11  1.54543097e+00 
 2.30977730e-11  1.55949768e+00  2.30977730e-11  1.55743697e+00 
 2.31977730e-11  1.57679047e+00  2.31977730e-11  1.57475423e+00 
 2.32977730e-11  1.59934073e+00  2.32977730e-11  1.59732852e+00 
 2.33977730e-11  1.62707876e+00  2.33977730e-11  1.62509013e+00 
 2.34977730e-11  1.65991950e+00  2.34977730e-11  1.65795402e+00 
 2.35977730e-11  1.69776286e+00  2.35977730e-11  1.69582008e+00 
 2.36977730e-11  1.74049391e+00  2.36977730e-11  1.73857340e+00 
 2.37977730e-11  1.78798318e+00  2.37977730e-11  1.78608450e+00 
 2.38977730e-11  1.84008701e+00  2.38977730e-11  1.83820975e+00 
 2.39977730e-11  1.89664791e+00  2.39977730e-11  1.89479165e+00 
 2.40977730e-11  1.95749498e+00  2.40977730e-11  1.95565930e+00 
 2.41977730e-11  2.02244431e+00  2.41977730e-11  2.02062882e+00 
 2.42977730e-11  2.09129954e+00  2.42977730e-11  2.08950385e+00 
 2.43977730e-11  2.16385234e+00  2.43977730e-11  2.16207605e+00 
 2.44977730e-11  2.23988298e+00  2.44977730e-11  2.23812572e+00 
 2.45977730e-11  2.31916097e+00  2.45977730e-11  2.31742237e+00 
 2.46977730e-11  2.40144567e+00  2.46977730e-11  2.39972540e+00 
 2.47977730e-11  2.48648703e+00  2.47977730e-11  2.48478473e+00 
 2.48977730e-11  2.57402626e+00  2.48977730e-11  2.57234161e+00 
 2.49977730e-11  2.66379663e+00  2.49977730e-11  2.66212930e+00 
 2.50977730e-11  2.75552423e+00  2.50977730e-11  2.75387392e+00 
 2.51977730e-11  2.84892880e+00  2.51977730e-11  2.84729523e+00 
 2.52977730e-11  2.94372460e+00  2.52977730e-11  2.94210748e+00 
 2.53977730e-11  3.03962125e+00  2.53977730e-11  3.03802030e+00 
 2.54977730e-11  3.13632461e+00  2.54977730e-11  3.13473958e+00 
 2.55977730e-11  3.23353773e+00  2.55977730e-11  3.23196838e+00 
 2.56977730e-11  3.33096175e+00  2.56977730e-11  3.32940784e+00 
 2.57977730e-11  3.42829680e+00  2.57977730e-11  3.42675811e+00 
 2.58977730e-11  3.52524301e+00  2.58977730e-11  3.52371931e+00 
 2.59977730e-11  3.62150137e+00  2.59977730e-11  3.61999246e+00 
 2.60977730e-11  3.71677474e+00  2.60977730e-11  3.71528042e+00 
 2.61977730e-11  3.81076875e+00  2.61977730e-11  3.80928882e+00 
 2.62977730e-11  3.90319275e+00  2.62977730e-11  3.90172702e+00 
 2.63977730e-11  3.99376071e+00  2.63977730e-11  3.99230901e+00 
 2.64977730e-11  4.08219218e+00  2.64977730e-11  4.08075433e+00 
 2.65977730e-11  4.16821312e+00  2.65977730e-11  4.16678896e+00 
 2.66977730e-11  4.25155684e+00  2.66977730e-11  4.25014619e+00 
 2.67977730e-11  4.33196478e+00  2.67977730e-11  4.33056749e+00 
 2.68977730e-11  4.40918741e+00  2.68977730e-11  4.40780333e+00 
 2.69977730e-11  4.48298498e+00  2.69977730e-11  4.48161396e+00 
 2.70977730e-11  4.55312830e+00  2.70977730e-11  4.55177021e+00 
 2.71977730e-11  4.61939949e+00  2.71977730e-11  4.61805418e+00 
 2.72977730e-11  4.68159265e+00  2.72977730e-11  4.68026002e+00 
 2.73977730e-11  4.73951457e+00  2.73977730e-11  4.73819448e+00 
 2.74977730e-11  4.79298528e+00  2.74977730e-11  4.79167763e+00 
 2.75977730e-11  4.84183869e+00  2.75977730e-11  4.84054339e+00 
 2.76977730e-11  4.88592311e+00  2.76977730e-11  4.88464005e+00 
 2.77977730e-11  4.92510171e+00  2.77977730e-11  4.92383081e+00 
 2.78977730e-11  4.95925298e+00  2.78977730e-11  4.95799416e+00 
 2.79977730e-11  4.98827114e+00  2.79977730e-11  4.98702432e+00 
 2.80977730e-11  5.01206642e+00  2.80977730e-11  5.01083155e+00 
 2.81977730e-11  5.03056543e+00  2.81977730e-11  5.02934245e+00 
 2.82977730e-11  5.04371133e+00  2.82977730e-11  5.04250018e+00 
 2.83977730e-11  5.05146404e+00  2.83977730e-11  5.05026467e+00 
 2.84977730e-11  5.05380035e+00  2.84977730e-11  5.05261274e+00 
 2.85977730e-11  5.05071405e+00  2.85977730e-11  5.04953814e+00 
 2.86977730e-11  5.04221585e+00  2.86977730e-11  5.04105162e+00 
 2.87977730e-11  5.02833346e+00  2.87977730e-11  5.02718088e+00 
 2.88977730e-11  5.00911139e+00  2.88977730e-11  5.00797044e+00 
 2.89977730e-11  4.98461091e+00  2.89977730e-11  4.98348155e+00 
 2.90977730e-11  4.95490977e+00  2.90977730e-11  4.95379199e+00 
 2.91977730e-11  4.92010197e+00  2.91977730e-11  4.91899576e+00 
 2.92977730e-11  4.88029750e+00  2.92977730e-11  4.87920283e+00 
 2.93977730e-11  4.83562194e+00  2.93977730e-11  4.83453879e+00 
 2.94977730e-11  4.78621605e+00  2.94977730e-11  4.78514442e+00 
 2.95977730e-11  4.73223535e+00  2.95977730e-11  4.73117522e+00 
 2.96977730e-11  4.67384961e+00  2.96977730e-11  4.67280096e+00 
 2.97977730e-11  4.61124228e+00  2.97977730e-11  4.61020511e+00 
 2.98977730e-11  4.54460993e+00  2.98977730e-11  4.54358421e+00 
 2.99977730e-11  4.47416160e+00  2.99977730e-11  4.47314732e+00 
 3.00977730e-11  4.40011813e+00  3.00977730e-11  4.39911527e+00 
 3.01977730e-11  4.32271144e+00  3.01977730e-11  4.32171999e+00 
 3.02977730e-11  4.24218383e+00  3.02977730e-11  4.24120376e+00 
 3.03977730e-11  4.15878713e+00  3.03977730e-11  4.15781842e+00 
 3.04977730e-11  4.07278196e+00  3.04977730e-11  4.07182459e+00 
 3.05977730e-11  3.98443685e+00  3.05977730e-11  3.98349078e+00 
 3.06977730e-11  3.89402739e+00  3.06977730e-11  3.89309261e+00 
 3.07977730e-11  3.80183537e+00  3.07977730e-11  3.80091183e+00 
 3.08977730e-11  3.70814785e+00  3.08977730e-11  3.70723552e+00 
 3.09977730e-11  3.61325625e+00  3.09977730e-11  3.61235510e+00 
 3.10977730e-11  3.51745543e+00  3.10977730e-11  3.51656541e+00 
 3.11977730e-11  3.42104275e+00  3.11977730e-11  3.42016382e+00 
 3.12977730e-11  3.32431710e+00  3.12977730e-11  3.32344921e+00 
 3.13977730e-11  3.22757799e+00  3.13977730e-11  3.22672107e+00 
 3.14977730e-11  3.13112455e+00  3.14977730e-11  3.13027857e+00 
 3.15977730e-11  3.03525465e+00  3.15977730e-11  3.03441953e+00 
 3.16977730e-11  2.94026389e+00  3.16977730e-11  2.93943957e+00 
 3.17977730e-11  2.84644473e+00  3.17977730e-11  2.84563115e+00 
 3.18977730e-11  2.75408554e+00  3.18977730e-11  2.75328261e+00 
 3.19977730e-11  2.66346969e+00  3.19977730e-11  2.66267734e+00 
 3.20977730e-11  2.57487472e+00  3.20977730e-11  2.57409287e+00 
 3.21977730e-11  2.48857142e+00  3.21977730e-11  2.48779999e+00 
 3.22977730e-11  2.40482306e+00  3.22977730e-11  2.40406194e+00 
 3.23977730e-11  2.32388452e+00  3.23977730e-11  2.32313364e+00 
 3.24977730e-11  2.24600160e+00  3.24977730e-11  2.24526083e+00 
 3.25977730e-11  2.17141019e+00  3.25977730e-11  2.17067944e+00 
 3.26977730e-11  2.10033566e+00  3.26977730e-11  2.09961482e+00 
 3.27977730e-11  2.03299213e+00  3.27977730e-11  2.03228109e+00 
 3.28977730e-11  1.96958191e+00  3.28977730e-11  1.96888053e+00 
 3.29977730e-11  1.91029486e+00  3.29977730e-11  1.90960304e+00 
 3.30977730e-11  1.85530794e+00  3.30977730e-11  1.85462553e+00 
 3.31977730e-11  1.80478463e+00  3.31977730e-11  1.80411150e+00 
 3.32977730e-11  1.75887460e+00  3.32977730e-11  1.75821061e+00 
 3.33977730e-11  1.71771321e+00  3.33977730e-11  1.71705822e+00 
 3.34977730e-11  1.68142128e+00  3.34977730e-11  1.68077513e+00 
 3.35977730e-11  1.65010470e+00  3.35977730e-11  1.64946724e+00 
 3.36977730e-11  1.62385423e+00  3.36977730e-11  1.62322530e+00 
 3.37977730e-11  1.60274532e+00  3.37977730e-11  1.60212474e+00 
 3.38977730e-11  1.58683789e+00  3.38977730e-11  1.58622550e+00 
 3.39977730e-11  1.57617627e+00  3.39977730e-11  1.57557189e+00 
 3.40977730e-11  1.57078910e+00  3.40977730e-11  1.57019255e+00 
 3.41977730e-11  1.57068934e+00  3.41977730e-11  1.57010043e+00 
 3.42977730e-11  1.57587420e+00  3.42977730e-11  1.57529274e+00 
 3.43977730e-11  1.58632525e+00  3.43977730e-11  1.58575105e+00 
 3.44977730e-11  1.60200847e+00  3.44977730e-11  1.60144134e+00 
 3.45977730e-11  1.62287438e+00  3.45977730e-11  1.62231411e+00 
 3.46977730e-11  1.64885817e+00  3.46977730e-11  1.64830456e+00 
 3.47977730e-11  1.67987988e+00  3.47977730e-11  1.67933272e+00 
 3.48977730e-11  1.71584463e+00  3.48977730e-11  1.71530373e+00 
 3.49977730e-11  1.75664287e+00  3.49977730e-11  1.75610801e+00 
 3.50977730e-11  1.80215066e+00  3.50977730e-11  1.80162165e+00 
 3.51977730e-11  1.85223000e+00  3.51977730e-11  1.85170662e+00 
 3.52977730e-11  1.90672917e+00  3.52977730e-11  1.90621123e+00 
 3.53977730e-11  1.96548317e+00  3.53977730e-11  1.96497045e+00 
 3.54977730e-11  2.02831410e+00  3.54977730e-11  2.02780642e+00 
 3.55977730e-11  2.09503170e+00  3.55977730e-11  2.09452886e+00 
 3.56977730e-11  2.16543381e+00  3.56977730e-11  2.16493562e+00 
 3.57977730e-11  2.23930696e+00  3.57977730e-11  2.23881324e+00 
 3.58977730e-11  2.31642696e+00  3.58977730e-11  2.31593752e+00 
 3.59977730e-11  2.39655952e+00  3.59977730e-11  2.39607420e+00 
 3.60977730e-11  2.47946094e+00  3.60977730e-11  2.47897957e+00 
 3.61977730e-11  2.56487880e+00  3.61977730e-11  2.56440121e+00 
 3.62977730e-11  2.65255269e+00  3.62977730e-11  2.65207874e+00 
 3.63977730e-11  2.74221501e+00  3.63977730e-11  2.74174455e+00 
 3.64977730e-11  2.83359175e+00  3.64977730e-11  2.83312464e+00 
 3.65977730e-11  2.92640331e+00  3.65977730e-11  2.92593943e+00 
 3.66977730e-11  3.02036535e+00  3.66977730e-11  3.01990457e+00 
 3.67977730e-11  3.11518969e+00  3.67977730e-11  3.11473191e+00 
 3.68977730e-11  3.21058515e+00  3.68977730e-11  3.21013025e+00 
 3.69977730e-11  3.30625848e+00  3.69977730e-11  3.30580637e+00 
 3.70977730e-11  3.40191526e+00  3.70977730e-11  3.40146585e+00 
 3.71977730e-11  3.49726083e+00  3.71977730e-11  3.49681404e+00 
 3.72977730e-11  3.59200120e+00  3.72977730e-11  3.59155694e+00 
 3.73977730e-11  3.68584398e+00  3.73977730e-11  3.68540219e+00 
 3.74977730e-11  3.77849931e+00  3.74977730e-11  3.77805993e+00 
 3.75977730e-11  3.86968077e+00  3.75977730e-11  3.86924372e+00 
 3.76977730e-11  3.95910628e+00  3.76977730e-11  3.95867152e+00 
 3.77977730e-11  4.04649900e+00  3.77977730e-11  4.04606647e+00 
 3.78977730e-11  4.13158823e+00  3.78977730e-11  4.13115789e+00 
 3.79977730e-11  4.21411025e+00  3.79977730e-11  4.21368205e+00 
 3.80977730e-11  4.29380916e+00  3.80977730e-11  4.29338306e+00 
 3.81977730e-11  4.37043772e+00  3.81977730e-11  4.37001369e+00 
 3.82977730e-11  4.44375812e+00  3.82977730e-11  4.44333613e+00 
 3.83977730e-11  4.51354274e+00  3.83977730e-11  4.51312277e+00 
 3.84977730e-11  4.57957490e+00  3.84977730e-11  4.57915693e+00 
 3.85977730e-11  4.64164953e+00  3.85977730e-11  4.64123355e+00 
 3.86977730e-11  4.69957386e+00  3.86977730e-11  4.69915985e+00 
 3.87977730e-11  4.75316799e+00  3.87977730e-11  4.75275596e+00 
 3.88977730e-11  4.80226552e+00  3.88977730e-11  4.80185546e+00 
 3.89977730e-11  4.84671404e+00  3.89977730e-11  4.84630597e+00 
 3.90977730e-11  4.88637564e+00  3.90977730e-11  4.88596958e+00 
 3.91977730e-11  4.92112737e+00  3.91977730e-11  4.92072334e+00 
 3.92977730e-11  4.95086160e+00  3.92977730e-11  4.95045963e+00 
 3.93977730e-11  4.97548639e+00  3.93977730e-11  4.97508650e+00 
 3.94977730e-11  4.99492578e+00  3.94977730e-11  4.99452801e+00 
 3.95977730e-11  5.00912001e+00  3.95977730e-11  5.00872441e+00 
 3.96977730e-11  5.01802576e+00  3.96977730e-11  5.01763238e+00 
 3.97977730e-11  5.02161625e+00  3.97977730e-11  5.02122514e+00 
 3.98977730e-11  5.01988134e+00  3.98977730e-11  5.01949255e+00 
 3.99977730e-11  5.01282756e+00  3.99977730e-11  5.01244115e+00 
 4.00977730e-11  5.00047808e+00  4.00977730e-11  5.00009412e+00 
 4.01977730e-11  4.98287266e+00  4.01977730e-11  4.98249120e+00 
 4.02977730e-11  4.96006749e+00  4.02977730e-11  4.95968860e+00 
 4.03977730e-11  4.93213502e+00  4.03977730e-11  4.93175877e+00 
 4.04977730e-11  4.89916374e+00  4.04977730e-11  4.89879020e+00 
 4.05977730e-11  4.86125788e+00  4.05977730e-11  4.86088712e+00 
 4.06977730e-11  4.81853708e+00  4.06977730e-11  4.81816917e+00 
 4.07977730e-11  4.77113600e+00  4.07977730e-11  4.77077101e+00 
 4.08977730e-11  4.71920389e+00  4.08977730e-11  4.71884188e+00 
 4.09977730e-11  4.66290409e+00  4.09977730e-11  4.66254515e+00 
 4.10977730e-11  4.60241355e+00  4.10977730e-11  4.60205775e+00 
 4.11977730e-11  4.53792222e+00  4.11977730e-11  4.53756962e+00 
 4.12977730e-11  4.46963246e+00  4.12977730e-11  4.46928313e+00 
 4.13977730e-11  4.39775837e+00  4.13977730e-11  4.39741238e+00 
 4.14977730e-11  4.32252511e+00  4.14977730e-11  4.32218252e+00 
 4.15977730e-11  4.24416820e+00  4.15977730e-11  4.24382908e+00 
 4.16977730e-11  4.16293274e+00  4.16977730e-11  4.16259715e+00 
 4.17977730e-11  4.07907260e+00  4.17977730e-11  4.07874060e+00 
 4.18977730e-11  3.99284968e+00  4.18977730e-11  3.99252133e+00 
 4.19977730e-11  3.90453299e+00  4.19977730e-11  3.90420834e+00 
 4.20977730e-11  3.81439785e+00  4.20977730e-11  3.81407695e+00 
 4.21977730e-11  3.72272496e+00  4.21977730e-11  3.72240786e+00 
 4.22977730e-11  3.62979955e+00  4.22977730e-11  3.62948629e+00 
 4.23977730e-11  3.53591044e+00  4.23977730e-11  3.53560106e+00 
 4.24977730e-11  3.44134912e+00  4.24977730e-11  3.44104366e+00 
 4.25977730e-11  3.34640885e+00  4.25977730e-11  3.34610735e+00 
 4.26977730e-11  3.25138370e+00  4.26977730e-11  3.25108617e+00 
 4.27977730e-11  3.15656761e+00  4.27977730e-11  3.15627410e+00 
 4.28977730e-11  3.06225352e+00  4.28977730e-11  3.06196404e+00 
 4.29977730e-11  2.96873238e+00  4.29977730e-11  2.96844694e+00 
 4.30977730e-11  2.87629225e+00  4.30977730e-11  2.87601088e+00 
 4.31977730e-11  2.78521744e+00  4.31977730e-11  2.78494013e+00 
 4.32977730e-11  2.69578757e+00  4.32977730e-11  2.69551433e+00 
 4.33977730e-11  2.60827673e+00  4.33977730e-11  2.60800756e+00 
 4.34977730e-11  2.52295262e+00  4.34977730e-11  2.52268751e+00 
 4.35977730e-11  2.44007573e+00  4.35977730e-11  2.43981467e+00 
 4.36977730e-11  2.35989856e+00  4.36977730e-11  2.35964154e+00 
 4.37977730e-11  2.28266484e+00  4.37977730e-11  2.28241184e+00 
 4.38977730e-11  2.20860880e+00  4.38977730e-11  2.20835978e+00 
 4.39977730e-11  2.13795446e+00  4.39977730e-11  2.13770940e+00 
 4.40977730e-11  2.07091501e+00  4.40977730e-11  2.07067387e+00 
 4.41977730e-11  2.00769215e+00  4.41977730e-11  2.00745489e+00 
 4.42977730e-11  1.94847554e+00  4.42977730e-11  1.94824211e+00 
 4.43977730e-11  1.89344224e+00  4.43977730e-11  1.89321259e+00 
 4.44977730e-11  1.84275625e+00  4.44977730e-11  1.84253034e+00 
 4.45977730e-11  1.79656807e+00  4.45977730e-11  1.79634582e+00 
 4.46977730e-11  1.75501427e+00  4.46977730e-11  1.75479560e+00 
 4.47977730e-11  1.71821714e+00  4.47977730e-11  1.71800199e+00 
 4.48977730e-11  1.68628444e+00  4.48977730e-11  1.68607273e+00 
 4.49977730e-11  1.65930908e+00  4.49977730e-11  1.65910072e+00 
 4.50977730e-11  1.63736894e+00  4.50977730e-11  1.63716384e+00 
 4.51977730e-11  1.62052669e+00  4.51977730e-11  1.62032476e+00 
 4.52977730e-11  1.60882967e+00  4.52977730e-11  1.60863080e+00 
 4.53977730e-11  1.60230981e+00  4.53977730e-11  1.60211390e+00 
 4.54977730e-11  1.60098356e+00  4.54977730e-11  1.60079049e+00 
 4.55977730e-11  1.60485192e+00  4.55977730e-11  1.60466157e+00 
 4.56977730e-11  1.61390044e+00  4.56977730e-11  1.61371269e+00 
 4.57977730e-11  1.62809931e+00  4.57977730e-11  1.62791404e+00 
 4.58977730e-11  1.64740346e+00  4.58977730e-11  1.64722054e+00 
 4.59977730e-11  1.67175269e+00  4.59977730e-11  1.67157198e+00 
 4.60977730e-11  1.70107184e+00  4.60977730e-11  1.70089320e+00 
 4.61977730e-11  1.73527100e+00  4.61977730e-11  1.73509430e+00 
 4.62977730e-11  1.77424577e+00  4.62977730e-11  1.77407087e+00 
 4.63977730e-11  1.81787751e+00  4.63977730e-11  1.81770426e+00 
 4.64977730e-11  1.86603368e+00  4.64977730e-11  1.86586194e+00 
 4.65977730e-11  1.91856815e+00  4.65977730e-11  1.91839777e+00 
 4.66977730e-11  1.97532163e+00  4.66977730e-11  1.97515249e+00 
 4.67977730e-11  2.03612210e+00  4.67977730e-11  2.03595404e+00 
 4.68977730e-11  2.10078521e+00  4.68977730e-11  2.10061809e+00 
 4.69977730e-11  2.16911485e+00  4.69977730e-11  2.16894855e+00 
 4.70977730e-11  2.24090368e+00  4.70977730e-11  2.24073805e+00 
 4.71977730e-11  2.31593366e+00  4.71977730e-11  2.31576858e+00 
 4.72977730e-11  2.39397673e+00  4.72977730e-11  2.39381208e+00 
 4.73977730e-11  2.47479544e+00  4.73977730e-11  2.47463109e+00 
 4.74977730e-11  2.55814360e+00  4.74977730e-11  2.55797943e+00 
 4.75977730e-11  2.64376705e+00  4.75977730e-11  2.64360297e+00 
 4.76977730e-11  2.73140440e+00  4.76977730e-11  2.73124030e+00 
 4.77977730e-11  2.82078778e+00  4.77977730e-11  2.82062356e+00 
 4.78977730e-11  2.91164368e+00  4.78977730e-11  2.91147925e+00 
 4.79977730e-11  3.00369376e+00  4.79977730e-11  3.00352905e+00 
 4.80977730e-11  3.09665570e+00  4.80977730e-11  3.09649063e+00 
 4.81977730e-11  3.19024408e+00  4.81977730e-11  3.19007857e+00 
 4.82977730e-11  3.28417123e+00  4.82977730e-11  3.28400522e+00 
 4.83977730e-11  3.37814815e+00  4.83977730e-11  3.37798160e+00 
 4.84977730e-11  3.47188542e+00  4.84977730e-11  3.47171827e+00 
 4.85977730e-11  3.56509407e+00  4.85977730e-11  3.56492627e+00 
 4.86977730e-11  3.65748651e+00  4.86977730e-11  3.65731803e+00 
 4.87977730e-11  3.74877742e+00  4.87977730e-11  3.74860823e+00 
 4.88977730e-11  3.83868468e+00  4.88977730e-11  3.83851474e+00 
 4.89977730e-11  3.92693023e+00  4.89977730e-11  3.92675952e+00 
 4.90977730e-11  4.01324097e+00  4.90977730e-11  4.01306948e+00 
 4.91977730e-11  4.09734963e+00  4.91977730e-11  4.09717733e+00 
 4.92977730e-11  4.17899560e+00  4.92977730e-11  4.17882248e+00 
 4.93977730e-11  4.25792578e+00  4.93977730e-11  4.25775183e+00 
 4.94977730e-11  4.33389538e+00  4.94977730e-11  4.33372061e+00 
 4.95977730e-11  4.40666872e+00  4.95977730e-11  4.40649312e+00 
 4.96977730e-11  4.47601995e+00  4.96977730e-11  4.47584353e+00 
 4.97977730e-11  4.54173379e+00  4.97977730e-11  4.54155656e+00 
 4.98977730e-11  4.60360623e+00  4.98977730e-11  4.60342820e+00 
 4.99977730e-11  4.66144517e+00  4.99977730e-11  4.66126637e+00 
 5.00977730e-11  4.71507104e+00  5.00977730e-11  4.71489148e+00 
 5.01977730e-11  4.76431736e+00  5.01977730e-11  4.76413709e+00 
 5.02977730e-11  4.80903132e+00  5.02977730e-11  4.80885037e+00 
 5.03977730e-11  4.84907421e+00  5.03977730e-11  4.84889262e+00 
 5.04977730e-11  4.88432192e+00  5.04977730e-11  4.88413973e+00 
 5.05977730e-11  4.91466529e+00  5.05977730e-11  4.91448256e+00 
 5.06977730e-11  4.94001050e+00  5.06977730e-11  4.93982729e+00 
 5.07977730e-11  4.96027935e+00  5.07977730e-11  4.96009572e+00 
 5.08977730e-11  4.97540951e+00  5.08977730e-11  4.97522552e+00 
 5.09977730e-11  4.98535474e+00  5.09977730e-11  4.98517047e+00 
 5.10977730e-11  4.99008500e+00  5.10977730e-11  4.98990052e+00 
 5.11977730e-11  4.98958661e+00  5.11977730e-11  4.98940199e+00 
 5.12977730e-11  4.98386220e+00  5.12977730e-11  4.98367754e+00 
 5.13977730e-11  4.97293080e+00  5.13977730e-11  4.97274617e+00 
 5.14977730e-11  4.95682771e+00  5.14977730e-11  4.95664320e+00 
 5.15977730e-11  4.93560441e+00  5.15977730e-11  4.93542011e+00 
 5.16977730e-11  4.90932840e+00  5.16977730e-11  4.90914439e+00 
 5.17977730e-11  4.87808297e+00  5.17977730e-11  4.87789935e+00 
 5.18977730e-11  4.84196693e+00  5.18977730e-11  4.84178378e+00 
 5.19977730e-11  4.80109429e+00  5.19977730e-11  4.80091172e+00 
 5.20977730e-11  4.75559394e+00  5.20977730e-11  4.75541203e+00 
 5.21977730e-11  4.70560914e+00  5.21977730e-11  4.70542799e+00 
 5.22977730e-11  4.65129714e+00  5.22977730e-11  4.65111684e+00 
 5.23977730e-11  4.59282867e+00  5.23977730e-11  4.59264931e+00 
 5.24977730e-11  4.53038732e+00  5.24977730e-11  4.53020900e+00 
 5.25977730e-11  4.46416905e+00  5.25977730e-11  4.46399185e+00 
 5.26977730e-11  4.39438146e+00  5.26977730e-11  4.39420547e+00 
 5.27977730e-11  4.32124321e+00  5.27977730e-11  4.32106852e+00 
 5.28977730e-11  4.24498325e+00  5.28977730e-11  4.24480995e+00 
 5.29977730e-11  4.16584015e+00  5.29977730e-11  4.16566832e+00 
 5.30977730e-11  4.08406127e+00  5.30977730e-11  4.08389098e+00 
 5.31977730e-11  3.99990200e+00  5.31977730e-11  3.99973334e+00 
 5.32977730e-11  3.91362496e+00  5.32977730e-11  3.91345800e+00 
 5.33977730e-11  3.82549912e+00  5.33977730e-11  3.82533394e+00 
 5.34977730e-11  3.73579897e+00  5.34977730e-11  3.73563563e+00 
 5.35977730e-11  3.64480362e+00  5.35977730e-11  3.64464220e+00 
 5.36977730e-11  3.55279596e+00  5.36977730e-11  3.55263651e+00 
 5.37977730e-11  3.46006168e+00  5.37977730e-11  3.45990426e+00 
 5.38977730e-11  3.36688842e+00  5.38977730e-11  3.36673309e+00 
 5.39977730e-11  3.27356485e+00  5.39977730e-11  3.27341166e+00 
 5.40977730e-11  3.18037973e+00  5.40977730e-11  3.18022873e+00 
 5.41977730e-11  3.08762105e+00  5.41977730e-11  3.08747227e+00 
 5.42977730e-11  2.99557504e+00  5.42977730e-11  2.99542853e+00 
 5.43977730e-11  2.90452534e+00  5.43977730e-11  2.90438113e+00 
 5.44977730e-11  2.81475210e+00  5.44977730e-11  2.81461022e+00 
 5.45977730e-11  2.72653106e+00  5.45977730e-11  2.72639154e+00 
 5.46977730e-11  2.64013278e+00  5.46977730e-11  2.63999563e+00 
 5.47977730e-11  2.55582169e+00  5.47977730e-11  2.55568693e+00 
 5.48977730e-11  2.47385537e+00  5.48977730e-11  2.47372302e+00 
 5.49977730e-11  2.39448374e+00  5.49977730e-11  2.39435380e+00 
 5.50977730e-11  2.31794827e+00  5.50977730e-11  2.31782074e+00 
 5.51977730e-11  2.24448128e+00  5.51977730e-11  2.24435615e+00 
 5.52977730e-11  2.17430525e+00  5.52977730e-11  2.17418251e+00 
 5.53977730e-11  2.10763214e+00  5.53977730e-11  2.10751179e+00 
 5.54977730e-11  2.04466282e+00  5.54977730e-11  2.04454483e+00 
 5.55977730e-11  1.98558643e+00  5.55977730e-11  1.98547077e+00 
 5.56977730e-11  1.93057990e+00  5.56977730e-11  1.93046654e+00 
 5.57977730e-11  1.87980742e+00  5.57977730e-11  1.87969633e+00 
 5.58977730e-11  1.83342001e+00  5.58977730e-11  1.83331115e+00 
 5.59977730e-11  1.79155511e+00  5.59977730e-11  1.79144843e+00 
 5.60977730e-11  1.75433624e+00  5.60977730e-11  1.75423169e+00 
 5.61977730e-11  1.72187266e+00  5.61977730e-11  1.72177018e+00 
 5.62977730e-11  1.69425913e+00  5.62977730e-11  1.69415865e+00 
 5.63977730e-11  1.67157565e+00  5.63977730e-11  1.67147711e+00 
 5.64977730e-11  1.65388734e+00  5.64977730e-11  1.65379065e+00 
 5.65977730e-11  1.64124425e+00  5.65977730e-11  1.64114933e+00 
 5.66977730e-11  1.63368127e+00  5.66977730e-11  1.63358804e+00 
 5.67977730e-11  1.63121811e+00  5.67977730e-11  1.63112648e+00 
 5.68977730e-11  1.63385925e+00  5.68977730e-11  1.63376913e+00 
 5.69977730e-11  1.64159399e+00  5.69977730e-11  1.64150527e+00 
 5.70977730e-11  1.65439646e+00  5.70977730e-11  1.65430904e+00 
 5.71977730e-11  1.67222578e+00  5.71977730e-11  1.67213954e+00 
 5.72977730e-11  1.69502612e+00  5.72977730e-11  1.69494095e+00 
 5.73977730e-11  1.72272691e+00  5.73977730e-11  1.72264269e+00 
 5.74977730e-11  1.75524302e+00  5.74977730e-11  1.75515964e+00 
 5.75977730e-11  1.79247500e+00  5.75977730e-11  1.79239233e+00 
 5.76977730e-11  1.83430933e+00  5.76977730e-11  1.83422725e+00 
 5.77977730e-11  1.88061874e+00  5.77977730e-11  1.88053712e+00 
 5.78977730e-11  1.93126255e+00  5.78977730e-11  1.93118126e+00 
 5.79977730e-11  1.98608702e+00  5.79977730e-11  1.98600595e+00 
 5.80977730e-11  2.04492582e+00  5.80977730e-11  2.04484483e+00 
 5.81977730e-11  2.10760040e+00  5.81977730e-11  2.10751937e+00 
 5.82977730e-11  2.17392055e+00  5.82977730e-11  2.17383937e+00 
 5.83977730e-11  2.24368490e+00  5.83977730e-11  2.24360344e+00 
 5.84977730e-11  2.31668146e+00  5.84977730e-11  2.31659960e+00 
 5.85977730e-11  2.39268825e+00  5.85977730e-11  2.39260590e+00 
 5.86977730e-11  2.47147395e+00  5.86977730e-11  2.47139098e+00 
 5.87977730e-11  2.55279850e+00  5.87977730e-11  2.55271482e+00 
 5.88977730e-11  2.63641387e+00  5.88977730e-11  2.63632938e+00 
 5.89977730e-11  2.72206477e+00  5.89977730e-11  2.72197938e+00 
 5.90977730e-11  2.80948941e+00  5.90977730e-11  2.80940302e+00 
 5.91977730e-11  2.89842025e+00  5.91977730e-11  2.89833280e+00 
 5.92977730e-11  2.98858486e+00  5.92977730e-11  2.98849627e+00 
 5.93977730e-11  3.07970675e+00  5.93977730e-11  3.07961695e+00 
 5.94977730e-11  3.17150616e+00  5.94977730e-11  3.17141509e+00 
 5.95977730e-11  3.26370098e+00  5.95977730e-11  3.26360859e+00 
 5.96977730e-11  3.35600760e+00  5.96977730e-11  3.35591383e+00 
 5.97977730e-11  3.44814178e+00  5.97977730e-11  3.44804660e+00 
 5.98977730e-11  3.53981956e+00  5.98977730e-11  3.53972293e+00 
 5.99977730e-11  3.63075815e+00  5.99977730e-11  3.63066004e+00 
 6.00977730e-11  3.72067678e+00  6.00977730e-11  3.72057716e+00 
 6.01977730e-11  3.80929766e+00  6.01977730e-11  3.80919651e+00 
 6.02977730e-11  3.89634677e+00  6.02977730e-11  3.89624407e+00 
 6.03977730e-11  3.98155479e+00  6.03977730e-11  3.98145053e+00 
 6.04977730e-11  4.06465793e+00  6.04977730e-11  4.06455210e+00 
 6.05977730e-11  4.14539878e+00  6.05977730e-11  4.14529138e+00 
 6.06977730e-11  4.22352711e+00  6.06977730e-11  4.22341814e+00 
 6.07977730e-11  4.29880070e+00  6.07977730e-11  4.29869015e+00 
 6.08977730e-11  4.37098607e+00  6.08977730e-11  4.37087397e+00 
 6.09977730e-11  4.43985927e+00  6.09977730e-11  4.43974562e+00 
 6.10977730e-11  4.50520657e+00  6.10977730e-11  4.50509138e+00 
 6.11977730e-11  4.56682513e+00  6.11977730e-11  4.56670843e+00 
 6.12977730e-11  4.62452370e+00  6.12977730e-11  4.62440552e+00 
 6.13977730e-11  4.67812318e+00  6.13977730e-11  4.67800354e+00 
 6.14977730e-11  4.72745722e+00  6.14977730e-11  4.72733617e+00 
 6.15977730e-11  4.77237276e+00  6.15977730e-11  4.77225034e+00 
 6.16977730e-11  4.81273049e+00  6.16977730e-11  4.81260674e+00 
 6.17977730e-11  4.84840534e+00  6.17977730e-11  4.84828031e+00 
 6.18977730e-11  4.87928682e+00  6.18977730e-11  4.87916059e+00 
 6.19977730e-11  4.90527947e+00  6.19977730e-11  4.90515208e+00 
 6.20977730e-11  4.92630305e+00  6.20977730e-11  4.92617458e+00 
 6.21977730e-11  4.94229289e+00  6.21977730e-11  4.94216341e+00 
 6.22977730e-11  4.95320006e+00  6.22977730e-11  4.95306964e+00 
 6.23977730e-11  4.95899152e+00  6.23977730e-11  4.95886024e+00 
 6.24977730e-11  4.95965024e+00  6.24977730e-11  4.95951818e+00 
 6.25977730e-11  4.95517525e+00  6.25977730e-11  4.95504250e+00 
 6.26977730e-11  4.94558165e+00  6.26977730e-11  4.94544830e+00 
 6.27977730e-11  4.93090053e+00  6.27977730e-11  4.93076667e+00 
 6.28977730e-11  4.91117892e+00  6.28977730e-11  4.91104464e+00 
 6.29977730e-11  4.88647960e+00  6.29977730e-11  4.88634499e+00 
 6.30977730e-11  4.85688090e+00  6.30977730e-11  4.85674606e+00 
 6.31977730e-11  4.82247646e+00  6.31977730e-11  4.82234148e+00 
 6.32977730e-11  4.78337492e+00  6.32977730e-11  4.78323991e+00 
 6.33977730e-11  4.73969959e+00  6.33977730e-11  4.73956464e+00 
 6.34977730e-11  4.69158802e+00  6.34977730e-11  4.69145323e+00 
 6.35977730e-11  4.63919158e+00  6.35977730e-11  4.63905705e+00 
 6.36977730e-11  4.58267496e+00  6.36977730e-11  4.58254079e+00 
 6.37977730e-11  4.52221567e+00  6.37977730e-11  4.52208194e+00 
 6.38977730e-11  4.45800341e+00  6.38977730e-11  4.45787023e+00 
 6.39977730e-11  4.39023954e+00  6.39977730e-11  4.39010700e+00 
 6.40977730e-11  4.31913636e+00  6.40977730e-11  4.31900455e+00 
 6.41977730e-11  4.24491646e+00  6.41977730e-11  4.24478548e+00 
 6.42977730e-11  4.16781204e+00  6.42977730e-11  4.16768196e+00 
 6.43977730e-11  4.08806408e+00  6.43977730e-11  4.08793500e+00 
 6.44977730e-11  4.00592166e+00  6.44977730e-11  4.00579366e+00 
 6.45977730e-11  3.92164110e+00  6.45977730e-11  3.92151426e+00 
 6.46977730e-11  3.83548518e+00  6.46977730e-11  3.83535958e+00 
 6.47977730e-11  3.74772227e+00  6.47977730e-11  3.74759798e+00 
 6.48977730e-11  3.65862548e+00  6.48977730e-11  3.65850257e+00 
 6.49977730e-11  3.56847181e+00  6.49977730e-11  3.56835036e+00 
 6.50977730e-11  3.47754124e+00  6.50977730e-11  3.47742131e+00 
 6.51977730e-11  3.38611587e+00  6.51977730e-11  3.38599753e+00 
 6.52977730e-11  3.29447900e+00  6.52977730e-11  3.29436229e+00 
 6.53977730e-11  3.20291424e+00  6.53977730e-11  3.20279922e+00 
 6.54977730e-11  3.11170461e+00  6.54977730e-11  3.11159133e+00 
 6.55977730e-11  3.02113166e+00  6.55977730e-11  3.02102016e+00 
 6.56977730e-11  2.93147458e+00  6.56977730e-11  2.93136490e+00 
 6.57977730e-11  2.84300932e+00  6.57977730e-11  2.84290150e+00 
 6.58977730e-11  2.75600772e+00  6.58977730e-11  2.75590179e+00 
 6.59977730e-11  2.67073670e+00  6.59977730e-11  2.67063269e+00 
 6.60977730e-11  2.58745739e+00  6.60977730e-11  2.58735532e+00 
 6.61977730e-11  2.50642437e+00  6.61977730e-11  2.50632425e+00 
 6.62977730e-11  2.42788484e+00  6.62977730e-11  2.42778668e+00 
 6.63977730e-11  2.35207791e+00  6.63977730e-11  2.35198173e+00 
 6.64977730e-11  2.27923388e+00  6.64977730e-11  2.27913967e+00 
 6.65977730e-11  2.20957351e+00  6.65977730e-11  2.20948128e+00 
 6.66977730e-11  2.14330744e+00  6.66977730e-11  2.14321717e+00 
 6.67977730e-11  2.08063548e+00  6.67977730e-11  2.08054716e+00 
 6.68977730e-11  2.02174612e+00  6.68977730e-11  2.02165973e+00 
 6.69977730e-11  1.96681594e+00  6.69977730e-11  1.96673147e+00 
 6.70977730e-11  1.91600915e+00  6.70977730e-11  1.91592655e+00 
 6.71977730e-11  1.86947709e+00  6.71977730e-11  1.86939634e+00 
 6.72977730e-11  1.82735789e+00  6.72977730e-11  1.82727894e+00 
 6.73977730e-11  1.78977605e+00  6.73977730e-11  1.78969886e+00 
 6.74977730e-11  1.75684216e+00  6.74977730e-11  1.75676667e+00 
 6.75977730e-11  1.72865257e+00  6.75977730e-11  1.72857873e+00 
 6.76977730e-11  1.70528924e+00  6.76977730e-11  1.70521699e+00 
 6.77977730e-11  1.68681949e+00  6.77977730e-11  1.68674875e+00 
 6.78977730e-11  1.67329587e+00  6.78977730e-11  1.67322657e+00 
 6.79977730e-11  1.66475606e+00  6.79977730e-11  1.66468812e+00 
 6.80977730e-11  1.66122279e+00  6.80977730e-11  1.66115613e+00 
 6.81977730e-11  1.66270384e+00  6.81977730e-11  1.66263838e+00 
 6.82977730e-11  1.66919204e+00  6.82977730e-11  1.66912767e+00 
 6.83977730e-11  1.68066531e+00  6.83977730e-11  1.68060193e+00 
 6.84977730e-11  1.69708673e+00  6.84977730e-11  1.69702425e+00 
 6.85977730e-11  1.71840469e+00  6.85977730e-11  1.71834300e+00 
 6.86977730e-11  1.74455304e+00  6.86977730e-11  1.74449202e+00 
 6.87977730e-11  1.77545125e+00  6.87977730e-11  1.77539079e+00 
 6.88977730e-11  1.81100465e+00  6.88977730e-11  1.81094464e+00 
 6.89977730e-11  1.85110469e+00  6.89977730e-11  1.85104501e+00 
 6.90977730e-11  1.89562922e+00  6.90977730e-11  1.89556975e+00 
 6.91977730e-11  1.94444284e+00  6.91977730e-11  1.94438346e+00 
 6.92977730e-11  1.99739724e+00  6.92977730e-11  1.99733783e+00 
 6.93977730e-11  2.05433161e+00  6.93977730e-11  2.05427205e+00 
 6.94977730e-11  2.11507308e+00  6.94977730e-11  2.11501325e+00 
 6.95977730e-11  2.17943719e+00  6.95977730e-11  2.17937698e+00 
 6.96977730e-11  2.24722841e+00  6.96977730e-11  2.24716770e+00 
 6.97977730e-11  2.31824067e+00  6.97977730e-11  2.31817935e+00 
 6.98977730e-11  2.39225796e+00  6.98977730e-11  2.39219592e+00 
 6.99977730e-11  2.46905494e+00  6.99977730e-11  2.46899208e+00 
 7.00977730e-11  2.54839758e+00  7.00977730e-11  2.54833381e+00 
 7.01977730e-11  2.63004388e+00  7.01977730e-11  2.62997909e+00 
 7.02977730e-11  2.71374453e+00  7.02977730e-11  2.71367864e+00 
 7.03977730e-11  2.79924370e+00  7.03977730e-11  2.79917662e+00 
 7.04977730e-11  2.88627976e+00  7.04977730e-11  2.88621141e+00 
 7.05977730e-11  2.97458612e+00  7.05977730e-11  2.97451643e+00 
 7.06977730e-11  3.06389198e+00  7.06977730e-11  3.06382089e+00 
 7.07977730e-11  3.15392323e+00  7.07977730e-11  3.15385068e+00 
 7.08977730e-11  3.24440322e+00  7.08977730e-11  3.24432916e+00 
 7.09977730e-11  3.33505367e+00  7.09977730e-11  3.33497805e+00 
 7.10977730e-11  3.42559552e+00  7.10977730e-11  3.42551829e+00 
 7.11977730e-11  3.51574976e+00  7.11977730e-11  3.51567089e+00 
 7.12977730e-11  3.60523837e+00  7.12977730e-11  3.60515783e+00 
 7.13977730e-11  3.69378514e+00  7.13977730e-11  3.69370290e+00 
 7.14977730e-11  3.78111657e+00  7.14977730e-11  3.78103261e+00 
 7.15977730e-11  3.86696270e+00  7.15977730e-11  3.86687702e+00 
 7.16977730e-11  3.95105802e+00  7.16977730e-11  3.95097059e+00 
 7.17977730e-11  4.03314225e+00  7.17977730e-11  4.03305306e+00 
 7.18977730e-11  4.11296119e+00  7.18977730e-11  4.11287025e+00 
 7.19977730e-11  4.19026756e+00  7.19977730e-11  4.19017486e+00 
 7.20977730e-11  4.26482173e+00  7.20977730e-11  4.26472728e+00 
 7.21977730e-11  4.33639252e+00  7.21977730e-11  4.33629633e+00 
 7.22977730e-11  4.40475796e+00  7.22977730e-11  4.40466003e+00 
 7.23977730e-11  4.46970592e+00  7.23977730e-11  4.46960629e+00 
 7.24977730e-11  4.53103488e+00  7.24977730e-11  4.53093356e+00 
 7.25977730e-11  4.58855451e+00  7.25977730e-11  4.58845153e+00 
 7.26977730e-11  4.64208632e+00  7.26977730e-11  4.64198171e+00 
 7.27977730e-11  4.69146420e+00  7.27977730e-11  4.69135801e+00 
 7.28977730e-11  4.73653498e+00  7.28977730e-11  4.73642724e+00 
 7.29977730e-11  4.77715889e+00  7.29977730e-11  4.77704965e+00 
 7.30977730e-11  4.81321004e+00  7.30977730e-11  4.81309935e+00 
 7.31977730e-11  4.84457680e+00  7.31977730e-11  4.84446473e+00 
 7.32977730e-11  4.87116219e+00  7.32977730e-11  4.87104879e+00 
 7.33977730e-11  4.89288413e+00  7.33977730e-11  4.89276947e+00 
 7.34977730e-11  4.90967577e+00  7.34977730e-11  4.90955993e+00 
 7.35977730e-11  4.92148566e+00  7.35977730e-11  4.92136872e+00 
 7.36977730e-11  4.92827796e+00  7.36977730e-11  4.92815998e+00 
 7.37977730e-11  4.93003248e+00  7.37977730e-11  4.92991355e+00 
 7.38977730e-11  4.92674483e+00  7.38977730e-11  4.92662504e+00 
 7.39977730e-11  4.91842636e+00  7.39977730e-11  4.91830579e+00 
 7.40977730e-11  4.90510418e+00  7.40977730e-11  4.90498293e+00 
 7.41977730e-11  4.88682104e+00  7.41977730e-11  4.88669919e+00 
 7.42977730e-11  4.86363518e+00  7.42977730e-11  4.86351284e+00 
 7.43977730e-11  4.83562021e+00  7.43977730e-11  4.83549746e+00 
 7.44977730e-11  4.80286476e+00  7.44977730e-11  4.80274172e+00 
 7.45977730e-11  4.76547232e+00  7.45977730e-11  4.76534906e+00 
 7.46977730e-11  4.72356081e+00  7.46977730e-11  4.72343744e+00 
 7.47977730e-11  4.67726224e+00  7.47977730e-11  4.67713886e+00 
 7.48977730e-11  4.62672228e+00  7.48977730e-11  4.62659899e+00 
 7.49977730e-11  4.57209981e+00  7.49977730e-11  4.57197671e+00 
 7.50977730e-11  4.51356638e+00  7.50977730e-11  4.51344356e+00 
 7.51977730e-11  4.45130567e+00  7.51977730e-11  4.45118322e+00 
 7.52977730e-11  4.38551290e+00  7.52977730e-11  4.38539092e+00 
 7.53977730e-11  4.31639421e+00  7.53977730e-11  4.31627279e+00 
 7.54977730e-11  4.24416598e+00  7.54977730e-11  4.24404522e+00 
 7.55977730e-11  4.16905417e+00  7.55977730e-11  4.16893415e+00 
 7.56977730e-11  4.09129355e+00  7.56977730e-11  4.09117437e+00 
 7.57977730e-11  4.01112700e+00  7.57977730e-11  4.01100873e+00 
 7.58977730e-11  3.92880468e+00  7.58977730e-11  3.92868741e+00 
 7.59977730e-11  3.84458327e+00  7.59977730e-11  3.84446708e+00 
 7.60977730e-11  3.75872513e+00  7.60977730e-11  3.75861009e+00 
 7.61977730e-11  3.67149747e+00  7.61977730e-11  3.67138366e+00 
 7.62977730e-11  3.58317149e+00  7.62977730e-11  3.58305898e+00 
 7.63977730e-11  3.49402155e+00  7.63977730e-11  3.49391040e+00 
 7.64977730e-11  3.40432424e+00  7.64977730e-11  3.40421452e+00 
 7.65977730e-11  3.31435755e+00  7.65977730e-11  3.31424931e+00 
 7.66977730e-11  3.22439997e+00  7.66977730e-11  3.22429327e+00 
 7.67977730e-11  3.13472962e+00  7.67977730e-11  3.13462451e+00 
 7.68977730e-11  3.04562335e+00  7.68977730e-11  3.04551988e+00 
 7.69977730e-11  2.95735592e+00  7.69977730e-11  2.95725412e+00 
 7.70977730e-11  2.87019906e+00  7.70977730e-11  2.87009898e+00 
 7.71977730e-11  2.78442072e+00  7.71977730e-11  2.78432239e+00 
 7.72977730e-11  2.70028414e+00  7.72977730e-11  2.70018759e+00 
 7.73977730e-11  2.61804711e+00  7.73977730e-11  2.61795235e+00 
 7.74977730e-11  2.53796112e+00  7.74977730e-11  2.53786819e+00 
 7.75977730e-11  2.46027065e+00  7.75977730e-11  2.46017955e+00 
 7.76977730e-11  2.38521235e+00  7.76977730e-11  2.38512310e+00 
 7.77977730e-11  2.31301441e+00  7.77977730e-11  2.31292701e+00 
 7.78977730e-11  2.24389581e+00  7.78977730e-11  2.24381025e+00 
 7.79977730e-11  2.17806570e+00  7.79977730e-11  2.17798198e+00 
 7.80977730e-11  2.11572278e+00  7.80977730e-11  2.11564089e+00 
 7.81977730e-11  2.05705474e+00  7.81977730e-11  2.05697466e+00 
 7.82977730e-11  2.00223769e+00  7.82977730e-11  2.00215941e+00 
 7.83977730e-11  1.95143571e+00  7.83977730e-11  1.95135919e+00 
 7.84977730e-11  1.90480035e+00  7.84977730e-11  1.90472557e+00 
 7.85977730e-11  1.86247025e+00  7.85977730e-11  1.86239716e+00 
 7.86977730e-11  1.82457076e+00  7.86977730e-11  1.82449932e+00 
 7.87977730e-11  1.79121360e+00  7.87977730e-11  1.79114377e+00 
 7.88977730e-11  1.76249663e+00  7.88977730e-11  1.76242835e+00 
 7.89977730e-11  1.73850354e+00  7.89977730e-11  1.73843675e+00 
 7.90977730e-11  1.71930372e+00  7.90977730e-11  1.71923835e+00 
 7.91977730e-11  1.70495205e+00  7.91977730e-11  1.70488803e+00 
 7.92977730e-11  1.69548882e+00  7.92977730e-11  1.69542608e+00 
 7.93977730e-11  1.69093964e+00  7.93977730e-11  1.69087810e+00 
 7.94977730e-11  1.69131544e+00  7.94977730e-11  1.69125500e+00 
 7.95977730e-11  1.69661240e+00  7.95977730e-11  1.69655298e+00 
 7.96977730e-11  1.70681205e+00  7.96977730e-11  1.70675356e+00 
 7.97977730e-11  1.72188132e+00  7.97977730e-11  1.72182366e+00 
 7.98977730e-11  1.74177266e+00  7.98977730e-11  1.74171572e+00 
 7.99977730e-11  1.76642416e+00  7.99977730e-11  1.76636783e+00 
 8.00977730e-11  1.79575976e+00  8.00977730e-11  1.79570394e+00 
 8.01977730e-11  1.82968943e+00  8.01977730e-11  1.82963399e+00 
 8.02977730e-11  1.86810943e+00  8.02977730e-11  1.86805427e+00 
 8.03977730e-11  1.91090261e+00  8.03977730e-11  1.91084761e+00 
 8.04977730e-11  1.95793868e+00  8.04977730e-11  1.95788373e+00 
 8.05977730e-11  2.00907464e+00  8.05977730e-11  2.00901962e+00 
 8.06977730e-11  2.06415507e+00  8.06977730e-11  2.06409986e+00 
 8.07977730e-11  2.12301262e+00  8.07977730e-11  2.12295711e+00 
 8.08977730e-11  2.18546848e+00  8.08977730e-11  2.18541255e+00 
 8.09977730e-11  2.25133281e+00  8.09977730e-11  2.25127635e+00 
 8.10977730e-11  2.32040534e+00  8.10977730e-11  2.32034824e+00 
 8.11977730e-11  2.39247590e+00  8.11977730e-11  2.39241805e+00 
 8.12977730e-11  2.46732503e+00  8.12977730e-11  2.46726633e+00 
 8.13977730e-11  2.54472461e+00  8.13977730e-11  2.54466496e+00 
 8.14977730e-11  2.62443852e+00  8.14977730e-11  2.62437784e+00 
 8.15977730e-11  2.70622337e+00  8.15977730e-11  2.70616156e+00 
 8.16977730e-11  2.78982918e+00  8.16977730e-11  2.78976615e+00 
 8.17977730e-11  2.87500012e+00  8.17977730e-11  2.87493580e+00 
 8.18977730e-11  2.96147534e+00  8.18977730e-11  2.96140966e+00 
 8.19977730e-11  3.04898969e+00  8.19977730e-11  3.04892258e+00 
 8.20977730e-11  3.13727460e+00  8.20977730e-11  3.13720600e+00 
 8.21977730e-11  3.22605883e+00  8.21977730e-11  3.22598869e+00 
 8.22977730e-11  3.31506937e+00  8.22977730e-11  3.31499764e+00 
 8.23977730e-11  3.40403226e+00  8.23977730e-11  3.40395890e+00 
 8.24977730e-11  3.49267343e+00  8.24977730e-11  3.49259840e+00 
 8.25977730e-11  3.58071958e+00  8.25977730e-11  3.58064285e+00 
 8.26977730e-11  3.66789903e+00  8.26977730e-11  3.66782057e+00 
 8.27977730e-11  3.75394256e+00  8.27977730e-11  3.75386235e+00 
 8.28977730e-11  3.83858427e+00  8.28977730e-11  3.83850230e+00 
 8.29977730e-11  3.92156244e+00  8.29977730e-11  3.92147869e+00 
 8.30977730e-11  4.00262031e+00  8.30977730e-11  4.00253477e+00 
 8.31977730e-11  4.08150695e+00  8.31977730e-11  4.08141962e+00 
 8.32977730e-11  4.15797800e+00  8.32977730e-11  4.15788888e+00 
 8.33977730e-11  4.23179651e+00  8.33977730e-11  4.23170560e+00 
 8.34977730e-11  4.30273363e+00  8.34977730e-11  4.30264094e+00 
 8.35977730e-11  4.37056939e+00  8.35977730e-11  4.37047494e+00 
 8.36977730e-11  4.43509340e+00  8.36977730e-11  4.43499720e+00 
 8.37977730e-11  4.49610547e+00  8.37977730e-11  4.49600755e+00 
 8.38977730e-11  4.55341631e+00  8.38977730e-11  4.55331669e+00 
 8.39977730e-11  4.60684811e+00  8.39977730e-11  4.60674683e+00 
 8.40977730e-11  4.65623510e+00  8.40977730e-11  4.65613220e+00 
 8.41977730e-11  4.70142412e+00  8.41977730e-11  4.70131963e+00 
 8.42977730e-11  4.74227504e+00  8.42977730e-11  4.74216902e+00 
 8.43977730e-11  4.77866130e+00  8.43977730e-11  4.77855378e+00 
 8.44977730e-11  4.81047022e+00  8.44977730e-11  4.81036128e+00 
 8.45977730e-11  4.83760345e+00  8.45977730e-11  4.83749314e+00 
 8.46977730e-11  4.85997721e+00  8.46977730e-11  4.85986560e+00 
 8.47977730e-11  4.87752262e+00  8.47977730e-11  4.87740978e+00 
 8.48977730e-11  4.89018587e+00  8.48977730e-11  4.89007188e+00 
 8.49977730e-11  4.89792843e+00  8.49977730e-11  4.89781336e+00 
 8.50977730e-11  4.90072716e+00  8.50977730e-11  4.90061109e+00 
 8.51977730e-11  4.89857437e+00  8.51977730e-11  4.89845739e+00 
 8.52977730e-11  4.89147787e+00  8.52977730e-11  4.89136006e+00 
 8.53977730e-11  4.87946091e+00  8.53977730e-11  4.87934236e+00 
 8.54977730e-11  4.86256214e+00  8.54977730e-11  4.86244295e+00 
 8.55977730e-11  4.84083547e+00  8.55977730e-11  4.84071573e+00 
 8.56977730e-11  4.81434990e+00  8.56977730e-11  4.81422970e+00 
 8.57977730e-11  4.78318928e+00  8.57977730e-11  4.78306872e+00 
 8.58977730e-11  4.74745205e+00  8.58977730e-11  4.74733123e+00 
 8.59977730e-11  4.70725096e+00  8.59977730e-11  4.70712996e+00 
 8.60977730e-11  4.66271263e+00  8.60977730e-11  4.66259157e+00 
 8.61977730e-11  4.61397722e+00  8.61977730e-11  4.61385618e+00 
 8.62977730e-11  4.56119793e+00  8.62977730e-11  4.56107701e+00 
 8.63977730e-11  4.50454052e+00  8.63977730e-11  4.50441982e+00 
 8.64977730e-11  4.44418279e+00  8.64977730e-11  4.44406241e+00 
 8.65977730e-11  4.38031400e+00  8.65977730e-11  4.38019403e+00 
 8.66977730e-11  4.31313425e+00  8.66977730e-11  4.31301478e+00 
 8.67977730e-11  4.24285388e+00  8.67977730e-11  4.24273500e+00 
 8.68977730e-11  4.16969272e+00  8.68977730e-11  4.16957453e+00 
 8.69977730e-11  4.09387948e+00  8.69977730e-11  4.09376205e+00 
 8.70977730e-11  4.01565093e+00  8.70977730e-11  4.01553436e+00 
 8.71977730e-11  3.93525121e+00  8.71977730e-11  3.93513558e+00 
 8.72977730e-11  3.85293101e+00  8.72977730e-11  3.85281639e+00 
 8.73977730e-11  3.76894678e+00  8.73977730e-11  3.76883325e+00 
 8.74977730e-11  3.68355991e+00  8.74977730e-11  3.68344755e+00 
 8.75977730e-11  3.59703591e+00  8.75977730e-11  3.59692479e+00 
 8.76977730e-11  3.50964355e+00  8.76977730e-11  3.50953373e+00 
 8.77977730e-11  3.42165401e+00  8.77977730e-11  3.42154555e+00 
 8.78977730e-11  3.33334003e+00  8.78977730e-11  3.33323299e+00 
 8.79977730e-11  3.24497501e+00  8.79977730e-11  3.24486945e+00 
 8.80977730e-11  3.15683220e+00  8.80977730e-11  3.15672817e+00 
 8.81977730e-11  3.06918381e+00  8.81977730e-11  3.06908136e+00 
 8.82977730e-11  2.98230015e+00  8.82977730e-11  2.98219932e+00 
 8.83977730e-11  2.89644879e+00  8.83977730e-11  2.89634962e+00 
 8.84977730e-11  2.81189373e+00  8.84977730e-11  2.81179625e+00 
 8.85977730e-11  2.72889456e+00  8.85977730e-11  2.72879880e+00 
 8.86977730e-11  2.64770568e+00  8.86977730e-11  2.64761167e+00 
 8.87977730e-11  2.56857550e+00  8.87977730e-11  2.56848326e+00 
 8.88977730e-11  2.49174569e+00  8.88977730e-11  2.49165523e+00 
 8.89977730e-11  2.41745044e+00  8.89977730e-11  2.41736177e+00 
 8.90977730e-11  2.34591572e+00  8.90977730e-11  2.34582885e+00 
 8.91977730e-11  2.27735868e+00  8.91977730e-11  2.27727361e+00 
 8.92977730e-11  2.21198692e+00  8.92977730e-11  2.21190365e+00 
 8.93977730e-11  2.14999794e+00  8.93977730e-11  2.14991645e+00 
 8.94977730e-11  2.09157853e+00  8.94977730e-11  2.09149880e+00 
 8.95977730e-11  2.03690424e+00  8.95977730e-11  2.03682626e+00 
 8.96977730e-11  1.98613890e+00  8.96977730e-11  1.98606265e+00 
 8.97977730e-11  1.93943416e+00  8.97977730e-11  1.93935960e+00 
 8.98977730e-11  1.89692906e+00  8.98977730e-11  1.89685616e+00 
 8.99977730e-11  1.85874967e+00  8.99977730e-11  1.85867839e+00 
 9.00977730e-11  1.82500875e+00  9.00977730e-11  1.82493904e+00 
 9.01977730e-11  1.79580548e+00  9.01977730e-11  1.79573728e+00 
 9.02977730e-11  1.77122519e+00  9.02977730e-11  1.77115845e+00 
 9.03977730e-11  1.75133917e+00  9.03977730e-11  1.75127383e+00 
 9.04977730e-11  1.73620453e+00  9.04977730e-11  1.73614051e+00 
 9.05977730e-11  1.72586401e+00  9.05977730e-11  1.72580125e+00 
 9.06977730e-11  1.72034599e+00  9.06977730e-11  1.72028440e+00 
 9.07977730e-11  1.71966435e+00  9.07977730e-11  1.71960385e+00 
 9.08977730e-11  1.72381853e+00  9.08977730e-11  1.72375904e+00 
 9.09977730e-11  1.73279354e+00  9.09977730e-11  1.73273495e+00 
 9.10977730e-11  1.74655999e+00  9.10977730e-11  1.74650222e+00 
 9.11977730e-11  1.76507426e+00  9.11977730e-11  1.76501720e+00 
 9.12977730e-11  1.78827855e+00  9.12977730e-11  1.78822210e+00 
 9.13977730e-11  1.81610113e+00  9.13977730e-11  1.81604517e+00 
 9.14977730e-11  1.84845646e+00  9.14977730e-11  1.84840090e+00 
 9.15977730e-11  1.88524551e+00  9.15977730e-11  1.88519022e+00 
 9.16977730e-11  1.92635595e+00  9.16977730e-11  1.92630083e+00 
 9.17977730e-11  1.97166253e+00  9.17977730e-11  1.97160746e+00 
 9.18977730e-11  2.02102736e+00  9.18977730e-11  2.02097222e+00 
 9.19977730e-11  2.07430032e+00  9.19977730e-11  2.07424500e+00 
 9.20977730e-11  2.13131945e+00  9.20977730e-11  2.13126385e+00 
 9.21977730e-11  2.19191144e+00  9.21977730e-11  2.19185542e+00 
 9.22977730e-11  2.25589203e+00  9.22977730e-11  2.25583551e+00 
 9.23977730e-11  2.32306663e+00  9.23977730e-11  2.32300948e+00 
 9.24977730e-11  2.39323078e+00  9.24977730e-11  2.39317289e+00 
 9.25977730e-11  2.46617078e+00  9.25977730e-11  2.46611206e+00 
 9.26977730e-11  2.54166430e+00  9.26977730e-11  2.54160466e+00 
 9.27977730e-11  2.61948104e+00  9.27977730e-11  2.61942037e+00 
 9.28977730e-11  2.69938336e+00  9.28977730e-11  2.69932158e+00 
 9.29977730e-11  2.78112705e+00  9.29977730e-11  2.78106408e+00 
 9.30977730e-11  2.86446200e+00  9.30977730e-11  2.86439776e+00 
 9.31977730e-11  2.94913300e+00  9.31977730e-11  2.94906741e+00 
 9.32977730e-11  3.03488046e+00  9.32977730e-11  3.03481346e+00 
 9.33977730e-11  3.12144127e+00  9.33977730e-11  3.12137280e+00 
 9.34977730e-11  3.20854955e+00  9.34977730e-11  3.20847955e+00 
 9.35977730e-11  3.29593747e+00  9.35977730e-11  3.29586590e+00 
 9.36977730e-11  3.38333613e+00  9.36977730e-11  3.38326294e+00 
 9.37977730e-11  3.47047634e+00  9.37977730e-11  3.47040149e+00 
 9.38977730e-11  3.55708950e+00  9.38977730e-11  3.55701296e+00 
 9.39977730e-11  3.64290839e+00  9.39977730e-11  3.64283014e+00 
 9.40977730e-11  3.72766808e+00  9.40977730e-11  3.72758809e+00 
 9.41977730e-11  3.81110671e+00  9.41977730e-11  3.81102496e+00 
 9.42977730e-11  3.89296633e+00  9.42977730e-11  3.89288280e+00 
 9.43977730e-11  3.97299371e+00  9.43977730e-11  3.97290840e+00 
 9.44977730e-11  4.05094118e+00  9.44977730e-11  4.05085408e+00 
 9.45977730e-11  4.12656735e+00  9.45977730e-11  4.12647847e+00 
 9.46977730e-11  4.19963794e+00  9.46977730e-11  4.19954728e+00 
 9.47977730e-11  4.26992650e+00  9.47977730e-11  4.26983407e+00 
 9.48977730e-11  4.33721512e+00  9.48977730e-11  4.33712092e+00 
 9.49977730e-11  4.40129513e+00  9.49977730e-11  4.40119919e+00 
 9.50977730e-11  4.46196779e+00  9.50977730e-11  4.46187013e+00 
 9.51977730e-11  4.51904490e+00  9.51977730e-11  4.51894554e+00 
 9.52977730e-11  4.57234941e+00  9.52977730e-11  4.57224839e+00 
 9.53977730e-11  4.62171599e+00  9.53977730e-11  4.62161334e+00 
 9.54977730e-11  4.66699155e+00  9.54977730e-11  4.66688730e+00 
 9.55977730e-11  4.70803572e+00  9.55977730e-11  4.70792994e+00 
 9.56977730e-11  4.74472135e+00  9.56977730e-11  4.74461408e+00 
 9.57977730e-11  4.77693485e+00  9.57977730e-11  4.77682614e+00 
 9.58977730e-11  4.80457661e+00  9.58977730e-11  4.80446652e+00 
 9.59977730e-11  4.82756127e+00  9.59977730e-11  4.82744988e+00 
 9.60977730e-11  4.84581804e+00  9.60977730e-11  4.84570540e+00 
 9.61977730e-11  4.85929089e+00  9.61977730e-11  4.85917709e+00 
 9.62977730e-11  4.86793876e+00  9.62977730e-11  4.86782386e+00 
 9.63977730e-11  4.87173565e+00  9.63977730e-11  4.87161974e+00 
 9.64977730e-11  4.87067076e+00  9.64977730e-11  4.87055392e+00 
 9.65977730e-11  4.86474847e+00  9.65977730e-11  4.86463079e+00 
 9.66977730e-11  4.85398836e+00  9.66977730e-11  4.85386992e+00 
 9.67977730e-11  4.83842512e+00  9.67977730e-11  4.83830602e+00 
 9.68977730e-11  4.81810847e+00  9.68977730e-11  4.81798879e+00 
 9.69977730e-11  4.79310297e+00  9.69977730e-11  4.79298280e+00 
 9.70977730e-11  4.76348781e+00  9.70977730e-11  4.76336726e+00 
 9.71977730e-11  4.72935660e+00  9.71977730e-11  4.72923575e+00 
 9.72977730e-11  4.69081701e+00  9.72977730e-11  4.69069597e+00 
 9.73977730e-11  4.64799047e+00  9.73977730e-11  4.64786933e+00 
 9.74977730e-11  4.60101174e+00  9.74977730e-11  4.60089060e+00 
 9.75977730e-11  4.55002852e+00  9.75977730e-11  4.54990747e+00 
 9.76977730e-11  4.49520093e+00  9.76977730e-11  4.49508007e+00 
 9.77977730e-11  4.43670103e+00  9.77977730e-11  4.43658045e+00 
 9.78977730e-11  4.37471225e+00  9.78977730e-11  4.37459204e+00 
 9.79977730e-11  4.30942881e+00  9.79977730e-11  4.30930907e+00 
 9.80977730e-11  4.24105510e+00  9.80977730e-11  4.24093592e+00 
 9.81977730e-11  4.16980500e+00  9.81977730e-11  4.16968647e+00 
 9.82977730e-11  4.09590124e+00  9.82977730e-11  4.09578344e+00 
 9.83977730e-11  4.01957463e+00  9.83977730e-11  4.01945765e+00 
 9.84977730e-11  3.94106338e+00  9.84977730e-11  3.94094730e+00 
 9.85977730e-11  3.86061231e+00  9.85977730e-11  3.86049720e+00 
 9.86977730e-11  3.77847203e+00  9.86977730e-11  3.77835799e+00 
 9.87977730e-11  3.69489824e+00  9.87977730e-11  3.69478532e+00 
 9.88977730e-11  3.61015081e+00  9.88977730e-11  3.61003909e+00 
 9.89977730e-11  3.52449301e+00  9.89977730e-11  3.52438256e+00 
 9.90977730e-11  3.43819068e+00  9.90977730e-11  3.43808155e+00 
 9.91977730e-11  3.35151134e+00  9.91977730e-11  3.35140361e+00 
 9.92977730e-11  3.26472341e+00  9.92977730e-11  3.26461711e+00 
 9.93977730e-11  3.17809528e+00  9.93977730e-11  3.17799048e+00 
 9.94977730e-11  3.09189454e+00  9.94977730e-11  3.09179128e+00 
 9.95977730e-11  3.00638711e+00  9.95977730e-11  3.00628543e+00 
 9.96977730e-11  2.92183637e+00  9.96977730e-11  2.92173632e+00 
 9.97977730e-11  2.83850241e+00  9.97977730e-11  2.83840402e+00 
 9.98977730e-11  2.75664116e+00  9.98977730e-11  2.75654446e+00 
 9.99977730e-11  2.67650362e+00  9.99977730e-11  2.67640863e+00 
 1.00097773e-10  2.59833510e+00  1.00097773e-10  2.59824185e+00 
 1.00197773e-10  2.52237444e+00  1.00197773e-10  2.52228294e+00 
 1.00297773e-10  2.44885330e+00  1.00297773e-10  2.44876356e+00 
 1.00397773e-10  2.37799544e+00  1.00397773e-10  2.37790747e+00 
 1.00497773e-10  2.31001609e+00  1.00497773e-10  2.30992989e+00 
 1.00597773e-10  2.24512124e+00  1.00597773e-10  2.24503681e+00 
 1.00697773e-10  2.18350712e+00  1.00697773e-10  2.18342445e+00 
 1.00797773e-10  2.12535955e+00  1.00797773e-10  2.12527862e+00 
 1.00897773e-10  2.07085344e+00  1.00897773e-10  2.07077423e+00 
 1.00997773e-10  2.02015229e+00  1.00997773e-10  2.02007479e+00 
 1.01097773e-10  1.97340774e+00  1.01097773e-10  1.97333191e+00 
 1.01197773e-10  1.93075913e+00  1.01197773e-10  1.93068494e+00 
 1.01297773e-10  1.89233314e+00  1.01297773e-10  1.89226055e+00 
 1.01397773e-10  1.85824347e+00  1.01397773e-10  1.85817243e+00 
 1.01497773e-10  1.82859050e+00  1.01497773e-10  1.82852096e+00 
 1.01597773e-10  1.80346109e+00  1.01597773e-10  1.80339299e+00 
 1.01697773e-10  1.78292833e+00  1.01697773e-10  1.78286161e+00 
 1.01797773e-10  1.76705139e+00  1.01797773e-10  1.76698599e+00 
 1.01897773e-10  1.75587538e+00  1.01897773e-10  1.75581123e+00 
 1.01997773e-10  1.74943128e+00  1.01997773e-10  1.74936830e+00 
 1.02097773e-10  1.74773584e+00  1.02097773e-10  1.74767395e+00 
 1.02197773e-10  1.75079161e+00  1.02197773e-10  1.75073072e+00 
 1.02297773e-10  1.75858695e+00  1.02297773e-10  1.75852696e+00 
 1.02397773e-10  1.77109603e+00  1.02397773e-10  1.77103686e+00 
 1.02497773e-10  1.78827902e+00  1.02497773e-10  1.78822057e+00 
 1.02597773e-10  1.81008213e+00  1.02597773e-10  1.81002429e+00 
 1.02697773e-10  1.83643779e+00  1.02697773e-10  1.83638045e+00 
 1.02797773e-10  1.86726486e+00  1.02797773e-10  1.86720793e+00 
 1.02897773e-10  1.90246886e+00  1.02897773e-10  1.90241222e+00 
 1.02997773e-10  1.94194218e+00  1.02997773e-10  1.94188572e+00 
 1.03097773e-10  1.98556445e+00  1.03097773e-10  1.98550805e+00 
 1.03197773e-10  2.03320279e+00  1.03197773e-10  2.03314635e+00 
 1.03297773e-10  2.08471224e+00  1.03297773e-10  2.08465564e+00 
 1.03397773e-10  2.13993612e+00  1.03397773e-10  2.13987925e+00 
 1.03497773e-10  2.19870647e+00  1.03497773e-10  2.19864922e+00 
 1.03597773e-10  2.26084453e+00  1.03597773e-10  2.26078679e+00 
 1.03697773e-10  2.32616122e+00  1.03697773e-10  2.32610288e+00 
 1.03797773e-10  2.39445769e+00  1.03797773e-10  2.39439865e+00 
 1.03897773e-10  2.46552590e+00  1.03897773e-10  2.46546606e+00 
 1.03997773e-10  2.53914920e+00  1.03997773e-10  2.53908845e+00 
 1.04097773e-10  2.61510295e+00  1.04097773e-10  2.61504121e+00 
 1.04197773e-10  2.69315522e+00  1.04197773e-10  2.69309240e+00 
 1.04297773e-10  2.77306744e+00  1.04297773e-10  2.77300345e+00 
 1.04397773e-10  2.85459512e+00  1.04397773e-10  2.85452989e+00 
 1.04497773e-10  2.93748860e+00  1.04497773e-10  2.93742205e+00 
 1.04597773e-10  3.02149378e+00  1.04597773e-10  3.02142585e+00 
 1.04697773e-10  3.10635292e+00  1.04697773e-10  3.10628355e+00 
 1.04797773e-10  3.19180542e+00  1.04797773e-10  3.19173454e+00 
 1.04897773e-10  3.27758858e+00  1.04897773e-10  3.27751616e+00 
 1.04997773e-10  3.36343850e+00  1.04997773e-10  3.36336448e+00 
 1.05097773e-10  3.44909081e+00  1.05097773e-10  3.44901516e+00 
 1.05197773e-10  3.53428156e+00  1.05197773e-10  3.53420423e+00 
 1.05297773e-10  3.61874798e+00  1.05297773e-10  3.61866896e+00 
 1.05397773e-10  3.70222938e+00  1.05397773e-10  3.70214864e+00 
 1.05497773e-10  3.78446791e+00  1.05497773e-10  3.78438542e+00 
 1.05597773e-10  3.86520939e+00  1.05597773e-10  3.86512515e+00 
 1.05697773e-10  3.94420413e+00  1.05697773e-10  3.94411813e+00 
 1.05797773e-10  4.02120770e+00  1.05797773e-10  4.02111993e+00 
 1.05897773e-10  4.09598171e+00  1.05897773e-10  4.09589217e+00 
 1.05997773e-10  4.16829458e+00  1.05997773e-10  4.16820326e+00 
 1.06097773e-10  4.23792224e+00  1.06097773e-10  4.23782917e+00 
 1.06197773e-10  4.30464890e+00  1.06197773e-10  4.30455407e+00 
 1.06297773e-10  4.36826768e+00  1.06297773e-10  4.36817113e+00 
 1.06397773e-10  4.42858132e+00  1.06397773e-10  4.42848306e+00 
 1.06497773e-10  4.48540278e+00  1.06497773e-10  4.48530282e+00 
 1.06597773e-10  4.53855582e+00  1.06597773e-10  4.53845421e+00 
 1.06697773e-10  4.58787562e+00  1.06697773e-10  4.58777239e+00 
 1.06797773e-10  4.63320927e+00  1.06797773e-10  4.63310445e+00 
 1.06897773e-10  4.67441624e+00  1.06897773e-10  4.67430989e+00 
 1.06997773e-10  4.71136888e+00  1.06997773e-10  4.71126104e+00 
 1.07097773e-10  4.74395278e+00  1.07097773e-10  4.74384352e+00 
 1.07197773e-10  4.77206719e+00  1.07197773e-10  4.77195655e+00 
 1.07297773e-10  4.79562529e+00  1.07297773e-10  4.79551333e+00 
 1.07397773e-10  4.81455448e+00  1.07397773e-10  4.81444128e+00 
 1.07497773e-10  4.82879664e+00  1.07497773e-10  4.82868227e+00 
 1.07597773e-10  4.83830829e+00  1.07597773e-10  4.83819283e+00 
 1.07697773e-10  4.84306075e+00  1.07697773e-10  4.84294426e+00 
 1.07797773e-10  4.84304020e+00  1.07797773e-10  4.84292277e+00 
 1.07897773e-10  4.83824774e+00  1.07897773e-10  4.83812946e+00 
 1.07997773e-10  4.82869941e+00  1.07997773e-10  4.82858036e+00 
 1.08097773e-10  4.81442609e+00  1.08097773e-10  4.81430636e+00 
 1.08197773e-10  4.79547345e+00  1.08197773e-10  4.79535313e+00 
 1.08297773e-10  4.77190176e+00  1.08297773e-10  4.77178094e+00 
 1.08397773e-10  4.74378571e+00  1.08397773e-10  4.74366449e+00 
 1.08497773e-10  4.71121419e+00  1.08497773e-10  4.71109266e+00 
 1.08597773e-10  4.67428999e+00  1.08597773e-10  4.67416824e+00 
 1.08697773e-10  4.63312943e+00  1.08697773e-10  4.63300757e+00 
 1.08797773e-10  4.58786207e+00  1.08797773e-10  4.58774018e+00 
 1.08897773e-10  4.53863022e+00  1.08897773e-10  4.53850840e+00 
 1.08997773e-10  4.48558851e+00  1.08997773e-10  4.48546685e+00 
 1.09097773e-10  4.42890339e+00  1.09097773e-10  4.42878199e+00 
 1.09197773e-10  4.36875262e+00  1.09197773e-10  4.36863156e+00 
 1.09297773e-10  4.30532464e+00  1.09297773e-10  4.30520403e+00 
 1.09397773e-10  4.23881804e+00  1.09397773e-10  4.23869796e+00 
 1.09497773e-10  4.16944087e+00  1.09497773e-10  4.16932141e+00 
 1.09597773e-10  4.09740998e+00  1.09597773e-10  4.09729123e+00 
 1.09697773e-10  4.02295037e+00  1.09697773e-10  4.02283240e+00 
 1.09797773e-10  3.94629440e+00  1.09797773e-10  3.94617730e+00 
 1.09897773e-10  3.86768110e+00  1.09897773e-10  3.86756496e+00 
 1.09997773e-10  3.78735541e+00  1.09997773e-10  3.78724029e+00 
 1.10097773e-10  3.70556735e+00  1.10097773e-10  3.70545334e+00 
 1.10197773e-10  3.62257128e+00  1.10197773e-10  3.62245843e+00 
 1.10297773e-10  3.53862504e+00  1.10297773e-10  3.53851343e+00 
 1.10397773e-10  3.45398919e+00  1.10397773e-10  3.45387887e+00 
 1.10497773e-10  3.36892611e+00  1.10497773e-10  3.36881715e+00 
 1.10597773e-10  3.28369924e+00  1.10597773e-10  3.28359170e+00 
 1.10697773e-10  3.19857221e+00  1.10697773e-10  3.19846613e+00 
 1.10797773e-10  3.11380801e+00  1.10797773e-10  3.11370345e+00 
 1.10897773e-10  3.02966818e+00  1.10897773e-10  3.02956517e+00 
 1.10997773e-10  2.94641197e+00  1.10997773e-10  2.94631056e+00 
 1.11097773e-10  2.86429555e+00  1.11097773e-10  2.86419577e+00 
 1.11197773e-10  2.78357119e+00  1.11197773e-10  2.78347307e+00 
 1.11297773e-10  2.70448650e+00  1.11297773e-10  2.70439007e+00 
 1.11397773e-10  2.62728366e+00  1.11397773e-10  2.62718894e+00 
 1.11497773e-10  2.55219867e+00  1.11497773e-10  2.55210567e+00 
 1.11597773e-10  2.47946062e+00  1.11597773e-10  2.47936937e+00 
 1.11697773e-10  2.40929104e+00  1.11697773e-10  2.40920153e+00 
 1.11797773e-10  2.34190318e+00  1.11797773e-10  2.34181542e+00 
 1.11897773e-10  2.27750140e+00  1.11897773e-10  2.27741538e+00 
 1.11997773e-10  2.21628056e+00  1.11997773e-10  2.21619628e+00 
 1.12097773e-10  2.15842546e+00  1.12097773e-10  2.15834290e+00 
 1.12197773e-10  2.10411029e+00  1.12197773e-10  2.10402944e+00 
 1.12297773e-10  2.05349816e+00  1.12297773e-10  2.05341899e+00 
 1.12397773e-10  2.00674060e+00  1.12397773e-10  2.00666309e+00 
 1.12497773e-10  1.96397716e+00  1.12497773e-10  1.96390127e+00 
 1.12597773e-10  1.92533506e+00  1.12597773e-10  1.92526076e+00 
 1.12697773e-10  1.89092880e+00  1.12697773e-10  1.89085603e+00 
 1.12797773e-10  1.86085988e+00  1.12797773e-10  1.86078861e+00 
 1.12897773e-10  1.83521658e+00  1.12897773e-10  1.83514674e+00 
 1.12997773e-10  1.81407366e+00  1.12997773e-10  1.81400520e+00 
 1.13097773e-10  1.79749228e+00  1.13097773e-10  1.79742513e+00 
 1.13197773e-10  1.78551978e+00  1.13197773e-10  1.78545386e+00 
 1.13297773e-10  1.77818961e+00  1.13297773e-10  1.77812487e+00 
 1.13397773e-10  1.77552131e+00  1.13397773e-10  1.77545764e+00 
 1.13497773e-10  1.77752038e+00  1.13497773e-10  1.77745773e+00 
 1.13597773e-10  1.78417842e+00  1.13597773e-10  1.78411667e+00 
 1.13697773e-10  1.79547306e+00  1.13697773e-10  1.79541213e+00 
 1.13797773e-10  1.81136812e+00  1.13797773e-10  1.81130791e+00 
 1.13897773e-10  1.83181367e+00  1.13897773e-10  1.83175409e+00 
 1.13997773e-10  1.85674624e+00  1.13997773e-10  1.85668718e+00 
 1.14097773e-10  1.88608892e+00  1.14097773e-10  1.88603028e+00 
 1.14197773e-10  1.91975167e+00  1.14197773e-10  1.91969333e+00 
 1.14297773e-10  1.95763148e+00  1.14297773e-10  1.95757334e+00 
 1.14397773e-10  1.99961272e+00  1.14397773e-10  1.99955466e+00 
 1.14497773e-10  2.04556742e+00  1.14497773e-10  2.04550934e+00 
 1.14597773e-10  2.09535564e+00  1.14597773e-10  2.09529743e+00 
 1.14697773e-10  2.14882586e+00  1.14697773e-10  2.14876739e+00 
 1.14797773e-10  2.20581536e+00  1.14797773e-10  2.20575654e+00 
 1.14897773e-10  2.26615073e+00  1.14897773e-10  2.26609144e+00 
 1.14997773e-10  2.32964831e+00  1.14997773e-10  2.32958846e+00 
 1.15097773e-10  2.39611476e+00  1.15097773e-10  2.39605423e+00 
 1.15197773e-10  2.46534755e+00  1.15197773e-10  2.46528625e+00 
 1.15297773e-10  2.53713560e+00  1.15297773e-10  2.53707343e+00 
 1.15397773e-10  2.61125986e+00  1.15397773e-10  2.61119672e+00 
 1.15497773e-10  2.68749396e+00  1.15497773e-10  2.68742977e+00 
 1.15597773e-10  2.76560490e+00  1.15597773e-10  2.76553958e+00 
 1.15697773e-10  2.84535371e+00  1.15697773e-10  2.84528717e+00 
 1.15797773e-10  2.92649619e+00  1.15797773e-10  2.92642837e+00 
 1.15897773e-10  3.00878364e+00  1.15897773e-10  3.00871447e+00 
 1.15997773e-10  3.09196362e+00  1.15997773e-10  3.09189303e+00 
 1.16097773e-10  3.17578072e+00  1.16097773e-10  3.17570866e+00 
 1.16197773e-10  3.25997733e+00  1.16197773e-10  3.25990374e+00 
 1.16297773e-10  3.34429446e+00  1.16297773e-10  3.34421931e+00 
 1.16397773e-10  3.42847253e+00  1.16397773e-10  3.42839576e+00 
 1.16497773e-10  3.51225217e+00  1.16497773e-10  3.51217376e+00 
 1.16597773e-10  3.59537505e+00  1.16597773e-10  3.59529497e+00 
 1.16697773e-10  3.67758467e+00  1.16697773e-10  3.67750288e+00 
 1.16797773e-10  3.75862716e+00  1.16797773e-10  3.75854366e+00 
 1.16897773e-10  3.83825213e+00  1.16897773e-10  3.83816689e+00 
 1.16997773e-10  3.91621338e+00  1.16997773e-10  3.91612639e+00 
 1.17097773e-10  3.99226974e+00  1.17097773e-10  3.99218100e+00 
 1.17197773e-10  4.06618582e+00  1.17197773e-10  4.06609533e+00 
 1.17297773e-10  4.13773274e+00  1.17297773e-10  4.13764050e+00 
 1.17397773e-10  4.20668888e+00  1.17397773e-10  4.20659489e+00 
 1.17497773e-10  4.27284056e+00  1.17497773e-10  4.27274484e+00 
 1.17597773e-10  4.33598276e+00  1.17597773e-10  4.33588532e+00 
 1.17697773e-10  4.39591971e+00  1.17697773e-10  4.39582058e+00 
 1.17797773e-10  4.45246560e+00  1.17797773e-10  4.45236478e+00 
 1.17897773e-10  4.50544507e+00  1.17897773e-10  4.50534262e+00 
 1.17997773e-10  4.55469388e+00  1.17997773e-10  4.55458982e+00 
 1.18097773e-10  4.60005936e+00  1.18097773e-10  4.59995372e+00 
 1.18197773e-10  4.64140090e+00  1.18197773e-10  4.64129373e+00 
 1.18297773e-10  4.67859045e+00  1.18297773e-10  4.67848180e+00 
 1.18397773e-10  4.71151289e+00  1.18397773e-10  4.71140281e+00 
 1.18497773e-10  4.74006639e+00  1.18497773e-10  4.73995494e+00 
 1.18597773e-10  4.76416278e+00  1.18597773e-10  4.76405003e+00 
 1.18697773e-10  4.78372780e+00  1.18697773e-10  4.78361380e+00 
 1.18797773e-10  4.79870132e+00  1.18797773e-10  4.79858615e+00 
 1.18897773e-10  4.80903759e+00  1.18897773e-10  4.80892132e+00 
 1.18997773e-10  4.81470532e+00  1.18997773e-10  4.81458803e+00 
 1.19097773e-10  4.81568784e+00  1.19097773e-10  4.81556960e+00 
 1.19197773e-10  4.81198311e+00  1.19197773e-10  4.81186400e+00 
 1.19297773e-10  4.80360373e+00  1.19297773e-10  4.80348385e+00 
 1.19397773e-10  4.79057693e+00  1.19397773e-10  4.79045636e+00 
 1.19497773e-10  4.77294445e+00  1.19497773e-10  4.77282327e+00 
 1.19597773e-10  4.75076241e+00  1.19597773e-10  4.75064072e+00 
 1.19697773e-10  4.72410115e+00  1.19697773e-10  4.72397904e+00 
 1.19797773e-10  4.69304497e+00  1.19797773e-10  4.69292255e+00 
 1.19897773e-10  4.65769191e+00  1.19897773e-10  4.65756925e+00 
 1.19997773e-10  4.61815336e+00  1.19997773e-10  4.61803057e+00 
 1.20097773e-10  4.57455378e+00  1.20097773e-10  4.57443094e+00 
 1.20197773e-10  4.52703024e+00  1.20197773e-10  4.52690745e+00 
 1.20297773e-10  4.47573201e+00  1.20297773e-10  4.47560936e+00 
 1.20397773e-10  4.42082008e+00  1.20397773e-10  4.42069767e+00 
 1.20497773e-10  4.36246664e+00  1.20497773e-10  4.36234455e+00 
 1.20597773e-10  4.30085452e+00  1.20597773e-10  4.30073285e+00 
 1.20697773e-10  4.23617660e+00  1.20697773e-10  4.23605543e+00 
 1.20797773e-10  4.16863522e+00  1.20797773e-10  4.16851465e+00 
 1.20897773e-10  4.09844150e+00  1.20897773e-10  4.09832161e+00 
 1.20997773e-10  4.02581468e+00  1.20997773e-10  4.02569556e+00 
 1.21097773e-10  3.95098144e+00  1.21097773e-10  3.95086315e+00 
 1.21197773e-10  3.87417511e+00  1.21197773e-10  3.87405775e+00 
 1.21297773e-10  3.79563501e+00  1.21297773e-10  3.79551865e+00 
 1.21397773e-10  3.71560562e+00  1.21397773e-10  3.71549033e+00 
 1.21497773e-10  3.63433583e+00  1.21497773e-10  3.63422169e+00 
 1.21597773e-10  3.55207816e+00  1.21597773e-10  3.55196522e+00 
 1.21697773e-10  3.46908793e+00  1.21697773e-10  3.46897627e+00 
 1.21797773e-10  3.38562247e+00  1.21797773e-10  3.38551214e+00 
 1.21897773e-10  3.30194030e+00  1.21897773e-10  3.30183135e+00 
 1.21997773e-10  3.21830030e+00  1.21997773e-10  3.21819278e+00 
 1.22097773e-10  3.13496092e+00  1.22097773e-10  3.13485489e+00 
 1.22197773e-10  3.05217936e+00  1.22197773e-10  3.05207486e+00 
 1.22297773e-10  2.97021074e+00  1.22297773e-10  2.97010781e+00 
 1.22397773e-10  2.88930734e+00  1.22397773e-10  2.88920602e+00 
 1.22497773e-10  2.80971778e+00  1.22497773e-10  2.80961810e+00 
 1.22597773e-10  2.73168629e+00  1.22597773e-10  2.73158827e+00 
 1.22697773e-10  2.65545189e+00  1.22697773e-10  2.65535556e+00 
 1.22797773e-10  2.58124773e+00  1.22797773e-10  2.58115310e+00 
 1.22897773e-10  2.50930034e+00  1.22897773e-10  2.50920743e+00 
 1.22997773e-10  2.43982894e+00  1.22997773e-10  2.43973775e+00 
 1.23097773e-10  2.37304478e+00  1.23097773e-10  2.37295531e+00 
 1.23197773e-10  2.30915053e+00  1.23197773e-10  2.30906279e+00 
 1.23297773e-10  2.24833966e+00  1.23297773e-10  2.24825364e+00 
 1.23397773e-10  2.19079588e+00  1.23397773e-10  2.19071156e+00 
 1.23497773e-10  2.13669259e+00  1.23497773e-10  2.13660996e+00 
 1.23597773e-10  2.08619242e+00  1.23597773e-10  2.08611146e+00 
 1.23697773e-10  2.03944672e+00  1.23697773e-10  2.03936740e+00 
 1.23797773e-10  1.99659520e+00  1.23797773e-10  1.99651748e+00 
 1.23897773e-10  1.95776548e+00  1.23897773e-10  1.95768933e+00 
 1.23997773e-10  1.92307279e+00  1.23997773e-10  1.92299818e+00 
 1.24097773e-10  1.89261968e+00  1.24097773e-10  1.89254655e+00 
 1.24197773e-10  1.86649571e+00  1.24197773e-10  1.86642400e+00 
 1.24297773e-10  1.84477724e+00  1.24297773e-10  1.84470690e+00 
 1.24397773e-10  1.82752728e+00  1.24397773e-10  1.82745825e+00 
 1.24497773e-10  1.81479531e+00  1.24497773e-10  1.81472751e+00 
 1.24597773e-10  1.80661715e+00  1.24597773e-10  1.80655052e+00 
 1.24697773e-10  1.80301498e+00  1.24697773e-10  1.80294943e+00 
 1.24797773e-10  1.80399718e+00  1.24797773e-10  1.80393264e+00 
 1.24897773e-10  1.80955845e+00  1.24897773e-10  1.80949482e+00 
 1.24997773e-10  1.81967976e+00  1.24997773e-10  1.81961695e+00 
 1.25097773e-10  1.83432846e+00  1.25097773e-10  1.83426639e+00 
 1.25197773e-10  1.85345840e+00  1.25197773e-10  1.85339696e+00 
 1.25297773e-10  1.87701003e+00  1.25297773e-10  1.87694912e+00 
 1.25397773e-10  1.90491061e+00  1.25397773e-10  1.90485012e+00 
 1.25497773e-10  1.93707437e+00  1.25497773e-10  1.93701421e+00 
 1.25597773e-10  1.97340280e+00  1.25597773e-10  1.97334285e+00 
 1.25697773e-10  2.01378490e+00  1.25697773e-10  2.01372506e+00 
 1.25797773e-10  2.05809748e+00  1.25797773e-10  2.05803764e+00 
 1.25897773e-10  2.10620551e+00  1.25897773e-10  2.10614555e+00 
 1.25997773e-10  2.15796248e+00  1.25997773e-10  2.15790229e+00 
 1.26097773e-10  2.21321082e+00  1.26097773e-10  2.21315031e+00 
 1.26197773e-10  2.27178235e+00  1.26197773e-10  2.27172140e+00 
 1.26297773e-10  2.33349872e+00  1.26297773e-10  2.33343723e+00 
 1.26397773e-10  2.39817196e+00  1.26397773e-10  2.39810982e+00 
 1.26497773e-10  2.46560496e+00  1.26497773e-10  2.46554207e+00 
 1.26597773e-10  2.53559209e+00  1.26597773e-10  2.53552837e+00 
 1.26697773e-10  2.60791978e+00  1.26697773e-10  2.60785513e+00 
 1.26797773e-10  2.68236715e+00  1.26797773e-10  2.68230147e+00 
 1.26897773e-10  2.75870664e+00  1.26897773e-10  2.75863986e+00 
 1.26997773e-10  2.83670471e+00  1.26997773e-10  2.83663675e+00 
 1.27097773e-10  2.91612254e+00  1.27097773e-10  2.91605332e+00 
 1.27197773e-10  2.99671674e+00  1.27197773e-10  2.99664620e+00 
 1.27297773e-10  3.07824009e+00  1.27297773e-10  3.07816816e+00 
 1.27397773e-10  3.16044230e+00  1.27397773e-10  3.16036892e+00 
 1.27497773e-10  3.24307077e+00  1.27497773e-10  3.24299590e+00 
 1.27597773e-10  3.32587139e+00  1.27597773e-10  3.32579497e+00 
 1.27697773e-10  3.40858928e+00  1.27697773e-10  3.40851128e+00 
 1.27797773e-10  3.49096963e+00  1.27797773e-10  3.49089002e+00 
 1.27897773e-10  3.57275849e+00  1.27897773e-10  3.57267722e+00 
 1.27997773e-10  3.65370352e+00  1.27997773e-10  3.65362058e+00 
 1.28097773e-10  3.73355483e+00  1.28097773e-10  3.73347019e+00 
 1.28197773e-10  3.81206576e+00  1.28197773e-10  3.81197940e+00 
 1.28297773e-10  3.88899361e+00  1.28297773e-10  3.88890553e+00 
 1.28397773e-10  3.96410048e+00  1.28397773e-10  3.96401066e+00 
 1.28497773e-10  4.03715396e+00  1.28497773e-10  4.03706241e+00 
 1.28597773e-10  4.10792791e+00  1.28597773e-10  4.10783462e+00 
 1.28697773e-10  4.17620314e+00  1.28697773e-10  4.17610813e+00 
 1.28797773e-10  4.24176816e+00  1.28797773e-10  4.24167142e+00 
 1.28897773e-10  4.30441978e+00  1.28897773e-10  4.30432134e+00 
 1.28997773e-10  4.36396382e+00  1.28997773e-10  4.36386370e+00 
 1.29097773e-10  4.42021571e+00  1.29097773e-10  4.42011392e+00 
 1.29197773e-10  4.47300106e+00  1.29197773e-10  4.47289764e+00 
 1.29297773e-10  4.52215625e+00  1.29297773e-10  4.52205123e+00 
 1.29397773e-10  4.56752891e+00  1.29397773e-10  4.56742233e+00 
 1.29497773e-10  4.60897846e+00  1.29497773e-10  4.60887036e+00 
 1.29597773e-10  4.64637652e+00  1.29597773e-10  4.64626694e+00 
 1.29697773e-10  4.67960731e+00  1.29697773e-10  4.67949632e+00 
 1.29797773e-10  4.70856809e+00  1.29797773e-10  4.70845573e+00 
 1.29897773e-10  4.73316939e+00  1.29897773e-10  4.73305573e+00 
 1.29997773e-10  4.75333539e+00  1.29997773e-10  4.75322048e+00 
 1.30097773e-10  4.76900408e+00  1.30097773e-10  4.76888800e+00 
 1.30197773e-10  4.78012754e+00  1.30197773e-10  4.78001035e+00 
 1.30297773e-10  4.78667201e+00  1.30297773e-10  4.78655380e+00 
 1.30397773e-10  4.78861807e+00  1.30397773e-10  4.78849891e+00 
 1.30497773e-10  4.78596065e+00  1.30497773e-10  4.78584063e+00 
 1.30597773e-10  4.77870909e+00  1.30597773e-10  4.77858827e+00 
 1.30697773e-10  4.76688705e+00  1.30697773e-10  4.76676553e+00 
 1.30797773e-10  4.75053249e+00  1.30797773e-10  4.75041036e+00 
 1.30897773e-10  4.72969753e+00  1.30897773e-10  4.72957488e+00 
 1.30997773e-10  4.70444826e+00  1.30997773e-10  4.70432518e+00 
 1.31097773e-10  4.67486457e+00  1.31097773e-10  4.67474115e+00 
 1.31197773e-10  4.64103984e+00  1.31197773e-10  4.64091617e+00 
 1.31297773e-10  4.60308068e+00  1.31297773e-10  4.60295686e+00 
 1.31397773e-10  4.56110659e+00  1.31397773e-10  4.56098271e+00 
 1.31497773e-10  4.51524954e+00  1.31497773e-10  4.51512568e+00 
 1.31597773e-10  4.46565356e+00  1.31597773e-10  4.46552983e+00 
 1.31697773e-10  4.41247432e+00  1.31697773e-10  4.41235080e+00 
 1.31797773e-10  4.35587856e+00  1.31797773e-10  4.35575534e+00 
 1.31897773e-10  4.29604360e+00  1.31897773e-10  4.29592078e+00 
 1.31997773e-10  4.23315678e+00  1.31997773e-10  4.23303444e+00 
 1.32097773e-10  4.16741482e+00  1.32097773e-10  4.16729305e+00 
 1.32197773e-10  4.09902322e+00  1.32197773e-10  4.09890211e+00 
 1.32297773e-10  4.02819561e+00  1.32297773e-10  4.02807524e+00 
 1.32397773e-10  3.95515302e+00  1.32397773e-10  3.95503347e+00 
 1.32497773e-10  3.88012324e+00  1.32497773e-10  3.88000459e+00 
 1.32597773e-10  3.80334004e+00  1.32597773e-10  3.80322236e+00 
 1.32697773e-10  3.72504245e+00  1.32697773e-10  3.72492582e+00 
 1.32797773e-10  3.64547400e+00  1.32797773e-10  3.64535848e+00 
 1.32897773e-10  3.56488192e+00  1.32897773e-10  3.56476758e+00 
 1.32997773e-10  3.48351639e+00  1.32997773e-10  3.48340329e+00 
 1.33097773e-10  3.40162973e+00  1.33097773e-10  3.40151794e+00 
 1.33197773e-10  3.31947560e+00  1.33197773e-10  3.31936516e+00 
 1.33297773e-10  3.23730819e+00  1.33297773e-10  3.23719918e+00 
 1.33397773e-10  3.15538147e+00  1.33397773e-10  3.15527391e+00 
 1.33497773e-10  3.07394829e+00  1.33497773e-10  3.07384224e+00 
 1.33597773e-10  2.99325970e+00  1.33597773e-10  2.99315519e+00 
 1.33697773e-10  2.91356410e+00  1.33697773e-10  2.91346117e+00 
 1.33797773e-10  2.83510647e+00  1.33797773e-10  2.83500515e+00 
 1.33897773e-10  2.75812763e+00  1.33897773e-10  2.75802795e+00 
 1.33997773e-10  2.68286349e+00  1.33997773e-10  2.68276548e+00 
 1.34097773e-10  2.60954432e+00  1.34097773e-10  2.60944798e+00 
 1.34197773e-10  2.53839404e+00  1.34197773e-10  2.53829940e+00 
 1.34297773e-10  2.46962956e+00  1.34297773e-10  2.46953662e+00 
 1.34397773e-10  2.40346010e+00  1.34397773e-10  2.40336887e+00 
 1.34497773e-10  2.34008660e+00  1.34497773e-10  2.33999707e+00 
 1.34597773e-10  2.27970107e+00  1.34597773e-10  2.27961324e+00 
 1.34697773e-10  2.22248608e+00  1.34697773e-10  2.22239994e+00 
 1.34797773e-10  2.16861419e+00  1.34797773e-10  2.16852972e+00 
 1.34897773e-10  2.11824748e+00  1.34897773e-10  2.11816466e+00 
 1.34997773e-10  2.07153707e+00  1.34997773e-10  2.07145587e+00 
 1.35097773e-10  2.02862269e+00  1.35097773e-10  2.02854309e+00 
 1.35197773e-10  1.98963234e+00  1.35197773e-10  1.98955429e+00 
 1.35297773e-10  1.95468188e+00  1.35297773e-10  1.95460536e+00 
 1.35397773e-10  1.92387479e+00  1.35397773e-10  1.92379973e+00 
 1.35497773e-10  1.89730182e+00  1.35497773e-10  1.89722819e+00 
 1.35597773e-10  1.87504086e+00  1.35597773e-10  1.87496858e+00 
 1.35697773e-10  1.85715665e+00  1.35697773e-10  1.85708567e+00 
 1.35797773e-10  1.84370068e+00  1.35797773e-10  1.84363094e+00 
 1.35897773e-10  1.83471109e+00  1.35897773e-10  1.83464251e+00 
 1.35997773e-10  1.83021255e+00  1.35997773e-10  1.83014505e+00 
 1.36097773e-10  1.83021623e+00  1.36097773e-10  1.83014973e+00 
 1.36197773e-10  1.83471980e+00  1.36197773e-10  1.83465422e+00 
 1.36297773e-10  1.84370746e+00  1.36297773e-10  1.84364272e+00 
 1.36397773e-10  1.85715001e+00  1.36397773e-10  1.85708600e+00 
 1.36497773e-10  1.87500491e+00  1.36497773e-10  1.87494155e+00 
 1.36597773e-10  1.89721646e+00  1.36597773e-10  1.89715364e+00 
 1.36697773e-10  1.92371593e+00  1.36697773e-10  1.92365354e+00 
 1.36797773e-10  1.95442175e+00  1.36797773e-10  1.95435970e+00 
 1.36897773e-10  1.98923976e+00  1.36897773e-10  1.98917795e+00 
 1.36997773e-10  2.02806349e+00  1.36997773e-10  2.02800180e+00 
 1.37097773e-10  2.07077440e+00  1.37097773e-10  2.07071272e+00 
 1.37197773e-10  2.11724225e+00  1.37197773e-10  2.11718048e+00 
 1.37297773e-10  2.16732544e+00  1.37297773e-10  2.16726347e+00 
 1.37397773e-10  2.22087143e+00  1.37397773e-10  2.22080916e+00 
 1.37497773e-10  2.27771715e+00  1.37497773e-10  2.27765446e+00 
 1.37597773e-10  2.33768944e+00  1.37597773e-10  2.33762623e+00 
 1.37697773e-10  2.40060558e+00  1.37697773e-10  2.40054176e+00 
 1.37797773e-10  2.46627380e+00  1.37797773e-10  2.46620926e+00 
 1.37897773e-10  2.53449380e+00  1.37897773e-10  2.53442845e+00 
 1.37997773e-10  2.60505739e+00  1.37997773e-10  2.60499114e+00 
 1.38097773e-10  2.67774906e+00  1.38097773e-10  2.67768182e+00 
 1.38197773e-10  2.75234660e+00  1.38197773e-10  2.75227829e+00 
 1.38297773e-10  2.82862183e+00  1.38297773e-10  2.82855236e+00 
 1.38397773e-10  2.90634119e+00  1.38397773e-10  2.90627050e+00 
 1.38497773e-10  2.98526653e+00  1.38497773e-10  2.98519454e+00 
 1.38597773e-10  3.06515577e+00  1.38597773e-10  3.06508243e+00 
 1.38697773e-10  3.14576368e+00  1.38697773e-10  3.14568892e+00 
 1.38797773e-10  3.22684259e+00  1.38797773e-10  3.22676635e+00 
 1.38897773e-10  3.30814318e+00  1.38897773e-10  3.30806544e+00 
 1.38997773e-10  3.38941527e+00  1.38997773e-10  3.38933597e+00 
 1.39097773e-10  3.47040855e+00  1.39097773e-10  3.47032765e+00 
 1.39197773e-10  3.55087337e+00  1.39197773e-10  3.55079084e+00 
 1.39297773e-10  3.63056155e+00  1.39297773e-10  3.63047737e+00 
 1.39397773e-10  3.70922714e+00  1.39397773e-10  3.70914128e+00 
 1.39497773e-10  3.78662718e+00  1.39497773e-10  3.78653963e+00 
 1.39597773e-10  3.86252249e+00  1.39597773e-10  3.86243324e+00 
 1.39697773e-10  3.93667840e+00  1.39697773e-10  3.93658743e+00 
 1.39797773e-10  4.00886550e+00  1.39797773e-10  4.00877282e+00 
 1.39897773e-10  4.07886039e+00  1.39897773e-10  4.07876599e+00 
 1.39997773e-10  4.14644635e+00  1.39997773e-10  4.14635023e+00 
 1.40097773e-10  4.21141405e+00  1.40097773e-10  4.21131623e+00 
 1.40197773e-10  4.27356223e+00  1.40197773e-10  4.27346272e+00 
 1.40297773e-10  4.33269829e+00  1.40297773e-10  4.33259711e+00 
 1.40397773e-10  4.38863897e+00  1.40397773e-10  4.38853614e+00 
 1.40497773e-10  4.44121089e+00  1.40497773e-10  4.44110644e+00 
 1.40597773e-10  4.49025110e+00  1.40597773e-10  4.49014506e+00 
 1.40697773e-10  4.53560764e+00  1.40697773e-10  4.53550004e+00 
 1.40797773e-10  4.57713998e+00  1.40797773e-10  4.57703087e+00 
 1.40897773e-10  4.61471950e+00  1.40897773e-10  4.61460893e+00 
 1.40997773e-10  4.64822988e+00  1.40997773e-10  4.64811790e+00 
 1.41097773e-10  4.67756751e+00  1.41097773e-10  4.67745416e+00 
 1.41197773e-10  4.70264176e+00  1.41197773e-10  4.70252711e+00 
 1.41297773e-10  4.72337532e+00  1.41297773e-10  4.72325943e+00 
 1.41397773e-10  4.73970443e+00  1.41397773e-10  4.73958736e+00 
 1.41497773e-10  4.75157908e+00  1.41497773e-10  4.75146091e+00 
 1.41597773e-10  4.75896318e+00  1.41597773e-10  4.75884398e+00 
 1.41697773e-10  4.76183466e+00  1.41697773e-10  4.76171451e+00 
 1.41797773e-10  4.76018556e+00  1.41797773e-10  4.76006453e+00 
 1.41897773e-10  4.75402204e+00  1.41897773e-10  4.75390022e+00 
 1.41997773e-10  4.74336436e+00  1.41997773e-10  4.74324183e+00 
 1.42097773e-10  4.72824682e+00  1.42097773e-10  4.72812367e+00 
 1.42197773e-10  4.70871765e+00  1.42197773e-10  4.70859397e+00 
 1.42297773e-10  4.68483885e+00  1.42297773e-10  4.68471472e+00 
 1.42397773e-10  4.65668598e+00  1.42397773e-10  4.65656150e+00 
 1.42497773e-10  4.62434796e+00  1.42497773e-10  4.62422321e+00 
 1.42597773e-10  4.58792671e+00  1.42597773e-10  4.58780180e+00 
 1.42697773e-10  4.54753690e+00  1.42697773e-10  4.54741191e+00 
 1.42797773e-10  4.50330553e+00  1.42797773e-10  4.50318055e+00 
 1.42897773e-10  4.45537154e+00  1.42897773e-10  4.45524666e+00 
 1.42997773e-10  4.40388538e+00  1.42997773e-10  4.40376069e+00 
 1.43097773e-10  4.34900848e+00  1.43097773e-10  4.34888408e+00 
 1.43197773e-10  4.29091279e+00  1.43197773e-10  4.29078876e+00 
 1.43297773e-10  4.22978018e+00  1.43297773e-10  4.22965661e+00 
 1.43397773e-10  4.16580191e+00  1.43397773e-10  4.16567889e+00 
 1.43497773e-10  4.09917796e+00  1.43497773e-10  4.09905557e+00 
 1.43597773e-10  4.03011643e+00  1.43597773e-10  4.02999475e+00 
 1.43697773e-10  3.95883285e+00  1.43697773e-10  3.95871197e+00 
 1.43797773e-10  3.88554953e+00  1.43797773e-10  3.88542952e+00 
 1.43897773e-10  3.81049480e+00  1.43897773e-10  3.81037574e+00 
 1.43997773e-10  3.73390233e+00  1.43997773e-10  3.73378429e+00 
 1.44097773e-10  3.65601034e+00  1.44097773e-10  3.65589339e+00 
 1.44197773e-10  3.57706089e+00  1.44197773e-10  3.57694510e+00 
 1.44297773e-10  3.49729908e+00  1.44297773e-10  3.49718450e+00 
 1.44397773e-10  3.41697227e+00  1.44397773e-10  3.41685897e+00 
 1.44497773e-10  3.33632933e+00  1.44497773e-10  3.33621736e+00 
 1.44597773e-10  3.25561980e+00  1.44597773e-10  3.25550922e+00 
 1.44697773e-10  3.17509319e+00  1.44697773e-10  3.17498404e+00 
 1.44797773e-10  3.09499808e+00  1.44797773e-10  3.09489041e+00 
 1.44897773e-10  3.01558145e+00  1.44897773e-10  3.01547530e+00 
 1.44997773e-10  2.93708783e+00  1.44997773e-10  2.93698324e+00 
 1.45097773e-10  2.85975859e+00  1.45097773e-10  2.85965559e+00 
 1.45197773e-10  2.78383117e+00  1.45197773e-10  2.78372978e+00 
 1.45297773e-10  2.70953832e+00  1.45297773e-10  2.70943857e+00 
 1.45397773e-10  2.63710744e+00  1.45397773e-10  2.63700935e+00 
 1.45497773e-10  2.56675983e+00  1.45497773e-10  2.56666342e+00 
 1.45597773e-10  2.49871007e+00  1.45597773e-10  2.49861534e+00 
 1.45697773e-10  2.43316532e+00  1.45697773e-10  2.43307227e+00 
 1.45797773e-10  2.37032472e+00  1.45797773e-10  2.37023336e+00 
 1.45897773e-10  2.31037882e+00  1.45897773e-10  2.31028913e+00 
 1.45997773e-10  2.25350898e+00  1.45997773e-10  2.25342096e+00 
 1.46097773e-10  2.19988685e+00  1.46097773e-10  2.19980049e+00 
 1.46197773e-10  2.14967391e+00  1.46197773e-10  2.14958919e+00 
 1.46297773e-10  2.10302097e+00  1.46297773e-10  2.10293785e+00 
 1.46397773e-10  2.06006774e+00  1.46397773e-10  2.05998620e+00 
 1.46497773e-10  2.02094247e+00  1.46497773e-10  2.02086248e+00 
 1.46597773e-10  1.98576161e+00  1.46597773e-10  1.98568312e+00 
 1.46697773e-10  1.95462945e+00  1.46697773e-10  1.95455242e+00 
 1.46797773e-10  1.92763789e+00  1.46797773e-10  1.92756227e+00 
 1.46897773e-10  1.90486618e+00  1.46897773e-10  1.90479192e+00 
 1.46997773e-10  1.88638075e+00  1.46997773e-10  1.88630778e+00 
 1.47097773e-10  1.87223500e+00  1.47097773e-10  1.87216326e+00 
 1.47197773e-10  1.86246925e+00  1.47197773e-10  1.86239866e+00 
 1.47297773e-10  1.85711057e+00  1.47297773e-10  1.85704107e+00 
 1.47397773e-10  1.85617281e+00  1.47397773e-10  1.85610432e+00 
 1.47497773e-10  1.85965653e+00  1.47497773e-10  1.85958896e+00 
 1.47597773e-10  1.86754903e+00  1.47597773e-10  1.86748229e+00 
 1.47697773e-10  1.87982442e+00  1.47697773e-10  1.87975843e+00 
 1.47797773e-10  1.89644371e+00  1.47797773e-10  1.89637837e+00 
 1.47897773e-10  1.91735491e+00  1.47897773e-10  1.91729012e+00 
 1.47997773e-10  1.94249318e+00  1.47997773e-10  1.94242884e+00 
 1.48097773e-10  1.97178105e+00  1.48097773e-10  1.97171706e+00 
 1.48197773e-10  2.00512860e+00  1.48197773e-10  2.00506486e+00 
 1.48297773e-10  2.04243375e+00  1.48297773e-10  2.04237015e+00 
 1.48397773e-10  2.08358251e+00  1.48397773e-10  2.08351895e+00 
 1.48497773e-10  2.12844932e+00  1.48497773e-10  2.12838568e+00 
 1.48597773e-10  2.17689737e+00  1.48597773e-10  2.17683356e+00 
 1.48697773e-10  2.22877904e+00  1.48697773e-10  2.22871494e+00 
 1.48797773e-10  2.28393624e+00  1.48797773e-10  2.28387175e+00 
 1.48897773e-10  2.34220091e+00  1.48897773e-10  2.34213593e+00 
 1.48997773e-10  2.40339547e+00  1.48997773e-10  2.40332991e+00 
 1.49097773e-10  2.46733336e+00  1.49097773e-10  2.46726711e+00 
 1.49197773e-10  2.53381954e+00  1.49197773e-10  2.53375251e+00 
 1.49297773e-10  2.60265107e+00  1.49297773e-10  2.60258316e+00 
 1.49397773e-10  2.67361770e+00  1.49397773e-10  2.67354883e+00 
 1.49497773e-10  2.74650252e+00  1.49497773e-10  2.74643260e+00 
 1.49597773e-10  2.82108255e+00  1.49597773e-10  2.82101152e+00 
 1.49697773e-10  2.89712947e+00  1.49697773e-10  2.89705724e+00 
 1.49797773e-10  2.97441025e+00  1.49797773e-10  2.97433676e+00 
 1.49897773e-10  3.05268789e+00  1.49897773e-10  3.05261306e+00 
 1.49997773e-10  3.13172212e+00  1.49997773e-10  3.13164590e+00 
 1.50097773e-10  3.21127015e+00  1.50097773e-10  3.21119249e+00 
 1.50197773e-10  3.29108741e+00  1.50197773e-10  3.29100826e+00 
 1.50297773e-10  3.37092833e+00  1.50297773e-10  3.37084765e+00 
 1.50397773e-10  3.45054704e+00  1.50397773e-10  3.45046479e+00 
 1.50497773e-10  3.52969819e+00  1.50497773e-10  3.52961434e+00 
 1.50597773e-10  3.60813772e+00  1.50597773e-10  3.60805223e+00 
 1.50697773e-10  3.68562356e+00  1.50697773e-10  3.68553642e+00 
 1.50797773e-10  3.76191646e+00  1.50797773e-10  3.76182765e+00 
 1.50897773e-10  3.83678071e+00  1.50897773e-10  3.83669021e+00 
 1.50997773e-10  3.90998489e+00  1.50997773e-10  3.90989269e+00 
 1.51097773e-10  3.98130259e+00  1.51097773e-10  3.98120869e+00 
 1.51197773e-10  4.05051314e+00  1.51197773e-10  4.05041755e+00 
 1.51297773e-10  4.11740231e+00  1.51297773e-10  4.11730502e+00 
 1.51397773e-10  4.18176297e+00  1.51397773e-10  4.18166399e+00 
 1.51497773e-10  4.24339578e+00  1.51497773e-10  4.24329513e+00 
 1.51597773e-10  4.30210980e+00  1.51597773e-10  4.30200749e+00 
 1.51697773e-10  4.35772310e+00  1.51697773e-10  4.35761915e+00 
 1.51797773e-10  4.41006334e+00  1.51797773e-10  4.40995779e+00 
 1.51897773e-10  4.45896835e+00  1.51897773e-10  4.45886121e+00 
 1.51997773e-10  4.50428658e+00  1.51997773e-10  4.50417790e+00 
 1.52097773e-10  4.54587766e+00  1.52097773e-10  4.54576748e+00 
 1.52197773e-10  4.58361281e+00  1.52197773e-10  4.58350117e+00 
 1.52297773e-10  4.61737522e+00  1.52297773e-10  4.61726218e+00 
 1.52397773e-10  4.64706052e+00  1.52397773e-10  4.64694611e+00 
 1.52497773e-10  4.67257698e+00  1.52497773e-10  4.67246128e+00 
 1.52597773e-10  4.69384594e+00  1.52597773e-10  4.69372900e+00 
 1.52697773e-10  4.71080195e+00  1.52697773e-10  4.71068383e+00 
 1.52797773e-10  4.72339305e+00  1.52797773e-10  4.72327383e+00 
 1.52897773e-10  4.73158090e+00  1.52897773e-10  4.73146065e+00 
 1.52997773e-10  4.73534092e+00  1.52997773e-10  4.73521971e+00 
 1.53097773e-10  4.73466236e+00  1.53097773e-10  4.73454027e+00 
 1.53197773e-10  4.72954834e+00  1.53197773e-10  4.72942545e+00 
 1.53297773e-10  4.72001581e+00  1.53297773e-10  4.71989221e+00 
 1.53397773e-10  4.70609555e+00  1.53397773e-10  4.70597132e+00 
 1.53497773e-10  4.68783203e+00  1.53497773e-10  4.68770725e+00 
 1.53597773e-10  4.66528327e+00  1.53597773e-10  4.66515803e+00 
 1.53697773e-10  4.63852066e+00  1.53697773e-10  4.63839506e+00 
 1.53797773e-10  4.60762874e+00  1.53797773e-10  4.60750286e+00 
 1.53897773e-10  4.57270491e+00  1.53897773e-10  4.57257884e+00 
 1.53997773e-10  4.53385912e+00  1.53997773e-10  4.53373295e+00 
 1.54097773e-10  4.49121354e+00  1.54097773e-10  4.49108736e+00 
 1.54197773e-10  4.44490213e+00  1.54197773e-10  4.44477604e+00 
 1.54297773e-10  4.39507023e+00  1.54297773e-10  4.39494432e+00 
 1.54397773e-10  4.34187413e+00  1.54397773e-10  4.34174848e+00 
 1.54497773e-10  4.28548048e+00  1.54497773e-10  4.28535518e+00 
 1.54597773e-10  4.22606584e+00  1.54597773e-10  4.22594098e+00 
 1.54697773e-10  4.16381609e+00  1.54697773e-10  4.16369175e+00 
 1.54797773e-10  4.09892581e+00  1.54797773e-10  4.09880208e+00 
 1.54897773e-10  4.03159768e+00  1.54897773e-10  4.03147464e+00 
 1.54997773e-10  3.96204183e+00  1.54997773e-10  3.96191956e+00 
 1.55097773e-10  3.89047519e+00  1.55097773e-10  3.89035376e+00 
 1.55197773e-10  3.81712074e+00  1.55197773e-10  3.81700024e+00 
 1.55297773e-10  3.74220687e+00  1.55297773e-10  3.74208736e+00 
 1.55397773e-10  3.66596659e+00  1.55397773e-10  3.66584815e+00 
 1.55497773e-10  3.58863685e+00  1.55497773e-10  3.58851954e+00 
 1.55597773e-10  3.51045772e+00  1.55597773e-10  3.51034161e+00 
 1.55697773e-10  3.43167171e+00  1.55697773e-10  3.43155684e+00 
 1.55797773e-10  3.35252291e+00  1.55797773e-10  3.35240935e+00 
 1.55897773e-10  3.27325631e+00  1.55897773e-10  3.27314411e+00 
 1.55997773e-10  3.19411695e+00  1.55997773e-10  3.19400617e+00 
 1.56097773e-10  3.11534922e+00  1.56097773e-10  3.11523989e+00 
 1.56197773e-10  3.03719602e+00  1.56197773e-10  3.03708819e+00 
 1.56297773e-10  2.95989809e+00  1.56297773e-10  2.95979178e+00 
 1.56397773e-10  2.88369315e+00  1.56397773e-10  2.88358841e+00 
 1.56497773e-10  2.80881527e+00  1.56497773e-10  2.80871213e+00 
 1.56597773e-10  2.73549408e+00  1.56597773e-10  2.73539255e+00 
 1.56697773e-10  2.66395406e+00  1.56697773e-10  2.66385417e+00 
 1.56797773e-10  2.59441392e+00  1.56797773e-10  2.59431568e+00 
 1.56897773e-10  2.52708585e+00  1.56897773e-10  2.52698926e+00 
 1.56997773e-10  2.46217492e+00  1.56997773e-10  2.46208000e+00 
 1.57097773e-10  2.39987848e+00  1.57097773e-10  2.39978522e+00 
 1.57197773e-10  2.34038553e+00  1.57197773e-10  2.34029393e+00 
 1.57297773e-10  2.28387619e+00  1.57297773e-10  2.28378625e+00 
 1.57397773e-10  2.23052117e+00  1.57397773e-10  2.23043287e+00 
 1.57497773e-10  2.18048126e+00  1.57497773e-10  2.18039458e+00 
 1.57597773e-10  2.13390690e+00  1.57597773e-10  2.13382181e+00 
 1.57697773e-10  2.09093771e+00  1.57697773e-10  2.09085419e+00 
 1.57797773e-10  2.05170214e+00  1.57797773e-10  2.05162015e+00 
 1.57897773e-10  2.01631711e+00  1.57897773e-10  2.01623662e+00 
 1.57997773e-10  1.98488767e+00  1.57997773e-10  1.98480862e+00 
 1.58097773e-10  1.95750675e+00  1.58097773e-10  1.95742910e+00 
 1.58197773e-10  1.93425491e+00  1.58197773e-10  1.93417861e+00 
 1.58297773e-10  1.91520013e+00  1.58297773e-10  1.91512512e+00 
 1.58397773e-10  1.90039766e+00  1.58397773e-10  1.90032387e+00 
 1.58497773e-10  1.88988987e+00  1.58497773e-10  1.88981724e+00 
 1.58597773e-10  1.88370616e+00  1.58597773e-10  1.88363462e+00 
 1.58697773e-10  1.88186294e+00  1.58697773e-10  1.88179240e+00 
 1.58797773e-10  1.88436354e+00  1.58797773e-10  1.88429392e+00 
 1.58897773e-10  1.89119827e+00  1.58897773e-10  1.89112949e+00 
 1.58997773e-10  1.90234445e+00  1.58997773e-10  1.90227643e+00 
 1.59097773e-10  1.91776652e+00  1.59097773e-10  1.91769915e+00 
 1.59197773e-10  1.93741607e+00  1.59197773e-10  1.93734926e+00 
 1.59297773e-10  1.96123207e+00  1.59297773e-10  1.96116573e+00 
 1.59397773e-10  1.98914102e+00  1.59397773e-10  1.98907504e+00 
 1.59497773e-10  2.02105714e+00  1.59497773e-10  2.02099142e+00 
 1.59597773e-10  2.05688262e+00  1.59597773e-10  2.05681706e+00 
 1.59697773e-10  2.09650791e+00  1.59697773e-10  2.09644240e+00 
 1.59797773e-10  2.13981201e+00  1.59797773e-10  2.13974645e+00 
 1.59897773e-10  2.18666280e+00  1.59897773e-10  2.18659709e+00 
 1.59997773e-10  2.23691745e+00  1.59997773e-10  2.23685147e+00 
 1.60097773e-10  2.29042276e+00  1.60097773e-10  2.29035642e+00 
 1.60197773e-10  2.34701565e+00  1.60197773e-10  2.34694885e+00 
 1.60297773e-10  2.40652359e+00  1.60297773e-10  2.40645622e+00 
 1.60397773e-10  2.46876510e+00  1.60397773e-10  2.46869707e+00 
 1.60497773e-10  2.53355029e+00  1.60497773e-10  2.53348150e+00 
 1.60597773e-10  2.60068137e+00  1.60597773e-10  2.60061175e+00 
 1.60697773e-10  2.66995330e+00  1.60697773e-10  2.66988274e+00 
 1.60797773e-10  2.74115432e+00  1.60797773e-10  2.74108274e+00 
 1.60897773e-10  2.81406661e+00  1.60897773e-10  2.81399393e+00 
 1.60997773e-10  2.88846694e+00  1.60997773e-10  2.88839310e+00 
 1.61097773e-10  2.96412736e+00  1.61097773e-10  2.96405228e+00 
 1.61197773e-10  3.04081585e+00  1.61197773e-10  3.04073947e+00 
 1.61297773e-10  3.11829705e+00  1.61297773e-10  3.11821931e+00 
 1.61397773e-10  3.19633297e+00  1.61397773e-10  3.19625382e+00 
 1.61497773e-10  3.27468374e+00  1.61497773e-10  3.27460312e+00 
 1.61597773e-10  3.35310832e+00  1.61597773e-10  3.35302619e+00 
 1.61697773e-10  3.43136525e+00  1.61697773e-10  3.43128158e+00 
 1.61797773e-10  3.50921345e+00  1.61797773e-10  3.50912820e+00 
 1.61897773e-10  3.58641289e+00  1.61897773e-10  3.58632603e+00 
 1.61997773e-10  3.66272541e+00  1.61997773e-10  3.66263692e+00 
 1.62097773e-10  3.73791542e+00  1.62097773e-10  3.73782527e+00 
 1.62197773e-10  3.81175067e+00  1.62197773e-10  3.81165886e+00 
 1.62297773e-10  3.88400297e+00  1.62297773e-10  3.88390948e+00 
 1.62397773e-10  3.95444891e+00  1.62397773e-10  3.95435375e+00 
 1.62497773e-10  4.02287058e+00  1.62497773e-10  4.02277372e+00 
 1.62597773e-10  4.08905621e+00  1.62597773e-10  4.08895768e+00 
 1.62697773e-10  4.15280093e+00  1.62697773e-10  4.15270072e+00 
 1.62797773e-10  4.21390732e+00  1.62797773e-10  4.21380546e+00 
 1.62897773e-10  4.27218613e+00  1.62897773e-10  4.27208262e+00 
 1.62997773e-10  4.32745681e+00  1.62997773e-10  4.32735168e+00 
 1.63097773e-10  4.37954813e+00  1.63097773e-10  4.37944140e+00 
 1.63197773e-10  4.42829870e+00  1.63197773e-10  4.42819040e+00 
 1.63297773e-10  4.47355749e+00  1.63297773e-10  4.47344766e+00 
 1.63397773e-10  4.51518433e+00  1.63397773e-10  4.51507300e+00 
 1.63497773e-10  4.55305033e+00  1.63497773e-10  4.55293756e+00 
 1.63597773e-10  4.58703832e+00  1.63597773e-10  4.58692414e+00 
 1.63697773e-10  4.61704320e+00  1.63697773e-10  4.61692767e+00 
 1.63797773e-10  4.64297229e+00  1.63797773e-10  4.64285546e+00 
 1.63897773e-10  4.66474561e+00  1.63897773e-10  4.66462755e+00 
 1.63997773e-10  4.68229616e+00  1.63997773e-10  4.68217692e+00 
 1.64097773e-10  4.69557010e+00  1.64097773e-10  4.69544976e+00 
 1.64197773e-10  4.70452698e+00  1.64197773e-10  4.70440560e+00 
 1.64297773e-10  4.70913979e+00  1.64297773e-10  4.70901746e+00 
 1.64397773e-10  4.70939512e+00  1.64397773e-10  4.70927190e+00 
 1.64497773e-10  4.70529314e+00  1.64497773e-10  4.70516911e+00 
 1.64597773e-10  4.69684765e+00  1.64597773e-10  4.69672290e+00 
 1.64697773e-10  4.68408600e+00  1.64697773e-10  4.68396061e+00 
 1.64797773e-10  4.66704903e+00  1.64797773e-10  4.66692308e+00 
 1.64897773e-10  4.64579090e+00  1.64897773e-10  4.64566449e+00 
 1.64997773e-10  4.62037896e+00  1.64997773e-10  4.62025217e+00 
 1.65097773e-10  4.59089350e+00  1.65097773e-10  4.59076641e+00 
 1.65197773e-10  4.55742751e+00  1.65197773e-10  4.55730022e+00 
 1.65297773e-10  4.52008636e+00  1.65297773e-10  4.51995896e+00 
 1.65397773e-10  4.47898750e+00  1.65397773e-10  4.47886007e+00 
 1.65497773e-10  4.43426004e+00  1.65497773e-10  4.43413268e+00 
 1.65597773e-10  4.38604437e+00  1.65597773e-10  4.38591716e+00 
 1.65697773e-10  4.33449167e+00  1.65697773e-10  4.33436471e+00 
 1.65797773e-10  4.27976349e+00  1.65797773e-10  4.27963686e+00 
 1.65897773e-10  4.22203116e+00  1.65897773e-10  4.22190495e+00 
 1.65997773e-10  4.16147529e+00  1.65997773e-10  4.16134958e+00 
 1.66097773e-10  4.09828517e+00  1.66097773e-10  4.09816004e+00 
 1.66197773e-10  4.03265817e+00  1.66197773e-10  4.03253371e+00 
 1.66297773e-10  3.96479914e+00  1.66297773e-10  3.96467542e+00 
 1.66397773e-10  3.89491968e+00  1.66397773e-10  3.89479679e+00 
 1.66497773e-10  3.82323755e+00  1.66497773e-10  3.82311556e+00 
 1.66597773e-10  3.74997593e+00  1.66597773e-10  3.74985491e+00 
 1.66697773e-10  3.67536271e+00  1.66697773e-10  3.67524273e+00 
 1.66797773e-10  3.59962979e+00  1.66797773e-10  3.59951091e+00 
 1.66897773e-10  3.52301231e+00  1.66897773e-10  3.52289460e+00 
 1.66997773e-10  3.44574795e+00  1.66997773e-10  3.44563146e+00 
 1.67097773e-10  3.36807612e+00  1.67097773e-10  3.36796092e+00 
 1.67197773e-10  3.29023726e+00  1.67197773e-10  3.29012340e+00 
 1.67297773e-10  3.21247205e+00  1.67297773e-10  3.21235957e+00 
 1.67397773e-10  3.13502066e+00  1.67397773e-10  3.13490961e+00 
 1.67497773e-10  3.05812201e+00  1.67497773e-10  3.05801243e+00 
 1.67597773e-10  2.98201299e+00  1.67597773e-10  2.98190492e+00 
 1.67697773e-10  2.90692776e+00  1.67697773e-10  2.90682123e+00 
 1.67797773e-10  2.83309700e+00  1.67797773e-10  2.83299204e+00 
 1.67897773e-10  2.76074720e+00  1.67897773e-10  2.76064384e+00 
 1.67997773e-10  2.69009998e+00  1.67997773e-10  2.68999823e+00 
 1.68097773e-10  2.62137138e+00  1.68097773e-10  2.62127125e+00 
 1.68197773e-10  2.55477121e+00  1.68197773e-10  2.55467272e+00 
 1.68297773e-10  2.49050244e+00  1.68297773e-10  2.49040560e+00 
 1.68397773e-10  2.42876056e+00  1.68397773e-10  2.42866537e+00 
 1.68497773e-10  2.36973302e+00  1.68497773e-10  2.36963947e+00 
 1.68597773e-10  2.31359865e+00  1.68597773e-10  2.31350673e+00 
 1.68697773e-10  2.26052713e+00  1.68697773e-10  2.26043684e+00 
 1.68797773e-10  2.21067856e+00  1.68797773e-10  2.21058987e+00 
 1.68897773e-10  2.16420291e+00  1.68897773e-10  2.16411580e+00 
 1.68997773e-10  2.12123965e+00  1.68997773e-10  2.12115410e+00 
 1.69097773e-10  2.08191737e+00  1.69097773e-10  2.08183333e+00 
 1.69197773e-10  2.04635336e+00  1.69197773e-10  2.04627081e+00 
 1.69297773e-10  2.01465337e+00  1.69297773e-10  2.01457226e+00 
 1.69397773e-10  1.98691128e+00  1.69397773e-10  1.98683156e+00 
 1.69497773e-10  1.96320885e+00  1.69497773e-10  1.96313047e+00 
 1.69597773e-10  1.94361554e+00  1.69597773e-10  1.94353844e+00 
 1.69697773e-10  1.92818834e+00  1.69697773e-10  1.92811246e+00 
 1.69797773e-10  1.91697158e+00  1.69797773e-10  1.91689685e+00 
 1.69897773e-10  1.90999690e+00  1.69897773e-10  1.90992325e+00 
 1.69997773e-10  1.90728314e+00  1.69997773e-10  1.90721050e+00 
 1.70097773e-10  1.90883633e+00  1.70097773e-10  1.90876462e+00 
 1.70197773e-10  1.91464967e+00  1.70197773e-10  1.91457880e+00 
 1.70297773e-10  1.92470360e+00  1.70297773e-10  1.92463349e+00 
 1.70397773e-10  1.93896584e+00  1.70397773e-10  1.93889639e+00 
 1.70497773e-10  1.95739150e+00  1.70497773e-10  1.95732263e+00 
 1.70597773e-10  1.97992325e+00  1.70597773e-10  1.97985485e+00 
 1.70697773e-10  2.00649142e+00  1.70697773e-10  2.00642339e+00 
 1.70797773e-10  2.03701426e+00  1.70797773e-10  2.03694651e+00 
 1.70897773e-10  2.07139815e+00  1.70897773e-10  2.07133057e+00 
 1.70997773e-10  2.10953785e+00  1.70997773e-10  2.10947034e+00 
 1.71097773e-10  2.15131681e+00  1.71097773e-10  2.15124927e+00 
 1.71197773e-10  2.19660750e+00  1.71197773e-10  2.19653982e+00 
 1.71297773e-10  2.24527175e+00  1.71297773e-10  2.24520384e+00 
 1.71397773e-10  2.29716117e+00  1.71397773e-10  2.29709292e+00 
 1.71497773e-10  2.35211753e+00  1.71497773e-10  2.35204884e+00 
 1.71597773e-10  2.40997324e+00  1.71597773e-10  2.40990401e+00 
 1.71697773e-10  2.47055182e+00  1.71697773e-10  2.47048196e+00 
 1.71797773e-10  2.53366841e+00  1.71797773e-10  2.53359782e+00 
 1.71897773e-10  2.59913031e+00  1.71897773e-10  2.59905889e+00 
 1.71997773e-10  2.66673752e+00  1.71997773e-10  2.66666520e+00 
 1.72097773e-10  2.73628338e+00  1.72097773e-10  2.73621007e+00 
 1.72197773e-10  2.80755512e+00  1.72197773e-10  2.80748075e+00 
 1.72297773e-10  2.88033456e+00  1.72297773e-10  2.88025905e+00 
 1.72397773e-10  2.95439870e+00  1.72397773e-10  2.95432198e+00 
 1.72497773e-10  3.02952045e+00  1.72497773e-10  3.02944245e+00 
 1.72597773e-10  3.10546927e+00  1.72597773e-10  3.10538994e+00 
 1.72697773e-10  3.18201193e+00  1.72697773e-10  3.18193121e+00 
 1.72797773e-10  3.25891315e+00  1.72797773e-10  3.25883099e+00 
 1.72897773e-10  3.33593641e+00  1.72897773e-10  3.33585277e+00 
 1.72997773e-10  3.41284461e+00  1.72997773e-10  3.41275945e+00 
 1.73097773e-10  3.48940085e+00  1.73097773e-10  3.48931413e+00 
 1.73197773e-10  3.56536914e+00  1.73197773e-10  3.56528084e+00 
 1.73297773e-10  3.64051517e+00  1.73297773e-10  3.64042526e+00 
 1.73397773e-10  3.71460700e+00  1.73397773e-10  3.71451545e+00 
 1.73497773e-10  3.78741582e+00  1.73497773e-10  3.78732263e+00 
 1.73597773e-10  3.85871667e+00  1.73597773e-10  3.85862182e+00 
 1.73697773e-10  3.92828912e+00  1.73697773e-10  3.92819260e+00 
 1.73797773e-10  3.99591800e+00  1.73797773e-10  3.99581982e+00 
 1.73897773e-10  4.06139408e+00  1.73897773e-10  4.06129424e+00 
 1.73997773e-10  4.12451469e+00  1.73997773e-10  4.12441319e+00 
 1.74097773e-10  4.18508442e+00  1.74097773e-10  4.18498127e+00 
 1.74197773e-10  4.24291569e+00  1.74197773e-10  4.24281092e+00 
 1.74297773e-10  4.29782939e+00  1.74297773e-10  4.29772301e+00 
 1.74397773e-10  4.34965543e+00  1.74397773e-10  4.34954746e+00 
 1.74497773e-10  4.39823327e+00  1.74497773e-10  4.39812374e+00 
 1.74597773e-10  4.44341244e+00  1.74597773e-10  4.44330139e+00 
 1.74697773e-10  4.48505304e+00  1.74697773e-10  4.48494050e+00 
 1.74797773e-10  4.52302616e+00  1.74797773e-10  4.52291218e+00 
 1.74897773e-10  4.55721430e+00  1.74897773e-10  4.55709892e+00 
 1.74997773e-10  4.58751174e+00  1.74997773e-10  4.58739501e+00 
 1.75097773e-10  4.61382490e+00  1.75097773e-10  4.61370689e+00 
 1.75197773e-10  4.63607262e+00  1.75197773e-10  4.63595337e+00 
 1.75297773e-10  4.65418640e+00  1.75297773e-10  4.65406598e+00 
 1.75397773e-10  4.66811067e+00  1.75397773e-10  4.66798914e+00 
 1.75497773e-10  4.67780291e+00  1.75497773e-10  4.67768034e+00 
 1.75597773e-10  4.68323383e+00  1.75597773e-10  4.68311029e+00 
 1.75697773e-10  4.68438743e+00  1.75697773e-10  4.68426301e+00 
 1.75797773e-10  4.68126110e+00  1.75797773e-10  4.68113587e+00 
 1.75897773e-10  4.67386556e+00  1.75897773e-10  4.67373959e+00 
 1.75997773e-10  4.66222486e+00  1.75997773e-10  4.66209825e+00 
 1.76097773e-10  4.64637633e+00  1.76097773e-10  4.64624915e+00 
 1.76197773e-10  4.62637039e+00  1.76197773e-10  4.62624273e+00 
 1.76297773e-10  4.60227047e+00  1.76297773e-10  4.60214242e+00 
 1.76397773e-10  4.57415273e+00  1.76397773e-10  4.57402438e+00 
 1.76497773e-10  4.54210588e+00  1.76497773e-10  4.54197730e+00 
 1.76597773e-10  4.50623083e+00  1.76597773e-10  4.50610212e+00 
 1.76697773e-10  4.46664042e+00  1.76697773e-10  4.46651168e+00 
 1.76797773e-10  4.42345904e+00  1.76797773e-10  4.42333035e+00 
 1.76897773e-10  4.37682223e+00  1.76897773e-10  4.37669367e+00 
 1.76997773e-10  4.32687624e+00  1.76997773e-10  4.32674790e+00 
 1.77097773e-10  4.27377756e+00  1.77097773e-10  4.27364953e+00 
 1.77197773e-10  4.21769243e+00  1.77197773e-10  4.21756480e+00 
 1.77297773e-10  4.15879631e+00  1.77297773e-10  4.15866916e+00 
 1.77397773e-10  4.09727331e+00  1.77397773e-10  4.09714672e+00 
 1.77497773e-10  4.03331560e+00  1.77497773e-10  4.03318965e+00 
 1.77597773e-10  3.96712279e+00  1.77597773e-10  3.96699757e+00 
 1.77697773e-10  3.89890132e+00  1.77697773e-10  3.89877690e+00 
 1.77797773e-10  3.82886379e+00  1.77797773e-10  3.82874024e+00 
 1.77897773e-10  3.75722824e+00  1.77897773e-10  3.75710564e+00 
 1.77997773e-10  3.68421754e+00  1.77997773e-10  3.68409595e+00 
 1.78097773e-10  3.61005861e+00  1.78097773e-10  3.60993810e+00 
 1.78197773e-10  3.53498172e+00  1.78197773e-10  3.53486236e+00 
 1.78297773e-10  3.45921980e+00  1.78297773e-10  3.45910164e+00 
 1.78397773e-10  3.38300763e+00  1.78397773e-10  3.38289073e+00 
 1.78497773e-10  3.30658116e+00  1.78497773e-10  3.30646557e+00 
 1.78597773e-10  3.23017673e+00  1.78597773e-10  3.23006251e+00 
 1.78697773e-10  3.15403037e+00  1.78697773e-10  3.15391755e+00 
 1.78797773e-10  3.07837699e+00  1.78797773e-10  3.07826562e+00 
 1.78897773e-10  3.00344973e+00  1.78897773e-10  3.00333983e+00 
 1.78997773e-10  2.92947914e+00  1.78997773e-10  2.92937077e+00 
 1.79097773e-10  2.85669257e+00  1.79097773e-10  2.85658574e+00 
 1.79197773e-10  2.78531337e+00  1.79197773e-10  2.78520811e+00 
 1.79297773e-10  2.71556024e+00  1.79297773e-10  2.71545658e+00 
 1.79397773e-10  2.64764660e+00  1.79397773e-10  2.64754454e+00 
 1.79497773e-10  2.58177985e+00  1.79497773e-10  2.58167942e+00 
 1.79597773e-10  2.51816084e+00  1.79597773e-10  2.51806202e+00 
 1.79697773e-10  2.45698316e+00  1.79697773e-10  2.45688598e+00 
 1.79797773e-10  2.39843268e+00  1.79797773e-10  2.39833712e+00 
 1.79897773e-10  2.34268688e+00  1.79897773e-10  2.34259293e+00 
 1.79997773e-10  2.28991440e+00  1.79997773e-10  2.28982207e+00 
 1.80097773e-10  2.24027456e+00  1.80097773e-10  2.24018381e+00 
 1.80197773e-10  2.19391682e+00  1.80197773e-10  2.19382764e+00 
 1.80297773e-10  2.15098045e+00  1.80297773e-10  2.15089280e+00 
 1.80397773e-10  2.11159407e+00  1.80397773e-10  2.11150793e+00 
 1.80497773e-10  2.07587531e+00  1.80497773e-10  2.07579064e+00 
 1.80597773e-10  2.04393052e+00  1.80597773e-10  2.04384728e+00 
 1.80697773e-10  2.01585443e+00  1.80697773e-10  2.01577258e+00 
 1.80797773e-10  1.99172995e+00  1.80797773e-10  1.99164943e+00 
 1.80897773e-10  1.97162793e+00  1.80897773e-10  1.97154868e+00 
 1.80997773e-10  1.95560697e+00  1.80997773e-10  1.95552894e+00 
 1.81097773e-10  1.94371332e+00  1.81097773e-10  1.94363644e+00 
 1.81197773e-10  1.93598072e+00  1.81197773e-10  1.93590492e+00 
 1.81297773e-10  1.93243037e+00  1.81297773e-10  1.93235558e+00 
 1.81397773e-10  1.93307088e+00  1.81397773e-10  1.93299701e+00 
 1.81497773e-10  1.93789825e+00  1.81497773e-10  1.93782523e+00 
 1.81597773e-10  1.94689592e+00  1.81597773e-10  1.94682366e+00 
 1.81697773e-10  1.96003482e+00  1.81697773e-10  1.95996323e+00 
 1.81797773e-10  1.97727345e+00  1.81797773e-10  1.97720244e+00 
 1.81897773e-10  1.99855806e+00  1.81897773e-10  1.99848753e+00 
 1.81997773e-10  2.02382273e+00  1.81997773e-10  2.02375259e+00 
 1.82097773e-10  2.05298962e+00  1.82097773e-10  2.05291978e+00 
 1.82197773e-10  2.08596919e+00  1.82197773e-10  2.08589953e+00 
 1.82297773e-10  2.12266041e+00  1.82297773e-10  2.12259084e+00 
 1.82397773e-10  2.16295107e+00  1.82397773e-10  2.16288149e+00 
 1.82497773e-10  2.20671811e+00  1.82497773e-10  2.20664841e+00 
 1.82597773e-10  2.25382795e+00  1.82597773e-10  2.25375803e+00 
 1.82697773e-10  2.30413685e+00  1.82697773e-10  2.30406662e+00 
 1.82797773e-10  2.35749136e+00  1.82797773e-10  2.35742071e+00 
 1.82897773e-10  2.41372871e+00  1.82897773e-10  2.41365755e+00 
 1.82997773e-10  2.47267733e+00  1.82997773e-10  2.47260556e+00 
 1.83097773e-10  2.53415728e+00  1.83097773e-10  2.53408481e+00 
 1.83197773e-10  2.59798083e+00  1.83197773e-10  2.59790757e+00 
 1.83297773e-10  2.66395298e+00  1.83297773e-10  2.66387884e+00 
 1.83397773e-10  2.73187204e+00  1.83397773e-10  2.73179694e+00 
 1.83497773e-10  2.80153022e+00  1.83497773e-10  2.80145408e+00 
 1.83597773e-10  2.87271428e+00  1.83597773e-10  2.87263702e+00 
 1.83697773e-10  2.94520611e+00  1.83697773e-10  2.94512767e+00 
 1.83797773e-10  3.01878346e+00  1.83797773e-10  3.01870377e+00 
 1.83897773e-10  3.09322055e+00  1.83897773e-10  3.09313956e+00 
 1.83997773e-10  3.16828881e+00  1.83997773e-10  3.16820646e+00 
 1.84097773e-10  3.24375755e+00  1.84097773e-10  3.24367378e+00 
 1.84197773e-10  3.31939466e+00  1.84197773e-10  3.31930944e+00 
 1.84297773e-10  3.39496737e+00  1.84297773e-10  3.39488064e+00 
 1.84397773e-10  3.47024292e+00  1.84397773e-10  3.47015466e+00 
 1.84497773e-10  3.54498933e+00  1.84497773e-10  3.54489950e+00 
 1.84597773e-10  3.61897608e+00  1.84597773e-10  3.61888466e+00 
 1.84697773e-10  3.69197487e+00  1.84697773e-10  3.69188184e+00 
 1.84797773e-10  3.76376031e+00  1.84797773e-10  3.76366566e+00 
 1.84897773e-10  3.83411065e+00  1.84897773e-10  3.83401436e+00 
 1.84997773e-10  3.90280845e+00  1.84997773e-10  3.90271052e+00 
 1.85097773e-10  3.96964130e+00  1.85097773e-10  3.96954172e+00 
 1.85197773e-10  4.03440245e+00  1.85197773e-10  4.03430122e+00 
 1.85297773e-10  4.09689152e+00  1.85297773e-10  4.09678865e+00 
 1.85397773e-10  4.15691507e+00  1.85397773e-10  4.15681057e+00 
 1.85497773e-10  4.21428727e+00  1.85497773e-10  4.21418115e+00 
 1.85597773e-10  4.26883046e+00  1.85597773e-10  4.26872275e+00 
 1.85697773e-10  4.32037573e+00  1.85697773e-10  4.32026644e+00 
 1.85797773e-10  4.36876343e+00  1.85797773e-10  4.36865259e+00 
 1.85897773e-10  4.41384372e+00  1.85897773e-10  4.41373137e+00 
 1.85997773e-10  4.45547703e+00  1.85997773e-10  4.45536320e+00 
 1.86097773e-10  4.49353447e+00  1.86097773e-10  4.49341920e+00 
 1.86197773e-10  4.52789830e+00  1.86197773e-10  4.52778164e+00 
 1.86297773e-10  4.55846227e+00  1.86297773e-10  4.55834427e+00 
 1.86397773e-10  4.58513198e+00  1.86397773e-10  4.58501269e+00 
 1.86497773e-10  4.60782514e+00  1.86497773e-10  4.60770462e+00 
 1.86597773e-10  4.62647188e+00  1.86597773e-10  4.62635019e+00 
 1.86697773e-10  4.64101495e+00  1.86697773e-10  4.64089215e+00 
 1.86797773e-10  4.65140991e+00  1.86797773e-10  4.65128608e+00 
 1.86897773e-10  4.65762527e+00  1.86897773e-10  4.65750047e+00 
 1.86997773e-10  4.65964257e+00  1.86997773e-10  4.65951688e+00 
 1.87097773e-10  4.65745648e+00  1.87097773e-10  4.65732997e+00 
 1.87197773e-10  4.65107478e+00  1.87197773e-10  4.65094753e+00 
 1.87297773e-10  4.64051834e+00  1.87297773e-10  4.64039043e+00 
 1.87397773e-10  4.62582108e+00  1.87397773e-10  4.62569260e+00 
 1.87497773e-10  4.60702983e+00  1.87497773e-10  4.60690085e+00 
 1.87597773e-10  4.58420417e+00  1.87597773e-10  4.58407479e+00 
 1.87697773e-10  4.55741629e+00  1.87697773e-10  4.55728659e+00 
 1.87797773e-10  4.52675071e+00  1.87797773e-10  4.52662078e+00 
 1.87897773e-10  4.49230401e+00  1.87897773e-10  4.49217393e+00 
 1.87997773e-10  4.45418456e+00  1.87997773e-10  4.45405442e+00 
 1.88097773e-10  4.41251212e+00  1.88097773e-10  4.41238202e+00 
 1.88197773e-10  4.36741751e+00  1.88197773e-10  4.36728753e+00 
 1.88297773e-10  4.31904214e+00  1.88297773e-10  4.31891236e+00 
 1.88397773e-10  4.26753760e+00  1.88397773e-10  4.26740811e+00 
 1.88497773e-10  4.21306512e+00  1.88497773e-10  4.21293601e+00 
 1.88597773e-10  4.15579513e+00  1.88597773e-10  4.15566648e+00 
 1.88697773e-10  4.09590666e+00  1.88697773e-10  4.09577854e+00 
 1.88797773e-10  4.03358675e+00  1.88797773e-10  4.03345926e+00 
 1.88897773e-10  3.96902994e+00  1.88897773e-10  3.96890315e+00 
 1.88997773e-10  3.90243755e+00  1.88997773e-10  3.90231154e+00 
 1.89097773e-10  3.83401710e+00  1.89097773e-10  3.83389194e+00 
 1.89197773e-10  3.76398164e+00  1.89197773e-10  3.76385739e+00 
 1.89297773e-10  3.69254903e+00  1.89297773e-10  3.69242578e+00 
 1.89397773e-10  3.61994132e+00  1.89397773e-10  3.61981912e+00 
 1.89497773e-10  3.54638399e+00  1.89497773e-10  3.54626291e+00 
 1.89597773e-10  3.47210525e+00  1.89597773e-10  3.47198535e+00 
 1.89697773e-10  3.39733532e+00  1.89697773e-10  3.39721666e+00 
 1.89797773e-10  3.32230572e+00  1.89797773e-10  3.32218834e+00 
 1.89897773e-10  3.24724851e+00  1.89897773e-10  3.24713247e+00 
 1.89997773e-10  3.17239557e+00  1.89997773e-10  3.17228091e+00 
 1.90097773e-10  3.09797789e+00  1.90097773e-10  3.09786465e+00 
 1.90197773e-10  3.02422483e+00  1.90197773e-10  3.02411305e+00 
 1.90297773e-10  2.95136341e+00  1.90297773e-10  2.95125313e+00 
 1.90397773e-10  2.87961760e+00  1.90397773e-10  2.87950885e+00 
 1.90497773e-10  2.80920765e+00  1.90497773e-10  2.80910044e+00 
 1.90597773e-10  2.74034936e+00  1.90597773e-10  2.74024373e+00 
 1.90697773e-10  2.67325348e+00  1.90697773e-10  2.67314944e+00 
 1.90797773e-10  2.60812503e+00  1.90797773e-10  2.60802258e+00 
 1.90897773e-10  2.54516265e+00  1.90897773e-10  2.54506181e+00 
 1.90997773e-10  2.48455809e+00  1.90997773e-10  2.48445886e+00 
 1.91097773e-10  2.42649554e+00  1.91097773e-10  2.42639791e+00 
 1.91197773e-10  2.37115112e+00  1.91197773e-10  2.37105509e+00 
 1.91297773e-10  2.31869239e+00  1.91297773e-10  2.31859795e+00 
 1.91397773e-10  2.26927782e+00  1.91397773e-10  2.26918495e+00 
 1.91497773e-10  2.22305633e+00  1.91497773e-10  2.22296501e+00 
 1.91597773e-10  2.18016688e+00  1.91597773e-10  2.18007709e+00 
 1.91697773e-10  2.14073811e+00  1.91697773e-10  2.14064981e+00 
 1.91797773e-10  2.10488789e+00  1.91797773e-10  2.10480105e+00 
 1.91897773e-10  2.07272309e+00  1.91897773e-10  2.07263768e+00 
 1.91997773e-10  2.04433925e+00  1.91997773e-10  2.04425521e+00 
 1.92097773e-10  2.01982031e+00  1.92097773e-10  2.01973759e+00 
 1.92197773e-10  1.99923841e+00  1.92197773e-10  1.99915696e+00 
 1.92297773e-10  1.98265373e+00  1.92297773e-10  1.98257349e+00 
 1.92397773e-10  1.97011429e+00  1.92397773e-10  1.97003519e+00 
 1.92497773e-10  1.96165587e+00  1.92497773e-10  1.96157785e+00 
 1.92597773e-10  1.95730193e+00  1.92597773e-10  1.95722492e+00 
 1.92697773e-10  1.95706355e+00  1.92697773e-10  1.95698747e+00 
 1.92797773e-10  1.96093945e+00  1.92797773e-10  1.96086422e+00 
 1.92897773e-10  1.96891595e+00  1.92897773e-10  1.96884148e+00 
 1.92997773e-10  1.98096708e+00  1.92997773e-10  1.98089330e+00 
 1.93097773e-10  1.99705466e+00  1.93097773e-10  1.99698147e+00 
 1.93197773e-10  2.01712839e+00  1.93197773e-10  2.01705569e+00 
 1.93297773e-10  2.04112601e+00  1.93297773e-10  2.04105371e+00 
 1.93397773e-10  2.06897349e+00  1.93397773e-10  2.06890149e+00 
 1.93497773e-10  2.10058524e+00  1.93497773e-10  2.10051345e+00 
 1.93597773e-10  2.13586434e+00  1.93597773e-10  2.13579265e+00 
 1.93697773e-10  2.17470283e+00  1.93697773e-10  2.17463115e+00 
 1.93797773e-10  2.21698201e+00  1.93797773e-10  2.21691023e+00 
 1.93897773e-10  2.26257276e+00  1.93897773e-10  2.26250078e+00 
 1.93997773e-10  2.31133592e+00  1.93997773e-10  2.31126364e+00 
 1.94097773e-10  2.36312269e+00  1.94097773e-10  2.36305002e+00 
 1.94197773e-10  2.41777504e+00  1.94197773e-10  2.41770188e+00 
 1.94297773e-10  2.47512618e+00  1.94297773e-10  2.47505244e+00 
 1.94397773e-10  2.53500103e+00  1.94397773e-10  2.53492660e+00 
 1.94497773e-10  2.59721671e+00  1.94497773e-10  2.59714152e+00 
 1.94597773e-10  2.66158311e+00  1.94597773e-10  2.66150707e+00 
 1.94697773e-10  2.72790345e+00  1.94697773e-10  2.72782647e+00 
 1.94797773e-10  2.79597481e+00  1.94797773e-10  2.79589683e+00 
 1.94897773e-10  2.86558881e+00  1.94897773e-10  2.86550974e+00 
 1.94997773e-10  2.93653217e+00  1.94997773e-10  2.93645194e+00 
 1.95097773e-10  3.00858738e+00  1.95097773e-10  3.00850593e+00 
 1.95197773e-10  3.08153336e+00  1.95197773e-10  3.08145063e+00 
 1.95297773e-10  3.15514615e+00  1.95297773e-10  3.15506208e+00 
 1.95397773e-10  3.22919954e+00  1.95397773e-10  3.22911408e+00 
 1.95497773e-10  3.30346582e+00  1.95497773e-10  3.30337893e+00 
 1.95597773e-10  3.37771647e+00  1.95597773e-10  3.37762810e+00 
 1.95697773e-10  3.45172285e+00  1.95697773e-10  3.45163297e+00 
 1.95797773e-10  3.52525691e+00  1.95797773e-10  3.52516550e+00 
 1.95897773e-10  3.59809195e+00  1.95897773e-10  3.59799896e+00 
 1.95997773e-10  3.67000324e+00  1.95997773e-10  3.66990866e+00 
 1.96097773e-10  3.74076880e+00  1.96097773e-10  3.74067262e+00 
 1.96197773e-10  3.81017009e+00  1.96197773e-10  3.81007228e+00 
 1.96297773e-10  3.87799263e+00  1.96297773e-10  3.87789319e+00 
 1.96397773e-10  3.94402676e+00  1.96397773e-10  3.94392570e+00 
 1.96497773e-10  4.00806827e+00  1.96497773e-10  4.00796557e+00 
 1.96597773e-10  4.06991902e+00  1.96597773e-10  4.06981469e+00 
 1.96697773e-10  4.12938760e+00  1.96697773e-10  4.12928166e+00 
 1.96797773e-10  4.18628994e+00  1.96797773e-10  4.18618240e+00 
 1.96897773e-10  4.24044986e+00  1.96897773e-10  4.24034074e+00 
 1.96997773e-10  4.29169968e+00  1.96997773e-10  4.29158899e+00 
 1.97097773e-10  4.33988069e+00  1.97097773e-10  4.33976846e+00 
 1.97197773e-10  4.38484371e+00  1.97197773e-10  4.38472998e+00 
 1.97297773e-10  4.42644955e+00  1.97297773e-10  4.42633435e+00 
 1.97397773e-10  4.46456944e+00  1.97397773e-10  4.46445282e+00 
 1.97497773e-10  4.49908546e+00  1.97497773e-10  4.49896744e+00 
 1.97597773e-10  4.52989088e+00  1.97597773e-10  4.52977153e+00 
 1.97697773e-10  4.55689055e+00  1.97697773e-10  4.55676991e+00 
 1.97797773e-10  4.58000117e+00  1.97797773e-10  4.57987930e+00 
 1.97897773e-10  4.59915157e+00  1.97897773e-10  4.59902853e+00 
 1.97997773e-10  4.61428292e+00  1.97997773e-10  4.61415878e+00 
 1.98097773e-10  4.62534895e+00  1.98097773e-10  4.62522377e+00 
 1.98197773e-10  4.63231605e+00  1.98197773e-10  4.63218990e+00 
 1.98297773e-10  4.63516343e+00  1.98297773e-10  4.63503639e+00 
 1.98397773e-10  4.63388315e+00  1.98397773e-10  4.63375528e+00 
 1.98497773e-10  4.62848013e+00  1.98497773e-10  4.62835152e+00 
 1.98597773e-10  4.61897220e+00  1.98597773e-10  4.61884292e+00 
 1.98697773e-10  4.60538997e+00  1.98697773e-10  4.60526011e+00 
 1.98797773e-10  4.58777678e+00  1.98797773e-10  4.58764641e+00 
 1.98897773e-10  4.56618851e+00  1.98897773e-10  4.56605772e+00 
 1.98997773e-10  4.54069346e+00  1.98997773e-10  4.54056234e+00 
 1.99097773e-10  4.51137209e+00  1.99097773e-10  4.51124073e+00 
 1.99197773e-10  4.47831679e+00  1.99197773e-10  4.47818526e+00 
 1.99297773e-10  4.44163153e+00  1.99297773e-10  4.44149994e+00 
 1.99397773e-10  4.40143161e+00  1.99397773e-10  4.40130003e+00 
 1.99497773e-10  4.35784321e+00  1.99497773e-10  4.35771172e+00 
 1.99597773e-10  4.31100302e+00  1.99597773e-10  4.31087173e+00 
 1.99697773e-10  4.26105783e+00  1.99697773e-10  4.26092680e+00 
 1.99797773e-10  4.20816400e+00  1.99797773e-10  4.20803333e+00 
 1.99897773e-10  4.15248701e+00  1.99897773e-10  4.15235677e+00 
 1.99997773e-10  4.09420090e+00  1.99997773e-10  4.09407119e+00 
 2.00097773e-10  4.03348774e+00  2.00097773e-10  4.03335863e+00 
 2.00197773e-10  3.97053703e+00  2.00197773e-10  3.97040860e+00 
 2.00297773e-10  3.90554510e+00  2.00297773e-10  3.90541742e+00 
 2.00397773e-10  3.83871449e+00  2.00397773e-10  3.83858763e+00 
 2.00497773e-10  3.77025328e+00  2.00497773e-10  3.77012733e+00 
 2.00597773e-10  3.70037449e+00  2.00597773e-10  3.70024950e+00 
 2.00697773e-10  3.62929531e+00  2.00697773e-10  3.62917135e+00 
 2.00797773e-10  3.55723650e+00  2.00797773e-10  3.55711364e+00 
 2.00897773e-10  3.48442166e+00  2.00897773e-10  3.48429995e+00 
 2.00997773e-10  3.41107647e+00  2.00997773e-10  3.41095598e+00 
 2.01097773e-10  3.33742808e+00  2.01097773e-10  3.33730885e+00 
 2.01197773e-10  3.26370430e+00  2.01197773e-10  3.26358638e+00 
 2.01297773e-10  3.19013294e+00  2.01297773e-10  3.19001638e+00 
 2.01397773e-10  3.11694107e+00  2.01397773e-10  3.11682591e+00 
 2.01497773e-10  3.04435432e+00  2.01497773e-10  3.04424060e+00 
 2.01597773e-10  2.97259618e+00  2.01597773e-10  2.97248393e+00 
 2.01697773e-10  2.90188728e+00  2.01697773e-10  2.90177653e+00 
 2.01797773e-10  2.83244474e+00  2.01797773e-10  2.83233553e+00 
 2.01897773e-10  2.76448150e+00  2.01897773e-10  2.76437383e+00 
 2.01997773e-10  2.69820561e+00  2.01997773e-10  2.69809951e+00 
 2.02097773e-10  2.63381968e+00  2.02097773e-10  2.63371515e+00 
 2.02197773e-10  2.57152019e+00  2.02197773e-10  2.57141725e+00 
 2.02297773e-10  2.51149694e+00  2.02297773e-10  2.51139559e+00 
 2.02397773e-10  2.45393246e+00  2.02397773e-10  2.45383270e+00 
 2.02497773e-10  2.39900149e+00  2.02497773e-10  2.39890331e+00 
 2.02597773e-10  2.34687041e+00  2.02597773e-10  2.34677381e+00 
 2.02697773e-10  2.29769683e+00  2.02697773e-10  2.29760178e+00 
 2.02797773e-10  2.25162907e+00  2.02797773e-10  2.25153555e+00 
 2.02897773e-10  2.20880574e+00  2.02897773e-10  2.20871374e+00 
 2.02997773e-10  2.16935539e+00  2.02997773e-10  2.16926488e+00 
 2.03097773e-10  2.13339611e+00  2.03097773e-10  2.13330704e+00 
 2.03197773e-10  2.10103521e+00  2.03197773e-10  2.10094755e+00 
 2.03297773e-10  2.07236892e+00  2.03297773e-10  2.07228263e+00 
 2.03397773e-10  2.04748217e+00  2.03397773e-10  2.04739720e+00 
 2.03497773e-10  2.02644833e+00  2.03497773e-10  2.02636461e+00 
 2.03597773e-10  2.00932901e+00  2.03597773e-10  2.00924650e+00 
 2.03697773e-10  1.99617396e+00  2.03697773e-10  1.99609259e+00 
 2.03797773e-10  1.98702089e+00  2.03797773e-10  1.98694060e+00 
 2.03897773e-10  1.98189544e+00  2.03897773e-10  1.98181615e+00 
 2.03997773e-10  1.98081106e+00  2.03997773e-10  1.98073271e+00 
 2.04097773e-10  1.98376907e+00  2.04097773e-10  1.98369157e+00 
 2.04197773e-10  1.99075860e+00  2.04197773e-10  1.99068187e+00 
 2.04297773e-10  2.00175670e+00  2.04297773e-10  2.00168065e+00 
 2.04397773e-10  2.01672835e+00  2.04397773e-10  2.01665290e+00 
 2.04497773e-10  2.03562664e+00  2.04497773e-10  2.03555170e+00 
 2.04597773e-10  2.05839285e+00  2.04597773e-10  2.05831832e+00 
 2.04697773e-10  2.08495666e+00  2.04697773e-10  2.08488244e+00 
 2.04797773e-10  2.11523634e+00  2.04797773e-10  2.11516233e+00 
 2.04897773e-10  2.14913896e+00  2.04897773e-10  2.14906508e+00 
 2.04997773e-10  2.18656071e+00  2.04997773e-10  2.18648685e+00 
 2.05097773e-10  2.22738714e+00  2.05097773e-10  2.22731320e+00 
 2.05197773e-10  2.27149350e+00  2.05197773e-10  2.27141938e+00 
 2.05297773e-10  2.31874510e+00  2.05297773e-10  2.31867071e+00 
 2.05397773e-10  2.36899770e+00  2.05397773e-10  2.36892293e+00 
 2.05497773e-10  2.42209789e+00  2.05497773e-10  2.42202266e+00 
 2.05597773e-10  2.47788357e+00  2.05597773e-10  2.47780778e+00 
 2.05697773e-10  2.53618441e+00  2.05697773e-10  2.53610797e+00 
 2.05797773e-10  2.59682231e+00  2.05797773e-10  2.59674512e+00 
 2.05897773e-10  2.65961195e+00  2.05897773e-10  2.65953394e+00 
 2.05997773e-10  2.72436135e+00  2.05997773e-10  2.72428243e+00 
 2.06097773e-10  2.79087241e+00  2.06097773e-10  2.79079250e+00 
 2.06197773e-10  2.85894149e+00  2.06197773e-10  2.85886053e+00 
 2.06297773e-10  2.92836007e+00  2.06297773e-10  2.92827797e+00 
 2.06397773e-10  2.99891531e+00  2.06397773e-10  2.99883202e+00 
 2.06497773e-10  3.07039077e+00  2.06497773e-10  3.07030623e+00 
 2.06597773e-10  3.14256701e+00  2.06597773e-10  3.14248115e+00 
 2.06697773e-10  3.21522226e+00  2.06697773e-10  3.21513503e+00 
 2.06797773e-10  3.28813314e+00  2.06797773e-10  3.28804451e+00 
 2.06897773e-10  3.36107535e+00  2.06897773e-10  3.36098526e+00 
 2.06997773e-10  3.43382429e+00  2.06997773e-10  3.43373272e+00 
 2.07097773e-10  3.50615585e+00  2.07097773e-10  3.50606275e+00 
 2.07197773e-10  3.57784705e+00  2.07197773e-10  3.57775241e+00 
 2.07297773e-10  3.64867675e+00  2.07297773e-10  3.64858054e+00 
 2.07397773e-10  3.71842636e+00  2.07397773e-10  3.71832857e+00 
 2.07497773e-10  3.78688050e+00  2.07497773e-10  3.78678110e+00 
 2.07597773e-10  3.85382768e+00  2.07597773e-10  3.85372667e+00 
 2.07697773e-10  3.91906099e+00  2.07697773e-10  3.91895836e+00 
 2.07797773e-10  3.98237872e+00  2.07797773e-10  3.98227447e+00 
 2.07897773e-10  4.04358502e+00  2.07897773e-10  4.04347917e+00 
 2.07997773e-10  4.10249052e+00  2.07997773e-10  4.10238307e+00 
 2.08097773e-10  4.15891292e+00  2.08097773e-10  4.15880388e+00 
 2.08197773e-10  4.21267758e+00  2.08197773e-10  4.21256696e+00 
 2.08297773e-10  4.26361804e+00  2.08297773e-10  4.26350587e+00 
 2.08397773e-10  4.31157661e+00  2.08397773e-10  4.31146292e+00 
 2.08497773e-10  4.35640481e+00  2.08497773e-10  4.35628962e+00 
 2.08597773e-10  4.39796389e+00  2.08597773e-10  4.39784725e+00 
 2.08697773e-10  4.43612525e+00  2.08697773e-10  4.43600718e+00 
 2.08797773e-10  4.47077083e+00  2.08797773e-10  4.47065138e+00 
 2.08897773e-10  4.50179353e+00  2.08897773e-10  4.50167275e+00 
 2.08997773e-10  4.52909752e+00  2.08997773e-10  4.52897546e+00 
 2.09097773e-10  4.55259856e+00  2.09097773e-10  4.55247528e+00 
 2.09197773e-10  4.57222427e+00  2.09197773e-10  4.57209981e+00 
 2.09297773e-10  4.58791433e+00  2.09297773e-10  4.58778876e+00 
 2.09397773e-10  4.59962071e+00  2.09397773e-10  4.59949411e+00 
 2.09497773e-10  4.60730783e+00  2.09497773e-10  4.60718025e+00 
 2.09597773e-10  4.61095261e+00  2.09597773e-10  4.61082413e+00 
 2.09697773e-10  4.61054462e+00  2.09697773e-10  4.61041532e+00 
 2.09797773e-10  4.60608607e+00  2.09797773e-10  4.60595601e+00 
 2.09897773e-10  4.59759180e+00  2.09897773e-10  4.59746107e+00 
 2.09997773e-10  4.58508925e+00  2.09997773e-10  4.58495792e+00 
 2.10097773e-10  4.56861835e+00  2.10097773e-10  4.56848652e+00 
 2.10197773e-10  4.54823144e+00  2.10197773e-10  4.54809917e+00 
 2.10297773e-10  4.52399302e+00  2.10297773e-10  4.52386041e+00 
 2.10397773e-10  4.49597962e+00  2.10397773e-10  4.49584675e+00 
 2.10497773e-10  4.46427951e+00  2.10497773e-10  4.46414646e+00 
 2.10597773e-10  4.42899243e+00  2.10597773e-10  4.42885930e+00 
 2.10697773e-10  4.39022929e+00  2.10697773e-10  4.39009615e+00 
 2.10797773e-10  4.34811175e+00  2.10797773e-10  4.34797870e+00 
 2.10897773e-10  4.30277193e+00  2.10897773e-10  4.30263904e+00 
 2.10997773e-10  4.25435188e+00  2.10997773e-10  4.25421925e+00 
 2.11097773e-10  4.20300322e+00  2.11097773e-10  4.20287092e+00 
 2.11197773e-10  4.14888658e+00  2.11197773e-10  4.14875470e+00 
 2.11297773e-10  4.09217114e+00  2.11297773e-10  4.09203975e+00 
 2.11397773e-10  4.03303405e+00  2.11397773e-10  4.03290324e+00 
 2.11497773e-10  3.97165990e+00  2.11497773e-10  3.97152975e+00 
 2.11597773e-10  3.90824011e+00  2.11597773e-10  3.90811069e+00 
 2.11697773e-10  3.84297231e+00  2.11697773e-10  3.84284370e+00 
 2.11797773e-10  3.77605975e+00  2.11797773e-10  3.77593201e+00 
 2.11897773e-10  3.70771060e+00  2.11897773e-10  3.70758381e+00 
 2.11997773e-10  3.63813736e+00  2.11997773e-10  3.63801157e+00 
 2.12097773e-10  3.56755609e+00  2.12097773e-10  3.56743138e+00 
 2.12197773e-10  3.49618582e+00  2.12197773e-10  3.49606224e+00 
 2.12297773e-10  3.42424781e+00  2.12297773e-10  3.42412541e+00 
 2.12397773e-10  3.35196484e+00  2.12397773e-10  3.35184369e+00 
 2.12497773e-10  3.27956055e+00  2.12497773e-10  3.27944069e+00 
 2.12597773e-10  3.20725870e+00  2.12597773e-10  3.20714017e+00 
 2.12697773e-10  3.13528248e+00  2.12697773e-10  3.13516533e+00 
 2.12797773e-10  3.06385382e+00  2.12797773e-10  3.06373809e+00 
 2.12897773e-10  2.99319269e+00  2.12897773e-10  2.99307841e+00 
 2.12997773e-10  2.92351641e+00  2.12997773e-10  2.92340361e+00 
 2.13097773e-10  2.85503899e+00  2.13097773e-10  2.85492770e+00 
 2.13197773e-10  2.78797047e+00  2.13197773e-10  2.78786070e+00 
 2.13297773e-10  2.72251625e+00  2.13297773e-10  2.72240802e+00 
 2.13397773e-10  2.65887649e+00  2.13397773e-10  2.65876982e+00 
 2.13497773e-10  2.59724548e+00  2.13497773e-10  2.59714038e+00 
 2.13597773e-10  2.53781109e+00  2.13597773e-10  2.53770756e+00 
 2.13697773e-10  2.48075414e+00  2.13697773e-10  2.48065218e+00 
 2.13797773e-10  2.42624792e+00  2.13797773e-10  2.42614753e+00 
 2.13897773e-10  2.37445766e+00  2.13897773e-10  2.37435882e+00 
 2.13997773e-10  2.32554001e+00  2.13997773e-10  2.32544272e+00 
 2.14097773e-10  2.27964265e+00  2.14097773e-10  2.27954688e+00 
 2.14197773e-10  2.23690380e+00  2.14197773e-10  2.23680953e+00 
 2.14297773e-10  2.19745186e+00  2.14297773e-10  2.19735906e+00 
 2.14397773e-10  2.16140504e+00  2.14397773e-10  2.16131368e+00 
 2.14497773e-10  2.12887105e+00  2.14497773e-10  2.12878108e+00 
 2.14597773e-10  2.09994676e+00  2.14597773e-10  2.09985815e+00 
 2.14697773e-10  2.07471797e+00  2.14697773e-10  2.07463067e+00 
 2.14797773e-10  2.05325919e+00  2.14797773e-10  2.05317315e+00 
 2.14897773e-10  2.03563344e+00  2.14897773e-10  2.03554860e+00 
 2.14997773e-10  2.02189206e+00  2.14997773e-10  2.02180836e+00 
 2.15097773e-10  2.01207463e+00  2.15097773e-10  2.01199200e+00 
 2.15197773e-10  2.00620884e+00  2.15197773e-10  2.00612722e+00 
 2.15297773e-10  2.00431047e+00  2.15297773e-10  2.00422977e+00 
 2.15397773e-10  2.00638331e+00  2.15397773e-10  2.00630347e+00 
 2.15497773e-10  2.01241923e+00  2.15497773e-10  2.01234016e+00 
 2.15597773e-10  2.02239815e+00  2.15597773e-10  2.02231977e+00 
 2.15697773e-10  2.03628818e+00  2.15697773e-10  2.03621040e+00 
 2.15797773e-10  2.05404565e+00  2.15797773e-10  2.05396839e+00 
 2.15897773e-10  2.07561531e+00  2.15897773e-10  2.07553847e+00 
 2.15997773e-10  2.10093043e+00  2.15997773e-10  2.10085391e+00 
 2.16097773e-10  2.12991303e+00  2.16097773e-10  2.12983675e+00 
 2.16197773e-10  2.16247411e+00  2.16197773e-10  2.16239796e+00 
 2.16297773e-10  2.19851386e+00  2.16297773e-10  2.19843775e+00 
 2.16397773e-10  2.23792201e+00  2.16397773e-10  2.23784584e+00 
 2.16497773e-10  2.28057806e+00  2.16497773e-10  2.28050173e+00 
 2.16597773e-10  2.32635170e+00  2.16597773e-10  2.32627512e+00 
 2.16697773e-10  2.37510313e+00  2.16697773e-10  2.37502620e+00 
 2.16797773e-10  2.42668350e+00  2.16797773e-10  2.42660612e+00 
 2.16897773e-10  2.48093528e+00  2.16897773e-10  2.48085736e+00 
 2.16997773e-10  2.53769279e+00  2.16997773e-10  2.53761424e+00 
 2.17097773e-10  2.59678261e+00  2.17097773e-10  2.59670335e+00 
 2.17197773e-10  2.65802414e+00  2.17197773e-10  2.65794408e+00 
 2.17297773e-10  2.72123010e+00  2.17297773e-10  2.72114916e+00 
 2.17397773e-10  2.78620710e+00  2.17397773e-10  2.78612520e+00 
 2.17497773e-10  2.85275622e+00  2.17497773e-10  2.85267328e+00 
 2.17597773e-10  2.92067356e+00  2.17597773e-10  2.92058952e+00 
 2.17697773e-10  2.98975092e+00  2.17697773e-10  2.98966571e+00 
 2.17797773e-10  3.05977640e+00  2.17797773e-10  3.05968995e+00 
 2.17897773e-10  3.13053501e+00  2.17897773e-10  3.13044727e+00 
 2.17997773e-10  3.20180938e+00  2.17997773e-10  3.20172031e+00 
 2.18097773e-10  3.27338041e+00  2.18097773e-10  3.27328995e+00 
 2.18197773e-10  3.34502792e+00  2.18197773e-10  3.34493604e+00 
 2.18297773e-10  3.41653137e+00  2.18297773e-10  3.41643802e+00 
 2.18397773e-10  3.48767050e+00  2.18397773e-10  3.48757565e+00 
 2.18497773e-10  3.55822605e+00  2.18497773e-10  3.55812968e+00 
 2.18597773e-10  3.62798044e+00  2.18597773e-10  3.62788251e+00 
 2.18697773e-10  3.69671841e+00  2.18697773e-10  3.69661892e+00 
 2.18797773e-10  3.76422777e+00  2.18797773e-10  3.76412668e+00 
 2.18897773e-10  3.83029997e+00  2.18897773e-10  3.83019730e+00 
 2.18997773e-10  3.89473086e+00  2.18997773e-10  3.89462659e+00 
 2.19097773e-10  3.95732126e+00  2.19097773e-10  3.95721539e+00 
 2.19197773e-10  4.01787760e+00  2.19197773e-10  4.01777013e+00 
 2.19297773e-10  4.07621255e+00  2.19297773e-10  4.07610350e+00 
 2.19397773e-10  4.13214563e+00  2.19397773e-10  4.13203500e+00 
 2.19497773e-10  4.18550373e+00  2.19497773e-10  4.18539153e+00 
 2.19597773e-10  4.23612170e+00  2.19597773e-10  4.23600796e+00 
 2.19697773e-10  4.28384285e+00  2.19697773e-10  4.28372760e+00 
 2.19797773e-10  4.32851949e+00  2.19797773e-10  4.32840275e+00 
 2.19897773e-10  4.37001334e+00  2.19897773e-10  4.36989515e+00 
 2.19997773e-10  4.40819601e+00  2.19997773e-10  4.40807641e+00 
 2.20097773e-10  4.44294941e+00  2.20097773e-10  4.44282844e+00 
 2.20197773e-10  4.47416611e+00  2.20197773e-10  4.47404381e+00 
 2.20297773e-10  4.50174968e+00  2.20297773e-10  4.50162611e+00 
 2.20397773e-10  4.52561501e+00  2.20397773e-10  4.52549021e+00 
 2.20497773e-10  4.54568858e+00  2.20497773e-10  4.54556262e+00 
 2.20597773e-10  4.56190869e+00  2.20597773e-10  4.56178162e+00 
 2.20697773e-10  4.57422565e+00  2.20697773e-10  4.57409753e+00 
 2.20797773e-10  4.58260195e+00  2.20797773e-10  4.58247286e+00 
 2.20897773e-10  4.58701238e+00  2.20897773e-10  4.58688238e+00 
 2.20997773e-10  4.58744409e+00  2.20997773e-10  4.58731326e+00 
 2.21097773e-10  4.58389667e+00  2.21097773e-10  4.58376508e+00 
 2.21197773e-10  4.57638209e+00  2.21197773e-10  4.57624982e+00 
 2.21297773e-10  4.56492473e+00  2.21297773e-10  4.56479186e+00 
 2.21397773e-10  4.54956125e+00  2.21397773e-10  4.54942786e+00 
 2.21497773e-10  4.53034048e+00  2.21497773e-10  4.53020665e+00 
 2.21597773e-10  4.50732330e+00  2.21597773e-10  4.50718911e+00 
 2.21697773e-10  4.48058239e+00  2.21697773e-10  4.48044792e+00 
 2.21797773e-10  4.45020203e+00  2.21797773e-10  4.45006737e+00 
 2.21897773e-10  4.41627782e+00  2.21897773e-10  4.41614307e+00 
 2.21997773e-10  4.37891640e+00  2.21997773e-10  4.37878163e+00 
 2.22097773e-10  4.33823505e+00  2.22097773e-10  4.33810035e+00 
 2.22197773e-10  4.29436137e+00  2.22197773e-10  4.29422681e+00 
 2.22297773e-10  4.24743284e+00  2.22297773e-10  4.24729852e+00 
 2.22397773e-10  4.19759640e+00  2.22397773e-10  4.19746239e+00 
 2.22497773e-10  4.14500796e+00  2.22497773e-10  4.14487434e+00 
 2.22597773e-10  4.08983191e+00  2.22597773e-10  4.08969877e+00 
 2.22697773e-10  4.03224061e+00  2.22697773e-10  4.03210803e+00 
 2.22797773e-10  3.97241382e+00  2.22797773e-10  3.97228188e+00 
 2.22897773e-10  3.91053813e+00  2.22897773e-10  3.91040690e+00 
 2.22997773e-10  3.84680639e+00  2.22997773e-10  3.84667594e+00 
 2.23097773e-10  3.78141705e+00  2.23097773e-10  3.78128745e+00 
 2.23197773e-10  3.71457356e+00  2.23197773e-10  3.71444488e+00 
 2.23297773e-10  3.64648373e+00  2.23297773e-10  3.64635604e+00 
 2.23397773e-10  3.57735906e+00  2.23397773e-10  3.57723242e+00 
 2.23497773e-10  3.50741406e+00  2.23497773e-10  3.50728853e+00 
 2.23597773e-10  3.43686559e+00  2.23597773e-10  3.43674122e+00 
 2.23697773e-10  3.36593216e+00  2.23697773e-10  3.36580901e+00 
 2.23797773e-10  3.29483325e+00  2.23797773e-10  3.29471137e+00 
 2.23897773e-10  3.22378863e+00  2.23897773e-10  3.22366806e+00 
 2.23997773e-10  3.15301764e+00  2.23997773e-10  3.15289842e+00 
 2.24097773e-10  3.08273854e+00  2.24097773e-10  3.08262072e+00 
 2.24197773e-10  3.01316781e+00  2.24197773e-10  3.01305142e+00 
 2.24297773e-10  2.94451947e+00  2.24297773e-10  2.94440453e+00 
 2.24397773e-10  2.87700443e+00  2.24397773e-10  2.87689098e+00 
 2.24497773e-10  2.81082983e+00  2.24497773e-10  2.81071789e+00 
 2.24597773e-10  2.74619842e+00  2.24597773e-10  2.74608801e+00 
 2.24697773e-10  2.68330792e+00  2.24697773e-10  2.68319904e+00 
 2.24797773e-10  2.62235040e+00  2.24797773e-10  2.62224307e+00 
 2.24897773e-10  2.56351177e+00  2.24897773e-10  2.56340599e+00 
 2.24997773e-10  2.50697112e+00  2.24997773e-10  2.50686690e+00 
 2.25097773e-10  2.45290028e+00  2.25097773e-10  2.45279761e+00 
 2.25197773e-10  2.40146325e+00  2.25197773e-10  2.40136212e+00 
 2.25297773e-10  2.35281573e+00  2.25297773e-10  2.35271612e+00 
 2.25397773e-10  2.30710467e+00  2.25397773e-10  2.30700657e+00 
 2.25497773e-10  2.26446785e+00  2.25497773e-10  2.26437124e+00 
 2.25597773e-10  2.22503348e+00  2.25597773e-10  2.22493832e+00 
 2.25697773e-10  2.18891983e+00  2.25697773e-10  2.18882610e+00 
 2.25797773e-10  2.15623492e+00  2.25797773e-10  2.15614258e+00 
 2.25897773e-10  2.12707619e+00  2.25897773e-10  2.12698519e+00 
 2.25997773e-10  2.10153027e+00  2.25997773e-10  2.10144057e+00 
 2.26097773e-10  2.07967271e+00  2.26097773e-10  2.07958427e+00 
 2.26197773e-10  2.06156785e+00  2.26197773e-10  2.06148060e+00 
 2.26297773e-10  2.04726855e+00  2.26297773e-10  2.04718243e+00 
 2.26397773e-10  2.03681616e+00  2.26397773e-10  2.03673112e+00 
 2.26497773e-10  2.03024036e+00  2.26497773e-10  2.03015632e+00 
 2.26597773e-10  2.02755912e+00  2.26597773e-10  2.02747602e+00 
 2.26697773e-10  2.02877867e+00  2.26697773e-10  2.02869642e+00 
 2.26797773e-10  2.03389347e+00  2.26797773e-10  2.03381200e+00 
 2.26897773e-10  2.04288627e+00  2.26897773e-10  2.04280549e+00 
 2.26997773e-10  2.05572815e+00  2.26997773e-10  2.05564798e+00 
 2.27097773e-10  2.07237865e+00  2.27097773e-10  2.07229900e+00 
 2.27197773e-10  2.09278583e+00  2.27197773e-10  2.09270661e+00 
 2.27297773e-10  2.11688648e+00  2.27297773e-10  2.11680761e+00 
 2.27397773e-10  2.14460630e+00  2.27397773e-10  2.14452766e+00 
 2.27497773e-10  2.17586005e+00  2.27497773e-10  2.17578157e+00 
 2.27597773e-10  2.21055189e+00  2.27597773e-10  2.21047346e+00 
 2.27697773e-10  2.24857558e+00  2.27697773e-10  2.24849710e+00 
 2.27797773e-10  2.28981480e+00  2.27797773e-10  2.28973618e+00 
 2.27897773e-10  2.33414350e+00  2.27897773e-10  2.33406465e+00 
 2.27997773e-10  2.38142625e+00  2.27997773e-10  2.38134707e+00 
 2.28097773e-10  2.43151861e+00  2.28097773e-10  2.43143901e+00 
 2.28197773e-10  2.48426758e+00  2.28197773e-10  2.48418746e+00 
 2.28297773e-10  2.53951201e+00  2.28297773e-10  2.53943129e+00 
 2.28397773e-10  2.59708308e+00  2.28397773e-10  2.59700167e+00 
 2.28497773e-10  2.65680481e+00  2.28497773e-10  2.65672261e+00 
 2.28597773e-10  2.71849454e+00  2.28597773e-10  2.71841149e+00 
 2.28697773e-10  2.78196351e+00  2.28697773e-10  2.78187952e+00 
 2.28797773e-10  2.84701739e+00  2.28797773e-10  2.84693239e+00 
 2.28897773e-10  2.91345690e+00  2.28897773e-10  2.91337082e+00 
 2.28997773e-10  2.98107835e+00  2.28997773e-10  2.98099112e+00 
 2.29097773e-10  3.04967431e+00  2.29097773e-10  3.04958588e+00 
 2.29197773e-10  3.11903422e+00  2.29197773e-10  3.11894452e+00 
 2.29297773e-10  3.18894502e+00  2.29297773e-10  3.18885401e+00 
 2.29397773e-10  3.25919181e+00  2.29397773e-10  3.25909944e+00 
 2.29497773e-10  3.32955854e+00  2.29497773e-10  3.32946476e+00 
 2.29597773e-10  3.39982862e+00  2.29597773e-10  3.39973340e+00 
 2.29697773e-10  3.46978564e+00  2.29697773e-10  3.46968894e+00 
 2.29797773e-10  3.53921401e+00  2.29797773e-10  3.53911581e+00 
 2.29897773e-10  3.60789967e+00  2.29897773e-10  3.60779993e+00 
 2.29997773e-10  3.67563070e+00  2.29997773e-10  3.67552941e+00 
 2.30097773e-10  3.74219804e+00  2.30097773e-10  3.74209519e+00 
 2.30197773e-10  3.80739613e+00  2.30197773e-10  3.80729170e+00 
 2.30297773e-10  3.87102352e+00  2.30297773e-10  3.87091751e+00 
 2.30397773e-10  3.93288357e+00  2.30397773e-10  3.93277598e+00 
 2.30497773e-10  3.99278501e+00  2.30497773e-10  3.99267583e+00 
 2.30597773e-10  4.05054258e+00  2.30597773e-10  4.05043183e+00 
 2.30697773e-10  4.10597760e+00  2.30697773e-10  4.10586528e+00 
 2.30797773e-10  4.15891854e+00  2.30797773e-10  4.15880468e+00 
 2.30897773e-10  4.20920158e+00  2.30897773e-10  4.20908619e+00 
 2.30997773e-10  4.25667110e+00  2.30997773e-10  4.25655421e+00 
 2.31097773e-10  4.30118020e+00  2.31097773e-10  4.30106183e+00 
 2.31197773e-10  4.34259115e+00  2.31197773e-10  4.34247133e+00 
 2.31297773e-10  4.38077582e+00  2.31297773e-10  4.38065461e+00 
 2.31397773e-10  4.41561614e+00  2.31397773e-10  4.41549356e+00 
 2.31497773e-10  4.44700442e+00  2.31497773e-10  4.44688051e+00 
 2.31597773e-10  4.47484368e+00  2.31597773e-10  4.47471850e+00 
 2.31697773e-10  4.49904805e+00  2.31697773e-10  4.49892165e+00 
 2.31797773e-10  4.51954293e+00  2.31797773e-10  4.51941537e+00 
 2.31897773e-10  4.53626532e+00  2.31897773e-10  4.53613665e+00 
 2.31997773e-10  4.54916396e+00  2.31997773e-10  4.54903425e+00 
 2.32097773e-10  4.55819952e+00  2.32097773e-10  4.55806883e+00 
 2.32197773e-10  4.56334473e+00  2.32197773e-10  4.56321313e+00 
 2.32297773e-10  4.56458443e+00  2.32297773e-10  4.56445199e+00 
 2.32397773e-10  4.56191568e+00  2.32397773e-10  4.56178247e+00 
 2.32497773e-10  4.55534770e+00  2.32497773e-10  4.55521381e+00 
 2.32597773e-10  4.54490189e+00  2.32597773e-10  4.54476739e+00 
 2.32697773e-10  4.53061175e+00  2.32697773e-10  4.53047672e+00 
 2.32797773e-10  4.51252274e+00  2.32797773e-10  4.51238726e+00 
 2.32897773e-10  4.49069219e+00  2.32897773e-10  4.49055633e+00 
 2.32997773e-10  4.46518905e+00  2.32997773e-10  4.46505291e+00 
 2.33097773e-10  4.43609372e+00  2.33097773e-10  4.43595738e+00 
 2.33197773e-10  4.40349780e+00  2.33197773e-10  4.40336134e+00 
 2.33297773e-10  4.36750372e+00  2.33297773e-10  4.36736723e+00 
 2.33397773e-10  4.32822451e+00  2.33397773e-10  4.32808806e+00 
 2.33497773e-10  4.28578336e+00  2.33497773e-10  4.28564705e+00 
 2.33597773e-10  4.24031328e+00  2.33597773e-10  4.24017718e+00 
 2.33697773e-10  4.19195663e+00  2.33697773e-10  4.19182083e+00 
 2.33797773e-10  4.14086470e+00  2.33797773e-10  4.14072928e+00 
 2.33897773e-10  4.08719722e+00  2.33897773e-10  4.08706226e+00 
 2.33997773e-10  4.03112182e+00  2.33997773e-10  4.03098740e+00 
 2.34097773e-10  3.97281355e+00  2.34097773e-10  3.97267973e+00 
 2.34197773e-10  3.91245425e+00  2.34197773e-10  3.91232112e+00 
 2.34297773e-10  3.85023205e+00  2.34297773e-10  3.85009968e+00 
 2.34397773e-10  3.78634071e+00  2.34397773e-10  3.78620917e+00 
 2.34497773e-10  3.72097903e+00  2.34497773e-10  3.72084840e+00 
 2.34597773e-10  3.65435023e+00  2.34597773e-10  3.65422056e+00 
 2.34697773e-10  3.58666127e+00  2.34697773e-10  3.58653262e+00 
 2.34797773e-10  3.51812223e+00  2.34797773e-10  3.51799467e+00 
 2.34897773e-10  3.44894562e+00  2.34897773e-10  3.44881920e+00 
 2.34997773e-10  3.37934574e+00  2.34997773e-10  3.37922052e+00 
 2.35097773e-10  3.30953797e+00  2.35097773e-10  3.30941399e+00 
 2.35197773e-10  3.23973811e+00  2.35197773e-10  3.23961541e+00 
 2.35297773e-10  3.17016170e+00  2.35297773e-10  3.17004034e+00 
 2.35397773e-10  3.10102335e+00  2.35397773e-10  3.10090336e+00 
 2.35497773e-10  3.03253608e+00  2.35497773e-10  3.03241750e+00 
 2.35597773e-10  2.96491062e+00  2.35597773e-10  2.96479348e+00 
 2.35697773e-10  2.89835480e+00  2.35697773e-10  2.89823912e+00 
 2.35797773e-10  2.83307287e+00  2.35797773e-10  2.83295868e+00 
 2.35897773e-10  2.76926492e+00  2.35897773e-10  2.76915224e+00 
 2.35997773e-10  2.70712621e+00  2.35997773e-10  2.70701505e+00 
 2.36097773e-10  2.64684662e+00  2.36097773e-10  2.64673698e+00 
 2.36197773e-10  2.58861003e+00  2.36197773e-10  2.58850193e+00 
 2.36297773e-10  2.53259383e+00  2.36297773e-10  2.53248726e+00 
 2.36397773e-10  2.47896832e+00  2.36397773e-10  2.47886329e+00 
 2.36497773e-10  2.42789624e+00  2.36497773e-10  2.42779273e+00 
 2.36597773e-10  2.37953230e+00  2.36597773e-10  2.37943030e+00 
 2.36697773e-10  2.33402269e+00  2.36697773e-10  2.33392219e+00 
 2.36797773e-10  2.29150469e+00  2.36797773e-10  2.29140566e+00 
 2.36897773e-10  2.25210626e+00  2.36897773e-10  2.25200868e+00 
 2.36997773e-10  2.21594568e+00  2.36997773e-10  2.21584951e+00 
 2.37097773e-10  2.18313120e+00  2.37097773e-10  2.18303641e+00 
 2.37197773e-10  2.15376078e+00  2.37197773e-10  2.15366732e+00 
 2.37297773e-10  2.12792178e+00  2.37297773e-10  2.12782962e+00 
 2.37397773e-10  2.10569076e+00  2.37397773e-10  2.10559985e+00 
 2.37497773e-10  2.08713325e+00  2.37497773e-10  2.08704353e+00 
 2.37597773e-10  2.07230360e+00  2.37597773e-10  2.07221500e+00 
 2.37697773e-10  2.06124481e+00  2.37697773e-10  2.06115728e+00 
 2.37797773e-10  2.05398847e+00  2.37797773e-10  2.05390195e+00 
 2.37897773e-10  2.05055468e+00  2.37897773e-10  2.05046909e+00 
 2.37997773e-10  2.05095197e+00  2.37997773e-10  2.05086724e+00 
 2.38097773e-10  2.05517734e+00  2.38097773e-10  2.05509339e+00 
 2.38197773e-10  2.06321625e+00  2.38197773e-10  2.06313300e+00 
 2.38297773e-10  2.07504269e+00  2.38297773e-10  2.07496005e+00 
 2.38397773e-10  2.09061927e+00  2.38397773e-10  2.09053716e+00 
 2.38497773e-10  2.10989730e+00  2.38497773e-10  2.10981563e+00 
 2.38597773e-10  2.13281699e+00  2.38597773e-10  2.13273567e+00 
 2.38697773e-10  2.15930757e+00  2.38697773e-10  2.15922651e+00 
 2.38797773e-10  2.18928755e+00  2.38797773e-10  2.18920664e+00 
 2.38897773e-10  2.22266488e+00  2.38897773e-10  2.22258405e+00 
 2.38997773e-10  2.25933730e+00  2.38997773e-10  2.25925644e+00 
 2.39097773e-10  2.29919257e+00  2.39097773e-10  2.29911158e+00 
 2.39197773e-10  2.34210879e+00  2.39197773e-10  2.34202759e+00 
 2.39297773e-10  2.38795479e+00  2.39297773e-10  2.38787328e+00 
 2.39397773e-10  2.43659049e+00  2.39397773e-10  2.43650858e+00 
 2.39497773e-10  2.48786728e+00  2.39497773e-10  2.48778487e+00 
 2.39597773e-10  2.54162846e+00  2.39597773e-10  2.54154547e+00 
 2.39697773e-10  2.59770973e+00  2.39697773e-10  2.59762607e+00 
 2.39797773e-10  2.65593961e+00  2.39797773e-10  2.65585520e+00 
 2.39897773e-10  2.71614001e+00  2.39897773e-10  2.71605477e+00 
 2.39997773e-10  2.77812670e+00  2.39997773e-10  2.77804055e+00 
 2.40097773e-10  2.84170990e+00  2.40097773e-10  2.84162275e+00 
 2.40197773e-10  2.90669479e+00  2.40197773e-10  2.90660660e+00 
 2.40297773e-10  2.97288219e+00  2.40297773e-10  2.97279287e+00 
 2.40397773e-10  3.04006905e+00  2.40397773e-10  3.03997855e+00 
 2.40497773e-10  3.10804915e+00  2.40497773e-10  3.10795741e+00 
 2.40597773e-10  3.17661370e+00  2.40597773e-10  3.17652067e+00 
 2.40697773e-10  3.24555197e+00  2.40697773e-10  3.24545759e+00 
 2.40797773e-10  3.31465193e+00  2.40797773e-10  3.31455617e+00 
 2.40897773e-10  3.38370094e+00  2.40897773e-10  3.38360376e+00 
 2.40997773e-10  3.45248637e+00  2.40997773e-10  3.45238773e+00 
 2.41097773e-10  3.52079630e+00  2.41097773e-10  3.52069617e+00 
 2.41197773e-10  3.58842012e+00  2.41197773e-10  3.58831849e+00 
 2.41297773e-10  3.65514925e+00  2.41297773e-10  3.65504609e+00 
 2.41397773e-10  3.72077776e+00  2.41397773e-10  3.72067305e+00 
 2.41497773e-10  3.78510302e+00  2.41497773e-10  3.78499674e+00 
 2.41597773e-10  3.84792631e+00  2.41597773e-10  3.84781847e+00 
 2.41697773e-10  3.90905352e+00  2.41697773e-10  3.90894412e+00 
 2.41797773e-10  3.96829569e+00  2.41797773e-10  3.96818471e+00 
 2.41897773e-10  4.02546962e+00  2.41897773e-10  4.02535708e+00 
 2.41997773e-10  4.08039848e+00  2.41997773e-10  4.08028439e+00 
 2.42097773e-10  4.13291233e+00  2.42097773e-10  4.13279672e+00 
 2.42197773e-10  4.18284872e+00  2.42197773e-10  4.18273158e+00 
 2.42297773e-10  4.23005311e+00  2.42297773e-10  4.22993447e+00 
 2.42397773e-10  4.27437944e+00  2.42397773e-10  4.27425934e+00 
 2.42497773e-10  4.31569058e+00  2.42497773e-10  4.31556905e+00 
 2.42597773e-10  4.35385874e+00  2.42597773e-10  4.35373580e+00 
 2.42697773e-10  4.38876588e+00  2.42697773e-10  4.38864159e+00 
 2.42797773e-10  4.42030413e+00  2.42797773e-10  4.42017852e+00 
 2.42897773e-10  4.44837606e+00  2.42897773e-10  4.44824918e+00 
 2.42997773e-10  4.47289506e+00  2.42997773e-10  4.47276696e+00 
 2.43097773e-10  4.49378557e+00  2.43097773e-10  4.49365631e+00 
 2.43197773e-10  4.51098335e+00  2.43197773e-10  4.51085298e+00 
 2.43297773e-10  4.52443565e+00  2.43297773e-10  4.52430424e+00 
 2.43397773e-10  4.53410141e+00  2.43397773e-10  4.53396902e+00 
 2.43497773e-10  4.53995139e+00  2.43497773e-10  4.53981809e+00 
 2.43597773e-10  4.54196823e+00  2.43597773e-10  4.54183409e+00 
 2.43697773e-10  4.54014654e+00  2.43697773e-10  4.54001163e+00 
 2.43797773e-10  4.53449290e+00  2.43797773e-10  4.53435729e+00 
 2.43897773e-10  4.52502584e+00  2.43897773e-10  4.52488962e+00 
 2.43997773e-10  4.51177578e+00  2.43997773e-10  4.51163902e+00 
 2.44097773e-10  4.49478494e+00  2.44097773e-10  4.49464771e+00 
 2.44197773e-10  4.47410717e+00  2.44197773e-10  4.47396956e+00 
 2.44297773e-10  4.44980783e+00  2.44297773e-10  4.44966993e+00 
 2.44397773e-10  4.42196356e+00  2.44397773e-10  4.42182544e+00 
 2.44497773e-10  4.39066200e+00  2.44497773e-10  4.39052375e+00 
 2.44597773e-10  4.35600156e+00  2.44597773e-10  4.35586325e+00 
 2.44697773e-10  4.31809106e+00  2.44697773e-10  4.31795279e+00 
 2.44797773e-10  4.27704943e+00  2.44797773e-10  4.27691127e+00 
 2.44897773e-10  4.23300528e+00  2.44897773e-10  4.23286732e+00 
 2.44997773e-10  4.18609652e+00  2.44997773e-10  4.18595884e+00 
 2.45097773e-10  4.13646992e+00  2.45097773e-10  4.13633260e+00 
 2.45197773e-10  4.08428061e+00  2.45197773e-10  4.08414373e+00 
 2.45297773e-10  4.02969163e+00  2.45297773e-10  4.02955526e+00 
 2.45397773e-10  3.97287336e+00  2.45397773e-10  3.97273759e+00 
 2.45497773e-10  3.91400303e+00  2.45497773e-10  3.91386793e+00 
 2.45597773e-10  3.85326412e+00  2.45597773e-10  3.85312975e+00 
 2.45697773e-10  3.79084578e+00  2.45697773e-10  3.79071222e+00 
 2.45797773e-10  3.72694224e+00  2.45797773e-10  3.72680955e+00 
 2.45897773e-10  3.66175217e+00  2.45897773e-10  3.66162043e+00 
 2.45997773e-10  3.59547811e+00  2.45997773e-10  3.59534737e+00 
 2.46097773e-10  3.52832574e+00  2.46097773e-10  3.52819607e+00 
 2.46197773e-10  3.46050330e+00  2.46197773e-10  3.46037475e+00 
 2.46297773e-10  3.39222091e+00  2.46297773e-10  3.39209353e+00 
 2.46397773e-10  3.32368990e+00  2.46397773e-10  3.32356374e+00 
 2.46497773e-10  3.25512216e+00  2.46497773e-10  3.25499727e+00 
 2.46597773e-10  3.18672945e+00  2.46597773e-10  3.18660587e+00 
 2.46697773e-10  3.11872279e+00  2.46697773e-10  3.11860056e+00 
 2.46797773e-10  3.05131172e+00  2.46797773e-10  3.05119087e+00 
 2.46897773e-10  2.98470373e+00  2.46897773e-10  2.98458430e+00 
 2.46997773e-10  2.91910357e+00  2.46997773e-10  2.91898559e+00 
 2.47097773e-10  2.85471263e+00  2.47097773e-10  2.85459611e+00 
 2.47197773e-10  2.79172831e+00  2.47197773e-10  2.79161328e+00 
 2.47297773e-10  2.73034343e+00  2.47297773e-10  2.73022990e+00 
 2.47397773e-10  2.67074563e+00  2.47397773e-10  2.67063361e+00 
 2.47497773e-10  2.61311681e+00  2.47497773e-10  2.61300630e+00 
 2.47597773e-10  2.55763256e+00  2.47597773e-10  2.55752358e+00 
 2.47697773e-10  2.50446168e+00  2.47697773e-10  2.50435421e+00 
 2.47797773e-10  2.45376561e+00  2.47797773e-10  2.45365965e+00 
 2.47897773e-10  2.40569801e+00  2.47897773e-10  2.40559354e+00 
 2.47997773e-10  2.36040427e+00  2.47997773e-10  2.36030129e+00 
 2.48097773e-10  2.31802114e+00  2.48097773e-10  2.31791961e+00 
 2.48197773e-10  2.27867626e+00  2.48197773e-10  2.27857616e+00 
 2.48297773e-10  2.24248784e+00  2.48297773e-10  2.24238916e+00 
 2.48397773e-10  2.20956436e+00  2.48397773e-10  2.20946704e+00 
 2.48497773e-10  2.18000419e+00  2.48497773e-10  2.17990820e+00 
 2.48597773e-10  2.15389537e+00  2.48597773e-10  2.15380067e+00 
 2.48697773e-10  2.13131537e+00  2.48697773e-10  2.13122190e+00 
 2.48797773e-10  2.11233087e+00  2.48797773e-10  2.11223859e+00 
 2.48897773e-10  2.09699758e+00  2.48897773e-10  2.09690643e+00 
 2.48997773e-10  2.08536013e+00  2.48997773e-10  2.08527004e+00 
 2.49097773e-10  2.07745192e+00  2.49097773e-10  2.07736283e+00 
 2.49197773e-10  2.07329505e+00  2.49197773e-10  2.07320689e+00 
 2.49297773e-10  2.07290032e+00  2.49297773e-10  2.07281302e+00 
 2.49397773e-10  2.07626714e+00  2.49397773e-10  2.07618063e+00 
 2.49497773e-10  2.08338361e+00  2.49497773e-10  2.08329780e+00 
 2.49597773e-10  2.09422653e+00  2.49597773e-10  2.09414134e+00 
 2.49697773e-10  2.10876148e+00  2.49697773e-10  2.10867683e+00 
 2.49797773e-10  2.12694295e+00  2.49797773e-10  2.12685875e+00 
 2.49897773e-10  2.14871445e+00  2.49897773e-10  2.14863060e+00 
 2.49997773e-10  2.17400867e+00  2.49997773e-10  2.17392510e+00 
 2.50097773e-10  2.20274773e+00  2.50097773e-10  2.20266433e+00 
 2.50197773e-10  2.23484333e+00  2.50197773e-10  2.23476001e+00 
 2.50297773e-10  2.27019706e+00  2.50297773e-10  2.27011373e+00 
 2.50397773e-10  2.30870064e+00  2.50397773e-10  2.30861721e+00 
 2.50497773e-10  2.35023628e+00  2.50497773e-10  2.35015265e+00 
 2.50597773e-10  2.39467696e+00  2.50597773e-10  2.39459303e+00 
 2.50697773e-10  2.44188683e+00  2.50697773e-10  2.44180252e+00 
 2.50797773e-10  2.49172159e+00  2.50797773e-10  2.49163681e+00 
 2.50897773e-10  2.54402894e+00  2.50897773e-10  2.54394360e+00 
 2.50997773e-10  2.59864897e+00  2.50997773e-10  2.59856298e+00 
 2.51097773e-10  2.65541464e+00  2.51097773e-10  2.65532792e+00 
 2.51197773e-10  2.71415232e+00  2.51197773e-10  2.71406479e+00 
 2.51297773e-10  2.77468224e+00  2.51297773e-10  2.77459382e+00 
 2.51397773e-10  2.83681906e+00  2.51397773e-10  2.83672968e+00 
 2.51497773e-10  2.90037242e+00  2.51497773e-10  2.90028200e+00 
 2.51597773e-10  2.96514748e+00  2.51597773e-10  2.96505598e+00 
 2.51697773e-10  3.03094558e+00  2.51697773e-10  3.03085291e+00 
 2.51797773e-10  3.09756475e+00  2.51797773e-10  3.09747086e+00 
 2.51897773e-10  3.16480039e+00  2.51897773e-10  3.16470524e+00 
 2.51997773e-10  3.23244588e+00  2.51997773e-10  3.23234941e+00 
 2.52097773e-10  3.30029320e+00  2.52097773e-10  3.30019537e+00 
 2.52197773e-10  3.36813359e+00  2.52197773e-10  3.36803435e+00 
 2.52297773e-10  3.43575818e+00  2.52297773e-10  3.43565750e+00 
 2.52397773e-10  3.50295863e+00  2.52397773e-10  3.50285649e+00 
 2.52497773e-10  3.56952781e+00  2.52497773e-10  3.56942418e+00 
 2.52597773e-10  3.63526042e+00  2.52597773e-10  3.63515528e+00 
 2.52697773e-10  3.69995364e+00  2.52697773e-10  3.69984697e+00 
 2.52797773e-10  3.76340777e+00  2.52797773e-10  3.76329955e+00 
 2.52897773e-10  3.82542683e+00  2.52897773e-10  3.82531706e+00 
 2.52997773e-10  3.88581921e+00  2.52997773e-10  3.88570789e+00 
 2.53097773e-10  3.94439825e+00  2.53097773e-10  3.94428538e+00 
 2.53197773e-10  4.00098287e+00  2.53197773e-10  4.00086845e+00 
 2.53297773e-10  4.05539807e+00  2.53297773e-10  4.05528211e+00 
 2.53397773e-10  4.10747554e+00  2.53397773e-10  4.10735807e+00 
 2.53497773e-10  4.15705420e+00  2.53497773e-10  4.15693522e+00 
 2.53597773e-10  4.20398065e+00  2.53597773e-10  4.20386018e+00 
 2.53697773e-10  4.24810972e+00  2.53697773e-10  4.24798780e+00 
 2.53797773e-10  4.28930490e+00  2.53797773e-10  4.28918155e+00 
 2.53897773e-10  4.32743877e+00  2.53897773e-10  4.32731403e+00 
 2.53997773e-10  4.36239344e+00  2.53997773e-10  4.36226734e+00 
 2.54097773e-10  4.39406086e+00  2.54097773e-10  4.39393345e+00 
 2.54197773e-10  4.42234324e+00  2.54197773e-10  4.42221456e+00 
 2.54297773e-10  4.44715330e+00  2.54297773e-10  4.44702341e+00 
 2.54397773e-10  4.46841458e+00  2.54397773e-10  4.46828353e+00 
 2.54497773e-10  4.48606169e+00  2.54497773e-10  4.48592953e+00 
 2.54597773e-10  4.50004047e+00  2.54597773e-10  4.49990727e+00 
 2.54697773e-10  4.51030823e+00  2.54697773e-10  4.51017405e+00 
 2.54797773e-10  4.51683382e+00  2.54797773e-10  4.51669873e+00 
 2.54897773e-10  4.51959779e+00  2.54897773e-10  4.51946185e+00 
 2.54997773e-10  4.51859240e+00  2.54997773e-10  4.51845568e+00 
 2.55097773e-10  4.51382167e+00  2.55097773e-10  4.51368424e+00 
 2.55197773e-10  4.50530135e+00  2.55197773e-10  4.50516330e+00 
 2.55297773e-10  4.49305891e+00  2.55297773e-10  4.49292032e+00 
 2.55397773e-10  4.47713340e+00  2.55397773e-10  4.47699433e+00 
 2.55497773e-10  4.45757535e+00  2.55497773e-10  4.45743588e+00 
 2.55597773e-10  4.43444658e+00  2.55597773e-10  4.43430681e+00 
 2.55697773e-10  4.40782008e+00  2.55697773e-10  4.40768008e+00 
 2.55797773e-10  4.37777966e+00  2.55797773e-10  4.37763951e+00 
 2.55897773e-10  4.34441979e+00  2.55897773e-10  4.34427957e+00 
 2.55997773e-10  4.30784521e+00  2.55997773e-10  4.30770501e+00 
 2.56097773e-10  4.26817066e+00  2.56097773e-10  4.26803057e+00 
 2.56197773e-10  4.22552049e+00  2.56197773e-10  4.22538057e+00 
 2.56297773e-10  4.18002823e+00  2.56297773e-10  4.17988858e+00 
 2.56397773e-10  4.13183623e+00  2.56397773e-10  4.13169692e+00 
 2.56497773e-10  4.08109514e+00  2.56497773e-10  4.08095625e+00 
 2.56597773e-10  4.02796347e+00  2.56597773e-10  4.02782507e+00 
 2.56697773e-10  3.97260707e+00  2.56697773e-10  3.97246925e+00 
 2.56797773e-10  3.91519860e+00  2.56797773e-10  3.91506142e+00 
 2.56897773e-10  3.85591700e+00  2.56897773e-10  3.85578053e+00 
 2.56997773e-10  3.79494687e+00  2.56997773e-10  3.79481119e+00 
 2.57097773e-10  3.73247794e+00  2.57097773e-10  3.73234313e+00 
 2.57197773e-10  3.66870447e+00  2.57197773e-10  3.66857057e+00 
 2.57297773e-10  3.60382456e+00  2.57297773e-10  3.60369164e+00 
 2.57397773e-10  3.53803960e+00  2.57397773e-10  3.53790773e+00 
 2.57497773e-10  3.47155362e+00  2.57497773e-10  3.47142284e+00 
 2.57597773e-10  3.40457260e+00  2.57597773e-10  3.40444297e+00 
 2.57697773e-10  3.33730387e+00  2.57697773e-10  3.33717544e+00 
 2.57797773e-10  3.26995545e+00  2.57797773e-10  3.26982827e+00 
 2.57897773e-10  3.20273537e+00  2.57897773e-10  3.20260948e+00 
 2.57997773e-10  3.13585106e+00  2.57997773e-10  3.13572650e+00 
 2.58097773e-10  3.06950865e+00  2.58097773e-10  3.06938546e+00 
 2.58197773e-10  3.00391239e+00  2.58197773e-10  3.00379059e+00 
 2.58297773e-10  2.93926397e+00  2.58297773e-10  2.93914359e+00 
 2.58397773e-10  2.87576190e+00  2.58397773e-10  2.87564297e+00 
 2.58497773e-10  2.81360093e+00  2.58497773e-10  2.81348347e+00 
 2.58597773e-10  2.75297141e+00  2.58597773e-10  2.75285543e+00 
 2.58697773e-10  2.69405876e+00  2.58697773e-10  2.69394427e+00 
 2.58797773e-10  2.63704285e+00  2.58797773e-10  2.63692986e+00 
 2.58897773e-10  2.58209749e+00  2.58897773e-10  2.58198600e+00 
 2.58997773e-10  2.52938991e+00  2.58997773e-10  2.52927992e+00 
 2.59097773e-10  2.47908024e+00  2.59097773e-10  2.47897175e+00 
 2.59197773e-10  2.43132107e+00  2.59197773e-10  2.43121405e+00 
 2.59297773e-10  2.38625694e+00  2.59297773e-10  2.38615139e+00 
 2.59397773e-10  2.34402399e+00  2.59397773e-10  2.34391989e+00 
 2.59497773e-10  2.30474952e+00  2.59497773e-10  2.30464684e+00 
 2.59597773e-10  2.26855164e+00  2.59597773e-10  2.26845036e+00 
 2.59697773e-10  2.23553895e+00  2.59697773e-10  2.23543902e+00 
 2.59797773e-10  2.20581018e+00  2.59797773e-10  2.20571157e+00 
 2.59897773e-10  2.17945400e+00  2.59897773e-10  2.17935667e+00 
 2.59997773e-10  2.15654871e+00  2.59997773e-10  2.15645261e+00 
 2.60097773e-10  2.13716207e+00  2.60097773e-10  2.13706714e+00 
 2.60197773e-10  2.12135108e+00  2.60197773e-10  2.12125728e+00 
 2.60297773e-10  2.10916190e+00  2.60297773e-10  2.10906916e+00 
 2.60397773e-10  2.10062965e+00  2.60397773e-10  2.10053791e+00 
 2.60497773e-10  2.09577840e+00  2.60497773e-10  2.09568759e+00 
 2.60597773e-10  2.09462108e+00  2.60597773e-10  2.09453113e+00 
 2.60697773e-10  2.09715947e+00  2.60697773e-10  2.09707030e+00 
 2.60797773e-10  2.10338418e+00  2.60797773e-10  2.10329572e+00 
 2.60897773e-10  2.11327474e+00  2.60897773e-10  2.11318691e+00 
 2.60997773e-10  2.12679963e+00  2.60997773e-10  2.12671234e+00 
 2.61097773e-10  2.14391639e+00  2.61097773e-10  2.14382956e+00 
 2.61197773e-10  2.16457176e+00  2.61197773e-10  2.16448530e+00 
 2.61297773e-10  2.18870181e+00  2.61297773e-10  2.18861563e+00 
 2.61397773e-10  2.21623215e+00  2.61397773e-10  2.21614616e+00 
 2.61497773e-10  2.24707814e+00  2.61497773e-10  2.24699225e+00 
 2.61597773e-10  2.28114514e+00  2.61597773e-10  2.28105925e+00 
 2.61697773e-10  2.31832874e+00  2.61697773e-10  2.31824276e+00 
 2.61797773e-10  2.35851513e+00  2.61797773e-10  2.35842897e+00 
 2.61897773e-10  2.40158137e+00  2.61897773e-10  2.40149494e+00 
 2.61997773e-10  2.44739576e+00  2.61997773e-10  2.44730897e+00 
 2.62097773e-10  2.49581823e+00  2.62097773e-10  2.49573099e+00 
 2.62197773e-10  2.54670075e+00  2.62197773e-10  2.54661296e+00 
 2.62297773e-10  2.59988771e+00  2.62297773e-10  2.59979930e+00 
 2.62397773e-10  2.65521646e+00  2.62397773e-10  2.65512734e+00 
 2.62497773e-10  2.71251773e+00  2.62497773e-10  2.71242781e+00 
 2.62597773e-10  2.77161612e+00  2.62597773e-10  2.77152534e+00 
 2.62697773e-10  2.83233067e+00  2.62697773e-10  2.83223896e+00 
 2.62797773e-10  2.89447537e+00  2.62797773e-10  2.89438265e+00 
 2.62897773e-10  2.95785971e+00  2.62897773e-10  2.95776591e+00 
 2.62997773e-10  3.02228928e+00  2.62997773e-10  3.02219435e+00 
 2.63097773e-10  3.08756634e+00  2.63097773e-10  3.08747021e+00 
 2.63197773e-10  3.15349042e+00  2.63197773e-10  3.15339305e+00 
 2.63297773e-10  3.21985895e+00  2.63297773e-10  3.21976028e+00 
 2.63397773e-10  3.28646785e+00  2.63397773e-10  3.28636784e+00 
 2.63497773e-10  3.35311221e+00  2.63497773e-10  3.35301081e+00 
 2.63597773e-10  3.41958685e+00  2.63597773e-10  3.41948404e+00 
 2.63697773e-10  3.48568703e+00  2.63697773e-10  3.48558277e+00 
 2.63797773e-10  3.55120903e+00  2.63797773e-10  3.55110330e+00 
 2.63897773e-10  3.61595082e+00  2.63897773e-10  3.61584359e+00 
 2.63997773e-10  3.67971266e+00  2.63997773e-10  3.67960392e+00 
 2.64097773e-10  3.74229776e+00  2.64097773e-10  3.74218750e+00 
 2.64197773e-10  3.80351287e+00  2.64197773e-10  3.80340107e+00 
 2.64297773e-10  3.86316889e+00  2.64297773e-10  3.86305556e+00 
 2.64397773e-10  3.92108150e+00  2.64397773e-10  3.92096663e+00 
 2.64497773e-10  3.97707166e+00  2.64497773e-10  3.97695526e+00 
 2.64597773e-10  4.03096629e+00  2.64597773e-10  4.03084836e+00 
 2.64697773e-10  4.08259870e+00  2.64697773e-10  4.08247925e+00 
 2.64797773e-10  4.13180920e+00  2.64797773e-10  4.13168826e+00 
 2.64897773e-10  4.17844558e+00  2.64897773e-10  4.17832317e+00 
 2.64997773e-10  4.22236358e+00  2.64997773e-10  4.22223972e+00 
 2.65097773e-10  4.26342736e+00  2.65097773e-10  4.26330208e+00 
 2.65197773e-10  4.30150994e+00  2.65197773e-10  4.30138328e+00 
 2.65297773e-10  4.33649357e+00  2.65297773e-10  4.33636556e+00 
 2.65397773e-10  4.36827015e+00  2.65397773e-10  4.36814084e+00 
 2.65497773e-10  4.39674155e+00  2.65497773e-10  4.39661097e+00 
 2.65597773e-10  4.42181990e+00  2.65597773e-10  4.42168811e+00 
 2.65697773e-10  4.44342792e+00  2.65697773e-10  4.44329497e+00 
 2.65797773e-10  4.46149912e+00  2.65797773e-10  4.46136506e+00 
 2.65897773e-10  4.47597803e+00  2.65897773e-10  4.47584293e+00 
 2.65997773e-10  4.48682039e+00  2.65997773e-10  4.48668431e+00 
 2.66097773e-10  4.49399327e+00  2.66097773e-10  4.49385627e+00 
 2.66197773e-10  4.49747517e+00  2.66197773e-10  4.49733732e+00 
 2.66297773e-10  4.49725611e+00  2.66297773e-10  4.49711748e+00 
 2.66397773e-10  4.49333765e+00  2.66397773e-10  4.49319831e+00 
 2.66497773e-10  4.48573287e+00  2.66497773e-10  4.48559290e+00 
 2.66597773e-10  4.47446637e+00  2.66597773e-10  4.47432584e+00 
 2.66697773e-10  4.45957413e+00  2.66697773e-10  4.45943312e+00 
 2.66797773e-10  4.44110344e+00  2.66797773e-10  4.44096203e+00 
 2.66897773e-10  4.41911274e+00  2.66897773e-10  4.41897101e+00 
 2.66997773e-10  4.39367142e+00  2.66997773e-10  4.39352944e+00 
 2.67097773e-10  4.36485959e+00  2.67097773e-10  4.36471745e+00 
 2.67197773e-10  4.33276786e+00  2.67197773e-10  4.33262564e+00 
 2.67297773e-10  4.29749701e+00  2.67297773e-10  4.29735480e+00 
 2.67397773e-10  4.25915770e+00  2.67397773e-10  4.25901557e+00 
 2.67497773e-10  4.21787009e+00  2.67497773e-10  4.21772812e+00 
 2.67597773e-10  4.17376345e+00  2.67597773e-10  4.17362173e+00 
 2.67697773e-10  4.12697581e+00  2.67697773e-10  4.12683440e+00 
 2.67797773e-10  4.07765341e+00  2.67797773e-10  4.07751241e+00 
 2.67897773e-10  4.02595036e+00  2.67897773e-10  4.02580983e+00 
 2.67997773e-10  3.97202803e+00  2.67997773e-10  3.97188805e+00 
 2.68097773e-10  3.91605462e+00  2.68097773e-10  3.91591527e+00 
 2.68197773e-10  3.85820459e+00  2.68197773e-10  3.85806594e+00 
 2.68297773e-10  3.79865811e+00  2.68297773e-10  3.79852023e+00 
 2.68397773e-10  3.73760048e+00  2.68397773e-10  3.73746343e+00 
 2.68497773e-10  3.67522157e+00  2.68497773e-10  3.67508542e+00 
 2.68597773e-10  3.61171516e+00  2.68597773e-10  3.61157997e+00 
 2.68697773e-10  3.54727841e+00  2.68697773e-10  3.54714424e+00 
 2.68797773e-10  3.48211115e+00  2.68797773e-10  3.48197806e+00 
 2.68897773e-10  3.41641533e+00  2.68897773e-10  3.41628337e+00 
 2.68997773e-10  3.35039432e+00  2.68997773e-10  3.35026353e+00 
 2.69097773e-10  3.28425228e+00  2.69097773e-10  3.28412272e+00 
 2.69197773e-10  3.21819358e+00  2.69197773e-10  3.21806529e+00 
 2.69297773e-10  3.15242207e+00  2.69297773e-10  3.15229509e+00 
 2.69397773e-10  3.08714051e+00  2.69397773e-10  3.08701488e+00 
 2.69497773e-10  3.02254993e+00  2.69497773e-10  3.02242566e+00 
 2.69597773e-10  2.95884895e+00  2.69597773e-10  2.95872609e+00 
 2.69697773e-10  2.89623326e+00  2.69697773e-10  2.89611182e+00 
 2.69797773e-10  2.83489492e+00  2.69797773e-10  2.83477493e+00 
 2.69897773e-10  2.77502184e+00  2.69897773e-10  2.77490332e+00 
 2.69997773e-10  2.71679718e+00  2.69997773e-10  2.71668013e+00 
 2.70097773e-10  2.66039879e+00  2.70097773e-10  2.66028323e+00 
 2.70197773e-10  2.60599868e+00  2.70197773e-10  2.60588460e+00 
 2.70297773e-10  2.55376248e+00  2.70297773e-10  2.55364989e+00 
 2.70397773e-10  2.50384899e+00  2.70397773e-10  2.50373787e+00 
 2.70497773e-10  2.45640967e+00  2.70497773e-10  2.45630002e+00 
 2.70597773e-10  2.41158820e+00  2.70597773e-10  2.41148000e+00 
 2.70697773e-10  2.36952006e+00  2.70697773e-10  2.36941329e+00 
 2.70797773e-10  2.33033216e+00  2.70797773e-10  2.33022680e+00 
 2.70897773e-10  2.29414245e+00  2.70897773e-10  2.29403847e+00 
 2.70997773e-10  2.26105958e+00  2.70997773e-10  2.26095695e+00 
 2.71097773e-10  2.23118263e+00  2.71097773e-10  2.23108131e+00 
 2.71197773e-10  2.20460078e+00  2.71197773e-10  2.20450073e+00 
 2.71297773e-10  2.18139311e+00  2.71297773e-10  2.18129429e+00 
 2.71397773e-10  2.16162839e+00  2.71397773e-10  2.16153074e+00 
 2.71497773e-10  2.14536486e+00  2.71497773e-10  2.14526832e+00 
 2.71597773e-10  2.13265008e+00  2.71597773e-10  2.13255461e+00 
 2.71697773e-10  2.12352088e+00  2.71697773e-10  2.12342640e+00 
 2.71797773e-10  2.11800315e+00  2.71797773e-10  2.11790961e+00 
 2.71897773e-10  2.11611192e+00  2.71897773e-10  2.11601923e+00 
 2.71997773e-10  2.11785120e+00  2.71997773e-10  2.11775930e+00 
 2.72097773e-10  2.12321407e+00  2.72097773e-10  2.12312288e+00 
 2.72197773e-10  2.13218270e+00  2.72197773e-10  2.13209214e+00 
 2.72297773e-10  2.14472835e+00  2.72297773e-10  2.14463834e+00 
 2.72397773e-10  2.16081156e+00  2.72397773e-10  2.16072201e+00 
 2.72497773e-10  2.18038217e+00  2.72497773e-10  2.18029301e+00 
 2.72597773e-10  2.20337955e+00  2.72597773e-10  2.20329068e+00 
 2.72697773e-10  2.22973273e+00  2.72697773e-10  2.22964406e+00 
 2.72797773e-10  2.25936062e+00  2.72797773e-10  2.25927206e+00 
 2.72897773e-10  2.29217224e+00  2.72897773e-10  2.29208369e+00 
 2.72997773e-10  2.32806698e+00  2.72997773e-10  2.32797837e+00 
 2.73097773e-10  2.36693492e+00  2.73097773e-10  2.36684614e+00 
 2.73197773e-10  2.40865710e+00  2.73197773e-10  2.40856806e+00 
 2.73297773e-10  2.45310588e+00  2.73297773e-10  2.45301649e+00 
 2.73397773e-10  2.50014532e+00  2.73397773e-10  2.50005550e+00 
 2.73497773e-10  2.54963157e+00  2.73497773e-10  2.54954123e+00 
 2.73597773e-10  2.60141328e+00  2.73597773e-10  2.60132234e+00 
 2.73697773e-10  2.65533205e+00  2.73697773e-10  2.65524042e+00 
 2.73797773e-10  2.71122290e+00  2.73797773e-10  2.71113051e+00 
 2.73897773e-10  2.76891475e+00  2.73897773e-10  2.76882151e+00 
 2.73997773e-10  2.82823091e+00  2.73997773e-10  2.82813676e+00 
 2.74097773e-10  2.88898967e+00  2.74097773e-10  2.88889453e+00 
 2.74197773e-10  2.95100475e+00  2.74197773e-10  2.95090856e+00 
 2.74297773e-10  3.01408594e+00  2.74297773e-10  3.01398864e+00 
 2.74397773e-10  3.07803967e+00  2.74397773e-10  3.07794119e+00 
 2.74497773e-10  3.14266952e+00  2.74497773e-10  3.14256982e+00 
 2.74597773e-10  3.20777693e+00  2.74597773e-10  3.20767595e+00 
 2.74697773e-10  3.27316171e+00  2.74697773e-10  3.27305942e+00 
 2.74797773e-10  3.33862274e+00  2.74797773e-10  3.33851909e+00 
 2.74897773e-10  3.40395853e+00  2.74897773e-10  3.40385347e+00 
 2.74997773e-10  3.46896784e+00  2.74997773e-10  3.46886136e+00 
 2.75097773e-10  3.53345037e+00  2.75097773e-10  3.53334244e+00 
 2.75197773e-10  3.59720732e+00  2.75197773e-10  3.59709791e+00 
 2.75297773e-10  3.66004202e+00  2.75297773e-10  3.65993111e+00 
 2.75397773e-10  3.72176057e+00  2.75397773e-10  3.72164816e+00 
 2.75497773e-10  3.78217244e+00  2.75497773e-10  3.78205851e+00 
 2.75597773e-10  3.84109105e+00  2.75597773e-10  3.84097560e+00 
 2.75697773e-10  3.89833436e+00  2.75697773e-10  3.89821739e+00 
 2.75797773e-10  3.95372548e+00  2.75797773e-10  3.95360698e+00 
 2.75897773e-10  4.00709316e+00  2.75897773e-10  4.00697315e+00 
 2.75997773e-10  4.05827241e+00  2.75997773e-10  4.05815090e+00 
 2.76097773e-10  4.10710495e+00  2.76097773e-10  4.10698196e+00 
 2.76197773e-10  4.15343977e+00  2.76197773e-10  4.15331531e+00 
 2.76297773e-10  4.19713357e+00  2.76297773e-10  4.19700767e+00 
 2.76397773e-10  4.23805121e+00  2.76397773e-10  4.23792391e+00 
 2.76497773e-10  4.27606619e+00  2.76497773e-10  4.27593750e+00 
 2.76597773e-10  4.31106098e+00  2.76597773e-10  4.31093096e+00 
 2.76697773e-10  4.34292746e+00  2.76697773e-10  4.34279613e+00 
 2.76797773e-10  4.37156721e+00  2.76797773e-10  4.37143463e+00 
 2.76897773e-10  4.39689187e+00  2.76897773e-10  4.39675807e+00 
 2.76997773e-10  4.41882336e+00  2.76997773e-10  4.41868841e+00 
 2.77097773e-10  4.43729421e+00  2.77097773e-10  4.43715815e+00 
 2.77197773e-10  4.45224770e+00  2.77197773e-10  4.45211060e+00 
 2.77297773e-10  4.46363808e+00  2.77297773e-10  4.46349999e+00 
 2.77397773e-10  4.47143071e+00  2.77397773e-10  4.47129170e+00 
 2.77497773e-10  4.47560214e+00  2.77497773e-10  4.47546228e+00 
 2.77597773e-10  4.47614025e+00  2.77597773e-10  4.47599960e+00 
 2.77697773e-10  4.47304421e+00  2.77697773e-10  4.47290285e+00 
 2.77797773e-10  4.46632454e+00  2.77797773e-10  4.46618254e+00 
 2.77897773e-10  4.45600305e+00  2.77897773e-10  4.45586048e+00 
 2.77997773e-10  4.44211277e+00  2.77997773e-10  4.44196971e+00 
 2.78097773e-10  4.42469784e+00  2.78097773e-10  4.42455437e+00 
 2.78197773e-10  4.40381339e+00  2.78197773e-10  4.40366958e+00 
 2.78297773e-10  4.37952534e+00  2.78297773e-10  4.37938128e+00 
 2.78397773e-10  4.35191021e+00  2.78397773e-10  4.35176597e+00 
 2.78497773e-10  4.32105483e+00  2.78497773e-10  4.32091050e+00 
 2.78597773e-10  4.28705613e+00  2.78597773e-10  4.28691179e+00 
 2.78697773e-10  4.25002078e+00  2.78697773e-10  4.24987650e+00 
 2.78797773e-10  4.21006485e+00  2.78797773e-10  4.20992072e+00 
 2.78897773e-10  4.16731347e+00  2.78897773e-10  4.16716956e+00 
 2.78997773e-10  4.12190039e+00  2.78997773e-10  4.12175680e+00 
 2.79097773e-10  4.07396761e+00  2.79097773e-10  4.07382440e+00 
 2.79197773e-10  4.02366486e+00  2.79197773e-10  4.02352210e+00 
 2.79297773e-10  3.97114916e+00  2.79297773e-10  3.97100694e+00 
 2.79397773e-10  3.91658433e+00  2.79397773e-10  3.91644271e+00 
 2.79497773e-10  3.86014043e+00  2.79497773e-10  3.85999949e+00 
 2.79597773e-10  3.80199326e+00  2.79597773e-10  3.80185307e+00 
 2.79697773e-10  3.74232379e+00  2.79697773e-10  3.74218441e+00 
 2.79797773e-10  3.68131755e+00  2.79797773e-10  3.68117904e+00 
 2.79897773e-10  3.61916409e+00  2.79897773e-10  3.61902653e+00 
 2.79997773e-10  3.55605638e+00  2.79997773e-10  3.55591982e+00 
 2.80097773e-10  3.49219015e+00  2.80097773e-10  3.49205464e+00 
 2.80197773e-10  3.42776331e+00  2.80197773e-10  3.42762891e+00 
 2.80297773e-10  3.36297535e+00  2.80297773e-10  3.36284210e+00 
 2.80397773e-10  3.29802664e+00  2.80397773e-10  3.29789460e+00 
 2.80497773e-10  3.23311788e+00  2.80497773e-10  3.23298709e+00 
 2.80597773e-10  3.16844941e+00  2.80597773e-10  3.16831991e+00 
 2.80697773e-10  3.10422064e+00  2.80697773e-10  3.10409246e+00 
 2.80797773e-10  3.04062938e+00  2.80797773e-10  3.04050255e+00 
 2.80897773e-10  2.97787123e+00  2.80897773e-10  2.97774579e+00 
 2.80997773e-10  2.91613903e+00  2.80997773e-10  2.91601500e+00 
 2.81097773e-10  2.85562220e+00  2.81097773e-10  2.85549960e+00 
 2.81197773e-10  2.79650619e+00  2.81197773e-10  2.79638503e+00 
 2.81297773e-10  2.73897189e+00  2.81297773e-10  2.73885219e+00 
 2.81397773e-10  2.68319512e+00  2.81397773e-10  2.68307688e+00 
 2.81497773e-10  2.62934606e+00  2.81497773e-10  2.62922929e+00 
 2.81597773e-10  2.57758876e+00  2.81597773e-10  2.57747346e+00 
 2.81697773e-10  2.52808062e+00  2.81697773e-10  2.52796678e+00 
 2.81797773e-10  2.48097196e+00  2.81797773e-10  2.48085957e+00 
 2.81897773e-10  2.43640554e+00  2.81897773e-10  2.43629459e+00 
 2.81997773e-10  2.39451617e+00  2.81997773e-10  2.39440664e+00 
 2.82097773e-10  2.35543030e+00  2.82097773e-10  2.35532217e+00 
 2.82197773e-10  2.31926567e+00  2.82197773e-10  2.31915891e+00 
 2.82297773e-10  2.28613096e+00  2.82297773e-10  2.28602553e+00 
 2.82397773e-10  2.25612548e+00  2.82397773e-10  2.25602135e+00 
 2.82497773e-10  2.22933890e+00  2.82497773e-10  2.22923604e+00 
 2.82597773e-10  2.20585103e+00  2.82597773e-10  2.20574938e+00 
 2.82697773e-10  2.18573154e+00  2.82697773e-10  2.18563106e+00 
 2.82797773e-10  2.16903984e+00  2.82797773e-10  2.16894047e+00 
 2.82897773e-10  2.15582486e+00  2.82897773e-10  2.15572655e+00 
 2.82997773e-10  2.14612500e+00  2.82997773e-10  2.14602768e+00 
 2.83097773e-10  2.13996795e+00  2.83097773e-10  2.13987157e+00 
 2.83197773e-10  2.13737071e+00  2.83197773e-10  2.13727519e+00 
 2.83297773e-10  2.13833948e+00  2.83297773e-10  2.13824475e+00 
 2.83397773e-10  2.14286971e+00  2.83397773e-10  2.14277569e+00 
 2.83497773e-10  2.15094609e+00  2.83497773e-10  2.15085271e+00 
 2.83597773e-10  2.16254263e+00  2.83597773e-10  2.16244980e+00 
 2.83697773e-10  2.17762273e+00  2.83697773e-10  2.17753037e+00 
 2.83797773e-10  2.19613928e+00  2.83797773e-10  2.19604731e+00 
 2.83897773e-10  2.21803484e+00  2.83897773e-10  2.21794317e+00 
 2.83997773e-10  2.24324176e+00  2.83997773e-10  2.24315031e+00 
 2.84097773e-10  2.27168242e+00  2.84097773e-10  2.27159109e+00 
 2.84197773e-10  2.30326943e+00  2.84197773e-10  2.30317813e+00 
 2.84297773e-10  2.33790587e+00  2.84297773e-10  2.33781451e+00 
 2.84397773e-10  2.37548561e+00  2.84397773e-10  2.37539411e+00 
 2.84497773e-10  2.41589359e+00  2.84497773e-10  2.41580185e+00 
 2.84597773e-10  2.45900614e+00  2.84597773e-10  2.45891407e+00 
 2.84697773e-10  2.50469137e+00  2.84697773e-10  2.50459888e+00 
 2.84797773e-10  2.55280952e+00  2.84797773e-10  2.55271653e+00 
 2.84897773e-10  2.60321340e+00  2.84897773e-10  2.60311983e+00 
 2.84997773e-10  2.65574880e+00  2.84997773e-10  2.65565456e+00 
 2.85097773e-10  2.71025494e+00  2.85097773e-10  2.71015995e+00 
 2.85197773e-10  2.76656495e+00  2.85197773e-10  2.76646915e+00 
 2.85297773e-10  2.82450639e+00  2.85297773e-10  2.82440969e+00 
 2.85397773e-10  2.88390171e+00  2.85397773e-10  2.88380405e+00 
 2.85497773e-10  2.94456885e+00  2.85497773e-10  2.94447016e+00 
 2.85597773e-10  3.00632172e+00  2.85597773e-10  3.00622194e+00 
 2.85697773e-10  3.06897081e+00  2.85697773e-10  3.06886988e+00 
 2.85797773e-10  3.13232376e+00  2.85797773e-10  3.13222162e+00 
 2.85897773e-10  3.19618592e+00  2.85897773e-10  3.19608252e+00 
 2.85997773e-10  3.26036096e+00  2.85997773e-10  3.26025627e+00 
 2.86097773e-10  3.32465148e+00  2.86097773e-10  3.32454545e+00 
 2.86197773e-10  3.38885964e+00  2.86197773e-10  3.38875223e+00 
 2.86297773e-10  3.45278770e+00  2.86297773e-10  3.45267888e+00 
 2.86397773e-10  3.51623871e+00  2.86397773e-10  3.51612846e+00 
 2.86497773e-10  3.57901708e+00  2.86497773e-10  3.57890537e+00 
 2.86597773e-10  3.64092920e+00  2.86597773e-10  3.64081601e+00 
 2.86697773e-10  3.70178404e+00  2.86697773e-10  3.70166936e+00 
 2.86797773e-10  3.76139377e+00  2.86797773e-10  3.76127759e+00 
 2.86897773e-10  3.81957432e+00  2.86897773e-10  3.81945663e+00 
 2.86997773e-10  3.87614598e+00  2.86997773e-10  3.87602678e+00 
 2.87097773e-10  3.93093393e+00  2.87097773e-10  3.93081322e+00 
 2.87197773e-10  3.98376885e+00  2.87197773e-10  3.98364664e+00 
 2.87297773e-10  4.03448740e+00  2.87297773e-10  4.03436371e+00 
 2.87397773e-10  4.08293278e+00  2.87397773e-10  4.08280761e+00 
 2.87497773e-10  4.12895517e+00  2.87497773e-10  4.12882855e+00 
 2.87597773e-10  4.17241228e+00  2.87597773e-10  4.17228423e+00 
 2.87697773e-10  4.21316972e+00  2.87697773e-10  4.21304026e+00 
 2.87797773e-10  4.25110149e+00  2.87797773e-10  4.25097066e+00 
 2.87897773e-10  4.28609034e+00  2.87897773e-10  4.28595818e+00 
 2.87997773e-10  4.31802818e+00  2.87997773e-10  4.31789472e+00 
 2.88097773e-10  4.34681637e+00  2.88097773e-10  4.34668166e+00 
 2.88197773e-10  4.37236609e+00  2.88197773e-10  4.37223017e+00 
 2.88297773e-10  4.39459858e+00  2.88297773e-10  4.39446150e+00 
 2.88397773e-10  4.41344541e+00  2.88397773e-10  4.41330723e+00 
 2.88497773e-10  4.42884870e+00  2.88497773e-10  4.42870948e+00 
 2.88597773e-10  4.44076130e+00  2.88597773e-10  4.44062109e+00 
 2.88697773e-10  4.44914692e+00  2.88697773e-10  4.44900578e+00 
 2.88797773e-10  4.45398027e+00  2.88797773e-10  4.45383828e+00 
 2.88897773e-10  4.45524715e+00  2.88897773e-10  4.45510437e+00 
 2.88997773e-10  4.45294446e+00  2.88997773e-10  4.45280096e+00 
 2.89097773e-10  4.44708022e+00  2.89097773e-10  4.44693607e+00 
 2.89197773e-10  4.43767356e+00  2.89197773e-10  4.43752883e+00 
 2.89297773e-10  4.42475464e+00  2.89297773e-10  4.42460941e+00 
 2.89397773e-10  4.40836457e+00  2.89397773e-10  4.40821892e+00 
 2.89497773e-10  4.38855526e+00  2.89497773e-10  4.38840927e+00 
 2.89597773e-10  4.36538926e+00  2.89597773e-10  4.36524300e+00 
 2.89697773e-10  4.33893956e+00  2.89697773e-10  4.33879312e+00 
 2.89797773e-10  4.30928938e+00  2.89797773e-10  4.30914283e+00 
 2.89897773e-10  4.27653184e+00  2.89897773e-10  4.27638526e+00 
 2.89997773e-10  4.24076973e+00  2.89997773e-10  4.24062320e+00 
 2.90097773e-10  4.20211514e+00  2.90097773e-10  4.20196875e+00 
 2.90197773e-10  4.16068914e+00  2.90197773e-10  4.16054295e+00 
 2.90297773e-10  4.11662133e+00  2.90297773e-10  4.11647543e+00 
 2.90397773e-10  4.07004950e+00  2.90397773e-10  4.06990396e+00 
 2.90497773e-10  4.02111913e+00  2.90497773e-10  4.02097404e+00 
 2.90597773e-10  3.96998298e+00  2.90597773e-10  3.96983840e+00 
 2.90697773e-10  3.91680055e+00  2.90697773e-10  3.91665656e+00 
 2.90797773e-10  3.86173761e+00  2.90797773e-10  3.86159427e+00 
 2.90897773e-10  3.80496566e+00  2.90897773e-10  3.80482305e+00 
 2.90997773e-10  3.74666138e+00  2.90997773e-10  3.74651956e+00 
 2.91097773e-10  3.68700608e+00  2.91097773e-10  3.68686512e+00 
 2.91197773e-10  3.62618513e+00  2.91197773e-10  3.62604509e+00 
 2.91297773e-10  3.56438735e+00  2.91297773e-10  3.56424829e+00 
 2.91397773e-10  3.50180445e+00  2.91397773e-10  3.50166642e+00 
 2.91497773e-10  3.43863037e+00  2.91497773e-10  3.43849343e+00 
 2.91597773e-10  3.37506073e+00  2.91597773e-10  3.37492493e+00 
 2.91697773e-10  3.31129218e+00  2.91697773e-10  3.31115756e+00 
 2.91797773e-10  3.24752178e+00  2.91797773e-10  3.24738838e+00 
 2.91897773e-10  3.18394640e+00  2.91897773e-10  3.18381428e+00 
 2.91997773e-10  3.12076211e+00  2.91997773e-10  3.12063129e+00 
 2.92097773e-10  3.05816354e+00  2.92097773e-10  3.05803405e+00 
 2.92197773e-10  2.99634329e+00  2.92197773e-10  2.99621517e+00 
 2.92297773e-10  2.93549136e+00  2.92297773e-10  2.93536463e+00 
 2.92397773e-10  2.87579452e+00  2.92397773e-10  2.87566920e+00 
 2.92497773e-10  2.81743576e+00  2.92497773e-10  2.81731186e+00 
 2.92597773e-10  2.76059373e+00  2.92597773e-10  2.76047127e+00 
 2.92697773e-10  2.70544218e+00  2.92697773e-10  2.70532117e+00 
 2.92797773e-10  2.65214947e+00  2.92797773e-10  2.65202991e+00 
 2.92897773e-10  2.60087800e+00  2.92897773e-10  2.60075990e+00 
 2.92997773e-10  2.55178380e+00  2.92997773e-10  2.55166714e+00 
 2.93097773e-10  2.50501600e+00  2.93097773e-10  2.50490077e+00 
 2.93197773e-10  2.46071640e+00  2.93197773e-10  2.46060260e+00 
 2.93297773e-10  2.41901911e+00  2.93297773e-10  2.41890672e+00 
 2.93397773e-10  2.38005007e+00  2.93397773e-10  2.37993906e+00 
 2.93497773e-10  2.34392675e+00  2.93497773e-10  2.34381711e+00 
 2.93597773e-10  2.31075781e+00  2.93597773e-10  2.31064950e+00 
 2.93697773e-10  2.28064276e+00  2.93697773e-10  2.28053573e+00 
 2.93797773e-10  2.25367168e+00  2.93797773e-10  2.25356591e+00 
 2.93897773e-10  2.22992503e+00  2.93897773e-10  2.22982046e+00 
 2.93997773e-10  2.20947335e+00  2.93997773e-10  2.20936994e+00 
 2.94097773e-10  2.19237711e+00  2.94097773e-10  2.19227482e+00 
 2.94197773e-10  2.17868658e+00  2.94197773e-10  2.17858533e+00 
 2.94297773e-10  2.16844162e+00  2.94297773e-10  2.16834137e+00 
 2.94397773e-10  2.16167166e+00  2.94397773e-10  2.16157234e+00 
 2.94497773e-10  2.15839559e+00  2.94497773e-10  2.15829713e+00 
 2.94597773e-10  2.15862171e+00  2.94597773e-10  2.15852405e+00 
 2.94697773e-10  2.16234776e+00  2.94697773e-10  2.16225081e+00 
 2.94797773e-10  2.16956088e+00  2.94797773e-10  2.16946457e+00 
 2.94897773e-10  2.18023772e+00  2.94897773e-10  2.18014197e+00 
 2.94997773e-10  2.19434447e+00  2.94997773e-10  2.19424921e+00 
 2.95097773e-10  2.21183699e+00  2.95097773e-10  2.21174212e+00 
 2.95197773e-10  2.23266093e+00  2.95197773e-10  2.23256636e+00 
 2.95297773e-10  2.25675188e+00  2.95297773e-10  2.25665754e+00 
 2.95397773e-10  2.28403559e+00  2.95397773e-10  2.28394138e+00 
 2.95497773e-10  2.31442815e+00  2.95497773e-10  2.31433399e+00 
 2.95597773e-10  2.34783629e+00  2.95597773e-10  2.34774208e+00 
 2.95697773e-10  2.38415755e+00  2.95697773e-10  2.38406321e+00 
 2.95797773e-10  2.42328069e+00  2.95797773e-10  2.42318613e+00 
 2.95897773e-10  2.46508592e+00  2.95897773e-10  2.46499105e+00 
 2.95997773e-10  2.50944531e+00  2.95997773e-10  2.50935004e+00 
 2.96097773e-10  2.55622312e+00  2.96097773e-10  2.55612737e+00 
 2.96197773e-10  2.60527622e+00  2.96197773e-10  2.60517991e+00 
 2.96297773e-10  2.65645450e+00  2.96297773e-10  2.65635754e+00 
 2.96397773e-10  2.70960131e+00  2.96397773e-10  2.70950363e+00 
 2.96497773e-10  2.76455394e+00  2.96497773e-10  2.76445546e+00 
 2.96597773e-10  2.82114407e+00  2.96597773e-10  2.82104472e+00 
 2.96697773e-10  2.87919831e+00  2.96697773e-10  2.87909801e+00 
 2.96797773e-10  2.93853867e+00  2.96797773e-10  2.93843736e+00 
 2.96897773e-10  2.99898315e+00  2.96897773e-10  2.99888077e+00 
 2.96997773e-10  3.06034626e+00  2.96997773e-10  3.06024276e+00 
 2.97097773e-10  3.12243959e+00  2.97097773e-10  3.12233490e+00 
 2.97197773e-10  3.18507238e+00  2.97197773e-10  3.18496646e+00 
 2.97297773e-10  3.24805210e+00  2.97297773e-10  3.24794489e+00 
 2.97397773e-10  3.31118504e+00  2.97397773e-10  3.31107652e+00 
 2.97497773e-10  3.37427694e+00  2.97497773e-10  3.37416706e+00 
 2.97597773e-10  3.43713353e+00  2.97597773e-10  3.43702226e+00 
 2.97697773e-10  3.49956119e+00  2.97697773e-10  3.49944850e+00 
 2.97797773e-10  3.56136751e+00  2.97797773e-10  3.56125338e+00 
 2.97897773e-10  3.62236190e+00  2.97897773e-10  3.62224631e+00 
 2.97997773e-10  3.68235621e+00  2.97997773e-10  3.68223914e+00 
 2.98097773e-10  3.74116528e+00  2.98097773e-10  3.74104673e+00 
 2.98197773e-10  3.79860756e+00  2.98197773e-10  3.79848751e+00 
 2.98297773e-10  3.85450562e+00  2.98297773e-10  3.85438408e+00 
 2.98397773e-10  3.90868679e+00  2.98397773e-10  3.90856376e+00 
 2.98497773e-10  3.96098364e+00  2.98497773e-10  3.96085911e+00 
 2.98597773e-10  4.01123451e+00  2.98597773e-10  4.01110851e+00 
 2.98697773e-10  4.05928408e+00  2.98697773e-10  4.05915662e+00 
 2.98797773e-10  4.10498379e+00  2.98797773e-10  4.10485488e+00 
 2.98897773e-10  4.14819234e+00  2.98897773e-10  4.14806201e+00 
 2.98997773e-10  4.18877616e+00  2.98997773e-10  4.18864444e+00 
 2.99097773e-10  4.22660979e+00  2.99097773e-10  4.22647670e+00 
 2.99197773e-10  4.26157629e+00  2.99197773e-10  4.26144188e+00 
 2.99297773e-10  4.29356766e+00  2.99297773e-10  4.29343195e+00 
 2.99397773e-10  4.32248509e+00  2.99397773e-10  4.32234814e+00 
 2.99497773e-10  4.34823938e+00  2.99497773e-10  4.34810122e+00 
 2.99597773e-10  4.37075112e+00  2.99597773e-10  4.37061180e+00 
 2.99697773e-10  4.38995102e+00  2.99697773e-10  4.38981060e+00 
 2.99797773e-10  4.40578009e+00  2.99797773e-10  4.40563863e+00 
 2.99897773e-10  4.41818986e+00  2.99897773e-10  4.41804741e+00 
 2.99997773e-10  4.42714248e+00  2.99997773e-10  4.42699910e+00 
 3.00097773e-10  4.43261090e+00  3.00097773e-10  4.43246666e+00 
 3.00197773e-10  4.43457892e+00  3.00197773e-10  4.43443388e+00 
 3.00297773e-10  4.43304123e+00  3.00297773e-10  4.43289547e+00 
 3.00397773e-10  4.42800348e+00  3.00397773e-10  4.42785706e+00 
 3.00497773e-10  4.41948219e+00  3.00497773e-10  4.41933519e+00 
 3.00597773e-10  4.40750476e+00  3.00597773e-10  4.40735726e+00 
 3.00697773e-10  4.39210935e+00  3.00697773e-10  4.39196141e+00 
 3.00797773e-10  4.37334474e+00  3.00797773e-10  4.37319645e+00 
 3.00897773e-10  4.35127022e+00  3.00897773e-10  4.35112165e+00 
 3.00997773e-10  4.32595536e+00  3.00997773e-10  4.32580659e+00 
 3.01097773e-10  4.29747980e+00  3.01097773e-10  4.29733091e+00 
 3.01197773e-10  4.26593302e+00  3.01197773e-10  4.26578409e+00 
 3.01297773e-10  4.23141400e+00  3.01297773e-10  4.23126510e+00 
 3.01397773e-10  4.19403094e+00  3.01397773e-10  4.19388216e+00 
 3.01497773e-10  4.15390094e+00  3.01497773e-10  4.15375235e+00 
 3.01597773e-10  4.11114955e+00  3.01597773e-10  4.11100123e+00 
 3.01697773e-10  4.06591044e+00  3.01697773e-10  4.06576247e+00 
 3.01797773e-10  4.01832494e+00  3.01797773e-10  4.01817739e+00 
 3.01897773e-10  3.96854160e+00  3.01897773e-10  3.96839455e+00 
 3.01997773e-10  3.91671572e+00  3.01997773e-10  3.91656923e+00 
 3.02097773e-10  3.86300883e+00  3.02097773e-10  3.86286299e+00 
 3.02197773e-10  3.80758823e+00  3.02197773e-10  3.80744309e+00 
 3.02297773e-10  3.75062638e+00  3.02297773e-10  3.75048202e+00 
 3.02397773e-10  3.69230045e+00  3.02397773e-10  3.69215692e+00 
 3.02497773e-10  3.63279167e+00  3.02497773e-10  3.63264904e+00 
 3.02597773e-10  3.57228480e+00  3.02597773e-10  3.57214313e+00 
 3.02697773e-10  3.51096756e+00  3.02697773e-10  3.51082690e+00 
 3.02797773e-10  3.44902999e+00  3.02797773e-10  3.44889039e+00 
 3.02897773e-10  3.38666389e+00  3.02897773e-10  3.38652542e+00 
 3.02997773e-10  3.32406222e+00  3.02997773e-10  3.32392491e+00 
 3.03097773e-10  3.26141846e+00  3.03097773e-10  3.26128236e+00 
 3.03197773e-10  3.19892603e+00  3.03197773e-10  3.19879118e+00 
 3.03297773e-10  3.13677769e+00  3.03297773e-10  3.13664412e+00 
 3.03397773e-10  3.07516493e+00  3.03397773e-10  3.07503267e+00 
 3.03497773e-10  3.01427735e+00  3.03497773e-10  3.01414644e+00 
 3.03597773e-10  2.95430212e+00  3.03597773e-10  2.95417258e+00 
 3.03697773e-10  2.89542338e+00  3.03697773e-10  2.89529523e+00 
 3.03797773e-10  2.83782166e+00  3.03797773e-10  2.83769492e+00 
 3.03897773e-10  2.78167336e+00  3.03897773e-10  2.78154804e+00 
 3.03997773e-10  2.72715016e+00  3.03997773e-10  2.72702628e+00 
 3.04097773e-10  2.67441858e+00  3.04097773e-10  2.67429613e+00 
 3.04197773e-10  2.62363938e+00  3.04197773e-10  2.62351836e+00 
 3.04297773e-10  2.57496714e+00  3.04297773e-10  2.57484756e+00 
 3.04397773e-10  2.52854981e+00  3.04397773e-10  2.52843165e+00 
 3.04497773e-10  2.48452821e+00  3.04497773e-10  2.48441145e+00 
 3.04597773e-10  2.44303566e+00  3.04597773e-10  2.44292030e+00 
 3.04697773e-10  2.40419759e+00  3.04697773e-10  2.40408361e+00 
 3.04797773e-10  2.36813116e+00  3.04797773e-10  2.36801853e+00 
 3.04897773e-10  2.33494494e+00  3.04897773e-10  2.33483362e+00 
 3.04997773e-10  2.30473857e+00  3.04997773e-10  2.30462853e+00 
 3.05097773e-10  2.27760252e+00  3.05097773e-10  2.27749372e+00 
 3.05197773e-10  2.25361780e+00  3.05197773e-10  2.25351021e+00 
 3.05297773e-10  2.23285577e+00  3.05297773e-10  2.23274934e+00 
 3.05397773e-10  2.21537793e+00  3.05397773e-10  2.21527260e+00 
 3.05497773e-10  2.20123575e+00  3.05497773e-10  2.20113146e+00 
 3.05597773e-10  2.19047054e+00  3.05597773e-10  2.19036724e+00 
 3.05697773e-10  2.18311335e+00  3.05697773e-10  2.18301099e+00 
 3.05797773e-10  2.17918491e+00  3.05797773e-10  2.17908341e+00 
 3.05897773e-10  2.17869553e+00  3.05897773e-10  2.17859482e+00 
 3.05997773e-10  2.18164515e+00  3.05997773e-10  2.18154517e+00 
 3.06097773e-10  2.18802331e+00  3.06097773e-10  2.18792396e+00 
 3.06197773e-10  2.19780919e+00  3.06197773e-10  2.19771041e+00 
 3.06297773e-10  2.21097169e+00  3.06297773e-10  2.21087340e+00 
 3.06397773e-10  2.22746954e+00  3.06397773e-10  2.22737165e+00 
 3.06497773e-10  2.24725141e+00  3.06497773e-10  2.24715384e+00 
 3.06597773e-10  2.27025604e+00  3.06597773e-10  2.27015871e+00 
 3.06697773e-10  2.29641247e+00  3.06697773e-10  2.29631528e+00 
 3.06797773e-10  2.32564021e+00  3.06797773e-10  2.32554308e+00 
 3.06897773e-10  2.35784947e+00  3.06897773e-10  2.35775231e+00 
 3.06997773e-10  2.39294145e+00  3.06997773e-10  2.39284417e+00 
 3.07097773e-10  2.43080861e+00  3.07097773e-10  2.43071112e+00 
 3.07197773e-10  2.47133496e+00  3.07197773e-10  2.47123718e+00 
 3.07297773e-10  2.51439644e+00  3.07297773e-10  2.51429829e+00 
 3.07397773e-10  2.55986126e+00  3.07397773e-10  2.55976264e+00 
 3.07497773e-10  2.60759025e+00  3.07497773e-10  2.60749108e+00 
 3.07597773e-10  2.65743733e+00  3.07597773e-10  2.65733754e+00 
 3.07697773e-10  2.70924991e+00  3.07697773e-10  2.70914941e+00 
 3.07797773e-10  2.76286933e+00  3.07797773e-10  2.76276806e+00 
 3.07897773e-10  2.81813135e+00  3.07897773e-10  2.81802922e+00 
 3.07997773e-10  2.87486662e+00  3.07997773e-10  2.87476357e+00 
 3.08097773e-10  2.93290122e+00  3.08097773e-10  2.93279718e+00 
 3.08197773e-10  2.99205713e+00  3.08197773e-10  2.99195204e+00 
 3.08297773e-10  3.05215283e+00  3.08297773e-10  3.05204663e+00 
 3.08397773e-10  3.11300380e+00  3.08397773e-10  3.11289644e+00 
 3.08497773e-10  3.17442310e+00  3.08497773e-10  3.17431453e+00 
 3.08597773e-10  3.23622197e+00  3.08597773e-10  3.23611213e+00 
 3.08697773e-10  3.29821033e+00  3.08697773e-10  3.29809920e+00 
 3.08797773e-10  3.36019747e+00  3.08797773e-10  3.36008500e+00 
 3.08897773e-10  3.42199255e+00  3.08897773e-10  3.42187870e+00 
 3.08997773e-10  3.48340523e+00  3.08997773e-10  3.48328998e+00 
 3.09097773e-10  3.54424626e+00  3.09097773e-10  3.54412959e+00 
 3.09197773e-10  3.60432808e+00  3.09197773e-10  3.60420996e+00 
 3.09297773e-10  3.66346535e+00  3.09297773e-10  3.66334577e+00 
 3.09397773e-10  3.72147560e+00  3.09397773e-10  3.72135455e+00 
 3.09497773e-10  3.77817977e+00  3.09497773e-10  3.77805724e+00 
 3.09597773e-10  3.83340275e+00  3.09597773e-10  3.83327874e+00 
 3.09697773e-10  3.88697397e+00  3.09697773e-10  3.88684848e+00 
 3.09797773e-10  3.93872792e+00  3.09797773e-10  3.93860096e+00 
 3.09897773e-10  3.98850466e+00  3.09897773e-10  3.98837623e+00 
 3.09997773e-10  4.03615034e+00  3.09997773e-10  4.03602045e+00 
 3.10097773e-10  4.08151767e+00  3.10097773e-10  4.08138635e+00 
 3.10197773e-10  4.12446642e+00  3.10197773e-10  4.12433369e+00 
 3.10297773e-10  4.16486382e+00  3.10297773e-10  4.16472970e+00 
 3.10397773e-10  4.20258502e+00  3.10397773e-10  4.20244954e+00 
 3.10497773e-10  4.23751344e+00  3.10497773e-10  4.23737664e+00 
 3.10597773e-10  4.26954118e+00  3.10597773e-10  4.26940310e+00 
 3.10697773e-10  4.29856937e+00  3.10697773e-10  4.29843004e+00 
 3.10797773e-10  4.32450843e+00  3.10797773e-10  4.32436790e+00 
 3.10897773e-10  4.34727840e+00  3.10897773e-10  4.34713672e+00 
 3.10997773e-10  4.36680919e+00  3.10997773e-10  4.36666640e+00 
 3.11097773e-10  4.38304077e+00  3.11097773e-10  4.38289694e+00 
 3.11197773e-10  4.39592340e+00  3.11197773e-10  4.39577858e+00 
 3.11297773e-10  4.40541778e+00  3.11297773e-10  4.40527203e+00 
 3.11397773e-10  4.41149514e+00  3.11397773e-10  4.41134853e+00 
 3.11497773e-10  4.41413739e+00  3.11497773e-10  4.41398998e+00 
 3.11597773e-10  4.41333711e+00  3.11597773e-10  4.41318896e+00 
 3.11697773e-10  4.40909763e+00  3.11697773e-10  4.40894882e+00 
 3.11797773e-10  4.40143298e+00  3.11797773e-10  4.40128358e+00 
 3.11897773e-10  4.39036786e+00  3.11897773e-10  4.39021795e+00 
 3.11997773e-10  4.37593759e+00  3.11997773e-10  4.37578723e+00 
 3.12097773e-10  4.35818792e+00  3.12097773e-10  4.35803720e+00 
 3.12197773e-10  4.33717495e+00  3.12197773e-10  4.33702394e+00 
 3.12297773e-10  4.31296493e+00  3.12297773e-10  4.31281371e+00 
 3.12397773e-10  4.28563406e+00  3.12397773e-10  4.28548271e+00 
 3.12497773e-10  4.25526821e+00  3.12497773e-10  4.25511680e+00 
 3.12597773e-10  4.22196267e+00  3.12597773e-10  4.22181128e+00 
 3.12697773e-10  4.18582186e+00  3.12697773e-10  4.18567057e+00 
 3.12797773e-10  4.14695896e+00  3.12797773e-10  4.14680785e+00 
 3.12897773e-10  4.10549560e+00  3.12897773e-10  4.10534474e+00 
 3.12997773e-10  4.06156140e+00  3.12997773e-10  4.06141088e+00 
 3.13097773e-10  4.01529364e+00  3.13097773e-10  4.01514352e+00 
 3.13197773e-10  3.96683674e+00  3.13197773e-10  3.96668710e+00 
 3.13297773e-10  3.91634187e+00  3.13297773e-10  3.91619277e+00 
 3.13397773e-10  3.86396642e+00  3.13397773e-10  3.86381795e+00 
 3.13497773e-10  3.80987354e+00  3.13497773e-10  3.80972575e+00 
 3.13597773e-10  3.75423158e+00  3.13597773e-10  3.75408454e+00 
 3.13697773e-10  3.69721359e+00  3.13697773e-10  3.69706737e+00 
 3.13797773e-10  3.63899676e+00  3.13797773e-10  3.63885142e+00 
 3.13897773e-10  3.57976185e+00  3.13897773e-10  3.57961745e+00 
 3.13997773e-10  3.51969264e+00  3.13997773e-10  3.51954923e+00 
 3.14097773e-10  3.45897532e+00  3.14097773e-10  3.45883296e+00 
 3.14197773e-10  3.39779795e+00  3.14197773e-10  3.39765668e+00 
 3.14297773e-10  3.33634980e+00  3.14297773e-10  3.33620968e+00 
 3.14397773e-10  3.27482083e+00  3.14397773e-10  3.27468190e+00 
 3.14497773e-10  3.21340105e+00  3.14497773e-10  3.21326335e+00 
 3.14597773e-10  3.15227994e+00  3.14597773e-10  3.15214350e+00 
 3.14697773e-10  3.09164584e+00  3.14697773e-10  3.09151070e+00 
 3.14797773e-10  3.03168541e+00  3.14797773e-10  3.03155159e+00 
 3.14897773e-10  2.97258300e+00  3.14897773e-10  2.97245053e+00 
 3.14997773e-10  2.91452011e+00  3.14997773e-10  2.91438902e+00 
 3.15097773e-10  2.85767484e+00  3.15097773e-10  2.85754514e+00 
 3.15197773e-10  2.80222130e+00  3.15197773e-10  2.80209301e+00 
 3.15297773e-10  2.74832914e+00  3.15297773e-10  2.74820226e+00 
 3.15397773e-10  2.69616299e+00  3.15397773e-10  2.69603752e+00 
 3.15497773e-10  2.64588195e+00  3.15497773e-10  2.64575791e+00 
 3.15597773e-10  2.59763918e+00  3.15597773e-10  2.59751655e+00 
 3.15697773e-10  2.55158137e+00  3.15697773e-10  2.55146015e+00 
 3.15797773e-10  2.50784833e+00  3.15797773e-10  2.50772851e+00 
 3.15897773e-10  2.46657260e+00  3.15897773e-10  2.46645416e+00 
 3.15997773e-10  2.42787902e+00  3.15997773e-10  2.42776194e+00 
 3.16097773e-10  2.39188440e+00  3.16097773e-10  2.39176866e+00 
 3.16197773e-10  2.35869718e+00  3.16197773e-10  2.35858275e+00 
 3.16297773e-10  2.32841708e+00  3.16297773e-10  2.32830392e+00 
 3.16397773e-10  2.30113488e+00  3.16397773e-10  2.30102296e+00 
 3.16497773e-10  2.27693213e+00  3.16497773e-10  2.27682140e+00 
 3.16597773e-10  2.25588091e+00  3.16597773e-10  2.25577133e+00 
 3.16697773e-10  2.23804368e+00  3.16697773e-10  2.23793520e+00 
 3.16797773e-10  2.22347305e+00  3.16797773e-10  2.22336562e+00 
 3.16897773e-10  2.21221172e+00  3.16897773e-10  2.21210528e+00 
 3.16997773e-10  2.20429229e+00  3.16997773e-10  2.20418677e+00 
 3.17097773e-10  2.19973723e+00  3.17097773e-10  2.19963257e+00 
 3.17197773e-10  2.19855881e+00  3.17197773e-10  2.19845494e+00 
 3.17297773e-10  2.20075907e+00  3.17297773e-10  2.20065593e+00 
 3.17397773e-10  2.20632987e+00  3.17397773e-10  2.20622737e+00 
 3.17497773e-10  2.21525284e+00  3.17497773e-10  2.21515092e+00 
 3.17597773e-10  2.22749953e+00  3.17597773e-10  2.22739810e+00 
 3.17697773e-10  2.24303145e+00  3.17697773e-10  2.24293043e+00 
 3.17797773e-10  2.26180018e+00  3.17797773e-10  2.26169948e+00 
 3.17897773e-10  2.28374755e+00  3.17897773e-10  2.28364710e+00 
 3.17997773e-10  2.30880579e+00  3.17997773e-10  2.30870549e+00 
 3.18097773e-10  2.33689772e+00  3.18097773e-10  2.33679750e+00 
 3.18197773e-10  2.36793701e+00  3.18197773e-10  2.36783677e+00 
 3.18297773e-10  2.40182839e+00  3.18297773e-10  2.40172804e+00 
 3.18397773e-10  2.43846793e+00  3.18397773e-10  2.43836739e+00 
 3.18497773e-10  2.47774338e+00  3.18497773e-10  2.47764257e+00 
 3.18597773e-10  2.51953445e+00  3.18597773e-10  2.51943328e+00 
 3.18697773e-10  2.56371320e+00  3.18697773e-10  2.56361158e+00 
 3.18797773e-10  2.61014438e+00  3.18797773e-10  2.61004223e+00 
 3.18897773e-10  2.65868584e+00  3.18897773e-10  2.65858309e+00 
 3.18997773e-10  2.70918897e+00  3.18997773e-10  2.70908553e+00 
 3.19097773e-10  2.76149909e+00  3.19097773e-10  2.76139489e+00 
 3.19197773e-10  2.81545595e+00  3.19197773e-10  2.81535092e+00 
 3.19297773e-10  2.87089420e+00  3.19297773e-10  2.87078827e+00 
 3.19397773e-10  2.92764388e+00  3.19397773e-10  2.92753698e+00 
 3.19497773e-10  2.98553092e+00  3.19497773e-10  2.98542299e+00 
 3.19597773e-10  3.04437768e+00  3.19597773e-10  3.04426866e+00 
 3.19697773e-10  3.10400350e+00  3.19697773e-10  3.10389334e+00 
 3.19797773e-10  3.16422521e+00  3.19797773e-10  3.16411385e+00 
 3.19897773e-10  3.22485772e+00  3.19897773e-10  3.22474512e+00 
 3.19997773e-10  3.28571458e+00  3.19997773e-10  3.28560070e+00 
 3.20097773e-10  3.34660857e+00  3.20097773e-10  3.34649337e+00 
 3.20197773e-10  3.40735224e+00  3.20197773e-10  3.40723569e+00 
 3.20297773e-10  3.46775851e+00  3.20297773e-10  3.46764057e+00 
 3.20397773e-10  3.52764126e+00  3.20397773e-10  3.52752192e+00 
 3.20497773e-10  3.58681590e+00  3.20497773e-10  3.58669513e+00 
 3.20597773e-10  3.64509994e+00  3.20597773e-10  3.64497772e+00 
 3.20697773e-10  3.70231355e+00  3.20697773e-10  3.70218987e+00 
 3.20797773e-10  3.75828015e+00  3.20797773e-10  3.75815501e+00 
 3.20897773e-10  3.81282696e+00  3.20897773e-10  3.81270035e+00 
 3.20997773e-10  3.86578552e+00  3.20997773e-10  3.86565744e+00 
 3.21097773e-10  3.91699223e+00  3.21097773e-10  3.91686269e+00 
 3.21197773e-10  3.96628887e+00  3.21197773e-10  3.96615787e+00 
 3.21297773e-10  4.01352310e+00  3.21297773e-10  4.01339066e+00 
 3.21397773e-10  4.05854894e+00  3.21397773e-10  4.05841507e+00 
 3.21497773e-10  4.10122721e+00  3.21497773e-10  4.10109194e+00 
 3.21597773e-10  4.14142601e+00  3.21597773e-10  4.14128936e+00 
 3.21697773e-10  4.17902111e+00  3.21697773e-10  4.17888311e+00 
 3.21797773e-10  4.21389635e+00  3.21797773e-10  4.21375704e+00 
 3.21897773e-10  4.24594400e+00  3.21897773e-10  4.24580341e+00 
 3.21997773e-10  4.27506513e+00  3.21997773e-10  4.27492329e+00 
 3.22097773e-10  4.30116987e+00  3.22097773e-10  4.30102683e+00 
 3.22197773e-10  4.32417775e+00  3.22197773e-10  4.32403357e+00 
 3.22297773e-10  4.34401795e+00  3.22297773e-10  4.34387266e+00 
 3.22397773e-10  4.36062947e+00  3.22397773e-10  4.36048314e+00 
 3.22497773e-10  4.37396139e+00  3.22497773e-10  4.37381407e+00 
 3.22597773e-10  4.38397300e+00  3.22597773e-10  4.38382474e+00 
 3.22697773e-10  4.39063391e+00  3.22697773e-10  4.39048479e+00 
 3.22797773e-10  4.39392421e+00  3.22797773e-10  4.39377428e+00 
 3.22897773e-10  4.39383445e+00  3.22897773e-10  4.39368378e+00 
 3.22997773e-10  4.39036572e+00  3.22997773e-10  4.39021439e+00 
 3.23097773e-10  4.38352967e+00  3.23097773e-10  4.38337774e+00 
 3.23197773e-10  4.37334838e+00  3.23197773e-10  4.37319593e+00 
 3.23297773e-10  4.35985439e+00  3.23297773e-10  4.35970149e+00 
 3.23397773e-10  4.34309055e+00  3.23397773e-10  4.34293727e+00 
 3.23497773e-10  4.32310985e+00  3.23497773e-10  4.32295627e+00 
 3.23597773e-10  4.29997531e+00  3.23597773e-10  4.29982151e+00 
 3.23697773e-10  4.27375976e+00  3.23697773e-10  4.27360581e+00 
 3.23797773e-10  4.24454558e+00  3.23797773e-10  4.24439156e+00 
 3.23897773e-10  4.21242446e+00  3.23897773e-10  4.21227045e+00 
 3.23997773e-10  4.17749712e+00  3.23997773e-10  4.17734319e+00 
 3.24097773e-10  4.13987294e+00  3.24097773e-10  4.13971918e+00 
 3.24197773e-10  4.09966967e+00  3.24197773e-10  4.09951614e+00 
 3.24297773e-10  4.05701301e+00  3.24297773e-10  4.05685980e+00 
 3.24397773e-10  4.01203623e+00  3.24397773e-10  4.01188341e+00 
 3.24497773e-10  3.96487975e+00  3.24497773e-10  3.96472739e+00 
 3.24597773e-10  3.91569067e+00  3.24597773e-10  3.91553884e+00 
 3.24697773e-10  3.86462232e+00  3.24697773e-10  3.86447109e+00 
 3.24797773e-10  3.81183378e+00  3.24797773e-10  3.81168322e+00 
 3.24897773e-10  3.75748935e+00  3.24897773e-10  3.75733953e+00 
 3.24997773e-10  3.70175806e+00  3.24997773e-10  3.70160903e+00 
 3.25097773e-10  3.64481309e+00  3.25097773e-10  3.64466492e+00 
 3.25197773e-10  3.58683127e+00  3.25197773e-10  3.58668402e+00 
 3.25297773e-10  3.52799251e+00  3.25297773e-10  3.52784623e+00 
 3.25397773e-10  3.46847921e+00  3.25397773e-10  3.46833396e+00 
 3.25497773e-10  3.40847569e+00  3.25497773e-10  3.40833152e+00 
 3.25597773e-10  3.34816764e+00  3.25597773e-10  3.34802459e+00 
 3.25697773e-10  3.28774151e+00  3.25697773e-10  3.28759962e+00 
 3.25797773e-10  3.22738392e+00  3.25797773e-10  3.22724324e+00 
 3.25897773e-10  3.16728110e+00  3.25897773e-10  3.16714167e+00 
 3.25997773e-10  3.10761832e+00  3.25997773e-10  3.10748017e+00 
 3.26097773e-10  3.04857925e+00  3.26097773e-10  3.04844241e+00 
 3.26197773e-10  2.99034547e+00  3.26197773e-10  2.99020996e+00 
 3.26297773e-10  2.93309586e+00  3.26297773e-10  2.93296170e+00 
 3.26397773e-10  2.87700606e+00  3.26397773e-10  2.87687327e+00 
 3.26497773e-10  2.82224793e+00  3.26497773e-10  2.82211654e+00 
 3.26597773e-10  2.76898904e+00  3.26597773e-10  2.76885905e+00 
 3.26697773e-10  2.71739215e+00  3.26697773e-10  2.71726355e+00 
 3.26797773e-10  2.66761470e+00  3.26797773e-10  2.66748751e+00 
 3.26897773e-10  2.61980836e+00  3.26897773e-10  2.61968257e+00 
 3.26997773e-10  2.57411857e+00  3.26997773e-10  2.57399418e+00 
 3.27097773e-10  2.53068411e+00  3.27097773e-10  2.53056111e+00 
 3.27197773e-10  2.48963668e+00  3.27197773e-10  2.48951504e+00 
 3.27297773e-10  2.45110050e+00  3.27297773e-10  2.45098021e+00 
 3.27397773e-10  2.41519200e+00  3.27397773e-10  2.41507303e+00 
 3.27497773e-10  2.38201941e+00  3.27497773e-10  2.38190174e+00 
 3.27597773e-10  2.35168252e+00  3.27597773e-10  2.35156612e+00 
 3.27697773e-10  2.32427235e+00  3.27697773e-10  2.32415718e+00 
 3.27797773e-10  2.29987091e+00  3.27797773e-10  2.29975693e+00 
 3.27897773e-10  2.27855098e+00  3.27897773e-10  2.27843814e+00 
 3.27997773e-10  2.26037588e+00  3.27997773e-10  2.26026413e+00 
 3.28097773e-10  2.24539934e+00  3.28097773e-10  2.24528863e+00 
 3.28197773e-10  2.23366532e+00  3.28197773e-10  2.23355560e+00 
 3.28297773e-10  2.22520793e+00  3.28297773e-10  2.22509914e+00 
 3.28397773e-10  2.22005132e+00  3.28397773e-10  2.21994338e+00 
 3.28497773e-10  2.21820962e+00  3.28497773e-10  2.21810248e+00 
 3.28597773e-10  2.21968693e+00  3.28597773e-10  2.21958051e+00 
 3.28697773e-10  2.22447730e+00  3.28697773e-10  2.22437153e+00 
 3.28797773e-10  2.23256478e+00  3.28797773e-10  2.23245959e+00 
 3.28897773e-10  2.24392345e+00  3.28897773e-10  2.24381876e+00 
 3.28997773e-10  2.25851752e+00  3.28997773e-10  2.25841324e+00 
 3.29097773e-10  2.27630143e+00  3.29097773e-10  2.27619749e+00 
 3.29197773e-10  2.29721999e+00  3.29197773e-10  2.29711630e+00 
 3.29297773e-10  2.32120854e+00  3.29297773e-10  2.32110502e+00 
 3.29397773e-10  2.34819315e+00  3.29397773e-10  2.34808971e+00 
 3.29497773e-10  2.37809083e+00  3.29497773e-10  2.37798739e+00 
 3.29597773e-10  2.41080976e+00  3.29597773e-10  2.41070622e+00 
 3.29697773e-10  2.44624956e+00  3.29697773e-10  2.44614585e+00 
 3.29797773e-10  2.48430162e+00  3.29797773e-10  2.48419765e+00 
 3.29897773e-10  2.52484935e+00  3.29897773e-10  2.52474503e+00 
 3.29997773e-10  2.56776857e+00  3.29997773e-10  2.56766383e+00 
 3.30097773e-10  2.61292786e+00  3.30097773e-10  2.61282261e+00 
 3.30197773e-10  2.66018894e+00  3.30197773e-10  2.66008310e+00 
 3.30297773e-10  2.70940708e+00  3.30297773e-10  2.70930057e+00 
 3.30397773e-10  2.76043153e+00  3.30397773e-10  2.76032428e+00 
 3.30497773e-10  2.81310595e+00  3.30497773e-10  2.81299789e+00 
 3.30597773e-10  2.86726892e+00  3.30597773e-10  2.86715997e+00 
 3.30697773e-10  2.92275436e+00  3.30697773e-10  2.92264447e+00 
 3.30797773e-10  2.97939210e+00  3.30797773e-10  2.97928119e+00 
 3.30897773e-10  3.03700832e+00  3.30897773e-10  3.03689635e+00 
 3.30997773e-10  3.09542614e+00  3.30997773e-10  3.09531304e+00 
 3.31097773e-10  3.15446612e+00  3.31097773e-10  3.15435184e+00 
 3.31197773e-10  3.21394680e+00  3.31197773e-10  3.21383131e+00 
 3.31297773e-10  3.27368531e+00  3.31297773e-10  3.27356855e+00 
 3.31397773e-10  3.33349786e+00  3.31397773e-10  3.33337980e+00 
 3.31497773e-10  3.39320036e+00  3.31497773e-10  3.39308096e+00 
 3.31597773e-10  3.45260897e+00  3.31597773e-10  3.45248820e+00 
 3.31697773e-10  3.51154066e+00  3.31697773e-10  3.51141850e+00 
 3.31797773e-10  3.56981378e+00  3.31797773e-10  3.56969021e+00 
 3.31897773e-10  3.62724867e+00  3.31897773e-10  3.62712367e+00 
 3.31997773e-10  3.68366814e+00  3.31997773e-10  3.68354169e+00 
 3.32097773e-10  3.73889809e+00  3.32097773e-10  3.73877019e+00 
 3.32197773e-10  3.79276803e+00  3.32197773e-10  3.79263868e+00 
 3.32297773e-10  3.84511163e+00  3.32297773e-10  3.84498082e+00 
 3.32397773e-10  3.89576721e+00  3.32397773e-10  3.89563495e+00 
 3.32497773e-10  3.94457828e+00  3.32497773e-10  3.94444458e+00 
 3.32597773e-10  3.99139402e+00  3.32597773e-10  3.99125889e+00 
 3.32697773e-10  4.03606977e+00  3.32697773e-10  4.03593322e+00 
 3.32797773e-10  4.07846746e+00  3.32797773e-10  4.07832951e+00 
 3.32897773e-10  4.11845606e+00  3.32897773e-10  4.11831674e+00 
 3.32997773e-10  4.15591202e+00  3.32997773e-10  4.15577136e+00 
 3.33097773e-10  4.19071961e+00  3.33097773e-10  4.19057763e+00 
 3.33197773e-10  4.22277133e+00  3.33197773e-10  4.22262808e+00 
 3.33297773e-10  4.25196823e+00  3.33297773e-10  4.25182374e+00 
 3.33397773e-10  4.27822023e+00  3.33397773e-10  4.27807455e+00 
 3.33497773e-10  4.30144640e+00  3.33497773e-10  4.30129957e+00 
 3.33597773e-10  4.32157522e+00  3.33597773e-10  4.32142729e+00 
 3.33697773e-10  4.33854482e+00  3.33697773e-10  4.33839585e+00 
 3.33797773e-10  4.35230315e+00  3.33797773e-10  4.35215318e+00 
 3.33897773e-10  4.36280816e+00  3.33897773e-10  4.36265726e+00 
 3.33997773e-10  4.37002794e+00  3.33997773e-10  4.36987617e+00 
 3.34097773e-10  4.37394081e+00  3.34097773e-10  4.37378823e+00 
 3.34197773e-10  4.37453537e+00  3.34197773e-10  4.37438205e+00 
 3.34297773e-10  4.37181060e+00  3.34297773e-10  4.37165660e+00 
 3.34397773e-10  4.36577577e+00  3.34397773e-10  4.36562117e+00 
 3.34497773e-10  4.35645049e+00  3.34497773e-10  4.35629536e+00 
 3.34597773e-10  4.34386460e+00  3.34597773e-10  4.34370901e+00 
 3.34697773e-10  4.32805811e+00  3.34697773e-10  4.32790213e+00 
 3.34797773e-10  4.30908101e+00  3.34797773e-10  4.30892472e+00 
 3.34897773e-10  4.28699319e+00  3.34897773e-10  4.28683667e+00 
 3.34997773e-10  4.26186419e+00  3.34997773e-10  4.26170751e+00 
 3.35097773e-10  4.23377299e+00  3.35097773e-10  4.23361622e+00 
 3.35197773e-10  4.20280777e+00  3.35197773e-10  4.20265100e+00 
 3.35297773e-10  4.16906562e+00  3.35297773e-10  4.16890892e+00 
 3.35397773e-10  4.13265224e+00  3.35397773e-10  4.13249569e+00 
 3.35497773e-10  4.09368158e+00  3.35497773e-10  4.09352525e+00 
 3.35597773e-10  4.05227549e+00  3.35597773e-10  4.05211946e+00 
 3.35697773e-10  4.00856335e+00  3.35697773e-10  4.00840769e+00 
 3.35797773e-10  3.96268162e+00  3.35797773e-10  3.96252640e+00 
 3.35897773e-10  3.91477343e+00  3.35897773e-10  3.91461872e+00 
 3.35997773e-10  3.86498813e+00  3.35997773e-10  3.86483401e+00 
 3.36097773e-10  3.81348080e+00  3.36097773e-10  3.81332733e+00 
 3.36197773e-10  3.76041176e+00  3.36197773e-10  3.76025900e+00 
 3.36297773e-10  3.70594607e+00  3.36297773e-10  3.70579409e+00 
 3.36397773e-10  3.65025301e+00  3.36397773e-10  3.65010187e+00 
 3.36497773e-10  3.59350552e+00  3.36497773e-10  3.59335528e+00 
 3.36597773e-10  3.53587968e+00  3.36597773e-10  3.53573040e+00 
 3.36697773e-10  3.47755416e+00  3.36697773e-10  3.47740588e+00 
 3.36797773e-10  3.41870962e+00  3.36797773e-10  3.41856240e+00 
 3.36897773e-10  3.35952817e+00  3.36897773e-10  3.35938206e+00 
 3.36997773e-10  3.30019281e+00  3.36997773e-10  3.30004784e+00 
 3.37097773e-10  3.24088681e+00  3.37097773e-10  3.24074303e+00 
 3.37197773e-10  3.18179320e+00  3.37197773e-10  3.18165065e+00 
 3.37297773e-10  3.12309415e+00  3.37297773e-10  3.12295286e+00 
 3.37397773e-10  3.06497042e+00  3.37397773e-10  3.06483042e+00 
 3.37497773e-10  3.00760079e+00  3.37497773e-10  3.00746211e+00 
 3.37597773e-10  2.95116155e+00  3.37597773e-10  2.95102421e+00 
 3.37697773e-10  2.89582590e+00  3.37697773e-10  2.89568991e+00 
 3.37797773e-10  2.84176343e+00  3.37797773e-10  2.84162881e+00 
 3.37897773e-10  2.78913964e+00  3.37897773e-10  2.78900640e+00 
 3.37997773e-10  2.73811540e+00  3.37997773e-10  2.73798355e+00 
 3.38097773e-10  2.68884647e+00  3.38097773e-10  2.68871601e+00 
 3.38197773e-10  2.64148304e+00  3.38197773e-10  2.64135397e+00 
 3.38297773e-10  2.59616927e+00  3.38297773e-10  2.59604157e+00 
 3.38397773e-10  2.55304285e+00  3.38397773e-10  2.55291652e+00 
 3.38497773e-10  2.51223462e+00  3.38497773e-10  2.51210965e+00 
 3.38597773e-10  2.47386817e+00  3.38597773e-10  2.47374454e+00 
 3.38697773e-10  2.43805947e+00  3.38697773e-10  2.43793716e+00 
 3.38797773e-10  2.40491655e+00  3.38797773e-10  2.40479552e+00 
 3.38897773e-10  2.37453917e+00  3.38897773e-10  2.37441940e+00 
 3.38997773e-10  2.34701855e+00  3.38997773e-10  2.34690000e+00 
 3.39097773e-10  2.32243713e+00  3.39097773e-10  2.32231976e+00 
 3.39197773e-10  2.30086828e+00  3.39197773e-10  2.30075205e+00 
 3.39297773e-10  2.28237618e+00  3.39297773e-10  2.28226104e+00 
 3.39397773e-10  2.26701557e+00  3.39397773e-10  2.26690146e+00 
 3.39497773e-10  2.25483164e+00  3.39497773e-10  2.25471851e+00 
 3.39597773e-10  2.24585991e+00  3.39597773e-10  2.24574771e+00 
 3.39697773e-10  2.24012615e+00  3.39697773e-10  2.24001480e+00 
 3.39797773e-10  2.23764627e+00  3.39797773e-10  2.23753572e+00 
 3.39897773e-10  2.23842635e+00  3.39897773e-10  2.23831653e+00 
 3.39997773e-10  2.24246259e+00  3.39997773e-10  2.24235342e+00 
 3.40097773e-10  2.24974134e+00  3.40097773e-10  2.24963275e+00 
 3.40197773e-10  2.26023915e+00  3.40197773e-10  2.26013106e+00 
 3.40297773e-10  2.27392285e+00  3.40297773e-10  2.27381518e+00 
 3.40397773e-10  2.29074965e+00  3.40397773e-10  2.29064233e+00 
 3.40497773e-10  2.31066726e+00  3.40497773e-10  2.31056020e+00 
 3.40597773e-10  2.33361406e+00  3.40597773e-10  2.33350718e+00 
 3.40697773e-10  2.35951928e+00  3.40697773e-10  2.35941249e+00 
 3.40797773e-10  2.38830317e+00  3.40797773e-10  2.38819639e+00 
 3.40897773e-10  2.41987731e+00  3.40897773e-10  2.41977045e+00 
 3.40997773e-10  2.45414477e+00  3.40997773e-10  2.45403775e+00 
 3.41097773e-10  2.49100049e+00  3.41097773e-10  2.49089322e+00 
 3.41197773e-10  2.53033151e+00  3.41197773e-10  2.53022392e+00 
 3.41297773e-10  2.57201734e+00  3.41297773e-10  2.57190933e+00 
 3.41397773e-10  2.61593030e+00  3.41397773e-10  2.61582180e+00 
 3.41497773e-10  2.66193589e+00  3.41497773e-10  2.66182682e+00 
 3.41597773e-10  2.70989321e+00  3.41597773e-10  2.70978349e+00 
 3.41697773e-10  2.75965534e+00  3.41697773e-10  2.75954489e+00 
 3.41797773e-10  2.81106980e+00  3.41797773e-10  2.81095856e+00 
 3.41897773e-10  2.86397901e+00  3.41897773e-10  2.86386690e+00 
 3.41997773e-10  2.91822073e+00  3.41997773e-10  2.91810770e+00 
 3.42097773e-10  2.97362860e+00  3.42097773e-10  2.97351457e+00 
 3.42197773e-10  3.03003257e+00  3.42197773e-10  3.02991750e+00 
 3.42297773e-10  3.08725949e+00  3.42297773e-10  3.08714331e+00 
 3.42397773e-10  3.14513358e+00  3.42397773e-10  3.14501624e+00 
 3.42497773e-10  3.20347698e+00  3.42497773e-10  3.20335844e+00 
 3.42597773e-10  3.26211032e+00  3.42597773e-10  3.26199053e+00 
 3.42697773e-10  3.32085324e+00  3.42697773e-10  3.32073217e+00 
 3.42797773e-10  3.37952495e+00  3.42797773e-10  3.37940256e+00 
 3.42897773e-10  3.43794480e+00  3.42897773e-10  3.43782106e+00 
 3.42997773e-10  3.49593283e+00  3.42997773e-10  3.49580772e+00 
 3.43097773e-10  3.55331035e+00  3.43097773e-10  3.55318383e+00 
 3.43197773e-10  3.60990044e+00  3.43197773e-10  3.60977252e+00 
 3.43297773e-10  3.66552858e+00  3.43297773e-10  3.66539922e+00 
 3.43397773e-10  3.72002313e+00  3.43397773e-10  3.71989233e+00 
 3.43497773e-10  3.77321588e+00  3.43497773e-10  3.77308364e+00 
 3.43597773e-10  3.82494263e+00  3.43597773e-10  3.82480895e+00 
 3.43697773e-10  3.87504362e+00  3.43697773e-10  3.87490850e+00 
 3.43797773e-10  3.92336412e+00  3.43797773e-10  3.92322756e+00 
 3.43897773e-10  3.96975482e+00  3.43897773e-10  3.96961684e+00 
 3.43997773e-10  4.01407241e+00  3.43997773e-10  4.01393303e+00 
 3.44097773e-10  4.05617995e+00  3.44097773e-10  4.05603918e+00 
 3.44197773e-10  4.09594733e+00  3.44197773e-10  4.09580519e+00 
 3.44297773e-10  4.13325167e+00  3.44297773e-10  4.13310820e+00 
 3.44397773e-10  4.16797776e+00  3.44397773e-10  4.16783297e+00 
 3.44497773e-10  4.20001833e+00  3.44497773e-10  4.19987228e+00 
 3.44597773e-10  4.22927449e+00  3.44597773e-10  4.22912721e+00 
 3.44697773e-10  4.25565598e+00  3.44697773e-10  4.25550750e+00 
 3.44797773e-10  4.27908146e+00  3.44797773e-10  4.27893184e+00 
 3.44897773e-10  4.29947881e+00  3.44897773e-10  4.29932808e+00 
 3.44997773e-10  4.31678530e+00  3.44997773e-10  4.31663353e+00 
 3.45097773e-10  4.33094784e+00  3.45097773e-10  4.33079508e+00 
 3.45197773e-10  4.34192313e+00  3.45197773e-10  4.34176943e+00 
 3.45297773e-10  4.34967777e+00  3.45297773e-10  4.34952320e+00 
 3.45397773e-10  4.35418841e+00  3.45397773e-10  4.35403303e+00 
 3.45497773e-10  4.35544179e+00  3.45497773e-10  4.35528567e+00 
 3.45597773e-10  4.35343482e+00  3.45597773e-10  4.35327801e+00 
 3.45697773e-10  4.34817453e+00  3.45697773e-10  4.34801711e+00 
 3.45797773e-10  4.33967809e+00  3.45797773e-10  4.33952013e+00 
 3.45897773e-10  4.32797277e+00  3.45897773e-10  4.32781434e+00 
 3.45997773e-10  4.31309578e+00  3.45997773e-10  4.31293696e+00 
 3.46097773e-10  4.29509425e+00  3.46097773e-10  4.29493510e+00 
 3.46197773e-10  4.27402497e+00  3.46197773e-10  4.27386558e+00 
 3.46297773e-10  4.24995432e+00  3.46297773e-10  4.24979475e+00 
 3.46397773e-10  4.22295795e+00  3.46397773e-10  4.22279830e+00 
 3.46497773e-10  4.19312064e+00  3.46497773e-10  4.19296096e+00 
 3.46597773e-10  4.16053593e+00  3.46597773e-10  4.16037631e+00 
 3.46697773e-10  4.12530590e+00  3.46697773e-10  4.12514641e+00 
 3.46797773e-10  4.08754081e+00  3.46797773e-10  4.08738153e+00 
 3.46897773e-10  4.04735876e+00  3.46897773e-10  4.04719975e+00 
 3.46997773e-10  4.00488528e+00  3.46997773e-10  4.00472663e+00 
 3.47097773e-10  3.96025298e+00  3.47097773e-10  3.96009476e+00 
 3.47197773e-10  3.91360111e+00  3.47197773e-10  3.91344338e+00 
 3.47297773e-10  3.86507508e+00  3.47297773e-10  3.86491792e+00 
 3.47397773e-10  3.81482608e+00  3.47397773e-10  3.81466955e+00 
 3.47497773e-10  3.76301050e+00  3.47497773e-10  3.76285467e+00 
 3.47597773e-10  3.70978951e+00  3.47597773e-10  3.70963444e+00 
 3.47697773e-10  3.65532854e+00  3.47697773e-10  3.65517429e+00 
 3.47797773e-10  3.59979670e+00  3.47797773e-10  3.59964334e+00 
 3.47897773e-10  3.54336633e+00  3.47897773e-10  3.54321390e+00 
 3.47997773e-10  3.48621239e+00  3.47997773e-10  3.48606094e+00 
 3.48097773e-10  3.42851192e+00  3.48097773e-10  3.42836152e+00 
 3.48197773e-10  3.37044353e+00  3.48197773e-10  3.37029422e+00 
 3.48297773e-10  3.31218679e+00  3.48297773e-10  3.31203860e+00 
 3.48397773e-10  3.25392167e+00  3.48397773e-10  3.25377465e+00 
 3.48497773e-10  3.19582800e+00  3.48497773e-10  3.19568219e+00 
 3.48597773e-10  3.13808490e+00  3.48597773e-10  3.13794034e+00 
 3.48697773e-10  3.08087024e+00  3.48697773e-10  3.08072694e+00 
 3.48797773e-10  3.02436003e+00  3.48797773e-10  3.02421803e+00 
 3.48897773e-10  2.96872796e+00  3.48897773e-10  2.96858728e+00 
 3.48997773e-10  2.91414478e+00  3.48997773e-10  2.91400544e+00 
 3.49097773e-10  2.86077786e+00  3.49097773e-10  2.86063987e+00 
 3.49197773e-10  2.80879059e+00  3.49197773e-10  2.80865397e+00 
 3.49297773e-10  2.75834197e+00  3.49297773e-10  2.75820672e+00 
 3.49397773e-10  2.70958605e+00  3.49397773e-10  2.70945218e+00 
 3.49497773e-10  2.66267152e+00  3.49497773e-10  2.66253902e+00 
 3.49597773e-10  2.61774123e+00  3.49597773e-10  2.61761010e+00 
 3.49697773e-10  2.57493179e+00  3.49697773e-10  2.57480201e+00 
 3.49797773e-10  2.53437313e+00  3.49797773e-10  2.53424470e+00 
 3.49897773e-10  2.49618816e+00  3.49897773e-10  2.49606106e+00 
 3.49997773e-10  2.46049238e+00  3.49997773e-10  2.46036658e+00 
 3.50097773e-10  2.42739354e+00  3.50097773e-10  2.42726902e+00 
 3.50197773e-10  2.39699135e+00  3.50197773e-10  2.39686808e+00 
 3.50297773e-10  2.36937719e+00  3.50297773e-10  2.36925513e+00 
 3.50397773e-10  2.34463384e+00  3.50397773e-10  2.34451295e+00 
 3.50497773e-10  2.32283526e+00  3.50497773e-10  2.32271550e+00 
 3.50597773e-10  2.30404636e+00  3.50597773e-10  2.30392769e+00 
 3.50697773e-10  2.28832287e+00  3.50697773e-10  2.28820523e+00 
 3.50797773e-10  2.27571114e+00  3.50797773e-10  2.27559447e+00 
 3.50897773e-10  2.26624803e+00  3.50897773e-10  2.26613229e+00 
 3.50997773e-10  2.25996085e+00  3.50997773e-10  2.25984597e+00 
 3.51097773e-10  2.25686725e+00  3.51097773e-10  2.25675316e+00 
 3.51197773e-10  2.25697519e+00  3.51197773e-10  2.25686183e+00 
 3.51297773e-10  2.26028294e+00  3.51297773e-10  2.26017023e+00 
 3.51397773e-10  2.26677909e+00  3.51397773e-10  2.26666696e+00 
 3.51497773e-10  2.27644258e+00  3.51497773e-10  2.27633096e+00 
 3.51597773e-10  2.28924278e+00  3.51597773e-10  2.28913159e+00 
 3.51697773e-10  2.30513959e+00  3.51697773e-10  2.30502875e+00 
 3.51797773e-10  2.32408354e+00  3.51797773e-10  2.32397297e+00 
 3.51897773e-10  2.34601597e+00  3.51897773e-10  2.34590558e+00 
 3.51997773e-10  2.37086916e+00  3.51997773e-10  2.37075888e+00 
 3.52097773e-10  2.39856659e+00  3.52097773e-10  2.39845632e+00 
 3.52197773e-10  2.42902308e+00  3.52197773e-10  2.42891275e+00 
 3.52297773e-10  2.46214513e+00  3.52297773e-10  2.46203465e+00 
 3.52397773e-10  2.49783111e+00  3.52397773e-10  2.49772041e+00 
 3.52497773e-10  2.53597164e+00  3.52497773e-10  2.53586061e+00 
 3.52597773e-10  2.57644981e+00  3.52597773e-10  2.57633839e+00 
 3.52697773e-10  2.61914162e+00  3.52697773e-10  2.61902972e+00 
 3.52797773e-10  2.66391628e+00  3.52797773e-10  2.66380383e+00 
 3.52897773e-10  2.71063663e+00  3.52897773e-10  2.71052355e+00 
 3.52997773e-10  2.75915952e+00  3.52997773e-10  2.75904573e+00 
 3.53097773e-10  2.80933625e+00  3.53097773e-10  2.80922169e+00 
 3.53197773e-10  2.86101302e+00  3.53197773e-10  2.86089761e+00 
 3.53297773e-10  2.91403136e+00  3.53297773e-10  2.91391504e+00 
 3.53397773e-10  2.96822865e+00  3.53397773e-10  2.96811136e+00 
 3.53497773e-10  3.02343857e+00  3.53497773e-10  3.02332024e+00 
 3.53597773e-10  3.07949161e+00  3.53597773e-10  3.07937220e+00 
 3.53697773e-10  3.13621562e+00  3.53697773e-10  3.13609507e+00 
 3.53797773e-10  3.19343629e+00  3.53797773e-10  3.19331456e+00 
 3.53897773e-10  3.25097770e+00  3.53897773e-10  3.25085474e+00 
 3.53997773e-10  3.30866286e+00  3.53997773e-10  3.30853863e+00 
 3.54097773e-10  3.36631427e+00  3.54097773e-10  3.36618873e+00 
 3.54197773e-10  3.42375442e+00  3.54197773e-10  3.42362755e+00 
 3.54297773e-10  3.48080641e+00  3.54297773e-10  3.48067818e+00 
 3.54397773e-10  3.53729444e+00  3.54397773e-10  3.53716483e+00 
 3.54497773e-10  3.59304437e+00  3.54497773e-10  3.59291336e+00 
 3.54597773e-10  3.64788428e+00  3.54597773e-10  3.64775185e+00 
 3.54697773e-10  3.70164498e+00  3.54697773e-10  3.70151113e+00 
 3.54797773e-10  3.75416059e+00  3.54797773e-10  3.75402531e+00 
 3.54897773e-10  3.80526899e+00  3.54897773e-10  3.80513227e+00 
 3.54997773e-10  3.85481236e+00  3.54997773e-10  3.85467422e+00 
 3.55097773e-10  3.90263771e+00  3.55097773e-10  3.90249815e+00 
 3.55197773e-10  3.94859732e+00  3.55197773e-10  3.94845633e+00 
 3.55297773e-10  3.99254918e+00  3.55297773e-10  3.99240680e+00 
 3.55397773e-10  4.03435753e+00  3.55397773e-10  4.03421377e+00 
 3.55497773e-10  4.07389319e+00  3.55497773e-10  4.07374808e+00 
 3.55597773e-10  4.11103403e+00  3.55597773e-10  4.11088759e+00 
 3.55697773e-10  4.14566534e+00  3.55697773e-10  4.14551759e+00 
 3.55797773e-10  4.17768016e+00  3.55797773e-10  4.17753115e+00 
 3.55897773e-10  4.20697969e+00  3.55897773e-10  4.20682944e+00 
 3.55997773e-10  4.23347352e+00  3.55997773e-10  4.23332209e+00 
 3.56097773e-10  4.25708000e+00  3.56097773e-10  4.25692742e+00 
 3.56197773e-10  4.27772641e+00  3.56197773e-10  4.27757274e+00 
 3.56297773e-10  4.29534928e+00  3.56297773e-10  4.29519456e+00 
 3.56397773e-10  4.30989451e+00  3.56397773e-10  4.30973879e+00 
 3.56497773e-10  4.32131760e+00  3.56497773e-10  4.32116095e+00 
 3.56597773e-10  4.32958377e+00  3.56597773e-10  4.32942624e+00 
 3.56697773e-10  4.33466806e+00  3.56697773e-10  4.33450972e+00 
 3.56797773e-10  4.33655543e+00  3.56797773e-10  4.33639633e+00 
 3.56897773e-10  4.33524077e+00  3.56897773e-10  4.33508099e+00 
 3.56997773e-10  4.33072898e+00  3.56997773e-10  4.33056858e+00 
 3.57097773e-10  4.32303487e+00  3.57097773e-10  4.32287392e+00 
 3.57197773e-10  4.31218319e+00  3.57197773e-10  4.31202176e+00 
 3.57297773e-10  4.29820850e+00  3.57297773e-10  4.29804667e+00 
 3.57397773e-10  4.28115507e+00  3.57397773e-10  4.28099291e+00 
 3.57497773e-10  4.26107676e+00  3.57497773e-10  4.26091434e+00 
 3.57597773e-10  4.23803682e+00  3.57597773e-10  4.23787422e+00 
 3.57697773e-10  4.21210770e+00  3.57697773e-10  4.21194499e+00 
 3.57797773e-10  4.18337080e+00  3.57797773e-10  4.18320806e+00 
 3.57897773e-10  4.15191627e+00  3.57897773e-10  4.15175357e+00 
 3.57997773e-10  4.11784262e+00  3.57997773e-10  4.11768004e+00 
 3.58097773e-10  4.08125652e+00  3.58097773e-10  4.08109413e+00 
 3.58197773e-10  4.04227236e+00  3.58197773e-10  4.04211024e+00 
 3.58297773e-10  4.00101196e+00  3.58297773e-10  4.00085017e+00 
 3.58397773e-10  3.95760414e+00  3.58397773e-10  3.95744276e+00 
 3.58497773e-10  3.91218431e+00  3.58497773e-10  3.91202342e+00 
 3.58597773e-10  3.86489409e+00  3.58597773e-10  3.86473374e+00 
 3.58697773e-10  3.81588077e+00  3.58697773e-10  3.81572104e+00 
 3.58797773e-10  3.76529694e+00  3.58797773e-10  3.76513789e+00 
 3.58897773e-10  3.71329994e+00  3.58897773e-10  3.71314163e+00 
 3.58997773e-10  3.66005138e+00  3.58997773e-10  3.65989387e+00 
 3.59097773e-10  3.60571664e+00  3.59097773e-10  3.60555999e+00 
 3.59197773e-10  3.55046433e+00  3.59197773e-10  3.55030861e+00 
 3.59297773e-10  3.49446579e+00  3.59297773e-10  3.49431104e+00 
 3.59397773e-10  3.43789451e+00  3.59397773e-10  3.43774077e+00 
 3.59497773e-10  3.38092560e+00  3.59497773e-10  3.38077292e+00 
 3.59597773e-10  3.32373524e+00  3.59597773e-10  3.32358368e+00 
 3.59697773e-10  3.26650015e+00  3.59697773e-10  3.26634975e+00 
 3.59797773e-10  3.20939701e+00  3.59797773e-10  3.20924779e+00 
 3.59897773e-10  3.15260191e+00  3.59897773e-10  3.15245392e+00 
 3.59997773e-10  3.09628982e+00  3.59997773e-10  3.09614308e+00 
 3.60097773e-10  3.04063403e+00  3.60097773e-10  3.04048857e+00 
 3.60197773e-10  2.98580563e+00  3.60197773e-10  2.98566147e+00 
 3.60297773e-10  2.93197295e+00  3.60297773e-10  2.93183012e+00 
 3.60397773e-10  2.87930110e+00  3.60397773e-10  2.87915960e+00 
 3.60497773e-10  2.82795141e+00  3.60497773e-10  2.82781126e+00 
 3.60597773e-10  2.77808095e+00  3.60597773e-10  2.77794216e+00 
 3.60697773e-10  2.72984209e+00  3.60697773e-10  2.72970466e+00 
 3.60797773e-10  2.68338198e+00  3.60797773e-10  2.68324591e+00 
 3.60897773e-10  2.63884217e+00  3.60897773e-10  2.63870746e+00 
 3.60997773e-10  2.59635813e+00  3.60997773e-10  2.59622476e+00 
 3.61097773e-10  2.55605887e+00  3.61097773e-10  2.55592683e+00 
 3.61197773e-10  2.51806659e+00  3.61197773e-10  2.51793587e+00 
 3.61297773e-10  2.48249626e+00  3.61297773e-10  2.48236683e+00 
 3.61397773e-10  2.44945534e+00  3.61397773e-10  2.44932718e+00 
 3.61497773e-10  2.41904344e+00  3.61497773e-10  2.41891651e+00 
 3.61597773e-10  2.39135203e+00  3.61597773e-10  2.39122631e+00 
 3.61697773e-10  2.36646420e+00  3.61697773e-10  2.36633964e+00 
 3.61797773e-10  2.34445441e+00  3.61797773e-10  2.34433098e+00 
 3.61897773e-10  2.32538830e+00  3.61897773e-10  2.32526594e+00 
 3.61997773e-10  2.30932248e+00  3.61997773e-10  2.30920116e+00 
 3.62097773e-10  2.29630441e+00  3.62097773e-10  2.29618406e+00 
 3.62197773e-10  2.28637225e+00  3.62197773e-10  2.28625282e+00 
 3.62297773e-10  2.27955476e+00  3.62297773e-10  2.27943618e+00 
 3.62397773e-10  2.27587125e+00  3.62397773e-10  2.27575346e+00 
 3.62497773e-10  2.27533150e+00  3.62497773e-10  2.27521444e+00 
 3.62597773e-10  2.27793578e+00  3.62597773e-10  2.27781939e+00 
 3.62697773e-10  2.28367484e+00  3.62697773e-10  2.28355903e+00 
 3.62797773e-10  2.29252994e+00  3.62797773e-10  2.29241464e+00 
 3.62897773e-10  2.30447291e+00  3.62897773e-10  2.30435805e+00 
 3.62997773e-10  2.31946626e+00  3.62997773e-10  2.31935175e+00 
 3.63097773e-10  2.33746327e+00  3.63097773e-10  2.33734904e+00 
 3.63197773e-10  2.35840815e+00  3.63197773e-10  2.35829411e+00 
 3.63297773e-10  2.38223617e+00  3.63297773e-10  2.38212225e+00 
 3.63397773e-10  2.40887392e+00  3.63397773e-10  2.40876003e+00 
 3.63497773e-10  2.43823944e+00  3.63497773e-10  2.43812550e+00 
 3.63597773e-10  2.47024252e+00  3.63597773e-10  2.47012844e+00 
 3.63697773e-10  2.50478493e+00  3.63697773e-10  2.50467063e+00 
 3.63797773e-10  2.54176074e+00  3.63797773e-10  2.54164614e+00 
 3.63897773e-10  2.58105660e+00  3.63897773e-10  2.58094162e+00 
 3.63997773e-10  2.62255208e+00  3.63997773e-10  2.62243663e+00 
 3.64097773e-10  2.66612003e+00  3.64097773e-10  2.66600405e+00 
 3.64197773e-10  2.71162695e+00  3.64197773e-10  2.71151036e+00 
 3.64297773e-10  2.75893341e+00  3.64297773e-10  2.75881612e+00 
 3.64397773e-10  2.80789440e+00  3.64397773e-10  2.80777636e+00 
 3.64497773e-10  2.85835983e+00  3.64497773e-10  2.85824096e+00 
 3.64597773e-10  2.91017496e+00  3.64597773e-10  2.91005519e+00 
 3.64697773e-10  2.96318082e+00  3.64697773e-10  2.96306010e+00 
 3.64797773e-10  3.01721476e+00  3.64797773e-10  3.01709302e+00 
 3.64897773e-10  3.07211089e+00  3.64897773e-10  3.07198808e+00 
 3.64997773e-10  3.12770060e+00  3.64997773e-10  3.12757667e+00 
 3.65097773e-10  3.18381307e+00  3.65097773e-10  3.18368798e+00 
 3.65197773e-10  3.24027582e+00  3.65197773e-10  3.24014951e+00 
 3.65297773e-10  3.29691518e+00  3.65297773e-10  3.29678762e+00 
 3.65397773e-10  3.35355687e+00  3.65397773e-10  3.35342803e+00 
 3.65497773e-10  3.41002653e+00  3.65497773e-10  3.40989637e+00 
 3.65597773e-10  3.46615026e+00  3.65597773e-10  3.46601875e+00 
 3.65697773e-10  3.52175513e+00  3.65697773e-10  3.52162225e+00 
 3.65797773e-10  3.57666975e+00  3.65797773e-10  3.57653549e+00 
 3.65897773e-10  3.63072481e+00  3.65897773e-10  3.63058915e+00 
 3.65997773e-10  3.68375357e+00  3.65997773e-10  3.68361649e+00 
 3.66097773e-10  3.73559240e+00  3.66097773e-10  3.73545391e+00 
 3.66197773e-10  3.78608131e+00  3.66197773e-10  3.78594140e+00 
 3.66297773e-10  3.83506444e+00  3.66297773e-10  3.83492311e+00 
 3.66397773e-10  3.88239052e+00  3.66397773e-10  3.88224778e+00 
 3.66497773e-10  3.92791340e+00  3.66497773e-10  3.92776925e+00 
 3.66597773e-10  3.97149246e+00  3.66597773e-10  3.97134692e+00 
 3.66697773e-10  4.01299308e+00  3.66697773e-10  4.01284617e+00 
 3.66797773e-10  4.05228708e+00  3.66797773e-10  4.05213882e+00 
 3.66897773e-10  4.08925307e+00  3.66897773e-10  4.08910348e+00 
 3.66997773e-10  4.12377689e+00  3.66997773e-10  4.12362601e+00 
 3.67097773e-10  4.15575194e+00  3.67097773e-10  4.15559980e+00 
 3.67197773e-10  4.18507954e+00  3.67197773e-10  4.18492617e+00 
 3.67297773e-10  4.21166920e+00  3.67297773e-10  4.21151465e+00 
 3.67397773e-10  4.23543897e+00  3.67397773e-10  4.23528327e+00 
 3.67497773e-10  4.25631564e+00  3.67497773e-10  4.25615884e+00 
 3.67597773e-10  4.27423499e+00  3.67597773e-10  4.27407715e+00 
 3.67697773e-10  4.28914204e+00  3.67697773e-10  4.28898320e+00 
 3.67797773e-10  4.30099113e+00  3.67797773e-10  4.30083136e+00 
 3.67897773e-10  4.30974615e+00  3.67897773e-10  4.30958550e+00 
 3.67997773e-10  4.31538062e+00  3.67997773e-10  4.31521915e+00 
 3.68097773e-10  4.31787778e+00  3.68097773e-10  4.31771555e+00 
 3.68197773e-10  4.31723061e+00  3.68197773e-10  4.31706769e+00 
 3.68297773e-10  4.31344191e+00  3.68297773e-10  4.31327836e+00 
 3.68397773e-10  4.30652424e+00  3.68397773e-10  4.30636014e+00 
 3.68497773e-10  4.29649991e+00  3.68497773e-10  4.29633533e+00 
 3.68597773e-10  4.28340089e+00  3.68597773e-10  4.28323590e+00 
 3.68697773e-10  4.26726873e+00  3.68697773e-10  4.26710339e+00 
 3.68797773e-10  4.24815437e+00  3.68797773e-10  4.24798877e+00 
 3.68897773e-10  4.22611807e+00  3.68897773e-10  4.22595227e+00 
 3.68997773e-10  4.20122913e+00  3.68997773e-10  4.20106321e+00 
 3.69097773e-10  4.17356570e+00  3.69097773e-10  4.17339973e+00 
 3.69197773e-10  4.14321456e+00  3.69197773e-10  4.14304862e+00 
 3.69297773e-10  4.11027079e+00  3.69297773e-10  4.11010496e+00 
 3.69397773e-10  4.07483752e+00  3.69397773e-10  4.07467186e+00 
 3.69497773e-10  4.03702554e+00  3.69497773e-10  4.03686013e+00 
 3.69597773e-10  3.99695301e+00  3.69597773e-10  3.99678793e+00 
 3.69697773e-10  3.95474505e+00  3.69697773e-10  3.95458036e+00 
 3.69797773e-10  3.91053334e+00  3.69797773e-10  3.91036911e+00 
 3.69897773e-10  3.86445571e+00  3.69897773e-10  3.86429202e+00 
 3.69997773e-10  3.81665571e+00  3.69997773e-10  3.81649261e+00 
 3.70097773e-10  3.76728214e+00  3.70097773e-10  3.76711970e+00 
 3.70197773e-10  3.71648858e+00  3.70197773e-10  3.71632686e+00 
 3.70297773e-10  3.66443291e+00  3.70297773e-10  3.66427198e+00 
 3.70397773e-10  3.61127681e+00  3.70397773e-10  3.61111673e+00 
 3.70497773e-10  3.55718527e+00  3.70497773e-10  3.55702608e+00 
 3.70597773e-10  3.50232600e+00  3.70597773e-10  3.50216777e+00 
 3.70697773e-10  3.44686900e+00  3.70697773e-10  3.44671177e+00 
 3.70797773e-10  3.39098594e+00  3.70797773e-10  3.39082976e+00 
 3.70897773e-10  3.33484968e+00  3.70897773e-10  3.33469459e+00 
 3.70997773e-10  3.27863369e+00  3.70997773e-10  3.27847973e+00 
 3.71097773e-10  3.22251152e+00  3.71097773e-10  3.22235874e+00 
 3.71197773e-10  3.16665628e+00  3.71197773e-10  3.16650471e+00 
 3.71297773e-10  3.11124007e+00  3.71297773e-10  3.11108973e+00 
 3.71397773e-10  3.05643346e+00  3.71397773e-10  3.05628438e+00 
 3.71497773e-10  3.00240495e+00  3.71497773e-10  3.00225716e+00 
 3.71597773e-10  2.94932049e+00  3.71597773e-10  2.94917400e+00 
 3.71697773e-10  2.89734290e+00  3.71697773e-10  2.89719774e+00 
 3.71797773e-10  2.84663146e+00  3.71797773e-10  2.84648763e+00 
 3.71897773e-10  2.79734133e+00  3.71897773e-10  2.79719884e+00 
 3.71997773e-10  2.74962315e+00  3.71997773e-10  2.74948201e+00 
 3.72097773e-10  2.70362256e+00  3.72097773e-10  2.70348276e+00 
 3.72197773e-10  2.65947974e+00  3.72197773e-10  2.65934128e+00 
 3.72297773e-10  2.61732902e+00  3.72297773e-10  2.61719190e+00 
 3.72397773e-10  2.57729849e+00  3.72397773e-10  2.57716269e+00 
 3.72497773e-10  2.53950956e+00  3.72497773e-10  2.53937507e+00 
 3.72597773e-10  2.50407669e+00  3.72597773e-10  2.50394347e+00 
 3.72697773e-10  2.47110696e+00  3.72697773e-10  2.47097500e+00 
 3.72797773e-10  2.44069985e+00  3.72797773e-10  2.44056912e+00 
 3.72897773e-10  2.41294688e+00  3.72897773e-10  2.41281735e+00 
 3.72997773e-10  2.38793141e+00  3.72997773e-10  2.38780303e+00 
 3.73097773e-10  2.36572835e+00  3.73097773e-10  2.36560109e+00 
 3.73197773e-10  2.34640398e+00  3.73197773e-10  2.34627779e+00 
 3.73297773e-10  2.33001577e+00  3.73297773e-10  2.32989061e+00 
 3.73397773e-10  2.31661221e+00  3.73397773e-10  2.31648802e+00 
 3.73497773e-10  2.30623268e+00  3.73497773e-10  2.30610941e+00 
 3.73597773e-10  2.29890736e+00  3.73597773e-10  2.29878494e+00 
 3.73697773e-10  2.29465712e+00  3.73697773e-10  2.29453549e+00 
 3.73797773e-10  2.29349352e+00  3.73797773e-10  2.29337262e+00 
 3.73897773e-10  2.29541874e+00  3.73897773e-10  2.29529851e+00 
 3.73997773e-10  2.30042563e+00  3.73997773e-10  2.30030598e+00 
 3.74097773e-10  2.30849767e+00  3.74097773e-10  2.30837853e+00 
 3.74197773e-10  2.31960909e+00  3.74197773e-10  2.31949040e+00 
 3.74297773e-10  2.33372495e+00  3.74297773e-10  2.33360661e+00 
 3.74397773e-10  2.35080117e+00  3.74397773e-10  2.35068313e+00 
 3.74497773e-10  2.37078478e+00  3.74497773e-10  2.37066693e+00 
 3.74597773e-10  2.39361396e+00  3.74597773e-10  2.39349624e+00 
 3.74697773e-10  2.41921832e+00  3.74697773e-10  2.41910064e+00 
 3.74797773e-10  2.44751904e+00  3.74797773e-10  2.44740132e+00 
 3.74897773e-10  2.47842913e+00  3.74897773e-10  2.47831129e+00 
 3.74997773e-10  2.51185369e+00  3.74997773e-10  2.51173564e+00 
 3.75097773e-10  2.54769016e+00  3.75097773e-10  2.54757182e+00 
 3.75197773e-10  2.58582865e+00  3.75197773e-10  2.58570994e+00 
 3.75297773e-10  2.62615225e+00  3.75297773e-10  2.62603309e+00 
 3.75397773e-10  2.66853737e+00  3.75397773e-10  2.66841769e+00 
 3.75497773e-10  2.71285411e+00  3.75497773e-10  2.71273384e+00 
 3.75597773e-10  2.75896665e+00  3.75597773e-10  2.75884571e+00 
 3.75697773e-10  2.80673365e+00  3.75697773e-10  2.80661196e+00 
 3.75797773e-10  2.85600864e+00  3.75797773e-10  2.85588614e+00 
 3.75897773e-10  2.90664052e+00  3.75897773e-10  2.90651714e+00 
 3.75997773e-10  2.95847396e+00  3.75997773e-10  2.95834964e+00 
 3.76097773e-10  3.01134988e+00  3.76097773e-10  3.01122457e+00 
 3.76197773e-10  3.06510597e+00  3.76197773e-10  3.06497960e+00 
 3.76297773e-10  3.11957710e+00  3.76297773e-10  3.11944963e+00 
 3.76397773e-10  3.17459592e+00  3.76397773e-10  3.17446730e+00 
 3.76497773e-10  3.22999330e+00  3.76497773e-10  3.22986348e+00 
 3.76597773e-10  3.28559886e+00  3.76597773e-10  3.28546781e+00 
 3.76697773e-10  3.34124153e+00  3.76697773e-10  3.34110921e+00 
 3.76797773e-10  3.39675003e+00  3.76797773e-10  3.39661640e+00 
 3.76897773e-10  3.45195343e+00  3.76897773e-10  3.45181848e+00 
 3.76997773e-10  3.50668168e+00  3.76997773e-10  3.50654537e+00 
 3.77097773e-10  3.56076609e+00  3.77097773e-10  3.56062841e+00 
 3.77197773e-10  3.61403994e+00  3.77197773e-10  3.61390087e+00 
 3.77297773e-10  3.66633893e+00  3.77297773e-10  3.66619845e+00 
 3.77397773e-10  3.71750169e+00  3.77397773e-10  3.71735981e+00 
 3.77497773e-10  3.76737035e+00  3.77497773e-10  3.76722707e+00 
 3.77597773e-10  3.81579098e+00  3.77597773e-10  3.81564629e+00 
 3.77697773e-10  3.86261408e+00  3.77697773e-10  3.86246798e+00 
 3.77797773e-10  3.90769506e+00  3.77797773e-10  3.90754756e+00 
 3.77897773e-10  3.95089469e+00  3.77897773e-10  3.95074581e+00 
 3.77997773e-10  3.99207955e+00  3.77997773e-10  3.99192931e+00 
 3.78097773e-10  4.03112243e+00  3.78097773e-10  4.03097085e+00 
 3.78197773e-10  4.06790276e+00  3.78197773e-10  4.06774986e+00 
 3.78297773e-10  4.10230694e+00  3.78297773e-10  4.10215275e+00 
 3.78397773e-10  4.13422877e+00  3.78397773e-10  4.13407332e+00 
 3.78497773e-10  4.16356973e+00  3.78497773e-10  4.16341306e+00 
 3.78597773e-10  4.19023930e+00  3.78597773e-10  4.19008144e+00 
 3.78697773e-10  4.21415527e+00  3.78697773e-10  4.21399628e+00 
 3.78797773e-10  4.23524399e+00  3.78797773e-10  4.23508390e+00 
 3.78897773e-10  4.25344059e+00  3.78897773e-10  4.25327946e+00 
 3.78997773e-10  4.26868920e+00  3.78997773e-10  4.26852707e+00 
 3.79097773e-10  4.28094312e+00  3.79097773e-10  4.28078005e+00 
 3.79197773e-10  4.29016496e+00  3.79197773e-10  4.29000101e+00 
 3.79297773e-10  4.29632679e+00  3.79297773e-10  4.29616201e+00 
 3.79397773e-10  4.29941017e+00  3.79397773e-10  4.29924464e+00 
 3.79497773e-10  4.29940629e+00  3.79497773e-10  4.29924005e+00 
 3.79597773e-10  4.29631591e+00  3.79597773e-10  4.29614904e+00 
 3.79697773e-10  4.29014941e+00  3.79697773e-10  4.28998198e+00 
 3.79797773e-10  4.28092675e+00  3.79797773e-10  4.28075883e+00 
 3.79897773e-10  4.26867739e+00  3.79897773e-10  4.26850905e+00 
 3.79997773e-10  4.25344021e+00  3.79997773e-10  4.25327152e+00 
 3.80097773e-10  4.23526337e+00  3.80097773e-10  4.23509440e+00 
 3.80197773e-10  4.21420418e+00  3.80197773e-10  4.21403500e+00 
 3.80297773e-10  4.19032888e+00  3.80297773e-10  4.19015957e+00 
 3.80397773e-10  4.16371246e+00  3.80397773e-10  4.16354310e+00 
 3.80497773e-10  4.13443843e+00  3.80497773e-10  4.13426908e+00 
 3.80597773e-10  4.10259850e+00  3.80597773e-10  4.10242923e+00 
 3.80697773e-10  4.06829233e+00  3.80697773e-10  4.06812323e+00 
 3.80797773e-10  4.03162722e+00  3.80797773e-10  4.03145836e+00 
 3.80897773e-10  3.99271775e+00  3.80897773e-10  3.99254919e+00 
 3.80997773e-10  3.95168539e+00  3.80997773e-10  3.95151721e+00 
 3.81097773e-10  3.90865817e+00  3.81097773e-10  3.90849044e+00 
 3.81197773e-10  3.86377023e+00  3.81197773e-10  3.86360301e+00 
 3.81297773e-10  3.81716142e+00  3.81297773e-10  3.81699478e+00 
 3.81397773e-10  3.76897683e+00  3.81397773e-10  3.76881084e+00 
 3.81497773e-10  3.71936636e+00  3.81497773e-10  3.71920107e+00 
 3.81597773e-10  3.66848421e+00  3.81597773e-10  3.66831970e+00 
 3.81697773e-10  3.61648844e+00  3.81697773e-10  3.61632475e+00 
 3.81797773e-10  3.56354041e+00  3.81797773e-10  3.56337760e+00 
 3.81897773e-10  3.50980434e+00  3.81897773e-10  3.50964247e+00 
 3.81997773e-10  3.45544674e+00  3.81997773e-10  3.45528585e+00 
 3.82097773e-10  3.40063590e+00  3.82097773e-10  3.40047604e+00 
 3.82197773e-10  3.34554138e+00  3.82197773e-10  3.34538260e+00 
 3.82297773e-10  3.29033345e+00  3.82297773e-10  3.29017578e+00 
 3.82397773e-10  3.23518258e+00  3.82397773e-10  3.23502607e+00 
 3.82497773e-10  3.18025890e+00  3.82497773e-10  3.18010358e+00 
 3.82597773e-10  3.12573168e+00  3.82597773e-10  3.12557757e+00 
 3.82697773e-10  3.07176877e+00  3.82697773e-10  3.07161591e+00 
 3.82797773e-10  3.01853613e+00  3.82797773e-10  3.01838455e+00 
 3.82897773e-10  2.96619730e+00  3.82897773e-10  2.96604700e+00 
 3.82997773e-10  2.91491286e+00  3.82997773e-10  2.91476387e+00 
 3.83097773e-10  2.86483999e+00  3.83097773e-10  2.86469232e+00 
 3.83197773e-10  2.81613197e+00  3.83197773e-10  2.81598562e+00 
 3.83297773e-10  2.76893769e+00  3.83297773e-10  2.76879268e+00 
 3.83397773e-10  2.72340126e+00  3.83397773e-10  2.72325757e+00 
 3.83497773e-10  2.67966150e+00  3.83497773e-10  2.67951914e+00 
 3.83597773e-10  2.63785157e+00  3.83597773e-10  2.63771053e+00 
 3.83697773e-10  2.59809858e+00  3.83697773e-10  2.59795885e+00 
 3.83797773e-10  2.56052317e+00  3.83797773e-10  2.56038473e+00 
 3.83897773e-10  2.52523920e+00  3.83897773e-10  2.52510203e+00 
 3.83997773e-10  2.49235339e+00  3.83997773e-10  2.49221747e+00 
 3.84097773e-10  2.46196501e+00  3.84097773e-10  2.46183032e+00 
 3.84197773e-10  2.43416562e+00  3.84197773e-10  2.43403211e+00 
 3.84297773e-10  2.40903876e+00  3.84297773e-10  2.40890640e+00 
 3.84397773e-10  2.38665976e+00  3.84397773e-10  2.38652850e+00 
 3.84497773e-10  2.36709549e+00  3.84497773e-10  2.36696530e+00 
 3.84597773e-10  2.35040422e+00  3.84597773e-10  2.35027505e+00 
 3.84697773e-10  2.33663540e+00  3.84697773e-10  2.33650720e+00 
 3.84797773e-10  2.32582958e+00  3.84797773e-10  2.32570230e+00 
 3.84897773e-10  2.31801829e+00  3.84897773e-10  2.31789185e+00 
 3.84997773e-10  2.31322390e+00  3.84997773e-10  2.31309827e+00 
 3.85097773e-10  2.31145968e+00  3.85097773e-10  2.31133477e+00 
 3.85197773e-10  2.31272965e+00  3.85197773e-10  2.31260541e+00 
 3.85297773e-10  2.31702867e+00  3.85297773e-10  2.31690502e+00 
 3.85397773e-10  2.32434241e+00  3.85397773e-10  2.32421927e+00 
 3.85497773e-10  2.33464740e+00  3.85497773e-10  2.33452471e+00 
 3.85597773e-10  2.34791115e+00  3.85597773e-10  2.34778883e+00 
 3.85697773e-10  2.36409221e+00  3.85697773e-10  2.36397018e+00 
 3.85797773e-10  2.38314029e+00  3.85797773e-10  2.38301847e+00 
 3.85897773e-10  2.40499644e+00  3.85897773e-10  2.40487475e+00 
 3.85997773e-10  2.42959320e+00  3.85997773e-10  2.42947156e+00 
 3.86097773e-10  2.45685481e+00  3.86097773e-10  2.45673314e+00 
 3.86197773e-10  2.48669744e+00  3.86197773e-10  2.48657566e+00 
 3.86297773e-10  2.51902942e+00  3.86297773e-10  2.51890744e+00 
 3.86397773e-10  2.55375151e+00  3.86397773e-10  2.55362926e+00 
 3.86497773e-10  2.59075719e+00  3.86497773e-10  2.59063459e+00 
 3.86597773e-10  2.62993300e+00  3.86597773e-10  2.62980997e+00 
 3.86697773e-10  2.67115884e+00  3.86697773e-10  2.67103529e+00 
 3.86797773e-10  2.71430833e+00  3.86797773e-10  2.71418420e+00 
 3.86897773e-10  2.75924921e+00  3.86897773e-10  2.75912443e+00 
 3.86997773e-10  2.80584370e+00  3.86997773e-10  2.80571819e+00 
 3.87097773e-10  2.85394893e+00  3.87097773e-10  2.85382262e+00 
 3.87197773e-10  2.90341736e+00  3.87197773e-10  2.90329019e+00 
 3.87297773e-10  2.95409722e+00  3.87297773e-10  2.95396913e+00 
 3.87397773e-10  3.00583298e+00  3.87397773e-10  3.00570391e+00 
 3.87497773e-10  3.05846580e+00  3.87497773e-10  3.05833570e+00 
 3.87597773e-10  3.11183404e+00  3.87597773e-10  3.11170285e+00 
 3.87697773e-10  3.16577372e+00  3.87697773e-10  3.16564139e+00 
 3.87797773e-10  3.22011903e+00  3.87797773e-10  3.21998552e+00 
 3.87897773e-10  3.27470286e+00  3.87897773e-10  3.27456813e+00 
 3.87997773e-10  3.32935727e+00  3.87997773e-10  3.32922129e+00 
 3.88097773e-10  3.38391406e+00  3.88097773e-10  3.38377679e+00 
 3.88197773e-10  3.43820523e+00  3.88197773e-10  3.43806665e+00 
 3.88297773e-10  3.49206357e+00  3.88297773e-10  3.49192364e+00 
 3.88397773e-10  3.54532309e+00  3.88397773e-10  3.54518180e+00 
 3.88497773e-10  3.59781963e+00  3.88497773e-10  3.59767696e+00 
 3.88597773e-10  3.64939129e+00  3.88597773e-10  3.64924724e+00 
 3.88697773e-10  3.69987901e+00  3.88697773e-10  3.69973356e+00 
 3.88797773e-10  3.74912699e+00  3.88797773e-10  3.74898014e+00 
 3.88897773e-10  3.79698324e+00  3.88897773e-10  3.79683500e+00 
 3.88997773e-10  3.84330004e+00  3.88997773e-10  3.84315040e+00 
 3.89097773e-10  3.88793436e+00  3.89097773e-10  3.88778334e+00 
 3.89197773e-10  3.93074840e+00  3.89197773e-10  3.93059600e+00 
 3.89297773e-10  3.97160992e+00  3.89297773e-10  3.97145617e+00 
 3.89397773e-10  4.01039275e+00  3.89397773e-10  4.01023766e+00 
 3.89497773e-10  4.04697711e+00  3.89497773e-10  4.04682070e+00 
 3.89597773e-10  4.08125004e+00  3.89597773e-10  4.08109235e+00 
 3.89697773e-10  4.11310575e+00  3.89697773e-10  4.11294681e+00 
 3.89797773e-10  4.14244592e+00  3.89797773e-10  4.14228576e+00 
 3.89897773e-10  4.16918005e+00  3.89897773e-10  4.16901871e+00 
 3.89997773e-10  4.19322574e+00  3.89997773e-10  4.19306326e+00 
 3.90097773e-10  4.21450892e+00  3.90097773e-10  4.21434535e+00 
 3.90197773e-10  4.23296413e+00  3.90197773e-10  4.23279951e+00 
 3.90297773e-10  4.24853468e+00  3.90297773e-10  4.24836906e+00 
 3.90397773e-10  4.26117286e+00  3.90397773e-10  4.26100631e+00 
 3.90497773e-10  4.27084011e+00  3.90497773e-10  4.27067267e+00 
 3.90597773e-10  4.27750708e+00  3.90597773e-10  4.27733881e+00 
 3.90697773e-10  4.28115377e+00  3.90697773e-10  4.28098473e+00 
 3.90797773e-10  4.28176958e+00  3.90797773e-10  4.28159985e+00 
 3.90897773e-10  4.27935336e+00  3.90897773e-10  4.27918298e+00 
 3.90997773e-10  4.27391336e+00  3.90997773e-10  4.27374242e+00 
 3.91097773e-10  4.26546728e+00  3.91097773e-10  4.26529584e+00 
 3.91197773e-10  4.25404215e+00  3.91197773e-10  4.25387027e+00 
 3.91297773e-10  4.23967425e+00  3.91297773e-10  4.23950202e+00 
 3.91397773e-10  4.22240904e+00  3.91397773e-10  4.22223652e+00 
 3.91497773e-10  4.20230097e+00  3.91497773e-10  4.20212823e+00 
 3.91597773e-10  4.17941330e+00  3.91597773e-10  4.17924042e+00 
 3.91697773e-10  4.15381795e+00  3.91697773e-10  4.15364500e+00 
 3.91797773e-10  4.12559521e+00  3.91797773e-10  4.12542226e+00 
 3.91897773e-10  4.09483352e+00  3.91897773e-10  4.09466064e+00 
 3.91997773e-10  4.06162918e+00  3.91997773e-10  4.06145645e+00 
 3.92097773e-10  4.02608603e+00  3.92097773e-10  4.02591353e+00 
 3.92197773e-10  3.98831516e+00  3.92197773e-10  3.98814294e+00 
 3.92297773e-10  3.94843449e+00  3.92297773e-10  3.94826264e+00 
 3.92397773e-10  3.90656846e+00  3.92397773e-10  3.90639704e+00 
 3.92497773e-10  3.86284760e+00  3.92497773e-10  3.86267668e+00 
 3.92597773e-10  3.81740811e+00  3.92597773e-10  3.81723775e+00 
 3.92697773e-10  3.77039146e+00  3.92697773e-10  3.77022173e+00 
 3.92797773e-10  3.72194392e+00  3.92797773e-10  3.72177488e+00 
 3.92897773e-10  3.67221608e+00  3.92897773e-10  3.67204779e+00 
 3.92997773e-10  3.62136242e+00  3.92997773e-10  3.62119494e+00 
 3.93097773e-10  3.56954078e+00  3.93097773e-10  3.56937416e+00 
 3.93197773e-10  3.51691188e+00  3.93197773e-10  3.51674618e+00 
 3.93297773e-10  3.46363882e+00  3.93297773e-10  3.46347409e+00 
 3.93397773e-10  3.40988655e+00  3.93397773e-10  3.40972283e+00 
 3.93497773e-10  3.35582136e+00  3.93497773e-10  3.35565870e+00 
 3.93597773e-10  3.30161037e+00  3.93597773e-10  3.30144881e+00 
 3.93697773e-10  3.24742100e+00  3.93697773e-10  3.24726058e+00 
 3.93797773e-10  3.19342044e+00  3.93797773e-10  3.19326119e+00 
 3.93897773e-10  3.13977512e+00  3.93897773e-10  3.13961707e+00 
 3.93997773e-10  3.08665024e+00  3.93997773e-10  3.08649342e+00 
 3.94097773e-10  3.03420920e+00  3.94097773e-10  3.03405364e+00 
 3.94197773e-10  2.98261314e+00  3.94197773e-10  2.98245885e+00 
 3.94297773e-10  2.93202041e+00  3.94297773e-10  2.93186741e+00 
 3.94397773e-10  2.88258611e+00  3.94397773e-10  2.88243441e+00 
 3.94497773e-10  2.83446160e+00  3.94497773e-10  2.83431122e+00 
 3.94597773e-10  2.78779407e+00  3.94597773e-10  2.78764500e+00 
 3.94697773e-10  2.74272604e+00  3.94697773e-10  2.74257829e+00 
 3.94797773e-10  2.69939496e+00  3.94797773e-10  2.69924852e+00 
 3.94897773e-10  2.65793282e+00  3.94897773e-10  2.65778769e+00 
 3.94997773e-10  2.61846570e+00  3.94997773e-10  2.61832187e+00 
 3.95097773e-10  2.58111347e+00  3.95097773e-10  2.58097092e+00 
 3.95197773e-10  2.54598935e+00  3.95197773e-10  2.54584806e+00 
 3.95297773e-10  2.51319965e+00  3.95297773e-10  2.51305959e+00 
 3.95397773e-10  2.48284341e+00  3.95397773e-10  2.48270456e+00 
 3.95497773e-10  2.45501215e+00  3.95497773e-10  2.45487448e+00 
 3.95597773e-10  2.42978958e+00  3.95597773e-10  2.42965306e+00 
 3.95697773e-10  2.40725139e+00  3.95697773e-10  2.40711597e+00 
 3.95797773e-10  2.38746500e+00  3.95797773e-10  2.38733064e+00 
 3.95897773e-10  2.37048940e+00  3.95897773e-10  2.37035605e+00 
 3.95997773e-10  2.35637496e+00  3.95997773e-10  2.35624258e+00 
 3.96097773e-10  2.34516335e+00  3.96097773e-10  2.34503188e+00 
 3.96197773e-10  2.33688734e+00  3.96197773e-10  2.33675672e+00 
 3.96297773e-10  2.33157080e+00  3.96297773e-10  2.33144098e+00 
 3.96397773e-10  2.32922859e+00  3.96397773e-10  2.32909949e+00 
 3.96497773e-10  2.32986653e+00  3.96497773e-10  2.32973810e+00 
 3.96597773e-10  2.33348142e+00  3.96597773e-10  2.33335358e+00 
 3.96697773e-10  2.34006102e+00  3.96697773e-10  2.33993370e+00 
 3.96797773e-10  2.34958413e+00  3.96797773e-10  2.34945726e+00 
 3.96897773e-10  2.36202063e+00  3.96897773e-10  2.36189414e+00 
 3.96997773e-10  2.37733159e+00  3.96997773e-10  2.37720539e+00 
 3.97097773e-10  2.39546936e+00  3.97097773e-10  2.39534338e+00 
 3.97197773e-10  2.41637777e+00  3.97197773e-10  2.41625193e+00 
 3.97297773e-10  2.43999223e+00  3.97297773e-10  2.43986645e+00 
 3.97397773e-10  2.46623996e+00  3.97397773e-10  2.46611416e+00 
 3.97497773e-10  2.49504021e+00  3.97497773e-10  2.49491430e+00 
 3.97597773e-10  2.52630445e+00  3.97597773e-10  2.52617837e+00 
 3.97697773e-10  2.55993671e+00  3.97697773e-10  2.55981036e+00 
 3.97797773e-10  2.59583376e+00  3.97797773e-10  2.59570707e+00 
 3.97897773e-10  2.63388551e+00  3.97897773e-10  2.63375841e+00 
 3.97997773e-10  2.67397528e+00  3.97997773e-10  2.67384768e+00 
 3.98097773e-10  2.71598015e+00  3.98097773e-10  2.71585198e+00 
 3.98197773e-10  2.75977133e+00  3.98197773e-10  2.75964252e+00 
 3.98297773e-10  2.80521456e+00  3.98297773e-10  2.80508504e+00 
 3.98397773e-10  2.85217048e+00  3.98397773e-10  2.85204018e+00 
 3.98497773e-10  2.90049506e+00  3.98497773e-10  2.90036392e+00 
 3.98597773e-10  2.95004004e+00  3.98597773e-10  2.94990798e+00 
 3.98697773e-10  3.00065335e+00  3.98697773e-10  3.00052033e+00 
 3.98797773e-10  3.05217961e+00  3.98797773e-10  3.05204558e+00 
 3.98897773e-10  3.10446057e+00  3.98897773e-10  3.10432546e+00 
 3.98997773e-10  3.15733560e+00  3.98997773e-10  3.15719937e+00 
 3.99097773e-10  3.21064216e+00  3.99097773e-10  3.21050477e+00 
 3.99197773e-10  3.26421635e+00  3.99197773e-10  3.26407776e+00 
 3.99297773e-10  3.31789336e+00  3.99297773e-10  3.31775352e+00 
 3.99397773e-10  3.37150799e+00  3.99397773e-10  3.37136688e+00 
 3.99497773e-10  3.42489517e+00  3.99497773e-10  3.42475276e+00 
 3.99597773e-10  3.47789048e+00  3.99597773e-10  3.47774674e+00 
 3.99697773e-10  3.53033063e+00  3.99697773e-10  3.53018554e+00 
 3.99797773e-10  3.58205398e+00  3.99797773e-10  3.58190753e+00 
 3.99897773e-10  3.63290106e+00  3.99897773e-10  3.63275323e+00 
 3.99997773e-10  3.68271504e+00  3.99997773e-10  3.68256582e+00 
 4.00097773e-10  3.73134223e+00  4.00097773e-10  3.73119163e+00 
 4.00197773e-10  3.77863259e+00  4.00197773e-10  3.77848060e+00 
 4.00297773e-10  3.82444014e+00  4.00297773e-10  3.82428677e+00 
 4.00397773e-10  3.86862348e+00  4.00397773e-10  3.86846873e+00 
 4.00497773e-10  3.91104618e+00  4.00497773e-10  3.91089006e+00 
 4.00597773e-10  3.95157725e+00  4.00597773e-10  3.95141979e+00 
 4.00697773e-10  3.99009155e+00  4.00697773e-10  3.98993275e+00 
 4.00797773e-10  4.02647015e+00  4.00797773e-10  4.02631004e+00 
 4.00897773e-10  4.06060073e+00  4.00897773e-10  4.06043935e+00 
 4.00997773e-10  4.09237795e+00  4.00997773e-10  4.09221531e+00 
 4.01097773e-10  4.12170374e+00  4.01097773e-10  4.12153989e+00 
 4.01197773e-10  4.14848766e+00  4.01197773e-10  4.14832263e+00 
 4.01297773e-10  4.17264714e+00  4.01297773e-10  4.17248098e+00 
 4.01397773e-10  4.19410777e+00  4.01397773e-10  4.19394052e+00 
 4.01497773e-10  4.21280354e+00  4.01497773e-10  4.21263523e+00 
 4.01597773e-10  4.22867700e+00  4.01597773e-10  4.22850770e+00 
 4.01697773e-10  4.24167952e+00  4.01697773e-10  4.24150927e+00 
 4.01797773e-10  4.25177136e+00  4.01797773e-10  4.25160023e+00 
 4.01897773e-10  4.25892187e+00  4.01897773e-10  4.25874991e+00 
 4.01997773e-10  4.26310954e+00  4.01997773e-10  4.26293681e+00 
 4.02097773e-10  4.26432208e+00  4.02097773e-10  4.26414864e+00 
 4.02197773e-10  4.26255645e+00  4.02197773e-10  4.26238237e+00 
 4.02297773e-10  4.25781889e+00  4.02297773e-10  4.25764423e+00 
 4.02397773e-10  4.25012488e+00  4.02397773e-10  4.24994972e+00 
 4.02497773e-10  4.23949911e+00  4.02497773e-10  4.23932350e+00 
 4.02597773e-10  4.22597536e+00  4.02597773e-10  4.22579938e+00 
 4.02697773e-10  4.20959644e+00  4.02697773e-10  4.20942016e+00 
 4.02797773e-10  4.19041402e+00  4.02797773e-10  4.19023752e+00 
 4.02897773e-10  4.16848849e+00  4.02897773e-10  4.16831183e+00 
 4.02997773e-10  4.14388874e+00  4.02997773e-10  4.14371200e+00 
 4.03097773e-10  4.11669195e+00  4.03097773e-10  4.11651520e+00 
 4.03197773e-10  4.08698336e+00  4.03197773e-10  4.08680668e+00 
 4.03297773e-10  4.05485598e+00  4.03297773e-10  4.05467943e+00 
 4.03397773e-10  4.02041030e+00  4.03397773e-10  4.02023396e+00 
 4.03497773e-10  3.98375395e+00  4.03497773e-10  3.98357789e+00 
 4.03597773e-10  3.94500141e+00  4.03597773e-10  3.94482569e+00 
 4.03697773e-10  3.90427359e+00  4.03697773e-10  3.90409829e+00 
 4.03797773e-10  3.86169747e+00  4.03797773e-10  3.86152265e+00 
 4.03897773e-10  3.81740570e+00  4.03897773e-10  3.81723143e+00 
 4.03997773e-10  3.77153617e+00  4.03997773e-10  3.77136251e+00 
 4.04097773e-10  3.72423159e+00  4.04097773e-10  3.72405861e+00 
 4.04197773e-10  3.67563902e+00  4.04197773e-10  3.67546677e+00 
 4.04297773e-10  3.62590940e+00  4.04297773e-10  3.62573794e+00 
 4.04397773e-10  3.57519709e+00  4.04397773e-10  3.57502648e+00 
 4.04497773e-10  3.52365940e+00  4.04497773e-10  3.52348969e+00 
 4.04597773e-10  3.47145604e+00  4.04597773e-10  3.47128728e+00 
 4.04697773e-10  3.41874868e+00  4.04697773e-10  3.41858091e+00 
 4.04797773e-10  3.36570039e+00  4.04797773e-10  3.36553366e+00 
 4.04897773e-10  3.31247516e+00  4.04897773e-10  3.31230952e+00 
 4.04997773e-10  3.25923739e+00  4.04997773e-10  3.25907287e+00 
 4.05097773e-10  3.20615135e+00  4.05097773e-10  3.20598798e+00 
 4.05197773e-10  3.15338070e+00  4.05197773e-10  3.15321852e+00 
 4.05297773e-10  3.10108796e+00  4.05297773e-10  3.10092699e+00 
 4.05397773e-10  3.04943401e+00  4.05397773e-10  3.04927428e+00 
 4.05497773e-10  2.99857759e+00  4.05497773e-10  2.99841912e+00 
 4.05597773e-10  2.94867484e+00  4.05597773e-10  2.94851765e+00 
 4.05697773e-10  2.89987879e+00  4.05697773e-10  2.89972288e+00 
 4.05797773e-10  2.85233887e+00  4.05797773e-10  2.85218426e+00 
 4.05897773e-10  2.80620054e+00  4.05897773e-10  2.80604723e+00 
 4.05997773e-10  2.76160474e+00  4.05997773e-10  2.76145274e+00 
 4.06097773e-10  2.71868756e+00  4.06097773e-10  2.71853685e+00 
 4.06197773e-10  2.67757975e+00  4.06197773e-10  2.67743034e+00 
 4.06297773e-10  2.63840639e+00  4.06297773e-10  2.63825827e+00 
 4.06397773e-10  2.60128651e+00  4.06397773e-10  2.60113965e+00 
 4.06497773e-10  2.56633268e+00  4.06497773e-10  2.56618708e+00 
 4.06597773e-10  2.53365075e+00  4.06597773e-10  2.53350638e+00 
 4.06697773e-10  2.50333952e+00  4.06697773e-10  2.50319634e+00 
 4.06797773e-10  2.47549042e+00  4.06797773e-10  2.47534841e+00 
 4.06897773e-10  2.45018728e+00  4.06897773e-10  2.45004641e+00 
 4.06997773e-10  2.42750609e+00  4.06997773e-10  2.42736632e+00 
 4.07097773e-10  2.40751478e+00  4.07097773e-10  2.40737606e+00 
 4.07197773e-10  2.39027300e+00  4.07197773e-10  2.39013529e+00 
 4.07297773e-10  2.37583201e+00  4.07297773e-10  2.37569526e+00 
 4.07397773e-10  2.36423449e+00  4.07397773e-10  2.36409865e+00 
 4.07497773e-10  2.35551446e+00  4.07497773e-10  2.35537947e+00 
 4.07597773e-10  2.34969717e+00  4.07597773e-10  2.34956297e+00 
 4.07697773e-10  2.34679902e+00  4.07697773e-10  2.34666555e+00 
 4.07797773e-10  2.34682757e+00  4.07797773e-10  2.34669476e+00 
 4.07897773e-10  2.34978149e+00  4.07897773e-10  2.34964928e+00 
 4.07997773e-10  2.35565058e+00  4.07997773e-10  2.35551889e+00 
 4.08097773e-10  2.36441580e+00  4.08097773e-10  2.36428457e+00 
 4.08197773e-10  2.37604935e+00  4.08197773e-10  2.37591850e+00 
 4.08297773e-10  2.39051475e+00  4.08297773e-10  2.39038419e+00 
 4.08397773e-10  2.40776692e+00  4.08397773e-10  2.40763660e+00 
 4.08497773e-10  2.42775239e+00  4.08497773e-10  2.42762220e+00 
 4.08597773e-10  2.45040935e+00  4.08597773e-10  2.45027924e+00 
 4.08697773e-10  2.47566796e+00  4.08697773e-10  2.47553783e+00 
 4.08797773e-10  2.50345044e+00  4.08797773e-10  2.50332023e+00 
 4.08897773e-10  2.53367138e+00  4.08897773e-10  2.53354099e+00 
 4.08997773e-10  2.56623794e+00  4.08997773e-10  2.56610730e+00 
 4.09097773e-10  2.60105016e+00  4.09097773e-10  2.60091919e+00 
 4.09197773e-10  2.63800123e+00  4.09197773e-10  2.63786986e+00 
 4.09297773e-10  2.67697781e+00  4.09297773e-10  2.67684595e+00 
 4.09397773e-10  2.71786037e+00  4.09397773e-10  2.71772796e+00 
 4.09497773e-10  2.76052355e+00  4.09497773e-10  2.76039052e+00 
 4.09597773e-10  2.80483652e+00  4.09597773e-10  2.80470279e+00 
 4.09697773e-10  2.85066336e+00  4.09697773e-10  2.85052887e+00 
 4.09797773e-10  2.89786351e+00  4.09797773e-10  2.89772819e+00 
 4.09897773e-10  2.94629213e+00  4.09897773e-10  2.94615592e+00 
 4.09997773e-10  2.99580059e+00  4.09997773e-10  2.99566343e+00 
 4.10097773e-10  3.04623689e+00  4.10097773e-10  3.04609872e+00 
 4.10197773e-10  3.09744612e+00  4.10197773e-10  3.09730690e+00 
 4.10297773e-10  3.14927095e+00  4.10297773e-10  3.14913062e+00 
 4.10397773e-10  3.20155209e+00  4.10397773e-10  3.20141061e+00 
 4.10497773e-10  3.25412877e+00  4.10497773e-10  3.25398610e+00 
 4.10597773e-10  3.30683928e+00  4.10597773e-10  3.30669538e+00 
 4.10697773e-10  3.35952141e+00  4.10697773e-10  3.35937625e+00 
 4.10797773e-10  3.41201297e+00  4.10797773e-10  3.41186652e+00 
 4.10897773e-10  3.46415230e+00  4.10897773e-10  3.46400454e+00 
 4.10997773e-10  3.51577878e+00  4.10997773e-10  3.51562969e+00 
 4.11097773e-10  3.56673330e+00  4.11097773e-10  3.56658285e+00 
 4.11197773e-10  3.61685878e+00  4.11197773e-10  3.61670696e+00 
 4.11297773e-10  3.66600062e+00  4.11297773e-10  3.66584743e+00 
 4.11397773e-10  3.71400724e+00  4.11397773e-10  3.71385267e+00 
 4.11497773e-10  3.76073052e+00  4.11497773e-10  3.76057458e+00 
 4.11597773e-10  3.80602627e+00  4.11597773e-10  3.80586894e+00 
 4.11697773e-10  3.84975466e+00  4.11697773e-10  3.84959597e+00 
 4.11797773e-10  3.89178070e+00  4.11797773e-10  3.89162066e+00 
 4.11897773e-10  3.93197465e+00  4.11897773e-10  3.93181327e+00 
 4.11997773e-10  3.97021241e+00  4.11997773e-10  3.97004970e+00 
 4.12097773e-10  4.00637593e+00  4.12097773e-10  4.00621191e+00 
 4.12197773e-10  4.04035356e+00  4.12197773e-10  4.04018827e+00 
 4.12297773e-10  4.07204044e+00  4.12297773e-10  4.07187390e+00 
 4.12397773e-10  4.10133880e+00  4.12397773e-10  4.10117105e+00 
 4.12497773e-10  4.12815827e+00  4.12497773e-10  4.12798935e+00 
 4.12597773e-10  4.15241619e+00  4.12597773e-10  4.15224613e+00 
 4.12697773e-10  4.17403784e+00  4.12697773e-10  4.17386668e+00 
 4.12797773e-10  4.19295669e+00  4.12797773e-10  4.19278449e+00 
 4.12897773e-10  4.20911463e+00  4.12897773e-10  4.20894143e+00 
 4.12997773e-10  4.22246212e+00  4.12997773e-10  4.22228797e+00 
 4.13097773e-10  4.23295835e+00  4.13097773e-10  4.23278332e+00 
 4.13197773e-10  4.24057140e+00  4.13197773e-10  4.24039554e+00 
 4.13297773e-10  4.24527832e+00  4.13297773e-10  4.24510168e+00 
 4.13397773e-10  4.24706519e+00  4.13397773e-10  4.24688784e+00 
 4.13497773e-10  4.24592718e+00  4.13497773e-10  4.24574918e+00 
 4.13597773e-10  4.24186856e+00  4.13597773e-10  4.24168998e+00 
 4.13697773e-10  4.23490269e+00  4.13697773e-10  4.23472360e+00 
 4.13797773e-10  4.22505198e+00  4.13797773e-10  4.22487243e+00 
 4.13897773e-10  4.21234779e+00  4.13897773e-10  4.21216786e+00 
 4.13997773e-10  4.19683035e+00  4.13997773e-10  4.19665012e+00 
 4.14097773e-10  4.17854866e+00  4.14097773e-10  4.17836819e+00 
 4.14197773e-10  4.15756026e+00  4.14197773e-10  4.15737963e+00 
 4.14297773e-10  4.13393114e+00  4.14297773e-10  4.13375041e+00 
 4.14397773e-10  4.10773544e+00  4.14397773e-10  4.10755468e+00 
 4.14497773e-10  4.07905526e+00  4.14497773e-10  4.07887455e+00 
 4.14597773e-10  4.04798040e+00  4.14597773e-10  4.04779982e+00 
 4.14697773e-10  4.01460806e+00  4.14697773e-10  4.01442767e+00 
 4.14797773e-10  3.97904255e+00  4.14797773e-10  3.97886242e+00 
 4.14897773e-10  3.94139491e+00  4.14897773e-10  3.94121512e+00 
 4.14997773e-10  3.90178263e+00  4.14997773e-10  3.90160324e+00 
 4.15097773e-10  3.86032921e+00  4.15097773e-10  3.86015028e+00 
 4.15197773e-10  3.81716381e+00  4.15197773e-10  3.81698541e+00 
 4.15297773e-10  3.77242081e+00  4.15297773e-10  3.77224302e+00 
 4.15397773e-10  3.72623943e+00  4.15397773e-10  3.72606229e+00 
 4.15497773e-10  3.67876324e+00  4.15497773e-10  3.67858681e+00 
 4.15597773e-10  3.63013971e+00  4.15597773e-10  3.62996407e+00 
 4.15697773e-10  3.58051981e+00  4.15697773e-10  3.58034499e+00 
 4.15797773e-10  3.53005743e+00  4.15797773e-10  3.52988349e+00 
 4.15897773e-10  3.47890898e+00  4.15897773e-10  3.47873598e+00 
 4.15997773e-10  3.42723287e+00  4.15997773e-10  3.42706085e+00 
 4.16097773e-10  3.37518900e+00  4.16097773e-10  3.37501800e+00 
 4.16197773e-10  3.32293828e+00  4.16197773e-10  3.32276835e+00 
 4.16297773e-10  3.27064211e+00  4.16297773e-10  3.27047329e+00 
 4.16397773e-10  3.21846189e+00  4.16397773e-10  3.21829420e+00 
 4.16497773e-10  3.16655850e+00  4.16497773e-10  3.16639198e+00 
 4.16597773e-10  3.11509182e+00  4.16597773e-10  3.11492650e+00 
 4.16697773e-10  3.06422022e+00  4.16697773e-10  3.06405612e+00 
 4.16797773e-10  3.01410009e+00  4.16797773e-10  3.01393723e+00 
 4.16897773e-10  2.96488532e+00  4.16897773e-10  2.96472372e+00 
 4.16997773e-10  2.91672687e+00  4.16997773e-10  2.91656655e+00 
 4.17097773e-10  2.86977228e+00  4.17097773e-10  2.86961325e+00 
 4.17197773e-10  2.82416524e+00  4.17197773e-10  2.82400750e+00 
 4.17297773e-10  2.78004514e+00  4.17297773e-10  2.77988869e+00 
 4.17397773e-10  2.73754664e+00  4.17397773e-10  2.73739148e+00 
 4.17497773e-10  2.69679929e+00  4.17497773e-10  2.69664541e+00 
 4.17597773e-10  2.65792713e+00  4.17597773e-10  2.65777452e+00 
 4.17697773e-10  2.62104829e+00  4.17697773e-10  2.62089694e+00 
 4.17797773e-10  2.58627471e+00  4.17797773e-10  2.58612460e+00 
 4.17897773e-10  2.55371174e+00  4.17897773e-10  2.55356284e+00 
 4.17997773e-10  2.52345786e+00  4.17997773e-10  2.52331016e+00 
 4.18097773e-10  2.49560441e+00  4.18097773e-10  2.49545787e+00 
 4.18197773e-10  2.47023529e+00  4.18197773e-10  2.47008988e+00 
 4.18297773e-10  2.44742675e+00  4.18297773e-10  2.44728243e+00 
 4.18397773e-10  2.42724716e+00  4.18397773e-10  2.42710388e+00 
 4.18497773e-10  2.40975681e+00  4.18497773e-10  2.40961454e+00 
 4.18597773e-10  2.39500775e+00  4.18597773e-10  2.39486644e+00 
 4.18697773e-10  2.38304367e+00  4.18697773e-10  2.38290326e+00 
 4.18797773e-10  2.37389973e+00  4.18797773e-10  2.37376016e+00 
 4.18897773e-10  2.36760251e+00  4.18897773e-10  2.36746373e+00 
 4.18997773e-10  2.36416991e+00  4.18997773e-10  2.36403187e+00 
 4.19097773e-10  2.36361116e+00  4.19097773e-10  2.36347377e+00 
 4.19197773e-10  2.36592672e+00  4.19197773e-10  2.36578993e+00 
 4.19297773e-10  2.37110835e+00  4.19297773e-10  2.37097209e+00 
 4.19397773e-10  2.37913914e+00  4.19397773e-10  2.37900333e+00 
 4.19497773e-10  2.38999351e+00  4.19497773e-10  2.38985809e+00 
 4.19597773e-10  2.40363736e+00  4.19597773e-10  2.40350225e+00 
 4.19697773e-10  2.42002814e+00  4.19697773e-10  2.41989325e+00 
 4.19797773e-10  2.43911495e+00  4.19797773e-10  2.43898022e+00 
 4.19897773e-10  2.46083877e+00  4.19897773e-10  2.46070411e+00 
 4.19997773e-10  2.48513254e+00  4.19997773e-10  2.48499789e+00 
 4.20097773e-10  2.51192144e+00  4.20097773e-10  2.51178671e+00 
 4.20197773e-10  2.54112307e+00  4.20197773e-10  2.54098817e+00 
 4.20297773e-10  2.57264768e+00  4.20297773e-10  2.57251255e+00 
 4.20397773e-10  2.60639848e+00  4.20397773e-10  2.60626303e+00 
 4.20497773e-10  2.64227188e+00  4.20497773e-10  2.64213604e+00 
 4.20597773e-10  2.68015782e+00  4.20597773e-10  2.68002151e+00 
 4.20697773e-10  2.71994010e+00  4.20697773e-10  2.71980324e+00 
 4.20797773e-10  2.76149669e+00  4.20797773e-10  2.76135922e+00 
 4.20897773e-10  2.80470014e+00  4.20897773e-10  2.80456199e+00 
 4.20997773e-10  2.84941792e+00  4.20997773e-10  2.84927902e+00 
 4.21097773e-10  2.89551286e+00  4.21097773e-10  2.89537314e+00 
 4.21197773e-10  2.94284350e+00  4.21197773e-10  2.94270290e+00 
 4.21297773e-10  2.99126456e+00  4.21297773e-10  2.99112304e+00 
 4.21397773e-10  3.04062739e+00  4.21397773e-10  3.04048488e+00 
 4.21497773e-10  3.09078038e+00  4.21497773e-10  3.09063682e+00 
 4.21597773e-10  3.14156943e+00  4.21597773e-10  3.14142478e+00 
 4.21697773e-10  3.19283844e+00  4.21697773e-10  3.19269266e+00 
 4.21797773e-10  3.24442978e+00  4.21797773e-10  3.24428282e+00 
 4.21897773e-10  3.29618476e+00  4.21897773e-10  3.29603658e+00 
 4.21997773e-10  3.34794412e+00  4.21997773e-10  3.34779470e+00 
 4.22097773e-10  3.39954854e+00  4.22097773e-10  3.39939784e+00 
 4.22197773e-10  3.45083910e+00  4.22197773e-10  3.45068710e+00 
 4.22297773e-10  3.50165781e+00  4.22297773e-10  3.50150449e+00 
 4.22397773e-10  3.55184807e+00  4.22397773e-10  3.55169340e+00 
 4.22497773e-10  3.60125516e+00  4.22497773e-10  3.60109914e+00 
 4.22597773e-10  3.64972673e+00  4.22597773e-10  3.64956935e+00 
 4.22697773e-10  3.69711329e+00  4.22697773e-10  3.69695454e+00 
 4.22797773e-10  3.74326864e+00  4.22797773e-10  3.74310852e+00 
 4.22897773e-10  3.78805036e+00  4.22897773e-10  3.78788887e+00 
 4.22997773e-10  3.83132023e+00  4.22997773e-10  3.83115738e+00 
 4.23097773e-10  3.87294471e+00  4.23097773e-10  3.87278051e+00 
 4.23197773e-10  3.91279529e+00  4.23197773e-10  3.91262975e+00 
 4.23297773e-10  3.95074895e+00  4.23297773e-10  3.95058209e+00 
 4.23397773e-10  3.98668853e+00  4.23397773e-10  3.98652038e+00 
 4.23497773e-10  4.02050310e+00  4.23497773e-10  4.02033368e+00 
 4.23597773e-10  4.05208830e+00  4.23597773e-10  4.05191763e+00 
 4.23697773e-10  4.08134668e+00  4.23697773e-10  4.08117480e+00 
 4.23797773e-10  4.10818801e+00  4.23797773e-10  4.10801496e+00 
 4.23897773e-10  4.13252955e+00  4.23897773e-10  4.13235536e+00 
 4.23997773e-10  4.15429633e+00  4.23997773e-10  4.15412105e+00 
 4.24097773e-10  4.17342137e+00  4.24097773e-10  4.17324505e+00 
 4.24197773e-10  4.18984592e+00  4.24197773e-10  4.18966860e+00 
 4.24297773e-10  4.20351959e+00  4.24297773e-10  4.20334133e+00 
 4.24397773e-10  4.21440058e+00  4.24397773e-10  4.21422142e+00 
 4.24497773e-10  4.22245575e+00  4.24497773e-10  4.22227576e+00 
 4.24597773e-10  4.22766077e+00  4.24597773e-10  4.22748000e+00 
 4.24697773e-10  4.23000016e+00  4.24697773e-10  4.22981867e+00 
 4.24797773e-10  4.22946737e+00  4.24797773e-10  4.22928523e+00 
 4.24897773e-10  4.22606477e+00  4.24897773e-10  4.22588204e+00 
 4.24997773e-10  4.21980368e+00  4.24997773e-10  4.21962042e+00 
 4.25097773e-10  4.21070427e+00  4.25097773e-10  4.21052056e+00 
 4.25197773e-10  4.19879558e+00  4.25197773e-10  4.19861148e+00 
 4.25297773e-10  4.18411536e+00  4.25297773e-10  4.18393094e+00 
 4.25397773e-10  4.16670996e+00  4.25397773e-10  4.16652530e+00 
 4.25497773e-10  4.14663421e+00  4.25497773e-10  4.14644937e+00 
 4.25597773e-10  4.12395122e+00  4.25597773e-10  4.12376628e+00 
 4.25697773e-10  4.09873219e+00  4.25697773e-10  4.09854721e+00 
 4.25797773e-10  4.07105616e+00  4.25797773e-10  4.07087121e+00 
 4.25897773e-10  4.04100980e+00  4.25897773e-10  4.04082496e+00 
 4.25997773e-10  4.00868710e+00  4.25997773e-10  4.00850244e+00 
 4.26097773e-10  3.97418908e+00  4.26097773e-10  3.97400467e+00 
 4.26197773e-10  3.93762348e+00  4.26197773e-10  3.93743939e+00 
 4.26297773e-10  3.89910438e+00  4.26297773e-10  3.89892068e+00 
 4.26397773e-10  3.85875191e+00  4.26397773e-10  3.85856866e+00 
 4.26497773e-10  3.81669179e+00  4.26497773e-10  3.81650906e+00 
 4.26597773e-10  3.77305497e+00  4.26597773e-10  3.77287282e+00 
 4.26697773e-10  3.72797722e+00  4.26697773e-10  3.72779571e+00 
 4.26797773e-10  3.68159869e+00  4.26797773e-10  3.68141788e+00 
 4.26897773e-10  3.63406347e+00  4.26897773e-10  3.63388342e+00 
 4.26997773e-10  3.58551912e+00  4.26997773e-10  3.58533988e+00 
 4.27097773e-10  3.53611623e+00  4.27097773e-10  3.53593786e+00 
 4.27197773e-10  3.48600794e+00  4.27197773e-10  3.48583048e+00 
 4.27297773e-10  3.43534944e+00  4.27297773e-10  3.43517295e+00 
 4.27397773e-10  3.38429750e+00  4.27397773e-10  3.38412202e+00 
 4.27497773e-10  3.33300999e+00  4.27497773e-10  3.33283555e+00 
 4.27597773e-10  3.28164534e+00  4.27597773e-10  3.28147199e+00 
 4.27697773e-10  3.23036210e+00  4.27697773e-10  3.23018987e+00 
 4.27797773e-10  3.17931841e+00  4.27797773e-10  3.17914734e+00 
 4.27897773e-10  3.12867154e+00  4.27897773e-10  3.12850165e+00 
 4.27997773e-10  3.07857736e+00  4.27997773e-10  3.07840868e+00 
 4.28097773e-10  3.02918990e+00  4.28097773e-10  3.02902245e+00 
 4.28197773e-10  2.98066083e+00  4.28197773e-10  2.98049463e+00 
 4.28297773e-10  2.93313906e+00  4.28297773e-10  2.93297412e+00 
 4.28397773e-10  2.88677022e+00  4.28397773e-10  2.88660654e+00 
 4.28497773e-10  2.84169623e+00  4.28497773e-10  2.84153383e+00 
 4.28597773e-10  2.79805491e+00  4.28597773e-10  2.79789379e+00 
 4.28697773e-10  2.75597951e+00  4.28697773e-10  2.75581966e+00 
 4.28797773e-10  2.71559833e+00  4.28797773e-10  2.71543976e+00 
 4.28897773e-10  2.67703435e+00  4.28897773e-10  2.67687703e+00 
 4.28997773e-10  2.64040482e+00  4.28997773e-10  2.64024875e+00 
 4.29097773e-10  2.60582097e+00  4.29097773e-10  2.60566613e+00 
 4.29197773e-10  2.57338764e+00  4.29197773e-10  2.57323401e+00 
 4.29297773e-10  2.54320297e+00  4.29297773e-10  2.54305053e+00 
 4.29397773e-10  2.51535815e+00  4.29397773e-10  2.51520686e+00 
 4.29497773e-10  2.48993712e+00  4.29497773e-10  2.48978695e+00 
 4.29597773e-10  2.46701634e+00  4.29597773e-10  2.46686725e+00 
 4.29697773e-10  2.44666457e+00  4.29697773e-10  2.44651652e+00 
 4.29797773e-10  2.42894269e+00  4.29797773e-10  2.42879564e+00 
 4.29897773e-10  2.41390351e+00  4.29897773e-10  2.41375741e+00 
 4.29997773e-10  2.40159163e+00  4.29997773e-10  2.40144644e+00 
 4.30097773e-10  2.39204334e+00  4.30097773e-10  2.39189898e+00 
 4.30197773e-10  2.38528646e+00  4.30197773e-10  2.38514290e+00 
 4.30297773e-10  2.38134036e+00  4.30297773e-10  2.38119752e+00 
 4.30397773e-10  2.38021582e+00  4.30397773e-10  2.38007364e+00 
 4.30497773e-10  2.38191507e+00  4.30497773e-10  2.38177350e+00 
 4.30597773e-10  2.38643178e+00  4.30597773e-10  2.38629073e+00 
 4.30697773e-10  2.39375105e+00  4.30697773e-10  2.39361046e+00 
 4.30797773e-10  2.40384949e+00  4.30797773e-10  2.40370929e+00 
 4.30897773e-10  2.41669531e+00  4.30897773e-10  2.41655542e+00 
 4.30997773e-10  2.43224838e+00  4.30997773e-10  2.43210873e+00 
 4.31097773e-10  2.45046037e+00  4.31097773e-10  2.45032087e+00 
 4.31197773e-10  2.47127489e+00  4.31197773e-10  2.47113548e+00 
 4.31297773e-10  2.49462767e+00  4.31297773e-10  2.49448827e+00 
 4.31397773e-10  2.52044674e+00  4.31397773e-10  2.52030726e+00 
 4.31497773e-10  2.54865264e+00  4.31497773e-10  2.54851301e+00 
 4.31597773e-10  2.57915865e+00  4.31597773e-10  2.57901879e+00 
 4.31697773e-10  2.61187107e+00  4.31697773e-10  2.61173091e+00 
 4.31797773e-10  2.64668947e+00  4.31797773e-10  2.64654893e+00 
 4.31897773e-10  2.68350699e+00  4.31897773e-10  2.68336600e+00 
 4.31997773e-10  2.72221069e+00  4.31997773e-10  2.72206916e+00 
 4.32097773e-10  2.76268182e+00  4.32097773e-10  2.76253970e+00 
 4.32197773e-10  2.80479625e+00  4.32197773e-10  2.80465345e+00 
 4.32297773e-10  2.84842477e+00  4.32297773e-10  2.84828123e+00 
 4.32397773e-10  2.89343352e+00  4.32397773e-10  2.89328918e+00 
 4.32497773e-10  2.93968437e+00  4.32497773e-10  2.93953918e+00 
 4.32597773e-10  2.98703537e+00  4.32597773e-10  2.98688925e+00 
 4.32697773e-10  3.03534112e+00  4.32697773e-10  3.03519403e+00 
 4.32797773e-10  3.08445327e+00  4.32797773e-10  3.08430514e+00 
 4.32897773e-10  3.13422091e+00  4.32897773e-10  3.13407171e+00 
 4.32997773e-10  3.18449110e+00  4.32997773e-10  3.18434077e+00 
 4.33097773e-10  3.23510926e+00  4.33097773e-10  3.23495778e+00 
 4.33197773e-10  3.28591972e+00  4.33197773e-10  3.28576704e+00 
 4.33297773e-10  3.33676614e+00  4.33297773e-10  3.33661222e+00 
 4.33397773e-10  3.38749202e+00  4.33397773e-10  3.38733683e+00 
 4.33497773e-10  3.43794115e+00  4.33497773e-10  3.43778467e+00 
 4.33597773e-10  3.48795815e+00  4.33597773e-10  3.48780037e+00 
 4.33697773e-10  3.53738891e+00  4.33697773e-10  3.53722979e+00 
 4.33797773e-10  3.58608107e+00  4.33797773e-10  3.58592061e+00 
 4.33897773e-10  3.63388451e+00  4.33897773e-10  3.63372269e+00 
 4.33997773e-10  3.68065179e+00  4.33997773e-10  3.68048862e+00 
 4.34097773e-10  3.72623867e+00  4.34097773e-10  3.72607414e+00 
 4.34197773e-10  3.77050449e+00  4.34197773e-10  3.77033859e+00 
 4.34297773e-10  3.81331264e+00  4.34297773e-10  3.81314539e+00 
 4.34397773e-10  3.85453101e+00  4.34397773e-10  3.85436242e+00 
 4.34497773e-10  3.89403238e+00  4.34497773e-10  3.89386246e+00 
 4.34597773e-10  3.93169482e+00  4.34597773e-10  3.93152358e+00 
 4.34697773e-10  3.96740207e+00  4.34697773e-10  3.96722954e+00 
 4.34797773e-10  4.00104393e+00  4.34797773e-10  4.00087014e+00 
 4.34897773e-10  4.03251659e+00  4.34897773e-10  4.03234156e+00 
 4.34997773e-10  4.06172295e+00  4.34997773e-10  4.06154672e+00 
 4.35097773e-10  4.08857295e+00  4.35097773e-10  4.08839555e+00 
 4.35197773e-10  4.11298383e+00  4.35197773e-10  4.11280529e+00 
 4.35297773e-10  4.13488040e+00  4.35297773e-10  4.13470077e+00 
 4.35397773e-10  4.15419528e+00  4.35397773e-10  4.15401460e+00 
 4.35497773e-10  4.17086912e+00  4.35497773e-10  4.17068744e+00 
 4.35597773e-10  4.18485077e+00  4.35597773e-10  4.18466814e+00 
 4.35697773e-10  4.19609745e+00  4.35697773e-10  4.19591392e+00 
 4.35797773e-10  4.20457488e+00  4.35797773e-10  4.20439052e+00 
 4.35897773e-10  4.21025742e+00  4.35897773e-10  4.21007227e+00 
 4.35997773e-10  4.21312809e+00  4.35997773e-10  4.21294222e+00 
 4.36097773e-10  4.21317868e+00  4.36097773e-10  4.21299215e+00 
 4.36197773e-10  4.21040974e+00  4.36197773e-10  4.21022261e+00 
 4.36297773e-10  4.20483059e+00  4.36297773e-10  4.20464293e+00 
 4.36397773e-10  4.19645929e+00  4.36397773e-10  4.19627117e+00 
 4.36497773e-10  4.18532259e+00  4.36497773e-10  4.18513407e+00 
 4.36597773e-10  4.17145582e+00  4.36597773e-10  4.17126698e+00 
 4.36697773e-10  4.15490280e+00  4.36697773e-10  4.15471370e+00 
 4.36797773e-10  4.13571568e+00  4.36797773e-10  4.13552639e+00 
 4.36897773e-10  4.11395480e+00  4.36897773e-10  4.11376540e+00 
 4.36997773e-10  4.08968847e+00  4.36997773e-10  4.08949903e+00 
 4.37097773e-10  4.06299278e+00  4.37097773e-10  4.06280335e+00 
 4.37197773e-10  4.03395131e+00  4.37197773e-10  4.03376198e+00 
 4.37297773e-10  4.00265492e+00  4.37297773e-10  4.00246576e+00 
 4.37397773e-10  3.96920143e+00  4.37397773e-10  3.96901251e+00 
 4.37497773e-10  3.93369532e+00  4.37497773e-10  3.93350670e+00 
 4.37597773e-10  3.89624739e+00  4.37597773e-10  3.89605914e+00 
 4.37697773e-10  3.85697440e+00  4.37697773e-10  3.85678659e+00 
 4.37797773e-10  3.81599873e+00  4.37797773e-10  3.81581142e+00 
 4.37897773e-10  3.77344796e+00  4.37897773e-10  3.77326122e+00 
 4.37997773e-10  3.72945448e+00  4.37997773e-10  3.72926836e+00 
 4.38097773e-10  3.68415508e+00  4.38097773e-10  3.68396965e+00 
 4.38197773e-10  3.63769049e+00  4.38197773e-10  3.63750580e+00 
 4.38297773e-10  3.59020497e+00  4.38297773e-10  3.59002108e+00 
 4.38397773e-10  3.54184584e+00  4.38397773e-10  3.54166280e+00 
 4.38497773e-10  3.49276300e+00  4.38497773e-10  3.49258085e+00 
 4.38597773e-10  3.44310848e+00  4.38597773e-10  3.44292729e+00 
 4.38697773e-10  3.39303597e+00  4.38697773e-10  3.39285577e+00 
 4.38797773e-10  3.34270030e+00  4.38797773e-10  3.34252114e+00 
 4.38897773e-10  3.29225701e+00  4.38897773e-10  3.29207892e+00 
 4.38997773e-10  3.24186182e+00  4.38997773e-10  3.24168483e+00 
 4.39097773e-10  3.19167015e+00  4.39097773e-10  3.19149430e+00 
 4.39197773e-10  3.14183667e+00  4.39197773e-10  3.14166198e+00 
 4.39297773e-10  3.09251477e+00  4.39297773e-10  3.09234128e+00 
 4.39397773e-10  3.04385614e+00  4.39397773e-10  3.04368386e+00 
 4.39497773e-10  2.99601026e+00  4.39497773e-10  2.99583921e+00 
 4.39597773e-10  2.94912396e+00  4.39597773e-10  2.94895416e+00 
 4.39697773e-10  2.90334096e+00  4.39697773e-10  2.90317242e+00 
 4.39797773e-10  2.85880146e+00  4.39797773e-10  2.85863417e+00 
 4.39897773e-10  2.81564165e+00  4.39897773e-10  2.81547563e+00 
 4.39997773e-10  2.77399337e+00  4.39997773e-10  2.77382862e+00 
 4.40097773e-10  2.73398367e+00  4.40097773e-10  2.73382018e+00 
 4.40197773e-10  2.69573444e+00  4.40197773e-10  2.69557220e+00 
 4.40297773e-10  2.65936204e+00  4.40297773e-10  2.65920103e+00 
 4.40397773e-10  2.62497696e+00  4.40397773e-10  2.62481716e+00 
 4.40497773e-10  2.59268348e+00  4.40497773e-10  2.59252489e+00 
 4.40597773e-10  2.56257939e+00  4.40597773e-10  2.56242197e+00 
 4.40697773e-10  2.53475569e+00  4.40697773e-10  2.53459941e+00 
 4.40797773e-10  2.50929630e+00  4.40797773e-10  2.50914114e+00 
 4.40897773e-10  2.48627786e+00  4.40897773e-10  2.48612377e+00 
 4.40997773e-10  2.46576949e+00  4.40997773e-10  2.46561644e+00 
 4.41097773e-10  2.44783260e+00  4.41097773e-10  2.44768054e+00 
 4.41197773e-10  2.43252069e+00  4.41197773e-10  2.43236958e+00 
 4.41297773e-10  2.41987926e+00  4.41297773e-10  2.41972905e+00 
 4.41397773e-10  2.40994562e+00  4.41397773e-10  2.40979625e+00 
 4.41497773e-10  2.40274882e+00  4.41497773e-10  2.40260024e+00 
 4.41597773e-10  2.39830959e+00  4.41597773e-10  2.39816173e+00 
 4.41697773e-10  2.39664026e+00  4.41697773e-10  2.39649307e+00 
 4.41797773e-10  2.39774473e+00  4.41797773e-10  2.39759814e+00 
 4.41897773e-10  2.40161850e+00  4.41897773e-10  2.40147243e+00 
 4.41997773e-10  2.40824864e+00  4.41997773e-10  2.40810304e+00 
 4.42097773e-10  2.41761389e+00  4.42097773e-10  2.41746868e+00 
 4.42197773e-10  2.42968468e+00  4.42197773e-10  2.42953979e+00 
 4.42297773e-10  2.44442325e+00  4.42297773e-10  2.44427859e+00 
 4.42397773e-10  2.46178375e+00  4.42397773e-10  2.46163926e+00 
 4.42497773e-10  2.48171238e+00  4.42497773e-10  2.48156798e+00 
 4.42597773e-10  2.50414756e+00  4.42597773e-10  2.50400318e+00 
 4.42697773e-10  2.52902011e+00  4.42697773e-10  2.52887566e+00 
 4.42797773e-10  2.55625345e+00  4.42797773e-10  2.55610886e+00 
 4.42897773e-10  2.58576382e+00  4.42897773e-10  2.58561901e+00 
 4.42997773e-10  2.61746053e+00  4.42997773e-10  2.61731542e+00 
 4.43097773e-10  2.65124624e+00  4.43097773e-10  2.65110076e+00 
 4.43197773e-10  2.68701725e+00  4.43197773e-10  2.68687133e+00 
 4.43297773e-10  2.72466377e+00  4.43297773e-10  2.72451734e+00 
 4.43397773e-10  2.76407031e+00  4.43397773e-10  2.76392329e+00 
 4.43497773e-10  2.80511596e+00  4.43497773e-10  2.80496827e+00 
 4.43597773e-10  2.84767477e+00  4.43597773e-10  2.84752636e+00 
 4.43697773e-10  2.89161616e+00  4.43697773e-10  2.89146697e+00 
 4.43797773e-10  2.93680527e+00  4.43797773e-10  2.93665523e+00 
 4.43897773e-10  2.98310338e+00  4.43897773e-10  2.98295243e+00 
 4.43997773e-10  3.03036834e+00  4.43997773e-10  3.03021642e+00 
 4.44097773e-10  3.07845496e+00  4.44097773e-10  3.07830203e+00 
 4.44197773e-10  3.12721552e+00  4.44197773e-10  3.12706153e+00 
 4.44297773e-10  3.17650015e+00  4.44297773e-10  3.17634505e+00 
 4.44397773e-10  3.22615733e+00  4.44397773e-10  3.22600108e+00 
 4.44497773e-10  3.27603433e+00  4.44497773e-10  3.27587689e+00 
 4.44597773e-10  3.32597770e+00  4.44597773e-10  3.32581903e+00 
 4.44697773e-10  3.37583372e+00  4.44697773e-10  3.37567380e+00 
 4.44797773e-10  3.42544890e+00  4.44797773e-10  3.42528770e+00 
 4.44897773e-10  3.47467042e+00  4.44897773e-10  3.47450792e+00 
 4.44997773e-10  3.52334664e+00  4.44997773e-10  3.52318282e+00 
 4.45097773e-10  3.57132754e+00  4.45097773e-10  3.57116239e+00 
 4.45197773e-10  3.61846521e+00  4.45197773e-10  3.61829872e+00 
 4.45297773e-10  3.66461430e+00  4.45297773e-10  3.66444645e+00 
 4.45397773e-10  3.70963246e+00  4.45397773e-10  3.70946326e+00 
 4.45497773e-10  3.75338082e+00  4.45497773e-10  3.75321027e+00 
 4.45597773e-10  3.79572440e+00  4.45597773e-10  3.79555250e+00 
 4.45697773e-10  3.83653251e+00  4.45697773e-10  3.83635928e+00 
 4.45797773e-10  3.87567923e+00  4.45797773e-10  3.87550467e+00 
 4.45897773e-10  3.91304372e+00  4.45897773e-10  3.91286785e+00 
 4.45997773e-10  3.94851068e+00  4.45997773e-10  3.94833353e+00 
 4.46097773e-10  3.98197065e+00  4.46097773e-10  3.98179223e+00 
 4.46197773e-10  4.01332038e+00  4.46197773e-10  4.01314073e+00 
 4.46297773e-10  4.04246318e+00  4.46297773e-10  4.04228233e+00 
 4.46397773e-10  4.06930918e+00  4.46397773e-10  4.06912715e+00 
 4.46497773e-10  4.09377563e+00  4.46497773e-10  4.09359247e+00 
 4.46597773e-10  4.11578717e+00  4.46597773e-10  4.11560292e+00 
 4.46697773e-10  4.13527607e+00  4.46697773e-10  4.13509077e+00 
 4.46797773e-10  4.15218243e+00  4.46797773e-10  4.15199613e+00 
 4.46897773e-10  4.16645438e+00  4.46897773e-10  4.16626713e+00 
 4.46997773e-10  4.17804823e+00  4.46997773e-10  4.17786008e+00 
 4.47097773e-10  4.18692863e+00  4.47097773e-10  4.18673964e+00 
 4.47197773e-10  4.19306865e+00  4.47197773e-10  4.19287888e+00 
 4.47297773e-10  4.19644992e+00  4.47297773e-10  4.19625942e+00 
 4.47397773e-10  4.19706259e+00  4.47397773e-10  4.19687143e+00 
 4.47497773e-10  4.19490549e+00  4.47497773e-10  4.19471372e+00 
 4.47597773e-10  4.18998600e+00  4.47597773e-10  4.18979369e+00 
 4.47697773e-10  4.18232013e+00  4.47697773e-10  4.18212736e+00 
 4.47797773e-10  4.17193242e+00  4.47797773e-10  4.17173924e+00 
 4.47897773e-10  4.15885586e+00  4.47897773e-10  4.15866234e+00 
 4.47997773e-10  4.14313179e+00  4.47997773e-10  4.14293800e+00 
 4.48097773e-10  4.12480978e+00  4.48097773e-10  4.12461580e+00 
 4.48197773e-10  4.10394746e+00  4.48197773e-10  4.10375335e+00 
 4.48297773e-10  4.08061033e+00  4.48297773e-10  4.08041616e+00 
 4.48397773e-10  4.05487156e+00  4.48397773e-10  4.05467741e+00 
 4.48497773e-10  4.02681178e+00  4.48497773e-10  4.02661771e+00 
 4.48597773e-10  3.99651877e+00  4.48597773e-10  3.99632485e+00 
 4.48697773e-10  3.96408721e+00  4.48697773e-10  3.96389352e+00 
 4.48797773e-10  3.92961841e+00  4.48797773e-10  3.92942500e+00 
 4.48897773e-10  3.89321991e+00  4.48897773e-10  3.89302686e+00 
 4.48997773e-10  3.85500523e+00  4.48997773e-10  3.85481261e+00 
 4.49097773e-10  3.81509345e+00  4.49097773e-10  3.81490131e+00 
 4.49197773e-10  3.77360883e+00  4.49197773e-10  3.77341724e+00 
 4.49297773e-10  3.73068046e+00  4.49297773e-10  3.73048948e+00 
 4.49397773e-10  3.68644182e+00  4.49397773e-10  3.68625151e+00 
 4.49497773e-10  3.64103035e+00  4.49497773e-10  3.64084077e+00 
 4.49597773e-10  3.59458706e+00  4.49597773e-10  3.59439826e+00 
 4.49697773e-10  3.54725602e+00  4.49697773e-10  3.54706806e+00 
 4.49797773e-10  3.49918398e+00  4.49797773e-10  3.49899690e+00 
 4.49897773e-10  3.45051984e+00  4.49897773e-10  3.45033370e+00 
 4.49997773e-10  3.40141424e+00  4.49997773e-10  3.40122907e+00 
 4.50097773e-10  3.35201904e+00  4.50097773e-10  3.35183489e+00 
 4.50197773e-10  3.30248689e+00  4.50197773e-10  3.30230379e+00 
 4.50297773e-10  3.25297070e+00  4.50297773e-10  3.25278870e+00 
 4.50397773e-10  3.20362323e+00  4.50397773e-10  3.20344235e+00 
 4.50497773e-10  3.15459655e+00  4.50497773e-10  3.15441683e+00 
 4.50597773e-10  3.10604162e+00  4.50597773e-10  3.10586307e+00 
 4.50697773e-10  3.05810777e+00  4.50697773e-10  3.05793042e+00 
 4.50797773e-10  3.01094231e+00  4.50797773e-10  3.01076618e+00 
 4.50897773e-10  2.96469001e+00  4.50897773e-10  2.96451510e+00 
 4.50997773e-10  2.91949268e+00  4.50997773e-10  2.91931902e+00 
 4.51097773e-10  2.87548875e+00  4.51097773e-10  2.87531634e+00 
 4.51197773e-10  2.83281285e+00  4.51197773e-10  2.83264169e+00 
 4.51297773e-10  2.79159536e+00  4.51297773e-10  2.79142545e+00 
 4.51397773e-10  2.75196207e+00  4.51397773e-10  2.75179341e+00 
 4.51497773e-10  2.71403376e+00  4.51497773e-10  2.71386634e+00 
 4.51597773e-10  2.67792587e+00  4.51597773e-10  2.67775968e+00 
 4.51697773e-10  2.64374814e+00  4.51697773e-10  2.64358316e+00 
 4.51797773e-10  2.61160428e+00  4.51797773e-10  2.61144048e+00 
 4.51897773e-10  2.58159167e+00  4.51897773e-10  2.58142903e+00 
 4.51997773e-10  2.55380107e+00  4.51997773e-10  2.55363958e+00 
 4.52097773e-10  2.52831639e+00  4.52097773e-10  2.52815600e+00 
 4.52197773e-10  2.50521438e+00  4.52197773e-10  2.50505506e+00 
 4.52297773e-10  2.48456448e+00  4.52297773e-10  2.48440619e+00 
 4.52397773e-10  2.46642856e+00  4.52397773e-10  2.46627126e+00 
 4.52497773e-10  2.45086081e+00  4.52497773e-10  2.45070445e+00 
 4.52597773e-10  2.43790752e+00  4.52597773e-10  2.43775205e+00 
 4.52697773e-10  2.42760701e+00  4.52697773e-10  2.42745238e+00 
 4.52797773e-10  2.41998949e+00  4.52797773e-10  2.41983564e+00 
 4.52897773e-10  2.41507700e+00  4.52897773e-10  2.41492387e+00 
 4.52997773e-10  2.41288333e+00  4.52997773e-10  2.41273087e+00 
 4.53097773e-10  2.41341402e+00  4.53097773e-10  2.41326215e+00 
 4.53197773e-10  2.41666632e+00  4.53197773e-10  2.41651499e+00 
 4.53297773e-10  2.42262922e+00  4.53297773e-10  2.42247836e+00 
 4.53397773e-10  2.43128351e+00  4.53397773e-10  2.43113303e+00 
 4.53497773e-10  2.44260177e+00  4.53497773e-10  2.44245162e+00 
 4.53597773e-10  2.45654856e+00  4.53597773e-10  2.45639866e+00 
 4.53697773e-10  2.47308043e+00  4.53697773e-10  2.47293070e+00 
 4.53797773e-10  2.49214612e+00  4.53797773e-10  2.49199648e+00 
 4.53897773e-10  2.51368665e+00  4.53897773e-10  2.51353704e+00 
 4.53997773e-10  2.53763558e+00  4.53997773e-10  2.53748591e+00 
 4.54097773e-10  2.56391912e+00  4.54097773e-10  2.56376932e+00 
 4.54197773e-10  2.59245641e+00  4.54197773e-10  2.59230639e+00 
 4.54297773e-10  2.62315971e+00  4.54297773e-10  2.62300940e+00 
 4.54397773e-10  2.65593470e+00  4.54397773e-10  2.65578404e+00 
 4.54497773e-10  2.69068076e+00  4.54497773e-10  2.69052967e+00 
 4.54597773e-10  2.72729123e+00  4.54597773e-10  2.72713963e+00 
 4.54697773e-10  2.76565375e+00  4.54697773e-10  2.76550157e+00 
 4.54797773e-10  2.80565061e+00  4.54797773e-10  2.80549778e+00 
 4.54897773e-10  2.84715906e+00  4.54897773e-10  2.84700552e+00 
 4.54997773e-10  2.89005173e+00  4.54997773e-10  2.88989741e+00 
 4.55097773e-10  2.93419695e+00  4.55097773e-10  2.93404180e+00 
 4.55197773e-10  2.97945922e+00  4.55197773e-10  2.97930317e+00 
 4.55297773e-10  3.02569954e+00  4.55297773e-10  3.02554254e+00 
 4.55397773e-10  3.07277588e+00  4.55397773e-10  3.07261789e+00 
 4.55497773e-10  3.12054362e+00  4.55497773e-10  3.12038457e+00 
 4.55597773e-10  3.16885595e+00  4.55597773e-10  3.16869580e+00 
 4.55697773e-10  3.21756432e+00  4.55697773e-10  3.21740303e+00 
 4.55797773e-10  3.26651895e+00  4.55797773e-10  3.26635648e+00 
 4.55897773e-10  3.31556922e+00  4.55897773e-10  3.31540555e+00 
 4.55997773e-10  3.36456418e+00  4.55997773e-10  3.36439927e+00 
 4.56097773e-10  3.41335300e+00  4.56097773e-10  3.41318681e+00 
 4.56197773e-10  3.46178541e+00  4.56197773e-10  3.46161793e+00 
 4.56297773e-10  3.50971222e+00  4.56297773e-10  3.50954344e+00 
 4.56397773e-10  3.55698575e+00  4.56397773e-10  3.55681563e+00 
 4.56497773e-10  3.60346026e+00  4.56497773e-10  3.60328881e+00 
 4.56597773e-10  3.64899248e+00  4.56597773e-10  3.64881969e+00 
 4.56697773e-10  3.69344197e+00  4.56697773e-10  3.69326784e+00 
 4.56797773e-10  3.73667164e+00  4.56797773e-10  3.73649616e+00 
 4.56897773e-10  3.77854811e+00  4.56897773e-10  3.77837129e+00 
 4.56997773e-10  3.81894217e+00  4.56997773e-10  3.81876402e+00 
 4.57097773e-10  3.85772917e+00  4.57097773e-10  3.85754971e+00 
 4.57197773e-10  3.89478942e+00  4.57197773e-10  3.89460865e+00 
 4.57297773e-10  3.93000854e+00  4.57297773e-10  3.92982649e+00 
 4.57397773e-10  3.96327787e+00  4.57397773e-10  3.96309456e+00 
 4.57497773e-10  3.99449476e+00  4.57497773e-10  3.99431022e+00 
 4.57597773e-10  4.02356292e+00  4.57597773e-10  4.02337717e+00 
 4.57697773e-10  4.05039272e+00  4.57697773e-10  4.05020580e+00 
 4.57797773e-10  4.07490146e+00  4.57797773e-10  4.07471342e+00 
 4.57897773e-10  4.09701367e+00  4.57897773e-10  4.09682453e+00 
 4.57997773e-10  4.11666129e+00  4.57997773e-10  4.11647110e+00 
 4.58097773e-10  4.13378393e+00  4.58097773e-10  4.13359274e+00 
 4.58197773e-10  4.14832904e+00  4.58197773e-10  4.14813691e+00 
 4.58297773e-10  4.16025209e+00  4.58297773e-10  4.16005905e+00 
 4.58397773e-10  4.16951669e+00  4.58397773e-10  4.16932281e+00 
 4.58497773e-10  4.17609473e+00  4.58497773e-10  4.17590005e+00 
 4.58597773e-10  4.17996643e+00  4.58597773e-10  4.17977102e+00 
 4.58697773e-10  4.18112045e+00  4.58697773e-10  4.18092437e+00 
 4.58797773e-10  4.17955389e+00  4.58797773e-10  4.17935721e+00 
 4.58897773e-10  4.17527232e+00  4.58897773e-10  4.17507509e+00 
 4.58997773e-10  4.16828972e+00  4.58997773e-10  4.16809202e+00 
 4.59097773e-10  4.15862852e+00  4.59097773e-10  4.15843039e+00 
 4.59197773e-10  4.14631941e+00  4.59197773e-10  4.14612095e+00 
 4.59297773e-10  4.13140136e+00  4.59297773e-10  4.13120262e+00 
 4.59397773e-10  4.11392140e+00  4.59397773e-10  4.11372245e+00 
 4.59497773e-10  4.09393454e+00  4.59497773e-10  4.09373545e+00 
 4.59597773e-10  4.07150354e+00  4.59597773e-10  4.07130438e+00 
 4.59697773e-10  4.04669874e+00  4.59697773e-10  4.04649959e+00 
 4.59797773e-10  4.01959785e+00  4.59797773e-10  4.01939876e+00 
 4.59897773e-10  3.99028565e+00  4.59897773e-10  3.99008671e+00 
 4.59997773e-10  3.95885379e+00  4.59997773e-10  3.95865505e+00 
 4.60097773e-10  3.92540042e+00  4.60097773e-10  3.92520196e+00 
 4.60197773e-10  3.89002996e+00  4.60197773e-10  3.88983185e+00 
 4.60297773e-10  3.85285270e+00  4.60297773e-10  3.85265500e+00 
 4.60397773e-10  3.81398450e+00  4.60397773e-10  3.81378726e+00 
 4.60497773e-10  3.77354637e+00  4.60497773e-10  3.77334968e+00 
 4.60597773e-10  3.73166416e+00  4.60597773e-10  3.73146806e+00 
 4.60697773e-10  3.68846810e+00  4.60697773e-10  3.68827265e+00 
 4.60797773e-10  3.64409239e+00  4.60797773e-10  3.64389766e+00 
 4.60897773e-10  3.59867483e+00  4.60897773e-10  3.59848086e+00 
 4.60997773e-10  3.55235633e+00  4.60997773e-10  3.55216318e+00 
 4.61097773e-10  3.50528050e+00  4.61097773e-10  3.50508822e+00 
 4.61197773e-10  3.45759317e+00  4.61197773e-10  3.45740181e+00 
 4.61297773e-10  3.40944196e+00  4.61297773e-10  3.40925156e+00 
 4.61397773e-10  3.36097582e+00  4.61397773e-10  3.36078642e+00 
 4.61497773e-10  3.31234451e+00  4.61497773e-10  3.31215615e+00 
 4.61597773e-10  3.26369821e+00  4.61597773e-10  3.26351093e+00 
 4.61697773e-10  3.21518699e+00  4.61697773e-10  3.21500082e+00 
 4.61797773e-10  3.16696040e+00  4.61797773e-10  3.16677536e+00 
 4.61897773e-10  3.11916692e+00  4.61897773e-10  3.11898306e+00 
 4.61997773e-10  3.07195362e+00  4.61997773e-10  3.07177093e+00 
 4.62097773e-10  3.02546558e+00  4.62097773e-10  3.02528409e+00 
 4.62197773e-10  2.97984553e+00  4.62197773e-10  2.97966527e+00 
 4.62297773e-10  2.93523340e+00  4.62297773e-10  2.93505437e+00 
 4.62397773e-10  2.89176586e+00  4.62397773e-10  2.89158806e+00 
 4.62497773e-10  2.84957592e+00  4.62497773e-10  2.84939936e+00 
 4.62597773e-10  2.80879254e+00  4.62597773e-10  2.80861722e+00 
 4.62697773e-10  2.76954021e+00  4.62697773e-10  2.76936612e+00 
 4.62797773e-10  2.73193860e+00  4.62797773e-10  2.73176575e+00 
 4.62897773e-10  2.69610221e+00  4.62897773e-10  2.69593057e+00 
 4.62997773e-10  2.66214000e+00  4.62997773e-10  2.66196955e+00 
 4.63097773e-10  2.63015506e+00  4.63097773e-10  2.62998580e+00 
 4.63197773e-10  2.60024436e+00  4.63197773e-10  2.60007625e+00 
 4.63297773e-10  2.57249841e+00  4.63297773e-10  2.57233143e+00 
 4.63397773e-10  2.54700101e+00  4.63397773e-10  2.54683513e+00 
 4.63497773e-10  2.52382902e+00  4.63497773e-10  2.52366420e+00 
 4.63597773e-10  2.50305214e+00  4.63597773e-10  2.50288835e+00 
 4.63697773e-10  2.48473269e+00  4.63697773e-10  2.48456988e+00 
 4.63797773e-10  2.46892545e+00  4.63797773e-10  2.46876357e+00 
 4.63897773e-10  2.45567749e+00  4.63897773e-10  2.45551650e+00 
 4.63997773e-10  2.44502807e+00  4.63997773e-10  2.44486792e+00 
 4.64097773e-10  2.43700851e+00  4.64097773e-10  2.43684913e+00 
 4.64197773e-10  2.43164208e+00  4.64197773e-10  2.43148343e+00 
 4.64297773e-10  2.42894402e+00  4.64297773e-10  2.42878603e+00 
 4.64397773e-10  2.42892140e+00  4.64397773e-10  2.42876402e+00 
 4.64497773e-10  2.43157320e+00  4.64497773e-10  2.43141635e+00 
 4.64597773e-10  2.43689025e+00  4.64597773e-10  2.43673386e+00 
 4.64697773e-10  2.44485530e+00  4.64697773e-10  2.44469931e+00 
 4.64797773e-10  2.45544307e+00  4.64797773e-10  2.45528740e+00 
 4.64897773e-10  2.46862033e+00  4.64897773e-10  2.46846491e+00 
 4.64997773e-10  2.48434598e+00  4.64997773e-10  2.48419074e+00 
 4.65097773e-10  2.50257121e+00  4.65097773e-10  2.50241607e+00 
 4.65197773e-10  2.52323962e+00  4.65197773e-10  2.52308450e+00 
 4.65297773e-10  2.54628739e+00  4.65297773e-10  2.54613222e+00 
 4.65397773e-10  2.57164349e+00  4.65397773e-10  2.57148820e+00 
 4.65497773e-10  2.59922988e+00  4.65497773e-10  2.59907438e+00 
 4.65597773e-10  2.62896170e+00  4.65597773e-10  2.62880593e+00 
 4.65697773e-10  2.66074761e+00  4.65697773e-10  2.66059149e+00 
 4.65797773e-10  2.69448997e+00  4.65797773e-10  2.69433343e+00 
 4.65897773e-10  2.73008519e+00  4.65897773e-10  2.72992815e+00 
 4.65997773e-10  2.76742400e+00  4.65997773e-10  2.76726640e+00 
 4.66097773e-10  2.80639181e+00  4.66097773e-10  2.80623357e+00 
 4.66197773e-10  2.84686901e+00  4.66197773e-10  2.84671007e+00 
 4.66297773e-10  2.88873138e+00  4.66297773e-10  2.88857168e+00 
 4.66397773e-10  2.93185041e+00  4.66397773e-10  2.93168988e+00 
 4.66497773e-10  2.97609373e+00  4.66497773e-10  2.97593231e+00 
 4.66597773e-10  3.02132546e+00  4.66597773e-10  3.02116310e+00 
 4.66697773e-10  3.06740667e+00  4.66697773e-10  3.06724333e+00 
 4.66797773e-10  3.11419580e+00  4.66797773e-10  3.11403141e+00 
 4.66897773e-10  3.16154902e+00  4.66897773e-10  3.16138355e+00 
 4.66997773e-10  3.20932078e+00  4.66997773e-10  3.20915418e+00 
 4.67097773e-10  3.25736415e+00  4.67097773e-10  3.25719638e+00 
 4.67197773e-10  3.30553133e+00  4.67197773e-10  3.30536237e+00 
 4.67297773e-10  3.35367410e+00  4.67297773e-10  3.35350390e+00 
 4.67397773e-10  3.40164426e+00  4.67397773e-10  3.40147280e+00 
 4.67497773e-10  3.44929408e+00  4.67497773e-10  3.44912134e+00 
 4.67597773e-10  3.49647679e+00  4.67597773e-10  3.49630275e+00 
 4.67697773e-10  3.54304701e+00  4.67697773e-10  3.54287166e+00 
 4.67797773e-10  3.58886120e+00  4.67797773e-10  3.58868452e+00 
 4.67897773e-10  3.63377813e+00  4.67897773e-10  3.63360011e+00 
 4.67997773e-10  3.67765928e+00  4.67997773e-10  3.67747993e+00 
 4.68097773e-10  3.72036931e+00  4.68097773e-10  3.72018862e+00 
 4.68197773e-10  3.76177648e+00  4.68197773e-10  3.76159446e+00 
 4.68297773e-10  3.80175304e+00  4.68297773e-10  3.80156969e+00 
 4.68397773e-10  3.84017564e+00  4.68397773e-10  3.83999098e+00 
 4.68497773e-10  3.87692572e+00  4.68497773e-10  3.87673976e+00 
 4.68597773e-10  3.91188988e+00  4.68597773e-10  3.91170264e+00 
 4.68697773e-10  3.94496025e+00  4.68697773e-10  3.94477175e+00 
 4.68797773e-10  3.97603480e+00  4.68797773e-10  3.97584508e+00 
 4.68897773e-10  4.00501770e+00  4.68897773e-10  4.00482678e+00 
 4.68997773e-10  4.03181958e+00  4.68997773e-10  4.03162749e+00 
 4.69097773e-10  4.05635784e+00  4.69097773e-10  4.05616462e+00 
 4.69197773e-10  4.07855691e+00  4.69197773e-10  4.07836260e+00 
 4.69297773e-10  4.09834846e+00  4.69297773e-10  4.09815310e+00 
 4.69397773e-10  4.11567165e+00  4.69397773e-10  4.11547529e+00 
 4.69497773e-10  4.13047331e+00  4.69497773e-10  4.13027600e+00 
 4.69597773e-10  4.14270811e+00  4.69597773e-10  4.14250989e+00 
 4.69697773e-10  4.15233869e+00  4.69697773e-10  4.15213961e+00 
 4.69797773e-10  4.15933577e+00  4.69797773e-10  4.15913591e+00 
 4.69897773e-10  4.16367829e+00  4.69897773e-10  4.16347769e+00 
 4.69997773e-10  4.16535343e+00  4.69997773e-10  4.16515215e+00 
 4.70097773e-10  4.16435666e+00  4.70097773e-10  4.16415477e+00 
 4.70197773e-10  4.16069176e+00  4.70197773e-10  4.16048931e+00 
 4.70297773e-10  4.15437080e+00  4.70297773e-10  4.15416787e+00 
 4.70397773e-10  4.14541411e+00  4.70397773e-10  4.14521076e+00 
 4.70497773e-10  4.13385021e+00  4.70497773e-10  4.13364651e+00 
 4.70597773e-10  4.11971572e+00  4.70597773e-10  4.11951173e+00 
 4.70697773e-10  4.10305523e+00  4.70697773e-10  4.10285102e+00 
 4.70797773e-10  4.08392118e+00  4.70797773e-10  4.08371682e+00 
 4.70897773e-10  4.06237367e+00  4.70897773e-10  4.06216923e+00 
 4.70997773e-10  4.03848029e+00  4.70997773e-10  4.03827584e+00 
 4.71097773e-10  4.01231588e+00  4.71097773e-10  4.01211150e+00 
 4.71197773e-10  3.98396233e+00  4.71197773e-10  3.98375807e+00 
 4.71297773e-10  3.95350827e+00  4.71297773e-10  3.95330421e+00 
 4.71397773e-10  3.92104883e+00  4.71397773e-10  3.92084503e+00 
 4.71497773e-10  3.88668530e+00  4.71497773e-10  3.88648183e+00 
 4.71597773e-10  3.85052486e+00  4.71597773e-10  3.85032179e+00 
 4.71697773e-10  3.81268019e+00  4.71697773e-10  3.81247758e+00 
 4.71797773e-10  3.77326914e+00  4.71797773e-10  3.77306705e+00 
 4.71897773e-10  3.73241435e+00  4.71897773e-10  3.73221283e+00 
 4.71997773e-10  3.69024285e+00  4.71997773e-10  3.69004198e+00 
 4.72097773e-10  3.64688569e+00  4.72097773e-10  3.64668552e+00 
 4.72197773e-10  3.60247750e+00  4.72197773e-10  3.60227808e+00 
 4.72297773e-10  3.55715607e+00  4.72297773e-10  3.55695745e+00 
 4.72397773e-10  3.51106192e+00  4.72397773e-10  3.51086416e+00 
 4.72497773e-10  3.46433786e+00  4.72497773e-10  3.46414101e+00 
 4.72597773e-10  3.41712855e+00  4.72597773e-10  3.41693264e+00 
 4.72697773e-10  3.36958001e+00  4.72697773e-10  3.36938509e+00 
 4.72797773e-10  3.32183922e+00  4.72797773e-10  3.32164532e+00 
 4.72897773e-10  3.27405360e+00  4.72897773e-10  3.27386076e+00 
 4.72997773e-10  3.22637060e+00  4.72997773e-10  3.22617885e+00 
 4.73097773e-10  3.17893721e+00  4.73097773e-10  3.17874659e+00 
 4.73197773e-10  3.13189955e+00  4.73197773e-10  3.13171008e+00 
 4.73297773e-10  3.08540233e+00  4.73297773e-10  3.08521403e+00 
 4.73397773e-10  3.03958850e+00  4.73397773e-10  3.03940139e+00 
 4.73497773e-10  2.99459874e+00  4.73497773e-10  2.99441284e+00 
 4.73597773e-10  2.95057108e+00  4.73597773e-10  2.95038639e+00 
 4.73697773e-10  2.90764043e+00  4.73697773e-10  2.90745696e+00 
 4.73797773e-10  2.86593820e+00  4.73797773e-10  2.86575596e+00 
 4.73897773e-10  2.82559189e+00  4.73897773e-10  2.82541088e+00 
 4.73997773e-10  2.78672472e+00  4.73997773e-10  2.78654493e+00 
 4.74097773e-10  2.74945521e+00  4.74097773e-10  2.74927664e+00 
 4.74197773e-10  2.71389691e+00  4.74197773e-10  2.71371954e+00 
 4.74297773e-10  2.68015795e+00  4.74297773e-10  2.67998177e+00 
 4.74397773e-10  2.64834083e+00  4.74397773e-10  2.64816582e+00 
 4.74497773e-10  2.61854204e+00  4.74497773e-10  2.61836818e+00 
 4.74597773e-10  2.59085180e+00  4.74597773e-10  2.59067905e+00 
 4.74697773e-10  2.56535379e+00  4.74697773e-10  2.56518214e+00 
 4.74797773e-10  2.54212494e+00  4.74797773e-10  2.54195434e+00 
 4.74897773e-10  2.52123516e+00  4.74897773e-10  2.52106558e+00 
 4.74997773e-10  2.50274716e+00  4.74997773e-10  2.50257856e+00 
 4.75097773e-10  2.48671629e+00  4.75097773e-10  2.48654861e+00 
 4.75197773e-10  2.47319034e+00  4.75197773e-10  2.47302355e+00 
 4.75297773e-10  2.46220947e+00  4.75297773e-10  2.46204351e+00 
 4.75397773e-10  2.45380602e+00  4.75397773e-10  2.45364084e+00 
 4.75497773e-10  2.44800450e+00  4.75497773e-10  2.44784004e+00 
 4.75597773e-10  2.44482147e+00  4.75597773e-10  2.44465767e+00 
 4.75697773e-10  2.44426553e+00  4.75697773e-10  2.44410233e+00 
 4.75797773e-10  2.44633728e+00  4.75797773e-10  2.44617462e+00 
 4.75897773e-10  2.45102936e+00  4.75897773e-10  2.45086716e+00 
 4.75997773e-10  2.45832643e+00  4.75997773e-10  2.45816463e+00 
 4.76097773e-10  2.46820525e+00  4.76097773e-10  2.46804378e+00 
 4.76197773e-10  2.48063475e+00  4.76197773e-10  2.48047353e+00 
 4.76297773e-10  2.49557613e+00  4.76297773e-10  2.49541509e+00 
 4.76397773e-10  2.51298295e+00  4.76397773e-10  2.51282202e+00 
 4.76497773e-10  2.53280132e+00  4.76497773e-10  2.53264042e+00 
 4.76597773e-10  2.55497000e+00  4.76597773e-10  2.55480905e+00 
 4.76697773e-10  2.57942063e+00  4.76697773e-10  2.57925956e+00 
 4.76797773e-10  2.60607791e+00  4.76797773e-10  2.60591666e+00 
 4.76897773e-10  2.63485984e+00  4.76897773e-10  2.63469832e+00 
 4.76997773e-10  2.66567795e+00  4.76997773e-10  2.66551608e+00 
 4.77097773e-10  2.69843754e+00  4.77097773e-10  2.69827526e+00 
 4.77197773e-10  2.73303802e+00  4.77197773e-10  2.73287525e+00 
 4.77297773e-10  2.76937315e+00  4.77297773e-10  2.76920983e+00 
 4.77397773e-10  2.80733140e+00  4.77397773e-10  2.80716745e+00 
 4.77497773e-10  2.84679624e+00  4.77497773e-10  2.84663161e+00 
 4.77597773e-10  2.88764655e+00  4.77597773e-10  2.88748115e+00 
 4.77697773e-10  2.92975690e+00  4.77697773e-10  2.92959069e+00 
 4.77797773e-10  2.97299800e+00  4.77797773e-10  2.97283092e+00 
 4.77897773e-10  3.01723707e+00  4.77897773e-10  3.01706906e+00 
 4.77997773e-10  3.06233821e+00  4.77997773e-10  3.06216922e+00 
 4.78097773e-10  3.10816285e+00  4.78097773e-10  3.10799283e+00 
 4.78197773e-10  3.15457016e+00  4.78197773e-10  3.15439906e+00 
 4.78297773e-10  3.20141746e+00  4.78297773e-10  3.20124525e+00 
 4.78397773e-10  3.24856070e+00  4.78397773e-10  3.24838734e+00 
 4.78497773e-10  3.29585485e+00  4.78497773e-10  3.29568030e+00 
 4.78597773e-10  3.34315438e+00  4.78597773e-10  3.34297860e+00 
 4.78697773e-10  3.39031369e+00  4.78697773e-10  3.39013666e+00 
 4.78797773e-10  3.43718756e+00  4.78797773e-10  3.43700926e+00 
 4.78897773e-10  3.48363164e+00  4.78897773e-10  3.48345205e+00 
 4.78997773e-10  3.52950281e+00  4.78997773e-10  3.52932191e+00 
 4.79097773e-10  3.57465973e+00  4.79097773e-10  3.57447751e+00 
 4.79197773e-10  3.61896318e+00  4.79197773e-10  3.61877963e+00 
 4.79297773e-10  3.66227657e+00  4.79297773e-10  3.66209169e+00 
 4.79397773e-10  3.70446632e+00  4.79397773e-10  3.70428011e+00 
 4.79497773e-10  3.74540231e+00  4.79497773e-10  3.74521477e+00 
 4.79597773e-10  3.78495825e+00  4.79597773e-10  3.78476939e+00 
 4.79697773e-10  3.82301210e+00  4.79697773e-10  3.82282194e+00 
 4.79797773e-10  3.85944647e+00  4.79797773e-10  3.85925501e+00 
 4.79897773e-10  3.89414894e+00  4.79897773e-10  3.89395620e+00 
 4.79997773e-10  3.92701244e+00  4.79997773e-10  3.92681846e+00 
 4.80097773e-10  3.95793561e+00  4.80097773e-10  3.95774040e+00 
 4.80197773e-10  3.98682308e+00  4.80197773e-10  3.98662667e+00 
 4.80297773e-10  4.01358579e+00  4.80297773e-10  4.01338821e+00 
 4.80397773e-10  4.03814125e+00  4.80397773e-10  4.03794255e+00 
 4.80497773e-10  4.06041385e+00  4.80497773e-10  4.06021405e+00 
 4.80597773e-10  4.08033503e+00  4.80597773e-10  4.08013418e+00 
 4.80697773e-10  4.09784355e+00  4.80697773e-10  4.09764170e+00 
 4.80797773e-10  4.11288566e+00  4.80797773e-10  4.11268285e+00 
 4.80897773e-10  4.12541526e+00  4.80897773e-10  4.12521155e+00 
 4.80997773e-10  4.13539409e+00  4.80997773e-10  4.13518952e+00 
 4.81097773e-10  4.14279179e+00  4.81097773e-10  4.14258642e+00 
 4.81197773e-10  4.14758603e+00  4.81197773e-10  4.14737992e+00 
 4.81297773e-10  4.14976259e+00  4.81297773e-10  4.14955579e+00 
 4.81397773e-10  4.14931535e+00  4.81397773e-10  4.14910794e+00 
 4.81497773e-10  4.14624639e+00  4.81497773e-10  4.14603842e+00 
 4.81597773e-10  4.14056592e+00  4.81597773e-10  4.14035746e+00 
 4.81697773e-10  4.13229226e+00  4.81697773e-10  4.13208337e+00 
 4.81797773e-10  4.12145180e+00  4.81797773e-10  4.12124254e+00 
 4.81897773e-10  4.10807888e+00  4.81897773e-10  4.10786933e+00 
 4.81997773e-10  4.09221573e+00  4.81997773e-10  4.09200596e+00 
 4.82097773e-10  4.07391229e+00  4.82097773e-10  4.07370236e+00 
 4.82197773e-10  4.05322607e+00  4.82197773e-10  4.05301605e+00 
 4.82297773e-10  4.03022197e+00  4.82297773e-10  4.03001192e+00 
 4.82397773e-10  4.00497205e+00  4.82397773e-10  4.00476205e+00 
 4.82497773e-10  3.97755534e+00  4.82497773e-10  3.97734546e+00 
 4.82597773e-10  3.94805756e+00  4.82597773e-10  3.94784786e+00 
 4.82697773e-10  3.91657084e+00  4.82697773e-10  3.91636139e+00 
 4.82797773e-10  3.88319347e+00  4.82797773e-10  3.88298434e+00 
 4.82897773e-10  3.84802953e+00  4.82897773e-10  3.84782078e+00 
 4.82997773e-10  3.81118861e+00  4.82997773e-10  3.81098031e+00 
 4.83097773e-10  3.77278544e+00  4.83097773e-10  3.77257765e+00 
 4.83197773e-10  3.73293953e+00  4.83197773e-10  3.73273230e+00 
 4.83297773e-10  3.69177478e+00  4.83297773e-10  3.69156818e+00 
 4.83397773e-10  3.64941911e+00  4.83397773e-10  3.64921319e+00 
 4.83497773e-10  3.60600405e+00  4.83497773e-10  3.60579887e+00 
 4.83597773e-10  3.56166432e+00  4.83597773e-10  3.56145993e+00 
 4.83697773e-10  3.51653741e+00  4.83697773e-10  3.51633386e+00 
 4.83797773e-10  3.47076313e+00  4.83797773e-10  3.47056047e+00 
 4.83897773e-10  3.42448322e+00  4.83897773e-10  3.42428148e+00 
 4.83997773e-10  3.37784083e+00  4.83997773e-10  3.37764008e+00 
 4.84097773e-10  3.33098017e+00  4.84097773e-10  3.33078042e+00 
 4.84197773e-10  3.28404595e+00  4.84197773e-10  3.28384725e+00 
 4.84297773e-10  3.23718302e+00  4.84297773e-10  3.23698540e+00 
 4.84397773e-10  3.19053586e+00  4.84397773e-10  3.19033935e+00 
 4.84497773e-10  3.14424818e+00  4.84497773e-10  3.14405281e+00 
 4.84597773e-10  3.09846243e+00  4.84597773e-10  3.09826822e+00 
 4.84697773e-10  3.05331939e+00  4.84697773e-10  3.05312635e+00 
 4.84797773e-10  3.00895771e+00  4.84797773e-10  3.00876586e+00 
 4.84897773e-10  2.96551352e+00  4.84897773e-10  2.96532287e+00 
 4.84997773e-10  2.92311998e+00  4.84997773e-10  2.92293055e+00 
 4.85097773e-10  2.88190690e+00  4.85097773e-10  2.88171868e+00 
 4.85197773e-10  2.84200033e+00  4.85197773e-10  2.84181332e+00 
 4.85297773e-10  2.80352216e+00  4.85297773e-10  2.80333636e+00 
 4.85397773e-10  2.76658979e+00  4.85397773e-10  2.76640520e+00 
 4.85497773e-10  2.73131577e+00  4.85497773e-10  2.73113237e+00 
 4.85597773e-10  2.69780742e+00  4.85597773e-10  2.69762521e+00 
 4.85697773e-10  2.66616659e+00  4.85697773e-10  2.66598553e+00 
 4.85797773e-10  2.63648926e+00  4.85797773e-10  2.63630934e+00 
 4.85897773e-10  2.60886535e+00  4.85897773e-10  2.60868655e+00 
 4.85997773e-10  2.58337840e+00  4.85997773e-10  2.58320067e+00 
 4.86097773e-10  2.56010533e+00  4.86097773e-10  2.55992865e+00 
 4.86197773e-10  2.53911624e+00  4.86197773e-10  2.53894057e+00 
 4.86297773e-10  2.52047420e+00  4.86297773e-10  2.52029951e+00 
 4.86397773e-10  2.50423507e+00  4.86397773e-10  2.50406130e+00 
 4.86497773e-10  2.49044733e+00  4.86497773e-10  2.49027444e+00 
 4.86597773e-10  2.47915195e+00  4.86597773e-10  2.47897989e+00 
 4.86697773e-10  2.47038229e+00  4.86697773e-10  2.47021100e+00 
 4.86797773e-10  2.46416400e+00  4.86797773e-10  2.46399343e+00 
 4.86897773e-10  2.46051494e+00  4.86897773e-10  2.46034503e+00 
 4.86997773e-10  2.45944516e+00  4.86997773e-10  2.45927585e+00 
 4.87097773e-10  2.46095685e+00  4.87097773e-10  2.46078807e+00 
 4.87197773e-10  2.46504436e+00  4.87197773e-10  2.46487605e+00 
 4.87297773e-10  2.47169422e+00  4.87297773e-10  2.47152630e+00 
 4.87397773e-10  2.48088516e+00  4.87397773e-10  2.48071758e+00 
 4.87497773e-10  2.49258823e+00  4.87497773e-10  2.49242090e+00 
 4.87597773e-10  2.50676683e+00  4.87597773e-10  2.50659969e+00 
 4.87697773e-10  2.52337686e+00  4.87697773e-10  2.52320983e+00 
 4.87797773e-10  2.54236685e+00  4.87797773e-10  2.54219986e+00 
 4.87897773e-10  2.56367808e+00  4.87897773e-10  2.56351105e+00 
 4.87997773e-10  2.58724481e+00  4.87997773e-10  2.58707767e+00 
 4.88097773e-10  2.61299442e+00  4.88097773e-10  2.61282710e+00 
 4.88197773e-10  2.64084768e+00  4.88197773e-10  2.64068009e+00 
 4.88297773e-10  2.67071892e+00  4.88297773e-10  2.67055100e+00 
 4.88397773e-10  2.70251636e+00  4.88397773e-10  2.70234803e+00 
 4.88497773e-10  2.73614232e+00  4.88497773e-10  2.73597351e+00 
 4.88597773e-10  2.77149352e+00  4.88597773e-10  2.77132417e+00 
 4.88697773e-10  2.80846145e+00  4.88697773e-10  2.80829148e+00 
 4.88797773e-10  2.84693260e+00  4.88797773e-10  2.84676195e+00 
 4.88897773e-10  2.88678886e+00  4.88897773e-10  2.88661746e+00 
 4.88997773e-10  2.92790786e+00  4.88997773e-10  2.92773567e+00 
 4.89097773e-10  2.97016335e+00  4.89097773e-10  2.96999029e+00 
 4.89197773e-10  3.01342555e+00  4.89197773e-10  3.01325158e+00 
 4.89297773e-10  3.05756157e+00  4.89297773e-10  3.05738662e+00 
 4.89397773e-10  3.10243580e+00  4.89397773e-10  3.10225983e+00 
 4.89497773e-10  3.14791032e+00  4.89497773e-10  3.14773329e+00 
 4.89597773e-10  3.19384534e+00  4.89597773e-10  3.19366720e+00 
 4.89697773e-10  3.24009959e+00  4.89697773e-10  3.23992030e+00 
 4.89797773e-10  3.28653080e+00  4.89797773e-10  3.28635033e+00 
 4.89897773e-10  3.33299610e+00  4.89897773e-10  3.33281441e+00 
 4.89997773e-10  3.37935246e+00  4.89997773e-10  3.37916954e+00 
 4.90097773e-10  3.42545716e+00  4.90097773e-10  3.42527297e+00 
 4.90197773e-10  3.47116820e+00  4.90197773e-10  3.47098274e+00 
 4.90297773e-10  3.51634477e+00  4.90297773e-10  3.51615800e+00 
 4.90397773e-10  3.56084766e+00  4.90397773e-10  3.56065957e+00 
 4.90497773e-10  3.60453968e+00  4.90497773e-10  3.60435028e+00 
 4.90597773e-10  3.64728615e+00  4.90597773e-10  3.64709542e+00 
 4.90697773e-10  3.68895525e+00  4.90697773e-10  3.68876319e+00 
 4.90797773e-10  3.72941846e+00  4.90797773e-10  3.72922509e+00 
 4.90897773e-10  3.76855099e+00  4.90897773e-10  3.76835630e+00 
 4.90997773e-10  3.80623211e+00  4.90997773e-10  3.80603612e+00 
 4.91097773e-10  3.84234559e+00  4.91097773e-10  3.84214830e+00 
 4.91197773e-10  3.87678001e+00  4.91197773e-10  3.87658145e+00 
 4.91297773e-10  3.90942914e+00  4.91297773e-10  3.90922934e+00 
 4.91397773e-10  3.94019230e+00  4.91397773e-10  3.93999127e+00 
 4.91497773e-10  3.96897460e+00  4.91497773e-10  3.96877237e+00 
 4.91597773e-10  3.99568732e+00  4.91597773e-10  3.99548393e+00 
 4.91697773e-10  4.02024814e+00  4.91697773e-10  4.02004362e+00 
 4.91797773e-10  4.04258142e+00  4.91797773e-10  4.04237580e+00 
 4.91897773e-10  4.06261841e+00  4.91897773e-10  4.06241174e+00 
 4.91997773e-10  4.08029752e+00  4.91997773e-10  4.08008984e+00 
 4.92097773e-10  4.09556446e+00  4.92097773e-10  4.09535582e+00 
 4.92197773e-10  4.10837244e+00  4.92197773e-10  4.10816289e+00 
 4.92297773e-10  4.11868231e+00  4.92297773e-10  4.11847191e+00 
 4.92397773e-10  4.12646269e+00  4.92397773e-10  4.12625149e+00 
 4.92497773e-10  4.13169006e+00  4.92497773e-10  4.13147811e+00 
 4.92597773e-10  4.13434882e+00  4.92597773e-10  4.13413618e+00 
 4.92697773e-10  4.13443137e+00  4.92697773e-10  4.13421811e+00 
 4.92797773e-10  4.13193813e+00  4.92797773e-10  4.13172430e+00 
 4.92897773e-10  4.12687749e+00  4.92897773e-10  4.12666317e+00 
 4.92997773e-10  4.11926586e+00  4.92997773e-10  4.11905109e+00 
 4.93097773e-10  4.10912753e+00  4.93097773e-10  4.10891239e+00 
 4.93197773e-10  4.09649467e+00  4.93197773e-10  4.09627923e+00 
 4.93297773e-10  4.08140719e+00  4.93297773e-10  4.08119151e+00 
 4.93397773e-10  4.06391260e+00  4.93397773e-10  4.06369676e+00 
 4.93497773e-10  4.04406589e+00  4.93497773e-10  4.04384994e+00 
 4.93597773e-10  4.02192932e+00  4.93597773e-10  4.02171335e+00 
 4.93697773e-10  3.99757228e+00  4.93697773e-10  3.99735634e+00 
 4.93797773e-10  3.97107098e+00  4.93797773e-10  3.97085514e+00 
 4.93897773e-10  3.94250829e+00  4.93897773e-10  3.94229263e+00 
 4.93997773e-10  3.91197344e+00  4.93997773e-10  3.91175802e+00 
 4.94097773e-10  3.87956174e+00  4.94097773e-10  3.87934662e+00 
 4.94197773e-10  3.84537428e+00  4.94197773e-10  3.84515953e+00 
 4.94297773e-10  3.80951759e+00  4.94297773e-10  3.80930327e+00 
 4.94397773e-10  3.77210336e+00  4.94397773e-10  3.77188953e+00 
 4.94497773e-10  3.73324800e+00  4.94497773e-10  3.73303473e+00 
 4.94597773e-10  3.69307236e+00  4.94597773e-10  3.69285970e+00 
 4.94697773e-10  3.65170128e+00  4.94697773e-10  3.65148929e+00 
 4.94797773e-10  3.60926325e+00  4.94797773e-10  3.60905198e+00 
 4.94897773e-10  3.56588995e+00  4.94897773e-10  3.56567946e+00 
 4.94997773e-10  3.52171589e+00  4.94997773e-10  3.52150623e+00 
 4.95097773e-10  3.47687795e+00  4.95097773e-10  3.47666916e+00 
 4.95197773e-10  3.43151497e+00  4.95197773e-10  3.43130709e+00 
 4.95297773e-10  3.38576728e+00  4.95297773e-10  3.38556037e+00 
 4.95397773e-10  3.33977633e+00  4.95397773e-10  3.33957041e+00 
 4.95497773e-10  3.29368417e+00  4.95497773e-10  3.29347929e+00 
 4.95597773e-10  3.24763307e+00  4.95597773e-10  3.24742925e+00 
 4.95697773e-10  3.20176504e+00  4.95697773e-10  3.20156231e+00 
 4.95797773e-10  3.15622138e+00  4.95797773e-10  3.15601978e+00 
 4.95897773e-10  3.11114230e+00  4.95897773e-10  3.11094184e+00 
 4.95997773e-10  3.06666642e+00  4.95997773e-10  3.06646713e+00 
 4.96097773e-10  3.02293039e+00  4.96097773e-10  3.02273227e+00 
 4.96197773e-10  2.98006843e+00  4.96197773e-10  2.97987151e+00 
 4.96297773e-10  2.93821197e+00  4.96297773e-10  2.93801624e+00 
 4.96397773e-10  2.89748919e+00  4.96397773e-10  2.89729467e+00 
 4.96497773e-10  2.85802468e+00  4.96497773e-10  2.85783136e+00 
 4.96597773e-10  2.81993903e+00  4.96597773e-10  2.81974691e+00 
 4.96697773e-10  2.78334848e+00  4.96697773e-10  2.78315755e+00 
 4.96797773e-10  2.74836456e+00  4.96797773e-10  2.74817482e+00 
 4.96897773e-10  2.71509379e+00  4.96897773e-10  2.71490522e+00 
 4.96997773e-10  2.68363730e+00  4.96997773e-10  2.68344988e+00 
 4.97097773e-10  2.65409059e+00  4.97097773e-10  2.65390430e+00 
 4.97197773e-10  2.62654321e+00  4.97197773e-10  2.62635802e+00 
 4.97297773e-10  2.60107851e+00  4.97297773e-10  2.60089440e+00 
 4.97397773e-10  2.57777341e+00  4.97397773e-10  2.57759034e+00 
 4.97497773e-10  2.55669816e+00  4.97497773e-10  2.55651609e+00 
 4.97597773e-10  2.53791612e+00  4.97597773e-10  2.53773501e+00 
 4.97697773e-10  2.52148362e+00  4.97697773e-10  2.52130344e+00 
 4.97797773e-10  2.50744979e+00  4.97797773e-10  2.50727047e+00 
 4.97897773e-10  2.49585637e+00  4.97897773e-10  2.49567789e+00 
 4.97997773e-10  2.48673769e+00  4.97997773e-10  2.48655997e+00 
 4.98097773e-10  2.48012047e+00  4.98097773e-10  2.47994347e+00 
 4.98197773e-10  2.47602383e+00  4.98197773e-10  2.47584749e+00 
 4.98297773e-10  2.47445921e+00  4.98297773e-10  2.47428346e+00 
 4.98397773e-10  2.47543032e+00  4.98397773e-10  2.47525511e+00 
 4.98497773e-10  2.47893319e+00  4.98497773e-10  2.47875845e+00 
 4.98597773e-10  2.48495614e+00  4.98597773e-10  2.48478179e+00 
 4.98697773e-10  2.49347983e+00  4.98697773e-10  2.49330581e+00 
 4.98797773e-10  2.50447733e+00  4.98797773e-10  2.50430357e+00 
 4.98897773e-10  2.51791421e+00  4.98897773e-10  2.51774064e+00 
 4.98997773e-10  2.53374864e+00  4.98997773e-10  2.53357518e+00 
 4.99097773e-10  2.55193149e+00  4.99097773e-10  2.55175808e+00 
 4.99197773e-10  2.57240653e+00  4.99197773e-10  2.57223308e+00 
 4.99297773e-10  2.59511054e+00  4.99297773e-10  2.59493698e+00 
 4.99397773e-10  2.61997354e+00  4.99397773e-10  2.61979980e+00 
 4.99497773e-10  2.64691898e+00  4.99497773e-10  2.64674499e+00 
 4.99597773e-10  2.67586398e+00  4.99597773e-10  2.67568967e+00 
 4.99697773e-10  2.70671956e+00  4.99697773e-10  2.70654485e+00 
 4.99797773e-10  2.73939091e+00  4.99797773e-10  2.73921573e+00 
 4.99897773e-10  2.77377768e+00  4.99897773e-10  2.77360196e+00 
 4.99948887e-10  2.79198598e+00  4.99948887e-10  2.79181012e+00 
 5.00000000e-10  2.81060036e+00  5.00000000e-10  2.81042451e+00 
