 0.00000000e+00  3.30000000e+00  0.00000000e+00  3.30000000e+00 
 2.00000000e-15  3.30000000e+00  2.00000000e-15  3.30000000e+00 
 4.00000000e-15  3.30000000e+00  4.00000000e-15  3.30000000e+00 
 8.00000000e-15  3.30000000e+00  8.00000000e-15  3.30000000e+00 
 1.60000000e-14  3.30000000e+00  1.60000000e-14  3.30000000e+00 
 3.20000000e-14  3.30000000e+00  3.20000000e-14  3.30000000e+00 
 6.40000000e-14  3.30000000e+00  6.40000000e-14  3.30000000e+00 
 1.28000000e-13  3.30000000e+00  1.28000000e-13  3.30000000e+00 
 2.56000000e-13  3.30000000e+00  2.56000000e-13  3.30000000e+00 
 4.56000000e-13  3.30000000e+00  4.56000000e-13  3.30000000e+00 
 6.56000000e-13  3.30000000e+00  6.56000000e-13  3.30000000e+00 
 8.56000000e-13  3.30000000e+00  8.56000000e-13  3.30000000e+00 
 1.05600000e-12  3.30000000e+00  1.05600000e-12  3.30000000e+00 
 1.25600000e-12  3.30000000e+00  1.25600000e-12  3.30000000e+00 
 1.45600000e-12  3.30000000e+00  1.45600000e-12  3.30000000e+00 
 1.65600000e-12  3.30000000e+00  1.65600000e-12  3.30000000e+00 
 1.85600000e-12  3.30000000e+00  1.85600000e-12  3.30000000e+00 
 2.05600000e-12  3.30000000e+00  2.05600000e-12  3.30000000e+00 
 2.25600000e-12  3.30000000e+00  2.25600000e-12  3.30000000e+00 
 2.45600000e-12  3.30000000e+00  2.45600000e-12  3.30000000e+00 
 2.65600000e-12  3.30000000e+00  2.65600000e-12  3.30000000e+00 
 2.85600000e-12  3.30000000e+00  2.85600000e-12  3.30000000e+00 
 3.05600000e-12  3.30000000e+00  3.05600000e-12  3.30000000e+00 
 3.25600000e-12  3.30000000e+00  3.25600000e-12  3.30000000e+00 
 3.45600000e-12  3.30000000e+00  3.45600000e-12  3.30000000e+00 
 3.65600000e-12  3.30000000e+00  3.65600000e-12  3.30000000e+00 
 3.85600000e-12  3.30000000e+00  3.85600000e-12  3.30000000e+00 
 4.05600000e-12  3.30000000e+00  4.05600000e-12  3.30000000e+00 
 4.25600000e-12  3.30000000e+00  4.25600000e-12  3.30000000e+00 
 4.45600000e-12  3.30000000e+00  4.45600000e-12  3.30000000e+00 
 4.65600000e-12  3.30000000e+00  4.65600000e-12  3.30000000e+00 
 4.85600000e-12  3.30000000e+00  4.85600000e-12  3.30000000e+00 
 5.05600000e-12  3.30000000e+00  5.05600000e-12  3.30000000e+00 
 5.25600000e-12  3.30000000e+00  5.25600000e-12  3.30000000e+00 
 5.45600000e-12  3.30000000e+00  5.45600000e-12  3.30000000e+00 
 5.65600000e-12  3.30000000e+00  5.65600000e-12  3.30000000e+00 
 5.85600000e-12  3.30000000e+00  5.85600000e-12  3.30000000e+00 
 6.05600000e-12  3.30000000e+00  6.05600000e-12  3.30000000e+00 
 6.25600000e-12  3.30000000e+00  6.25600000e-12  3.30000000e+00 
 6.45600000e-12  3.30000000e+00  6.45600000e-12  3.30000000e+00 
 6.65600000e-12  3.30000000e+00  6.65600000e-12  3.30000000e+00 
 6.85600000e-12  3.30000000e+00  6.85600000e-12  3.30000000e+00 
 7.05600000e-12  3.30000000e+00  7.05600000e-12  3.30000000e+00 
 7.25600000e-12  3.30000000e+00  7.25600000e-12  3.30000000e+00 
 7.45600000e-12  3.30000000e+00  7.45600000e-12  3.30000000e+00 
 7.65600000e-12  3.30000000e+00  7.65600000e-12  3.30000000e+00 
 7.85600000e-12  3.30000000e+00  7.85600000e-12  3.30000000e+00 
 8.05600000e-12  3.30000000e+00  8.05600000e-12  3.30000000e+00 
 8.25600000e-12  3.30000000e+00  8.25600000e-12  3.30000000e+00 
 8.45600000e-12  3.30000000e+00  8.45600000e-12  3.30000000e+00 
 8.65600000e-12  3.30000000e+00  8.65600000e-12  3.30000000e+00 
 8.85600000e-12  3.30000000e+00  8.85600000e-12  3.30000000e+00 
 9.05600000e-12  3.30000000e+00  9.05600000e-12  3.30000000e+00 
 9.25600000e-12  3.30000000e+00  9.25600000e-12  3.30000000e+00 
 9.45600000e-12  3.30000000e+00  9.45600000e-12  3.30000000e+00 
 9.65600000e-12  3.30000000e+00  9.65600000e-12  3.30000000e+00 
 9.85600000e-12  3.30000000e+00  9.85600000e-12  3.30000000e+00 
 1.00560000e-11  3.30000000e+00  1.00560000e-11  3.30000000e+00 
 1.02560000e-11  3.30000000e+00  1.02560000e-11  3.30000000e+00 
 1.04560000e-11  3.30000000e+00  1.04560000e-11  3.30000000e+00 
 1.06560000e-11  3.30000000e+00  1.06560000e-11  3.30000000e+00 
 1.08560000e-11  3.30000000e+00  1.08560000e-11  3.30000000e+00 
 1.10560000e-11  3.30000000e+00  1.10560000e-11  3.30000000e+00 
 1.12560000e-11  3.30000000e+00  1.12560000e-11  3.30000000e+00 
 1.14560000e-11  3.30000000e+00  1.14560000e-11  3.30000000e+00 
 1.16560000e-11  3.30000000e+00  1.16560000e-11  3.30000000e+00 
 1.18560000e-11  3.30000000e+00  1.18560000e-11  3.30000000e+00 
 1.20560000e-11  3.30000000e+00  1.20560000e-11  3.30000000e+00 
 1.22560000e-11  3.30000000e+00  1.22560000e-11  3.30000000e+00 
 1.24560000e-11  3.30000000e+00  1.24560000e-11  3.30000000e+00 
 1.26560000e-11  3.30000000e+00  1.26560000e-11  3.30000000e+00 
 1.28560000e-11  3.30000000e+00  1.28560000e-11  3.30000000e+00 
 1.30560000e-11  3.30000000e+00  1.30560000e-11  3.30000000e+00 
 1.32560000e-11  3.30000000e+00  1.32560000e-11  3.30000000e+00 
 1.34560000e-11  3.30000000e+00  1.34560000e-11  3.30000000e+00 
 1.36560000e-11  3.30000000e+00  1.36560000e-11  3.30000000e+00 
 1.38560000e-11  3.30000000e+00  1.38560000e-11  3.30000000e+00 
 1.40560000e-11  3.30000000e+00  1.40560000e-11  3.30000000e+00 
 1.42560000e-11  3.30000000e+00  1.42560000e-11  3.30000000e+00 
 1.44560000e-11  3.30000000e+00  1.44560000e-11  3.30000000e+00 
 1.46560000e-11  3.30000000e+00  1.46560000e-11  3.30000000e+00 
 1.48560000e-11  3.30000000e+00  1.48560000e-11  3.30000000e+00 
 1.50560000e-11  3.30000000e+00  1.50560000e-11  3.30000000e+00 
 1.52560000e-11  3.30000000e+00  1.52560000e-11  3.30000000e+00 
 1.54560000e-11  3.30000000e+00  1.54560000e-11  3.30000000e+00 
 1.56560000e-11  3.30000000e+00  1.56560000e-11  3.30000000e+00 
 1.58560000e-11  3.30000000e+00  1.58560000e-11  3.30000000e+00 
 1.60560000e-11  3.30000000e+00  1.60560000e-11  3.30000000e+00 
 1.62560000e-11  3.30000000e+00  1.62560000e-11  3.30000000e+00 
 1.64560000e-11  3.30000000e+00  1.64560000e-11  3.30000000e+00 
 1.66560000e-11  3.30000000e+00  1.66560000e-11  3.30000000e+00 
 1.68560000e-11  3.30000000e+00  1.68560000e-11  3.30000000e+00 
 1.70560000e-11  3.30000000e+00  1.70560000e-11  3.30000000e+00 
 1.72560000e-11  3.30000000e+00  1.72560000e-11  3.30000000e+00 
 1.74560000e-11  3.30000000e+00  1.74560000e-11  3.30000000e+00 
 1.76560000e-11  3.30000000e+00  1.76560000e-11  3.30000000e+00 
 1.78560000e-11  3.30000000e+00  1.78560000e-11  3.30000000e+00 
 1.80560000e-11  3.30000000e+00  1.80560000e-11  3.30000000e+00 
 1.82560000e-11  3.30000000e+00  1.82560000e-11  3.30000000e+00 
 1.84560000e-11  3.30000000e+00  1.84560000e-11  3.30000000e+00 
 1.86560000e-11  3.30000000e+00  1.86560000e-11  3.30000000e+00 
 1.88560000e-11  3.30000000e+00  1.88560000e-11  3.30000000e+00 
 1.90560000e-11  3.30000000e+00  1.90560000e-11  3.30000000e+00 
 1.92560000e-11  3.30000000e+00  1.92560000e-11  3.30000000e+00 
 1.94560000e-11  3.30000000e+00  1.94560000e-11  3.30000000e+00 
 1.96560000e-11  3.30000000e+00  1.96560000e-11  3.30000000e+00 
 1.98560000e-11  3.30000000e+00  1.98560000e-11  3.30000000e+00 
 2.00560000e-11  3.30000000e+00  2.00560000e-11  3.30000000e+00 
 2.02560000e-11  3.30000000e+00  2.02560000e-11  3.30000000e+00 
 2.04560000e-11  3.30000000e+00  2.04560000e-11  3.30000000e+00 
 2.06560000e-11  3.30000000e+00  2.06560000e-11  3.30000000e+00 
 2.08560000e-11  3.30000000e+00  2.08560000e-11  3.30000000e+00 
 2.10560000e-11  3.30000000e+00  2.10560000e-11  3.30000000e+00 
 2.12560000e-11  3.30000000e+00  2.12560000e-11  3.30000000e+00 
 2.14560000e-11  3.30000000e+00  2.14560000e-11  3.30000000e+00 
 2.16560000e-11  3.30000000e+00  2.16560000e-11  3.30000000e+00 
 2.18560000e-11  3.30000000e+00  2.18560000e-11  3.30000000e+00 
 2.20560000e-11  3.30000000e+00  2.20560000e-11  3.30000000e+00 
 2.22560000e-11  3.30000000e+00  2.22560000e-11  3.30000000e+00 
 2.24560000e-11  3.30000000e+00  2.24560000e-11  3.30000000e+00 
 2.26560000e-11  3.30000000e+00  2.26560000e-11  3.30000000e+00 
 2.28560000e-11  3.30000000e+00  2.28560000e-11  3.30000000e+00 
 2.30560000e-11  3.30000000e+00  2.30560000e-11  3.30000000e+00 
 2.32560000e-11  3.30000000e+00  2.32560000e-11  3.30000000e+00 
 2.34560000e-11  3.30000000e+00  2.34560000e-11  3.30000000e+00 
 2.36560000e-11  3.30000000e+00  2.36560000e-11  3.30000000e+00 
 2.38560000e-11  3.30000000e+00  2.38560000e-11  3.30000000e+00 
 2.40560000e-11  3.30000000e+00  2.40560000e-11  3.30000000e+00 
 2.42560000e-11  3.30000000e+00  2.42560000e-11  3.30000000e+00 
 2.44560000e-11  3.30000000e+00  2.44560000e-11  3.30000000e+00 
 2.46560000e-11  3.30000000e+00  2.46560000e-11  3.30000000e+00 
 2.48560000e-11  3.30000000e+00  2.48560000e-11  3.30000000e+00 
 2.50560000e-11  3.30000000e+00  2.50560000e-11  3.30000000e+00 
 2.52560000e-11  3.30000000e+00  2.52560000e-11  3.30000000e+00 
 2.54560000e-11  3.30000000e+00  2.54560000e-11  3.30000000e+00 
 2.56560000e-11  3.30000000e+00  2.56560000e-11  3.30000000e+00 
 2.58560000e-11  3.30000000e+00  2.58560000e-11  3.30000000e+00 
 2.60560000e-11  3.30000000e+00  2.60560000e-11  3.30000000e+00 
 2.62560000e-11  3.30000000e+00  2.62560000e-11  3.30000000e+00 
 2.64560000e-11  3.30000000e+00  2.64560000e-11  3.30000000e+00 
 2.66560000e-11  3.30000000e+00  2.66560000e-11  3.30000000e+00 
 2.68560000e-11  3.30000000e+00  2.68560000e-11  3.30000000e+00 
 2.70560000e-11  3.30000000e+00  2.70560000e-11  3.30000000e+00 
 2.72560000e-11  3.30000000e+00  2.72560000e-11  3.30000000e+00 
 2.74560000e-11  3.30000000e+00  2.74560000e-11  3.30000000e+00 
 2.76560000e-11  3.30000000e+00  2.76560000e-11  3.30000000e+00 
 2.78560000e-11  3.30000000e+00  2.78560000e-11  3.30000000e+00 
 2.80560000e-11  3.30000000e+00  2.80560000e-11  3.30000000e+00 
 2.82560000e-11  3.30000000e+00  2.82560000e-11  3.30000000e+00 
 2.84560000e-11  3.30000000e+00  2.84560000e-11  3.30000000e+00 
 2.86560000e-11  3.30000000e+00  2.86560000e-11  3.30000000e+00 
 2.88560000e-11  3.30000000e+00  2.88560000e-11  3.30000000e+00 
 2.90560000e-11  3.30000000e+00  2.90560000e-11  3.30000000e+00 
 2.92560000e-11  3.30000000e+00  2.92560000e-11  3.30000000e+00 
 2.94560000e-11  3.30000000e+00  2.94560000e-11  3.30000000e+00 
 2.96560000e-11  3.30000000e+00  2.96560000e-11  3.30000000e+00 
 2.98560000e-11  3.30000000e+00  2.98560000e-11  3.30000000e+00 
 3.00560000e-11  3.30000000e+00  3.00560000e-11  3.30000000e+00 
 3.02560000e-11  3.30000000e+00  3.02560000e-11  3.30000000e+00 
 3.04560000e-11  3.30000000e+00  3.04560000e-11  3.30000000e+00 
 3.06560000e-11  3.30000000e+00  3.06560000e-11  3.30000000e+00 
 3.08560000e-11  3.30000000e+00  3.08560000e-11  3.30000000e+00 
 3.10560000e-11  3.30000000e+00  3.10560000e-11  3.30000000e+00 
 3.12560000e-11  3.30000000e+00  3.12560000e-11  3.30000000e+00 
 3.14560000e-11  3.30000000e+00  3.14560000e-11  3.30000000e+00 
 3.16560000e-11  3.30000000e+00  3.16560000e-11  3.30000000e+00 
 3.18560000e-11  3.30000000e+00  3.18560000e-11  3.30000000e+00 
 3.20560000e-11  3.30000000e+00  3.20560000e-11  3.30000000e+00 
 3.22560000e-11  3.30000000e+00  3.22560000e-11  3.30000000e+00 
 3.24560000e-11  3.30000000e+00  3.24560000e-11  3.30000000e+00 
 3.26560000e-11  3.30000000e+00  3.26560000e-11  3.30000000e+00 
 3.28560000e-11  3.30000000e+00  3.28560000e-11  3.30000000e+00 
 3.30560000e-11  3.30000000e+00  3.30560000e-11  3.30000000e+00 
 3.32560000e-11  3.30000000e+00  3.32560000e-11  3.30000000e+00 
 3.34560000e-11  3.30000000e+00  3.34560000e-11  3.30000000e+00 
 3.36560000e-11  3.30000000e+00  3.36560000e-11  3.30000000e+00 
 3.38560000e-11  3.30000000e+00  3.38560000e-11  3.30000000e+00 
 3.40560000e-11  3.30000000e+00  3.40560000e-11  3.30000000e+00 
 3.42560000e-11  3.30000000e+00  3.42560000e-11  3.30000000e+00 
 3.44560000e-11  3.30000000e+00  3.44560000e-11  3.30000000e+00 
 3.46560000e-11  3.30000000e+00  3.46560000e-11  3.30000000e+00 
 3.48560000e-11  3.30000000e+00  3.48560000e-11  3.30000000e+00 
 3.50560000e-11  3.30000000e+00  3.50560000e-11  3.30000000e+00 
 3.52560000e-11  3.30000000e+00  3.52560000e-11  3.30000000e+00 
 3.54560000e-11  3.30000000e+00  3.54560000e-11  3.30000000e+00 
 3.56560000e-11  3.30000000e+00  3.56560000e-11  3.30000000e+00 
 3.58560000e-11  3.30000000e+00  3.58560000e-11  3.30000000e+00 
 3.60560000e-11  3.30000000e+00  3.60560000e-11  3.30000000e+00 
 3.62560000e-11  3.30000000e+00  3.62560000e-11  3.30000000e+00 
 3.64560000e-11  3.30000000e+00  3.64560000e-11  3.30000000e+00 
 3.66560000e-11  3.30000000e+00  3.66560000e-11  3.30000000e+00 
 3.68560000e-11  3.30000000e+00  3.68560000e-11  3.30000000e+00 
 3.70560000e-11  3.30000000e+00  3.70560000e-11  3.30000000e+00 
 3.72560000e-11  3.30000000e+00  3.72560000e-11  3.30000000e+00 
 3.74560000e-11  3.30000000e+00  3.74560000e-11  3.30000000e+00 
 3.76560000e-11  3.30000000e+00  3.76560000e-11  3.30000000e+00 
 3.78560000e-11  3.30000000e+00  3.78560000e-11  3.30000000e+00 
 3.80560000e-11  3.30000000e+00  3.80560000e-11  3.30000000e+00 
 3.82560000e-11  3.30000000e+00  3.82560000e-11  3.30000000e+00 
 3.84560000e-11  3.30000000e+00  3.84560000e-11  3.30000000e+00 
 3.86560000e-11  3.30000000e+00  3.86560000e-11  3.30000000e+00 
 3.88560000e-11  3.30000000e+00  3.88560000e-11  3.30000000e+00 
 3.90560000e-11  3.30000000e+00  3.90560000e-11  3.30000000e+00 
 3.92560000e-11  3.30000000e+00  3.92560000e-11  3.30000000e+00 
 3.94560000e-11  3.30000000e+00  3.94560000e-11  3.30000000e+00 
 3.96560000e-11  3.30000000e+00  3.96560000e-11  3.30000000e+00 
 3.98560000e-11  3.30000000e+00  3.98560000e-11  3.30000000e+00 
 4.00560000e-11  3.30000000e+00  4.00560000e-11  3.30000000e+00 
 4.02560000e-11  3.30000000e+00  4.02560000e-11  3.30000000e+00 
 4.04560000e-11  3.30000000e+00  4.04560000e-11  3.30000000e+00 
 4.06560000e-11  3.30000000e+00  4.06560000e-11  3.30000000e+00 
 4.08560000e-11  3.30000000e+00  4.08560000e-11  3.30000000e+00 
 4.10560000e-11  3.30000000e+00  4.10560000e-11  3.30000000e+00 
 4.12560000e-11  3.30000000e+00  4.12560000e-11  3.30000000e+00 
 4.14560000e-11  3.30000000e+00  4.14560000e-11  3.30000000e+00 
 4.16560000e-11  3.30000000e+00  4.16560000e-11  3.30000000e+00 
 4.18560000e-11  3.30000000e+00  4.18560000e-11  3.30000000e+00 
 4.20560000e-11  3.30000000e+00  4.20560000e-11  3.30000000e+00 
 4.22560000e-11  3.30000000e+00  4.22560000e-11  3.30000000e+00 
 4.24560000e-11  3.30000000e+00  4.24560000e-11  3.30000000e+00 
 4.26560000e-11  3.30000000e+00  4.26560000e-11  3.30000000e+00 
 4.28560000e-11  3.30000000e+00  4.28560000e-11  3.30000000e+00 
 4.30560000e-11  3.30000000e+00  4.30560000e-11  3.30000000e+00 
 4.32560000e-11  3.30000000e+00  4.32560000e-11  3.30000000e+00 
 4.34560000e-11  3.30000000e+00  4.34560000e-11  3.30000000e+00 
 4.36560000e-11  3.30000000e+00  4.36560000e-11  3.30000000e+00 
 4.38560000e-11  3.30000000e+00  4.38560000e-11  3.30000000e+00 
 4.40560000e-11  3.30000000e+00  4.40560000e-11  3.30000000e+00 
 4.42560000e-11  3.30000000e+00  4.42560000e-11  3.30000000e+00 
 4.44560000e-11  3.30000000e+00  4.44560000e-11  3.30000000e+00 
 4.46560000e-11  3.30000000e+00  4.46560000e-11  3.30000000e+00 
 4.48560000e-11  3.30000000e+00  4.48560000e-11  3.30000000e+00 
 4.50560000e-11  3.30000000e+00  4.50560000e-11  3.30000000e+00 
 4.52560000e-11  3.30000000e+00  4.52560000e-11  3.30000000e+00 
 4.54560000e-11  3.30000000e+00  4.54560000e-11  3.30000000e+00 
 4.56560000e-11  3.30000000e+00  4.56560000e-11  3.30000000e+00 
 4.58560000e-11  3.30000000e+00  4.58560000e-11  3.30000000e+00 
 4.60560000e-11  3.30000000e+00  4.60560000e-11  3.30000000e+00 
 4.62560000e-11  3.30000000e+00  4.62560000e-11  3.30000000e+00 
 4.64560000e-11  3.30000000e+00  4.64560000e-11  3.30000000e+00 
 4.66560000e-11  3.30000000e+00  4.66560000e-11  3.30000000e+00 
 4.68560000e-11  3.30000000e+00  4.68560000e-11  3.30000000e+00 
 4.70560000e-11  3.30000000e+00  4.70560000e-11  3.30000000e+00 
 4.72560000e-11  3.30000000e+00  4.72560000e-11  3.30000000e+00 
 4.74560000e-11  3.30000000e+00  4.74560000e-11  3.30000000e+00 
 4.76560000e-11  3.30000000e+00  4.76560000e-11  3.30000000e+00 
 4.78560000e-11  3.30000000e+00  4.78560000e-11  3.30000000e+00 
 4.80560000e-11  3.30000000e+00  4.80560000e-11  3.30000000e+00 
 4.82560000e-11  3.30000000e+00  4.82560000e-11  3.30000000e+00 
 4.84560000e-11  3.30000000e+00  4.84560000e-11  3.30000000e+00 
 4.86560000e-11  3.30000000e+00  4.86560000e-11  3.30000000e+00 
 4.88560000e-11  3.30000000e+00  4.88560000e-11  3.30000000e+00 
 4.90560000e-11  3.30000000e+00  4.90560000e-11  3.30000000e+00 
 4.92560000e-11  3.30000000e+00  4.92560000e-11  3.30000000e+00 
 4.94560000e-11  3.30000000e+00  4.94560000e-11  3.30000000e+00 
 4.96560000e-11  3.30000000e+00  4.96560000e-11  3.30000000e+00 
 4.98560000e-11  3.30000000e+00  4.98560000e-11  3.30000000e+00 
 5.00560000e-11  3.30000000e+00  5.00560000e-11  3.30000000e+00 
 5.02560000e-11  3.30000000e+00  5.02560000e-11  3.30000000e+00 
 5.04560000e-11  3.30000000e+00  5.04560000e-11  3.30000000e+00 
 5.06560000e-11  3.30000000e+00  5.06560000e-11  3.30000000e+00 
 5.08560000e-11  3.30000000e+00  5.08560000e-11  3.30000000e+00 
 5.10560000e-11  3.30000000e+00  5.10560000e-11  3.30000000e+00 
 5.12560000e-11  3.30000000e+00  5.12560000e-11  3.30000000e+00 
 5.14560000e-11  3.30000000e+00  5.14560000e-11  3.30000000e+00 
 5.16560000e-11  3.30000000e+00  5.16560000e-11  3.30000000e+00 
 5.18560000e-11  3.30000000e+00  5.18560000e-11  3.30000000e+00 
 5.20560000e-11  3.30000000e+00  5.20560000e-11  3.30000000e+00 
 5.22560000e-11  3.30000000e+00  5.22560000e-11  3.30000000e+00 
 5.24560000e-11  3.30000000e+00  5.24560000e-11  3.30000000e+00 
 5.26560000e-11  3.30000000e+00  5.26560000e-11  3.30000000e+00 
 5.28560000e-11  3.30000000e+00  5.28560000e-11  3.30000000e+00 
 5.30560000e-11  3.30000000e+00  5.30560000e-11  3.30000000e+00 
 5.32560000e-11  3.30000000e+00  5.32560000e-11  3.30000000e+00 
 5.34560000e-11  3.30000000e+00  5.34560000e-11  3.30000000e+00 
 5.36560000e-11  3.30000000e+00  5.36560000e-11  3.30000000e+00 
 5.38560000e-11  3.30000000e+00  5.38560000e-11  3.30000000e+00 
 5.40560000e-11  3.30000000e+00  5.40560000e-11  3.30000000e+00 
 5.42560000e-11  3.30000000e+00  5.42560000e-11  3.30000000e+00 
 5.44560000e-11  3.30000000e+00  5.44560000e-11  3.30000000e+00 
 5.46560000e-11  3.30000000e+00  5.46560000e-11  3.30000000e+00 
 5.48560000e-11  3.30000000e+00  5.48560000e-11  3.30000000e+00 
 5.50560000e-11  3.30000000e+00  5.50560000e-11  3.30000000e+00 
 5.52560000e-11  3.30000000e+00  5.52560000e-11  3.30000000e+00 
 5.54560000e-11  3.30000000e+00  5.54560000e-11  3.30000000e+00 
 5.56560000e-11  3.30000000e+00  5.56560000e-11  3.30000000e+00 
 5.58560000e-11  3.30000000e+00  5.58560000e-11  3.30000000e+00 
 5.60560000e-11  3.30000000e+00  5.60560000e-11  3.30000000e+00 
 5.62560000e-11  3.30000000e+00  5.62560000e-11  3.30000000e+00 
 5.64560000e-11  3.30000000e+00  5.64560000e-11  3.30000000e+00 
 5.66560000e-11  3.30000000e+00  5.66560000e-11  3.30000000e+00 
 5.68560000e-11  3.30000000e+00  5.68560000e-11  3.30000000e+00 
 5.70560000e-11  3.30000000e+00  5.70560000e-11  3.30000000e+00 
 5.72560000e-11  3.30000000e+00  5.72560000e-11  3.30000000e+00 
 5.74560000e-11  3.30000000e+00  5.74560000e-11  3.30000000e+00 
 5.76560000e-11  3.30000000e+00  5.76560000e-11  3.30000000e+00 
 5.78560000e-11  3.30000000e+00  5.78560000e-11  3.30000000e+00 
 5.80560000e-11  3.30000000e+00  5.80560000e-11  3.30000000e+00 
 5.82560000e-11  3.30000000e+00  5.82560000e-11  3.30000000e+00 
 5.84560000e-11  3.30000000e+00  5.84560000e-11  3.30000000e+00 
 5.86560000e-11  3.30000000e+00  5.86560000e-11  3.30000000e+00 
 5.88560000e-11  3.30000000e+00  5.88560000e-11  3.30000000e+00 
 5.90560000e-11  3.30000000e+00  5.90560000e-11  3.30000000e+00 
 5.92560000e-11  3.30000000e+00  5.92560000e-11  3.30000000e+00 
 5.94560000e-11  3.30000000e+00  5.94560000e-11  3.30000000e+00 
 5.96560000e-11  3.30000000e+00  5.96560000e-11  3.30000000e+00 
 5.98560000e-11  3.30000000e+00  5.98560000e-11  3.30000000e+00 
 6.00560000e-11  3.30000000e+00  6.00560000e-11  3.30000000e+00 
 6.02560000e-11  3.30000000e+00  6.02560000e-11  3.30000000e+00 
 6.04560000e-11  3.30000000e+00  6.04560000e-11  3.30000000e+00 
 6.06560000e-11  3.30000000e+00  6.06560000e-11  3.30000000e+00 
 6.08560000e-11  3.30000000e+00  6.08560000e-11  3.30000000e+00 
 6.10560000e-11  3.30000000e+00  6.10560000e-11  3.30000000e+00 
 6.12560000e-11  3.30000000e+00  6.12560000e-11  3.30000000e+00 
 6.14560000e-11  3.30000000e+00  6.14560000e-11  3.30000000e+00 
 6.16560000e-11  3.30000000e+00  6.16560000e-11  3.30000000e+00 
 6.18560000e-11  3.30000000e+00  6.18560000e-11  3.30000000e+00 
 6.20560000e-11  3.30000000e+00  6.20560000e-11  3.30000000e+00 
 6.22560000e-11  3.30000000e+00  6.22560000e-11  3.30000000e+00 
 6.24560000e-11  3.30000000e+00  6.24560000e-11  3.30000000e+00 
 6.26560000e-11  3.30000000e+00  6.26560000e-11  3.30000000e+00 
 6.28560000e-11  3.30000000e+00  6.28560000e-11  3.30000000e+00 
 6.30560000e-11  3.30000000e+00  6.30560000e-11  3.30000000e+00 
 6.32560000e-11  3.30000000e+00  6.32560000e-11  3.30000000e+00 
 6.34560000e-11  3.30000000e+00  6.34560000e-11  3.30000000e+00 
 6.36560000e-11  3.30000000e+00  6.36560000e-11  3.30000000e+00 
 6.38560000e-11  3.30000000e+00  6.38560000e-11  3.30000000e+00 
 6.40560000e-11  3.30000000e+00  6.40560000e-11  3.30000000e+00 
 6.42560000e-11  3.30000000e+00  6.42560000e-11  3.30000000e+00 
 6.44560000e-11  3.30000000e+00  6.44560000e-11  3.30000000e+00 
 6.46560000e-11  3.30000000e+00  6.46560000e-11  3.30000000e+00 
 6.48560000e-11  3.30000000e+00  6.48560000e-11  3.30000000e+00 
 6.50560000e-11  3.30000000e+00  6.50560000e-11  3.30000000e+00 
 6.52560000e-11  3.30000000e+00  6.52560000e-11  3.30000000e+00 
 6.54560000e-11  3.30000000e+00  6.54560000e-11  3.30000000e+00 
 6.56560000e-11  3.30000000e+00  6.56560000e-11  3.30000000e+00 
 6.58560000e-11  3.30000000e+00  6.58560000e-11  3.30000000e+00 
 6.60560000e-11  3.30000000e+00  6.60560000e-11  3.30000000e+00 
 6.62560000e-11  3.30000000e+00  6.62560000e-11  3.30000000e+00 
 6.64560000e-11  3.30000000e+00  6.64560000e-11  3.30000000e+00 
 6.66560000e-11  3.30000000e+00  6.66560000e-11  3.30000000e+00 
 6.68560000e-11  3.30000000e+00  6.68560000e-11  3.30000000e+00 
 6.70560000e-11  3.30000000e+00  6.70560000e-11  3.30000000e+00 
 6.72560000e-11  3.30000000e+00  6.72560000e-11  3.30000000e+00 
 6.74560000e-11  3.30000000e+00  6.74560000e-11  3.30000000e+00 
 6.76560000e-11  3.30000000e+00  6.76560000e-11  3.30000000e+00 
 6.78560000e-11  3.30000000e+00  6.78560000e-11  3.30000000e+00 
 6.80560000e-11  3.30000000e+00  6.80560000e-11  3.30000000e+00 
 6.82560000e-11  3.30000000e+00  6.82560000e-11  3.30000000e+00 
 6.84560000e-11  3.30000000e+00  6.84560000e-11  3.30000000e+00 
 6.86560000e-11  3.30000000e+00  6.86560000e-11  3.30000000e+00 
 6.88560000e-11  3.30000000e+00  6.88560000e-11  3.30000000e+00 
 6.90560000e-11  3.30000000e+00  6.90560000e-11  3.30000000e+00 
 6.92560000e-11  3.30000000e+00  6.92560000e-11  3.30000000e+00 
 6.94560000e-11  3.30000000e+00  6.94560000e-11  3.30000000e+00 
 6.96560000e-11  3.30000000e+00  6.96560000e-11  3.30000000e+00 
 6.98560000e-11  3.30000000e+00  6.98560000e-11  3.30000000e+00 
 7.00560000e-11  3.30000000e+00  7.00560000e-11  3.30000000e+00 
 7.02560000e-11  3.30000000e+00  7.02560000e-11  3.30000000e+00 
 7.04560000e-11  3.30000000e+00  7.04560000e-11  3.30000000e+00 
 7.06560000e-11  3.30000000e+00  7.06560000e-11  3.30000000e+00 
 7.08560000e-11  3.30000000e+00  7.08560000e-11  3.30000000e+00 
 7.10560000e-11  3.30000000e+00  7.10560000e-11  3.30000000e+00 
 7.12560000e-11  3.30000000e+00  7.12560000e-11  3.30000000e+00 
 7.14560000e-11  3.30000000e+00  7.14560000e-11  3.30000000e+00 
 7.16560000e-11  3.30000000e+00  7.16560000e-11  3.30000000e+00 
 7.18560000e-11  3.30000000e+00  7.18560000e-11  3.30000000e+00 
 7.20560000e-11  3.30000000e+00  7.20560000e-11  3.30000000e+00 
 7.22560000e-11  3.30000000e+00  7.22560000e-11  3.30000000e+00 
 7.24560000e-11  3.30000000e+00  7.24560000e-11  3.30000000e+00 
 7.26560000e-11  3.30000000e+00  7.26560000e-11  3.30000000e+00 
 7.28560000e-11  3.30000000e+00  7.28560000e-11  3.30000000e+00 
 7.30560000e-11  3.30000000e+00  7.30560000e-11  3.30000000e+00 
 7.32560000e-11  3.30000000e+00  7.32560000e-11  3.30000000e+00 
 7.34560000e-11  3.30000000e+00  7.34560000e-11  3.30000000e+00 
 7.36560000e-11  3.30000000e+00  7.36560000e-11  3.30000000e+00 
 7.38560000e-11  3.30000000e+00  7.38560000e-11  3.30000000e+00 
 7.40560000e-11  3.30000000e+00  7.40560000e-11  3.30000000e+00 
 7.42560000e-11  3.30000000e+00  7.42560000e-11  3.30000000e+00 
 7.44560000e-11  3.30000000e+00  7.44560000e-11  3.30000000e+00 
 7.46560000e-11  3.30000000e+00  7.46560000e-11  3.30000000e+00 
 7.48560000e-11  3.30000000e+00  7.48560000e-11  3.30000000e+00 
 7.50560000e-11  3.30000000e+00  7.50560000e-11  3.30000000e+00 
 7.52560000e-11  3.30000000e+00  7.52560000e-11  3.30000000e+00 
 7.54560000e-11  3.30000000e+00  7.54560000e-11  3.30000000e+00 
 7.56560000e-11  3.30000000e+00  7.56560000e-11  3.30000000e+00 
 7.58560000e-11  3.30000000e+00  7.58560000e-11  3.30000000e+00 
 7.60560000e-11  3.30000000e+00  7.60560000e-11  3.30000000e+00 
 7.62560000e-11  3.30000000e+00  7.62560000e-11  3.30000000e+00 
 7.64560000e-11  3.30000000e+00  7.64560000e-11  3.30000000e+00 
 7.66560000e-11  3.30000001e+00  7.66560000e-11  3.30000000e+00 
 7.68560000e-11  3.30000001e+00  7.68560000e-11  3.29999999e+00 
 7.70560000e-11  3.30000001e+00  7.70560000e-11  3.29999999e+00 
 7.72560000e-11  3.30000001e+00  7.72560000e-11  3.29999999e+00 
 7.74560000e-11  3.30000001e+00  7.74560000e-11  3.29999999e+00 
 7.76560000e-11  3.30000001e+00  7.76560000e-11  3.29999999e+00 
 7.78560000e-11  3.30000001e+00  7.78560000e-11  3.29999999e+00 
 7.80560000e-11  3.30000001e+00  7.80560000e-11  3.29999999e+00 
 7.82560000e-11  3.30000001e+00  7.82560000e-11  3.29999999e+00 
 7.84560000e-11  3.30000001e+00  7.84560000e-11  3.29999999e+00 
 7.86560000e-11  3.30000001e+00  7.86560000e-11  3.29999999e+00 
 7.88560000e-11  3.30000001e+00  7.88560000e-11  3.29999999e+00 
 7.90560000e-11  3.30000001e+00  7.90560000e-11  3.29999999e+00 
 7.92560000e-11  3.30000001e+00  7.92560000e-11  3.29999999e+00 
 7.94560000e-11  3.30000001e+00  7.94560000e-11  3.29999999e+00 
 7.96560000e-11  3.30000001e+00  7.96560000e-11  3.29999999e+00 
 7.98560000e-11  3.30000001e+00  7.98560000e-11  3.30000000e+00 
 8.00560000e-11  3.30000000e+00  8.00560000e-11  3.30000000e+00 
 8.02560000e-11  3.30000000e+00  8.02560000e-11  3.30000000e+00 
 8.04560000e-11  3.30000000e+00  8.04560000e-11  3.30000000e+00 
 8.06560000e-11  3.30000000e+00  8.06560000e-11  3.30000000e+00 
 8.08560000e-11  3.30000000e+00  8.08560000e-11  3.30000000e+00 
 8.10560000e-11  3.30000000e+00  8.10560000e-11  3.30000000e+00 
 8.12560000e-11  3.30000000e+00  8.12560000e-11  3.30000000e+00 
 8.14560000e-11  3.30000000e+00  8.14560000e-11  3.30000000e+00 
 8.16560000e-11  3.30000000e+00  8.16560000e-11  3.30000000e+00 
 8.18560000e-11  3.30000000e+00  8.18560000e-11  3.30000000e+00 
 8.20560000e-11  3.29999999e+00  8.20560000e-11  3.30000001e+00 
 8.22560000e-11  3.29999999e+00  8.22560000e-11  3.30000001e+00 
 8.24560000e-11  3.29999999e+00  8.24560000e-11  3.30000001e+00 
 8.26560000e-11  3.29999999e+00  8.26560000e-11  3.30000001e+00 
 8.28560000e-11  3.29999999e+00  8.28560000e-11  3.30000001e+00 
 8.30560000e-11  3.29999999e+00  8.30560000e-11  3.30000001e+00 
 8.32560000e-11  3.29999998e+00  8.32560000e-11  3.30000002e+00 
 8.34560000e-11  3.29999998e+00  8.34560000e-11  3.30000002e+00 
 8.36560000e-11  3.29999998e+00  8.36560000e-11  3.30000002e+00 
 8.38560000e-11  3.29999998e+00  8.38560000e-11  3.30000002e+00 
 8.40560000e-11  3.29999998e+00  8.40560000e-11  3.30000002e+00 
 8.42560000e-11  3.29999998e+00  8.42560000e-11  3.30000002e+00 
 8.44560000e-11  3.29999998e+00  8.44560000e-11  3.30000002e+00 
 8.46560000e-11  3.29999998e+00  8.46560000e-11  3.30000002e+00 
 8.48560000e-11  3.29999998e+00  8.48560000e-11  3.30000002e+00 
 8.50560000e-11  3.29999998e+00  8.50560000e-11  3.30000002e+00 
 8.52560000e-11  3.29999998e+00  8.52560000e-11  3.30000002e+00 
 8.54560000e-11  3.29999997e+00  8.54560000e-11  3.30000002e+00 
 8.56560000e-11  3.29999998e+00  8.56560000e-11  3.30000002e+00 
 8.58560000e-11  3.29999998e+00  8.58560000e-11  3.30000002e+00 
 8.60560000e-11  3.29999998e+00  8.60560000e-11  3.30000002e+00 
 8.62560000e-11  3.29999998e+00  8.62560000e-11  3.30000002e+00 
 8.64560000e-11  3.29999998e+00  8.64560000e-11  3.30000002e+00 
 8.66560000e-11  3.29999998e+00  8.66560000e-11  3.30000002e+00 
 8.68560000e-11  3.29999998e+00  8.68560000e-11  3.30000002e+00 
 8.70560000e-11  3.29999998e+00  8.70560000e-11  3.30000002e+00 
 8.72560000e-11  3.29999999e+00  8.72560000e-11  3.30000001e+00 
 8.74560000e-11  3.29999999e+00  8.74560000e-11  3.30000001e+00 
 8.76560000e-11  3.29999999e+00  8.76560000e-11  3.30000001e+00 
 8.78560000e-11  3.30000000e+00  8.78560000e-11  3.30000000e+00 
 8.80560000e-11  3.30000000e+00  8.80560000e-11  3.30000000e+00 
 8.82560000e-11  3.30000000e+00  8.82560000e-11  3.30000000e+00 
 8.84560000e-11  3.30000001e+00  8.84560000e-11  3.29999999e+00 
 8.86560000e-11  3.30000001e+00  8.86560000e-11  3.29999999e+00 
 8.88560000e-11  3.30000002e+00  8.88560000e-11  3.29999998e+00 
 8.90560000e-11  3.30000002e+00  8.90560000e-11  3.29999998e+00 
 8.92560000e-11  3.30000003e+00  8.92560000e-11  3.29999997e+00 
 8.94560000e-11  3.30000003e+00  8.94560000e-11  3.29999997e+00 
 8.96560000e-11  3.30000004e+00  8.96560000e-11  3.29999996e+00 
 8.98560000e-11  3.30000004e+00  8.98560000e-11  3.29999996e+00 
 9.00560000e-11  3.30000005e+00  9.00560000e-11  3.29999995e+00 
 9.02560000e-11  3.30000005e+00  9.02560000e-11  3.29999995e+00 
 9.04560000e-11  3.30000006e+00  9.04560000e-11  3.29999994e+00 
 9.06560000e-11  3.30000006e+00  9.06560000e-11  3.29999994e+00 
 9.08560000e-11  3.30000007e+00  9.08560000e-11  3.29999993e+00 
 9.10560000e-11  3.30000007e+00  9.10560000e-11  3.29999993e+00 
 9.12560000e-11  3.30000008e+00  9.12560000e-11  3.29999992e+00 
 9.14560000e-11  3.30000008e+00  9.14560000e-11  3.29999992e+00 
 9.16560000e-11  3.30000008e+00  9.16560000e-11  3.29999992e+00 
 9.18560000e-11  3.30000009e+00  9.18560000e-11  3.29999992e+00 
 9.20560000e-11  3.30000009e+00  9.20560000e-11  3.29999991e+00 
 9.22560000e-11  3.30000009e+00  9.22560000e-11  3.29999991e+00 
 9.24560000e-11  3.30000009e+00  9.24560000e-11  3.29999991e+00 
 9.26560000e-11  3.30000009e+00  9.26560000e-11  3.29999991e+00 
 9.28560000e-11  3.30000009e+00  9.28560000e-11  3.29999991e+00 
 9.30560000e-11  3.30000009e+00  9.30560000e-11  3.29999992e+00 
 9.32560000e-11  3.30000008e+00  9.32560000e-11  3.29999992e+00 
 9.34560000e-11  3.30000008e+00  9.34560000e-11  3.29999992e+00 
 9.36560000e-11  3.30000007e+00  9.36560000e-11  3.29999993e+00 
 9.38560000e-11  3.30000007e+00  9.38560000e-11  3.29999994e+00 
 9.40560000e-11  3.30000006e+00  9.40560000e-11  3.29999994e+00 
 9.42560000e-11  3.30000005e+00  9.42560000e-11  3.29999995e+00 
 9.44560000e-11  3.30000004e+00  9.44560000e-11  3.29999996e+00 
 9.46560000e-11  3.30000003e+00  9.46560000e-11  3.29999997e+00 
 9.48560000e-11  3.30000002e+00  9.48560000e-11  3.29999999e+00 
 9.50560000e-11  3.30000000e+00  9.50560000e-11  3.30000000e+00 
 9.52560000e-11  3.29999999e+00  9.52560000e-11  3.30000001e+00 
 9.54560000e-11  3.29999997e+00  9.54560000e-11  3.30000003e+00 
 9.56560000e-11  3.29999996e+00  9.56560000e-11  3.30000004e+00 
 9.58560000e-11  3.29999994e+00  9.58560000e-11  3.30000006e+00 
 9.60560000e-11  3.29999992e+00  9.60560000e-11  3.30000008e+00 
 9.62560000e-11  3.29999991e+00  9.62560000e-11  3.30000010e+00 
 9.64560000e-11  3.29999989e+00  9.64560000e-11  3.30000011e+00 
 9.66560000e-11  3.29999987e+00  9.66560000e-11  3.30000013e+00 
 9.68560000e-11  3.29999985e+00  9.68560000e-11  3.30000015e+00 
 9.70560000e-11  3.29999983e+00  9.70560000e-11  3.30000017e+00 
 9.72560000e-11  3.29999981e+00  9.72560000e-11  3.30000019e+00 
 9.74560000e-11  3.29999979e+00  9.74560000e-11  3.30000021e+00 
 9.76560000e-11  3.29999977e+00  9.76560000e-11  3.30000022e+00 
 9.78560000e-11  3.29999976e+00  9.78560000e-11  3.30000024e+00 
 9.80560000e-11  3.29999974e+00  9.80560000e-11  3.30000026e+00 
 9.82560000e-11  3.29999973e+00  9.82560000e-11  3.30000027e+00 
 9.84560000e-11  3.29999971e+00  9.84560000e-11  3.30000028e+00 
 9.86560000e-11  3.29999970e+00  9.86560000e-11  3.30000029e+00 
 9.88560000e-11  3.29999969e+00  9.88560000e-11  3.30000030e+00 
 9.90560000e-11  3.29999969e+00  9.90560000e-11  3.30000031e+00 
 9.92560000e-11  3.29999968e+00  9.92560000e-11  3.30000031e+00 
 9.94560000e-11  3.29999968e+00  9.94560000e-11  3.30000032e+00 
 9.96560000e-11  3.29999968e+00  9.96560000e-11  3.30000031e+00 
 9.98560000e-11  3.29999968e+00  9.98560000e-11  3.30000031e+00 
 1.00056000e-10  3.29999969e+00  1.00056000e-10  3.30000030e+00 
 1.00256000e-10  3.29999970e+00  1.00256000e-10  3.30000029e+00 
 1.00456000e-10  3.29999972e+00  1.00456000e-10  3.30000027e+00 
 1.00656000e-10  3.29999974e+00  1.00656000e-10  3.30000025e+00 
 1.00856000e-10  3.29999976e+00  1.00856000e-10  3.30000023e+00 
 1.01056000e-10  3.29999979e+00  1.01056000e-10  3.30000020e+00 
 1.01256000e-10  3.29999982e+00  1.01256000e-10  3.30000017e+00 
 1.01456000e-10  3.29999985e+00  1.01456000e-10  3.30000014e+00 
 1.01656000e-10  3.29999989e+00  1.01656000e-10  3.30000010e+00 
 1.01856000e-10  3.29999993e+00  1.01856000e-10  3.30000006e+00 
 1.02056000e-10  3.29999998e+00  1.02056000e-10  3.30000001e+00 
 1.02256000e-10  3.30000003e+00  1.02256000e-10  3.29999996e+00 
 1.02456000e-10  3.30000009e+00  1.02456000e-10  3.29999991e+00 
 1.02656000e-10  3.30000014e+00  1.02656000e-10  3.29999985e+00 
 1.02856000e-10  3.30000020e+00  1.02856000e-10  3.29999979e+00 
 1.03056000e-10  3.30000027e+00  1.03056000e-10  3.29999973e+00 
 1.03256000e-10  3.30000033e+00  1.03256000e-10  3.29999966e+00 
 1.03456000e-10  3.30000040e+00  1.03456000e-10  3.29999960e+00 
 1.03656000e-10  3.30000047e+00  1.03656000e-10  3.29999953e+00 
 1.03856000e-10  3.30000054e+00  1.03856000e-10  3.29999946e+00 
 1.04056000e-10  3.30000060e+00  1.04056000e-10  3.29999940e+00 
 1.04256000e-10  3.30000067e+00  1.04256000e-10  3.29999933e+00 
 1.04456000e-10  3.30000074e+00  1.04456000e-10  3.29999927e+00 
 1.04656000e-10  3.30000080e+00  1.04656000e-10  3.29999920e+00 
 1.04856000e-10  3.30000086e+00  1.04856000e-10  3.29999914e+00 
 1.05056000e-10  3.30000092e+00  1.05056000e-10  3.29999909e+00 
 1.05256000e-10  3.30000098e+00  1.05256000e-10  3.29999904e+00 
 1.05456000e-10  3.30000102e+00  1.05456000e-10  3.29999899e+00 
 1.05656000e-10  3.30000106e+00  1.05656000e-10  3.29999895e+00 
 1.05856000e-10  3.30000110e+00  1.05856000e-10  3.29999892e+00 
 1.06056000e-10  3.30000113e+00  1.06056000e-10  3.29999889e+00 
 1.06256000e-10  3.30000114e+00  1.06256000e-10  3.29999888e+00 
 1.06456000e-10  3.30000115e+00  1.06456000e-10  3.29999887e+00 
 1.06656000e-10  3.30000115e+00  1.06656000e-10  3.29999888e+00 
 1.06856000e-10  3.30000113e+00  1.06856000e-10  3.29999889e+00 
 1.07056000e-10  3.30000111e+00  1.07056000e-10  3.29999892e+00 
 1.07256000e-10  3.30000107e+00  1.07256000e-10  3.29999896e+00 
 1.07456000e-10  3.30000102e+00  1.07456000e-10  3.29999901e+00 
 1.07656000e-10  3.30000095e+00  1.07656000e-10  3.29999908e+00 
 1.07856000e-10  3.30000087e+00  1.07856000e-10  3.29999916e+00 
 1.08056000e-10  3.30000078e+00  1.08056000e-10  3.29999926e+00 
 1.08256000e-10  3.30000067e+00  1.08256000e-10  3.29999937e+00 
 1.08456000e-10  3.30000054e+00  1.08456000e-10  3.29999949e+00 
 1.08656000e-10  3.30000041e+00  1.08656000e-10  3.29999963e+00 
 1.08856000e-10  3.30000025e+00  1.08856000e-10  3.29999978e+00 
 1.09056000e-10  3.30000009e+00  1.09056000e-10  3.29999995e+00 
 1.09256000e-10  3.29999991e+00  1.09256000e-10  3.30000012e+00 
 1.09456000e-10  3.29999971e+00  1.09456000e-10  3.30000032e+00 
 1.09656000e-10  3.29999951e+00  1.09656000e-10  3.30000052e+00 
 1.09856000e-10  3.29999929e+00  1.09856000e-10  3.30000073e+00 
 1.10056000e-10  3.29999907e+00  1.10056000e-10  3.30000095e+00 
 1.10256000e-10  3.29999884e+00  1.10256000e-10  3.30000118e+00 
 1.10456000e-10  3.29999860e+00  1.10456000e-10  3.30000142e+00 
 1.10656000e-10  3.29999835e+00  1.10656000e-10  3.30000166e+00 
 1.10856000e-10  3.29999811e+00  1.10856000e-10  3.30000190e+00 
 1.11056000e-10  3.29999786e+00  1.11056000e-10  3.30000214e+00 
 1.11256000e-10  3.29999762e+00  1.11256000e-10  3.30000238e+00 
 1.11456000e-10  3.29999738e+00  1.11456000e-10  3.30000261e+00 
 1.11656000e-10  3.29999715e+00  1.11656000e-10  3.30000284e+00 
 1.11856000e-10  3.29999693e+00  1.11856000e-10  3.30000305e+00 
 1.12056000e-10  3.29999672e+00  1.12056000e-10  3.30000325e+00 
 1.12256000e-10  3.29999652e+00  1.12256000e-10  3.30000344e+00 
 1.12456000e-10  3.29999635e+00  1.12456000e-10  3.30000361e+00 
 1.12656000e-10  3.29999620e+00  1.12656000e-10  3.30000375e+00 
 1.12856000e-10  3.29999607e+00  1.12856000e-10  3.30000387e+00 
 1.13056000e-10  3.29999598e+00  1.13056000e-10  3.30000396e+00 
 1.13256000e-10  3.29999591e+00  1.13256000e-10  3.30000402e+00 
 1.13456000e-10  3.29999588e+00  1.13456000e-10  3.30000404e+00 
 1.13656000e-10  3.29999588e+00  1.13656000e-10  3.30000403e+00 
 1.13856000e-10  3.29999593e+00  1.13856000e-10  3.30000398e+00 
 1.14056000e-10  3.29999602e+00  1.14056000e-10  3.30000388e+00 
 1.14256000e-10  3.29999615e+00  1.14256000e-10  3.30000374e+00 
 1.14456000e-10  3.29999634e+00  1.14456000e-10  3.30000356e+00 
 1.14656000e-10  3.29999657e+00  1.14656000e-10  3.30000332e+00 
 1.14856000e-10  3.29999685e+00  1.14856000e-10  3.30000304e+00 
 1.15056000e-10  3.29999718e+00  1.15056000e-10  3.30000270e+00 
 1.15256000e-10  3.29999757e+00  1.15256000e-10  3.30000231e+00 
 1.15456000e-10  3.29999800e+00  1.15456000e-10  3.30000188e+00 
 1.15656000e-10  3.29999850e+00  1.15656000e-10  3.30000139e+00 
 1.15856000e-10  3.29999904e+00  1.15856000e-10  3.30000085e+00 
 1.16056000e-10  3.29999963e+00  1.16056000e-10  3.30000026e+00 
 1.16256000e-10  3.30000027e+00  1.16256000e-10  3.29999962e+00 
 1.16456000e-10  3.30000096e+00  1.16456000e-10  3.29999894e+00 
 1.16656000e-10  3.30000169e+00  1.16656000e-10  3.29999822e+00 
 1.16856000e-10  3.30000245e+00  1.16856000e-10  3.29999746e+00 
 1.17056000e-10  3.30000325e+00  1.17056000e-10  3.29999667e+00 
 1.17256000e-10  3.30000408e+00  1.17256000e-10  3.29999585e+00 
 1.17456000e-10  3.30000494e+00  1.17456000e-10  3.29999501e+00 
 1.17656000e-10  3.30000581e+00  1.17656000e-10  3.29999415e+00 
 1.17856000e-10  3.30000669e+00  1.17856000e-10  3.29999329e+00 
 1.18056000e-10  3.30000757e+00  1.18056000e-10  3.29999243e+00 
 1.18256000e-10  3.30000844e+00  1.18256000e-10  3.29999157e+00 
 1.18456000e-10  3.30000930e+00  1.18456000e-10  3.29999073e+00 
 1.18656000e-10  3.30001014e+00  1.18656000e-10  3.29998992e+00 
 1.18856000e-10  3.30001094e+00  1.18856000e-10  3.29998914e+00 
 1.19056000e-10  3.30001169e+00  1.19056000e-10  3.29998841e+00 
 1.19256000e-10  3.30001239e+00  1.19256000e-10  3.29998774e+00 
 1.19456000e-10  3.30001302e+00  1.19456000e-10  3.29998714e+00 
 1.19656000e-10  3.30001357e+00  1.19656000e-10  3.29998661e+00 
 1.19856000e-10  3.30001403e+00  1.19856000e-10  3.29998618e+00 
 1.20056000e-10  3.30001439e+00  1.20056000e-10  3.29998584e+00 
 1.20256000e-10  3.30001464e+00  1.20256000e-10  3.29998562e+00 
 1.20456000e-10  3.30001476e+00  1.20456000e-10  3.29998552e+00 
 1.20656000e-10  3.30001476e+00  1.20656000e-10  3.29998555e+00 
 1.20856000e-10  3.30001461e+00  1.20856000e-10  3.29998572e+00 
 1.21056000e-10  3.30001430e+00  1.21056000e-10  3.29998604e+00 
 1.21256000e-10  3.30001384e+00  1.21256000e-10  3.29998653e+00 
 1.21456000e-10  3.30001320e+00  1.21456000e-10  3.29998718e+00 
 1.21656000e-10  3.30001240e+00  1.21656000e-10  3.29998800e+00 
 1.21856000e-10  3.30001141e+00  1.21856000e-10  3.29998901e+00 
 1.22056000e-10  3.30001023e+00  1.22056000e-10  3.29999019e+00 
 1.22256000e-10  3.30000887e+00  1.22256000e-10  3.29999156e+00 
 1.22456000e-10  3.30000732e+00  1.22456000e-10  3.29999311e+00 
 1.22656000e-10  3.30000558e+00  1.22656000e-10  3.29999485e+00 
 1.22856000e-10  3.30000365e+00  1.22856000e-10  3.29999676e+00 
 1.23056000e-10  3.30000155e+00  1.23056000e-10  3.29999886e+00 
 1.23256000e-10  3.29999927e+00  1.23256000e-10  3.30000112e+00 
 1.23456000e-10  3.29999683e+00  1.23456000e-10  3.30000354e+00 
 1.23656000e-10  3.29999423e+00  1.23656000e-10  3.30000611e+00 
 1.23856000e-10  3.29999150e+00  1.23856000e-10  3.30000882e+00 
 1.24056000e-10  3.29998864e+00  1.24056000e-10  3.30001164e+00 
 1.24256000e-10  3.29998567e+00  1.24256000e-10  3.30001457e+00 
 1.24456000e-10  3.29998262e+00  1.24456000e-10  3.30001757e+00 
 1.24656000e-10  3.29997951e+00  1.24656000e-10  3.30002063e+00 
 1.24856000e-10  3.29997636e+00  1.24856000e-10  3.30002372e+00 
 1.25056000e-10  3.29997320e+00  1.25056000e-10  3.30002682e+00 
 1.25256000e-10  3.29997006e+00  1.25256000e-10  3.30002989e+00 
 1.25456000e-10  3.29996697e+00  1.25456000e-10  3.30003290e+00 
 1.25656000e-10  3.29996398e+00  1.25656000e-10  3.30003582e+00 
 1.25856000e-10  3.29996110e+00  1.25856000e-10  3.30003862e+00 
 1.26056000e-10  3.29995838e+00  1.26056000e-10  3.30004125e+00 
 1.26256000e-10  3.29995586e+00  1.26256000e-10  3.30004368e+00 
 1.26456000e-10  3.29995358e+00  1.26456000e-10  3.30004588e+00 
 1.26656000e-10  3.29995158e+00  1.26656000e-10  3.30004779e+00 
 1.26856000e-10  3.29994989e+00  1.26856000e-10  3.30004939e+00 
 1.27056000e-10  3.29994856e+00  1.27056000e-10  3.30005063e+00 
 1.27256000e-10  3.29994763e+00  1.27256000e-10  3.30005147e+00 
 1.27456000e-10  3.29994713e+00  1.27456000e-10  3.30005188e+00 
 1.27656000e-10  3.29994710e+00  1.27656000e-10  3.30005182e+00 
 1.27856000e-10  3.29994759e+00  1.27856000e-10  3.30005125e+00 
 1.28056000e-10  3.29994862e+00  1.28056000e-10  3.30005014e+00 
 1.28256000e-10  3.29995022e+00  1.28256000e-10  3.30004847e+00 
 1.28456000e-10  3.29995243e+00  1.28456000e-10  3.30004620e+00 
 1.28656000e-10  3.29995527e+00  1.28656000e-10  3.30004331e+00 
 1.28856000e-10  3.29995875e+00  1.28856000e-10  3.30003979e+00 
 1.29056000e-10  3.29996289e+00  1.29056000e-10  3.30003561e+00 
 1.29256000e-10  3.29996770e+00  1.29256000e-10  3.30003078e+00 
 1.29456000e-10  3.29997319e+00  1.29456000e-10  3.30002528e+00 
 1.29656000e-10  3.29997935e+00  1.29656000e-10  3.30001912e+00 
 1.29856000e-10  3.29998617e+00  1.29856000e-10  3.30001232e+00 
 1.30056000e-10  3.29999365e+00  1.30056000e-10  3.30000488e+00 
 1.30256000e-10  3.30000175e+00  1.30256000e-10  3.29999684e+00 
 1.30456000e-10  3.30001044e+00  1.30456000e-10  3.29998821e+00 
 1.30656000e-10  3.30001969e+00  1.30656000e-10  3.29997905e+00 
 1.30856000e-10  3.30002945e+00  1.30856000e-10  3.29996941e+00 
 1.31056000e-10  3.30003965e+00  1.31056000e-10  3.29995933e+00 
 1.31256000e-10  3.30005024e+00  1.31256000e-10  3.29994889e+00 
 1.31456000e-10  3.30006115e+00  1.31456000e-10  3.29993815e+00 
 1.31656000e-10  3.30007229e+00  1.31656000e-10  3.29992720e+00 
 1.31856000e-10  3.30008356e+00  1.31856000e-10  3.29991613e+00 
 1.32056000e-10  3.30009488e+00  1.32056000e-10  3.29990503e+00 
 1.32256000e-10  3.30010614e+00  1.32256000e-10  3.29989402e+00 
 1.32456000e-10  3.30011722e+00  1.32456000e-10  3.29988320e+00 
 1.32656000e-10  3.30012800e+00  1.32656000e-10  3.29987269e+00 
 1.32856000e-10  3.30013835e+00  1.32856000e-10  3.29986263e+00 
 1.33056000e-10  3.30014815e+00  1.33056000e-10  3.29985313e+00 
 1.33256000e-10  3.30015725e+00  1.33256000e-10  3.29984434e+00 
 1.33456000e-10  3.30016552e+00  1.33456000e-10  3.29983638e+00 
 1.33656000e-10  3.30017281e+00  1.33656000e-10  3.29982942e+00 
 1.33856000e-10  3.30017898e+00  1.33856000e-10  3.29982357e+00 
 1.34056000e-10  3.30018388e+00  1.34056000e-10  3.29981900e+00 
 1.34256000e-10  3.30018738e+00  1.34256000e-10  3.29981582e+00 
 1.34456000e-10  3.30018933e+00  1.34456000e-10  3.29981419e+00 
 1.34656000e-10  3.30018959e+00  1.34656000e-10  3.29981424e+00 
 1.34856000e-10  3.30018804e+00  1.34856000e-10  3.29981608e+00 
 1.35056000e-10  3.30018455e+00  1.35056000e-10  3.29981985e+00 
 1.35256000e-10  3.30017902e+00  1.35256000e-10  3.29982563e+00 
 1.35456000e-10  3.30017133e+00  1.35456000e-10  3.29983355e+00 
 1.35656000e-10  3.30016141e+00  1.35656000e-10  3.29984367e+00 
 1.35856000e-10  3.30014918e+00  1.35856000e-10  3.29985606e+00 
 1.36056000e-10  3.30013459e+00  1.36056000e-10  3.29987078e+00 
 1.36256000e-10  3.30011759e+00  1.36256000e-10  3.29988786e+00 
 1.36456000e-10  3.30009817e+00  1.36456000e-10  3.29990732e+00 
 1.36656000e-10  3.30007634e+00  1.36656000e-10  3.29992913e+00 
 1.36856000e-10  3.30005212e+00  1.36856000e-10  3.29995328e+00 
 1.37056000e-10  3.30002558e+00  1.37056000e-10  3.29997971e+00 
 1.37256000e-10  3.29999678e+00  1.37256000e-10  3.30000832e+00 
 1.37456000e-10  3.29996585e+00  1.37456000e-10  3.30003901e+00 
 1.37656000e-10  3.29993291e+00  1.37656000e-10  3.30007163e+00 
 1.37856000e-10  3.29989813e+00  1.37856000e-10  3.30010603e+00 
 1.38056000e-10  3.29986172e+00  1.38056000e-10  3.30014199e+00 
 1.38256000e-10  3.29982390e+00  1.38256000e-10  3.30017929e+00 
 1.38456000e-10  3.29978493e+00  1.38456000e-10  3.30021767e+00 
 1.38656000e-10  3.29974510e+00  1.38656000e-10  3.30025684e+00 
 1.38856000e-10  3.29970473e+00  1.38856000e-10  3.30029648e+00 
 1.39056000e-10  3.29966417e+00  1.39056000e-10  3.30033625e+00 
 1.39256000e-10  3.29962381e+00  1.39256000e-10  3.30037575e+00 
 1.39456000e-10  3.29958403e+00  1.39456000e-10  3.30041461e+00 
 1.39656000e-10  3.29954528e+00  1.39656000e-10  3.30045238e+00 
 1.39856000e-10  3.29950801e+00  1.39856000e-10  3.30048863e+00 
 1.40056000e-10  3.29947268e+00  1.40056000e-10  3.30052288e+00 
 1.40256000e-10  3.29943979e+00  1.40256000e-10  3.30055466e+00 
 1.40456000e-10  3.29940983e+00  1.40456000e-10  3.30058347e+00 
 1.40656000e-10  3.29938333e+00  1.40656000e-10  3.30060881e+00 
 1.40856000e-10  3.29936079e+00  1.40856000e-10  3.30063017e+00 
 1.41056000e-10  3.29934273e+00  1.41056000e-10  3.30064704e+00 
 1.41256000e-10  3.29932967e+00  1.41256000e-10  3.30065894e+00 
 1.41456000e-10  3.29932211e+00  1.41456000e-10  3.30066535e+00 
 1.41656000e-10  3.29932053e+00  1.41656000e-10  3.30066581e+00 
 1.41856000e-10  3.29932541e+00  1.41856000e-10  3.30065987e+00 
 1.42056000e-10  3.29933718e+00  1.42056000e-10  3.30064709e+00 
 1.42256000e-10  3.29935625e+00  1.42256000e-10  3.30062710e+00 
 1.42456000e-10  3.29938299e+00  1.42456000e-10  3.30059953e+00 
 1.42656000e-10  3.29941771e+00  1.42656000e-10  3.30056409e+00 
 1.42856000e-10  3.29946069e+00  1.42856000e-10  3.30052051e+00 
 1.43056000e-10  3.29951212e+00  1.43056000e-10  3.30046862e+00 
 1.43256000e-10  3.29957215e+00  1.43256000e-10  3.30040828e+00 
 1.43456000e-10  3.29964085e+00  1.43456000e-10  3.30033944e+00 
 1.43656000e-10  3.29971820e+00  1.43656000e-10  3.30026214e+00 
 1.43856000e-10  3.29980412e+00  1.43856000e-10  3.30017646e+00 
 1.44056000e-10  3.29989841e+00  1.44056000e-10  3.30008262e+00 
 1.44256000e-10  3.30000079e+00  1.44256000e-10  3.29998090e+00 
 1.44456000e-10  3.30011088e+00  1.44456000e-10  3.29987170e+00 
 1.44656000e-10  3.30022821e+00  1.44656000e-10  3.29975551e+00 
 1.44856000e-10  3.30035218e+00  1.44856000e-10  3.29963291e+00 
 1.45056000e-10  3.30048209e+00  1.45056000e-10  3.29950462e+00 
 1.45256000e-10  3.30061714e+00  1.45256000e-10  3.29937144e+00 
 1.45456000e-10  3.30075640e+00  1.45456000e-10  3.29923430e+00 
 1.45656000e-10  3.30089884e+00  1.45656000e-10  3.29909422e+00 
 1.45856000e-10  3.30104334e+00  1.45856000e-10  3.29895233e+00 
 1.46056000e-10  3.30118863e+00  1.46056000e-10  3.29880987e+00 
 1.46256000e-10  3.30133338e+00  1.46256000e-10  3.29866818e+00 
 1.46456000e-10  3.30147615e+00  1.46456000e-10  3.29852869e+00 
 1.46656000e-10  3.30161540e+00  1.46656000e-10  3.29839290e+00 
 1.46856000e-10  3.30174951e+00  1.46856000e-10  3.29826243e+00 
 1.47056000e-10  3.30187681e+00  1.47056000e-10  3.29813892e+00 
 1.47256000e-10  3.30199554e+00  1.47256000e-10  3.29802411e+00 
 1.47456000e-10  3.30210391e+00  1.47456000e-10  3.29791976e+00 
 1.47656000e-10  3.30220008e+00  1.47656000e-10  3.29782768e+00 
 1.47856000e-10  3.30228221e+00  1.47856000e-10  3.29774967e+00 
 1.48056000e-10  3.30234844e+00  1.48056000e-10  3.29768757e+00 
 1.48256000e-10  3.30239693e+00  1.48256000e-10  3.29764317e+00 
 1.48456000e-10  3.30242587e+00  1.48456000e-10  3.29761823e+00 
 1.48656000e-10  3.30243351e+00  1.48656000e-10  3.29761448e+00 
 1.48856000e-10  3.30241818e+00  1.48856000e-10  3.29763353e+00 
 1.49056000e-10  3.30237829e+00  1.49056000e-10  3.29767694e+00 
 1.49256000e-10  3.30231238e+00  1.49256000e-10  3.29774610e+00 
 1.49456000e-10  3.30221914e+00  1.49456000e-10  3.29784229e+00 
 1.49656000e-10  3.30209740e+00  1.49656000e-10  3.29796661e+00 
 1.49856000e-10  3.30194622e+00  1.49856000e-10  3.29811998e+00 
 1.50056000e-10  3.30176482e+00  1.50056000e-10  3.29830310e+00 
 1.50256000e-10  3.30155271e+00  1.50256000e-10  3.29851645e+00 
 1.50456000e-10  3.30130961e+00  1.50456000e-10  3.29876022e+00 
 1.50656000e-10  3.30103556e+00  1.50656000e-10  3.29903436e+00 
 1.50856000e-10  3.30073085e+00  1.50856000e-10  3.29933850e+00 
 1.51056000e-10  3.30039614e+00  1.51056000e-10  3.29967196e+00 
 1.51256000e-10  3.30003239e+00  1.51256000e-10  3.30003374e+00 
 1.51456000e-10  3.29964093e+00  1.51456000e-10  3.30042246e+00 
 1.51656000e-10  3.29922343e+00  1.51656000e-10  3.30083640e+00 
 1.51856000e-10  3.29878198e+00  1.51856000e-10  3.30127347e+00 
 1.52056000e-10  3.29831903e+00  1.52056000e-10  3.30173117e+00 
 1.52256000e-10  3.29783741e+00  1.52256000e-10  3.30220665e+00 
 1.52456000e-10  3.29734038e+00  1.52456000e-10  3.30269661e+00 
 1.52656000e-10  3.29683159e+00  1.52656000e-10  3.30319741e+00 
 1.52856000e-10  3.29631508e+00  1.52856000e-10  3.30370499e+00 
 1.53056000e-10  3.29579529e+00  1.53056000e-10  3.30421492e+00 
 1.53256000e-10  3.29527701e+00  1.53256000e-10  3.30472238e+00 
 1.53456000e-10  3.29476543e+00  1.53456000e-10  3.30522223e+00 
 1.53656000e-10  3.29426607e+00  1.53656000e-10  3.30570897e+00 
 1.53856000e-10  3.29378474e+00  1.53856000e-10  3.30617683e+00 
 1.54056000e-10  3.29332755e+00  1.54056000e-10  3.30661975e+00 
 1.54256000e-10  3.29290085e+00  1.54256000e-10  3.30703147e+00 
 1.54456000e-10  3.29251116e+00  1.54456000e-10  3.30740556e+00 
 1.54656000e-10  3.29216517e+00  1.54656000e-10  3.30773547e+00 
 1.54856000e-10  3.29186960e+00  1.54856000e-10  3.30801459e+00 
 1.55056000e-10  3.29163122e+00  1.55056000e-10  3.30823634e+00 
 1.55256000e-10  3.29145672e+00  1.55256000e-10  3.30839424e+00 
 1.55456000e-10  3.29135262e+00  1.55456000e-10  3.30848196e+00 
 1.55656000e-10  3.29132527e+00  1.55656000e-10  3.30849342e+00 
 1.55856000e-10  3.29138065e+00  1.55856000e-10  3.30842287e+00 
 1.56056000e-10  3.29152440e+00  1.56056000e-10  3.30826499e+00 
 1.56256000e-10  3.29176164e+00  1.56256000e-10  3.30801492e+00 
 1.56456000e-10  3.29209695e+00  1.56456000e-10  3.30766839e+00 
 1.56656000e-10  3.29253426e+00  1.56656000e-10  3.30722176e+00 
 1.56856000e-10  3.29307678e+00  1.56856000e-10  3.30667208e+00 
 1.57056000e-10  3.29372693e+00  1.57056000e-10  3.30601719e+00 
 1.57256000e-10  3.29448629e+00  1.57256000e-10  3.30525574e+00 
 1.57456000e-10  3.29535550e+00  1.57456000e-10  3.30438726e+00 
 1.57656000e-10  3.29633424e+00  1.57656000e-10  3.30341221e+00 
 1.57856000e-10  3.29742118e+00  1.57856000e-10  3.30233201e+00 
 1.58056000e-10  3.29861390e+00  1.58056000e-10  3.30114913e+00 
 1.58256000e-10  3.29990883e+00  1.58256000e-10  3.29986710e+00 
 1.58456000e-10  3.30130126e+00  1.58456000e-10  3.29849058e+00 
 1.58656000e-10  3.30278520e+00  1.58656000e-10  3.29702548e+00 
 1.58856000e-10  3.30435335e+00  1.58856000e-10  3.29547896e+00 
 1.59056000e-10  3.30599702e+00  1.59056000e-10  3.29385960e+00 
 1.59256000e-10  3.30770605e+00  1.59256000e-10  3.29217744e+00 
 1.59456000e-10  3.30946870e+00  1.59456000e-10  3.29044411e+00 
 1.59656000e-10  3.31127157e+00  1.59656000e-10  3.28867295e+00 
 1.59856000e-10  3.31309952e+00  1.59856000e-10  3.28687907e+00 
 1.60056000e-10  3.31493561e+00  1.60056000e-10  3.28507945e+00 
 1.60256000e-10  3.31676100e+00  1.60256000e-10  3.28329295e+00 
 1.60456000e-10  3.31855503e+00  1.60456000e-10  3.28154032e+00 
 1.60656000e-10  3.32029523e+00  1.60656000e-10  3.27984410e+00 
 1.60856000e-10  3.32195743e+00  1.60856000e-10  3.27822846e+00 
 1.61056000e-10  3.32351601e+00  1.61056000e-10  3.27671895e+00 
 1.61256000e-10  3.32494421e+00  1.61256000e-10  3.27534211e+00 
 1.61456000e-10  3.32621450e+00  1.61456000e-10  3.27412509e+00 
 1.61656000e-10  3.32729908e+00  1.61656000e-10  3.27309507e+00 
 1.61856000e-10  3.32817050e+00  1.61856000e-10  3.27227869e+00 
 1.62056000e-10  3.32880222e+00  1.62056000e-10  3.27170143e+00 
 1.62256000e-10  3.32916932e+00  1.62256000e-10  3.27138697e+00 
 1.62456000e-10  3.32924909e+00  1.62456000e-10  3.27135664e+00 
 1.62656000e-10  3.32902162e+00  1.62656000e-10  3.27162892e+00 
 1.62856000e-10  3.32847034e+00  1.62856000e-10  3.27221901e+00 
 1.63056000e-10  3.32758232e+00  1.63056000e-10  3.27313855e+00 
 1.63256000e-10  3.32634857e+00  1.63256000e-10  3.27439557e+00 
 1.63456000e-10  3.32476404e+00  1.63456000e-10  3.27599446e+00 
 1.63656000e-10  3.32282755e+00  1.63656000e-10  3.27793623e+00 
 1.63856000e-10  3.32054147e+00  1.63856000e-10  3.28021880e+00 
 1.64056000e-10  3.31791129e+00  1.64056000e-10  3.28283754e+00 
 1.64256000e-10  3.31494509e+00  1.64256000e-10  3.28578578e+00 
 1.64456000e-10  3.31165286e+00  1.64456000e-10  3.28905537e+00 
 1.64656000e-10  3.30804597e+00  1.64656000e-10  3.29263720e+00 
 1.64856000e-10  3.30413662e+00  1.64856000e-10  3.29652142e+00 
 1.65056000e-10  3.29993768e+00  1.65056000e-10  3.30069749e+00 
 1.65256000e-10  3.29546281e+00  1.65256000e-10  3.30515362e+00 
 1.65456000e-10  3.29072709e+00  1.65456000e-10  3.30987579e+00 
 1.65656000e-10  3.28574833e+00  1.65656000e-10  3.31484614e+00 
 1.65856000e-10  3.28054886e+00  1.65856000e-10  3.32004073e+00 
 1.66056000e-10  3.27515793e+00  1.66056000e-10  3.32542694e+00 
 1.66256000e-10  3.26961449e+00  1.66256000e-10  3.33096047e+00 
 1.66456000e-10  3.26396988e+00  1.66456000e-10  3.33658258e+00 
 1.66656000e-10  3.25829016e+00  1.66656000e-10  3.34221783e+00 
 1.66856000e-10  3.25265713e+00  1.66856000e-10  3.34777326e+00 
 1.67056000e-10  3.24716770e+00  1.67056000e-10  3.35313958e+00 
 1.67256000e-10  3.24193124e+00  1.67256000e-10  3.35819478e+00 
 1.67456000e-10  3.23706520e+00  1.67456000e-10  3.36281009e+00 
 1.67656000e-10  3.23268992e+00  1.67656000e-10  3.36685730e+00 
 1.67856000e-10  3.22892348e+00  1.67856000e-10  3.37021649e+00 
 1.68056000e-10  3.22587729e+00  1.68056000e-10  3.37278263e+00 
 1.68256000e-10  3.22365246e+00  1.68256000e-10  3.37447054e+00 
 1.68456000e-10  3.22233682e+00  1.68456000e-10  3.37521782e+00 
 1.68656000e-10  3.22200234e+00  1.68656000e-10  3.37498585e+00 
 1.68856000e-10  3.22270288e+00  1.68856000e-10  3.37375925e+00 
 1.69056000e-10  3.22447237e+00  1.69056000e-10  3.37154409e+00 
 1.69256000e-10  3.22732343e+00  1.69256000e-10  3.36836552e+00 
 1.69456000e-10  3.23124660e+00  1.69456000e-10  3.36426501e+00 
 1.69656000e-10  3.23621020e+00  1.69656000e-10  3.35929757e+00 
 1.69856000e-10  3.24216099e+00  1.69856000e-10  3.35352900e+00 
 1.70056000e-10  3.24902578e+00  1.70056000e-10  3.34703309e+00 
 1.70256000e-10  3.25671413e+00  1.70256000e-10  3.33988867e+00 
 1.70456000e-10  3.26512254e+00  1.70456000e-10  3.33217618e+00 
 1.70656000e-10  3.27414071e+00  1.70656000e-10  3.32397296e+00 
 1.70856000e-10  3.28366016e+00  1.70856000e-10  3.31534675e+00 
 1.71056000e-10  3.29358511e+00  1.71056000e-10  3.30634741e+00 
 1.71256000e-10  3.30384334e+00  1.71256000e-10  3.29699842e+00 
 1.71456000e-10  3.31439230e+00  1.71456000e-10  3.28729254e+00 
 1.71656000e-10  3.32521515e+00  1.71656000e-10  3.27719739e+00 
 1.71856000e-10  3.33630446e+00  1.71856000e-10  3.26667446e+00 
 1.72056000e-10  3.34763749e+00  1.72056000e-10  3.25570937e+00 
 1.72256000e-10  3.35915069e+00  1.72256000e-10  3.24434525e+00 
 1.72456000e-10  3.37072184e+00  1.72456000e-10  3.23270725e+00 
 1.72656000e-10  3.38216641e+00  1.72656000e-10  3.22100645e+00 
 1.72856000e-10  3.39324979e+00  1.72856000e-10  3.20951998e+00 
 1.73056000e-10  3.40370983e+00  1.73056000e-10  3.19855834e+00 
 1.73256000e-10  3.41328089e+00  1.73256000e-10  3.18843623e+00 
 1.73456000e-10  3.42171463e+00  1.73456000e-10  3.17945267e+00 
 1.73656000e-10  3.42879478e+00  1.73656000e-10  3.17187837e+00 
 1.73856000e-10  3.43434421e+00  1.73856000e-10  3.16594689e+00 
 1.74056000e-10  3.43822554e+00  1.74056000e-10  3.16184782e+00 
 1.74256000e-10  3.44033792e+00  1.74256000e-10  3.15972171e+00 
 1.74456000e-10  3.44061258e+00  1.74456000e-10  3.15965733e+00 
 1.74656000e-10  3.43900908e+00  1.74656000e-10  3.16169127e+00 
 1.74856000e-10  3.43551286e+00  1.74856000e-10  3.16580966e+00 
 1.75056000e-10  3.43013459e+00  1.75056000e-10  3.17195160e+00 
 1.75256000e-10  3.42291069e+00  1.75256000e-10  3.18001358e+00 
 1.75456000e-10  3.41390467e+00  1.75456000e-10  3.18985477e+00 
 1.75656000e-10  3.40320878e+00  1.75656000e-10  3.20130261e+00 
 1.75856000e-10  3.39094513e+00  1.75856000e-10  3.21415884e+00 
 1.76056000e-10  3.37726616e+00  1.76056000e-10  3.22820550e+00 
 1.76256000e-10  3.36235380e+00  1.76256000e-10  3.24321112e+00 
 1.76456000e-10  3.34641715e+00  1.76456000e-10  3.25893729e+00 
 1.76656000e-10  3.32968777e+00  1.76656000e-10  3.27514643e+00 
 1.76856000e-10  3.31241085e+00  1.76856000e-10  3.29161383e+00 
 1.77056000e-10  3.29482728e+00  1.77056000e-10  3.30815105e+00 
 1.77256000e-10  3.27713881e+00  1.77256000e-10  3.32465176e+00 
 1.77456000e-10  3.25946311e+00  1.77456000e-10  3.34114430e+00 
 1.77656000e-10  3.24181922e+00  1.77656000e-10  3.35778508e+00 
 1.77856000e-10  3.22417812e+00  1.77856000e-10  3.37475208e+00 
 1.78056000e-10  3.20656462e+00  1.78056000e-10  3.39207878e+00 
 1.78256000e-10  3.18912507e+00  1.78256000e-10  3.40955550e+00 
 1.78456000e-10  3.17211666e+00  1.78456000e-10  3.42676365e+00 
 1.78656000e-10  3.15586420e+00  1.78656000e-10  3.44317666e+00 
 1.78856000e-10  3.14072344e+00  1.78856000e-10  3.45825673e+00 
 1.79056000e-10  3.12705637e+00  1.79056000e-10  3.47152086e+00 
 1.79256000e-10  3.11521243e+00  1.79256000e-10  3.48257585e+00 
 1.79456000e-10  3.10551068e+00  1.79456000e-10  3.49113165e+00 
 1.79656000e-10  3.09822642e+00  1.79656000e-10  3.49699844e+00 
 1.79856000e-10  3.09358605e+00  1.79856000e-10  3.50006984e+00 
 1.80056000e-10  3.09176233e+00  1.80056000e-10  3.50030704e+00 
 1.80256000e-10  3.09287144e+00  1.80256000e-10  3.49772525e+00 
 1.80456000e-10  3.09697276e+00  1.80456000e-10  3.49238209e+00 
 1.80656000e-10  3.10407035e+00  1.80656000e-10  3.48436903e+00 
 1.80856000e-10  3.11411501e+00  1.80856000e-10  3.47380679e+00 
 1.81056000e-10  3.12700509e+00  1.81056000e-10  3.46084491e+00 
 1.81256000e-10  3.14258222e+00  1.81256000e-10  3.44566807e+00 
 1.81456000e-10  3.16063120e+00  1.81456000e-10  3.42849697e+00 
 1.81656000e-10  3.18088271e+00  1.81656000e-10  3.40958374e+00 
 1.81856000e-10  3.20301713e+00  1.81856000e-10  3.38920623e+00 
 1.82056000e-10  3.22667042e+00  1.82056000e-10  3.36766217e+00 
 1.82256000e-10  3.25144239e+00  1.82256000e-10  3.34526312e+00 
 1.82456000e-10  3.27690763e+00  1.82456000e-10  3.32232803e+00 
 1.82656000e-10  3.30263024e+00  1.82656000e-10  3.29917485e+00 
 1.82856000e-10  3.32818999e+00  1.82856000e-10  3.27610427e+00 
 1.83056000e-10  3.35324437e+00  1.83056000e-10  3.25335443e+00 
 1.83256000e-10  3.37764151e+00  1.83256000e-10  3.23100664e+00 
 1.83456000e-10  3.40146618e+00  1.83456000e-10  3.20892897e+00 
 1.83656000e-10  3.42491321e+00  1.83656000e-10  3.18686563e+00 
 1.83856000e-10  3.44797801e+00  1.83856000e-10  3.16471565e+00 
 1.84056000e-10  3.47028606e+00  1.84056000e-10  3.14269476e+00 
 1.84256000e-10  3.49121957e+00  1.84256000e-10  3.12126466e+00 
 1.84456000e-10  3.51012982e+00  1.84456000e-10  3.10101535e+00 
 1.84656000e-10  3.52649216e+00  1.84656000e-10  3.08255977e+00 
 1.84856000e-10  3.53994546e+00  1.84856000e-10  3.06648262e+00 
 1.85056000e-10  3.55027821e+00  1.85056000e-10  3.05332117e+00 
 1.85256000e-10  3.55739139e+00  1.85256000e-10  3.04352592e+00 
 1.85456000e-10  3.56124232e+00  1.85456000e-10  3.03743114e+00 
 1.85656000e-10  3.56182438e+00  1.85656000e-10  3.03525521e+00 
 1.85856000e-10  3.55915432e+00  1.85856000e-10  3.03710808e+00 
 1.86056000e-10  3.55326270e+00  1.86056000e-10  3.04299988e+00 
 1.86256000e-10  3.54418934e+00  1.86256000e-10  3.05284887e+00 
 1.86456000e-10  3.53198360e+00  1.86456000e-10  3.06649030e+00 
 1.86656000e-10  3.51670754e+00  1.86656000e-10  3.08368747e+00 
 1.86856000e-10  3.49844115e+00  1.86856000e-10  3.10414444e+00 
 1.87056000e-10  3.47729140e+00  1.87056000e-10  3.12751858e+00 
 1.87256000e-10  3.45344692e+00  1.87256000e-10  3.15342096e+00 
 1.87456000e-10  3.42721565e+00  1.87456000e-10  3.18139232e+00 
 1.87656000e-10  3.39897697e+00  1.87656000e-10  3.21091686e+00 
 1.87856000e-10  3.36915767e+00  1.87856000e-10  3.24144901e+00 
 1.88056000e-10  3.33822023e+00  1.88056000e-10  3.27243657e+00 
 1.88256000e-10  3.30665208e+00  1.88256000e-10  3.30334240e+00 
 1.88456000e-10  3.27495222e+00  1.88456000e-10  3.33366635e+00 
 1.88656000e-10  3.24361003e+00  1.88656000e-10  3.36297859e+00 
 1.88856000e-10  3.21304669e+00  1.88856000e-10  3.39101672e+00 
 1.89056000e-10  3.18349040e+00  1.89056000e-10  3.41786316e+00 
 1.89256000e-10  3.15488677e+00  1.89256000e-10  3.44398854e+00 
 1.89456000e-10  3.12704691e+00  1.89456000e-10  3.46993427e+00 
 1.89656000e-10  3.10006769e+00  1.89656000e-10  3.49564856e+00 
 1.89856000e-10  3.07441208e+00  1.89856000e-10  3.52037495e+00 
 1.90056000e-10  3.05067432e+00  1.90056000e-10  3.54312591e+00 
 1.90256000e-10  3.02944447e+00  1.90256000e-10  3.56308452e+00 
 1.90456000e-10  3.01130515e+00  1.90456000e-10  3.57973687e+00 
 1.90656000e-10  2.99676692e+00  1.90656000e-10  3.59273088e+00 
 1.90856000e-10  2.98622753e+00  1.90856000e-10  3.60182413e+00 
 1.91056000e-10  2.97993258e+00  1.91056000e-10  3.60691096e+00 
 1.91256000e-10  2.97797661e+00  1.91256000e-10  3.60801919e+00 
 1.91456000e-10  2.98036380e+00  1.91456000e-10  3.60523155e+00 
 1.91656000e-10  2.98708254e+00  1.91656000e-10  3.59858251e+00 
 1.91856000e-10  2.99812435e+00  1.91856000e-10  3.58802618e+00 
 1.92056000e-10  3.01341334e+00  1.92056000e-10  3.57353328e+00 
 1.92256000e-10  3.03275205e+00  1.92256000e-10  3.55519397e+00 
 1.92456000e-10  3.05586218e+00  1.92456000e-10  3.53319958e+00 
 1.92656000e-10  3.08243124e+00  1.92656000e-10  3.50778720e+00 
 1.92856000e-10  3.11212246e+00  1.92856000e-10  3.47922367e+00 
 1.93056000e-10  3.14456592e+00  1.93056000e-10  3.44783949e+00 
 1.93256000e-10  3.17932268e+00  1.93256000e-10  3.41421173e+00 
 1.93456000e-10  3.21585838e+00  1.93456000e-10  3.37905078e+00 
 1.93656000e-10  3.25356489e+00  1.93656000e-10  3.34305013e+00 
 1.93856000e-10  3.29180300e+00  1.93856000e-10  3.30685197e+00 
 1.94056000e-10  3.32993304e+00  1.94056000e-10  3.27103706e+00 
 1.94256000e-10  3.36733740e+00  1.94256000e-10  3.23612186e+00 
 1.94456000e-10  3.40345985e+00  1.94456000e-10  3.20254528e+00 
 1.94656000e-10  3.43794269e+00  1.94656000e-10  3.17057482e+00 
 1.94856000e-10  3.47081376e+00  1.94856000e-10  3.14012491e+00 
 1.95056000e-10  3.50250437e+00  1.95056000e-10  3.11066966e+00 
 1.95256000e-10  3.53325796e+00  1.95256000e-10  3.08179596e+00 
 1.95456000e-10  3.56247599e+00  1.95456000e-10  3.05381843e+00 
 1.95656000e-10  3.58910455e+00  1.95656000e-10  3.02743958e+00 
 1.95856000e-10  3.61225972e+00  1.95856000e-10  3.00349468e+00 
 1.96056000e-10  3.63123854e+00  1.96056000e-10  2.98287723e+00 
 1.96256000e-10  3.64548822e+00  1.96256000e-10  2.96642239e+00 
 1.96456000e-10  3.65477028e+00  1.96456000e-10  2.95465190e+00 
 1.96656000e-10  3.65921572e+00  1.96656000e-10  2.94769598e+00 
 1.96856000e-10  3.65922119e+00  1.96856000e-10  2.94538679e+00 
 1.97056000e-10  3.65528744e+00  1.97056000e-10  2.94740398e+00 
 1.97256000e-10  3.64787048e+00  1.97256000e-10  2.95341148e+00 
 1.97456000e-10  3.63726762e+00  1.97456000e-10  2.96316970e+00 
 1.97656000e-10  3.62350300e+00  1.97656000e-10  2.97666268e+00 
 1.97856000e-10  3.60611147e+00  1.97856000e-10  2.99433942e+00 
 1.98056000e-10  3.58405572e+00  1.98056000e-10  3.01716020e+00 
 1.98256000e-10  3.55707254e+00  1.98256000e-10  3.04503209e+00 
 1.98456000e-10  3.52580898e+00  1.98456000e-10  3.07704471e+00 
 1.98656000e-10  3.49093252e+00  1.98656000e-10  3.11250122e+00 
 1.98856000e-10  3.45294851e+00  1.98856000e-10  3.15086565e+00 
 1.99056000e-10  3.41251796e+00  1.99056000e-10  3.19153911e+00 
 1.99256000e-10  3.37052926e+00  1.99256000e-10  3.23379124e+00 
 1.99456000e-10  3.32779213e+00  1.99456000e-10  3.27679397e+00 
 1.99656000e-10  3.28500428e+00  1.99656000e-10  3.31972293e+00 
 1.99856000e-10  3.24278267e+00  1.99856000e-10  3.36180898e+00 
 2.00056000e-10  3.20169301e+00  2.00056000e-10  3.40236015e+00 
 2.00256000e-10  3.16224813e+00  2.00256000e-10  3.44081211e+00 
 2.00456000e-10  3.12479616e+00  2.00456000e-10  3.47693583e+00 
 2.00656000e-10  3.08931353e+00  2.00656000e-10  3.51106759e+00 
 2.00856000e-10  3.05534532e+00  2.00856000e-10  3.54403701e+00 
 2.01056000e-10  3.02279623e+00  2.01056000e-10  3.57596169e+00 
 2.01256000e-10  2.99219220e+00  2.01256000e-10  3.60592015e+00 
 2.01456000e-10  2.96447174e+00  2.01456000e-10  3.63263250e+00 
 2.01656000e-10  2.94065125e+00  2.01656000e-10  3.65481754e+00 
 2.01856000e-10  2.92137756e+00  2.01856000e-10  3.67178193e+00 
 2.02056000e-10  2.90714854e+00  2.02056000e-10  3.68322410e+00 
 2.02256000e-10  2.89836599e+00  2.02256000e-10  3.68903166e+00 
 2.02456000e-10  2.89500178e+00  2.02456000e-10  3.68957729e+00 
 2.02656000e-10  2.89657776e+00  2.02656000e-10  3.68575373e+00 
 2.02856000e-10  2.90244942e+00  2.02856000e-10  3.67859833e+00 
 2.03056000e-10  2.91202953e+00  2.03056000e-10  3.66894824e+00 
 2.03256000e-10  2.92484103e+00  2.03256000e-10  3.65733675e+00 
 2.03456000e-10  2.94051676e+00  2.03456000e-10  3.64401448e+00 
 2.03656000e-10  2.95879641e+00  2.03656000e-10  3.62899230e+00 
 2.03856000e-10  2.97954726e+00  2.03856000e-10  3.61205371e+00 
 2.04056000e-10  3.00285939e+00  2.04056000e-10  3.59267105e+00 
 2.04256000e-10  3.02939527e+00  2.04256000e-10  3.56959371e+00 
 2.04456000e-10  3.06172603e+00  2.04456000e-10  3.53913194e+00 
 2.04656000e-10  3.10100155e+00  2.04656000e-10  3.49890516e+00 
 2.04856000e-10  3.14478694e+00  2.04856000e-10  3.45160697e+00 
 2.05056000e-10  3.19161237e+00  2.05056000e-10  3.40015526e+00 
 2.05256000e-10  3.24072707e+00  2.05256000e-10  3.34707025e+00 
 2.05456000e-10  3.29136082e+00  2.05456000e-10  3.29411187e+00 
 2.05656000e-10  3.34261380e+00  2.05656000e-10  3.24244443e+00 
 2.05856000e-10  3.39356631e+00  2.05856000e-10  3.19292695e+00 
 2.06056000e-10  3.44334203e+00  2.06056000e-10  3.14624558e+00 
 2.06256000e-10  3.49120627e+00  2.06256000e-10  3.10290120e+00 
 2.06456000e-10  3.53683768e+00  2.06456000e-10  3.06296823e+00 
 2.06656000e-10  3.58056581e+00  2.06656000e-10  3.02571803e+00 
 2.06856000e-10  3.62276417e+00  2.06856000e-10  2.99015270e+00 
 2.07056000e-10  3.66265263e+00  2.07056000e-10  2.95663706e+00 
 2.07256000e-10  3.69896220e+00  2.07256000e-10  2.92589428e+00 
 2.07456000e-10  3.72915035e+00  2.07456000e-10  2.90016666e+00 
 2.07656000e-10  3.75116672e+00  2.07656000e-10  2.88119280e+00 
 2.07856000e-10  3.76440861e+00  2.07856000e-10  2.86943161e+00 
 2.08056000e-10  3.76905423e+00  2.08056000e-10  2.86462249e+00 
 2.08256000e-10  3.76668049e+00  2.08256000e-10  2.86511645e+00 
 2.08456000e-10  3.75926262e+00  2.08456000e-10  2.86903014e+00 
 2.08656000e-10  3.74831410e+00  2.08656000e-10  2.87514569e+00 
 2.08856000e-10  3.73487731e+00  2.08856000e-10  2.88273247e+00 
 2.09056000e-10  3.71968388e+00  2.09056000e-10  2.89138284e+00 
 2.09256000e-10  3.70327597e+00  2.09256000e-10  2.90091539e+00 
 2.09456000e-10  3.68606967e+00  2.09456000e-10  2.91131422e+00 
 2.09656000e-10  3.66838273e+00  2.09656000e-10  2.92268069e+00 
 2.09856000e-10  3.65044372e+00  2.09856000e-10  2.93519128e+00 
 2.10056000e-10  3.63239400e+00  2.10056000e-10  2.94905957e+00 
 2.10256000e-10  3.61429121e+00  2.10256000e-10  2.96449949e+00 
 2.10456000e-10  3.59612099e+00  2.10456000e-10  2.98168757e+00 
 2.10656000e-10  3.57781547e+00  2.10656000e-10  3.00072907e+00 
 2.10856000e-10  3.55926519e+00  2.10856000e-10  3.02164468e+00 
 2.11056000e-10  3.54030363e+00  2.11056000e-10  3.04439820e+00 
 2.11256000e-10  3.52065336e+00  2.11256000e-10  3.06897261e+00 
 2.11456000e-10  3.49982612e+00  2.11456000e-10  3.09549885e+00 
 2.11656000e-10  3.47691960e+00  2.11656000e-10  3.12450071e+00 
 2.11856000e-10  3.45003420e+00  2.11856000e-10  3.15754815e+00 
 2.12056000e-10  3.40818561e+00  2.12056000e-10  3.20593239e+00 
 2.12256000e-10  3.34567822e+00  2.12256000e-10  3.27248088e+00 
 2.12456000e-10  3.27398121e+00  2.12456000e-10  3.34456471e+00 
 2.12656000e-10  3.20161291e+00  2.12656000e-10  3.41687614e+00 
 2.12856000e-10  3.13162775e+00  2.12856000e-10  3.48753623e+00 
 2.13056000e-10  3.06485109e+00  2.13056000e-10  3.55504990e+00 
 2.13256000e-10  3.00121172e+00  2.13256000e-10  3.61876405e+00 
 2.13456000e-10  2.94028185e+00  2.13456000e-10  3.67824361e+00 
 2.13656000e-10  2.88343825e+00  2.13656000e-10  3.73200270e+00 
 2.13856000e-10  2.83675692e+00  2.13856000e-10  3.77312707e+00 
 2.14056000e-10  2.80380784e+00  2.14056000e-10  3.79716868e+00 
 2.14256000e-10  2.78276825e+00  2.14256000e-10  3.80669069e+00 
 2.14456000e-10  2.77164707e+00  2.14456000e-10  3.80561773e+00 
 2.14656000e-10  2.76781606e+00  2.14656000e-10  3.79811598e+00 
 2.14856000e-10  2.76960009e+00  2.14856000e-10  3.78733734e+00 
 2.15056000e-10  2.77617958e+00  2.15056000e-10  3.77533390e+00 
 2.15256000e-10  2.78693951e+00  2.15256000e-10  3.76338487e+00 
 2.15456000e-10  2.80124808e+00  2.15456000e-10  3.75220083e+00 
 2.15656000e-10  2.81844750e+00  2.15656000e-10  3.74206240e+00 
 2.15856000e-10  2.83787493e+00  2.15856000e-10  3.73292686e+00 
 2.16056000e-10  2.85887179e+00  2.16056000e-10  3.72451663e+00 
 2.16256000e-10  2.88079356e+00  2.16256000e-10  3.71639313e+00 
 2.16456000e-10  2.90302867e+00  2.16456000e-10  3.70801978e+00 
 2.16656000e-10  2.92502695e+00  2.16656000e-10  3.69881730e+00 
 2.16856000e-10  2.94633293e+00  2.16856000e-10  3.68821248e+00 
 2.17056000e-10  2.96661778e+00  2.17056000e-10  3.67568120e+00 
 2.17256000e-10  2.98570270e+00  2.17256000e-10  3.66078728e+00 
 2.17456000e-10  3.00356687e+00  2.17456000e-10  3.64321969e+00 
 2.17656000e-10  3.02033756e+00  2.17656000e-10  3.62282824e+00 
 2.17856000e-10  3.03627105e+00  2.17856000e-10  3.59964586e+00 
 2.18056000e-10  3.05174424e+00  2.18056000e-10  3.57387242e+00 
 2.18256000e-10  3.06727382e+00  2.18256000e-10  3.54579773e+00 
 2.18456000e-10  3.08356858e+00  2.18456000e-10  3.51565834e+00 
 2.18656000e-10  3.10164346e+00  2.18656000e-10  3.48340108e+00 
 2.18856000e-10  3.12314519e+00  2.18856000e-10  3.44817337e+00 
 2.19056000e-10  3.15405522e+00  2.19056000e-10  3.40349401e+00 
 2.19256000e-10  3.20425327e+00  2.19256000e-10  3.33616006e+00 
 2.19456000e-10  3.26471182e+00  2.19456000e-10  3.25723148e+00 
 2.19656000e-10  3.33022475e+00  2.19656000e-10  3.17906517e+00 
 2.19856000e-10  3.39926986e+00  2.19856000e-10  3.10707020e+00 
 2.20056000e-10  3.47051972e+00  2.20056000e-10  3.04284340e+00 
 2.20256000e-10  3.54252472e+00  2.20256000e-10  2.98652733e+00 
 2.20456000e-10  3.61475321e+00  2.20456000e-10  2.93670225e+00 
 2.20656000e-10  3.68559325e+00  2.20656000e-10  2.89271982e+00 
 2.20856000e-10  3.74868697e+00  2.20856000e-10  2.86006748e+00 
 2.21056000e-10  3.79862663e+00  2.21056000e-10  2.84166598e+00 
 2.21256000e-10  3.83510412e+00  2.21256000e-10  2.83478276e+00 
 2.21456000e-10  3.85812844e+00  2.21456000e-10  2.83739715e+00 
 2.21656000e-10  3.86940985e+00  2.21656000e-10  2.84541057e+00 
 2.21856000e-10  3.87104030e+00  2.21856000e-10  2.85487297e+00 
 2.22056000e-10  3.86455008e+00  2.22056000e-10  2.86359642e+00 
 2.22256000e-10  3.85111080e+00  2.22256000e-10  2.87048358e+00 
 2.22456000e-10  3.83177742e+00  2.22456000e-10  2.87500151e+00 
 2.22656000e-10  3.80761742e+00  2.22656000e-10  2.87709023e+00 
 2.22856000e-10  3.77977358e+00  2.22856000e-10  2.87714476e+00 
 2.23056000e-10  3.74947456e+00  2.23056000e-10  2.87594246e+00 
 2.23256000e-10  3.71800133e+00  2.23256000e-10  2.87452826e+00 
 2.23456000e-10  3.68662175e+00  2.23456000e-10  2.87408770e+00 
 2.23656000e-10  3.65650796e+00  2.23656000e-10  2.87582513e+00 
 2.23856000e-10  3.62865117e+00  2.23856000e-10  2.88085523e+00 
 2.24056000e-10  3.60378630e+00  2.24056000e-10  2.89011120e+00 
 2.24256000e-10  3.58233780e+00  2.24256000e-10  2.90427017e+00 
 2.24456000e-10  3.56439542e+00  2.24456000e-10  2.92369555e+00 
 2.24656000e-10  3.54972063e+00  2.24656000e-10  2.94840165e+00 
 2.24856000e-10  3.53776835e+00  2.24856000e-10  2.97805932e+00 
 2.25056000e-10  3.52769602e+00  2.25056000e-10  3.01206850e+00 
 2.25256000e-10  3.51833410e+00  2.25256000e-10  3.04971411e+00 
 2.25456000e-10  3.50808178e+00  2.25456000e-10  3.09043182e+00 
 2.25656000e-10  3.49456313e+00  2.25656000e-10  3.13434941e+00 
 2.25856000e-10  3.47003311e+00  2.25856000e-10  3.18748029e+00 
 2.26056000e-10  3.42474397e+00  2.26056000e-10  3.25641753e+00 
 2.26256000e-10  3.36576074e+00  2.26256000e-10  3.32989323e+00 
 2.26456000e-10  3.30100908e+00  2.26456000e-10  3.40177432e+00 
 2.26656000e-10  3.23401030e+00  2.26656000e-10  3.46976580e+00 
 2.26856000e-10  3.16605131e+00  2.26856000e-10  3.53231815e+00 
 2.27056000e-10  3.09795688e+00  2.27056000e-10  3.58828633e+00 
 2.27256000e-10  3.03023377e+00  2.27256000e-10  3.63780901e+00 
 2.27456000e-10  2.96333766e+00  2.27456000e-10  3.68138073e+00 
 2.27656000e-10  2.89904462e+00  2.27656000e-10  3.71900952e+00 
 2.27856000e-10  2.84362346e+00  2.27856000e-10  3.74555114e+00 
 2.28056000e-10  2.80077859e+00  2.28056000e-10  3.75830884e+00 
 2.28256000e-10  2.77037669e+00  2.28256000e-10  3.75976374e+00 
 2.28456000e-10  2.75179084e+00  2.28456000e-10  3.75352885e+00 
 2.28656000e-10  2.74350447e+00  2.28656000e-10  3.74359934e+00 
 2.28856000e-10  2.74416643e+00  2.28856000e-10  3.73315613e+00 
 2.29056000e-10  2.75284063e+00  2.29056000e-10  3.72420297e+00 
 2.29256000e-10  2.76862757e+00  2.29256000e-10  3.71780107e+00 
 2.29456000e-10  2.79047232e+00  2.29456000e-10  3.71426586e+00 
 2.29656000e-10  2.81713502e+00  2.29656000e-10  3.71331455e+00 
 2.29856000e-10  2.84723499e+00  2.29856000e-10  3.71420103e+00 
 2.30056000e-10  2.87931881e+00  2.30056000e-10  3.71585208e+00 
 2.30256000e-10  2.91194013e+00  2.30256000e-10  3.71700201e+00 
 2.30456000e-10  2.94374763e+00  2.30456000e-10  3.71632068e+00 
 2.30656000e-10  2.97357451e+00  2.30656000e-10  3.71253130e+00 
 2.30856000e-10  3.00051887e+00  2.30856000e-10  3.70451580e+00 
 2.31056000e-10  3.02400312e+00  2.31056000e-10  3.69140732e+00 
 2.31256000e-10  3.04380474e+00  2.31256000e-10  3.67266636e+00 
 2.31456000e-10  3.06006520e+00  2.31456000e-10  3.64812554e+00 
 2.31656000e-10  3.07329995e+00  2.31656000e-10  3.61797014e+00 
 2.31856000e-10  3.08443786e+00  2.31856000e-10  3.58261744e+00 
 2.32056000e-10  3.09492711e+00  2.32056000e-10  3.54245060e+00 
 2.32256000e-10  3.10706201e+00  2.32256000e-10  3.49722003e+00 
 2.32456000e-10  3.12849892e+00  2.32456000e-10  3.44003618e+00 
 2.32656000e-10  3.16489167e+00  2.32656000e-10  3.36493251e+00 
 2.32856000e-10  3.20996862e+00  2.32856000e-10  3.28233450e+00 
 2.33056000e-10  3.26134196e+00  2.33056000e-10  3.20203165e+00 
 2.33256000e-10  3.31852542e+00  2.33256000e-10  3.12876777e+00 
 2.33456000e-10  3.38075272e+00  2.33456000e-10  3.06445918e+00 
 2.33656000e-10  3.44674648e+00  2.33656000e-10  3.00987659e+00 
 2.33856000e-10  3.51526124e+00  2.33856000e-10  2.96490278e+00 
 2.34056000e-10  3.58571417e+00  2.34056000e-10  2.92792031e+00 
 2.34256000e-10  3.65684259e+00  2.34256000e-10  2.89731156e+00 
 2.34456000e-10  3.72260560e+00  2.34456000e-10  2.87704317e+00 
 2.34656000e-10  3.77797144e+00  2.34656000e-10  2.86834299e+00 
 2.34856000e-10  3.82122758e+00  2.34856000e-10  2.86894415e+00 
 2.35056000e-10  3.85140010e+00  2.35056000e-10  2.87669220e+00 
 2.35256000e-10  3.86888762e+00  2.35256000e-10  2.88807638e+00 
 2.35456000e-10  3.87491904e+00  2.35456000e-10  2.89945236e+00 
 2.35656000e-10  3.87069688e+00  2.35656000e-10  2.90839125e+00 
 2.35856000e-10  3.85730736e+00  2.35856000e-10  2.91363712e+00 
 2.36056000e-10  3.83589929e+00  2.36056000e-10  2.91473406e+00 
 2.36256000e-10  3.80778975e+00  2.36256000e-10  2.91188766e+00 
 2.36456000e-10  3.77449653e+00  2.36456000e-10  2.90588728e+00 
 2.36656000e-10  3.73771122e+00  2.36656000e-10  2.89799542e+00 
 2.36856000e-10  3.69922531e+00  2.36856000e-10  2.88979955e+00 
 2.37056000e-10  3.66082349e+00  2.37056000e-10  2.88304771e+00 
 2.37256000e-10  3.62416146e+00  2.37256000e-10  2.87948545e+00 
 2.37456000e-10  3.59064644e+00  2.37456000e-10  2.88070489e+00 
 2.37656000e-10  3.56133739e+00  2.37656000e-10  2.88801107e+00 
 2.37856000e-10  3.53687668e+00  2.37856000e-10  2.90231181e+00 
 2.38056000e-10  3.51745140e+00  2.38056000e-10  2.92404695e+00 
 2.38256000e-10  3.50276347e+00  2.38256000e-10  2.95318651e+00 
 2.38456000e-10  3.49197729e+00  2.38456000e-10  2.98932988e+00 
 2.38656000e-10  3.48360226e+00  2.38656000e-10  3.03194261e+00 
 2.38856000e-10  3.47515640e+00  2.38856000e-10  3.08088483e+00 
 2.39056000e-10  3.45880065e+00  2.39056000e-10  3.14140406e+00 
 2.39256000e-10  3.42565501e+00  2.39256000e-10  3.21798575e+00 
 2.39456000e-10  3.38095363e+00  2.39456000e-10  3.29977857e+00 
 2.39656000e-10  3.33066671e+00  2.39656000e-10  3.38057734e+00 
 2.39856000e-10  3.27714020e+00  2.39856000e-10  3.45736052e+00 
 2.40056000e-10  3.22082915e+00  2.40056000e-10  3.52778405e+00 
 2.40256000e-10  3.16193391e+00  2.40256000e-10  3.58990122e+00 
 2.40456000e-10  3.10077774e+00  2.40456000e-10  3.64277974e+00 
 2.40656000e-10  3.03728836e+00  2.40656000e-10  3.68725169e+00 
 2.40856000e-10  2.97213178e+00  2.40856000e-10  3.72399004e+00 
 2.41056000e-10  2.91030354e+00  2.41056000e-10  3.74977748e+00 
 2.41256000e-10  2.85555294e+00  2.41256000e-10  3.76263818e+00 
 2.41456000e-10  2.81069679e+00  2.41456000e-10  3.76258103e+00 
 2.41656000e-10  2.77638277e+00  2.41656000e-10  3.75270369e+00 
 2.41856000e-10  2.75279729e+00  2.41856000e-10  3.73679080e+00 
 2.42056000e-10  2.73941113e+00  2.42056000e-10  3.71884736e+00 
 2.42256000e-10  2.73565982e+00  2.42256000e-10  3.70218290e+00 
 2.42456000e-10  2.74113746e+00  2.42456000e-10  3.68897533e+00 
 2.42656000e-10  2.75529012e+00  2.42656000e-10  3.68040547e+00 
 2.42856000e-10  2.77725596e+00  2.42856000e-10  3.67680945e+00 
 2.43056000e-10  2.80583814e+00  2.43056000e-10  3.67780834e+00 
 2.43256000e-10  2.83954577e+00  2.43256000e-10  3.68243919e+00 
 2.43456000e-10  2.87667168e+00  2.43456000e-10  3.68929707e+00 
 2.43656000e-10  2.91539593e+00  2.43656000e-10  3.69668632e+00 
 2.43856000e-10  2.95390755e+00  2.43856000e-10  3.70277574e+00 
 2.44056000e-10  2.99053330e+00  2.44056000e-10  3.70575245e+00 
 2.44256000e-10  3.02385851e+00  2.44256000e-10  3.70396952e+00 
 2.44456000e-10  3.05282480e+00  2.44456000e-10  3.69608300e+00 
 2.44656000e-10  3.07679687e+00  2.44656000e-10  3.68116771e+00 
 2.44856000e-10  3.09560707e+00  2.44856000e-10  3.65878671e+00 
 2.45056000e-10  3.10959967e+00  2.45056000e-10  3.62897699e+00 
 2.45256000e-10  3.11969518e+00  2.45256000e-10  3.59212027e+00 
 2.45456000e-10  3.12751155e+00  2.45456000e-10  3.54865521e+00 
 2.45656000e-10  3.13572954e+00  2.45656000e-10  3.49840352e+00 
 2.45856000e-10  3.15351300e+00  2.45856000e-10  3.43330439e+00 
 2.46056000e-10  3.18602429e+00  2.46056000e-10  3.34867071e+00 
 2.46256000e-10  3.22687641e+00  2.46256000e-10  3.25692059e+00 
 2.46456000e-10  3.27410549e+00  2.46456000e-10  3.16866685e+00 
 2.46656000e-10  3.32766397e+00  2.46656000e-10  3.08895449e+00 
 2.46856000e-10  3.38711840e+00  2.46856000e-10  3.01995126e+00 
 2.47056000e-10  3.45153160e+00  2.47056000e-10  2.96258128e+00 
 2.47256000e-10  3.52022582e+00  2.47256000e-10  2.91647366e+00 
 2.47456000e-10  3.59201108e+00  2.47456000e-10  2.88038284e+00 
 2.47656000e-10  3.66486792e+00  2.47656000e-10  2.85371229e+00 
 2.47856000e-10  3.73249832e+00  2.47856000e-10  2.83997338e+00 
 2.48056000e-10  3.78857069e+00  2.48056000e-10  2.84134199e+00 
 2.48256000e-10  3.83206589e+00  2.48256000e-10  2.85359110e+00 
 2.48456000e-10  3.86321595e+00  2.48456000e-10  2.87228847e+00 
 2.48656000e-10  3.88264777e+00  2.48656000e-10  2.89275333e+00 
 2.48856000e-10  3.89096123e+00  2.48856000e-10  2.91132591e+00 
 2.49056000e-10  3.88864701e+00  2.49056000e-10  2.92568770e+00 
 2.49256000e-10  3.87627992e+00  2.49256000e-10  2.93449791e+00 
 2.49456000e-10  3.85467939e+00  2.49456000e-10  2.93722483e+00 
 2.49656000e-10  3.82500177e+00  2.49656000e-10  2.93411445e+00 
 2.49856000e-10  3.78876373e+00  2.49856000e-10  2.92612831e+00 
 2.50056000e-10  3.74779939e+00  2.50056000e-10  2.91481518e+00 
 2.50256000e-10  3.70416072e+00  2.50256000e-10  2.90213871e+00 
 2.50456000e-10  3.65997836e+00  2.50456000e-10  2.89028584e+00 
 2.50656000e-10  3.61730419e+00  2.50656000e-10  2.88147311e+00 
 2.50856000e-10  3.57795690e+00  2.50856000e-10  2.87776156e+00 
 2.51056000e-10  3.54338976e+00  2.51056000e-10  2.88088822e+00 
 2.51256000e-10  3.51459096e+00  2.51256000e-10  2.89212635e+00 
 2.51456000e-10  3.49200950e+00  2.51456000e-10  2.91220028e+00 
 2.51656000e-10  3.47548097e+00  2.51656000e-10  2.94129200e+00 
 2.51856000e-10  3.46411767e+00  2.51856000e-10  2.97917715e+00 
 2.52056000e-10  3.45608311e+00  2.52056000e-10  3.02556954e+00 
 2.52256000e-10  3.44782632e+00  2.52256000e-10  3.08111283e+00 
 2.52456000e-10  3.42735808e+00  2.52456000e-10  3.15464620e+00 
 2.52656000e-10  3.39393937e+00  2.52656000e-10  3.23998010e+00 
 2.52856000e-10  3.35341670e+00  2.52856000e-10  3.32786804e+00 
 2.53056000e-10  3.30930055e+00  2.53056000e-10  3.41361989e+00 
 2.53256000e-10  3.26214030e+00  2.53256000e-10  3.49413085e+00 
 2.53456000e-10  3.21158867e+00  2.53456000e-10  3.56668415e+00 
 2.53656000e-10  3.15744765e+00  2.53656000e-10  3.62923580e+00 
 2.53856000e-10  3.09964027e+00  2.53856000e-10  3.68108897e+00 
 2.54056000e-10  3.03739340e+00  2.54056000e-10  3.72368292e+00 
 2.54256000e-10  2.97182283e+00  2.54256000e-10  3.75770615e+00 
 2.54456000e-10  2.91089625e+00  2.54456000e-10  3.77650487e+00 
 2.54656000e-10  2.85774863e+00  2.54656000e-10  3.77893772e+00 
 2.54856000e-10  2.81327950e+00  2.54856000e-10  3.76820711e+00 
 2.55056000e-10  2.77819488e+00  2.55056000e-10  3.74864507e+00 
 2.55256000e-10  2.75276243e+00  2.55256000e-10  3.72480365e+00 
 2.55456000e-10  2.73713235e+00  2.55456000e-10  3.70069517e+00 
 2.55656000e-10  2.73148885e+00  2.55656000e-10  3.67937388e+00 
 2.55856000e-10  2.73586648e+00  2.55856000e-10  3.66290814e+00 
 2.56056000e-10  2.74997000e+00  2.56056000e-10  3.65243614e+00 
 2.56256000e-10  2.77308123e+00  2.56256000e-10  3.64823357e+00 
 2.56456000e-10  2.80404523e+00  2.56456000e-10  3.64980061e+00 
 2.56656000e-10  2.84131576e+00  2.56656000e-10  3.65597629e+00 
 2.56856000e-10  2.88304519e+00  2.56856000e-10  3.66507939e+00 
 2.57056000e-10  2.92720758e+00  2.57056000e-10  3.67507083e+00 
 2.57256000e-10  2.97174226e+00  2.57256000e-10  3.68373145e+00 
 2.57456000e-10  3.01470244e+00  2.57456000e-10  3.68884848e+00 
 2.57656000e-10  3.05439728e+00  2.57656000e-10  3.68839661e+00 
 2.57856000e-10  3.08953051e+00  2.57856000e-10  3.68068197e+00 
 2.58056000e-10  3.11935930e+00  2.58056000e-10  3.66439434e+00 
 2.58256000e-10  3.14391960e+00  2.58256000e-10  3.63848654e+00 
 2.58456000e-10  3.16448741e+00  2.58456000e-10  3.60164668e+00 
 2.58656000e-10  3.18812939e+00  2.58656000e-10  3.54641249e+00 
 2.58856000e-10  3.21745725e+00  2.58856000e-10  3.47058348e+00 
 2.59056000e-10  3.24845232e+00  2.59056000e-10  3.38306014e+00 
 2.59256000e-10  3.28069130e+00  2.59256000e-10  3.29235120e+00 
 2.59456000e-10  3.31512268e+00  2.59456000e-10  3.20376765e+00 
 2.59656000e-10  3.35255105e+00  2.59656000e-10  3.12072409e+00 
 2.59856000e-10  3.39342844e+00  2.59856000e-10  3.04580899e+00 
 2.60056000e-10  3.43802000e+00  2.60056000e-10  2.98097976e+00 
 2.60256000e-10  3.48671927e+00  2.60256000e-10  2.92716669e+00 
 2.60456000e-10  3.54040867e+00  2.60456000e-10  2.88347469e+00 
 2.60656000e-10  3.59920731e+00  2.60656000e-10  2.84885031e+00 
 2.60856000e-10  3.65709147e+00  2.60856000e-10  2.82838545e+00 
 2.61056000e-10  3.70978970e+00  2.61056000e-10  2.82283516e+00 
 2.61256000e-10  3.75527808e+00  2.61256000e-10  2.83026780e+00 
 2.61456000e-10  3.79216551e+00  2.61456000e-10  2.84810588e+00 
 2.61656000e-10  3.82027514e+00  2.61656000e-10  2.87202353e+00 
 2.61856000e-10  3.83974722e+00  2.61856000e-10  2.89778540e+00 
 2.62056000e-10  3.85044895e+00  2.62056000e-10  2.92214800e+00 
 2.62256000e-10  3.85214642e+00  2.62256000e-10  2.94276284e+00 
 2.62456000e-10  3.84474182e+00  2.62456000e-10  2.95805348e+00 
 2.62656000e-10  3.82843528e+00  2.62656000e-10  2.96720442e+00 
 2.62856000e-10  3.80381743e+00  2.62856000e-10  2.97016575e+00 
 2.63056000e-10  3.77189831e+00  2.63056000e-10  2.96761066e+00 
 2.63256000e-10  3.73407571e+00  2.63256000e-10  2.96083729e+00 
 2.63456000e-10  3.69205155e+00  2.63456000e-10  2.95162737e+00 
 2.63656000e-10  3.64771211e+00  2.63656000e-10  2.94207552e+00 
 2.63856000e-10  3.60299033e+00  2.63856000e-10  2.93440161e+00 
 2.64056000e-10  3.55972283e+00  2.64056000e-10  2.93076362e+00 
 2.64256000e-10  3.51949817e+00  2.64256000e-10  2.93310359e+00 
 2.64456000e-10  3.48347353e+00  2.64456000e-10  2.94307343e+00 
 2.64656000e-10  3.45211647e+00  2.64656000e-10  2.96210261e+00 
 2.64856000e-10  3.42471740e+00  2.64856000e-10  2.99178208e+00 
 2.65056000e-10  3.39489833e+00  2.65056000e-10  3.03871806e+00 
 2.65256000e-10  3.35696644e+00  2.65256000e-10  3.10599369e+00 
 2.65456000e-10  3.31569314e+00  2.65456000e-10  3.18468349e+00 
 2.65656000e-10  3.27558111e+00  2.65656000e-10  3.26946082e+00 
 2.65856000e-10  3.23791112e+00  2.65856000e-10  3.35689393e+00 
 2.66056000e-10  3.20203160e+00  2.66056000e-10  3.44361206e+00 
 2.66256000e-10  3.16675291e+00  2.66256000e-10  3.52622512e+00 
 2.66456000e-10  3.13088107e+00  2.66456000e-10  3.60182732e+00 
 2.66656000e-10  3.09310130e+00  2.66656000e-10  3.66863812e+00 
 2.66856000e-10  3.05138561e+00  2.66856000e-10  3.72669026e+00 
 2.67056000e-10  3.00529353e+00  2.67056000e-10  3.77554187e+00 
 2.67256000e-10  2.95985469e+00  2.67256000e-10  3.80917376e+00 
 2.67456000e-10  2.91845051e+00  2.67456000e-10  3.82385000e+00 
 2.67656000e-10  2.88112844e+00  2.67656000e-10  3.82154143e+00 
 2.67856000e-10  2.84848198e+00  2.67856000e-10  3.80551852e+00 
 2.68056000e-10  2.82069264e+00  2.68056000e-10  3.78005135e+00 
 2.68256000e-10  2.79804596e+00  2.68256000e-10  3.74952291e+00 
 2.68456000e-10  2.78126580e+00  2.68456000e-10  3.71765969e+00 
 2.68656000e-10  2.77125697e+00  2.68656000e-10  3.68742934e+00 
 2.68856000e-10  2.76883301e+00  2.68856000e-10  3.66107355e+00 
 2.69056000e-10  2.77453789e+00  2.69056000e-10  3.64011531e+00 
 2.69256000e-10  2.78853573e+00  2.69256000e-10  3.62535882e+00 
 2.69456000e-10  2.81055399e+00  2.69456000e-10  3.61690637e+00 
 2.69656000e-10  2.83987478e+00  2.69656000e-10  3.61420329e+00 
 2.69856000e-10  2.87537124e+00  2.69856000e-10  3.61611528e+00 
 2.70056000e-10  2.91558237e+00  2.70056000e-10  3.62103850e+00 
 2.70256000e-10  2.95881631e+00  2.70256000e-10  3.62704125e+00 
 2.70456000e-10  3.00327381e+00  2.70456000e-10  3.63202723e+00 
 2.70656000e-10  3.04719410e+00  2.70656000e-10  3.63389323e+00 
 2.70856000e-10  3.08903986e+00  2.70856000e-10  3.63063276e+00 
 2.71056000e-10  3.12775008e+00  2.71056000e-10  3.62031955e+00 
 2.71256000e-10  3.16315545e+00  2.71256000e-10  3.60082415e+00 
 2.71456000e-10  3.19893589e+00  2.71456000e-10  3.56624081e+00 
 2.71656000e-10  3.24132217e+00  2.71656000e-10  3.50757556e+00 
 2.71856000e-10  3.28452493e+00  2.71856000e-10  3.43184401e+00 
 2.72056000e-10  3.32611947e+00  2.72056000e-10  3.34800839e+00 
 2.72256000e-10  3.36623884e+00  2.72256000e-10  3.26187502e+00 
 2.72456000e-10  3.40540150e+00  2.72456000e-10  3.17696250e+00 
 2.72656000e-10  3.44404756e+00  2.72656000e-10  3.09599265e+00 
 2.72856000e-10  3.48270338e+00  2.72856000e-10  3.02132059e+00 
 2.73056000e-10  3.52232156e+00  2.73056000e-10  2.95455982e+00 
 2.73256000e-10  3.56467966e+00  2.73256000e-10  2.89563316e+00 
 2.73456000e-10  3.61076460e+00  2.73456000e-10  2.84472218e+00 
 2.73656000e-10  3.65534054e+00  2.73656000e-10  2.80842278e+00 
 2.73856000e-10  3.69435842e+00  2.73856000e-10  2.78964727e+00 
 2.74056000e-10  3.72757823e+00  2.74056000e-10  2.78639491e+00 
 2.74256000e-10  3.75516324e+00  2.74256000e-10  2.79634934e+00 
 2.74456000e-10  3.77752373e+00  2.74456000e-10  2.81592932e+00 
 2.74656000e-10  3.79512166e+00  2.74656000e-10  2.84120025e+00 
 2.74856000e-10  3.80790953e+00  2.74856000e-10  2.86889273e+00 
 2.75056000e-10  3.81543081e+00  2.75056000e-10  2.89639326e+00 
 2.75256000e-10  3.81707813e+00  2.75256000e-10  2.92159649e+00 
 2.75456000e-10  3.81230134e+00  2.75456000e-10  2.94291610e+00 
 2.75656000e-10  3.80076284e+00  2.75656000e-10  2.95934762e+00 
 2.75856000e-10  3.78244201e+00  2.75856000e-10  2.97050461e+00 
 2.76056000e-10  3.75768677e+00  2.76056000e-10  2.97660776e+00 
 2.76256000e-10  3.72721343e+00  2.76256000e-10  2.97843111e+00 
 2.76456000e-10  3.69206259e+00  2.76456000e-10  2.97721138e+00 
 2.76656000e-10  3.65352375e+00  2.76656000e-10  2.97452614e+00 
 2.76856000e-10  3.61304032e+00  2.76856000e-10  2.97214983e+00 
 2.77056000e-10  3.57209648e+00  2.77056000e-10  2.97190935e+00 
 2.77256000e-10  3.53207038e+00  2.77256000e-10  2.97557751e+00 
 2.77456000e-10  3.49402613e+00  2.77456000e-10  2.98485092e+00 
 2.77656000e-10  3.45838783e+00  2.77656000e-10  3.00148666e+00 
 2.77856000e-10  3.42420930e+00  2.77856000e-10  3.02791398e+00 
 2.78056000e-10  3.38269447e+00  2.78056000e-10  3.07404446e+00 
 2.78256000e-10  3.33290140e+00  2.78256000e-10  3.13799205e+00 
 2.78456000e-10  3.28147563e+00  2.78456000e-10  3.21171486e+00 
 2.78656000e-10  3.23302905e+00  2.78656000e-10  3.29115979e+00 
 2.78856000e-10  3.18868249e+00  2.78856000e-10  3.37352066e+00 
 2.79056000e-10  3.14793726e+00  2.79056000e-10  3.45583053e+00 
 2.79256000e-10  3.10985404e+00  2.79256000e-10  3.53509353e+00 
 2.79456000e-10  3.07327437e+00  2.79456000e-10  3.60894824e+00 
 2.79656000e-10  3.03639199e+00  2.79656000e-10  3.67644381e+00 
 2.79856000e-10  2.99809806e+00  2.79856000e-10  3.73624208e+00 
 2.80056000e-10  2.95874538e+00  2.80056000e-10  3.78644859e+00 
 2.80256000e-10  2.92172770e+00  2.80256000e-10  3.82199221e+00 
 2.80456000e-10  2.89092304e+00  2.80456000e-10  3.83809190e+00 
 2.80656000e-10  2.86570273e+00  2.80656000e-10  3.83634678e+00 
 2.80856000e-10  2.84472403e+00  2.80856000e-10  3.82125192e+00 
 2.81056000e-10  2.82686528e+00  2.81056000e-10  3.79765946e+00 
 2.81256000e-10  2.81215564e+00  2.81256000e-10  3.76938572e+00 
 2.81456000e-10  2.80121123e+00  2.81456000e-10  3.73942862e+00 
 2.81656000e-10  2.79483399e+00  2.81656000e-10  3.71019150e+00 
 2.81856000e-10  2.79379643e+00  2.81856000e-10  3.68355674e+00 
 2.82056000e-10  2.79870819e+00  2.82056000e-10  3.66088407e+00 
 2.82256000e-10  2.80991966e+00  2.82256000e-10  3.64299645e+00 
 2.82456000e-10  2.82745768e+00  2.82456000e-10  3.63017771e+00 
 2.82656000e-10  2.85099735e+00  2.82656000e-10  3.62219044e+00 
 2.82856000e-10  2.87987161e+00  2.82856000e-10  3.61831864e+00 
 2.83056000e-10  2.91311439e+00  2.83056000e-10  3.61743767e+00 
 2.83256000e-10  2.94952908e+00  2.83256000e-10  3.61811319e+00 
 2.83456000e-10  2.98777305e+00  2.83456000e-10  3.61872646e+00 
 2.83656000e-10  3.02645574e+00  2.83656000e-10  3.61761102e+00 
 2.83856000e-10  3.06426003e+00  2.83856000e-10  3.61316802e+00 
 2.84056000e-10  3.10010215e+00  2.84056000e-10  3.60391764e+00 
 2.84256000e-10  3.13334550e+00  2.84256000e-10  3.58844436e+00 
 2.84456000e-10  3.16413808e+00  2.84456000e-10  3.56513169e+00 
 2.84656000e-10  3.19428857e+00  2.84656000e-10  3.53112915e+00 
 2.84856000e-10  3.23396138e+00  2.84856000e-10  3.47336552e+00 
 2.85056000e-10  3.27984625e+00  2.85056000e-10  3.39501517e+00 
 2.85256000e-10  3.32664384e+00  2.85256000e-10  3.30800323e+00 
 2.85456000e-10  3.37338353e+00  2.85456000e-10  3.22029438e+00 
 2.85656000e-10  3.42025984e+00  2.85656000e-10  3.13580605e+00 
 2.85856000e-10  3.46733127e+00  2.85856000e-10  3.05692438e+00 
 2.86056000e-10  3.51477090e+00  2.86056000e-10  2.98537874e+00 
 2.86256000e-10  3.56354914e+00  2.86256000e-10  2.92168637e+00 
 2.86456000e-10  3.61384432e+00  2.86456000e-10  2.86628623e+00 
 2.86656000e-10  3.66477425e+00  2.86656000e-10  2.82074933e+00 
 2.86856000e-10  3.71150505e+00  2.86856000e-10  2.79002844e+00 
 2.87056000e-10  3.74869708e+00  2.87056000e-10  2.77842719e+00 
 2.87256000e-10  3.77663821e+00  2.87256000e-10  2.78254064e+00 
 2.87456000e-10  3.79731343e+00  2.87456000e-10  2.79785796e+00 
 2.87656000e-10  3.81249687e+00  2.87656000e-10  2.81943668e+00 
 2.87856000e-10  3.82284848e+00  2.87856000e-10  2.84387679e+00 
 2.88056000e-10  3.82835296e+00  2.88056000e-10  2.86869705e+00 
 2.88256000e-10  3.82868262e+00  2.88256000e-10  2.89190583e+00 
 2.88456000e-10  3.82345890e+00  2.88456000e-10  2.91195049e+00 
 2.88656000e-10  3.81243401e+00  2.88656000e-10  2.92779804e+00 
 2.88856000e-10  3.79561275e+00  2.88856000e-10  2.93897698e+00 
 2.89056000e-10  3.77331613e+00  2.89056000e-10  2.94556411e+00 
 2.89256000e-10  3.74619127e+00  2.89256000e-10  2.94813279e+00 
 2.89456000e-10  3.71517573e+00  2.89456000e-10  2.94767454e+00 
 2.89656000e-10  3.68142718e+00  2.89656000e-10  2.94550023e+00 
 2.89856000e-10  3.64623054e+00  2.89856000e-10  2.94312498e+00 
 2.90056000e-10  3.61089655e+00  2.90056000e-10  2.94214064e+00 
 2.90256000e-10  3.57666518e+00  2.90256000e-10  2.94408080e+00 
 2.90456000e-10  3.54462129e+00  2.90456000e-10  2.95028974e+00 
 2.90656000e-10  3.51561603e+00  2.90656000e-10  2.96181994e+00 
 2.90856000e-10  3.49017673e+00  2.90856000e-10  2.97938905e+00 
 2.91056000e-10  3.46839231e+00  2.91056000e-10  3.00341553e+00 
 2.91256000e-10  3.44976150e+00  2.91256000e-10  3.03414988e+00 
 2.91456000e-10  3.43291822e+00  2.91456000e-10  3.07199722e+00 
 2.91656000e-10  3.41477890e+00  2.91656000e-10  3.11850749e+00 
 2.91856000e-10  3.38143670e+00  2.91856000e-10  3.18598674e+00 
 2.92056000e-10  3.33275680e+00  2.92056000e-10  3.26862039e+00 
 2.92256000e-10  3.27828317e+00  2.92256000e-10  3.35520802e+00 
 2.92456000e-10  3.22324401e+00  2.92456000e-10  3.44084964e+00 
 2.92656000e-10  3.16866010e+00  2.92656000e-10  3.52271591e+00 
 2.92856000e-10  3.11421213e+00  2.92856000e-10  3.59830765e+00 
 2.93056000e-10  3.05916167e+00  2.93056000e-10  3.66623929e+00 
 2.93256000e-10  3.00272680e+00  2.93256000e-10  3.72571699e+00 
 2.93456000e-10  2.94574410e+00  2.93456000e-10  3.77569228e+00 
 2.93656000e-10  2.89424808e+00  2.93656000e-10  3.80977647e+00 
 2.93856000e-10  2.85165722e+00  2.93856000e-10  3.82468333e+00 
 2.94056000e-10  2.81758531e+00  2.94056000e-10  3.82311922e+00 
 2.94256000e-10  2.79148729e+00  2.94256000e-10  3.80926873e+00 
 2.94456000e-10  2.77221817e+00  2.94456000e-10  3.78802945e+00 
 2.94656000e-10  2.75920576e+00  2.94656000e-10  3.76363950e+00 
 2.94856000e-10  2.75259231e+00  2.94856000e-10  3.73923814e+00 
 2.95056000e-10  2.75266475e+00  2.95056000e-10  3.71708309e+00 
 2.95256000e-10  2.75956329e+00  2.95256000e-10  3.69868742e+00 
 2.95456000e-10  2.77317029e+00  2.95456000e-10  3.68489116e+00 
 2.95656000e-10  2.79307123e+00  2.95656000e-10  3.67591756e+00 
 2.95856000e-10  2.81854654e+00  2.95856000e-10  3.67143906e+00 
 2.96056000e-10  2.84859284e+00  2.96056000e-10  3.67065725e+00 
 2.96256000e-10  2.88197565e+00  2.96256000e-10  3.67239726e+00 
 2.96456000e-10  2.91731020e+00  2.96456000e-10  3.67521517e+00 
 2.96656000e-10  2.95316201e+00  2.96656000e-10  3.67751625e+00 
 2.96856000e-10  2.98815467e+00  2.96856000e-10  3.67768106e+00 
 2.97056000e-10  3.02107092e+00  2.97056000e-10  3.67419612e+00 
 2.97256000e-10  3.05093625e+00  2.97256000e-10  3.66578175e+00 
 2.97456000e-10  3.07708749e+00  2.97456000e-10  3.65149668e+00 
 2.97656000e-10  3.09924311e+00  2.97656000e-10  3.63078308e+00 
 2.97856000e-10  3.11759327e+00  2.97856000e-10  3.60341668e+00 
 2.98056000e-10  3.13292860e+00  2.98056000e-10  3.56933111e+00 
 2.98256000e-10  3.14690149e+00  2.98256000e-10  3.52820084e+00 
 2.98456000e-10  3.16442131e+00  2.98456000e-10  3.47626694e+00 
 2.98656000e-10  3.19630540e+00  2.98656000e-10  3.40173182e+00 
 2.98856000e-10  3.23690818e+00  2.98856000e-10  3.31295902e+00 
 2.99056000e-10  3.28250945e+00  2.99056000e-10  3.22231374e+00 
 2.99256000e-10  3.33267763e+00  2.99256000e-10  3.13684069e+00 
 2.99456000e-10  3.38731192e+00  2.99456000e-10  3.05976509e+00 
 2.99656000e-10  3.44584137e+00  2.99656000e-10  2.99272606e+00 
 2.99856000e-10  3.50770412e+00  2.99856000e-10  2.93631058e+00 
 3.00056000e-10  3.57309499e+00  3.00056000e-10  2.88933207e+00 
 3.00256000e-10  3.64076689e+00  3.00256000e-10  2.85133387e+00 
 3.00456000e-10  3.70440976e+00  3.00456000e-10  2.82741096e+00 
 3.00656000e-10  3.75838829e+00  3.00656000e-10  2.81985671e+00 
 3.00856000e-10  3.80170316e+00  3.00856000e-10  2.82541632e+00 
 3.01056000e-10  3.83428027e+00  3.01056000e-10  2.84050974e+00 
 3.01256000e-10  3.85665048e+00  3.01256000e-10  2.86072045e+00 
 3.01456000e-10  3.86951380e+00  3.01456000e-10  2.88183982e+00 
 3.01656000e-10  3.87329450e+00  3.01656000e-10  2.90098372e+00 
 3.01856000e-10  3.86828425e+00  3.01856000e-10  2.91628750e+00 
 3.02056000e-10  3.85486147e+00  3.02056000e-10  2.92661750e+00 
 3.02256000e-10  3.83363829e+00  3.02256000e-10  2.93153784e+00 
 3.02456000e-10  3.80554061e+00  3.02456000e-10  2.93130581e+00 
 3.02656000e-10  3.77182421e+00  3.02656000e-10  2.92680579e+00 
 3.02856000e-10  3.73403063e+00  3.02856000e-10  2.91942853e+00 
 3.03056000e-10  3.69389446e+00  3.03056000e-10  2.91091951e+00 
 3.03256000e-10  3.65321880e+00  3.03256000e-10  2.90321400e+00 
 3.03456000e-10  3.61373827e+00  3.03456000e-10  2.89826943e+00 
 3.03656000e-10  3.57698830e+00  3.03656000e-10  2.89790267e+00 
 3.03856000e-10  3.54419569e+00  3.03856000e-10  2.90363989e+00 
 3.04056000e-10  3.51619292e+00  3.04056000e-10  2.91659716e+00 
 3.04256000e-10  3.49334029e+00  3.04256000e-10  2.93742394e+00 
 3.04456000e-10  3.47542718e+00  3.04456000e-10  2.96634677e+00 
 3.04656000e-10  3.46151335e+00  3.04656000e-10  3.00335350e+00 
 3.04856000e-10  3.44956779e+00  3.04856000e-10  3.04866662e+00 
 3.05056000e-10  3.43236636e+00  3.05056000e-10  3.10739256e+00 
 3.05256000e-10  3.40081614e+00  3.05256000e-10  3.18452461e+00 
 3.05456000e-10  3.35977162e+00  3.05456000e-10  3.26925313e+00 
 3.05656000e-10  3.31488676e+00  3.05656000e-10  3.35504031e+00 
 3.05856000e-10  3.26815453e+00  3.05856000e-10  3.43842286e+00 
 3.06056000e-10  3.21954344e+00  3.06056000e-10  3.51652564e+00 
 3.06256000e-10  3.16867789e+00  3.06256000e-10  3.58678387e+00 
 3.06456000e-10  3.11530471e+00  3.06456000e-10  3.64757239e+00 
 3.06656000e-10  3.05886164e+00  3.06656000e-10  3.69900476e+00 
 3.06856000e-10  2.99950505e+00  3.06856000e-10  3.74118943e+00 
 3.07056000e-10  2.93913467e+00  3.07056000e-10  3.77368278e+00 
 3.07256000e-10  2.88290395e+00  3.07256000e-10  3.79258958e+00 
 3.07456000e-10  2.83630230e+00  3.07456000e-10  3.79417356e+00 
 3.07656000e-10  2.79952229e+00  3.07656000e-10  3.78149723e+00 
 3.07856000e-10  2.77198486e+00  3.07856000e-10  3.76002308e+00 
 3.08056000e-10  2.75287850e+00  3.08056000e-10  3.73517478e+00 
 3.08256000e-10  2.74220446e+00  3.08256000e-10  3.71085102e+00 
 3.08456000e-10  2.74017805e+00  3.08456000e-10  3.68970806e+00 
 3.08656000e-10  2.74685755e+00  3.08656000e-10  3.67343171e+00 
 3.08856000e-10  2.76196961e+00  3.08856000e-10  3.66287893e+00 
 3.09056000e-10  2.78484945e+00  3.09056000e-10  3.65815859e+00 
 3.09256000e-10  2.81444167e+00  3.09256000e-10  3.65871534e+00 
 3.09456000e-10  2.84934436e+00  3.09456000e-10  3.66343434e+00 
 3.09656000e-10  2.88789015e+00  3.09656000e-10  3.67076704e+00 
 3.09856000e-10  2.92825750e+00  3.09856000e-10  3.67887361e+00 
 3.10056000e-10  2.96860184e+00  3.10056000e-10  3.68577662e+00 
 3.10256000e-10  3.00719183e+00  3.10256000e-10  3.68952081e+00 
 3.10456000e-10  3.04253444e+00  3.10456000e-10  3.68833335e+00 
 3.10656000e-10  3.07347727e+00  3.10656000e-10  3.68077370e+00 
 3.10856000e-10  3.09929130e+00  3.10856000e-10  3.66584791e+00 
 3.11056000e-10  3.11975109e+00  3.11056000e-10  3.64304861e+00 
 3.11256000e-10  3.13522937e+00  3.11256000e-10  3.61228618e+00 
 3.11456000e-10  3.14683028e+00  3.11456000e-10  3.57367545e+00 
 3.11656000e-10  3.15668939e+00  3.11656000e-10  3.52702071e+00 
 3.11856000e-10  3.17152372e+00  3.11856000e-10  3.46707575e+00 
 3.12056000e-10  3.20073689e+00  3.12056000e-10  3.38426762e+00 
 3.12256000e-10  3.23794491e+00  3.12256000e-10  3.28968853e+00 
 3.12456000e-10  3.28043714e+00  3.12456000e-10  3.19556681e+00 
 3.12656000e-10  3.32833791e+00  3.12656000e-10  3.10835780e+00 
 3.12856000e-10  3.38170890e+00  3.12856000e-10  3.03106799e+00 
 3.13056000e-10  3.44007579e+00  3.13056000e-10  2.96526674e+00 
 3.13256000e-10  3.50313145e+00  3.13256000e-10  2.91126975e+00 
 3.13456000e-10  3.57016510e+00  3.13456000e-10  2.86833912e+00 
 3.13656000e-10  3.64000076e+00  3.13656000e-10  2.83570964e+00 
 3.13856000e-10  3.70629158e+00  3.13856000e-10  2.81780397e+00 
 3.14056000e-10  3.76290975e+00  3.14056000e-10  2.81688792e+00 
 3.14256000e-10  3.80878364e+00  3.14256000e-10  2.82893372e+00 
 3.14456000e-10  3.84366295e+00  3.14456000e-10  2.84976961e+00 
 3.14656000e-10  3.86815067e+00  3.14656000e-10  2.87426052e+00 
 3.14856000e-10  3.88254974e+00  3.14856000e-10  2.89826302e+00 
 3.15056000e-10  3.88695639e+00  3.15056000e-10  2.91892183e+00 
 3.15256000e-10  3.88149952e+00  3.15256000e-10  2.93436120e+00 
 3.15456000e-10  3.86652302e+00  3.15456000e-10  2.94350285e+00 
 3.15656000e-10  3.84271399e+00  3.15656000e-10  2.94606216e+00 
 3.15856000e-10  3.81116891e+00  3.15856000e-10  2.94253428e+00 
 3.16056000e-10  3.77339034e+00  3.16056000e-10  2.93410641e+00 
 3.16256000e-10  3.73121781e+00  3.16256000e-10  2.92251250e+00 
 3.16456000e-10  3.68670711e+00  3.16456000e-10  2.90985563e+00 
 3.16656000e-10  3.64197779e+00  3.16656000e-10  2.89841632e+00 
 3.16856000e-10  3.59905080e+00  3.16856000e-10  2.89045927e+00 
 3.17056000e-10  3.55969672e+00  3.17056000e-10  2.88804719e+00 
 3.17256000e-10  3.52530952e+00  3.17256000e-10  2.89287328e+00 
 3.17456000e-10  3.49680567e+00  3.17456000e-10  2.90613528e+00 
 3.17656000e-10  3.47452912e+00  3.17656000e-10  2.92848785e+00 
 3.17856000e-10  3.45813216e+00  3.17856000e-10  2.96011151e+00 
 3.18056000e-10  3.44637970e+00  3.18056000e-10  3.00095265e+00 
 3.18256000e-10  3.43663979e+00  3.18256000e-10  3.05138215e+00 
 3.18456000e-10  3.41858221e+00  3.18456000e-10  3.11918774e+00 
 3.18656000e-10  3.38753262e+00  3.18656000e-10  3.20304105e+00 
 3.18856000e-10  3.34914485e+00  3.18856000e-10  3.29234337e+00 
 3.19056000e-10  3.30777328e+00  3.19056000e-10  3.38146649e+00 
 3.19256000e-10  3.26428658e+00  3.19256000e-10  3.46696281e+00 
 3.19456000e-10  3.21815508e+00  3.19456000e-10  3.54577193e+00 
 3.19656000e-10  3.16881911e+00  3.19656000e-10  3.61530954e+00 
 3.19856000e-10  3.11588811e+00  3.19856000e-10  3.67417457e+00 
 3.20056000e-10  3.05869563e+00  3.20056000e-10  3.72267673e+00 
 3.20256000e-10  2.99623518e+00  3.20256000e-10  3.76294768e+00 
 3.20456000e-10  2.93565714e+00  3.20456000e-10  3.78888662e+00 
 3.20656000e-10  2.88213111e+00  3.20656000e-10  3.79632439e+00 
 3.20856000e-10  2.83608068e+00  3.20856000e-10  3.78827987e+00 
 3.21056000e-10  2.79825570e+00  3.21056000e-10  3.76908162e+00 
 3.21256000e-10  2.76886636e+00  3.21256000e-10  3.74363439e+00 
 3.21456000e-10  2.74828432e+00  3.21456000e-10  3.71627038e+00 
 3.21656000e-10  2.73694154e+00  3.21656000e-10  3.69045874e+00 
 3.21856000e-10  2.73520423e+00  3.21856000e-10  3.66874885e+00 
 3.22056000e-10  2.74317057e+00  3.22056000e-10  3.65278082e+00 
 3.22256000e-10  2.76053387e+00  3.22256000e-10  3.64332141e+00 
 3.22456000e-10  2.78652898e+00  3.22456000e-10  3.64032220e+00 
 3.22656000e-10  2.81994372e+00  3.22656000e-10  3.64300632e+00 
 3.22856000e-10  2.85918078e+00  3.22856000e-10  3.64998531e+00 
 3.23056000e-10  2.90235996e+00  3.23056000e-10  3.65940278e+00 
 3.23256000e-10  2.94744989e+00  3.23256000e-10  3.66910025e+00 
 3.23456000e-10  2.99241489e+00  3.23456000e-10  3.67679944e+00 
 3.23656000e-10  3.03536360e+00  3.23656000e-10  3.68029047e+00 
 3.23856000e-10  3.07469689e+00  3.23856000e-10  3.67760003e+00 
 3.24056000e-10  3.10927166e+00  3.24056000e-10  3.66709087e+00 
 3.24256000e-10  3.13861612e+00  3.24256000e-10  3.64742139e+00 
 3.24456000e-10  3.16329930e+00  3.24456000e-10  3.61721298e+00 
 3.24656000e-10  3.18788570e+00  3.24656000e-10  3.57134312e+00 
 3.24856000e-10  3.21862356e+00  3.24856000e-10  3.50277407e+00 
 3.25056000e-10  3.25096127e+00  3.25056000e-10  3.41905836e+00 
 3.25256000e-10  3.28355861e+00  3.25256000e-10  3.32918704e+00 
 3.25456000e-10  3.31719534e+00  3.25456000e-10  3.23926057e+00 
 3.25656000e-10  3.35278281e+00  3.25656000e-10  3.15312634e+00 
 3.25856000e-10  3.39094595e+00  3.25856000e-10  3.07366534e+00 
 3.26056000e-10  3.43211448e+00  3.26056000e-10  3.00319571e+00 
 3.26256000e-10  3.47681713e+00  3.26256000e-10  2.94319880e+00 
 3.26456000e-10  3.52594823e+00  3.26456000e-10  2.89368220e+00 
 3.26656000e-10  3.58023588e+00  3.26656000e-10  2.85352962e+00 
 3.26856000e-10  3.63819026e+00  3.26856000e-10  2.82341072e+00 
 3.27056000e-10  3.69497958e+00  3.27056000e-10  2.80618609e+00 
 3.27256000e-10  3.74336530e+00  3.27256000e-10  2.80657531e+00 
 3.27456000e-10  3.78174208e+00  3.27456000e-10  2.82124416e+00 
 3.27656000e-10  3.81107182e+00  3.27656000e-10  2.84509965e+00 
 3.27856000e-10  3.83260223e+00  3.27856000e-10  2.87257991e+00 
 3.28056000e-10  3.84656157e+00  3.28056000e-10  2.89990676e+00 
 3.28256000e-10  3.85266080e+00  3.28256000e-10  2.92440081e+00 
 3.28456000e-10  3.85052801e+00  3.28456000e-10  2.94412381e+00 
 3.28656000e-10  3.83999409e+00  3.28656000e-10  2.95783225e+00 
 3.28856000e-10  3.82125418e+00  3.28856000e-10  2.96502260e+00 
 3.29056000e-10  3.79494493e+00  3.29056000e-10  2.96592568e+00 
 3.29256000e-10  3.76214976e+00  3.29256000e-10  2.96143839e+00 
 3.29456000e-10  3.72434251e+00  3.29456000e-10  2.95300907e+00 
 3.29656000e-10  3.68328330e+00  3.29656000e-10  2.94249175e+00 
 3.29856000e-10  3.64088300e+00  3.29856000e-10  2.93198042e+00 
 3.30056000e-10  3.59905499e+00  3.30056000e-10  2.92363236e+00 
 3.30256000e-10  3.55957239e+00  3.30256000e-10  2.91948838e+00 
 3.30456000e-10  3.52394467e+00  3.30456000e-10  2.92130172e+00 
 3.30656000e-10  3.49331423e+00  3.30656000e-10  2.93039810e+00 
 3.30856000e-10  3.46836003e+00  3.30856000e-10  2.94759842e+00 
 3.31056000e-10  3.44919441e+00  3.31056000e-10  2.97322747e+00 
 3.31256000e-10  3.43524637e+00  3.31256000e-10  3.00721852e+00 
 3.31456000e-10  3.42508954e+00  3.31456000e-10  3.04936024e+00 
 3.31656000e-10  3.41598801e+00  3.31656000e-10  3.09992444e+00 
 3.31856000e-10  3.39736327e+00  3.31856000e-10  3.16692822e+00 
 3.32056000e-10  3.36015796e+00  3.32056000e-10  3.25381644e+00 
 3.32256000e-10  3.31267473e+00  3.32256000e-10  3.34682739e+00 
 3.32456000e-10  3.26189078e+00  3.32456000e-10  3.43864882e+00 
 3.32656000e-10  3.20967416e+00  3.32656000e-10  3.52574462e+00 
 3.32856000e-10  3.15578545e+00  3.32856000e-10  3.60526621e+00 
 3.33056000e-10  3.09958473e+00  3.33056000e-10  3.67518987e+00 
 3.33256000e-10  3.03971540e+00  3.33256000e-10  3.73564249e+00 
 3.33456000e-10  2.97685886e+00  3.33456000e-10  3.78555179e+00 
 3.33656000e-10  2.91711315e+00  3.33656000e-10  3.81911405e+00 
 3.33856000e-10  2.86568408e+00  3.33856000e-10  3.83168337e+00 
 3.34056000e-10  2.82245018e+00  3.34056000e-10  3.82634595e+00 
 3.34256000e-10  2.78763333e+00  3.34256000e-10  3.80763743e+00 
 3.34456000e-10  2.76044162e+00  3.34456000e-10  3.78130046e+00 
 3.34656000e-10  2.74075603e+00  3.34656000e-10  3.75211686e+00 
 3.34856000e-10  2.72898798e+00  3.34856000e-10  3.72375188e+00 
 3.35056000e-10  2.72566216e+00  3.35056000e-10  3.69890511e+00 
 3.35256000e-10  2.73108277e+00  3.35256000e-10  3.67939491e+00 
 3.35456000e-10  2.74517574e+00  3.35456000e-10  3.66620755e+00 
 3.35656000e-10  2.76743370e+00  3.35656000e-10  3.65955123e+00 
 3.35856000e-10  2.79691308e+00  3.35856000e-10  3.65893211e+00 
 3.36056000e-10  2.83227208e+00  3.36056000e-10  3.66325481e+00 
 3.36256000e-10  2.87184816e+00  3.36256000e-10  3.67094543e+00 
 3.36456000e-10  2.91377031e+00  3.36456000e-10  3.68009343e+00 
 3.36656000e-10  2.95609603e+00  3.36656000e-10  3.68860791e+00 
 3.36856000e-10  2.99695828e+00  3.36856000e-10  3.69438249e+00 
 3.37056000e-10  3.03470516e+00  3.37056000e-10  3.69546312e+00 
 3.37256000e-10  3.06801781e+00  3.37256000e-10  3.69020879e+00 
 3.37456000e-10  3.09600547e+00  3.37456000e-10  3.67742262e+00 
 3.37656000e-10  3.11829360e+00  3.37656000e-10  3.65641384e+00 
 3.37856000e-10  3.13512609e+00  3.37856000e-10  3.62694908e+00 
 3.38056000e-10  3.14750823e+00  3.38056000e-10  3.58905098e+00 
 3.38256000e-10  3.15751541e+00  3.38256000e-10  3.54248782e+00 
 3.38456000e-10  3.17189304e+00  3.38456000e-10  3.48197799e+00 
 3.38656000e-10  3.19932091e+00  3.38656000e-10  3.39900877e+00 
 3.38856000e-10  3.23389723e+00  3.38856000e-10  3.30434083e+00 
 3.39056000e-10  3.27340410e+00  3.39056000e-10  3.20969345e+00 
 3.39256000e-10  3.31818572e+00  3.39256000e-10  3.12145690e+00 
 3.39456000e-10  3.36848601e+00  3.39456000e-10  3.04278733e+00 
 3.39656000e-10  3.42398126e+00  3.39656000e-10  2.97547874e+00 
 3.39856000e-10  3.48427419e+00  3.39856000e-10  2.92024650e+00 
 3.40056000e-10  3.54951625e+00  3.40056000e-10  2.87601377e+00 
 3.40256000e-10  3.61873286e+00  3.40256000e-10  2.84178418e+00 
 3.40456000e-10  3.68547479e+00  3.40456000e-10  2.82238165e+00 
 3.40656000e-10  3.74418780e+00  3.40656000e-10  2.81932963e+00 
 3.40856000e-10  3.79332093e+00  3.40856000e-10  2.82930638e+00 
 3.41056000e-10  3.83162163e+00  3.41056000e-10  2.84920695e+00 
 3.41256000e-10  3.85927483e+00  3.41256000e-10  2.87403584e+00 
 3.41456000e-10  3.87672229e+00  3.41456000e-10  2.89909859e+00 
 3.41656000e-10  3.88404119e+00  3.41656000e-10  2.92125740e+00 
 3.41856000e-10  3.88126252e+00  3.41856000e-10  2.93841910e+00 
 3.42056000e-10  3.86861694e+00  3.42056000e-10  2.94930592e+00 
 3.42256000e-10  3.84668263e+00  3.42256000e-10  2.95344637e+00 
 3.42456000e-10  3.81645865e+00  3.42456000e-10  2.95117590e+00 
 3.42656000e-10  3.77937095e+00  3.42656000e-10  2.94356529e+00 
 3.42856000e-10  3.73721310e+00  3.42856000e-10  2.93228510e+00 
 3.43056000e-10  3.69203249e+00  3.43056000e-10  2.91943106e+00 
 3.43256000e-10  3.64598084e+00  3.43256000e-10  2.90732985e+00 
 3.43456000e-10  3.60115132e+00  3.43456000e-10  2.89833832e+00 
 3.43656000e-10  3.55942262e+00  3.43656000e-10  2.89464723e+00 
 3.43856000e-10  3.52232153e+00  3.43856000e-10  2.89810628e+00 
 3.44056000e-10  3.49089638e+00  3.44056000e-10  2.91010311e+00 
 3.44256000e-10  3.46557426e+00  3.44256000e-10  2.93154168e+00 
 3.44456000e-10  3.44595547e+00  3.44456000e-10  2.96297663e+00 
 3.44656000e-10  3.43038649e+00  3.44656000e-10  3.00507362e+00 
 3.44856000e-10  3.41144217e+00  3.44856000e-10  3.06364367e+00 
 3.45056000e-10  3.38238414e+00  3.45056000e-10  3.14109161e+00 
 3.45256000e-10  3.34746380e+00  3.45256000e-10  3.22752525e+00 
 3.45456000e-10  3.31087088e+00  3.45456000e-10  3.31699613e+00 
 3.45656000e-10  3.27365727e+00  3.45656000e-10  3.40578066e+00 
 3.45856000e-10  3.23513022e+00  3.45856000e-10  3.49046963e+00 
 3.46056000e-10  3.19429865e+00  3.46056000e-10  3.56788487e+00 
 3.46256000e-10  3.15037767e+00  3.46256000e-10  3.63561321e+00 
 3.46456000e-10  3.10255567e+00  3.46456000e-10  3.69277009e+00 
 3.46656000e-10  3.05035544e+00  3.46656000e-10  3.73906492e+00 
 3.46856000e-10  2.99433841e+00  3.46856000e-10  3.77469414e+00 
 3.47056000e-10  2.93959112e+00  3.47056000e-10  3.79550685e+00 
 3.47256000e-10  2.89026504e+00  3.47256000e-10  3.79888010e+00 
 3.47456000e-10  2.84704697e+00  3.47456000e-10  3.78767090e+00 
 3.47656000e-10  2.81074040e+00  3.47656000e-10  3.76605592e+00 
 3.47856000e-10  2.78194107e+00  3.47856000e-10  3.73854727e+00 
 3.48056000e-10  2.76123680e+00  3.48056000e-10  3.70929746e+00 
 3.48256000e-10  2.74928514e+00  3.48256000e-10  3.68168672e+00 
 3.48456000e-10  2.74664118e+00  3.48456000e-10  3.65822939e+00 
 3.48656000e-10  2.75357017e+00  3.48656000e-10  3.64057195e+00 
 3.48856000e-10  2.76992368e+00  3.48856000e-10  3.62951274e+00 
 3.49056000e-10  2.79508478e+00  3.49056000e-10  3.62504474e+00 
 3.49256000e-10  2.82797333e+00  3.49256000e-10  3.62642890e+00 
 3.49456000e-10  2.86710180e+00  3.49456000e-10  3.63230051e+00 
 3.49656000e-10  2.91067225e+00  3.49656000e-10  3.64080682e+00 
 3.49856000e-10  2.95670277e+00  3.49856000e-10  3.64977226e+00 
 3.50056000e-10  3.00317204e+00  3.50056000e-10  3.65688174e+00 
 3.50256000e-10  3.04817960e+00  3.50256000e-10  3.65985749e+00 
 3.50456000e-10  3.09013784e+00  3.50456000e-10  3.65657951e+00 
 3.50656000e-10  3.12803596e+00  3.50656000e-10  3.64506811e+00 
 3.50856000e-10  3.16191253e+00  3.50856000e-10  3.62312426e+00 
 3.51056000e-10  3.19666889e+00  3.51056000e-10  3.58362543e+00 
 3.51256000e-10  3.23509780e+00  3.51256000e-10  3.52217426e+00 
 3.51456000e-10  3.27266194e+00  3.51456000e-10  3.44580731e+00 
 3.51656000e-10  3.30831866e+00  3.51656000e-10  3.36196998e+00 
 3.51856000e-10  3.34272709e+00  3.51856000e-10  3.27579525e+00 
 3.52056000e-10  3.37669276e+00  3.52056000e-10  3.19080277e+00 
 3.52256000e-10  3.41093647e+00  3.52256000e-10  3.10990741e+00 
 3.52456000e-10  3.44615896e+00  3.52456000e-10  3.03568438e+00 
 3.52656000e-10  3.48325943e+00  3.52656000e-10  2.97008498e+00 
 3.52856000e-10  3.52346119e+00  3.52856000e-10  2.91390391e+00 
 3.53056000e-10  3.56872703e+00  3.53056000e-10  2.86592490e+00 
 3.53256000e-10  3.61797126e+00  3.53256000e-10  2.82781556e+00 
 3.53456000e-10  3.66663416e+00  3.53456000e-10  2.80349377e+00 
 3.53656000e-10  3.70888324e+00  3.53656000e-10  2.79704857e+00 
 3.53856000e-10  3.74388058e+00  3.53856000e-10  2.80556754e+00 
 3.54056000e-10  3.77227799e+00  3.54056000e-10  2.82509081e+00 
 3.54256000e-10  3.79485048e+00  3.54256000e-10  2.85100683e+00 
 3.54456000e-10  3.81167972e+00  3.54456000e-10  2.87951598e+00 
 3.54656000e-10  3.82231366e+00  3.54656000e-10  2.90764859e+00 
 3.54856000e-10  3.82611714e+00  3.54856000e-10  2.93306660e+00 
 3.55056000e-10  3.82253223e+00  3.55056000e-10  2.95403255e+00 
 3.55256000e-10  3.81125322e+00  3.55256000e-10  2.96945917e+00 
 3.55456000e-10  3.79233792e+00  3.55456000e-10  2.97894585e+00 
 3.55656000e-10  3.76626028e+00  3.55656000e-10  2.98276629e+00 
 3.55856000e-10  3.73390614e+00  3.55856000e-10  2.98180687e+00 
 3.56056000e-10  3.69651995e+00  3.56056000e-10  2.97746343e+00 
 3.56256000e-10  3.65561542e+00  3.56256000e-10  2.97150401e+00 
 3.56456000e-10  3.61286472e+00  3.56456000e-10  2.96590705e+00 
 3.56656000e-10  3.56997321e+00  3.56656000e-10  2.96269377e+00 
 3.56856000e-10  3.52853081e+00  3.56856000e-10  2.96378953e+00 
 3.57056000e-10  3.48981873e+00  3.57056000e-10  2.97095752e+00 
 3.57256000e-10  3.45453754e+00  3.57256000e-10  2.98585705e+00 
 3.57456000e-10  3.42231962e+00  3.57456000e-10  3.01038678e+00 
 3.57656000e-10  3.38745474e+00  3.57656000e-10  3.05125036e+00 
 3.57856000e-10  3.34280122e+00  3.57856000e-10  3.11408190e+00 
 3.58056000e-10  3.29404573e+00  3.58056000e-10  3.18944581e+00 
 3.58256000e-10  3.24706927e+00  3.58256000e-10  3.27165746e+00 
 3.58456000e-10  3.20387394e+00  3.58456000e-10  3.35743934e+00 
 3.58656000e-10  3.16412671e+00  3.58656000e-10  3.44362634e+00 
 3.58856000e-10  3.12677010e+00  3.58856000e-10  3.52693415e+00 
 3.59056000e-10  3.09055521e+00  3.59056000e-10  3.60457915e+00 
 3.59256000e-10  3.05376191e+00  3.59256000e-10  3.67512049e+00 
 3.59456000e-10  3.01500293e+00  3.59456000e-10  3.73718481e+00 
 3.59656000e-10  2.97454984e+00  3.59656000e-10  3.78888996e+00 
 3.59856000e-10  2.93584208e+00  3.59856000e-10  3.82518710e+00 
 3.60056000e-10  2.90270411e+00  3.60056000e-10  3.84137137e+00 
 3.60256000e-10  2.87421815e+00  3.60256000e-10  3.83961559e+00 
 3.60456000e-10  2.84954731e+00  3.60456000e-10  3.82416153e+00 
 3.60656000e-10  2.82811832e+00  3.60656000e-10  3.79952564e+00 
 3.60856000e-10  2.81012617e+00  3.60856000e-10  3.76963004e+00 
 3.61056000e-10  2.79629114e+00  3.61056000e-10  3.73774086e+00 
 3.61256000e-10  2.78753264e+00  3.61256000e-10  3.70654521e+00 
 3.61456000e-10  2.78474261e+00  3.61456000e-10  3.67816806e+00 
 3.61656000e-10  2.78862871e+00  3.61656000e-10  3.65415240e+00 
 3.61856000e-10  2.79960382e+00  3.61856000e-10  3.63543788e+00 
 3.62056000e-10  2.81771510e+00  3.62056000e-10  3.62235615e+00 
 3.62256000e-10  2.84261386e+00  3.62256000e-10  3.61465050e+00 
 3.62456000e-10  2.87356633e+00  3.62456000e-10  3.61152437e+00 
 3.62656000e-10  2.90950071e+00  3.62656000e-10  3.61172175e+00 
 3.62856000e-10  2.94908241e+00  3.62856000e-10  3.61363975e+00 
 3.63056000e-10  2.99081259e+00  3.63056000e-10  3.61546437e+00 
 3.63256000e-10  3.03315611e+00  3.63256000e-10  3.61530130e+00 
 3.63456000e-10  3.07471896e+00  3.63456000e-10  3.61125283e+00 
 3.63656000e-10  3.11450726e+00  3.63656000e-10  3.60137274e+00 
 3.63856000e-10  3.15238461e+00  3.63856000e-10  3.58332562e+00 
 3.64056000e-10  3.19278963e+00  3.64056000e-10  3.54984424e+00 
 3.64256000e-10  3.24012973e+00  3.64256000e-10  3.49342324e+00 
 3.64456000e-10  3.28820375e+00  3.64456000e-10  3.42144893e+00 
 3.64656000e-10  3.33461838e+00  3.64656000e-10  3.34224879e+00 
 3.64856000e-10  3.37924562e+00  3.64856000e-10  3.26086651e+00 
 3.65056000e-10  3.42225785e+00  3.65056000e-10  3.18030116e+00 
 3.65256000e-10  3.46380333e+00  3.65256000e-10  3.10292411e+00 
 3.65456000e-10  3.50423220e+00  3.65456000e-10  3.03081875e+00 
 3.65656000e-10  3.54444696e+00  3.65656000e-10  2.96535190e+00 
 3.65856000e-10  3.58629350e+00  3.65856000e-10  2.90623866e+00 
 3.66056000e-10  3.63026129e+00  3.66056000e-10  2.85440202e+00 
 3.66256000e-10  3.67150706e+00  3.66256000e-10  2.81613504e+00 
 3.66456000e-10  3.70599617e+00  3.66456000e-10  2.79488612e+00 
 3.66656000e-10  3.73391078e+00  3.66656000e-10  2.78870151e+00 
 3.66856000e-10  3.75583525e+00  3.66856000e-10  2.79548074e+00 
 3.67056000e-10  3.77296413e+00  3.67056000e-10  2.81152360e+00 
 3.67256000e-10  3.78601628e+00  3.67256000e-10  2.83340518e+00 
 3.67456000e-10  3.79510524e+00  3.67456000e-10  2.85827131e+00 
 3.67656000e-10  3.79994031e+00  3.67656000e-10  2.88378947e+00 
 3.67856000e-10  3.80004157e+00  3.67856000e-10  2.90804855e+00 
 3.68056000e-10  3.79491929e+00  3.68056000e-10  2.92957061e+00 
 3.68256000e-10  3.78421509e+00  3.68256000e-10  2.94736592e+00 
 3.68456000e-10  3.76780247e+00  3.68456000e-10  2.96096763e+00 
 3.68656000e-10  3.74584309e+00  3.68656000e-10  2.97042932e+00 
 3.68856000e-10  3.71879958e+00  3.68856000e-10  2.97628711e+00 
 3.69056000e-10  3.68741145e+00  3.69056000e-10  2.97948964e+00 
 3.69256000e-10  3.65264426e+00  3.69256000e-10  2.98129969e+00 
 3.69456000e-10  3.61561952e+00  3.69456000e-10  2.98317672e+00 
 3.69656000e-10  3.57751962e+00  3.69656000e-10  2.98666525e+00 
 3.69856000e-10  3.53944576e+00  3.69856000e-10  2.99332980e+00 
 3.70056000e-10  3.50219287e+00  3.70056000e-10  3.00478764e+00 
 3.70256000e-10  3.46584317e+00  3.70256000e-10  3.02295586e+00 
 3.70456000e-10  3.42697940e+00  3.70456000e-10  3.05296861e+00 
 3.70656000e-10  3.37759216e+00  3.70656000e-10  3.10325854e+00 
 3.70856000e-10  3.32239728e+00  3.70856000e-10  3.16623439e+00 
 3.71056000e-10  3.26770660e+00  3.71056000e-10  3.23666504e+00 
 3.71256000e-10  3.21667096e+00  3.71256000e-10  3.31188498e+00 
 3.71456000e-10  3.16990681e+00  3.71456000e-10  3.38944787e+00 
 3.71656000e-10  3.12702839e+00  3.71656000e-10  3.46666034e+00 
 3.71856000e-10  3.08733850e+00  3.71856000e-10  3.54094592e+00 
 3.72056000e-10  3.04979389e+00  3.72056000e-10  3.61047222e+00 
 3.72256000e-10  3.01240320e+00  3.72256000e-10  3.67485236e+00 
 3.72456000e-10  2.97356024e+00  3.72456000e-10  3.73396611e+00 
 3.72656000e-10  2.93809244e+00  3.72656000e-10  3.78066118e+00 
 3.72856000e-10  2.90826232e+00  3.72856000e-10  3.81045013e+00 
 3.73056000e-10  2.88378436e+00  3.73056000e-10  3.82348983e+00 
 3.73256000e-10  2.86400507e+00  3.73256000e-10  3.82199598e+00 
 3.73456000e-10  2.84780608e+00  3.73456000e-10  3.80949114e+00 
 3.73656000e-10  2.83460050e+00  3.73656000e-10  3.78941333e+00 
 3.73856000e-10  2.82437245e+00  3.73856000e-10  3.76475864e+00 
 3.74056000e-10  2.81751052e+00  3.74056000e-10  3.73805015e+00 
 3.74256000e-10  2.81458770e+00  3.74256000e-10  3.71136295e+00 
 3.74456000e-10  2.81619694e+00  3.74456000e-10  3.68632976e+00 
 3.74656000e-10  2.82283524e+00  3.74656000e-10  3.66413064e+00 
 3.74856000e-10  2.83481906e+00  3.74856000e-10  3.64548253e+00 
 3.75056000e-10  2.85222723e+00  3.75056000e-10  3.63063904e+00 
 3.75256000e-10  2.87487270e+00  3.75256000e-10  3.61940711e+00 
 3.75456000e-10  2.90230235e+00  3.75456000e-10  3.61118621e+00 
 3.75656000e-10  2.93382136e+00  3.75656000e-10  3.60503359e+00 
 3.75856000e-10  2.96854158e+00  3.75856000e-10  3.59974987e+00 
 3.76056000e-10  3.00546494e+00  3.76056000e-10  3.59396026e+00 
 3.76256000e-10  3.04362734e+00  3.76256000e-10  3.58614320e+00 
 3.76456000e-10  3.08234771e+00  3.76456000e-10  3.57452980e+00 
 3.76656000e-10  3.12175132e+00  3.76656000e-10  3.55663600e+00 
 3.76856000e-10  3.16744357e+00  3.76856000e-10  3.52344116e+00 
 3.77056000e-10  3.22019790e+00  3.77056000e-10  3.47114459e+00 
 3.77256000e-10  3.27416547e+00  3.77256000e-10  3.40678823e+00 
 3.77456000e-10  3.32720305e+00  3.77456000e-10  3.33702365e+00 
 3.77656000e-10  3.37873518e+00  3.77656000e-10  3.26555628e+00 
 3.77856000e-10  3.42832438e+00  3.77856000e-10  3.19451975e+00 
 3.78056000e-10  3.47556697e+00  3.78056000e-10  3.12563477e+00 
 3.78256000e-10  3.52033217e+00  3.78256000e-10  3.06045803e+00 
 3.78456000e-10  3.56310792e+00  3.78456000e-10  2.99999933e+00 
 3.78656000e-10  3.60535849e+00  3.78656000e-10  2.94390042e+00 
 3.78856000e-10  3.64804887e+00  3.78856000e-10  2.89224883e+00 
 3.79056000e-10  3.68636125e+00  3.79056000e-10  2.85154577e+00 
 3.79256000e-10  3.71701563e+00  3.79256000e-10  2.82477648e+00 
 3.79456000e-10  3.74057251e+00  3.79456000e-10  2.81049143e+00 
 3.79656000e-10  3.75674815e+00  3.79656000e-10  2.80875069e+00 
 3.79856000e-10  3.76704989e+00  3.79856000e-10  2.81636923e+00 
 3.80056000e-10  3.77317196e+00  3.80056000e-10  2.83010369e+00 
 3.80256000e-10  3.77587376e+00  3.80256000e-10  2.84768340e+00 
 3.80456000e-10  3.77536185e+00  3.80456000e-10  2.86736654e+00 
 3.80656000e-10  3.77157356e+00  3.80656000e-10  2.88760167e+00 
 3.80856000e-10  3.76431482e+00  3.80856000e-10  2.90718477e+00 
 3.81056000e-10  3.75337757e+00  3.81056000e-10  2.92525945e+00 
 3.81256000e-10  3.73862298e+00  3.81256000e-10  2.94133413e+00 
 3.81456000e-10  3.72003672e+00  3.81456000e-10  2.95528082e+00 
 3.81656000e-10  3.69775679e+00  3.81656000e-10  2.96731340e+00 
 3.81856000e-10  3.67207861e+00  3.81856000e-10  2.97794379e+00 
 3.82056000e-10  3.64344151e+00  3.82056000e-10  2.98792016e+00 
 3.82256000e-10  3.61239057e+00  3.82256000e-10  2.99816406e+00 
 3.82456000e-10  3.57948916e+00  3.82456000e-10  3.00974370e+00 
 3.82656000e-10  3.54513451e+00  3.82656000e-10  3.02394205e+00 
 3.82856000e-10  3.50914637e+00  3.82856000e-10  3.04256298e+00 
 3.83056000e-10  3.46735660e+00  3.83056000e-10  3.07155067e+00 
 3.83256000e-10  3.41454665e+00  3.83256000e-10  3.11643730e+00 
 3.83456000e-10  3.35581924e+00  3.83456000e-10  3.17068632e+00 
 3.83656000e-10  3.29667956e+00  3.83656000e-10  3.23076855e+00 
 3.83856000e-10  3.24016512e+00  3.83856000e-10  3.29498485e+00 
 3.84056000e-10  3.18735200e+00  3.84056000e-10  3.36162366e+00 
 3.84256000e-10  3.13849597e+00  3.84256000e-10  3.42872984e+00 
 3.84456000e-10  3.09355019e+00  3.84456000e-10  3.49435271e+00 
 3.84656000e-10  3.05217182e+00  3.84656000e-10  3.55699506e+00 
 3.84856000e-10  3.01333055e+00  3.84856000e-10  3.61620021e+00 
 3.85056000e-10  2.97615326e+00  3.85056000e-10  3.67111694e+00 
 3.85256000e-10  2.94072464e+00  3.85256000e-10  3.72037357e+00 
 3.85456000e-10  2.91016126e+00  3.85456000e-10  3.75901280e+00 
 3.85656000e-10  2.88671420e+00  3.85656000e-10  3.78317335e+00 
 3.85856000e-10  2.86928334e+00  3.85856000e-10  3.79387877e+00 
 3.86056000e-10  2.85685927e+00  3.86056000e-10  3.79343686e+00 
 3.86256000e-10  2.84840809e+00  3.86256000e-10  3.78453217e+00 
 3.86456000e-10  2.84321145e+00  3.86456000e-10  3.76969023e+00 
 3.86656000e-10  2.84095853e+00  3.86656000e-10  3.75106035e+00 
 3.86856000e-10  2.84163528e+00  3.86856000e-10  3.73041084e+00 
 3.87056000e-10  2.84539638e+00  3.87056000e-10  3.70915479e+00 
 3.87256000e-10  2.85246494e+00  3.87256000e-10  3.68836445e+00 
 3.87456000e-10  2.86305771e+00  3.87456000e-10  3.66877752e+00 
 3.87656000e-10  2.87732867e+00  3.87656000e-10  3.65080303e+00 
 3.87856000e-10  2.89532895e+00  3.87856000e-10  3.63453334e+00 
 3.88056000e-10  2.91698240e+00  3.88056000e-10  3.61976756e+00 
 3.88256000e-10  2.94207805e+00  3.88256000e-10  3.60604827e+00 
 3.88456000e-10  2.97028870e+00  3.88456000e-10  3.59269922e+00 
 3.88656000e-10  3.00124175e+00  3.88656000e-10  3.57882723e+00 
 3.88856000e-10  3.03469276e+00  3.88856000e-10  3.56321432e+00 
 3.89056000e-10  3.07095872e+00  3.89056000e-10  3.54388457e+00 
 3.89256000e-10  3.11472339e+00  3.89256000e-10  3.51337064e+00 
 3.89456000e-10  3.16697526e+00  3.89456000e-10  3.46783229e+00 
 3.89656000e-10  3.22248123e+00  3.89656000e-10  3.41270752e+00 
 3.89856000e-10  3.27897309e+00  3.89856000e-10  3.35314674e+00 
 3.90056000e-10  3.33547351e+00  3.90056000e-10  3.29221629e+00 
 3.90256000e-10  3.39103435e+00  3.90256000e-10  3.23152875e+00 
 3.90456000e-10  3.44469552e+00  3.90456000e-10  3.17222263e+00 
 3.90656000e-10  3.49565168e+00  3.90656000e-10  3.11532409e+00 
 3.90856000e-10  3.54351339e+00  3.90856000e-10  3.06164485e+00 
 3.91056000e-10  3.58864767e+00  3.91056000e-10  3.01133161e+00 
 3.91256000e-10  3.63163603e+00  3.91256000e-10  2.96399131e+00 
 3.91456000e-10  3.67249500e+00  3.91456000e-10  2.92009703e+00 
 3.91656000e-10  3.70730101e+00  3.91656000e-10  2.88445392e+00 
 3.91856000e-10  3.73354047e+00  3.91856000e-10  2.85928964e+00 
 3.92056000e-10  3.75106000e+00  3.92056000e-10  2.84442780e+00 
 3.92256000e-10  3.76098926e+00  3.92256000e-10  2.83853657e+00 
 3.92456000e-10  3.76486037e+00  3.92456000e-10  2.83975923e+00 
 3.92656000e-10  3.76406691e+00  3.92656000e-10  2.84622967e+00 
 3.92856000e-10  3.75964358e+00  3.92856000e-10  2.85637804e+00 
 3.93056000e-10  3.75227746e+00  3.93056000e-10  2.86897334e+00 
 3.93256000e-10  3.74239211e+00  3.93256000e-10  2.88307299e+00 
 3.93456000e-10  3.73023009e+00  3.93456000e-10  2.89798583e+00 
 3.93656000e-10  3.71591986e+00  3.93656000e-10  2.91325584e+00 
 3.93856000e-10  3.69952670e+00  3.93856000e-10  2.92865000e+00 
 3.94056000e-10  3.68108910e+00  3.94056000e-10  2.94414029e+00 
 3.94256000e-10  3.66064355e+00  3.94256000e-10  2.95987602e+00 
 3.94456000e-10  3.63823856e+00  3.94456000e-10  2.97614974e+00 
 3.94656000e-10  3.61392870e+00  3.94656000e-10  2.99337254e+00 
 3.94856000e-10  3.58771791e+00  3.94856000e-10  3.01209688e+00 
 3.95056000e-10  3.55938721e+00  3.95056000e-10  3.03315821e+00 
 3.95256000e-10  3.52798858e+00  3.95256000e-10  3.05816585e+00 
 3.95456000e-10  3.48741424e+00  3.95456000e-10  3.09425528e+00 
 3.95656000e-10  3.43613489e+00  3.95656000e-10  3.14181217e+00 
 3.95856000e-10  3.37906214e+00  3.95856000e-10  3.19536129e+00 
 3.96056000e-10  3.32059776e+00  3.96056000e-10  3.25246805e+00 
 3.96256000e-10  3.26316783e+00  3.96256000e-10  3.31181122e+00 
 3.96456000e-10  3.20785460e+00  3.96456000e-10  3.37198007e+00 
 3.96656000e-10  3.15522958e+00  3.96656000e-10  3.43146400e+00 
 3.96856000e-10  3.10568687e+00  3.96856000e-10  3.48885305e+00 
 3.97056000e-10  3.05939901e+00  3.97056000e-10  3.54317949e+00 
 3.97256000e-10  3.01599253e+00  3.97256000e-10  3.59432522e+00 
 3.97456000e-10  2.97452043e+00  3.97456000e-10  3.64267571e+00 
 3.97656000e-10  2.93512867e+00  3.97656000e-10  3.68765938e+00 
 3.97856000e-10  2.90161398e+00  3.97856000e-10  3.72420614e+00 
 3.98056000e-10  2.87576707e+00  3.98056000e-10  3.74925006e+00 
 3.98256000e-10  2.85752645e+00  3.98256000e-10  3.76279676e+00 
 3.98456000e-10  2.84600519e+00  3.98456000e-10  3.76661798e+00 
 3.98656000e-10  2.84007879e+00  3.98656000e-10  3.76305373e+00 
 3.98856000e-10  2.83874881e+00  3.98856000e-10  3.75430905e+00 
 3.99056000e-10  2.84128598e+00  3.99056000e-10  3.74218890e+00 
 3.99256000e-10  2.84719409e+00  3.99256000e-10  3.72808036e+00 
 3.99456000e-10  2.85617332e+00  3.99456000e-10  3.71296983e+00 
 3.99656000e-10  2.86796805e+00  3.99656000e-10  3.69754930e+00 
 3.99856000e-10  2.88239338e+00  3.99856000e-10  3.68220695e+00 
 4.00056000e-10  2.89928967e+00  4.00056000e-10  3.66707159e+00 
 4.00256000e-10  2.91850233e+00  4.00256000e-10  3.65205167e+00 
 4.00456000e-10  2.93987010e+00  4.00456000e-10  3.63687531e+00 
 4.00656000e-10  2.96322278e+00  4.00656000e-10  3.62113177e+00 
 4.00856000e-10  2.98840015e+00  4.00856000e-10  3.60429879e+00 
 4.01056000e-10  3.01532333e+00  4.01056000e-10  3.58571275e+00 
 4.01256000e-10  3.04418408e+00  4.01256000e-10  3.56439102e+00 
 4.01456000e-10  3.07600056e+00  4.01456000e-10  3.53837493e+00 
 4.01656000e-10  3.11673406e+00  4.01656000e-10  3.49942662e+00 
 4.01856000e-10  3.16508180e+00  4.01856000e-10  3.44733730e+00 
 4.02056000e-10  3.21689568e+00  4.02056000e-10  3.38790787e+00 
 4.02256000e-10  3.27064476e+00  4.02256000e-10  3.32606582e+00 
 4.02456000e-10  3.32555898e+00  4.02456000e-10  3.26459213e+00 
 4.02656000e-10  3.38074670e+00  4.02656000e-10  3.20498832e+00 
 4.02856000e-10  3.43523652e+00  4.02856000e-10  3.14829939e+00 
 4.03056000e-10  3.48813894e+00  4.03056000e-10  3.09537384e+00 
 4.03256000e-10  3.53893028e+00  4.03256000e-10  3.04670859e+00 
 4.03456000e-10  3.58766581e+00  4.03456000e-10  3.00207859e+00 
 4.03656000e-10  3.63549652e+00  4.03656000e-10  2.95973543e+00 
 4.03856000e-10  3.68143500e+00  4.03856000e-10  2.92064474e+00 
 4.04056000e-10  3.72080043e+00  4.04056000e-10  2.88948235e+00 
 4.04256000e-10  3.74983084e+00  4.04256000e-10  2.86917287e+00 
 4.04456000e-10  3.76880464e+00  4.04456000e-10  2.85820862e+00 
 4.04656000e-10  3.77898577e+00  4.04656000e-10  2.85490812e+00 
 4.04856000e-10  3.78198120e+00  4.04856000e-10  2.85716358e+00 
 4.05056000e-10  3.77924785e+00  4.05056000e-10  2.86307514e+00 
 4.05256000e-10  3.77189606e+00  4.05256000e-10  2.87123170e+00 
 4.05456000e-10  3.76075655e+00  4.05456000e-10  2.88065807e+00 
 4.05656000e-10  3.74647649e+00  4.05656000e-10  2.89073202e+00 
 4.05856000e-10  3.72958731e+00  4.05856000e-10  2.90112927e+00 
 4.06056000e-10  3.71054597e+00  4.06056000e-10  2.91178358e+00 
 4.06256000e-10  3.68975642e+00  4.06256000e-10  2.92284610e+00 
 4.06456000e-10  3.66757634e+00  4.06456000e-10  2.93463812e+00 
 4.06656000e-10  3.64431509e+00  4.06656000e-10  2.94759712e+00 
 4.06856000e-10  3.62022646e+00  4.06856000e-10  2.96222089e+00 
 4.07056000e-10  3.59548849e+00  4.07056000e-10  2.97902703e+00 
 4.07256000e-10  3.57014235e+00  4.07256000e-10  2.99856498e+00 
 4.07456000e-10  3.54393184e+00  4.07456000e-10  3.02154508e+00 
 4.07656000e-10  3.51586503e+00  4.07656000e-10  3.04927323e+00 
 4.07856000e-10  3.48000740e+00  4.07856000e-10  3.08822292e+00 
 4.08056000e-10  3.43304746e+00  4.08056000e-10  3.14023042e+00 
 4.08256000e-10  3.37972842e+00  4.08256000e-10  3.19885771e+00 
 4.08456000e-10  3.32455566e+00  4.08456000e-10  3.26092841e+00 
 4.08656000e-10  3.26989994e+00  4.08656000e-10  3.32472630e+00 
 4.08856000e-10  3.21664849e+00  4.08856000e-10  3.38854884e+00 
 4.09056000e-10  3.16517463e+00  4.09056000e-10  3.45064225e+00 
 4.09256000e-10  3.11573869e+00  4.09256000e-10  3.50943538e+00 
 4.09456000e-10  3.06844685e+00  4.09456000e-10  3.56392987e+00 
 4.09656000e-10  3.02284603e+00  4.09656000e-10  3.61422802e+00 
 4.09856000e-10  2.97862752e+00  4.09856000e-10  3.66015357e+00 
 4.10056000e-10  2.93623868e+00  4.10056000e-10  3.70120595e+00 
 4.10256000e-10  2.89938511e+00  4.10256000e-10  3.73302102e+00 
 4.10456000e-10  2.87017983e+00  4.10456000e-10  3.75293764e+00 
 4.10656000e-10  2.84881282e+00  4.10656000e-10  3.76138746e+00 
 4.10856000e-10  2.83451147e+00  4.10856000e-10  3.76068858e+00 
 4.11056000e-10  2.82635446e+00  4.11056000e-10  3.75354755e+00 
 4.11256000e-10  2.82358429e+00  4.11256000e-10  3.74234120e+00 
 4.11456000e-10  2.82564196e+00  4.11456000e-10  3.72895397e+00 
 4.11656000e-10  2.83211660e+00  4.11656000e-10  3.71478176e+00 
 4.11856000e-10  2.84266662e+00  4.11856000e-10  3.70077184e+00 
 4.12056000e-10  2.85695869e+00  4.12056000e-10  3.68746722e+00 
 4.12256000e-10  2.87463424e+00  4.12256000e-10  3.67505184e+00 
 4.12456000e-10  2.89529707e+00  4.12456000e-10  3.66339895e+00 
 4.12656000e-10  2.91851546e+00  4.12656000e-10  3.65212494e+00 
 4.12856000e-10  2.94383432e+00  4.12856000e-10  3.64065012e+00 
 4.13056000e-10  2.97079711e+00  4.13056000e-10  3.62826267e+00 
 4.13256000e-10  2.99898884e+00  4.13256000e-10  3.61416656e+00 
 4.13456000e-10  3.02813203e+00  4.13456000e-10  3.59746574e+00 
 4.13656000e-10  3.05830537e+00  4.13656000e-10  3.57698506e+00 
 4.13856000e-10  3.09057266e+00  4.13856000e-10  3.55054227e+00 
 4.14056000e-10  3.13094122e+00  4.14056000e-10  3.50981345e+00 
 4.14256000e-10  3.17757070e+00  4.14256000e-10  3.45546880e+00 
 4.14456000e-10  3.22673375e+00  4.14456000e-10  3.39335499e+00 
 4.14656000e-10  3.27722683e+00  4.14656000e-10  3.32844139e+00 
 4.14856000e-10  3.32852936e+00  4.14856000e-10  3.26365172e+00 
 4.15056000e-10  3.38001347e+00  4.15056000e-10  3.20072681e+00 
 4.15256000e-10  3.43098349e+00  4.15256000e-10  3.14097801e+00 
 4.15456000e-10  3.48081217e+00  4.15456000e-10  3.08550194e+00 
 4.15656000e-10  3.52920537e+00  4.15656000e-10  3.03499433e+00 
 4.15856000e-10  3.57634337e+00  4.15856000e-10  2.98939470e+00 
 4.16056000e-10  3.62392461e+00  4.16056000e-10  2.94654850e+00 
 4.16256000e-10  3.67076997e+00  4.16256000e-10  2.90774504e+00 
 4.16456000e-10  3.71203684e+00  4.16456000e-10  2.87765204e+00 
 4.16656000e-10  3.74346958e+00  4.16656000e-10  2.85950769e+00 
 4.16856000e-10  3.76514048e+00  4.16856000e-10  2.85156796e+00 
 4.17056000e-10  3.77819631e+00  4.17056000e-10  2.85182215e+00 
 4.17256000e-10  3.78415880e+00  4.17256000e-10  2.85773622e+00 
 4.17456000e-10  3.78432400e+00  4.17456000e-10  2.86707609e+00 
 4.17656000e-10  3.77958558e+00  4.17656000e-10  2.87818244e+00 
 4.17856000e-10  3.77056087e+00  4.17856000e-10  2.88987950e+00 
 4.18056000e-10  3.75772351e+00  4.18056000e-10  2.90139111e+00 
 4.18256000e-10  3.74149093e+00  4.18256000e-10  2.91229620e+00 
 4.18456000e-10  3.72227576e+00  4.18456000e-10  2.92249772e+00 
 4.18656000e-10  3.70051022e+00  4.18656000e-10  2.93218460e+00 
 4.18856000e-10  3.67664952e+00  4.18856000e-10  2.94178098e+00 
 4.19056000e-10  3.65116073e+00  4.19056000e-10  2.95188333e+00 
 4.19256000e-10  3.62450339e+00  4.19256000e-10  2.96318973e+00 
 4.19456000e-10  3.59709896e+00  4.19456000e-10  2.97643569e+00 
 4.19656000e-10  3.56926897e+00  4.19656000e-10  2.99236853e+00 
 4.19856000e-10  3.54109914e+00  4.19856000e-10  3.01181183e+00 
 4.20056000e-10  3.51213093e+00  4.20056000e-10  3.03592678e+00 
 4.20256000e-10  3.48035952e+00  4.20256000e-10  3.06722120e+00 
 4.20456000e-10  3.43882508e+00  4.20456000e-10  3.11289421e+00 
 4.20656000e-10  3.38829874e+00  4.20656000e-10  3.16979106e+00 
 4.20856000e-10  3.33366997e+00  4.20856000e-10  3.23284254e+00 
 4.21056000e-10  3.27896153e+00  4.21056000e-10  3.29915282e+00 
 4.21256000e-10  3.22589831e+00  4.21256000e-10  3.36668697e+00 
 4.21456000e-10  3.17495858e+00  4.21456000e-10  3.43344781e+00 
 4.21656000e-10  3.12623960e+00  4.21656000e-10  3.49750404e+00 
 4.21856000e-10  3.07969710e+00  4.21856000e-10  3.55735776e+00 
 4.22056000e-10  3.03488425e+00  4.22056000e-10  3.61242429e+00 
 4.22256000e-10  2.99043912e+00  4.22256000e-10  3.66345565e+00 
 4.22456000e-10  2.94646864e+00  4.22456000e-10  3.71003367e+00 
 4.22656000e-10  2.90757184e+00  4.22656000e-10  3.74647260e+00 
 4.22856000e-10  2.87647506e+00  4.22856000e-10  3.76897846e+00 
 4.23056000e-10  2.85262633e+00  4.23056000e-10  3.77865884e+00 
 4.23256000e-10  2.83565598e+00  4.23256000e-10  3.77767094e+00 
 4.23456000e-10  2.82468543e+00  4.23456000e-10  3.76889471e+00 
 4.23656000e-10  2.81884904e+00  4.23656000e-10  3.75522180e+00 
 4.23856000e-10  2.81765233e+00  4.23856000e-10  3.73899141e+00 
 4.24056000e-10  2.82085389e+00  4.24056000e-10  3.72195398e+00 
 4.24256000e-10  2.82830425e+00  4.24256000e-10  3.70535321e+00 
 4.24456000e-10  2.83984769e+00  4.24456000e-10  3.68998759e+00 
 4.24656000e-10  2.85526867e+00  4.24656000e-10  3.67625490e+00 
 4.24856000e-10  2.87426517e+00  4.24856000e-10  3.66419350e+00 
 4.25056000e-10  2.89644150e+00  4.25056000e-10  3.65352780e+00 
 4.25256000e-10  2.92131705e+00  4.25256000e-10  3.64372184e+00 
 4.25456000e-10  2.94834653e+00  4.25456000e-10  3.63404391e+00 
 4.25656000e-10  2.97694970e+00  4.25656000e-10  3.62364032e+00 
 4.25856000e-10  3.00655795e+00  4.25856000e-10  3.61160174e+00 
 4.26056000e-10  3.03670139e+00  4.26056000e-10  3.59698245e+00 
 4.26256000e-10  3.06717680e+00  4.26256000e-10  3.57870898e+00 
 4.26456000e-10  3.09840727e+00  4.26456000e-10  3.55522244e+00 
 4.26656000e-10  3.13456629e+00  4.26656000e-10  3.52059436e+00 
 4.26856000e-10  3.18034930e+00  4.26856000e-10  3.46759869e+00 
 4.27056000e-10  3.23008496e+00  4.27056000e-10  3.40258751e+00 
 4.27256000e-10  3.28121773e+00  4.27256000e-10  3.33276152e+00 
 4.27456000e-10  3.33312770e+00  4.27456000e-10  3.26252611e+00 
 4.27656000e-10  3.38532041e+00  4.27656000e-10  3.19420829e+00 
 4.27856000e-10  3.43716100e+00  4.27856000e-10  3.12936912e+00 
 4.28056000e-10  3.48805349e+00  4.28056000e-10  3.06927553e+00 
 4.28256000e-10  3.53779112e+00  4.28256000e-10  3.01471931e+00 
 4.28456000e-10  3.58672521e+00  4.28456000e-10  2.96556912e+00 
 4.28656000e-10  3.63684319e+00  4.28656000e-10  2.91944013e+00 
 4.28856000e-10  3.68422272e+00  4.28856000e-10  2.88101269e+00 
 4.29056000e-10  3.72505047e+00  4.29056000e-10  2.85312797e+00 
 4.29256000e-10  3.75713344e+00  4.29256000e-10  2.83676783e+00 
 4.29456000e-10  3.78022646e+00  4.29456000e-10  2.83083847e+00 
 4.29656000e-10  3.79472061e+00  4.29656000e-10  2.83366621e+00 
 4.29856000e-10  3.80185363e+00  4.29856000e-10  2.84244814e+00 
 4.30056000e-10  3.80309680e+00  4.30056000e-10  2.85434099e+00 
 4.30256000e-10  3.79946641e+00  4.30256000e-10  2.86740257e+00 
 4.30456000e-10  3.79158718e+00  4.30456000e-10  2.88032547e+00 
 4.30656000e-10  3.77987982e+00  4.30656000e-10  2.89223029e+00 
 4.30856000e-10  3.76470834e+00  4.30856000e-10  2.90261378e+00 
 4.31056000e-10  3.74647233e+00  4.31056000e-10  2.91132713e+00 
 4.31256000e-10  3.72565093e+00  4.31256000e-10  2.91853796e+00 
 4.31456000e-10  3.70280901e+00  4.31456000e-10  2.92467474e+00 
 4.31656000e-10  3.67857562e+00  4.31656000e-10  2.93036206e+00 
 4.31856000e-10  3.65360459e+00  4.31856000e-10  2.93635182e+00 
 4.32056000e-10  3.62852694e+00  4.32056000e-10  2.94345270e+00 
 4.32256000e-10  3.60390536e+00  4.32256000e-10  2.95245752e+00 
 4.32456000e-10  3.58019975e+00  4.32456000e-10  2.96406890e+00 
 4.32656000e-10  3.55774664e+00  4.32656000e-10  2.97882933e+00 
 4.32856000e-10  3.53674258e+00  4.32856000e-10  2.99707416e+00 
 4.33056000e-10  3.51721316e+00  4.33056000e-10  3.01893062e+00 
 4.33256000e-10  3.49895664e+00  4.33256000e-10  3.04437281e+00 
 4.33456000e-10  3.48146183e+00  4.33456000e-10  3.07333048e+00 
 4.33656000e-10  3.46377062e+00  4.33656000e-10  3.10588416e+00 
 4.33856000e-10  3.44412775e+00  4.33856000e-10  3.14271448e+00 
 4.34056000e-10  3.41640963e+00  4.34056000e-10  3.18909633e+00 
 4.34256000e-10  3.36499772e+00  4.34256000e-10  3.25886598e+00 
 4.34456000e-10  3.29921346e+00  4.34456000e-10  3.33780046e+00 
 4.34656000e-10  3.23006965e+00  4.34656000e-10  3.41705264e+00 
 4.34856000e-10  3.16190100e+00  4.34856000e-10  3.49378589e+00 
 4.35056000e-10  3.09562600e+00  4.35056000e-10  3.56618805e+00 
 4.35256000e-10  3.03110259e+00  4.35256000e-10  3.63317660e+00 
 4.35456000e-10  2.96786407e+00  4.35456000e-10  3.69415544e+00 
 4.35656000e-10  2.90686511e+00  4.35656000e-10  3.74789411e+00 
 4.35856000e-10  2.85470722e+00  4.35856000e-10  3.78741341e+00 
 4.36056000e-10  2.81500240e+00  4.36056000e-10  3.80871783e+00 
 4.36256000e-10  2.78666065e+00  4.36256000e-10  3.81446144e+00 
 4.36456000e-10  2.76832210e+00  4.36456000e-10  3.80873703e+00 
 4.36656000e-10  2.75785868e+00  4.36656000e-10  3.79612375e+00 
 4.36856000e-10  2.75383148e+00  4.36856000e-10  3.78037886e+00 
 4.37056000e-10  2.75570524e+00  4.37056000e-10  3.76407678e+00 
 4.37256000e-10  2.76315297e+00  4.37256000e-10  3.74891482e+00 
 4.37456000e-10  2.77575474e+00  4.37456000e-10  3.73590223e+00 
 4.37656000e-10  2.79294949e+00  4.37656000e-10  3.72548369e+00 
 4.37856000e-10  2.81404721e+00  4.37856000e-10  3.71763929e+00 
 4.38056000e-10  2.83824219e+00  4.38056000e-10  3.71197805e+00 
 4.38256000e-10  2.86463446e+00  4.38256000e-10  3.70782653e+00 
 4.38456000e-10  2.89226796e+00  4.38456000e-10  3.70431430e+00 
 4.38656000e-10  2.92018497e+00  4.38656000e-10  3.70045762e+00 
 4.38856000e-10  2.94749092e+00  4.38856000e-10  3.69524077e+00 
 4.39056000e-10  2.97342051e+00  4.39056000e-10  3.68769410e+00 
 4.39256000e-10  2.99739484e+00  4.39256000e-10  3.67696762e+00 
 4.39456000e-10  3.01905979e+00  4.39456000e-10  3.66240065e+00 
 4.39656000e-10  3.03830153e+00  4.39656000e-10  3.64358351e+00 
 4.39856000e-10  3.05524848e+00  4.39856000e-10  3.62039473e+00 
 4.40056000e-10  3.07028099e+00  4.40056000e-10  3.59298352e+00 
 4.40256000e-10  3.08406664e+00  4.40256000e-10  3.56167247e+00 
 4.40456000e-10  3.09763500e+00  4.40456000e-10  3.52676533e+00 
 4.40656000e-10  3.11256184e+00  4.40656000e-10  3.48818238e+00 
 4.40856000e-10  3.13161053e+00  4.40856000e-10  3.44448094e+00 
 4.41056000e-10  3.16645468e+00  4.41056000e-10  3.38242464e+00 
 4.41256000e-10  3.21568508e+00  4.41256000e-10  3.30321026e+00 
 4.41456000e-10  3.27214241e+00  4.41456000e-10  3.22046699e+00 
 4.41656000e-10  3.33367016e+00  4.41656000e-10  3.14273049e+00 
 4.41856000e-10  3.39941569e+00  4.41856000e-10  3.07314032e+00 
 4.42056000e-10  3.46812488e+00  4.42056000e-10  3.01264849e+00 
 4.42256000e-10  3.53855093e+00  4.42256000e-10  2.96114254e+00 
 4.42456000e-10  3.61043720e+00  4.42456000e-10  2.91677642e+00 
 4.42656000e-10  3.68188131e+00  4.42656000e-10  2.87912141e+00 
 4.42856000e-10  3.74630779e+00  4.42856000e-10  2.85327350e+00 
 4.43056000e-10  3.79748639e+00  4.43056000e-10  2.84238838e+00 
 4.43256000e-10  3.83497899e+00  4.43256000e-10  2.84302012e+00 
 4.43456000e-10  3.85966841e+00  4.43456000e-10  2.85148654e+00 
 4.43656000e-10  3.87288416e+00  4.43656000e-10  2.86370261e+00 
 4.43856000e-10  3.87608422e+00  4.43856000e-10  2.87606280e+00 
 4.44056000e-10  3.87039750e+00  4.44056000e-10  2.88644759e+00 
 4.44256000e-10  3.85678284e+00  4.44256000e-10  2.89371132e+00 
 4.44456000e-10  3.83622019e+00  4.44456000e-10  2.89735467e+00 
 4.44656000e-10  3.80981923e+00  4.44656000e-10  2.89746260e+00 
 4.44856000e-10  3.77886221e+00  4.44856000e-10  2.89465986e+00 
 4.45056000e-10  3.74479140e+00  4.45056000e-10  2.89001239e+00 
 4.45256000e-10  3.70914978e+00  4.45256000e-10  2.88489168e+00 
 4.45456000e-10  3.67348882e+00  4.45456000e-10  2.88082697e+00 
 4.45656000e-10  3.63925996e+00  4.45656000e-10  2.87936097e+00 
 4.45856000e-10  3.60770642e+00  4.45856000e-10  2.88191751e+00 
 4.46056000e-10  3.57977047e+00  4.46056000e-10  2.88968512e+00 
 4.46256000e-10  3.55602904e+00  4.46256000e-10  2.90351893e+00 
 4.46456000e-10  3.53666215e+00  4.46456000e-10  2.92386840e+00 
 4.46656000e-10  3.52144215e+00  4.46656000e-10  2.95075155e+00 
 4.46856000e-10  3.50971615e+00  4.46856000e-10  2.98380617e+00 
 4.47056000e-10  3.50035060e+00  4.47056000e-10  3.02244333e+00 
 4.47256000e-10  3.49158478e+00  4.47256000e-10  3.06614954e+00 
 4.47456000e-10  3.48054325e+00  4.47456000e-10  3.11519187e+00 
 4.47656000e-10  3.45650376e+00  4.47656000e-10  3.17808052e+00 
 4.47856000e-10  3.41487784e+00  4.47856000e-10  3.25419588e+00 
 4.48056000e-10  3.36286927e+00  4.48056000e-10  3.33296824e+00 
 4.48256000e-10  3.30621168e+00  4.48256000e-10  3.40946118e+00 
 4.48456000e-10  3.24690612e+00  4.48456000e-10  3.48127443e+00 
 4.48656000e-10  3.18551830e+00  4.48656000e-10  3.54646970e+00 
 4.48856000e-10  3.12251652e+00  4.48856000e-10  3.60363193e+00 
 4.49056000e-10  3.05824003e+00  4.49056000e-10  3.65272788e+00 
 4.49256000e-10  2.99308642e+00  4.49256000e-10  3.69424084e+00 
 4.49456000e-10  2.92836693e+00  4.49456000e-10  3.72879418e+00 
 4.49656000e-10  2.86996864e+00  4.49656000e-10  3.75207594e+00 
 4.49856000e-10  2.82251871e+00  4.49856000e-10  3.76090970e+00 
 4.50056000e-10  2.78615442e+00  4.50056000e-10  3.75801037e+00 
 4.50256000e-10  2.76089351e+00  4.50256000e-10  3.74717670e+00 
 4.50456000e-10  2.74601644e+00  4.50456000e-10  3.73250005e+00 
 4.50656000e-10  2.74069951e+00  4.50656000e-10  3.71747469e+00 
 4.50856000e-10  2.74434715e+00  4.50856000e-10  3.70451095e+00 
 4.51056000e-10  2.75634723e+00  4.51056000e-10  3.69503254e+00 
 4.51256000e-10  2.77587649e+00  4.51256000e-10  3.68963153e+00 
 4.51456000e-10  2.80183828e+00  4.51456000e-10  3.68819419e+00 
 4.51656000e-10  2.83288294e+00  4.51656000e-10  3.69002260e+00 
 4.51856000e-10  2.86747046e+00  4.51856000e-10  3.69396631e+00 
 4.52056000e-10  2.90395855e+00  4.52056000e-10  3.69856311e+00 
 4.52256000e-10  2.94070773e+00  4.52256000e-10  3.70218371e+00 
 4.52456000e-10  2.97619399e+00  4.52456000e-10  3.70317496e+00 
 4.52656000e-10  3.00911601e+00  4.52656000e-10  3.69999842e+00 
 4.52856000e-10  3.03848372e+00  4.52856000e-10  3.69135962e+00 
 4.53056000e-10  3.06368376e+00  4.53056000e-10  3.67631581e+00 
 4.53256000e-10  3.08453556e+00  4.53256000e-10  3.65433146e+00 
 4.53456000e-10  3.10136595e+00  4.53456000e-10  3.62523613e+00 
 4.53656000e-10  3.11514056e+00  4.53656000e-10  3.58902935e+00 
 4.53856000e-10  3.12777899e+00  4.53856000e-10  3.54537047e+00 
 4.54056000e-10  3.14587754e+00  4.54056000e-10  3.48865559e+00 
 4.54256000e-10  3.17593311e+00  4.54256000e-10  3.41252624e+00 
 4.54456000e-10  3.21265686e+00  4.54456000e-10  3.32639650e+00 
 4.54656000e-10  3.25427216e+00  4.54656000e-10  3.24009467e+00 
 4.54856000e-10  3.30093068e+00  4.54856000e-10  3.15911449e+00 
 4.55056000e-10  3.35260312e+00  4.55056000e-10  3.08622115e+00 
 4.55256000e-10  3.40872985e+00  4.55256000e-10  3.02301234e+00 
 4.55456000e-10  3.46857014e+00  4.55456000e-10  2.97028769e+00 
 4.55656000e-10  3.53179028e+00  4.55656000e-10  2.92757507e+00 
 4.55856000e-10  3.59741071e+00  4.55856000e-10  2.89379026e+00 
 4.56056000e-10  3.66361868e+00  4.56056000e-10  2.86848839e+00 
 4.56256000e-10  3.72471860e+00  4.56256000e-10  2.85482804e+00 
 4.56456000e-10  3.77530682e+00  4.56456000e-10  2.85446650e+00 
 4.56656000e-10  3.81440599e+00  4.56656000e-10  2.86383385e+00 
 4.56856000e-10  3.84214947e+00  4.56856000e-10  2.87920848e+00 
 4.57056000e-10  3.85905728e+00  4.57056000e-10  2.89667276e+00 
 4.57256000e-10  3.86568037e+00  4.57256000e-10  2.91302658e+00 
 4.57456000e-10  3.86251808e+00  4.57456000e-10  2.92611994e+00 
 4.57656000e-10  3.85015669e+00  4.57656000e-10  2.93469016e+00 
 4.57856000e-10  3.82939578e+00  4.57856000e-10  2.93824068e+00 
 4.58056000e-10  3.80131730e+00  4.58056000e-10  2.93698546e+00 
 4.58256000e-10  3.76729713e+00  4.58256000e-10  2.93177745e+00 
 4.58456000e-10  3.72896286e+00  4.58456000e-10  2.92399260e+00 
 4.58656000e-10  3.68810622e+00  4.58656000e-10  2.91537865e+00 
 4.58856000e-10  3.64656451e+00  4.58856000e-10  2.90788546e+00 
 4.59056000e-10  3.60608994e+00  4.59056000e-10  2.90348950e+00 
 4.59256000e-10  3.56822429e+00  4.59256000e-10  2.90402378e+00 
 4.59456000e-10  3.53418620e+00  4.59456000e-10  2.91103120e+00 
 4.59656000e-10  3.50475847e+00  4.59656000e-10  2.92567599e+00 
 4.59856000e-10  3.48014087e+00  4.59856000e-10  2.94876284e+00 
 4.60056000e-10  3.45969819e+00  4.60056000e-10  2.98094338e+00 
 4.60256000e-10  3.44129197e+00  4.60256000e-10  3.02343918e+00 
 4.60456000e-10  3.41558499e+00  4.60456000e-10  3.08419268e+00 
 4.60656000e-10  3.38119544e+00  4.60656000e-10  3.15956757e+00 
 4.60856000e-10  3.34273052e+00  4.60856000e-10  3.24155224e+00 
 4.61056000e-10  3.30340030e+00  4.61056000e-10  3.32574633e+00 
 4.61256000e-10  3.26372255e+00  4.61256000e-10  3.40895588e+00 
 4.61456000e-10  3.22305366e+00  4.61456000e-10  3.48810586e+00 
 4.61656000e-10  3.18065105e+00  4.61656000e-10  3.56039437e+00 
 4.61856000e-10  3.13595412e+00  4.61856000e-10  3.62379915e+00 
 4.62056000e-10  3.08828735e+00  4.62056000e-10  3.67774806e+00 
 4.62256000e-10  3.03725284e+00  4.62256000e-10  3.72213111e+00 
 4.62456000e-10  2.98347947e+00  4.62456000e-10  3.75709500e+00 
 4.62656000e-10  2.93178846e+00  4.62656000e-10  3.77860260e+00 
 4.62856000e-10  2.88577708e+00  4.62856000e-10  3.78437146e+00 
 4.63056000e-10  2.84614372e+00  4.63056000e-10  3.77678271e+00 
 4.63256000e-10  2.81371133e+00  4.63256000e-10  3.75933675e+00 
 4.63456000e-10  2.78886195e+00  4.63456000e-10  3.73606946e+00 
 4.63656000e-10  2.77188032e+00  4.63656000e-10  3.71081396e+00 
 4.63856000e-10  2.76313991e+00  4.63856000e-10  3.68666933e+00 
 4.64056000e-10  2.76295538e+00  4.64056000e-10  3.66590026e+00 
 4.64256000e-10  2.77141027e+00  4.64256000e-10  3.64995962e+00 
 4.64456000e-10  2.78824785e+00  4.64456000e-10  3.63952611e+00 
 4.64656000e-10  2.81282529e+00  4.64656000e-10  3.63455576e+00 
 4.64856000e-10  2.84412095e+00  4.64856000e-10  3.63435663e+00 
 4.65056000e-10  2.88078544e+00  4.65056000e-10  3.63769037e+00 
 4.65256000e-10  2.92122724e+00  4.65256000e-10  3.64289993e+00 
 4.65456000e-10  2.96372202e+00  4.65456000e-10  3.64806033e+00 
 4.65656000e-10  3.00653734e+00  4.65656000e-10  3.65114201e+00 
 4.65856000e-10  3.04807522e+00  4.65856000e-10  3.65015932e+00 
 4.66056000e-10  3.08705484e+00  4.66056000e-10  3.64325040e+00 
 4.66256000e-10  3.12278478e+00  4.66256000e-10  3.62859850e+00 
 4.66456000e-10  3.15572003e+00  4.66456000e-10  3.60391802e+00 
 4.66656000e-10  3.19202017e+00  4.66656000e-10  3.56070035e+00 
 4.66856000e-10  3.23204991e+00  4.66856000e-10  3.49743973e+00 
 4.67056000e-10  3.27161841e+00  4.67056000e-10  3.42151795e+00 
 4.67256000e-10  3.30995305e+00  4.67256000e-10  3.33991350e+00 
 4.67456000e-10  3.34755532e+00  4.67456000e-10  3.25712107e+00 
 4.67656000e-10  3.38496111e+00  4.67656000e-10  3.17621749e+00 
 4.67856000e-10  3.42261895e+00  4.67856000e-10  3.09977098e+00 
 4.68056000e-10  3.46099936e+00  4.68056000e-10  3.03001293e+00 
 4.68256000e-10  3.50085302e+00  4.68256000e-10  2.96848690e+00 
 4.68456000e-10  3.54349031e+00  4.68456000e-10  2.91531830e+00 
 4.68656000e-10  3.59018917e+00  4.68656000e-10  2.86973572e+00 
 4.68856000e-10  3.63731639e+00  4.68856000e-10  2.83601224e+00 
 4.69056000e-10  3.68129318e+00  4.69056000e-10  2.81636161e+00 
 4.69256000e-10  3.72004695e+00  4.69256000e-10  2.81065600e+00 
 4.69456000e-10  3.75263114e+00  4.69456000e-10  2.81721283e+00 
 4.69656000e-10  3.77860580e+00  4.69656000e-10  2.83339457e+00 
 4.69856000e-10  3.79814514e+00  4.69856000e-10  2.85555335e+00 
 4.70056000e-10  3.81149703e+00  4.70056000e-10  2.88012598e+00 
 4.70256000e-10  3.81857864e+00  4.70256000e-10  2.90435404e+00 
 4.70456000e-10  3.81911133e+00  4.70456000e-10  2.92615981e+00 
 4.70656000e-10  3.81283511e+00  4.70656000e-10  2.94405894e+00 
 4.70856000e-10  3.79967750e+00  4.70856000e-10  2.95717470e+00 
 4.71056000e-10  3.77986116e+00  4.71056000e-10  2.96525220e+00 
 4.71256000e-10  3.75395108e+00  4.71256000e-10  2.96863244e+00 
 4.71456000e-10  3.72284691e+00  4.71456000e-10  2.96818483e+00 
 4.71656000e-10  3.68773013e+00  4.71656000e-10  2.96520642e+00 
 4.71856000e-10  3.64997991e+00  4.71856000e-10  2.96129518e+00 
 4.72056000e-10  3.61107313e+00  4.72056000e-10  2.95820328e+00 
 4.72256000e-10  3.57247978e+00  4.72256000e-10  2.95768218e+00 
 4.72456000e-10  3.53555200e+00  4.72456000e-10  2.96134371e+00 
 4.72656000e-10  3.50139121e+00  4.72656000e-10  2.97057323e+00 
 4.72856000e-10  3.47067484e+00  4.72856000e-10  2.98652741e+00 
 4.73056000e-10  3.44341149e+00  4.73056000e-10  3.01026015e+00 
 4.73256000e-10  3.41846131e+00  4.73256000e-10  3.04316048e+00 
 4.73456000e-10  3.38850610e+00  4.73456000e-10  3.09242271e+00 
 4.73656000e-10  3.34558794e+00  4.73656000e-10  3.16319022e+00 
 4.73856000e-10  3.29634887e+00  4.73856000e-10  3.24449465e+00 
 4.74056000e-10  3.24727587e+00  4.74056000e-10  3.33002180e+00 
 4.74256000e-10  3.20040968e+00  4.74256000e-10  3.41639581e+00 
 4.74456000e-10  3.15547340e+00  4.74456000e-10  3.50054460e+00 
 4.74656000e-10  3.11160923e+00  4.74656000e-10  3.57952665e+00 
 4.74856000e-10  3.06771947e+00  4.74856000e-10  3.65131626e+00 
 4.75056000e-10  3.02184640e+00  4.75056000e-10  3.71580422e+00 
 4.75256000e-10  2.97406832e+00  4.75256000e-10  3.77141613e+00 
 4.75456000e-10  2.92921107e+00  4.75456000e-10  3.81200724e+00 
 4.75656000e-10  2.89110734e+00  4.75656000e-10  3.83270766e+00 
 4.75856000e-10  2.85901406e+00  4.75856000e-10  3.83555833e+00 
 4.76056000e-10  2.83250680e+00  4.76056000e-10  3.82425176e+00 
 4.76256000e-10  2.81086013e+00  4.76256000e-10  3.80321506e+00 
 4.76456000e-10  2.79373594e+00  4.76456000e-10  3.77664769e+00 
 4.76656000e-10  2.78146473e+00  4.76656000e-10  3.74797316e+00 
 4.76856000e-10  2.77466694e+00  4.76856000e-10  3.71989345e+00 
 4.77056000e-10  2.77395715e+00  4.77056000e-10  3.69446697e+00 
 4.77256000e-10  2.77977811e+00  4.77256000e-10  3.67313437e+00 
 4.77456000e-10  2.79230342e+00  4.77456000e-10  3.65672809e+00 
 4.77656000e-10  2.81138002e+00  4.77656000e-10  3.64549123e+00 
 4.77856000e-10  2.83650723e+00  4.77856000e-10  3.63911462e+00 
 4.78056000e-10  2.86685333e+00  4.78056000e-10  3.63679544e+00 
 4.78256000e-10  2.90130720e+00  4.78256000e-10  3.63731901e+00 
 4.78456000e-10  2.93855719e+00  4.78456000e-10  3.63916433e+00 
 4.78656000e-10  2.97718618e+00  4.78656000e-10  3.64063243e+00 
 4.78856000e-10  3.01577392e+00  4.78856000e-10  3.63998926e+00 
 4.79056000e-10  3.05300961e+00  4.79056000e-10  3.63559883e+00 
 4.79256000e-10  3.08783132e+00  4.79256000e-10  3.62600300e+00 
 4.79456000e-10  3.11961483e+00  4.79456000e-10  3.60989658e+00 
 4.79656000e-10  3.14846563e+00  4.79656000e-10  3.58591080e+00 
 4.79856000e-10  3.17591285e+00  4.79856000e-10  3.55180356e+00 
 4.80056000e-10  3.21109650e+00  4.80056000e-10  3.49631386e+00 
 4.80256000e-10  3.25262876e+00  4.80256000e-10  3.42055688e+00 
 4.80456000e-10  3.29554629e+00  4.80456000e-10  3.33524035e+00 
 4.80656000e-10  3.33896593e+00  4.80656000e-10  3.24844629e+00 
 4.80856000e-10  3.38321482e+00  4.80856000e-10  3.16440869e+00 
 4.81056000e-10  3.42847085e+00  4.81056000e-10  3.08571915e+00 
 4.81256000e-10  3.47479056e+00  4.81256000e-10  3.01436055e+00 
 4.81456000e-10  3.52255838e+00  4.81456000e-10  2.95153463e+00 
 4.81656000e-10  3.57304965e+00  4.81656000e-10  2.89664467e+00 
 4.81856000e-10  3.62676799e+00  4.81856000e-10  2.84942681e+00 
 4.82056000e-10  3.67780820e+00  4.82056000e-10  2.81637616e+00 
 4.82256000e-10  3.72123189e+00  4.82256000e-10  2.80065102e+00 
 4.82456000e-10  3.75675497e+00  4.82456000e-10  2.79961374e+00 
 4.82656000e-10  3.78466952e+00  4.82656000e-10  2.81048181e+00 
 4.82856000e-10  3.80561145e+00  4.82856000e-10  2.82937337e+00 
 4.83056000e-10  3.82027600e+00  4.83056000e-10  2.85228934e+00 
 4.83256000e-10  3.82887365e+00  4.83256000e-10  2.87618462e+00 
 4.83456000e-10  3.83127075e+00  4.83456000e-10  2.89879053e+00 
 4.83656000e-10  3.82724418e+00  4.83656000e-10  2.91840014e+00 
 4.83856000e-10  3.81666955e+00  4.83856000e-10  2.93386100e+00 
 4.84056000e-10  3.79964993e+00  4.84056000e-10  2.94461413e+00 
 4.84256000e-10  3.77658969e+00  4.84256000e-10  2.95069458e+00 
 4.84456000e-10  3.74821407e+00  4.84456000e-10  2.95268402e+00 
 4.84656000e-10  3.71553939e+00  4.84656000e-10  2.95162695e+00 
 4.84856000e-10  3.67980448e+00  4.84856000e-10  2.94892068e+00 
 4.85056000e-10  3.64237778e+00  4.85056000e-10  2.94618571e+00 
 4.85256000e-10  3.60465556e+00  4.85256000e-10  2.94512217e+00 
 4.85456000e-10  3.56796131e+00  4.85456000e-10  2.94736389e+00 
 4.85656000e-10  3.53344216e+00  4.85656000e-10  2.95435545e+00 
 4.85856000e-10  3.50194250e+00  4.85856000e-10  2.96729034e+00 
 4.86056000e-10  3.47382887e+00  4.86056000e-10  2.98714802e+00 
 4.86256000e-10  3.44871081e+00  4.86256000e-10  3.01489611e+00 
 4.86456000e-10  3.42476412e+00  4.86456000e-10  3.05217447e+00 
 4.86656000e-10  3.39170206e+00  4.86656000e-10  3.10882331e+00 
 4.86856000e-10  3.34749583e+00  4.86856000e-10  3.18244858e+00 
 4.87056000e-10  3.29916284e+00  4.87056000e-10  3.26354023e+00 
 4.87256000e-10  3.25144212e+00  4.87256000e-10  3.34737052e+00 
 4.87456000e-10  3.20536050e+00  4.87456000e-10  3.43092172e+00 
 4.87656000e-10  3.16043489e+00  4.87656000e-10  3.51124807e+00 
 4.87856000e-10  3.11592289e+00  4.87856000e-10  3.58567038e+00 
 4.88056000e-10  3.07091221e+00  4.88056000e-10  3.65252232e+00 
 4.88256000e-10  3.02353444e+00  4.88256000e-10  3.71208343e+00 
 4.88456000e-10  2.97370128e+00  4.88456000e-10  3.76377946e+00 
 4.88656000e-10  2.92676867e+00  4.88656000e-10  3.80127502e+00 
 4.88856000e-10  2.88689264e+00  4.88856000e-10  3.81970756e+00 
 4.89056000e-10  2.85343291e+00  4.89056000e-10  3.82125018e+00 
 4.89256000e-10  2.82622479e+00  4.89256000e-10  3.80948113e+00 
 4.89456000e-10  2.80465285e+00  4.89456000e-10  3.78877807e+00 
 4.89656000e-10  2.78835181e+00  4.89656000e-10  3.76334558e+00 
 4.89856000e-10  2.77757197e+00  4.89856000e-10  3.73653808e+00 
 4.90056000e-10  2.77280783e+00  4.90056000e-10  3.71091364e+00 
 4.90256000e-10  2.77450651e+00  4.90256000e-10  3.68834146e+00 
 4.90456000e-10  2.78291283e+00  4.90456000e-10  3.67004940e+00 
 4.90656000e-10  2.79798696e+00  4.90656000e-10  3.65665057e+00 
 4.90856000e-10  2.81936416e+00  4.90856000e-10  3.64817749e+00 
 4.91056000e-10  2.84635050e+00  4.91056000e-10  3.64413401e+00 
 4.91256000e-10  2.87795441e+00  4.91256000e-10  3.64356738e+00 
 4.91456000e-10  2.91295035e+00  4.91456000e-10  3.64516107e+00 
 4.91656000e-10  2.94996606e+00  4.91656000e-10  3.64734774e+00 
 4.91856000e-10  2.98758145e+00  4.91856000e-10  3.64844090e+00 
 4.92056000e-10  3.02442907e+00  4.92056000e-10  3.64677834e+00 
 4.92256000e-10  3.05929660e+00  4.92256000e-10  3.64085559e+00 
 4.92456000e-10  3.09124573e+00  4.92456000e-10  3.62941055e+00 
 4.92656000e-10  3.11976562e+00  4.92656000e-10  3.61141524e+00 
 4.92856000e-10  3.14498996e+00  4.92856000e-10  3.58592132e+00 
 4.93056000e-10  3.16812708e+00  4.93056000e-10  3.55155958e+00 
 4.93256000e-10  3.19612776e+00  4.93256000e-10  3.50052670e+00 
 4.93456000e-10  3.23435197e+00  4.93456000e-10  3.42619594e+00 
 4.93656000e-10  3.27634040e+00  4.93656000e-10  3.33912883e+00 
 4.93856000e-10  3.31998004e+00  4.93856000e-10  3.24966791e+00 
 4.94056000e-10  3.36545740e+00  4.94056000e-10  3.16333882e+00 
 4.94256000e-10  3.41296819e+00  4.94256000e-10  3.08308531e+00 
 4.94456000e-10  3.46242597e+00  4.94456000e-10  3.01090032e+00 
 4.94656000e-10  3.51394609e+00  4.94656000e-10  2.94795071e+00 
 4.94856000e-10  3.56831210e+00  4.94856000e-10  2.89386526e+00 
 4.95056000e-10  3.62596748e+00  4.95056000e-10  2.84783239e+00 
 4.95256000e-10  3.68087907e+00  4.95256000e-10  2.81621041e+00 
 4.95456000e-10  3.72795159e+00  4.95456000e-10  2.80188616e+00 
 4.95656000e-10  3.76630592e+00  4.95656000e-10  2.80257048e+00 
 4.95856000e-10  3.79621892e+00  4.95856000e-10  2.81498311e+00 
 4.96056000e-10  3.81846086e+00  4.96056000e-10  2.83490075e+00 
 4.96256000e-10  3.83367069e+00  4.96256000e-10  2.85818573e+00 
 4.96456000e-10  3.84200511e+00  4.96456000e-10  2.88179279e+00 
 4.96656000e-10  3.84336254e+00  4.96656000e-10  2.90347839e+00 
 4.96856000e-10  3.83761606e+00  4.96856000e-10  2.92160272e+00 
 4.97056000e-10  3.82478273e+00  4.97056000e-10  2.93512677e+00 
 4.97256000e-10  3.80513823e+00  4.97256000e-10  2.94364721e+00 
 4.97456000e-10  3.77927836e+00  4.97456000e-10  2.94738506e+00 
 4.97656000e-10  3.74812541e+00  4.97656000e-10  2.94712235e+00 
 4.97856000e-10  3.71288383e+00  4.97856000e-10  2.94410119e+00 
 4.98056000e-10  3.67495738e+00  4.98056000e-10  2.93989722e+00 
 4.98256000e-10  3.63584377e+00  4.98256000e-10  2.93627568e+00 
 4.98456000e-10  3.59702302e+00  4.98456000e-10  2.93503733e+00 
 4.98656000e-10  3.55984818e+00  4.98656000e-10  2.93786879e+00 
 4.98856000e-10  3.52543038e+00  4.98856000e-10  2.94622765e+00 
 4.99056000e-10  3.49449282e+00  4.99056000e-10  2.96130562e+00 
 4.99256000e-10  3.46715388e+00  4.99256000e-10  2.98412168e+00 
 4.99456000e-10  3.44251056e+00  4.99456000e-10  3.01588816e+00 
 4.99656000e-10  3.41487061e+00  4.99656000e-10  3.06213232e+00 
 4.99856000e-10  3.37646307e+00  4.99856000e-10  3.12838519e+00 
 5.00056000e-10  3.33203982e+00  5.00056000e-10  3.20531331e+00 
 5.00256000e-10  3.28697940e+00  5.00256000e-10  3.28713779e+00 
 5.00456000e-10  3.24328969e+00  5.00456000e-10  3.37058287e+00 
 5.00656000e-10  3.20082709e+00  5.00656000e-10  3.45264663e+00 
 5.00856000e-10  3.15884510e+00  5.00856000e-10  3.53034388e+00 
 5.01056000e-10  3.11657115e+00  5.01056000e-10  3.60120939e+00 
 5.01256000e-10  3.07299996e+00  5.01256000e-10  3.66408512e+00 
 5.01456000e-10  3.02725262e+00  5.01456000e-10  3.71822788e+00 
 5.01656000e-10  2.97934524e+00  5.01656000e-10  3.76324048e+00 
 5.01856000e-10  2.93376378e+00  5.01856000e-10  3.79420016e+00 
 5.02056000e-10  2.89378197e+00  5.02056000e-10  3.80788974e+00 
 5.02256000e-10  2.85942173e+00  5.02256000e-10  3.80629389e+00 
 5.02456000e-10  2.83093243e+00  5.02456000e-10  3.79270618e+00 
 5.02656000e-10  2.80821802e+00  5.02656000e-10  3.77110997e+00 
 5.02856000e-10  2.79129043e+00  5.02856000e-10  3.74538975e+00 
 5.03056000e-10  2.78051073e+00  5.03056000e-10  3.71876814e+00 
 5.03256000e-10  2.77637506e+00  5.03256000e-10  3.69374047e+00 
 5.03456000e-10  2.77929156e+00  5.03456000e-10  3.67210929e+00 
 5.03656000e-10  2.78943792e+00  5.03656000e-10  3.65500743e+00 
 5.03856000e-10  2.80668164e+00  5.03856000e-10  3.64292047e+00 
 5.04056000e-10  2.83054751e+00  5.04056000e-10  3.63572464e+00 
 5.04256000e-10  2.86022540e+00  5.04256000e-10  3.63274701e+00 
 5.04456000e-10  2.89461382e+00  5.04456000e-10  3.63285027e+00 
 5.04656000e-10  2.93239225e+00  5.04656000e-10  3.63454225e+00 
 5.04856000e-10  2.97211316e+00  5.04856000e-10  3.63610815e+00 
 5.05056000e-10  3.01230936e+00  5.05056000e-10  3.63575216e+00 
 5.05256000e-10  3.05162667e+00  5.05256000e-10  3.63171540e+00 
 5.05456000e-10  3.08900766e+00  5.05456000e-10  3.62231344e+00 
 5.05656000e-10  3.12397964e+00  5.05656000e-10  3.60580170e+00 
 5.05856000e-10  3.15728661e+00  5.05856000e-10  3.57973660e+00 
 5.06056000e-10  3.19604967e+00  5.06056000e-10  3.53436366e+00 
 5.06256000e-10  3.23943130e+00  5.06256000e-10  3.46935898e+00 
 5.06456000e-10  3.28290426e+00  5.06456000e-10  3.39292247e+00 
 5.06656000e-10  3.32553064e+00  5.06656000e-10  3.31215361e+00 
 5.06856000e-10  3.36755954e+00  5.06856000e-10  3.23119572e+00 
 5.07056000e-10  3.40923971e+00  5.07056000e-10  3.15276738e+00 
 5.07256000e-10  3.45074550e+00  5.07256000e-10  3.07912531e+00 
 5.07456000e-10  3.49241251e+00  5.07456000e-10  3.01214372e+00 
 5.07656000e-10  3.53516079e+00  5.07656000e-10  2.95277417e+00 
 5.07856000e-10  3.57956295e+00  5.07856000e-10  2.90135797e+00 
 5.08056000e-10  3.62583102e+00  5.08056000e-10  2.85820369e+00 
 5.08256000e-10  3.66965072e+00  5.08256000e-10  2.82807623e+00 
 5.08456000e-10  3.70788133e+00  5.08456000e-10  2.81263839e+00 
 5.08656000e-10  3.73940265e+00  5.08656000e-10  2.81096389e+00 
 5.08856000e-10  3.76438871e+00  5.08856000e-10  2.82046222e+00 
 5.09056000e-10  3.78347284e+00  5.09056000e-10  2.83769797e+00 
 5.09256000e-10  3.79706848e+00  5.09256000e-10  2.85933851e+00 
 5.09456000e-10  3.80520270e+00  5.09456000e-10  2.88260767e+00 
 5.09656000e-10  3.80765679e+00  5.09656000e-10  2.90529895e+00 
 5.09856000e-10  3.80414702e+00  5.09856000e-10  2.92572523e+00 
 5.10056000e-10  3.79447325e+00  5.10056000e-10  2.94272580e+00 
 5.10256000e-10  3.77862805e+00  5.10256000e-10  2.95569347e+00 
 5.10456000e-10  3.75686398e+00  5.10456000e-10  2.96457726e+00 
 5.10656000e-10  3.72971716e+00  5.10656000e-10  2.96984718e+00 
 5.10856000e-10  3.69799052e+00  5.10856000e-10  2.97242304e+00 
 5.11056000e-10  3.66270527e+00  5.11056000e-10  2.97357309e+00 
 5.11256000e-10  3.62502879e+00  5.11256000e-10  2.97479341e+00 
 5.11456000e-10  3.58617548e+00  5.11456000e-10  2.97769253e+00 
 5.11656000e-10  3.54725689e+00  5.11656000e-10  2.98392565e+00 
 5.11856000e-10  3.50903089e+00  5.11856000e-10  2.99524688e+00 
 5.12056000e-10  3.47138199e+00  5.12056000e-10  3.01386889e+00 
 5.12256000e-10  3.42890894e+00  5.12256000e-10  3.04711832e+00 
 5.12456000e-10  3.37830954e+00  5.12456000e-10  3.09768595e+00 
 5.12656000e-10  3.32480862e+00  5.12656000e-10  3.15885596e+00 
 5.12856000e-10  3.27315209e+00  5.12856000e-10  3.22707173e+00 
 5.13056000e-10  3.22539097e+00  5.13056000e-10  3.30011914e+00 
 5.13256000e-10  3.18176132e+00  5.13256000e-10  3.37560059e+00 
 5.13456000e-10  3.14179107e+00  5.13456000e-10  3.45088009e+00 
 5.13656000e-10  3.10477323e+00  5.13656000e-10  3.52341198e+00 
 5.13856000e-10  3.06974755e+00  5.13856000e-10  3.59126424e+00 
 5.14056000e-10  3.03529947e+00  5.14056000e-10  3.65332450e+00 
 5.14256000e-10  2.99736552e+00  5.14256000e-10  3.71233677e+00 
 5.14456000e-10  2.96064400e+00  5.14456000e-10  3.76157254e+00 
 5.14656000e-10  2.92711798e+00  5.14656000e-10  3.79664390e+00 
 5.14856000e-10  2.89798496e+00  5.14856000e-10  3.81578786e+00 
 5.15056000e-10  2.87323664e+00  5.15056000e-10  3.82002550e+00 
 5.15256000e-10  2.85292598e+00  5.15256000e-10  3.81143336e+00 
 5.15456000e-10  2.83645619e+00  5.15456000e-10  3.79340543e+00 
 5.15656000e-10  2.82331232e+00  5.15656000e-10  3.76969835e+00 
 5.15856000e-10  2.81366977e+00  5.15856000e-10  3.74343273e+00 
 5.16056000e-10  2.80805191e+00  5.16056000e-10  3.71705075e+00 
 5.16256000e-10  2.80704872e+00  5.16256000e-10  3.69242101e+00 
 5.16456000e-10  2.81115989e+00  5.16456000e-10  3.67089809e+00 
 5.16656000e-10  2.82069474e+00  5.16656000e-10  3.65334554e+00 
 5.16856000e-10  2.83570508e+00  5.16856000e-10  3.64014822e+00 
 5.17056000e-10  2.85594941e+00  5.17056000e-10  3.63123168e+00 
 5.17256000e-10  2.88089081e+00  5.17256000e-10  3.62609704e+00 
 5.17456000e-10  2.90972706e+00  5.17456000e-10  3.62387553e+00 
 5.17656000e-10  2.94144727e+00  5.17656000e-10  3.62340439e+00 
 5.17856000e-10  2.97490575e+00  5.17856000e-10  3.62332436e+00 
 5.18056000e-10  3.00890238e+00  5.18056000e-10  3.62219737e+00 
 5.18256000e-10  3.04226268e+00  5.18256000e-10  3.61863564e+00 
 5.18456000e-10  3.07392129e+00  5.18456000e-10  3.61141984e+00 
 5.18656000e-10  3.10301897e+00  5.18656000e-10  3.59957453e+00 
 5.18856000e-10  3.12901548e+00  5.18856000e-10  3.58237950e+00 
 5.19056000e-10  3.15181155e+00  5.19056000e-10  3.55931305e+00 
 5.19256000e-10  3.17190065e+00  5.19256000e-10  3.52989845e+00 
 5.19456000e-10  3.19067366e+00  5.19456000e-10  3.49329789e+00 
 5.19656000e-10  3.21297471e+00  5.19656000e-10  3.44499558e+00 
 5.19856000e-10  3.25368238e+00  5.19856000e-10  3.36680262e+00 
 5.20056000e-10  3.30355233e+00  5.20056000e-10  3.27111017e+00 
 5.20256000e-10  3.35661658e+00  5.20256000e-10  3.17402256e+00 
 5.20456000e-10  3.41228511e+00  5.20456000e-10  3.08314252e+00 
 5.20656000e-10  3.47053961e+00  5.20656000e-10  3.00129005e+00 
 5.20856000e-10  3.53139449e+00  5.20856000e-10  2.92938984e+00 
 5.21056000e-10  3.59464593e+00  5.21056000e-10  2.86732545e+00 
 5.21256000e-10  3.65892793e+00  5.21256000e-10  2.81598973e+00 
 5.21456000e-10  3.71741983e+00  5.21456000e-10  2.78242495e+00 
 5.21656000e-10  3.76516251e+00  5.21656000e-10  2.76932454e+00 
 5.21856000e-10  3.80241025e+00  5.21856000e-10  2.77298069e+00 
 5.22056000e-10  3.83026208e+00  5.22056000e-10  2.78893164e+00 
 5.22256000e-10  3.85040516e+00  5.22256000e-10  2.81165113e+00 
 5.22456000e-10  3.86368019e+00  5.22456000e-10  2.83681323e+00 
 5.22656000e-10  3.87028770e+00  5.22656000e-10  2.86157621e+00 
 5.22856000e-10  3.87013093e+00  5.22856000e-10  2.88383653e+00 
 5.23056000e-10  3.86305814e+00  5.23056000e-10  2.90198527e+00 
 5.23256000e-10  3.84906234e+00  5.23256000e-10  2.91500814e+00 
 5.23456000e-10  3.82842525e+00  5.23456000e-10  2.92255754e+00 
 5.23656000e-10  3.80178897e+00  5.23656000e-10  2.92492794e+00 
 5.23856000e-10  3.77015778e+00  5.23856000e-10  2.92297243e+00 
 5.24056000e-10  3.73484341e+00  5.24056000e-10  2.91798846e+00 
 5.24256000e-10  3.69736981e+00  5.24256000e-10  2.91158567e+00 
 5.24456000e-10  3.65935269e+00  5.24456000e-10  2.90554376e+00 
 5.24656000e-10  3.62236891e+00  5.24656000e-10  2.90166726e+00 
 5.24856000e-10  3.58783089e+00  5.24856000e-10  2.90164354e+00 
 5.25056000e-10  3.55688064e+00  5.25056000e-10  2.90690903e+00 
 5.25256000e-10  3.53031354e+00  5.25256000e-10  2.91853135e+00 
 5.25456000e-10  3.50852918e+00  5.25456000e-10  2.93712555e+00 
 5.25656000e-10  3.49149043e+00  5.25656000e-10  2.96283370e+00 
 5.25856000e-10  3.47866970e+00  5.25856000e-10  2.99539062e+00 
 5.26056000e-10  3.46896657e+00  5.26056000e-10  3.03428683e+00 
 5.26256000e-10  3.46053976e+00  5.26256000e-10  3.07908459e+00 
 5.26456000e-10  3.45025582e+00  5.26456000e-10  3.13019389e+00 
 5.26656000e-10  3.42568068e+00  5.26656000e-10  3.19765253e+00 
 5.26856000e-10  3.38216615e+00  5.26856000e-10  3.28015806e+00 
 5.27056000e-10  3.32866695e+00  5.27056000e-10  3.36542669e+00 
 5.27256000e-10  3.27138993e+00  5.27256000e-10  3.44790381e+00 
 5.27456000e-10  3.21210304e+00  5.27456000e-10  3.52492581e+00 
 5.27656000e-10  3.15104576e+00  5.27656000e-10  3.59434023e+00 
 5.27856000e-10  3.08824723e+00  5.27856000e-10  3.65483659e+00 
 5.28056000e-10  3.02308457e+00  5.28056000e-10  3.70711095e+00 
 5.28256000e-10  2.95654605e+00  5.28256000e-10  3.75082107e+00 
 5.28456000e-10  2.89492592e+00  5.28456000e-10  3.78073318e+00 
 5.28656000e-10  2.84284255e+00  5.28656000e-10  3.79332208e+00 
 5.28856000e-10  2.80115681e+00  5.28856000e-10  3.79064655e+00 
 5.29056000e-10  2.76952888e+00  5.29056000e-10  3.77733242e+00 
 5.29256000e-10  2.74757666e+00  5.29256000e-10  3.75794184e+00 
 5.29456000e-10  2.73467484e+00  5.29456000e-10  3.73668224e+00 
 5.29656000e-10  2.73058791e+00  5.29656000e-10  3.71672765e+00 
 5.29856000e-10  2.73517904e+00  5.29856000e-10  3.70021979e+00 
 5.30056000e-10  2.74811337e+00  5.30056000e-10  3.68839972e+00 
 5.30256000e-10  2.76873194e+00  5.30256000e-10  3.68171029e+00 
 5.30456000e-10  2.79603244e+00  5.30456000e-10  3.67989333e+00 
 5.30656000e-10  2.82870295e+00  5.30656000e-10  3.68210138e+00 
 5.30856000e-10  2.86518872e+00  5.30856000e-10  3.68702556e+00 
 5.31056000e-10  2.90378649e+00  5.31056000e-10  3.69303527e+00 
 5.31256000e-10  2.94275984e+00  5.31256000e-10  3.69832481e+00 
 5.31456000e-10  2.98046445e+00  5.31456000e-10  3.70106262e+00 
 5.31656000e-10  3.01546846e+00  5.31656000e-10  3.69953912e+00 
 5.31856000e-10  3.04665339e+00  5.31856000e-10  3.69230704e+00 
 5.32056000e-10  3.07329218e+00  5.32056000e-10  3.67829860e+00 
 5.32256000e-10  3.09511903e+00  5.32256000e-10  3.65688473e+00 
 5.32456000e-10  3.11241877e+00  5.32456000e-10  3.62782944e+00 
 5.32656000e-10  3.12617363e+00  5.32656000e-10  3.59108297e+00 
 5.32856000e-10  3.13841033e+00  5.32856000e-10  3.54623137e+00 
 5.33056000e-10  3.15646047e+00  5.33056000e-10  3.48686065e+00 
 5.33256000e-10  3.18601905e+00  5.33256000e-10  3.40765882e+00 
 5.33456000e-10  3.22178746e+00  5.33456000e-10  3.31874846e+00 
 5.33656000e-10  3.26224314e+00  5.33656000e-10  3.23007900e+00 
 5.33856000e-10  3.30769520e+00  5.33856000e-10  3.14710361e+00 
 5.34056000e-10  3.35822109e+00  5.34056000e-10  3.07262323e+00 
 5.34256000e-10  3.41336589e+00  5.34256000e-10  3.00830859e+00 
 5.34456000e-10  3.47253919e+00  5.34456000e-10  2.95497177e+00 
 5.34656000e-10  3.53559843e+00  5.34656000e-10  2.91200306e+00 
 5.34856000e-10  3.60155274e+00  5.34856000e-10  2.87836869e+00 
 5.35056000e-10  3.66820488e+00  5.35056000e-10  2.85406678e+00 
 5.35256000e-10  3.72999680e+00  5.35256000e-10  2.84183867e+00 
 5.35456000e-10  3.78076557e+00  5.35456000e-10  2.84416413e+00 
 5.35656000e-10  3.81955680e+00  5.35656000e-10  2.85704776e+00 
 5.35856000e-10  3.84704415e+00  5.35856000e-10  2.87589450e+00 
 5.36056000e-10  3.86401109e+00  5.36056000e-10  2.89626098e+00 
 5.36256000e-10  3.87091237e+00  5.36256000e-10  2.91491848e+00 
 5.36456000e-10  3.86807227e+00  5.36456000e-10  2.92974014e+00 
 5.36656000e-10  3.85592114e+00  5.36656000e-10  2.93944965e+00 
 5.36856000e-10  3.83514452e+00  5.36856000e-10  2.94353678e+00 
 5.37056000e-10  3.80675868e+00  5.37056000e-10  2.94222964e+00 
 5.37256000e-10  3.77212322e+00  5.37256000e-10  2.93642797e+00 
 5.37456000e-10  3.73289543e+00  5.37456000e-10  2.92758244e+00 
 5.37656000e-10  3.69093527e+00  5.37656000e-10  2.91753685e+00 
 5.37856000e-10  3.64817707e+00  5.37856000e-10  2.90835171e+00 
 5.38056000e-10  3.60648772e+00  5.38056000e-10  2.90212178e+00 
 5.38256000e-10  3.56753064e+00  5.38256000e-10  2.90079772e+00 
 5.38456000e-10  3.53264678e+00  5.38456000e-10  2.90602646e+00 
 5.38656000e-10  3.50274624e+00  5.38656000e-10  2.91903948e+00 
 5.38856000e-10  3.47818469e+00  5.38856000e-10  2.94063183e+00 
 5.39056000e-10  3.45858192e+00  5.39056000e-10  2.97128288e+00 
 5.39256000e-10  3.44245463e+00  5.39256000e-10  3.01155592e+00 
 5.39456000e-10  3.42364109e+00  5.39456000e-10  3.06611434e+00 
 5.39656000e-10  3.39368406e+00  5.39656000e-10  3.13992805e+00 
 5.39856000e-10  3.35653984e+00  5.39856000e-10  3.22319847e+00 
 5.40056000e-10  3.31695919e+00  5.40056000e-10  3.30967567e+00 
 5.40256000e-10  3.27660078e+00  5.40256000e-10  3.39573750e+00 
 5.40456000e-10  3.23513930e+00  5.40456000e-10  3.47819140e+00 
 5.40656000e-10  3.19180843e+00  5.40656000e-10  3.55403339e+00 
 5.40856000e-10  3.14599735e+00  5.40856000e-10  3.62092759e+00 
 5.41056000e-10  3.09710222e+00  5.41056000e-10  3.67783051e+00 
 5.41256000e-10  3.04384167e+00  5.41256000e-10  3.72566369e+00 
 5.41456000e-10  2.98683059e+00  5.41456000e-10  3.76455188e+00 
 5.41656000e-10  2.93183857e+00  5.41656000e-10  3.78930037e+00 
 5.41856000e-10  2.88318571e+00  5.41856000e-10  3.79661233e+00 
 5.42056000e-10  2.84133278e+00  5.42056000e-10  3.78910989e+00 
 5.42256000e-10  2.80706020e+00  5.42256000e-10  3.77063498e+00 
 5.42456000e-10  2.78056978e+00  5.42456000e-10  3.74572228e+00 
 5.42656000e-10  2.76200604e+00  5.42656000e-10  3.71868206e+00 
 5.42856000e-10  2.75176909e+00  5.42856000e-10  3.69290415e+00 
 5.43056000e-10  2.75025782e+00  5.43056000e-10  3.67082854e+00 
 5.43256000e-10  2.75763368e+00  5.43256000e-10  3.65402768e+00 
 5.43456000e-10  2.77369043e+00  5.43456000e-10  3.64326502e+00 
 5.43656000e-10  2.79780145e+00  5.43656000e-10  3.63855149e+00 
 5.43856000e-10  2.82892412e+00  5.43856000e-10  3.63922154e+00 
 5.44056000e-10  2.86565025e+00  5.44056000e-10  3.64403561e+00 
 5.44256000e-10  2.90629508e+00  5.44256000e-10  3.65130797e+00 
 5.44456000e-10  2.94901463e+00  5.44456000e-10  3.65905699e+00 
 5.44656000e-10  2.99193792e+00  5.44656000e-10  3.66517343e+00 
 5.44856000e-10  3.03330140e+00  5.44856000e-10  3.66759733e+00 
 5.45056000e-10  3.07158375e+00  5.45056000e-10  3.66447910e+00 
 5.45256000e-10  3.10565546e+00  5.45256000e-10  3.65428043e+00 
 5.45456000e-10  3.13496901e+00  5.45456000e-10  3.63575767e+00 
 5.45656000e-10  3.15984980e+00  5.45656000e-10  3.60773119e+00 
 5.45856000e-10  3.18221642e+00  5.45856000e-10  3.56819959e+00 
 5.46056000e-10  3.21132397e+00  5.46056000e-10  3.50667223e+00 
 5.46256000e-10  3.24569979e+00  5.46256000e-10  3.42555518e+00 
 5.46456000e-10  3.28144794e+00  5.46456000e-10  3.33540367e+00 
 5.46656000e-10  3.31834850e+00  5.46656000e-10  3.24431060e+00 
 5.46856000e-10  3.35715692e+00  5.46856000e-10  3.15680739e+00 
 5.47056000e-10  3.39839479e+00  5.47056000e-10  3.07581933e+00 
 5.47256000e-10  3.44233594e+00  5.47256000e-10  3.00359026e+00 
 5.47456000e-10  3.48939143e+00  5.47456000e-10  2.94154079e+00 
 5.47656000e-10  3.54032985e+00  5.47656000e-10  2.88966884e+00 
 5.47856000e-10  3.59699864e+00  5.47856000e-10  2.84566422e+00 
 5.48056000e-10  3.65296583e+00  5.48056000e-10  2.81638919e+00 
 5.48256000e-10  3.70338984e+00  5.48256000e-10  2.80396493e+00 
 5.48456000e-10  3.74730760e+00  5.48456000e-10  2.80578687e+00 
 5.48656000e-10  3.78337550e+00  5.48656000e-10  2.82000241e+00 
 5.48856000e-10  3.81143497e+00  5.48856000e-10  2.84254579e+00 
 5.49056000e-10  3.83191343e+00  5.49056000e-10  2.86879800e+00 
 5.49256000e-10  3.84486974e+00  5.49256000e-10  2.89516657e+00 
 5.49456000e-10  3.85004241e+00  5.49456000e-10  2.91905802e+00 
 5.49656000e-10  3.84714378e+00  5.49656000e-10  2.93858680e+00 
 5.49856000e-10  3.83607308e+00  5.49856000e-10  2.95254106e+00 
 5.50056000e-10  3.81705640e+00  5.50056000e-10  2.96042142e+00 
 5.50256000e-10  3.79071985e+00  5.50256000e-10  2.96243873e+00 
 5.50456000e-10  3.75809804e+00  5.50456000e-10  2.95945100e+00 
 5.50656000e-10  3.72058391e+00  5.50656000e-10  2.95285368e+00 
 5.50856000e-10  3.67983263e+00  5.50856000e-10  2.94443805e+00 
 5.51056000e-10  3.63763647e+00  5.51056000e-10  2.93622863e+00 
 5.51256000e-10  3.59578980e+00  5.51256000e-10  2.93030785e+00 
 5.51456000e-10  3.55595891e+00  5.51456000e-10  2.92863926e+00 
 5.51656000e-10  3.51955929e+00  5.51656000e-10  2.93291240e+00 
 5.51856000e-10  3.48762619e+00  5.51856000e-10  2.94444558e+00 
 5.52056000e-10  3.46065684e+00  5.52056000e-10  2.96418303e+00 
 5.52256000e-10  3.43839240e+00  5.52256000e-10  2.99282818e+00 
 5.52456000e-10  3.41939543e+00  5.52456000e-10  3.03127294e+00 
 5.52656000e-10  3.39671424e+00  5.52656000e-10  3.08539586e+00 
 5.52856000e-10  3.36127001e+00  5.52856000e-10  3.16084404e+00 
 5.53056000e-10  3.31856066e+00  5.53056000e-10  3.24653254e+00 
 5.53256000e-10  3.27461419e+00  5.53256000e-10  3.33565838e+00 
 5.53456000e-10  3.23129908e+00  5.53456000e-10  3.42449815e+00 
 5.53656000e-10  3.18820582e+00  5.53656000e-10  3.50977915e+00 
 5.53856000e-10  3.14442665e+00  5.53856000e-10  3.58842588e+00 
 5.54056000e-10  3.09901090e+00  5.54056000e-10  3.65829826e+00 
 5.54256000e-10  3.05049901e+00  5.54256000e-10  3.71904399e+00 
 5.54456000e-10  2.99841509e+00  5.54456000e-10  3.77021467e+00 
 5.54656000e-10  2.94790740e+00  5.54656000e-10  3.80617782e+00 
 5.54856000e-10  2.90227439e+00  5.54856000e-10  3.82355984e+00 
 5.55056000e-10  2.86147679e+00  5.55056000e-10  3.82462059e+00 
 5.55256000e-10  2.82738355e+00  5.55256000e-10  3.81123271e+00 
 5.55456000e-10  2.79974849e+00  5.55456000e-10  3.78765679e+00 
 5.55656000e-10  2.77812441e+00  5.55656000e-10  3.75894494e+00 
 5.55856000e-10  2.76292439e+00  5.55856000e-10  3.72906670e+00 
 5.56056000e-10  2.75485286e+00  5.56056000e-10  3.70099277e+00 
 5.56256000e-10  2.75451832e+00  5.56256000e-10  3.67688268e+00 
 5.56456000e-10  2.76224817e+00  5.56456000e-10  3.65814774e+00 
 5.56656000e-10  2.77799632e+00  5.56656000e-10  3.64547472e+00 
 5.56856000e-10  2.80130235e+00  5.56856000e-10  3.63886039e+00 
 5.57056000e-10  2.83129312e+00  5.57056000e-10  3.63767203e+00 
 5.57256000e-10  2.86672620e+00  5.57256000e-10  3.64073499e+00 
 5.57456000e-10  2.90607120e+00  5.57456000e-10  3.64644613e+00 
 5.57656000e-10  2.94761973e+00  5.57656000e-10  3.65291062e+00 
 5.57856000e-10  2.98961044e+00  5.57856000e-10  3.65809918e+00 
 5.58056000e-10  3.03035680e+00  5.58056000e-10  3.66001692e+00 
 5.58256000e-10  3.06837551e+00  5.58256000e-10  3.65686066e+00 
 5.58456000e-10  3.10252942e+00  5.58456000e-10  3.64712202e+00 
 5.58656000e-10  3.13220588e+00  5.58656000e-10  3.62958501e+00 
 5.58856000e-10  3.15757244e+00  5.58856000e-10  3.60314563e+00 
 5.59056000e-10  3.18012538e+00  5.59056000e-10  3.56616299e+00 
 5.59256000e-10  3.20855858e+00  5.59256000e-10  3.50880204e+00 
 5.59456000e-10  3.24425331e+00  5.59456000e-10  3.42960496e+00 
 5.59656000e-10  3.28197593e+00  5.59656000e-10  3.33958532e+00 
 5.59856000e-10  3.32083019e+00  5.59856000e-10  3.24791937e+00 
 5.60056000e-10  3.36145222e+00  5.60056000e-10  3.15958884e+00 
 5.60256000e-10  3.40431634e+00  5.60256000e-10  3.07758674e+00 
 5.60456000e-10  3.44962814e+00  5.60456000e-10  3.00413556e+00 
 5.60656000e-10  3.49775894e+00  5.60656000e-10  2.94062928e+00 
 5.60856000e-10  3.54955619e+00  5.60856000e-10  2.88697254e+00 
 5.61056000e-10  3.60641551e+00  5.61056000e-10  2.84144152e+00 
 5.61256000e-10  3.66193566e+00  5.61256000e-10  2.81093296e+00 
 5.61456000e-10  3.71104289e+00  5.61456000e-10  2.79802017e+00 
 5.61656000e-10  3.75378031e+00  5.61656000e-10  2.79898857e+00 
 5.61856000e-10  3.78812796e+00  5.61856000e-10  2.81321492e+00 
 5.62056000e-10  3.81426006e+00  5.62056000e-10  2.83609932e+00 
 5.62256000e-10  3.83318146e+00  5.62256000e-10  2.86249831e+00 
 5.62456000e-10  3.84502630e+00  5.62456000e-10  2.88899810e+00 
 5.62656000e-10  3.84950217e+00  5.62656000e-10  2.91313750e+00 
 5.62856000e-10  3.84627579e+00  5.62856000e-10  2.93307985e+00 
 5.63056000e-10  3.83520098e+00  5.63056000e-10  2.94761814e+00 
 5.63256000e-10  3.81645395e+00  5.63256000e-10  2.95623787e+00 
 5.63456000e-10  3.79060359e+00  5.63456000e-10  2.95911969e+00 
 5.63656000e-10  3.75862022e+00  5.63656000e-10  2.95707807e+00 
 5.63856000e-10  3.72182755e+00  5.63856000e-10  2.95145480e+00 
 5.64056000e-10  3.68180987e+00  5.64056000e-10  2.94398242e+00 
 5.64256000e-10  3.64029106e+00  5.64256000e-10  2.93662725e+00 
 5.64456000e-10  3.59900366e+00  5.64456000e-10  2.93141953e+00 
 5.64656000e-10  3.55956247e+00  5.64656000e-10  2.93028152e+00 
 5.64856000e-10  3.52334467e+00  5.64856000e-10  2.93487639e+00 
 5.65056000e-10  3.49136176e+00  5.65056000e-10  2.94651433e+00 
 5.65256000e-10  3.46410005e+00  5.65256000e-10  2.96615361e+00 
 5.65456000e-10  3.44129488e+00  5.65456000e-10  2.99454163e+00 
 5.65656000e-10  3.42147853e+00  5.65656000e-10  3.03267205e+00 
 5.65856000e-10  3.39711427e+00  5.65856000e-10  3.08714339e+00 
 5.66056000e-10  3.36034374e+00  5.66056000e-10  3.16219551e+00 
 5.66256000e-10  3.31694461e+00  5.66256000e-10  3.24695655e+00 
 5.66456000e-10  3.27265925e+00  5.66456000e-10  3.33506341e+00 
 5.66656000e-10  3.22916603e+00  5.66656000e-10  3.42293769e+00 
 5.66856000e-10  3.18602366e+00  5.66856000e-10  3.50736023e+00 
 5.67056000e-10  3.14234855e+00  5.67056000e-10  3.58530590e+00 
 5.67256000e-10  3.09721446e+00  5.67256000e-10  3.65467760e+00 
 5.67456000e-10  3.04919149e+00  5.67456000e-10  3.71511666e+00 
 5.67656000e-10  2.99768730e+00  5.67656000e-10  3.76630708e+00 
 5.67856000e-10  2.94781034e+00  5.67856000e-10  3.80261667e+00 
 5.68056000e-10  2.90277520e+00  5.68056000e-10  3.82068132e+00 
 5.68256000e-10  2.86268316e+00  5.68256000e-10  3.82248878e+00 
 5.68456000e-10  2.82917625e+00  5.68456000e-10  3.81001021e+00 
 5.68656000e-10  2.80205332e+00  5.68656000e-10  3.78737479e+00 
 5.68856000e-10  2.78090230e+00  5.68856000e-10  3.75946893e+00 
 5.69056000e-10  2.76607453e+00  5.69056000e-10  3.73021181e+00 
 5.69256000e-10  2.75822657e+00  5.69256000e-10  3.70255195e+00 
 5.69456000e-10  2.75793890e+00  5.69456000e-10  3.67863806e+00 
 5.69656000e-10  2.76552933e+00  5.69656000e-10  3.65988125e+00 
 5.69856000e-10  2.78095840e+00  5.69856000e-10  3.64698082e+00 
 5.70056000e-10  2.80378724e+00  5.70056000e-10  3.63995913e+00 
 5.70256000e-10  2.83317726e+00  5.70256000e-10  3.63822065e+00 
 5.70456000e-10  2.86793071e+00  5.70456000e-10  3.64063708e+00 
 5.70656000e-10  2.90656851e+00  5.70656000e-10  3.64565746e+00 
 5.70856000e-10  2.94743589e+00  5.70856000e-10  3.65144135e+00 
 5.71056000e-10  2.98882307e+00  5.71056000e-10  3.65601229e+00 
 5.71256000e-10  3.02908872e+00  5.71256000e-10  3.65742286e+00 
 5.71456000e-10  3.06678536e+00  5.71456000e-10  3.65390791e+00 
 5.71656000e-10  3.10080062e+00  5.71656000e-10  3.64398344e+00 
 5.71856000e-10  3.13053561e+00  5.71856000e-10  3.62644000e+00 
 5.72056000e-10  3.15616332e+00  5.72056000e-10  3.60015721e+00 
 5.72256000e-10  3.17919068e+00  5.72256000e-10  3.56343833e+00 
 5.72456000e-10  3.20841323e+00  5.72456000e-10  3.50623382e+00 
 5.72656000e-10  3.24487845e+00  5.72656000e-10  3.42738835e+00 
 5.72856000e-10  3.28334938e+00  5.72856000e-10  3.33793038e+00 
 5.73056000e-10  3.32292110e+00  5.73056000e-10  3.24691703e+00 
 5.73256000e-10  3.36418377e+00  5.73256000e-10  3.15922795e+00 
 5.73456000e-10  3.40756240e+00  5.73456000e-10  3.07779089e+00 
 5.73656000e-10  3.45322997e+00  5.73656000e-10  3.00478134e+00 
 5.73856000e-10  3.50154818e+00  5.73856000e-10  2.94154724e+00 
 5.74056000e-10  3.55330186e+00  5.74056000e-10  2.88798924e+00 
 5.74256000e-10  3.61077401e+00  5.74256000e-10  2.84141657e+00 
 5.74456000e-10  3.66685506e+00  5.74456000e-10  2.80973192e+00 
 5.74656000e-10  3.71561024e+00  5.74656000e-10  2.79640853e+00 
 5.74856000e-10  3.75592258e+00  5.74856000e-10  2.79908202e+00 
 5.75056000e-10  3.78831359e+00  5.75056000e-10  2.81382666e+00 
 5.75256000e-10  3.81340164e+00  5.75256000e-10  2.83633759e+00 
 5.75456000e-10  3.83158282e+00  5.75456000e-10  2.86231529e+00 
 5.75656000e-10  3.84280375e+00  5.75656000e-10  2.88847550e+00 
 5.75856000e-10  3.84675803e+00  5.75856000e-10  2.91236554e+00 
 5.76056000e-10  3.84313377e+00  5.76056000e-10  2.93217116e+00 
 5.76256000e-10  3.83180155e+00  5.76256000e-10  2.94671857e+00 
 5.76456000e-10  3.81294275e+00  5.76456000e-10  2.95551778e+00 
 5.76656000e-10  3.78711842e+00  5.76656000e-10  2.95875819e+00 
 5.76856000e-10  3.75527758e+00  5.76856000e-10  2.95724799e+00 
 5.77056000e-10  3.71870998e+00  5.77056000e-10  2.95231066e+00 
 5.77256000e-10  3.67895582e+00  5.77256000e-10  2.94565138e+00 
 5.77456000e-10  3.63768886e+00  5.77456000e-10  2.93920226e+00 
 5.77656000e-10  3.59659066e+00  5.77656000e-10  2.93495444e+00 
 5.77856000e-10  3.55722756e+00  5.77856000e-10  2.93479070e+00 
 5.78056000e-10  3.52092706e+00  5.78056000e-10  2.94034631e+00 
 5.78256000e-10  3.48863395e+00  5.78256000e-10  2.95293864e+00 
 5.78456000e-10  3.46071803e+00  5.78456000e-10  2.97360736e+00 
 5.78656000e-10  3.43666518e+00  5.78656000e-10  3.00334601e+00 
 5.78856000e-10  3.41427239e+00  5.78856000e-10  3.04393082e+00 
 5.79056000e-10  3.38270249e+00  5.79056000e-10  3.10527294e+00 
 5.79256000e-10  3.34152841e+00  5.79256000e-10  3.18265901e+00 
 5.79456000e-10  3.29725413e+00  5.79456000e-10  3.26714289e+00 
 5.79656000e-10  3.25376847e+00  5.79656000e-10  3.35411447e+00 
 5.79856000e-10  3.21157187e+00  5.79856000e-10  3.44032052e+00 
 5.80056000e-10  3.16988497e+00  5.80056000e-10  3.52257336e+00 
 5.80256000e-10  3.12777310e+00  5.80256000e-10  3.59803745e+00 
 5.80456000e-10  3.08419941e+00  5.80456000e-10  3.66496454e+00 
 5.80656000e-10  3.03727588e+00  5.80656000e-10  3.72358352e+00 
 5.80856000e-10  2.98687465e+00  5.80856000e-10  3.77344454e+00 
 5.81056000e-10  2.93841040e+00  5.81056000e-10  3.80836387e+00 
 5.81256000e-10  2.89601658e+00  5.81256000e-10  3.82385717e+00 
 5.81456000e-10  2.85936270e+00  5.81456000e-10  3.82222823e+00 
 5.81656000e-10  2.82862801e+00  5.81656000e-10  3.80717867e+00 
 5.81856000e-10  2.80354987e+00  5.81856000e-10  3.78325171e+00 
 5.82056000e-10  2.78406097e+00  5.82056000e-10  3.75486465e+00 
 5.82256000e-10  2.77064279e+00  5.82256000e-10  3.72559153e+00 
 5.82456000e-10  2.76397263e+00  5.82456000e-10  3.69817655e+00 
 5.82656000e-10  2.76462961e+00  5.82656000e-10  3.67462207e+00 
 5.82856000e-10  2.77292909e+00  5.82856000e-10  3.65622507e+00 
 5.83056000e-10  2.78883269e+00  5.83056000e-10  3.64359792e+00 
 5.83256000e-10  2.81190764e+00  5.83256000e-10  3.63670212e+00 
 5.83456000e-10  2.84132869e+00  5.83456000e-10  3.63490551e+00 
 5.83656000e-10  2.87592096e+00  5.83656000e-10  3.63706495e+00 
 5.83856000e-10  2.91423832e+00  5.83856000e-10  3.64163432e+00 
 5.84056000e-10  2.95466762e+00  5.84056000e-10  3.64679631e+00 
 5.84256000e-10  2.99554551e+00  5.84256000e-10  3.65061486e+00 
 5.84456000e-10  3.03527832e+00  5.84456000e-10  3.65119755e+00 
 5.84656000e-10  3.07246710e+00  5.84656000e-10  3.64684059e+00 
 5.84856000e-10  3.10605355e+00  5.84856000e-10  3.63611206e+00 
 5.85056000e-10  3.13550630e+00  5.85056000e-10  3.61782526e+00 
 5.85256000e-10  3.16109593e+00  5.85256000e-10  3.59082280e+00 
 5.85456000e-10  3.18453265e+00  5.85456000e-10  3.55320574e+00 
 5.85656000e-10  3.21537858e+00  5.85656000e-10  3.49388054e+00 
 5.85856000e-10  3.25330162e+00  5.85856000e-10  3.41329143e+00 
 5.86056000e-10  3.29311974e+00  5.86056000e-10  3.32303221e+00 
 5.86256000e-10  3.33402146e+00  5.86256000e-10  3.23194160e+00 
 5.86456000e-10  3.37655112e+00  5.86456000e-10  3.14463978e+00 
 5.86656000e-10  3.42105051e+00  5.86656000e-10  3.06390566e+00 
 5.86856000e-10  3.46767843e+00  5.86856000e-10  2.99178235e+00 
 5.87056000e-10  3.51702497e+00  5.87056000e-10  2.92930862e+00 
 5.87256000e-10  3.56934738e+00  5.87256000e-10  2.87667336e+00 
 5.87456000e-10  3.62454535e+00  5.87456000e-10  2.83391458e+00 
 5.87656000e-10  3.67740946e+00  5.87656000e-10  2.80614794e+00 
 5.87856000e-10  3.72326034e+00  5.87856000e-10  2.79585079e+00 
 5.88056000e-10  3.76150524e+00  5.88056000e-10  2.80017265e+00 
 5.88256000e-10  3.79207054e+00  5.88256000e-10  2.81599190e+00 
 5.88456000e-10  3.81557255e+00  5.88456000e-10  2.83880583e+00 
 5.88656000e-10  3.83227143e+00  5.88656000e-10  2.86464523e+00 
 5.88856000e-10  3.84203945e+00  5.88856000e-10  2.89041521e+00 
 5.89056000e-10  3.84457432e+00  5.89056000e-10  2.91377566e+00 
 5.89256000e-10  3.83960255e+00  5.89256000e-10  2.93301360e+00 
 5.89456000e-10  3.82704305e+00  5.89456000e-10  2.94705654e+00 
 5.89656000e-10  3.80712326e+00  5.89656000e-10  2.95550927e+00 
 5.89856000e-10  3.78043944e+00  5.89856000e-10  2.95864190e+00 
 5.90056000e-10  3.74795855e+00  5.90056000e-10  2.95732426e+00 
 5.90256000e-10  3.71096702e+00  5.90256000e-10  2.95291943e+00 
 5.90456000e-10  3.67097979e+00  5.90456000e-10  2.94714818e+00 
 5.90656000e-10  3.62962639e+00  5.90656000e-10  2.94193285e+00 
 5.90856000e-10  3.58852954e+00  5.90856000e-10  2.93923069e+00 
 5.91056000e-10  3.54918060e+00  5.91056000e-10  2.94087802e+00 
 5.91256000e-10  3.51279780e+00  5.91256000e-10  2.94848279e+00 
 5.91456000e-10  3.48013709e+00  5.91456000e-10  2.96341431e+00 
 5.91656000e-10  3.45119609e+00  5.91656000e-10  2.98696396e+00 
 5.91856000e-10  3.42452772e+00  5.91856000e-10  3.02098496e+00 
 5.92056000e-10  3.39101603e+00  5.92056000e-10  3.07452723e+00 
 5.92256000e-10  3.34914189e+00  5.92256000e-10  3.14516775e+00 
 5.92456000e-10  3.30467564e+00  5.92456000e-10  3.22454315e+00 
 5.92656000e-10  3.26162967e+00  5.92656000e-10  3.30822350e+00 
 5.92856000e-10  3.22077191e+00  5.92856000e-10  3.39307814e+00 
 5.93056000e-10  3.18141078e+00  5.93056000e-10  3.47594834e+00 
 5.93256000e-10  3.14256802e+00  5.93256000e-10  3.55378686e+00 
 5.93456000e-10  3.10323623e+00  5.93456000e-10  3.62428545e+00 
 5.93656000e-10  3.06202152e+00  5.93656000e-10  3.68658548e+00 
 5.93856000e-10  3.01792210e+00  5.93856000e-10  3.74003645e+00 
 5.94056000e-10  2.97180049e+00  5.94056000e-10  3.78322164e+00 
 5.94256000e-10  2.92744966e+00  5.94256000e-10  3.81179440e+00 
 5.94456000e-10  2.88927954e+00  5.94456000e-10  3.82149743e+00 
 5.94656000e-10  2.85697647e+00  5.94656000e-10  3.81471871e+00 
 5.94856000e-10  2.82997993e+00  5.94856000e-10  3.79606617e+00 
 5.95056000e-10  2.80792584e+00  5.95056000e-10  3.77027844e+00 
 5.95256000e-10  2.79111404e+00  5.95256000e-10  3.74127100e+00 
 5.95456000e-10  2.78019788e+00  5.95456000e-10  3.71214913e+00 
 5.95656000e-10  2.77588183e+00  5.95656000e-10  3.68531755e+00 
 5.95856000e-10  2.77872295e+00  5.95856000e-10  3.66251788e+00 
 5.96056000e-10  2.78900330e+00  5.96056000e-10  3.64483228e+00 
 5.96256000e-10  2.80665399e+00  5.96256000e-10  3.63269225e+00 
 5.96456000e-10  2.83122326e+00  5.96456000e-10  3.62590889e+00 
 5.96656000e-10  2.86188635e+00  5.96656000e-10  3.62372972e+00 
 5.96856000e-10  2.89749354e+00  5.96856000e-10  3.62492381e+00 
 5.97056000e-10  2.93664831e+00  5.97056000e-10  3.62789540e+00 
 5.97256000e-10  2.97780626e+00  5.97256000e-10  3.63082294e+00 
 5.97456000e-10  3.01939083e+00  5.97456000e-10  3.63180849e+00 
 5.97656000e-10  3.05993602e+00  5.97656000e-10  3.62900180e+00 
 5.97856000e-10  3.09827915e+00  5.97856000e-10  3.62064417e+00 
 5.98056000e-10  3.13384811e+00  5.98056000e-10  3.60495020e+00 
 5.98256000e-10  3.16724753e+00  5.98256000e-10  3.57954144e+00 
 5.98456000e-10  3.20561355e+00  5.98456000e-10  3.53463118e+00 
 5.98656000e-10  3.24928140e+00  5.98656000e-10  3.46837927e+00 
 5.98856000e-10  3.29305505e+00  5.98856000e-10  3.38965185e+00 
 5.99056000e-10  3.33573887e+00  5.99056000e-10  3.30629309e+00 
 5.99256000e-10  3.37761953e+00  5.99256000e-10  3.22277817e+00 
 5.99456000e-10  3.41902334e+00  5.99456000e-10  3.14196335e+00 
 5.99656000e-10  3.46019564e+00  5.99656000e-10  3.06619709e+00 
 5.99856000e-10  3.50160260e+00  5.99856000e-10  2.99738659e+00 
 6.00056000e-10  3.54437724e+00  6.00056000e-10  2.93637685e+00 
 6.00256000e-10  3.58908245e+00  6.00256000e-10  2.88358786e+00 
 6.00456000e-10  3.63526966e+00  6.00456000e-10  2.84026574e+00 
 6.00656000e-10  3.67876628e+00  6.00656000e-10  2.81085974e+00 
 6.00856000e-10  3.71543993e+00  6.00856000e-10  2.79828554e+00 
 6.01056000e-10  3.74528892e+00  6.01056000e-10  2.79993142e+00 
 6.01256000e-10  3.76910129e+00  6.01256000e-10  2.81263549e+00 
 6.01456000e-10  3.78758831e+00  6.01456000e-10  2.83271723e+00 
 6.01656000e-10  3.80103077e+00  6.01656000e-10  2.85679754e+00 
 6.01856000e-10  3.80928086e+00  6.01856000e-10  2.88211494e+00 
 6.02056000e-10  3.81195998e+00  6.02056000e-10  2.90645411e+00 
 6.02256000e-10  3.80865047e+00  6.02256000e-10  2.92810336e+00 
 6.02456000e-10  3.79904882e+00  6.02456000e-10  2.94588518e+00 
 6.02656000e-10  3.78307869e+00  6.02656000e-10  2.95919469e+00 
 6.02856000e-10  3.76095946e+00  6.02856000e-10  2.96800451e+00 
 6.03056000e-10  3.73322812e+00  6.03056000e-10  2.97282833e+00 
 6.03256000e-10  3.70071810e+00  6.03256000e-10  2.97464731e+00 
 6.03456000e-10  3.66450505e+00  6.03456000e-10  2.97480521e+00 
 6.03656000e-10  3.62582888e+00  6.03656000e-10  2.97488212e+00 
 6.03856000e-10  3.58599043e+00  6.03856000e-10  2.97657013e+00 
 6.04056000e-10  3.54620180e+00  6.04056000e-10  2.98159351e+00 
 6.04256000e-10  3.50734668e+00  6.04256000e-10  2.99173573e+00 
 6.04456000e-10  3.46952088e+00  6.04456000e-10  3.00912351e+00 
 6.04656000e-10  3.42842964e+00  6.04656000e-10  3.04001165e+00 
 6.04856000e-10  3.37874259e+00  6.04856000e-10  3.08970488e+00 
 6.05056000e-10  3.32544919e+00  6.05056000e-10  3.15111195e+00 
 6.05256000e-10  3.27371323e+00  6.05256000e-10  3.22011101e+00 
 6.05456000e-10  3.22593819e+00  6.05456000e-10  3.29432689e+00 
 6.05656000e-10  3.18245457e+00  6.05656000e-10  3.37129763e+00 
 6.05856000e-10  3.14275556e+00  6.05856000e-10  3.44829215e+00 
 6.06056000e-10  3.10606536e+00  6.06056000e-10  3.52263676e+00 
 6.06256000e-10  3.07136263e+00  6.06256000e-10  3.59225580e+00 
 6.06456000e-10  3.03710907e+00  6.06456000e-10  3.65607969e+00 
 6.06656000e-10  3.00079205e+00  6.06656000e-10  3.71468985e+00 
 6.06856000e-10  2.96295651e+00  6.06856000e-10  3.76600469e+00 
 6.07056000e-10  2.92685709e+00  6.07056000e-10  3.80472933e+00 
 6.07256000e-10  2.89716660e+00  6.07256000e-10  3.82472286e+00 
 6.07456000e-10  2.87320573e+00  6.07456000e-10  3.82704798e+00 
 6.07656000e-10  2.85383371e+00  6.07656000e-10  3.81558003e+00 
 6.07856000e-10  2.83764341e+00  6.07856000e-10  3.79509028e+00 
 6.08056000e-10  2.82437675e+00  6.08056000e-10  3.76940074e+00 
 6.08256000e-10  2.81444880e+00  6.08256000e-10  3.74145092e+00 
 6.08456000e-10  2.80853050e+00  6.08456000e-10  3.71356587e+00 
 6.08656000e-10  2.80732332e+00  6.08656000e-10  3.68757734e+00 
 6.08856000e-10  2.81142055e+00  6.08856000e-10  3.66484249e+00 
 6.09056000e-10  2.82120799e+00  6.09056000e-10  3.64623377e+00 
 6.09256000e-10  2.83679513e+00  6.09256000e-10  3.63213310e+00 
 6.09456000e-10  2.85797969e+00  6.09456000e-10  3.62244228e+00 
 6.09656000e-10  2.88424676e+00  6.09656000e-10  3.61661524e+00 
 6.09856000e-10  2.91479939e+00  6.09856000e-10  3.61371561e+00 
 6.10056000e-10  2.94861322e+00  6.10056000e-10  3.61250179e+00 
 6.10256000e-10  2.98450666e+00  6.10256000e-10  3.61153847e+00 
 6.10456000e-10  3.02122361e+00  6.10456000e-10  3.60932288e+00 
 6.10656000e-10  3.05753703e+00  6.10656000e-10  3.60439691e+00 
 6.10856000e-10  3.09238666e+00  6.10856000e-10  3.59540753e+00 
 6.11056000e-10  3.12505859e+00  6.11056000e-10  3.58108420e+00 
 6.11256000e-10  3.15543776e+00  6.11256000e-10  3.56007905e+00 
 6.11456000e-10  3.18452326e+00  6.11456000e-10  3.53041560e+00 
 6.11656000e-10  3.22028028e+00  6.11656000e-10  3.48196704e+00 
 6.11856000e-10  3.26663703e+00  6.11856000e-10  3.40854458e+00 
 6.12056000e-10  3.31587417e+00  6.12056000e-10  3.32228042e+00 
 6.12256000e-10  3.36543819e+00  6.12256000e-10  3.23366842e+00 
 6.12456000e-10  3.41525757e+00  6.12456000e-10  3.14780704e+00 
 6.12656000e-10  3.46532002e+00  6.12656000e-10  3.06730971e+00 
 6.12856000e-10  3.51560363e+00  6.12856000e-10  2.99390453e+00 
 6.13056000e-10  3.56685056e+00  6.13056000e-10  2.92815857e+00 
 6.13256000e-10  3.61921172e+00  6.13256000e-10  2.87038188e+00 
 6.13456000e-10  3.67173568e+00  6.13456000e-10  2.82224653e+00 
 6.13656000e-10  3.71924972e+00  6.13656000e-10  2.78923921e+00 
 6.13856000e-10  3.75640058e+00  6.13856000e-10  2.77576535e+00 
 6.14056000e-10  3.78380497e+00  6.14056000e-10  2.77818123e+00 
 6.14256000e-10  3.80360869e+00  6.14256000e-10  2.79201256e+00 
 6.14456000e-10  3.81774598e+00  6.14456000e-10  2.81225615e+00 
 6.14656000e-10  3.82705558e+00  6.14656000e-10  2.83550716e+00 
 6.14856000e-10  3.83167384e+00  6.14856000e-10  2.85935558e+00 
 6.15056000e-10  3.83137979e+00  6.15056000e-10  2.88186813e+00 
 6.15256000e-10  3.82585855e+00  6.15256000e-10  2.90151743e+00 
 6.15456000e-10  3.81489222e+00  6.15456000e-10  2.91727088e+00 
 6.15656000e-10  3.79848869e+00  6.15656000e-10  2.92863592e+00 
 6.15856000e-10  3.77694967e+00  6.15856000e-10  2.93564568e+00 
 6.16056000e-10  3.75088438e+00  6.16056000e-10  2.93880733e+00 
 6.16256000e-10  3.72117832e+00  6.16256000e-10  2.93902652e+00 
 6.16456000e-10  3.68892804e+00  6.16456000e-10  2.93751421e+00 
 6.16656000e-10  3.65535294e+00  6.16656000e-10  2.93567997e+00 
 6.16856000e-10  3.62169637e+00  6.16856000e-10  2.93501578e+00 
 6.17056000e-10  3.58912890e+00  6.17056000e-10  2.93697402e+00 
 6.17256000e-10  3.55866596e+00  6.17256000e-10  2.94284478e+00 
 6.17456000e-10  3.53110324e+00  6.17456000e-10  2.95364530e+00 
 6.17656000e-10  3.50695962e+00  6.17656000e-10  2.97004684e+00 
 6.17856000e-10  3.48640991e+00  6.17856000e-10  2.99236505e+00 
 6.18056000e-10  3.46919918e+00  6.18056000e-10  3.02062379e+00 
 6.18256000e-10  3.45453075e+00  6.18256000e-10  3.05470070e+00 
 6.18456000e-10  3.44085507e+00  6.18456000e-10  3.09463367e+00 
 6.18656000e-10  3.42520549e+00  6.18656000e-10  3.14145626e+00 
 6.18856000e-10  3.39391342e+00  6.18856000e-10  3.20718225e+00 
 6.19056000e-10  3.34356472e+00  6.19056000e-10  3.28955280e+00 
 6.19256000e-10  3.28487417e+00  6.19256000e-10  3.37550953e+00 
 6.19456000e-10  3.22447683e+00  6.19456000e-10  3.45950978e+00 
 6.19656000e-10  3.16405703e+00  6.19656000e-10  3.53893092e+00 
 6.19856000e-10  3.10361655e+00  6.19856000e-10  3.61165369e+00 
 6.20056000e-10  3.04255162e+00  6.20056000e-10  3.67678735e+00 
 6.20256000e-10  2.98032763e+00  6.20256000e-10  3.73384563e+00 
 6.20456000e-10  2.91863650e+00  6.20456000e-10  3.78150735e+00 
 6.20656000e-10  2.86374273e+00  6.20656000e-10  3.81352567e+00 
 6.20856000e-10  2.82093072e+00  6.20856000e-10  3.82507744e+00 
 6.21056000e-10  2.78870984e+00  6.21056000e-10  3.81997887e+00 
 6.21256000e-10  2.76555696e+00  6.21256000e-10  3.80395566e+00 
 6.21456000e-10  2.74966376e+00  6.21456000e-10  3.78255862e+00 
 6.21656000e-10  2.74052296e+00  6.21656000e-10  3.75979880e+00 
 6.21856000e-10  2.73823494e+00  6.21856000e-10  3.73846031e+00 
 6.22056000e-10  2.74288461e+00  6.22056000e-10  3.72037769e+00 
 6.22256000e-10  2.75431196e+00  6.22256000e-10  3.70661544e+00 
 6.22456000e-10  2.77207281e+00  6.22456000e-10  3.69757745e+00 
 6.22656000e-10  2.79543646e+00  6.22656000e-10  3.69309722e+00 
 6.22856000e-10  2.82339948e+00  6.22856000e-10  3.69252820e+00 
 6.23056000e-10  2.85472479e+00  6.23056000e-10  3.69484130e+00 
 6.23256000e-10  2.88800906e+00  6.23256000e-10  3.69873155e+00 
 6.23456000e-10  2.92177387e+00  6.23456000e-10  3.70273275e+00 
 6.23656000e-10  2.95457144e+00  6.23656000e-10  3.70533573e+00 
 6.23856000e-10  2.98509433e+00  6.23856000e-10  3.70510406e+00 
 6.24056000e-10  3.01227756e+00  6.24056000e-10  3.70078084e+00 
 6.24256000e-10  3.03538136e+00  6.24256000e-10  3.69138158e+00 
 6.24456000e-10  3.05404311e+00  6.24456000e-10  3.67627111e+00 
 6.24656000e-10  3.06829129e+00  6.24656000e-10  3.65522248e+00 
 6.24856000e-10  3.07852543e+00  6.24856000e-10  3.62844916e+00 
 6.25056000e-10  3.08547870e+00  6.25056000e-10  3.59658989e+00 
 6.25256000e-10  3.09018120e+00  6.25256000e-10  3.56062686e+00 
 6.25456000e-10  3.09392687e+00  6.25456000e-10  3.52174094e+00 
 6.25656000e-10  3.09824210e+00  6.25656000e-10  3.48112250e+00 
 6.25856000e-10  3.10488366e+00  6.25856000e-10  3.43972727e+00 
 6.26056000e-10  3.11596591e+00  6.26056000e-10  3.39787271e+00 
 6.26256000e-10  3.13456714e+00  6.26256000e-10  3.35423303e+00 
 6.26456000e-10  3.17435861e+00  6.26456000e-10  3.29280695e+00 
 6.26656000e-10  3.23601715e+00  6.26656000e-10  3.21131525e+00 
 6.26856000e-10  3.30794221e+00  6.26856000e-10  3.12792887e+00 
 6.27056000e-10  3.38616123e+00  6.27056000e-10  3.05316372e+00 
 6.27256000e-10  3.46904507e+00  6.27256000e-10  2.98965983e+00 
 6.27456000e-10  3.55505842e+00  6.27456000e-10  2.93667494e+00 
 6.27656000e-10  3.64219332e+00  6.27656000e-10  2.89216863e+00 
 6.27856000e-10  3.72738119e+00  6.27856000e-10  2.85556726e+00 
 6.28056000e-10  3.80170501e+00  6.28056000e-10  2.83338716e+00 
 6.28256000e-10  3.85756281e+00  6.28256000e-10  2.82935617e+00 
 6.28456000e-10  3.89558331e+00  6.28456000e-10  2.83733254e+00 
 6.28656000e-10  3.91835910e+00  6.28656000e-10  2.85130983e+00 
 6.28856000e-10  3.92818205e+00  6.28856000e-10  2.86546647e+00 
 6.29056000e-10  3.92668731e+00  6.29056000e-10  2.87660939e+00 
 6.29256000e-10  3.91521878e+00  6.29256000e-10  2.88334600e+00 
 6.29456000e-10  3.89500452e+00  6.29456000e-10  2.88504517e+00 
 6.29656000e-10  3.86733272e+00  6.29656000e-10  2.88167307e+00 
 6.29856000e-10  3.83371035e+00  6.29856000e-10  2.87387063e+00 
 6.30056000e-10  3.79590786e+00  6.30056000e-10  2.86288013e+00 
 6.30256000e-10  3.75590377e+00  6.30256000e-10  2.85037133e+00 
 6.30456000e-10  3.71576864e+00  6.30456000e-10  2.83824080e+00 
 6.30656000e-10  3.67752167e+00  6.30656000e-10  2.82841685e+00 
 6.30856000e-10  3.64298327e+00  6.30856000e-10  2.82268312e+00 
 6.31056000e-10  3.61364018e+00  6.31056000e-10  2.82252854e+00 
 6.31256000e-10  3.59053517e+00  6.31256000e-10  2.82903081e+00 
 6.31456000e-10  3.57418996e+00  6.31456000e-10  2.84277867e+00 
 6.31656000e-10  3.56456698e+00  6.31656000e-10  2.86383625e+00 
 6.31856000e-10  3.56107341e+00  6.31856000e-10  2.89174934e+00 
 6.32056000e-10  3.56260881e+00  6.32056000e-10  2.92558955e+00 
 6.32256000e-10  3.56765606e+00  6.32256000e-10  2.96402854e+00 
 6.32456000e-10  3.57441164e+00  6.32456000e-10  3.00543316e+00 
 6.32656000e-10  3.58094244e+00  6.32656000e-10  3.04797824e+00 
 6.32856000e-10  3.58534452e+00  6.32856000e-10  3.08978202e+00 
 6.33056000e-10  3.58587649e+00  6.33056000e-10  3.12906834e+00 
 6.33256000e-10  3.58105485e+00  6.33256000e-10  3.16434211e+00 
 6.33456000e-10  3.56971465e+00  6.33456000e-10  3.19455213e+00 
 6.33656000e-10  3.55103231e+00  6.33656000e-10  3.21923082e+00 
 6.33856000e-10  3.52447975e+00  6.33856000e-10  3.23863477e+00 
 6.34056000e-10  3.48962384e+00  6.34056000e-10  3.25397126e+00 
 6.34256000e-10  3.44548675e+00  6.34256000e-10  3.26800757e+00 
 6.34456000e-10  3.38053482e+00  6.34456000e-10  3.29557227e+00 
 6.34656000e-10  3.28549865e+00  6.34656000e-10  3.34686005e+00 
 6.34856000e-10  3.17921368e+00  6.34856000e-10  3.40437458e+00 
 6.35056000e-10  3.07553249e+00  6.35056000e-10  3.46236552e+00 
 6.35256000e-10  2.97949850e+00  6.35256000e-10  3.52096875e+00 
 6.35456000e-10  2.89203362e+00  6.35456000e-10  3.58149496e+00 
 6.35656000e-10  2.81335168e+00  6.35656000e-10  3.64389421e+00 
 6.35856000e-10  2.75290772e+00  6.35856000e-10  3.69800283e+00 
 6.36056000e-10  2.71438809e+00  6.36056000e-10  3.73862848e+00 
 6.36256000e-10  2.69679356e+00  6.36256000e-10  3.76667384e+00 
 6.36456000e-10  2.69620353e+00  6.36456000e-10  3.78578883e+00 
 6.36656000e-10  2.70835875e+00  6.36656000e-10  3.79977076e+00 
 6.36856000e-10  2.72904700e+00  6.36856000e-10  3.81106020e+00 
 6.37056000e-10  2.75544148e+00  6.37056000e-10  3.82076451e+00 
 6.37256000e-10  2.78536561e+00  6.37256000e-10  3.82901647e+00 
 6.37456000e-10  2.81662413e+00  6.37456000e-10  3.83530431e+00 
 6.37656000e-10  2.84709621e+00  6.37656000e-10  3.83874544e+00 
 6.37856000e-10  2.87496782e+00  6.37856000e-10  3.83836401e+00 
 6.38056000e-10  2.89885325e+00  6.38056000e-10  3.83330562e+00 
 6.38256000e-10  2.91784229e+00  6.38256000e-10  3.82298039e+00 
 6.38456000e-10  2.93151548e+00  6.38456000e-10  3.80714660e+00 
 6.38656000e-10  2.93993825e+00  6.38656000e-10  3.78594651e+00 
 6.38856000e-10  2.94363209e+00  6.38856000e-10  3.75990141e+00 
 6.39056000e-10  2.94352002e+00  6.39056000e-10  3.72987071e+00 
 6.39256000e-10  2.94084729e+00  6.39256000e-10  3.69698035e+00 
 6.39456000e-10  2.93708177e+00  6.39456000e-10  3.66252768e+00 
 6.39656000e-10  2.93380057e+00  6.39656000e-10  3.62787250e+00 
 6.39856000e-10  2.93257002e+00  6.39856000e-10  3.59432606e+00 
 6.40056000e-10  2.93482489e+00  6.40056000e-10  3.56305119e+00 
 6.40256000e-10  2.94175351e+00  6.40256000e-10  3.53498472e+00 
 6.40456000e-10  2.95420046e+00  6.40456000e-10  3.51078417e+00 
 6.40656000e-10  2.97260559e+00  6.40656000e-10  3.49078698e+00 
 6.40856000e-10  2.99699653e+00  6.40856000e-10  3.47496611e+00 
 6.41056000e-10  3.02703657e+00  6.41056000e-10  3.46287949e+00 
 6.41256000e-10  3.06211956e+00  6.41256000e-10  3.45362278e+00 
 6.41456000e-10  3.10152257e+00  6.41456000e-10  3.44577093e+00 
 6.41656000e-10  3.14468286e+00  6.41656000e-10  3.43721680e+00 
 6.41856000e-10  3.19184935e+00  6.41856000e-10  3.42456624e+00 
 6.42056000e-10  3.25176230e+00  6.42056000e-10  3.39331049e+00 
 6.42256000e-10  3.32851220e+00  6.42256000e-10  3.33280208e+00 
 6.42456000e-10  3.40885868e+00  6.42456000e-10  3.25880868e+00 
 6.42656000e-10  3.48716576e+00  6.42656000e-10  3.18292949e+00 
 6.42856000e-10  3.56170619e+00  6.42856000e-10  3.10896294e+00 
 6.43056000e-10  3.63143452e+00  6.43056000e-10  3.03752284e+00 
 6.43256000e-10  3.69692295e+00  6.43256000e-10  2.96700198e+00 
 6.43456000e-10  3.75657074e+00  6.43456000e-10  2.89890958e+00 
 6.43656000e-10  3.80294620e+00  6.43656000e-10  2.84281567e+00 
 6.43856000e-10  3.83053546e+00  6.43856000e-10  2.80496866e+00 
 6.44056000e-10  3.84222866e+00  6.44056000e-10  2.78201235e+00 
 6.44256000e-10  3.84225182e+00  6.44256000e-10  2.77051883e+00 
 6.44456000e-10  3.83501873e+00  6.44456000e-10  2.76648994e+00 
 6.44656000e-10  3.82364930e+00  6.44656000e-10  2.76744526e+00 
 6.44856000e-10  3.81023419e+00  6.44856000e-10  2.77236784e+00 
 6.45056000e-10  3.79613034e+00  6.45056000e-10  2.78065074e+00 
 6.45256000e-10  3.78215689e+00  6.45256000e-10  2.79170637e+00 
 6.45456000e-10  3.76875805e+00  6.45456000e-10  2.80498617e+00 
 6.45656000e-10  3.75612227e+00  6.45656000e-10  2.82001519e+00 
 6.45856000e-10  3.74425901e+00  6.45856000e-10  2.83637835e+00 
 6.46056000e-10  3.73304834e+00  6.46056000e-10  2.85369516e+00 
 6.46256000e-10  3.72227687e+00  6.46256000e-10  2.87160481e+00 
 6.46456000e-10  3.71166810e+00  6.46456000e-10  2.88976546e+00 
 6.46656000e-10  3.70091034e+00  6.46656000e-10  2.90786435e+00 
 6.46856000e-10  3.68968252e+00  6.46856000e-10  2.92563419e+00 
 6.47056000e-10  3.67767728e+00  6.47056000e-10  2.94287171e+00 
 6.47256000e-10  3.66462007e+00  6.47256000e-10  2.95945510e+00 
 6.47456000e-10  3.65028410e+00  6.47456000e-10  2.97535686e+00 
 6.47656000e-10  3.63450182e+00  6.47656000e-10  2.99064858e+00 
 6.47856000e-10  3.61717578e+00  6.47856000e-10  3.00549336e+00 
 6.48056000e-10  3.59829177e+00  6.48056000e-10  3.02012303e+00 
 6.48256000e-10  3.57793254e+00  6.48256000e-10  3.03480380e+00 
 6.48456000e-10  3.55628144e+00  6.48456000e-10  3.04980488e+00 
 6.48656000e-10  3.53360017e+00  6.48656000e-10  3.06538833e+00 
 6.48856000e-10  3.51017625e+00  6.48856000e-10  3.08182412e+00 
 6.49056000e-10  3.48625251e+00  6.49056000e-10  3.09941809e+00 
 6.49256000e-10  3.46194992e+00  6.49256000e-10  3.11854695e+00 
 6.49456000e-10  3.43716899e+00  6.49456000e-10  3.13972324e+00 
 6.49656000e-10  3.41140811e+00  6.49656000e-10  3.16376010e+00 
 6.49856000e-10  3.38329421e+00  6.49856000e-10  3.19225309e+00 
 6.50056000e-10  3.34468561e+00  6.50056000e-10  3.23393860e+00 
 6.50256000e-10  3.27675276e+00  6.50256000e-10  3.30670173e+00 
 6.50456000e-10  3.19553592e+00  6.50456000e-10  3.39016435e+00 
 6.50656000e-10  3.11534980e+00  6.50656000e-10  3.47415024e+00 
 6.50856000e-10  3.04055365e+00  6.50856000e-10  3.55645063e+00 
 6.51056000e-10  2.97090765e+00  6.51056000e-10  3.63632945e+00 
 6.51256000e-10  2.90485050e+00  6.51256000e-10  3.71277450e+00 
 6.51456000e-10  2.84832309e+00  6.51456000e-10  3.77755623e+00 
 6.51656000e-10  2.80714626e+00  6.51656000e-10  3.82224326e+00 
 6.51856000e-10  2.77849039e+00  6.51856000e-10  3.84888614e+00 
 6.52056000e-10  2.76386907e+00  6.52056000e-10  3.85777683e+00 
 6.52256000e-10  2.75807110e+00  6.52256000e-10  3.85452978e+00 
 6.52456000e-10  2.75677553e+00  6.52456000e-10  3.84470351e+00 
 6.52656000e-10  2.75891001e+00  6.52656000e-10  3.83126438e+00 
 6.52856000e-10  2.76424339e+00  6.52856000e-10  3.81613101e+00 
 6.53056000e-10  2.77246870e+00  6.53056000e-10  3.80058509e+00 
 6.53256000e-10  2.78317328e+00  6.53256000e-10  3.78542826e+00 
 6.53456000e-10  2.79597947e+00  6.53456000e-10  3.77112121e+00 
 6.53656000e-10  2.81056585e+00  6.53656000e-10  3.75788486e+00 
 6.53856000e-10  2.82663415e+00  6.53856000e-10  3.74575977e+00 
 6.54056000e-10  2.84387653e+00  6.54056000e-10  3.73464359e+00 
 6.54256000e-10  2.86196122e+00  6.54256000e-10  3.72432051e+00 
 6.54456000e-10  2.88053559e+00  6.54456000e-10  3.71448954e+00 
 6.54656000e-10  2.89924121e+00  6.54656000e-10  3.70479380e+00 
 6.54856000e-10  2.91773610e+00  6.54856000e-10  3.69485027e+00 
 6.55056000e-10  2.93571996e+00  6.55056000e-10  3.68427841e+00 
 6.55256000e-10  2.95295925e+00  6.55256000e-10  3.67272585e+00 
 6.55456000e-10  2.96930919e+00  6.55456000e-10  3.65988954e+00 
 6.55656000e-10  2.98472972e+00  6.55656000e-10  3.64553219e+00 
 6.55856000e-10  2.99929224e+00  6.55856000e-10  3.62949471e+00 
 6.56056000e-10  3.01317357e+00  6.56056000e-10  3.61170798e+00 
 6.56256000e-10  3.02663460e+00  6.56256000e-10  3.59220698e+00 
 6.56456000e-10  3.03998690e+00  6.56456000e-10  3.57114518e+00 
 6.56656000e-10  3.05355917e+00  6.56656000e-10  3.54879652e+00 
 6.56856000e-10  3.06767840e+00  6.56856000e-10  3.52552784e+00 
 6.57056000e-10  3.08266957e+00  6.57056000e-10  3.50173789e+00 
 6.57256000e-10  3.09886354e+00  6.57256000e-10  3.47777981e+00 
 6.57456000e-10  3.11660651e+00  6.57456000e-10  3.45388476e+00 
 6.57656000e-10  3.13628192e+00  6.57656000e-10  3.43008213e+00 
 6.57856000e-10  3.15837591e+00  6.57856000e-10  3.40608185e+00 
 6.58056000e-10  3.18366229e+00  6.58056000e-10  3.38102292e+00 
 6.58256000e-10  3.21376161e+00  6.58256000e-10  3.35275537e+00 
 6.58456000e-10  3.26025600e+00  6.58456000e-10  3.30589234e+00 
 6.58656000e-10  3.33215742e+00  6.58656000e-10  3.22577812e+00 
 6.58856000e-10  3.41202644e+00  6.58856000e-10  3.13506553e+00 
 6.59056000e-10  3.49335590e+00  6.59056000e-10  3.04927825e+00 
 6.59256000e-10  3.57536210e+00  6.59256000e-10  2.97209358e+00 
 6.59456000e-10  3.65722469e+00  6.59456000e-10  2.90257388e+00 
 6.59656000e-10  3.73620306e+00  6.59656000e-10  2.84106503e+00 
 6.59856000e-10  3.80234578e+00  6.59856000e-10  2.79758296e+00 
 6.60056000e-10  3.84854655e+00  6.60056000e-10  2.77742048e+00 
 6.60256000e-10  3.87744007e+00  6.60256000e-10  2.77406634e+00 
 6.60456000e-10  3.89323087e+00  6.60456000e-10  2.78047821e+00 
 6.60656000e-10  3.89975284e+00  6.60656000e-10  2.79147928e+00 
 6.60856000e-10  3.89892245e+00  6.60856000e-10  2.80372234e+00 
 6.61056000e-10  3.89198158e+00  6.61056000e-10  2.81552221e+00 
 6.61256000e-10  3.87978370e+00  6.61256000e-10  2.82580090e+00 
 6.61456000e-10  3.86297019e+00  6.61456000e-10  2.83381184e+00 
 6.61656000e-10  3.84218236e+00  6.61656000e-10  2.83925964e+00 
 6.61856000e-10  3.81818421e+00  6.61856000e-10  2.84231411e+00 
 6.62056000e-10  3.79188929e+00  6.62056000e-10  2.84352412e+00 
 6.62256000e-10  3.76432937e+00  6.62256000e-10  2.84370233e+00 
 6.62456000e-10  3.73659331e+00  6.62456000e-10  2.84381055e+00 
 6.62656000e-10  3.70975301e+00  6.62656000e-10  2.84485347e+00 
 6.62856000e-10  3.68478682e+00  6.62856000e-10  2.84778281e+00 
 6.63056000e-10  3.66250836e+00  6.63056000e-10  2.85341479e+00 
 6.63256000e-10  3.64350642e+00  6.63256000e-10  2.86236419e+00 
 6.63456000e-10  3.62810104e+00  6.63456000e-10  2.87499857e+00 
 6.63656000e-10  3.61631871e+00  6.63656000e-10  2.89141479e+00 
 6.63856000e-10  3.60788897e+00  6.63856000e-10  2.91143888e+00 
 6.64056000e-10  3.60226230e+00  6.64056000e-10  2.93464828e+00 
 6.64256000e-10  3.59864910e+00  6.64256000e-10  2.96041318e+00 
 6.64456000e-10  3.59607807e+00  6.64456000e-10  2.98795172e+00 
 6.64656000e-10  3.59347272e+00  6.64656000e-10  3.01639093e+00 
 6.64856000e-10  3.58974302e+00  6.64856000e-10  3.04482585e+00 
 6.65056000e-10  3.58388399e+00  6.65056000e-10  3.07237397e+00 
 6.65256000e-10  3.57506484e+00  6.65256000e-10  3.09823117e+00 
 6.65456000e-10  3.56268921e+00  6.65456000e-10  3.12173754e+00 
 6.65656000e-10  3.54641744e+00  6.65656000e-10  3.14245017e+00 
 6.65856000e-10  3.52615934e+00  6.65856000e-10  3.16020494e+00 
 6.66056000e-10  3.50204953e+00  6.66056000e-10  3.17515240e+00 
 6.66256000e-10  3.47440588e+00  6.66256000e-10  3.18777023e+00 
 6.66456000e-10  3.44365886e+00  6.66456000e-10  3.19886905e+00 
 6.66656000e-10  3.41022692e+00  6.66656000e-10  3.20962285e+00 
 6.66856000e-10  3.37427332e+00  6.66856000e-10  3.22169958e+00 
 6.67056000e-10  3.33512334e+00  6.67056000e-10  3.23773624e+00 
 6.67256000e-10  3.28459351e+00  6.67256000e-10  3.26844200e+00 
 6.67456000e-10  3.20048155e+00  6.67456000e-10  3.33686489e+00 
 6.67656000e-10  3.10344892e+00  6.67656000e-10  3.41871288e+00 
 6.67856000e-10  3.01136347e+00  6.67856000e-10  3.50245108e+00 
 6.68056000e-10  2.92870849e+00  6.68056000e-10  3.58735668e+00 
 6.68256000e-10  2.85470755e+00  6.68256000e-10  3.67245618e+00 
 6.68456000e-10  2.79435074e+00  6.68456000e-10  3.74931346e+00 
 6.68656000e-10  2.75565616e+00  6.68656000e-10  3.80611951e+00 
 6.68856000e-10  2.73692273e+00  6.68856000e-10  3.84225579e+00 
 6.69056000e-10  2.73278632e+00  6.69056000e-10  3.86237018e+00 
 6.69256000e-10  2.73760035e+00  6.69256000e-10  3.87147474e+00 
 6.69456000e-10  2.74814974e+00  6.69456000e-10  3.87375688e+00 
 6.69656000e-10  2.76201761e+00  6.69656000e-10  3.87117135e+00 
 6.69856000e-10  2.77770629e+00  6.69856000e-10  3.86487624e+00 
 6.70056000e-10  2.79399514e+00  6.70056000e-10  3.85555437e+00 
 6.70256000e-10  2.80986446e+00  6.70256000e-10  3.84356426e+00 
 6.70456000e-10  2.82459868e+00  6.70456000e-10  3.82912083e+00 
 6.70656000e-10  2.83780849e+00  6.70656000e-10  3.81242782e+00 
 6.70856000e-10  2.84939399e+00  6.70856000e-10  3.79374827e+00 
 6.71056000e-10  2.85949279e+00  6.71056000e-10  3.77342896e+00 
 6.71256000e-10  2.86842817e+00  6.71256000e-10  3.75189609e+00 
 6.71456000e-10  2.87665897e+00  6.71456000e-10  3.72963321e+00 
 6.71656000e-10  2.88473039e+00  6.71656000e-10  3.70714829e+00 
 6.71856000e-10  2.89322601e+00  6.71856000e-10  3.68493439e+00 
 6.72056000e-10  2.90272254e+00  6.72056000e-10  3.66342831e+00 
 6.72256000e-10  2.91374920e+00  6.72256000e-10  3.64297104e+00 
 6.72456000e-10  2.92675325e+00  6.72456000e-10  3.62377511e+00 
 6.72656000e-10  2.94207142e+00  6.72656000e-10  3.60590405e+00 
 6.72856000e-10  2.95990569e+00  6.72856000e-10  3.58927027e+00 
 6.73056000e-10  2.98030292e+00  6.73056000e-10  3.57365424e+00 
 6.73256000e-10  3.00314484e+00  6.73256000e-10  3.55873761e+00 
 6.73456000e-10  3.02816358e+00  6.73456000e-10  3.54412841e+00 
 6.73656000e-10  3.05499517e+00  6.73656000e-10  3.52935627e+00 
 6.73856000e-10  3.08326817e+00  6.73856000e-10  3.51383311e+00 
 6.74056000e-10  3.11272405e+00  6.74056000e-10  3.49677977e+00 
 6.74256000e-10  3.14340701e+00  6.74256000e-10  3.47707044e+00 
 6.74456000e-10  3.17608679e+00  6.74456000e-10  3.45278052e+00 
 6.74656000e-10  3.21621694e+00  6.74656000e-10  3.41618415e+00 
 6.74856000e-10  3.27568298e+00  6.74856000e-10  3.34971111e+00 
 6.75056000e-10  3.34260184e+00  6.75056000e-10  3.26734123e+00 
 6.75256000e-10  3.41061387e+00  6.75256000e-10  3.18337010e+00 
 6.75456000e-10  3.47834690e+00  6.75456000e-10  3.10357105e+00 
 6.75656000e-10  3.54499057e+00  6.75656000e-10  3.02959192e+00 
 6.75856000e-10  3.61025021e+00  6.75856000e-10  2.96138959e+00 
 6.76056000e-10  3.67369819e+00  6.76056000e-10  2.89839125e+00 
 6.76256000e-10  3.73156196e+00  6.76256000e-10  2.84503869e+00 
 6.76456000e-10  3.77811937e+00  6.76456000e-10  2.80721536e+00 
 6.76656000e-10  3.80996699e+00  6.76656000e-10  2.78763868e+00 
 6.76856000e-10  3.82912063e+00  6.76856000e-10  2.78232303e+00 
 6.77056000e-10  3.83892260e+00  6.77056000e-10  2.78672517e+00 
 6.77256000e-10  3.84200644e+00  6.77256000e-10  2.79652626e+00 
 6.77456000e-10  3.83997605e+00  6.77456000e-10  2.80922930e+00 
 6.77656000e-10  3.83382559e+00  6.77656000e-10  2.82331651e+00 
 6.77856000e-10  3.82415497e+00  6.77856000e-10  2.83761278e+00 
 6.78056000e-10  3.81133720e+00  6.78056000e-10  2.85119700e+00 
 6.78256000e-10  3.79566160e+00  6.78256000e-10  2.86348108e+00 
 6.78456000e-10  3.77743565e+00  6.78456000e-10  2.87422520e+00 
 6.78656000e-10  3.75703807e+00  6.78656000e-10  2.88349802e+00 
 6.78856000e-10  3.73493105e+00  6.78856000e-10  2.89161725e+00 
 6.79056000e-10  3.71164385e+00  6.79056000e-10  2.89908726e+00 
 6.79256000e-10  3.68773836e+00  6.79256000e-10  2.90653813e+00 
 6.79456000e-10  3.66376499e+00  6.79456000e-10  2.91466647e+00 
 6.79656000e-10  3.64021618e+00  6.79656000e-10  2.92417845e+00 
 6.79856000e-10  3.61748490e+00  6.79856000e-10  2.93573424e+00 
 6.80056000e-10  3.59583634e+00  6.80056000e-10  2.94989278e+00 
 6.80256000e-10  3.57539700e+00  6.80256000e-10  2.96705876e+00 
 6.80456000e-10  3.55615486e+00  6.80456000e-10  2.98744489e+00 
 6.80656000e-10  3.53794996e+00  6.80656000e-10  3.01107422e+00 
 6.80856000e-10  3.52043396e+00  6.80856000e-10  3.03784246e+00 
 6.81056000e-10  3.50298713e+00  6.81056000e-10  3.06764702e+00 
 6.81256000e-10  3.48455553e+00  6.81256000e-10  3.10061998e+00 
 6.81456000e-10  3.46320761e+00  6.81456000e-10  3.13767740e+00 
 6.81656000e-10  3.43038447e+00  6.81656000e-10  3.18683121e+00 
 6.81856000e-10  3.37703726e+00  6.81856000e-10  3.25442829e+00 
 6.82056000e-10  3.31221112e+00  6.82056000e-10  3.32834490e+00 
 6.82256000e-10  3.24450938e+00  6.82256000e-10  3.40235533e+00 
 6.82456000e-10  3.17736177e+00  6.82456000e-10  3.47414946e+00 
 6.82656000e-10  3.11176005e+00  6.82656000e-10  3.54199422e+00 
 6.82856000e-10  3.04800998e+00  6.82856000e-10  3.60462749e+00 
 6.83056000e-10  2.98553024e+00  6.83056000e-10  3.66240422e+00 
 6.83256000e-10  2.92474882e+00  6.83256000e-10  3.71472967e+00 
 6.83456000e-10  2.87140085e+00  6.83456000e-10  3.75579408e+00 
 6.83656000e-10  2.82926295e+00  6.83656000e-10  3.78142355e+00 
 6.83856000e-10  2.79787629e+00  6.83856000e-10  3.79328105e+00 
 6.84056000e-10  2.77739414e+00  6.84056000e-10  3.79338946e+00 
 6.84256000e-10  2.76611362e+00  6.84256000e-10  3.78551217e+00 
 6.84456000e-10  2.76208822e+00  6.84456000e-10  3.77358128e+00 
 6.84656000e-10  2.76430351e+00  6.84656000e-10  3.76035044e+00 
 6.84856000e-10  2.77218584e+00  6.84856000e-10  3.74757247e+00 
 6.85056000e-10  2.78517001e+00  6.85056000e-10  3.73628125e+00 
 6.85256000e-10  2.80258416e+00  6.85256000e-10  3.72694302e+00 
 6.85456000e-10  2.82365313e+00  6.85456000e-10  3.71956290e+00 
 6.85656000e-10  2.84752256e+00  6.85656000e-10  3.71378253e+00 
 6.85856000e-10  2.87328686e+00  6.85856000e-10  3.70897440e+00 
 6.86056000e-10  2.90002713e+00  6.86056000e-10  3.70433127e+00 
 6.86256000e-10  2.92686060e+00  6.86256000e-10  3.69895018e+00 
 6.86456000e-10  2.95299712e+00  6.86456000e-10  3.69191107e+00 
 6.86656000e-10  2.97779410e+00  6.86656000e-10  3.68235035e+00 
 6.86856000e-10  3.00079999e+00  6.86856000e-10  3.66953062e+00 
 6.87056000e-10  3.02177871e+00  6.87056000e-10  3.65290611e+00 
 6.87256000e-10  3.04071770e+00  6.87256000e-10  3.63217393e+00 
 6.87456000e-10  3.05783754e+00  6.87456000e-10  3.60728466e+00 
 6.87656000e-10  3.07362664e+00  6.87656000e-10  3.57837862e+00 
 6.87856000e-10  3.08892058e+00  6.87856000e-10  3.54562186e+00 
 6.88056000e-10  3.10508279e+00  6.88056000e-10  3.50887534e+00 
 6.88256000e-10  3.12458509e+00  6.88256000e-10  3.46681909e+00 
 6.88456000e-10  3.15801844e+00  6.88456000e-10  3.40757025e+00 
 6.88656000e-10  3.20483282e+00  6.88656000e-10  3.33128755e+00 
 6.88856000e-10  3.25842841e+00  6.88856000e-10  3.25033756e+00 
 6.89056000e-10  3.31679515e+00  6.89056000e-10  3.17309712e+00 
 6.89256000e-10  3.37921226e+00  6.89256000e-10  3.10292352e+00 
 6.89456000e-10  3.44457276e+00  6.89456000e-10  3.04104166e+00 
 6.89656000e-10  3.51162959e+00  6.89656000e-10  2.98777883e+00 
 6.89856000e-10  3.57981597e+00  6.89856000e-10  2.94220521e+00 
 6.90056000e-10  3.64791732e+00  6.90056000e-10  2.90326470e+00 
 6.90256000e-10  3.71377354e+00  6.90256000e-10  2.87125632e+00 
 6.90456000e-10  3.77136921e+00  6.90456000e-10  2.85023995e+00 
 6.90656000e-10  3.81471385e+00  6.90656000e-10  2.84361893e+00 
 6.90856000e-10  3.84377650e+00  6.90856000e-10  2.84755316e+00 
 6.91056000e-10  3.86047382e+00  6.91056000e-10  2.85767310e+00 
 6.91256000e-10  3.86693279e+00  6.91256000e-10  2.86950783e+00 
 6.91456000e-10  3.86457872e+00  6.91456000e-10  2.88041192e+00 
 6.91656000e-10  3.85444366e+00  6.91656000e-10  2.88893937e+00 
 6.91856000e-10  3.83744617e+00  6.91856000e-10  2.89433955e+00 
 6.92056000e-10  3.81456570e+00  6.92056000e-10  2.89642476e+00 
 6.92256000e-10  3.78692462e+00  6.92256000e-10  2.89554017e+00 
 6.92456000e-10  3.75580424e+00  6.92456000e-10  2.89249054e+00 
 6.92656000e-10  3.72260889e+00  6.92656000e-10  2.88842307e+00 
 6.92856000e-10  3.68879209e+00  6.92856000e-10  2.88469157e+00 
 6.93056000e-10  3.65576075e+00  6.93056000e-10  2.88271969e+00 
 6.93256000e-10  3.62477274e+00  6.93256000e-10  2.88387334e+00 
 6.93456000e-10  3.59684182e+00  6.93456000e-10  2.88934773e+00 
 6.93656000e-10  3.57266278e+00  6.93656000e-10  2.90007142e+00 
 6.93856000e-10  3.55256747e+00  6.93856000e-10  2.91662860e+00 
 6.94056000e-10  3.53651494e+00  6.94056000e-10  2.93920506e+00 
 6.94256000e-10  3.52410396e+00  6.94256000e-10  2.96757541e+00 
 6.94456000e-10  3.51458334e+00  6.94456000e-10  3.00115605e+00 
 6.94656000e-10  3.50683831e+00  6.94656000e-10  3.03913723e+00 
 6.94856000e-10  3.49933370e+00  6.94856000e-10  3.08070257e+00 
 6.95056000e-10  3.48992948e+00  6.95056000e-10  3.12541660e+00 
 6.95256000e-10  3.47514447e+00  6.95256000e-10  3.17421317e+00 
 6.95456000e-10  3.44118191e+00  6.95456000e-10  3.23899934e+00 
 6.95656000e-10  3.38734095e+00  6.95656000e-10  3.31495194e+00 
 6.95856000e-10  3.32360827e+00  6.95856000e-10  3.39124456e+00 
 6.96056000e-10  3.25615071e+00  6.96056000e-10  3.46368623e+00 
 6.96256000e-10  3.18707345e+00  6.96256000e-10  3.53047234e+00 
 6.96456000e-10  3.11723095e+00  6.96456000e-10  3.59026397e+00 
 6.96656000e-10  3.04712979e+00  6.96656000e-10  3.64284078e+00 
 6.96856000e-10  2.97715590e+00  6.96856000e-10  3.68858760e+00 
 6.97056000e-10  2.90868076e+00  6.97056000e-10  3.72793801e+00 
 6.97256000e-10  2.84884219e+00  6.97256000e-10  3.75506599e+00 
 6.97456000e-10  2.80144576e+00  6.97456000e-10  3.76737740e+00 
 6.97656000e-10  2.76664238e+00  6.97656000e-10  3.76750648e+00 
 6.97856000e-10  2.74409259e+00  6.97856000e-10  3.75919095e+00 
 6.98056000e-10  2.73235870e+00  6.98056000e-10  3.74679829e+00 
 6.98256000e-10  2.73007458e+00  6.98256000e-10  3.73398471e+00 
 6.98456000e-10  2.73641902e+00  6.98456000e-10  3.72309216e+00 
 6.98656000e-10  2.75062749e+00  6.98656000e-10  3.71540957e+00 
 6.98856000e-10  2.77172825e+00  6.98856000e-10  3.71139469e+00 
 6.99056000e-10  2.79849623e+00  6.99056000e-10  3.71083022e+00 
 6.99256000e-10  2.82949935e+00  6.99256000e-10  3.71296376e+00 
 6.99456000e-10  2.86317125e+00  6.99456000e-10  3.71665138e+00 
 6.99656000e-10  2.89789741e+00  6.99656000e-10  3.72050259e+00 
 6.99856000e-10  2.93211267e+00  6.99856000e-10  3.72302129e+00 
 7.00056000e-10  2.96440515e+00  7.00056000e-10  3.72273802e+00 
 7.00256000e-10  2.99361618e+00  7.00256000e-10  3.71832943e+00 
 7.00456000e-10  3.01892358e+00  7.00456000e-10  3.70872240e+00 
 7.00656000e-10  3.03989543e+00  7.00656000e-10  3.69318122e+00 
 7.00856000e-10  3.05650866e+00  7.00856000e-10  3.67137387e+00 
 7.01056000e-10  3.06914196e+00  7.01056000e-10  3.64340027e+00 
 7.01256000e-10  3.07856739e+00  7.01256000e-10  3.60975126e+00 
 7.01456000e-10  3.08596481e+00  7.01456000e-10  3.57116931e+00 
 7.01656000e-10  3.09298613e+00  7.01656000e-10  3.52838441e+00 
 7.01856000e-10  3.10198507e+00  7.01856000e-10  3.48159442e+00 
 7.02056000e-10  3.11896850e+00  7.02056000e-10  3.42646386e+00 
 7.02256000e-10  3.15387887e+00  7.02256000e-10  3.35227873e+00 
 7.02456000e-10  3.20011866e+00  7.02456000e-10  3.26863439e+00 
 7.02656000e-10  3.25397617e+00  7.02656000e-10  3.18705164e+00 
 7.02856000e-10  3.31457497e+00  7.02856000e-10  3.11329017e+00 
 7.03056000e-10  3.38098869e+00  7.03056000e-10  3.04943887e+00 
 7.03256000e-10  3.45171371e+00  7.03256000e-10  2.99608650e+00 
 7.03456000e-10  3.52525987e+00  7.03456000e-10  2.95278156e+00 
 7.03656000e-10  3.60087652e+00  7.03656000e-10  2.91739918e+00 
 7.03856000e-10  3.67686789e+00  7.03856000e-10  2.88835749e+00 
 7.04056000e-10  3.74615092e+00  7.04056000e-10  2.87030310e+00 
 7.04256000e-10  3.80243858e+00  7.04256000e-10  2.86535513e+00 
 7.04456000e-10  3.84461617e+00  7.04456000e-10  2.86999399e+00 
 7.04656000e-10  3.87281786e+00  7.04656000e-10  2.88070489e+00 
 7.04856000e-10  3.88788381e+00  7.04856000e-10  2.89347487e+00 
 7.05056000e-10  3.89111743e+00  7.05056000e-10  2.90473944e+00 
 7.05256000e-10  3.88369681e+00  7.05256000e-10  2.91242324e+00 
 7.05456000e-10  3.86676607e+00  7.05456000e-10  2.91555564e+00 
 7.05656000e-10  3.84160782e+00  7.05656000e-10  2.91394660e+00 
 7.05856000e-10  3.80972661e+00  7.05856000e-10  2.90808738e+00 
 7.06056000e-10  3.77285783e+00  7.06056000e-10  2.89906521e+00 
 7.06256000e-10  3.73291676e+00  7.06256000e-10  2.88842705e+00 
 7.06456000e-10  3.69190083e+00  7.06456000e-10  2.87800739e+00 
 7.06656000e-10  3.65176187e+00  7.06656000e-10  2.86974581e+00 
 7.06856000e-10  3.61426757e+00  7.06856000e-10  2.86551214e+00 
 7.07056000e-10  3.58087150e+00  7.07056000e-10  2.86694945e+00 
 7.07256000e-10  3.55260867e+00  7.07256000e-10  2.87534018e+00 
 7.07456000e-10  3.53002895e+00  7.07456000e-10  2.89150039e+00 
 7.07656000e-10  3.51316726e+00  7.07656000e-10  2.91571602e+00 
 7.07856000e-10  3.50153064e+00  7.07856000e-10  2.94774896e+00 
 7.08056000e-10  3.49406978e+00  7.08056000e-10  2.98694387e+00 
 7.08256000e-10  3.48909497e+00  7.08256000e-10  3.03246734e+00 
 7.08456000e-10  3.48400996e+00  7.08456000e-10  3.08380125e+00 
 7.08656000e-10  3.47198183e+00  7.08656000e-10  3.14466080e+00 
 7.08856000e-10  3.44219827e+00  7.08856000e-10  3.22166469e+00 
 7.09056000e-10  3.39902058e+00  7.09056000e-10  3.30398694e+00 
 7.09256000e-10  3.34873196e+00  7.09256000e-10  3.38478615e+00 
 7.09456000e-10  3.29410794e+00  7.09456000e-10  3.46089457e+00 
 7.09656000e-10  3.23583853e+00  7.09656000e-10  3.53003924e+00 
 7.09856000e-10  3.17429213e+00  7.09856000e-10  3.59037821e+00 
 7.10056000e-10  3.11001108e+00  7.10056000e-10  3.64106366e+00 
 7.10256000e-10  3.04323451e+00  7.10256000e-10  3.68301482e+00 
 7.10456000e-10  2.97487655e+00  7.10456000e-10  3.71703732e+00 
 7.10656000e-10  2.90748859e+00  7.10656000e-10  3.74330011e+00 
 7.10856000e-10  2.84965845e+00  7.10856000e-10  3.75500215e+00 
 7.11056000e-10  2.80275213e+00  7.11056000e-10  3.75330188e+00 
 7.11256000e-10  2.76743932e+00  7.11256000e-10  3.74191890e+00 
 7.11456000e-10  2.74358367e+00  7.11456000e-10  3.72533146e+00 
 7.11656000e-10  2.73064087e+00  7.11656000e-10  3.70771433e+00 
 7.11856000e-10  2.72814914e+00  7.11856000e-10  3.69216152e+00 
 7.12056000e-10  2.73562973e+00  7.12056000e-10  3.68064838e+00 
 7.12256000e-10  2.75237505e+00  7.12256000e-10  3.67417283e+00 
 7.12456000e-10  2.77733829e+00  7.12456000e-10  3.67288064e+00 
 7.12656000e-10  2.80912151e+00  7.12656000e-10  3.67618656e+00 
 7.12856000e-10  2.84602971e+00  7.12856000e-10  3.68291024e+00 
 7.13056000e-10  2.88616541e+00  7.13056000e-10  3.69143004e+00 
 7.13256000e-10  2.92754984e+00  7.13256000e-10  3.69984899e+00 
 7.13456000e-10  2.96825917e+00  7.13456000e-10  3.70616547e+00 
 7.13656000e-10  3.00656152e+00  7.13656000e-10  3.70844262e+00 
 7.13856000e-10  3.04103922e+00  7.13856000e-10  3.70496991e+00 
 7.14056000e-10  3.07068731e+00  7.14056000e-10  3.69440376e+00 
 7.14256000e-10  3.09499764e+00  7.14256000e-10  3.67585626e+00 
 7.14456000e-10  3.11405620e+00  7.14456000e-10  3.64888234e+00 
 7.14656000e-10  3.12869737e+00  7.14656000e-10  3.61329879e+00 
 7.14856000e-10  3.14086088e+00  7.14856000e-10  3.56864456e+00 
 7.15056000e-10  3.15777717e+00  7.15056000e-10  3.50865391e+00 
 7.15256000e-10  3.18429440e+00  7.15256000e-10  3.42934166e+00 
 7.15456000e-10  3.21592609e+00  7.15456000e-10  3.34021892e+00 
 7.15656000e-10  3.25174748e+00  7.15656000e-10  3.25061580e+00 
 7.15856000e-10  3.29238279e+00  7.15856000e-10  3.16598186e+00 
 7.16056000e-10  3.33819621e+00  7.16056000e-10  3.08936997e+00 
 7.16256000e-10  3.38902059e+00  7.16256000e-10  3.02275188e+00 
 7.16456000e-10  3.44442230e+00  7.16456000e-10  2.96730980e+00 
 7.16656000e-10  3.50410265e+00  7.16656000e-10  2.92304479e+00 
 7.16856000e-10  3.56834972e+00  7.16856000e-10  2.88799426e+00 
 7.17056000e-10  3.63575019e+00  7.17056000e-10  2.86145718e+00 
 7.17256000e-10  3.69980067e+00  7.17256000e-10  2.84756807e+00 
 7.17456000e-10  3.75476000e+00  7.17456000e-10  2.84790433e+00 
 7.17656000e-10  3.79922735e+00  7.17656000e-10  2.85891823e+00 
 7.17856000e-10  3.83269944e+00  7.17856000e-10  2.87703772e+00 
 7.18056000e-10  3.85529536e+00  7.18056000e-10  2.89808226e+00 
 7.18256000e-10  3.86735878e+00  7.18256000e-10  2.91831224e+00 
 7.18456000e-10  3.86916020e+00  7.18456000e-10  2.93511101e+00 
 7.18656000e-10  3.86103010e+00  7.18656000e-10  2.94684350e+00 
 7.18856000e-10  3.84353300e+00  7.18856000e-10  2.95270664e+00 
 7.19056000e-10  3.81757255e+00  7.19056000e-10  2.95268089e+00 
 7.19256000e-10  3.78442607e+00  7.19256000e-10  2.94747600e+00 
 7.19456000e-10  3.74571526e+00  7.19456000e-10  2.93842589e+00 
 7.19656000e-10  3.70332199e+00  7.19656000e-10  2.92733814e+00 
 7.19856000e-10  3.65926380e+00  7.19856000e-10  2.91631619e+00 
 7.20056000e-10  3.61554863e+00  7.20056000e-10  2.90756911e+00 
 7.20256000e-10  3.57402894e+00  7.20256000e-10  2.90322091e+00 
 7.20456000e-10  3.53626891e+00  7.20456000e-10  2.90513429e+00 
 7.20656000e-10  3.50342164e+00  7.20656000e-10  2.91477752e+00 
 7.20856000e-10  3.47609364e+00  7.20856000e-10  2.93317707e+00 
 7.21056000e-10  3.45415701e+00  7.21056000e-10  2.96100744e+00 
 7.21256000e-10  3.43639714e+00  7.21256000e-10  2.99894037e+00 
 7.21456000e-10  3.41747071e+00  7.21456000e-10  3.05105527e+00 
 7.21656000e-10  3.38821296e+00  7.21656000e-10  3.12349908e+00 
 7.21856000e-10  3.35213340e+00  7.21856000e-10  3.20672000e+00 
 7.22056000e-10  3.31399535e+00  7.22056000e-10  3.29416969e+00 
 7.22256000e-10  3.27556252e+00  7.22256000e-10  3.38204128e+00 
 7.22456000e-10  3.23646033e+00  7.22456000e-10  3.46698769e+00 
 7.22656000e-10  3.19576055e+00  7.22656000e-10  3.54580522e+00 
 7.22856000e-10  3.15265979e+00  7.22856000e-10  3.61588358e+00 
 7.23056000e-10  3.10640348e+00  7.23056000e-10  3.67584539e+00 
 7.23256000e-10  3.05562742e+00  7.23256000e-10  3.72623831e+00 
 7.23456000e-10  3.00016702e+00  7.23456000e-10  3.76766097e+00 
 7.23656000e-10  2.94600491e+00  7.23656000e-10  3.79444813e+00 
 7.23856000e-10  2.89706789e+00  7.23856000e-10  3.80345470e+00 
 7.24056000e-10  2.85446950e+00  7.24056000e-10  3.79650790e+00 
 7.24256000e-10  2.81859081e+00  7.24256000e-10  3.77779421e+00 
 7.24456000e-10  2.78984074e+00  7.24456000e-10  3.75189414e+00 
 7.24656000e-10  2.76858675e+00  7.24656000e-10  3.72314004e+00 
 7.24856000e-10  2.75539974e+00  7.24856000e-10  3.69508124e+00 
 7.25056000e-10  2.75085927e+00  7.25056000e-10  3.67038586e+00 
 7.25256000e-10  2.75532514e+00  7.25256000e-10  3.65087199e+00 
 7.25456000e-10  2.76879230e+00  7.25456000e-10  3.63753941e+00 
 7.25656000e-10  2.79081992e+00  7.25656000e-10  3.63060805e+00 
 7.25856000e-10  2.82052005e+00  7.25856000e-10  3.62957965e+00 
 7.26056000e-10  2.85659612e+00  7.26056000e-10  3.63332910e+00 
 7.26256000e-10  2.89742338e+00  7.26256000e-10  3.64022551e+00 
 7.26456000e-10  2.94116144e+00  7.26456000e-10  3.64828027e+00 
 7.26656000e-10  2.98588600e+00  7.26656000e-10  3.65531765e+00 
 7.26856000e-10  3.02973040e+00  7.26856000e-10  3.65915452e+00 
 7.27056000e-10  3.07104014e+00  7.27056000e-10  3.65775769e+00 
 7.27256000e-10  3.10856093e+00  7.27256000e-10  3.64932446e+00 
 7.27456000e-10  3.14170076e+00  7.27456000e-10  3.63220738e+00 
 7.27656000e-10  3.17102046e+00  7.27656000e-10  3.60446130e+00 
 7.27856000e-10  3.20272588e+00  7.27856000e-10  3.55816979e+00 
 7.28056000e-10  3.23946595e+00  7.28056000e-10  3.48965747e+00 
 7.28256000e-10  3.27642553e+00  7.28256000e-10  3.40735667e+00 
 7.28456000e-10  3.31261546e+00  7.28456000e-10  3.31963626e+00 
 7.28656000e-10  3.34871934e+00  7.28656000e-10  3.23171316e+00 
 7.28856000e-10  3.38547148e+00  7.28856000e-10  3.14698247e+00 
 7.29056000e-10  3.42342420e+00  7.29056000e-10  3.06816359e+00 
 7.29256000e-10  3.46312654e+00  7.29256000e-10  2.99750076e+00 
 7.29456000e-10  3.50543160e+00  7.29456000e-10  2.93632064e+00 
 7.29656000e-10  3.55184218e+00  7.29656000e-10  2.88416662e+00 
 7.29856000e-10  3.60277295e+00  7.29856000e-10  2.84099069e+00 
 7.30056000e-10  3.65274545e+00  7.30056000e-10  2.81255331e+00 
 7.30256000e-10  3.69741123e+00  7.30256000e-10  2.80104354e+00 
 7.30456000e-10  3.73598322e+00  7.30456000e-10  2.80405749e+00 
 7.30656000e-10  3.76816972e+00  7.30656000e-10  2.81888368e+00 
 7.30856000e-10  3.79387545e+00  7.30856000e-10  2.84169653e+00 
 7.31056000e-10  3.81323711e+00  7.31056000e-10  2.86846485e+00 
 7.31256000e-10  3.82604832e+00  7.31256000e-10  2.89587972e+00 
 7.31456000e-10  3.83184897e+00  7.31456000e-10  2.92137673e+00 
 7.31656000e-10  3.83016990e+00  7.31656000e-10  2.94302345e+00 
 7.31856000e-10  3.82072448e+00  7.31856000e-10  2.95953035e+00 
 7.32056000e-10  3.80353964e+00  7.32056000e-10  2.97029153e+00 
 7.32256000e-10  3.77902849e+00  7.32256000e-10  2.97538813e+00 
 7.32456000e-10  3.74800498e+00  7.32456000e-10  2.97553953e+00 
 7.32656000e-10  3.71164537e+00  7.32656000e-10  2.97200925e+00 
 7.32856000e-10  3.67140828e+00  7.32856000e-10  2.96647488e+00 
 7.33056000e-10  3.62892840e+00  7.33056000e-10  2.96087154e+00 
 7.33256000e-10  3.58589432e+00  7.33256000e-10  2.95722441e+00 
 7.33456000e-10  3.54390596e+00  7.33456000e-10  2.95750160e+00 
 7.33656000e-10  3.50428933e+00  7.33656000e-10  2.96353359e+00 
 7.33856000e-10  3.46782738e+00  7.33856000e-10  2.97705968e+00 
 7.34056000e-10  3.43426323e+00  7.34056000e-10  3.00006814e+00 
 7.34256000e-10  3.39800585e+00  7.34256000e-10  3.03936793e+00 
 7.34456000e-10  3.35336867e+00  7.34456000e-10  3.09926326e+00 
 7.34656000e-10  3.30558803e+00  7.34656000e-10  3.17130350e+00 
 7.34856000e-10  3.25978667e+00  7.34856000e-10  3.25051836e+00 
 7.35056000e-10  3.21775580e+00  7.35056000e-10  3.33385265e+00 
 7.35256000e-10  3.17918375e+00  7.35256000e-10  3.41823709e+00 
 7.35456000e-10  3.14306131e+00  7.35456000e-10  3.50044625e+00 
 7.35656000e-10  3.10822842e+00  7.35656000e-10  3.57758019e+00 
 7.35856000e-10  3.07326872e+00  7.35856000e-10  3.64770694e+00 
 7.36056000e-10  3.03591971e+00  7.36056000e-10  3.71056974e+00 
 7.36256000e-10  2.99531619e+00  7.36256000e-10  3.76542629e+00 
 7.36456000e-10  2.95610659e+00  7.36456000e-10  3.80574341e+00 
 7.36656000e-10  2.92118539e+00  7.36656000e-10  3.82725469e+00 
 7.36856000e-10  2.89009205e+00  7.36856000e-10  3.83140381e+00 
 7.37056000e-10  2.86291831e+00  7.37056000e-10  3.82100013e+00 
 7.37256000e-10  2.83942161e+00  7.37256000e-10  3.79989737e+00 
 7.37456000e-10  2.81954987e+00  7.37456000e-10  3.77217704e+00 
 7.37656000e-10  2.80382377e+00  7.37656000e-10  3.74138825e+00 
 7.37856000e-10  2.79308616e+00  7.37856000e-10  3.71044920e+00 
 7.38056000e-10  2.78822401e+00  7.38056000e-10  3.68168348e+00 
 7.38256000e-10  2.78998287e+00  7.38256000e-10  3.65682168e+00 
 7.38456000e-10  2.79884123e+00  7.38456000e-10  3.63698593e+00 
 7.38656000e-10  2.81492896e+00  7.38656000e-10  3.62268261e+00 
 7.38856000e-10  2.83798667e+00  7.38856000e-10  3.61381679e+00 
 7.39056000e-10  2.86736600e+00  7.39056000e-10  3.60973433e+00 
 7.39256000e-10  2.90206737e+00  7.39256000e-10  3.60929547e+00 
 7.39456000e-10  2.94080787e+00  7.39456000e-10  3.61098108e+00 
 7.39656000e-10  2.98211337e+00  7.39656000e-10  3.61302494e+00 
 7.39856000e-10  3.02443842e+00  7.39856000e-10  3.61354873e+00 
 7.40056000e-10  3.06633117e+00  7.40056000e-10  3.61065487e+00 
 7.40256000e-10  3.10667055e+00  7.40256000e-10  3.60241600e+00 
 7.40456000e-10  3.14505648e+00  7.40456000e-10  3.58663287e+00 
 7.40656000e-10  3.18426832e+00  7.40656000e-10  3.55793609e+00 
 7.40856000e-10  3.23109258e+00  7.40856000e-10  3.50600285e+00 
 7.41056000e-10  3.27966801e+00  7.41056000e-10  3.43663749e+00 
 7.41256000e-10  3.32680718e+00  7.41256000e-10  3.35848877e+00 
 7.41456000e-10  3.37210369e+00  7.41456000e-10  3.27727569e+00 
 7.41656000e-10  3.41569369e+00  7.41656000e-10  3.19629079e+00 
 7.41856000e-10  3.45770437e+00  7.41856000e-10  3.11798244e+00 
 7.42056000e-10  3.49840750e+00  7.42056000e-10  3.04450745e+00 
 7.42256000e-10  3.53858079e+00  7.42256000e-10  2.97742828e+00 
 7.42456000e-10  3.57992173e+00  7.42456000e-10  2.91678429e+00 
 7.42656000e-10  3.62380102e+00  7.42656000e-10  2.86253979e+00 
 7.42856000e-10  3.66510270e+00  7.42856000e-10  2.82170154e+00 
 7.43056000e-10  3.70017550e+00  7.43056000e-10  2.79735769e+00 
 7.43256000e-10  3.72866360e+00  7.43256000e-10  2.78851526e+00 
 7.43456000e-10  3.75123022e+00  7.43456000e-10  2.79299143e+00 
 7.43656000e-10  3.76888337e+00  7.43656000e-10  2.80748093e+00 
 7.43856000e-10  3.78246132e+00  7.43856000e-10  2.82843769e+00 
 7.44056000e-10  3.79217821e+00  7.44056000e-10  2.85293763e+00 
 7.44256000e-10  3.79778737e+00  7.44256000e-10  2.87858415e+00 
 7.44456000e-10  3.79881592e+00  7.44456000e-10  2.90339206e+00 
 7.44656000e-10  3.79475115e+00  7.44656000e-10  2.92579411e+00 
 7.44856000e-10  3.78518531e+00  7.44856000e-10  2.94469726e+00 
 7.45056000e-10  3.76992224e+00  7.45056000e-10  2.95952459e+00 
 7.45256000e-10  3.74904231e+00  7.45256000e-10  2.97022124e+00 
 7.45456000e-10  3.72292450e+00  7.45456000e-10  2.97722424e+00 
 7.45656000e-10  3.69223089e+00  7.45656000e-10  2.98139907e+00 
 7.45856000e-10  3.65786277e+00  7.45856000e-10  2.98394688e+00 
 7.46056000e-10  3.62089418e+00  7.46056000e-10  2.98629265e+00 
 7.46256000e-10  3.58247536e+00  7.46256000e-10  2.98998123e+00 
 7.46456000e-10  3.54368002e+00  7.46456000e-10  2.99662524e+00 
 7.46656000e-10  3.50525048e+00  7.46656000e-10  3.00796729e+00 
 7.46856000e-10  3.46708454e+00  7.46856000e-10  3.02623345e+00 
 7.47056000e-10  3.42374843e+00  7.47056000e-10  3.05886979e+00 
 7.47256000e-10  3.37096847e+00  7.47256000e-10  3.10972968e+00 
 7.47456000e-10  3.31452284e+00  7.47456000e-10  3.17143404e+00 
 7.47656000e-10  3.25990602e+00  7.47656000e-10  3.24007440e+00 
 7.47856000e-10  3.20947243e+00  7.47856000e-10  3.31341604e+00 
 7.48056000e-10  3.16356405e+00  7.48056000e-10  3.38910938e+00 
 7.48256000e-10  3.12176872e+00  7.48256000e-10  3.46455399e+00 
 7.48456000e-10  3.08340171e+00  7.48456000e-10  3.53729399e+00 
 7.48656000e-10  3.04740114e+00  7.48656000e-10  3.60560162e+00 
 7.48856000e-10  3.01176777e+00  7.48856000e-10  3.66910773e+00 
 7.49056000e-10  2.97490133e+00  7.49056000e-10  3.72760742e+00 
 7.49256000e-10  2.94129625e+00  7.49256000e-10  3.77419129e+00 
 7.49456000e-10  2.91291353e+00  7.49456000e-10  3.80460623e+00 
 7.49656000e-10  2.88934360e+00  7.49656000e-10  3.81900348e+00 
 7.49856000e-10  2.87050821e+00  7.49856000e-10  3.81875800e+00 
 7.50056000e-10  2.85503845e+00  7.50056000e-10  3.80736467e+00 
 7.50256000e-10  2.84233366e+00  7.50256000e-10  3.78819390e+00 
 7.50456000e-10  2.83237187e+00  7.50456000e-10  3.76415580e+00 
 7.50656000e-10  2.82552234e+00  7.50656000e-10  3.73772207e+00 
 7.50856000e-10  2.82235399e+00  7.50856000e-10  3.71095189e+00 
 7.51056000e-10  2.82347949e+00  7.51056000e-10  3.68549082e+00 
 7.51256000e-10  2.82943902e+00  7.51256000e-10  3.66255440e+00 
 7.51456000e-10  2.84061223e+00  7.51456000e-10  3.64291230e+00 
 7.51656000e-10  2.85715646e+00  7.51656000e-10  3.62688269e+00 
 7.51856000e-10  2.87897228e+00  7.51856000e-10  3.61434397e+00 
 7.52056000e-10  2.90569597e+00  7.52056000e-10  3.60476966e+00 
 7.52256000e-10  2.93671709e+00  7.52256000e-10  3.59728853e+00 
 7.52456000e-10  2.97122572e+00  7.52456000e-10  3.59075907e+00 
 7.52656000e-10  3.00830757e+00  7.52656000e-10  3.58382485e+00 
 7.52856000e-10  3.04712131e+00  7.52856000e-10  3.57489133e+00 
 7.53056000e-10  3.08723931e+00  7.53056000e-10  3.56190082e+00 
 7.53256000e-10  3.12959870e+00  7.53256000e-10  3.54130109e+00 
 7.53456000e-10  3.17946458e+00  7.53456000e-10  3.50412475e+00 
 7.53656000e-10  3.23398913e+00  7.53656000e-10  3.45107398e+00 
 7.53856000e-10  3.28917743e+00  7.53856000e-10  3.38816024e+00 
 7.54056000e-10  3.34330718e+00  7.54056000e-10  3.32078075e+00 
 7.54256000e-10  3.39560763e+00  7.54256000e-10  3.25200151e+00 
 7.54456000e-10  3.44548004e+00  7.54456000e-10  3.18370580e+00 
 7.54656000e-10  3.49246841e+00  7.54656000e-10  3.11746872e+00 
 7.54856000e-10  3.53650456e+00  7.54856000e-10  3.05467769e+00 
 7.55056000e-10  3.57832991e+00  7.55056000e-10  2.99604773e+00 
 7.55256000e-10  3.61861162e+00  7.55256000e-10  2.94194181e+00 
 7.55456000e-10  3.65784038e+00  7.55456000e-10  2.89300627e+00 
 7.55656000e-10  3.69228536e+00  7.55656000e-10  2.85442762e+00 
 7.55856000e-10  3.71952240e+00  7.55856000e-10  2.82857219e+00 
 7.56056000e-10  3.73928512e+00  7.56056000e-10  2.81533256e+00 
 7.56256000e-10  3.75260578e+00  7.56256000e-10  2.81309030e+00 
 7.56456000e-10  3.76092825e+00  7.56456000e-10  2.81943529e+00 
 7.56656000e-10  3.76542452e+00  7.56656000e-10  2.83192899e+00 
 7.56856000e-10  3.76677167e+00  7.56856000e-10  2.84848114e+00 
 7.57056000e-10  3.76522988e+00  7.57056000e-10  2.86736434e+00 
 7.57256000e-10  3.76078313e+00  7.57256000e-10  2.88715586e+00 
 7.57456000e-10  3.75326582e+00  7.57456000e-10  2.90672383e+00 
 7.57656000e-10  3.74246684e+00  7.57656000e-10  2.92524517e+00 
 7.57856000e-10  3.72821086e+00  7.57856000e-10  2.94222346e+00 
 7.58056000e-10  3.71041508e+00  7.58056000e-10  2.95749124e+00 
 7.58256000e-10  3.68912274e+00  7.58256000e-10  2.97119235e+00 
 7.58456000e-10  3.66451642e+00  7.58456000e-10  2.98374413e+00 
 7.58656000e-10  3.63691117e+00  7.58656000e-10  2.99578694e+00 
 7.58856000e-10  3.60671321e+00  7.58856000e-10  3.00814553e+00 
 7.59056000e-10  3.57430859e+00  7.59056000e-10  3.02184809e+00 
 7.59256000e-10  3.53980864e+00  7.59256000e-10  3.03828585e+00 
 7.59456000e-10  3.50235100e+00  7.59456000e-10  3.05983625e+00 
 7.59656000e-10  3.45497189e+00  7.59656000e-10  3.09520534e+00 
 7.59856000e-10  3.39810602e+00  7.59856000e-10  3.14286462e+00 
 7.60056000e-10  3.33748905e+00  7.60056000e-10  3.19751523e+00 
 7.60256000e-10  3.27775095e+00  7.60256000e-10  3.25689403e+00 
 7.60456000e-10  3.22105138e+00  7.60456000e-10  3.31957096e+00 
 7.60656000e-10  3.16817105e+00  7.60656000e-10  3.38391251e+00 
 7.60856000e-10  3.11936894e+00  7.60856000e-10  3.44812327e+00 
 7.61056000e-10  3.07465682e+00  7.61056000e-10  3.51053350e+00 
 7.61256000e-10  3.03364146e+00  7.61256000e-10  3.57006448e+00 
 7.61456000e-10  2.99502556e+00  7.61456000e-10  3.62670586e+00 
 7.61656000e-10  2.95729407e+00  7.61656000e-10  3.68083208e+00 
 7.61856000e-10  2.92384189e+00  7.61856000e-10  3.72724291e+00 
 7.62056000e-10  2.89636335e+00  7.62056000e-10  3.76213249e+00 
 7.62256000e-10  2.87518413e+00  7.62256000e-10  3.78425606e+00 
 7.62456000e-10  2.86000724e+00  7.62456000e-10  3.79412739e+00 
 7.62656000e-10  2.85007823e+00  7.62656000e-10  3.79334389e+00 
 7.62856000e-10  2.84419846e+00  7.62856000e-10  3.78446855e+00 
 7.63056000e-10  2.84140396e+00  7.63056000e-10  3.77011184e+00 
 7.63256000e-10  2.84126919e+00  7.63256000e-10  3.75238680e+00 
 7.63456000e-10  2.84370008e+00  7.63456000e-10  3.73293297e+00 
 7.63656000e-10  2.84876922e+00  7.63656000e-10  3.71300801e+00 
 7.63856000e-10  2.85662102e+00  7.63856000e-10  3.69354392e+00 
 7.64056000e-10  2.86740631e+00  7.64056000e-10  3.67517526e+00 
 7.64256000e-10  2.88123159e+00  7.64256000e-10  3.65825471e+00 
 7.64456000e-10  2.89812243e+00  7.64456000e-10  3.64286660e+00 
 7.64656000e-10  2.91800165e+00  7.64656000e-10  3.62884632e+00 
 7.64856000e-10  2.94068014e+00  7.64856000e-10  3.61581260e+00 
 7.65056000e-10  2.96585830e+00  7.65056000e-10  3.60321542e+00 
 7.65256000e-10  2.99314322e+00  7.65256000e-10  3.59038987e+00 
 7.65456000e-10  3.02209954e+00  7.65456000e-10  3.57658734e+00 
 7.65656000e-10  3.05235748e+00  7.65656000e-10  3.56094402e+00 
 7.65856000e-10  3.08381106e+00  7.65856000e-10  3.54233339e+00 
 7.66056000e-10  3.11704455e+00  7.66056000e-10  3.51891732e+00 
 7.66256000e-10  3.15763193e+00  7.66256000e-10  3.48273363e+00 
 7.66456000e-10  3.20987255e+00  7.66456000e-10  3.42624325e+00 
 7.66656000e-10  3.26656258e+00  7.66656000e-10  3.35784113e+00 
 7.66856000e-10  3.32452509e+00  7.66856000e-10  3.28607335e+00 
 7.67056000e-10  3.38280294e+00  7.67056000e-10  3.21520429e+00 
 7.67256000e-10  3.44058277e+00  7.67256000e-10  3.14715636e+00 
 7.67456000e-10  3.49695006e+00  7.67456000e-10  3.08314617e+00 
 7.67656000e-10  3.55134931e+00  7.67656000e-10  3.02397888e+00 
 7.67856000e-10  3.60418073e+00  7.67856000e-10  2.96943911e+00 
 7.68056000e-10  3.65532302e+00  7.68056000e-10  2.91944276e+00 
 7.68256000e-10  3.70370693e+00  7.68256000e-10  2.87534937e+00 
 7.68456000e-10  3.74484083e+00  7.68456000e-10  2.84184407e+00 
 7.68656000e-10  3.77420367e+00  7.68656000e-10  2.82301265e+00 
 7.68856000e-10  3.79239879e+00  7.68856000e-10  2.81657850e+00 
 7.69056000e-10  3.80179736e+00  7.69056000e-10  2.81927487e+00 
 7.69256000e-10  3.80481150e+00  7.69256000e-10  2.82754309e+00 
 7.69456000e-10  3.80296588e+00  7.69456000e-10  2.83901298e+00 
 7.69656000e-10  3.79714441e+00  7.69656000e-10  2.85210613e+00 
 7.69856000e-10  3.78787645e+00  7.69856000e-10  2.86567884e+00 
 7.70056000e-10  3.77551574e+00  7.70056000e-10  2.87891079e+00 
 7.70256000e-10  3.76034828e+00  7.70256000e-10  2.89129431e+00 
 7.70456000e-10  3.74266092e+00  7.70456000e-10  2.90262517e+00 
 7.70656000e-10  3.72277881e+00  7.70656000e-10  2.91297332e+00 
 7.70856000e-10  3.70107576e+00  7.70856000e-10  2.92263954e+00 
 7.71056000e-10  3.67796316e+00  7.71056000e-10  2.93210490e+00 
 7.71256000e-10  3.65386595e+00  7.71256000e-10  2.94197500e+00 
 7.71456000e-10  3.62919471e+00  7.71456000e-10  2.95291845e+00 
 7.71656000e-10  3.60432187e+00  7.71656000e-10  2.96559994e+00 
 7.71856000e-10  3.57956065e+00  7.71856000e-10  2.98061819e+00 
 7.72056000e-10  3.55512973e+00  7.72056000e-10  2.99847452e+00 
 7.72256000e-10  3.53107682e+00  7.72256000e-10  3.01960367e+00 
 7.72456000e-10  3.50713239e+00  7.72456000e-10  3.04449708e+00 
 7.72656000e-10  3.48240992e+00  7.72656000e-10  3.07400839e+00 
 7.72856000e-10  3.45447501e+00  7.72856000e-10  3.11034438e+00 
 7.73056000e-10  3.41199060e+00  7.73056000e-10  3.16469321e+00 
 7.73256000e-10  3.35640481e+00  7.73256000e-10  3.23168628e+00 
 7.73456000e-10  3.29595985e+00  7.73456000e-10  3.30318100e+00 
 7.73656000e-10  3.23566867e+00  7.73656000e-10  3.37571734e+00 
 7.73856000e-10  3.17710051e+00  7.73856000e-10  3.44723080e+00 
 7.74056000e-10  3.12058164e+00  7.74056000e-10  3.51570660e+00 
 7.74256000e-10  3.06614700e+00  7.74256000e-10  3.57953286e+00 
 7.74456000e-10  3.01329095e+00  7.74456000e-10  3.63837055e+00 
 7.74656000e-10  2.96164114e+00  7.74656000e-10  3.69178319e+00 
 7.74856000e-10  2.91234165e+00  7.74856000e-10  3.73855607e+00 
 7.75056000e-10  2.87005879e+00  7.75056000e-10  3.77329284e+00 
 7.75256000e-10  2.83816309e+00  7.75256000e-10  3.79205640e+00 
 7.75456000e-10  2.81564667e+00  7.75456000e-10  3.79687042e+00 
 7.75656000e-10  2.80116090e+00  7.75656000e-10  3.79138347e+00 
 7.75856000e-10  2.79302631e+00  7.75856000e-10  3.77952282e+00 
 7.76056000e-10  2.79025608e+00  7.76056000e-10  3.76435302e+00 
 7.76256000e-10  2.79239167e+00  7.76256000e-10  3.74804859e+00 
 7.76456000e-10  2.79914531e+00  7.76456000e-10  3.73211262e+00 
 7.76656000e-10  2.81022980e+00  7.76656000e-10  3.71751174e+00 
 7.76856000e-10  2.82529423e+00  7.76856000e-10  3.70475546e+00 
 7.77056000e-10  2.84390101e+00  7.77056000e-10  3.69395897e+00 
 7.77256000e-10  2.86552018e+00  7.77256000e-10  3.68490421e+00 
 7.77456000e-10  2.88953981e+00  7.77456000e-10  3.67710179e+00 
 7.77656000e-10  2.91529242e+00  7.77656000e-10  3.66985499e+00 
 7.77856000e-10  2.94209388e+00  7.77856000e-10  3.66232756e+00 
 7.78056000e-10  2.96928699e+00  7.78056000e-10  3.65361776e+00 
 7.78256000e-10  2.99628221e+00  7.78256000e-10  3.64283905e+00 
 7.78456000e-10  3.02259501e+00  7.78456000e-10  3.62919816e+00 
 7.78656000e-10  3.04789450e+00  7.78656000e-10  3.61204307e+00 
 7.78856000e-10  3.07208752e+00  7.78856000e-10  3.59083982e+00 
 7.79056000e-10  3.09546662e+00  7.79056000e-10  3.56503249e+00 
 7.79256000e-10  3.11901405e+00  7.79256000e-10  3.53366432e+00 
 7.79456000e-10  3.14700941e+00  7.79456000e-10  3.49205200e+00 
 7.79656000e-10  3.18783465e+00  7.79656000e-10  3.42969582e+00 
 7.79856000e-10  3.23538158e+00  7.79856000e-10  3.35397971e+00 
 7.80056000e-10  3.28620244e+00  7.80056000e-10  3.27490751e+00 
 7.80256000e-10  3.33959618e+00  7.80256000e-10  3.19820005e+00 
 7.80456000e-10  3.39512021e+00  7.80456000e-10  3.12651931e+00 
 7.80656000e-10  3.45201745e+00  7.80656000e-10  3.06135671e+00 
 7.80856000e-10  3.50957370e+00  7.80856000e-10  3.00359666e+00 
 7.81056000e-10  3.56775277e+00  7.81056000e-10  2.95305178e+00 
 7.81256000e-10  3.62603707e+00  7.81256000e-10  2.90919296e+00 
 7.81456000e-10  3.68303862e+00  7.81456000e-10  2.87258728e+00 
 7.81656000e-10  3.73384527e+00  7.81656000e-10  2.84716472e+00 
 7.81856000e-10  3.77341721e+00  7.81856000e-10  2.83606122e+00 
 7.82056000e-10  3.80179626e+00  7.82056000e-10  2.83622928e+00 
 7.82256000e-10  3.82028427e+00  7.82256000e-10  2.84425924e+00 
 7.82456000e-10  3.83029048e+00  7.82456000e-10  2.85656191e+00 
 7.82656000e-10  3.83286694e+00  7.82656000e-10  2.87033302e+00 
 7.82856000e-10  3.82873140e+00  7.82856000e-10  2.88366399e+00 
 7.83056000e-10  3.81845151e+00  7.83056000e-10  2.89529970e+00 
 7.83256000e-10  3.80258673e+00  7.83256000e-10  2.90451665e+00 
 7.83456000e-10  3.78177851e+00  7.83456000e-10  2.91108933e+00 
 7.83656000e-10  3.75679663e+00  7.83656000e-10  2.91525559e+00 
 7.83856000e-10  3.72854512e+00  7.83856000e-10  2.91765114e+00 
 7.84056000e-10  3.69803189e+00  7.84056000e-10  2.91921901e+00 
 7.84256000e-10  3.66631120e+00  7.84256000e-10  2.92110508e+00 
 7.84456000e-10  3.63441237e+00  7.84456000e-10  2.92454689e+00 
 7.84656000e-10  3.60326811e+00  7.84656000e-10  2.93076047e+00 
 7.84856000e-10  3.57365049e+00  7.84856000e-10  2.94083410e+00 
 7.85056000e-10  3.54610660e+00  7.85056000e-10  2.95565247e+00 
 7.85256000e-10  3.52086705e+00  7.85256000e-10  2.97589027e+00 
 7.85456000e-10  3.49768456e+00  7.85456000e-10  3.00212400e+00 
 7.85656000e-10  3.47549057e+00  7.85656000e-10  3.03518148e+00 
 7.85856000e-10  3.44939428e+00  7.85856000e-10  3.07947513e+00 
 7.86056000e-10  3.41085172e+00  7.86056000e-10  3.14176545e+00 
 7.86256000e-10  3.36403737e+00  7.86256000e-10  3.21339881e+00 
 7.86456000e-10  3.31452068e+00  7.86456000e-10  3.28875016e+00 
 7.86656000e-10  3.26495473e+00  7.86656000e-10  3.36492356e+00 
 7.86856000e-10  3.21583485e+00  7.86856000e-10  3.43944915e+00 
 7.87056000e-10  3.16700177e+00  7.87056000e-10  3.50990162e+00 
 7.87256000e-10  3.11826905e+00  7.87256000e-10  3.57427015e+00 
 7.87456000e-10  3.06932254e+00  7.87456000e-10  3.63154224e+00 
 7.87656000e-10  3.01905792e+00  7.87656000e-10  3.68233809e+00 
 7.87856000e-10  2.96696371e+00  7.87856000e-10  3.72746662e+00 
 7.88056000e-10  2.91883396e+00  7.88056000e-10  3.76087847e+00 
 7.88256000e-10  2.87789756e+00  7.88256000e-10  3.77910982e+00 
 7.88456000e-10  2.84470670e+00  7.88456000e-10  3.78319417e+00 
 7.88656000e-10  2.81931259e+00  7.88656000e-10  3.77596709e+00 
 7.88856000e-10  2.80100969e+00  7.88856000e-10  3.76130839e+00 
 7.89056000e-10  2.78935861e+00  7.89056000e-10  3.74275763e+00 
 7.89256000e-10  2.78418779e+00  7.89256000e-10  3.72313391e+00 
 7.89456000e-10  2.78545936e+00  7.89456000e-10  3.70452371e+00 
 7.89656000e-10  2.79309415e+00  7.89656000e-10  3.68834240e+00 
 7.89856000e-10  2.80685617e+00  7.89856000e-10  3.67538997e+00 
 7.90056000e-10  2.82629881e+00  7.90056000e-10  3.66590312e+00 
 7.90256000e-10  2.85075354e+00  7.90256000e-10  3.65961598e+00 
 7.90456000e-10  2.87935007e+00  7.90456000e-10  3.65583432e+00 
 7.90656000e-10  2.91106185e+00  7.90656000e-10  3.65352402e+00 
 7.90856000e-10  2.94477005e+00  7.90856000e-10  3.65141389e+00 
 7.91056000e-10  2.97933754e+00  7.91056000e-10  3.64811126e+00 
 7.91256000e-10  3.01368909e+00  7.91256000e-10  3.64222024e+00 
 7.91456000e-10  3.04690822e+00  7.91456000e-10  3.63243341e+00 
 7.91656000e-10  3.07837807e+00  7.91656000e-10  3.61754486e+00 
 7.91856000e-10  3.10801686e+00  7.91856000e-10  3.59630211e+00 
 7.92056000e-10  3.13681121e+00  7.92056000e-10  3.56681909e+00 
 7.92256000e-10  3.17175824e+00  7.92256000e-10  3.52022976e+00 
 7.92456000e-10  3.21331557e+00  7.92456000e-10  3.45510035e+00 
 7.92656000e-10  3.25678717e+00  7.92656000e-10  3.37957326e+00 
 7.92856000e-10  3.30102469e+00  7.92856000e-10  3.30090449e+00 
 7.93056000e-10  3.34610932e+00  7.93056000e-10  3.22324358e+00 
 7.93256000e-10  3.39204500e+00  7.93256000e-10  3.14910162e+00 
 7.93456000e-10  3.43866336e+00  7.93456000e-10  3.08040085e+00 
 7.93656000e-10  3.48585905e+00  7.93656000e-10  3.01864610e+00 
 7.93856000e-10  3.53393088e+00  7.93856000e-10  2.96451082e+00 
 7.94056000e-10  3.58393668e+00  7.94056000e-10  2.91705912e+00 
 7.94256000e-10  3.63594302e+00  7.94256000e-10  2.87605079e+00 
 7.94456000e-10  3.68447797e+00  7.94456000e-10  2.84699927e+00 
 7.94656000e-10  3.72536486e+00  7.94656000e-10  2.83213490e+00 
 7.94856000e-10  3.75807322e+00  7.94856000e-10  2.82941220e+00 
 7.95056000e-10  3.78251703e+00  7.95056000e-10  2.83684257e+00 
 7.95256000e-10  3.79950737e+00  7.95256000e-10  2.85092280e+00 
 7.95456000e-10  3.80977045e+00  7.95456000e-10  2.86846915e+00 
 7.95656000e-10  3.81370128e+00  7.95656000e-10  2.88693463e+00 
 7.95856000e-10  3.81147516e+00  7.95856000e-10  2.90443694e+00 
 7.96056000e-10  3.80321165e+00  7.96056000e-10  2.91965584e+00 
 7.96256000e-10  3.78910576e+00  7.96256000e-10  2.93179950e+00 
 7.96456000e-10  3.76951474e+00  7.96456000e-10  2.94059950e+00 
 7.96656000e-10  3.74500096e+00  7.96656000e-10  2.94628519e+00 
 7.96856000e-10  3.71633348e+00  7.96856000e-10  2.94952547e+00 
 7.97056000e-10  3.68445434e+00  7.97056000e-10  2.95134243e+00 
 7.97256000e-10  3.65042026e+00  7.97256000e-10  2.95300355e+00 
 7.97456000e-10  3.61533099e+00  7.97456000e-10  2.95590046e+00 
 7.97656000e-10  3.58024716e+00  7.97656000e-10  2.96143125e+00 
 7.97856000e-10  3.54608223e+00  7.97856000e-10  2.97092102e+00 
 7.98056000e-10  3.51343410e+00  7.98056000e-10  2.98563043e+00 
 7.98256000e-10  3.48228257e+00  7.98256000e-10  3.00693947e+00 
 7.98456000e-10  3.45119774e+00  7.98456000e-10  3.03708735e+00 
 7.98656000e-10  3.41163345e+00  7.98656000e-10  3.08513448e+00 
 7.98856000e-10  3.36392089e+00  7.98856000e-10  3.14768199e+00 
 7.99056000e-10  3.31370436e+00  7.99056000e-10  3.21798455e+00 
 7.99256000e-10  3.26491488e+00  7.99256000e-10  3.29263023e+00 
 7.99456000e-10  3.21866248e+00  7.99456000e-10  3.36912189e+00 
 7.99656000e-10  3.17474649e+00  7.99656000e-10  3.44485493e+00 
 7.99856000e-10  3.13263678e+00  7.99856000e-10  3.51725362e+00 
 8.00056000e-10  3.09170823e+00  8.00056000e-10  3.58426734e+00 
 8.00256000e-10  3.05093569e+00  8.00256000e-10  3.64503312e+00 
 8.00456000e-10  3.00935953e+00  8.00456000e-10  3.69887132e+00 
 8.00656000e-10  2.96703915e+00  8.00656000e-10  3.74498195e+00 
 8.00856000e-10  2.92785168e+00  8.00856000e-10  3.77848280e+00 
 8.01056000e-10  2.89456360e+00  8.01056000e-10  3.79602412e+00 
 8.01256000e-10  2.86680937e+00  8.01256000e-10  3.79917199e+00 
 8.01456000e-10  2.84442681e+00  8.01456000e-10  3.79073592e+00 
 8.01656000e-10  2.82702649e+00  8.01656000e-10  3.77411769e+00 
 8.01856000e-10  2.81439324e+00  8.01856000e-10  3.75262742e+00 
 8.02056000e-10  2.80665427e+00  8.02056000e-10  3.72905903e+00 
 8.02256000e-10  2.80412364e+00  8.02256000e-10  3.70563204e+00 
 8.02456000e-10  2.80712666e+00  8.02456000e-10  3.68401076e+00 
 8.02656000e-10  2.81587508e+00  8.02656000e-10  3.66531875e+00 
 8.02856000e-10  2.83038805e+00  8.02856000e-10  3.65015227e+00 
 8.03056000e-10  2.85044923e+00  8.03056000e-10  3.63860380e+00 
 8.03256000e-10  2.87559543e+00  8.03256000e-10  3.63030234e+00 
 8.03456000e-10  2.90513322e+00  8.03456000e-10  3.62447423e+00 
 8.03656000e-10  2.93817865e+00  8.03656000e-10  3.62002602e+00 
 8.03856000e-10  2.97371821e+00  8.03856000e-10  3.61564337e+00 
 8.04056000e-10  3.01070068e+00  8.04056000e-10  3.60988103e+00 
 8.04256000e-10  3.04818701e+00  8.04256000e-10  3.60119276e+00 
 8.04456000e-10  3.08561505e+00  8.04456000e-10  3.58780906e+00 
 8.04656000e-10  3.12341069e+00  8.04656000e-10  3.56714129e+00 
 8.04856000e-10  3.16765114e+00  8.04856000e-10  3.52988347e+00 
 8.05056000e-10  3.21711057e+00  8.05056000e-10  3.47518436e+00 
 8.05256000e-10  3.26714685e+00  8.05256000e-10  3.40968922e+00 
 8.05456000e-10  3.31634227e+00  8.05456000e-10  3.33928764e+00 
 8.05656000e-10  3.36438110e+00  8.05656000e-10  3.26743124e+00 
 8.05856000e-10  3.41099844e+00  8.05856000e-10  3.19630936e+00 
 8.06056000e-10  3.45595244e+00  8.06056000e-10  3.12775286e+00 
 8.06256000e-10  3.49919049e+00  8.06256000e-10  3.06341652e+00 
 8.06456000e-10  3.54114566e+00  8.06456000e-10  3.00444528e+00 
 8.06656000e-10  3.58303807e+00  8.06656000e-10  2.95076078e+00 
 8.06856000e-10  3.62617583e+00  8.06856000e-10  2.90176769e+00 
 8.07056000e-10  3.66686837e+00  8.07056000e-10  2.86243850e+00 
 8.07256000e-10  3.70213092e+00  8.07256000e-10  2.83528064e+00 
 8.07456000e-10  3.73070834e+00  8.07456000e-10  2.82065061e+00 
 8.07656000e-10  3.75247515e+00  8.07656000e-10  2.81756978e+00 
 8.07856000e-10  3.76787773e+00  8.07856000e-10  2.82408027e+00 
 8.08056000e-10  3.77788190e+00  8.08056000e-10  2.83732427e+00 
 8.08256000e-10  3.78335124e+00  8.08256000e-10  2.85452783e+00 
 8.08456000e-10  3.78469599e+00  8.08456000e-10  2.87353558e+00 
 8.08656000e-10  3.78199318e+00  8.08656000e-10  2.89267859e+00 
 8.08856000e-10  3.77516698e+00  8.08856000e-10  2.91068564e+00 
 8.09056000e-10  3.76413222e+00  8.09056000e-10  2.92668091e+00 
 8.09256000e-10  3.74889427e+00  8.09256000e-10  2.94019567e+00 
 8.09456000e-10  3.72960854e+00  8.09456000e-10  2.95116106e+00 
 8.09656000e-10  3.70660377e+00  8.09656000e-10  2.95987720e+00 
 8.09856000e-10  3.68037549e+00  8.09856000e-10  2.96696065e+00 
 8.10056000e-10  3.65155881e+00  8.10056000e-10  2.97327180e+00 
 8.10256000e-10  3.62088938e+00  8.10256000e-10  2.97982547e+00 
 8.10456000e-10  3.58915305e+00  8.10456000e-10  2.98769788e+00 
 8.10656000e-10  3.55710955e+00  8.10656000e-10  2.99795896e+00 
 8.10856000e-10  3.52536526e+00  8.10856000e-10  3.01166650e+00 
 8.11056000e-10  3.49416226e+00  8.11056000e-10  3.02996337e+00 
 8.11256000e-10  3.46296583e+00  8.11256000e-10  3.05441133e+00 
 8.11456000e-10  3.42698379e+00  8.11456000e-10  3.09073447e+00 
 8.11656000e-10  3.37753659e+00  8.11656000e-10  3.14705865e+00 
 8.11856000e-10  3.32040168e+00  8.11856000e-10  3.21428854e+00 
 8.12056000e-10  3.26269259e+00  8.12056000e-10  3.28677445e+00 
 8.12256000e-10  3.20761742e+00  8.12256000e-10  3.36187089e+00 
 8.12456000e-10  3.15583874e+00  8.12456000e-10  3.43727022e+00 
 8.12656000e-10  3.10718121e+00  8.12656000e-10  3.51054454e+00 
 8.12856000e-10  3.06118494e+00  8.12856000e-10  3.57970304e+00 
 8.13056000e-10  3.01676536e+00  8.13056000e-10  3.64401272e+00 
 8.13256000e-10  2.97305846e+00  8.13256000e-10  3.70254167e+00 
 8.13456000e-10  2.93071213e+00  8.13456000e-10  3.75359700e+00 
 8.13656000e-10  2.89371553e+00  8.13656000e-10  3.79162364e+00 
 8.13856000e-10  2.86518472e+00  8.13856000e-10  3.81233177e+00 
 8.14056000e-10  2.84399736e+00  8.14056000e-10  3.81744595e+00 
 8.14256000e-10  2.82874171e+00  8.14256000e-10  3.81059431e+00 
 8.14456000e-10  2.81791281e+00  8.14456000e-10  3.79576514e+00 
 8.14656000e-10  2.81084337e+00  8.14656000e-10  3.77618235e+00 
 8.14856000e-10  2.80745284e+00  8.14856000e-10  3.75431652e+00 
 8.15056000e-10  2.80790060e+00  8.15056000e-10  3.73207233e+00 
 8.15256000e-10  2.81240176e+00  8.15256000e-10  3.71088399e+00 
 8.15456000e-10  2.82112739e+00  8.15456000e-10  3.69175236e+00 
 8.15656000e-10  2.83413974e+00  8.15656000e-10  3.67526559e+00 
 8.15856000e-10  2.85134790e+00  8.15856000e-10  3.66162057e+00 
 8.16056000e-10  2.87248579e+00  8.16056000e-10  3.65065103e+00 
 8.16256000e-10  2.89711366e+00  8.16256000e-10  3.64186643e+00 
 8.16456000e-10  2.92464059e+00  8.16456000e-10  3.63450529e+00 
 8.16656000e-10  2.95436132e+00  8.16656000e-10  3.62760654e+00 
 8.16856000e-10  2.98550201e+00  8.16856000e-10  3.62009703e+00 
 8.17056000e-10  3.01727909e+00  8.17056000e-10  3.61087909e+00 
 8.17256000e-10  3.04898906e+00  8.17256000e-10  3.59888258e+00 
 8.17456000e-10  3.08015380e+00  8.17456000e-10  3.58303442e+00 
 8.17656000e-10  3.11076475e+00  8.17656000e-10  3.56207591e+00 
 8.17856000e-10  3.14183722e+00  8.17856000e-10  3.53394411e+00 
 8.18056000e-10  3.18115372e+00  8.18056000e-10  3.48838060e+00 
 8.18256000e-10  3.22924657e+00  8.18256000e-10  3.42303190e+00 
 8.18456000e-10  3.28001533e+00  8.18456000e-10  3.34751685e+00 
 8.18656000e-10  3.33158093e+00  8.18656000e-10  3.26979238e+00 
 8.18856000e-10  3.38360194e+00  8.18856000e-10  3.19380808e+00 
 8.19056000e-10  3.43568754e+00  8.19056000e-10  3.12166988e+00 
 8.19256000e-10  3.48734208e+00  8.19256000e-10  3.05491090e+00 
 8.19456000e-10  3.53842612e+00  8.19456000e-10  2.99452491e+00 
 8.19656000e-10  3.58961591e+00  8.19656000e-10  2.94030191e+00 
 8.19856000e-10  3.64133389e+00  8.19856000e-10  2.89172304e+00 
 8.20056000e-10  3.68923234e+00  8.20056000e-10  2.85387386e+00 
 8.20256000e-10  3.72997765e+00  8.20256000e-10  2.82894530e+00 
 8.20456000e-10  3.76172708e+00  8.20456000e-10  2.81743830e+00 
 8.20656000e-10  3.78482120e+00  8.20656000e-10  2.81723304e+00 
 8.20856000e-10  3.80016012e+00  8.20856000e-10  2.82560055e+00 
 8.21056000e-10  3.80893125e+00  8.21056000e-10  2.83926249e+00 
 8.21256000e-10  3.81209875e+00  8.21256000e-10  2.85544287e+00 
 8.21456000e-10  3.81019974e+00  8.21456000e-10  2.87218162e+00 
 8.21656000e-10  3.80351530e+00  8.21656000e-10  2.88806202e+00 
 8.21856000e-10  3.79224030e+00  8.21856000e-10  2.90209974e+00 
 8.22056000e-10  3.77660604e+00  8.22056000e-10  2.91373911e+00 
 8.22256000e-10  3.75695783e+00  8.22256000e-10  2.92284883e+00 
 8.22456000e-10  3.73379025e+00  8.22456000e-10  2.92968760e+00 
 8.22656000e-10  3.70774462e+00  8.22656000e-10  2.93484520e+00 
 8.22856000e-10  3.67957652e+00  8.22856000e-10  2.93916764e+00 
 8.23056000e-10  3.65010427e+00  8.23056000e-10  2.94367116e+00 
 8.23256000e-10  3.62015081e+00  8.23256000e-10  2.94944694e+00 
 8.23456000e-10  3.59048845e+00  8.23456000e-10  2.95756057e+00 
 8.23656000e-10  3.56178613e+00  8.23656000e-10  2.96896105e+00 
 8.23856000e-10  3.53454238e+00  8.23856000e-10  2.98442917e+00 
 8.24056000e-10  3.50897891e+00  8.24056000e-10  3.00459810e+00 
 8.24256000e-10  3.48486599e+00  8.24256000e-10  3.03007971e+00 
 8.24456000e-10  3.46117501e+00  8.24456000e-10  3.06181109e+00 
 8.24656000e-10  3.43321073e+00  8.24656000e-10  3.10422662e+00 
 8.24856000e-10  3.39032024e+00  8.24856000e-10  3.16669111e+00 
 8.25056000e-10  3.33733170e+00  8.25056000e-10  3.23970039e+00 
 8.25256000e-10  3.28164657e+00  8.25256000e-10  3.31650176e+00 
 8.25456000e-10  3.22671514e+00  8.25456000e-10  3.39398680e+00 
 8.25656000e-10  3.17326787e+00  8.25656000e-10  3.46973484e+00 
 8.25856000e-10  3.12120946e+00  8.25856000e-10  3.54137056e+00 
 8.26056000e-10  3.07023890e+00  8.26056000e-10  3.60714791e+00 
 8.26256000e-10  3.01944050e+00  8.26256000e-10  3.66682139e+00 
 8.26456000e-10  2.96848047e+00  8.26456000e-10  3.71979540e+00 
 8.26656000e-10  2.91844688e+00  8.26656000e-10  3.76492939e+00 
 8.26856000e-10  2.87372056e+00  8.26856000e-10  3.79728916e+00 
 8.27056000e-10  2.83947865e+00  8.27056000e-10  3.81146051e+00 
 8.27256000e-10  2.81468630e+00  8.27256000e-10  3.80969829e+00 
 8.27456000e-10  2.79748180e+00  8.27456000e-10  3.79714269e+00 
 8.27656000e-10  2.78600978e+00  8.27656000e-10  3.77885578e+00 
 8.27856000e-10  2.77976991e+00  8.27856000e-10  3.75829100e+00 
 8.28056000e-10  2.77874552e+00  8.28056000e-10  3.73783444e+00 
 8.28256000e-10  2.78299194e+00  8.28256000e-10  3.71912058e+00 
 8.28456000e-10  2.79246065e+00  8.28456000e-10  3.70319884e+00 
 8.28656000e-10  2.80693967e+00  8.28656000e-10  3.69060662e+00 
 8.28856000e-10  2.82602319e+00  8.28856000e-10  3.68142401e+00 
 8.29056000e-10  2.84910282e+00  8.29056000e-10  3.67533014e+00 
 8.29256000e-10  2.87538362e+00  8.29256000e-10  3.67166723e+00 
 8.29456000e-10  2.90392559e+00  8.29456000e-10  3.66951355e+00 
 8.29656000e-10  2.93370568e+00  8.29656000e-10  3.66776511e+00 
 8.29856000e-10  2.96369260e+00  8.29856000e-10  3.66522464e+00 
 8.30056000e-10  2.99292376e+00  8.30056000e-10  3.66069621e+00 
 8.30256000e-10  3.02057316e+00  8.30256000e-10  3.65308446e+00 
 8.30456000e-10  3.04600258e+00  8.30456000e-10  3.64149302e+00 
 8.30656000e-10  3.06880020e+00  8.30656000e-10  3.62530539e+00 
 8.30856000e-10  3.08882195e+00  8.30856000e-10  3.60421824e+00 
 8.31056000e-10  3.10624761e+00  8.31056000e-10  3.57820277e+00 
 8.31256000e-10  3.12165312e+00  8.31256000e-10  3.54738807e+00 
 8.31456000e-10  3.13612369e+00  8.31456000e-10  3.51184092e+00 
 8.31656000e-10  3.15154576e+00  8.31656000e-10  3.47107687e+00 
 8.31856000e-10  3.17374665e+00  8.31856000e-10  3.41990741e+00 
 8.32056000e-10  3.21455491e+00  8.32056000e-10  3.34419736e+00 
 8.32256000e-10  3.26585330e+00  8.32256000e-10  3.25505030e+00 
 8.32456000e-10  3.32256086e+00  8.32456000e-10  3.16633878e+00 
 8.32656000e-10  3.38369705e+00  8.32656000e-10  3.08470643e+00 
 8.32856000e-10  3.44857041e+00  8.32856000e-10  3.01255133e+00 
 8.33056000e-10  3.51626240e+00  8.33056000e-10  2.95052581e+00 
 8.33256000e-10  3.58668632e+00  8.33256000e-10  2.89740054e+00 
 8.33456000e-10  3.65815514e+00  8.33456000e-10  2.85295919e+00 
 8.33656000e-10  3.72408115e+00  8.33656000e-10  2.82285853e+00 
 8.33856000e-10  3.77826051e+00  8.33856000e-10  2.81043301e+00 
 8.34056000e-10  3.81965371e+00  8.34056000e-10  2.81283949e+00 
 8.34256000e-10  3.84950004e+00  8.34256000e-10  2.82515976e+00 
 8.34456000e-10  3.86905353e+00  8.34456000e-10  2.84289813e+00 
 8.34656000e-10  3.87925004e+00  8.34656000e-10  2.86190409e+00 
 8.34856000e-10  3.88074070e+00  8.34856000e-10  2.87943990e+00 
 8.35056000e-10  3.87402910e+00  8.35056000e-10  2.89376977e+00 
 8.35256000e-10  3.85963420e+00  8.35256000e-10  2.90381581e+00 
 8.35456000e-10  3.83822814e+00  8.35456000e-10  2.90913436e+00 
 8.35656000e-10  3.81072752e+00  8.35656000e-10  2.90992714e+00 
 8.35856000e-10  3.77832308e+00  8.35856000e-10  2.90697836e+00 
 8.36056000e-10  3.74244799e+00  8.36056000e-10  2.90153600e+00 
 8.36256000e-10  3.70469691e+00  8.36256000e-10  2.89516693e+00 
 8.36456000e-10  3.66671365e+00  8.36456000e-10  2.88960367e+00 
 8.36656000e-10  3.63006536e+00  8.36656000e-10  2.88659320e+00 
 8.36856000e-10  3.59612056e+00  8.36856000e-10  2.88775435e+00 
 8.37056000e-10  3.56594653e+00  8.37056000e-10  2.89444782e+00 
 8.37256000e-10  3.54023694e+00  8.37256000e-10  2.90766528e+00 
 8.37456000e-10  3.51926731e+00  8.37456000e-10  2.92795399e+00 
 8.37656000e-10  3.50285748e+00  8.37656000e-10  2.95540768e+00 
 8.37856000e-10  3.49031083e+00  8.37856000e-10  2.98975558e+00 
 8.38056000e-10  3.48029211e+00  8.38056000e-10  3.03058281e+00 
 8.38256000e-10  3.47050586e+00  8.38256000e-10  3.07782160e+00 
 8.38456000e-10  3.45383849e+00  8.38456000e-10  3.13617764e+00 
 8.38656000e-10  3.42030426e+00  8.38656000e-10  3.21171838e+00 
 8.38856000e-10  3.37498179e+00  8.38856000e-10  3.29350010e+00 
 8.39056000e-10  3.32424762e+00  8.39056000e-10  3.37491242e+00 
 8.39256000e-10  3.27069549e+00  8.39256000e-10  3.45281252e+00 
 8.39456000e-10  3.21481183e+00  8.39456000e-10  3.52479360e+00 
 8.39656000e-10  3.15672495e+00  8.39656000e-10  3.58880864e+00 
 8.39856000e-10  3.09664108e+00  8.39856000e-10  3.64380044e+00 
 8.40056000e-10  3.03432357e+00  8.40056000e-10  3.69049417e+00 
 8.40256000e-10  2.97037381e+00  8.40256000e-10  3.72935487e+00 
 8.40456000e-10  2.91005285e+00  8.40456000e-10  3.75657743e+00 
 8.40656000e-10  2.85686690e+00  8.40656000e-10  3.77017172e+00 
 8.40856000e-10  2.81343218e+00  8.40856000e-10  3.77024185e+00 
 8.41056000e-10  2.78015118e+00  8.41056000e-10  3.76008180e+00 
 8.41256000e-10  2.75705351e+00  8.41256000e-10  3.74361842e+00 
 8.41456000e-10  2.74359917e+00  8.41456000e-10  3.72488356e+00 
 8.41656000e-10  2.73931737e+00  8.41656000e-10  3.70715644e+00 
 8.41856000e-10  2.74390042e+00  8.41856000e-10  3.69262848e+00 
 8.42056000e-10  2.75689797e+00  8.42056000e-10  3.68253891e+00 
 8.42256000e-10  2.77756212e+00  8.42256000e-10  3.67731106e+00 
 8.42456000e-10  2.80481719e+00  8.42456000e-10  3.67666767e+00 
 8.42656000e-10  2.83729338e+00  8.42656000e-10  3.67975016e+00 
 8.42856000e-10  2.87339623e+00  8.42856000e-10  3.68525056e+00 
 8.43056000e-10  2.91140248e+00  8.43056000e-10  3.69155397e+00 
 8.43256000e-10  2.94957527e+00  8.43256000e-10  3.69688686e+00 
 8.43456000e-10  2.98628762e+00  8.43456000e-10  3.69946624e+00 
 8.43656000e-10  3.02013956e+00  8.43656000e-10  3.69764565e+00 
 8.43856000e-10  3.05005448e+00  8.43856000e-10  3.69005299e+00 
 8.44056000e-10  3.07534950e+00  8.44056000e-10  3.67570680e+00 
 8.44256000e-10  3.09579182e+00  8.44256000e-10  3.65408095e+00 
 8.44456000e-10  3.11166423e+00  8.44456000e-10  3.62507759e+00 
 8.44656000e-10  3.12386302e+00  8.44656000e-10  3.58887178e+00 
 8.44856000e-10  3.13409539e+00  8.44856000e-10  3.54554522e+00 
 8.45056000e-10  3.14554043e+00  8.45056000e-10  3.49404305e+00 
 8.45256000e-10  3.16949525e+00  8.45256000e-10  3.42306005e+00 
 8.45456000e-10  3.20458973e+00  8.45456000e-10  3.33577237e+00 
 8.45656000e-10  3.24603745e+00  8.45656000e-10  3.24472764e+00 
 8.45856000e-10  3.29304472e+00  8.45856000e-10  3.15837110e+00 
 8.46056000e-10  3.34568370e+00  8.46056000e-10  3.08058149e+00 
 8.46256000e-10  3.40349144e+00  8.46256000e-10  3.01321190e+00 
 8.46456000e-10  3.46568115e+00  8.46456000e-10  2.95711508e+00 
 8.46656000e-10  3.53186598e+00  8.46656000e-10  2.91178220e+00 
 8.46856000e-10  3.60093434e+00  8.46856000e-10  2.87611377e+00 
 8.47056000e-10  3.67065069e+00  8.47056000e-10  2.85004952e+00 
 8.47256000e-10  3.73462737e+00  8.47256000e-10  2.83728931e+00 
 8.47456000e-10  3.78738989e+00  8.47456000e-10  2.83920799e+00 
 8.47656000e-10  3.82800189e+00  8.47656000e-10  2.85182475e+00 
 8.47856000e-10  3.85680599e+00  8.47856000e-10  2.87077899e+00 
 8.48056000e-10  3.87457507e+00  8.48056000e-10  2.89139273e+00 
 8.48256000e-10  3.88189243e+00  8.48256000e-10  2.91019686e+00 
 8.48456000e-10  3.87917683e+00  8.48456000e-10  2.92499240e+00 
 8.48656000e-10  3.86691940e+00  8.48656000e-10  2.93447653e+00 
 8.48856000e-10  3.84585134e+00  8.48856000e-10  2.93812132e+00 
 8.49056000e-10  3.81703470e+00  8.49056000e-10  2.93615130e+00 
 8.49256000e-10  3.78188371e+00  8.49256000e-10  2.92948087e+00 
 8.49456000e-10  3.74212218e+00  8.49456000e-10  2.91959018e+00 
 8.49656000e-10  3.69968716e+00  8.49656000e-10  2.90836117e+00 
 8.49856000e-10  3.65659563e+00  8.49856000e-10  2.89789557e+00 
 8.50056000e-10  3.61479473e+00  8.50056000e-10  2.89032962e+00 
 8.50256000e-10  3.57601604e+00  8.50256000e-10  2.88765491e+00 
 8.50456000e-10  3.54165136e+00  8.50456000e-10  2.89155404e+00 
 8.50656000e-10  3.51265605e+00  8.50656000e-10  2.90326719e+00 
 8.50856000e-10  3.48946742e+00  8.50856000e-10  2.92352058e+00 
 8.51056000e-10  3.47190935e+00  8.51056000e-10  2.95255575e+00 
 8.51256000e-10  3.45904350e+00  8.51256000e-10  2.99030162e+00 
 8.51456000e-10  3.44883779e+00  8.51456000e-10  3.03682238e+00 
 8.51656000e-10  3.43457443e+00  8.51656000e-10  3.09643295e+00 
 8.51856000e-10  3.40656617e+00  8.51856000e-10  3.17466349e+00 
 8.52056000e-10  3.36895960e+00  8.52056000e-10  3.26085912e+00 
 8.52256000e-10  3.32709739e+00  8.52256000e-10  3.34823912e+00 
 8.52456000e-10  3.28290873e+00  8.52456000e-10  3.43314519e+00 
 8.52656000e-10  3.23628261e+00  8.52656000e-10  3.51256219e+00 
 8.52856000e-10  3.18675322e+00  8.52856000e-10  3.58379678e+00 
 8.53056000e-10  3.13405029e+00  8.53056000e-10  3.64504516e+00 
 8.53256000e-10  3.07776264e+00  8.53256000e-10  3.69618307e+00 
 8.53456000e-10  3.01799715e+00  8.53456000e-10  3.73737091e+00 
 8.53656000e-10  2.95657601e+00  8.53656000e-10  3.76838405e+00 
 8.53856000e-10  2.89859644e+00  8.53856000e-10  3.78571034e+00 
 8.54056000e-10  2.84919050e+00  8.54056000e-10  3.78624822e+00 
 8.54256000e-10  2.80867591e+00  8.54256000e-10  3.77334098e+00 
 8.54456000e-10  2.77720341e+00  8.54456000e-10  3.75190690e+00 
 8.54656000e-10  2.75470952e+00  8.54656000e-10  3.72679688e+00 
 8.54856000e-10  2.74135503e+00  8.54856000e-10  3.70192007e+00 
 8.55056000e-10  2.73738879e+00  8.55056000e-10  3.68012436e+00 
 8.55256000e-10  2.74289040e+00  8.55256000e-10  3.66329470e+00 
 8.55456000e-10  2.75760275e+00  8.55456000e-10  3.65243339e+00 
 8.55656000e-10  2.78085403e+00  8.55656000e-10  3.64772817e+00 
 8.55856000e-10  2.81155021e+00  8.55856000e-10  3.64863538e+00 
 8.56056000e-10  2.84822024e+00  8.56056000e-10  3.65398891e+00 
 8.56256000e-10  2.88910294e+00  8.56256000e-10  3.66213426e+00 
 8.56456000e-10  2.93226583e+00  8.56456000e-10  3.67108339e+00 
 8.56656000e-10  2.97574305e+00  8.56656000e-10  3.67868517e+00 
 8.56856000e-10  3.01767723e+00  8.56856000e-10  3.68280529e+00 
 8.57056000e-10  3.05645444e+00  8.57056000e-10  3.68150126e+00 
 8.57256000e-10  3.09083689e+00  8.57256000e-10  3.67316030e+00 
 8.57456000e-10  3.12011550e+00  8.57456000e-10  3.65654770e+00 
 8.57656000e-10  3.14432141e+00  8.57656000e-10  3.63069487e+00 
 8.57856000e-10  3.16463227e+00  8.57856000e-10  3.59443787e+00 
 8.58056000e-10  3.18744206e+00  8.58056000e-10  3.54117713e+00 
 8.58256000e-10  3.21749280e+00  8.58256000e-10  3.46608144e+00 
 8.58456000e-10  3.25005098e+00  8.58456000e-10  3.37821220e+00 
 8.58656000e-10  3.28410661e+00  8.58656000e-10  3.28688068e+00 
 8.58856000e-10  3.32044562e+00  8.58856000e-10  3.19779181e+00 
 8.59056000e-10  3.35979322e+00  8.59056000e-10  3.11441469e+00 
 8.59256000e-10  3.40250172e+00  8.59256000e-10  3.03928143e+00 
 8.59456000e-10  3.44876665e+00  8.59456000e-10  2.97425781e+00 
 8.59656000e-10  3.49898164e+00  8.59656000e-10  2.92011506e+00 
 8.59856000e-10  3.55414502e+00  8.59856000e-10  2.87567416e+00 
 8.60056000e-10  3.61364694e+00  8.60056000e-10  2.84076894e+00 
 8.60256000e-10  3.67149582e+00  8.60256000e-10  2.82028848e+00 
 8.60456000e-10  3.72245519e+00  8.60456000e-10  2.81622115e+00 
 8.60656000e-10  3.76540652e+00  8.60656000e-10  2.82535701e+00 
 8.60856000e-10  3.79976305e+00  8.60856000e-10  2.84445277e+00 
 8.61056000e-10  3.82573313e+00  8.61056000e-10  2.86896400e+00 
 8.61256000e-10  3.84336862e+00  8.61256000e-10  2.89489907e+00 
 8.61456000e-10  3.85247521e+00  8.61456000e-10  2.91917515e+00 
 8.61656000e-10  3.85281183e+00  8.61656000e-10  2.93956130e+00 
 8.61856000e-10  3.84429117e+00  8.61856000e-10  2.95457703e+00 
 8.62056000e-10  3.82712737e+00  8.62056000e-10  2.96348852e+00 
 8.62256000e-10  3.80192327e+00  8.62256000e-10  2.96631246e+00 
 8.62456000e-10  3.76969516e+00  8.62456000e-10  2.96376943e+00 
 8.62656000e-10  3.73183717e+00  8.62656000e-10  2.95718293e+00 
 8.62856000e-10  3.69003497e+00  8.62856000e-10  2.94833790e+00 
 8.63056000e-10  3.64614484e+00  8.63056000e-10  2.93931186e+00 
 8.63256000e-10  3.60205691e+00  8.63256000e-10  2.93229026e+00 
 8.63456000e-10  3.55955523e+00  8.63456000e-10  2.92938275e+00 
 8.63656000e-10  3.52017181e+00  8.63656000e-10  2.93247124e+00 
 8.63856000e-10  3.48501227e+00  8.63856000e-10  2.94313577e+00 
 8.64056000e-10  3.45451243e+00  8.64056000e-10  2.96271635e+00 
 8.64256000e-10  3.42799152e+00  8.64256000e-10  2.99266344e+00 
 8.64456000e-10  3.39972319e+00  8.64456000e-10  3.03879961e+00 
 8.64656000e-10  3.36276828e+00  8.64656000e-10  3.10572552e+00 
 8.64856000e-10  3.32165151e+00  8.64856000e-10  3.18435226e+00 
 8.65056000e-10  3.28112858e+00  8.65056000e-10  3.26902369e+00 
 8.65256000e-10  3.24273856e+00  8.65256000e-10  3.35625160e+00 
 8.65456000e-10  3.20595306e+00  8.65456000e-10  3.44269622e+00 
 8.65656000e-10  3.16964575e+00  8.65656000e-10  3.52499931e+00 
 8.65856000e-10  3.13268394e+00  8.65856000e-10  3.60026987e+00 
 8.66056000e-10  3.09383579e+00  8.66056000e-10  3.66673099e+00 
 8.66256000e-10  3.05115997e+00  8.66256000e-10  3.72442367e+00 
 8.66456000e-10  3.00410206e+00  8.66456000e-10  3.77313719e+00 
 8.66656000e-10  2.95787042e+00  8.66656000e-10  3.80676812e+00 
 8.66856000e-10  2.91585535e+00  8.66856000e-10  3.82160806e+00 
 8.67056000e-10  2.87814463e+00  8.67056000e-10  3.81961873e+00 
 8.67256000e-10  2.84537780e+00  8.67256000e-10  3.80401361e+00 
 8.67456000e-10  2.81772914e+00  8.67456000e-10  3.77903312e+00 
 8.67656000e-10  2.79542631e+00  8.67656000e-10  3.74906720e+00 
 8.67856000e-10  2.77913268e+00  8.67856000e-10  3.71783890e+00 
 8.68056000e-10  2.76969758e+00  8.68056000e-10  3.68829158e+00 
 8.68256000e-10  2.76787839e+00  8.68256000e-10  3.66263038e+00 
 8.68456000e-10  2.77416289e+00  8.68456000e-10  3.64233687e+00 
 8.68656000e-10  2.78866212e+00  8.68656000e-10  3.62817458e+00 
 8.68856000e-10  2.81105707e+00  8.68856000e-10  3.62021032e+00 
 8.69056000e-10  2.84059304e+00  8.69056000e-10  3.61786283e+00 
 8.69256000e-10  2.87611830e+00  8.69256000e-10  3.61998243e+00 
 8.69456000e-10  2.91616064e+00  8.69456000e-10  3.62496229e+00 
 8.69656000e-10  2.95903154e+00  8.69656000e-10  3.63087980e+00 
 8.69856000e-10  3.00294844e+00  8.69856000e-10  3.63565978e+00 
 8.70056000e-10  3.04617567e+00  8.70056000e-10  3.63723479e+00 
 8.70256000e-10  3.08719868e+00  8.70256000e-10  3.63365675e+00 
 8.70456000e-10  3.12495745e+00  8.70456000e-10  3.62309868e+00 
 8.70656000e-10  3.15921108e+00  8.70656000e-10  3.60362898e+00 
 8.70856000e-10  3.19146423e+00  8.70856000e-10  3.57217314e+00 
 8.71056000e-10  3.23009523e+00  8.71056000e-10  3.51763953e+00 
 8.71256000e-10  3.27185853e+00  8.71256000e-10  3.44334059e+00 
 8.71456000e-10  3.31291125e+00  8.71456000e-10  3.35894402e+00 
 8.71656000e-10  3.35286944e+00  8.71656000e-10  3.27163832e+00 
 8.71856000e-10  3.39227016e+00  8.71856000e-10  3.18552215e+00 
 8.72056000e-10  3.43158957e+00  8.72056000e-10  3.10344127e+00 
 8.72256000e-10  3.47127437e+00  8.72256000e-10  3.02778641e+00 
 8.72456000e-10  3.51210181e+00  8.72456000e-10  2.96028557e+00 
 8.72656000e-10  3.55554517e+00  8.72656000e-10  2.90122902e+00 
 8.72856000e-10  3.60235949e+00  8.72856000e-10  2.85075538e+00 
 8.73056000e-10  3.64823865e+00  8.73056000e-10  2.81433653e+00 
 8.73256000e-10  3.68999289e+00  8.73256000e-10  2.79392733e+00 
 8.73456000e-10  3.72596441e+00  8.73456000e-10  2.78930358e+00 
 8.73656000e-10  3.75597331e+00  8.73656000e-10  2.79805071e+00 
 8.73856000e-10  3.78029316e+00  8.73856000e-10  2.81674636e+00 
 8.74056000e-10  3.79929359e+00  8.74056000e-10  2.84143949e+00 
 8.74256000e-10  3.81299877e+00  8.74256000e-10  2.86867009e+00 
 8.74456000e-10  3.82104598e+00  8.74456000e-10  2.89571263e+00 
 8.74656000e-10  3.82290871e+00  8.74656000e-10  2.92041085e+00 
 8.74856000e-10  3.81810557e+00  8.74856000e-10  2.94115083e+00 
 8.75056000e-10  3.80636138e+00  8.75056000e-10  2.95691509e+00 
 8.75256000e-10  3.78771630e+00  8.75256000e-10  2.96731853e+00 
 8.75456000e-10  3.76257989e+00  8.75456000e-10  2.97259620e+00 
 8.75656000e-10  3.73173107e+00  8.75656000e-10  2.97354607e+00 
 8.75856000e-10  3.69627151e+00  8.75856000e-10  2.97143486e+00 
 8.76056000e-10  3.65754578e+00  8.76056000e-10  2.96787350e+00 
 8.76256000e-10  3.61704207e+00  8.76256000e-10  2.96466983e+00 
 8.76456000e-10  3.57628057e+00  8.76456000e-10  2.96367502e+00 
 8.76656000e-10  3.53668017e+00  8.76656000e-10  2.96665674e+00 
 8.76856000e-10  3.49938026e+00  8.76856000e-10  2.97524265e+00 
 8.77056000e-10  3.46498150e+00  8.77056000e-10  2.99098681e+00 
 8.77256000e-10  3.43306948e+00  8.77256000e-10  3.01571612e+00 
 8.77456000e-10  3.39802664e+00  8.77456000e-10  3.05601216e+00 
 8.77656000e-10  3.35286957e+00  8.77656000e-10  3.11744899e+00 
 8.77856000e-10  3.30319074e+00  8.77856000e-10  3.19085764e+00 
 8.78056000e-10  3.25483680e+00  8.78056000e-10  3.27076744e+00 
 8.78256000e-10  3.20992732e+00  8.78256000e-10  3.35407054e+00 
 8.78456000e-10  3.16829805e+00  8.78456000e-10  3.43777663e+00 
 8.78656000e-10  3.12906725e+00  8.78656000e-10  3.51877554e+00 
 8.78856000e-10  3.09117215e+00  8.78856000e-10  3.59440922e+00 
 8.79056000e-10  3.05311542e+00  8.79056000e-10  3.66329022e+00 
 8.79256000e-10  3.01359131e+00  8.79256000e-10  3.72417245e+00 
 8.79456000e-10  2.97272171e+00  8.79456000e-10  3.77548841e+00 
 8.79656000e-10  2.93413354e+00  8.79656000e-10  3.81208577e+00 
 8.79856000e-10  2.90116285e+00  8.79856000e-10  3.82972832e+00 
 8.80056000e-10  2.87298340e+00  8.80056000e-10  3.83040744e+00 
 8.80256000e-10  2.84902109e+00  8.80256000e-10  3.81778300e+00 
 8.80456000e-10  2.82876414e+00  8.80456000e-10  3.79595360e+00 
 8.80656000e-10  2.81222708e+00  8.80656000e-10  3.76868017e+00 
 8.80856000e-10  2.79992644e+00  8.80856000e-10  3.73913088e+00 
 8.81056000e-10  2.79260330e+00  8.81056000e-10  3.70990069e+00 
 8.81256000e-10  2.79100141e+00  8.81256000e-10  3.68302789e+00 
 8.81456000e-10  2.79571345e+00  8.81456000e-10  3.65998495e+00 
 8.81656000e-10  2.80707590e+00  8.81656000e-10  3.64166630e+00 
 8.81856000e-10  2.82510266e+00  8.81856000e-10  3.62838980e+00 
 8.82056000e-10  2.84945652e+00  8.82056000e-10  3.61991944e+00 
 8.82256000e-10  2.87945787e+00  8.82256000e-10  3.61551398e+00 
 8.82456000e-10  2.91412608e+00  8.82456000e-10  3.61400477e+00 
 8.82656000e-10  2.95224692e+00  8.82656000e-10  3.61390242e+00 
 8.82856000e-10  2.99246390e+00  8.82856000e-10  3.61352099e+00 
 8.83056000e-10  3.03340476e+00  8.83056000e-10  3.61108709e+00 
 8.83256000e-10  3.07386846e+00  8.83256000e-10  3.60477900e+00 
 8.83456000e-10  3.11312318e+00  8.83456000e-10  3.59260678e+00 
 8.83656000e-10  3.15154455e+00  8.83656000e-10  3.57181311e+00 
 8.83856000e-10  3.19585716e+00  8.83856000e-10  3.53223370e+00 
 8.84056000e-10  3.24503875e+00  8.84056000e-10  3.47277143e+00 
 8.84256000e-10  3.29396857e+00  8.84256000e-10  3.40129694e+00 
 8.84456000e-10  3.34125439e+00  8.84456000e-10  3.32464257e+00 
 8.84656000e-10  3.38681696e+00  8.84656000e-10  3.24667339e+00 
 8.84856000e-10  3.43066727e+00  8.84856000e-10  3.16987861e+00 
 8.85056000e-10  3.47284380e+00  8.85056000e-10  3.09638554e+00 
 8.85256000e-10  3.51367408e+00  8.85256000e-10  3.02804744e+00 
 8.85456000e-10  3.55420580e+00  8.85456000e-10  2.96588718e+00 
 8.85656000e-10  3.59520089e+00  8.85656000e-10  2.91046472e+00 
 8.85856000e-10  3.63700222e+00  8.85856000e-10  2.86259639e+00 
 8.86056000e-10  3.67564159e+00  8.86056000e-10  2.82738877e+00 
 8.86256000e-10  3.70787996e+00  8.86256000e-10  2.80751544e+00 
 8.86456000e-10  3.73379695e+00  8.86456000e-10  2.80137635e+00 
 8.86656000e-10  3.75403210e+00  8.86656000e-10  2.80688508e+00 
 8.86856000e-10  3.76940665e+00  8.86856000e-10  2.82107819e+00 
 8.87056000e-10  3.78054439e+00  8.87056000e-10  2.84086183e+00 
 8.87256000e-10  3.78762042e+00  8.87256000e-10  2.86359874e+00 
 8.87456000e-10  3.79045883e+00  8.87456000e-10  2.88712992e+00 
 8.87656000e-10  3.78871064e+00  8.87656000e-10  2.90971151e+00 
 8.87856000e-10  3.78200945e+00  8.87856000e-10  2.93002256e+00 
 8.88056000e-10  3.77009368e+00  8.88056000e-10  2.94720310e+00 
 8.88256000e-10  3.75289327e+00  8.88256000e-10  2.96087737e+00 
 8.88456000e-10  3.73057824e+00  8.88456000e-10  2.97114596e+00 
 8.88656000e-10  3.70357055e+00  8.88656000e-10  2.97854529e+00 
 8.88856000e-10  3.67252539e+00  8.88856000e-10  2.98397724e+00 
 8.89056000e-10  3.63828741e+00  8.89056000e-10  2.98861699e+00 
 8.89256000e-10  3.60181602e+00  8.89256000e-10  2.99382153e+00 
 8.89456000e-10  3.56405481e+00  8.89456000e-10  3.00108164e+00 
 8.89656000e-10  3.52569386e+00  8.89656000e-10  3.01208349e+00 
 8.89856000e-10  3.48666081e+00  8.89856000e-10  3.02906457e+00 
 8.90056000e-10  3.44176666e+00  8.90056000e-10  3.05939917e+00 
 8.90256000e-10  3.38772924e+00  8.90256000e-10  3.10623896e+00 
 8.90456000e-10  3.33004824e+00  8.90456000e-10  3.16311468e+00 
 8.90656000e-10  3.27384931e+00  8.90656000e-10  3.22676050e+00 
 8.90856000e-10  3.22156457e+00  8.90856000e-10  3.29530408e+00 
 8.91056000e-10  3.17378228e+00  8.91056000e-10  3.36669215e+00 
 8.91256000e-10  3.13034063e+00  8.91256000e-10  3.43859877e+00 
 8.91456000e-10  3.09078546e+00  8.91456000e-10  3.50872898e+00 
 8.91656000e-10  3.05433650e+00  8.91656000e-10  3.57532339e+00 
 8.91856000e-10  3.01966433e+00  8.91856000e-10  3.63737487e+00 
 8.92056000e-10  2.98295988e+00  8.92056000e-10  3.69728592e+00 
 8.92256000e-10  2.94838978e+00  8.92256000e-10  3.74872066e+00 
 8.92456000e-10  2.91786595e+00  8.92456000e-10  3.78707432e+00 
 8.92656000e-10  2.89238363e+00  8.92656000e-10  3.81024682e+00 
 8.92856000e-10  2.87168501e+00  8.92856000e-10  3.81888353e+00 
 8.93056000e-10  2.85552125e+00  8.93056000e-10  3.81469013e+00 
 8.93256000e-10  2.84296766e+00  8.93256000e-10  3.80072014e+00 
 8.93456000e-10  2.83318362e+00  8.93456000e-10  3.78045378e+00 
 8.93656000e-10  2.82608144e+00  8.93656000e-10  3.75678462e+00 
 8.93856000e-10  2.82199389e+00  8.93856000e-10  3.73198482e+00 
 8.94056000e-10  2.82139840e+00  8.94056000e-10  3.70782368e+00 
 8.94256000e-10  2.82476841e+00  8.94256000e-10  3.68563791e+00 
 8.94456000e-10  2.83247559e+00  8.94456000e-10  3.66635837e+00 
 8.94656000e-10  2.84471709e+00  8.94656000e-10  3.65051837e+00 
 8.94856000e-10  2.86146713e+00  8.94856000e-10  3.63826183e+00 
 8.95056000e-10  2.88245685e+00  8.95056000e-10  3.62936122e+00 
 8.95256000e-10  2.90718289e+00  8.95256000e-10  3.62325102e+00 
 8.95456000e-10  2.93494068e+00  8.95456000e-10  3.61907997e+00 
 8.95656000e-10  2.96487503e+00  8.95656000e-10  3.61578389e+00 
 8.95856000e-10  2.99603907e+00  8.95856000e-10  3.61217974e+00 
 8.96056000e-10  3.02745542e+00  8.96056000e-10  3.60707488e+00 
 8.96256000e-10  3.05818313e+00  8.96256000e-10  3.59937298e+00 
 8.96456000e-10  3.08740129e+00  8.96456000e-10  3.58814654e+00 
 8.96656000e-10  3.11451329e+00  8.96656000e-10  3.57265411e+00 
 8.96856000e-10  3.13926440e+00  8.96856000e-10  3.55229851e+00 
 8.97056000e-10  3.16188276e+00  8.97056000e-10  3.52650942e+00 
 8.97256000e-10  3.18333088e+00  8.97256000e-10  3.49443988e+00 
 8.97456000e-10  3.20603160e+00  8.97456000e-10  3.45399699e+00 
 8.97656000e-10  3.24317733e+00  8.97656000e-10  3.38931116e+00 
 8.97856000e-10  3.29397439e+00  8.97856000e-10  3.30070866e+00 
 8.98056000e-10  3.34923035e+00  8.98056000e-10  3.20541919e+00 
 8.98256000e-10  3.40669193e+00  8.98256000e-10  3.11397308e+00 
 8.98456000e-10  3.46616159e+00  8.98456000e-10  3.03033833e+00 
 8.98656000e-10  3.52740149e+00  8.98656000e-10  2.95588211e+00 
 8.98856000e-10  3.59106352e+00  8.98856000e-10  2.88987952e+00 
 8.99056000e-10  3.65585603e+00  8.99056000e-10  2.83306711e+00 
 8.99256000e-10  3.71444936e+00  8.99256000e-10  2.79350652e+00 
 8.99456000e-10  3.76224664e+00  8.99456000e-10  2.77374365e+00 
 8.99656000e-10  3.80001386e+00  8.99656000e-10  2.77026592e+00 
 8.99856000e-10  3.82729246e+00  8.99856000e-10  2.78104228e+00 
 9.00056000e-10  3.84607251e+00  9.00056000e-10  2.80038417e+00 
 9.00256000e-10  3.85814522e+00  9.00256000e-10  2.82306209e+00 
 9.00456000e-10  3.86409392e+00  9.00456000e-10  2.84623384e+00 
 9.00656000e-10  3.86400650e+00  9.00656000e-10  2.86790431e+00 
 9.00856000e-10  3.85779590e+00  9.00856000e-10  2.88647071e+00 
 9.01056000e-10  3.84543142e+00  9.01056000e-10  2.90081345e+00 
 9.01256000e-10  3.82709586e+00  9.01256000e-10  2.91041358e+00 
 9.01456000e-10  3.80327357e+00  9.01456000e-10  2.91535082e+00 
 9.01656000e-10  3.77477051e+00  9.01656000e-10  2.91623417e+00 
 9.01856000e-10  3.74267917e+00  9.01856000e-10  2.91410176e+00 
 9.02056000e-10  3.70830331e+00  9.02056000e-10  2.91030530e+00 
 9.02256000e-10  3.67305667e+00  9.02256000e-10  2.90638550e+00 
 9.02456000e-10  3.63834863e+00  9.02456000e-10  2.90394403e+00 
 9.02656000e-10  3.60547005e+00  9.02656000e-10  2.90451763e+00 
 9.02856000e-10  3.57549231e+00  9.02856000e-10  2.90945844e+00 
 9.03056000e-10  3.54919187e+00  9.03056000e-10  2.91982487e+00 
 9.03256000e-10  3.52700482e+00  9.03256000e-10  2.93629210e+00 
 9.03456000e-10  3.50900120e+00  9.03456000e-10  2.95910417e+00 
 9.03656000e-10  3.49485725e+00  9.03656000e-10  2.98809424e+00 
 9.03856000e-10  3.48380949e+00  9.03856000e-10  3.02278592e+00 
 9.04056000e-10  3.47457654e+00  9.04056000e-10  3.06258322e+00 
 9.04256000e-10  3.46517231e+00  9.04256000e-10  3.10712579e+00 
 9.04456000e-10  3.45222868e+00  9.04456000e-10  3.15720115e+00 
 9.04656000e-10  3.42187658e+00  9.04656000e-10  3.22456923e+00 
 9.04856000e-10  3.37189439e+00  9.04856000e-10  3.30550700e+00 
 9.05056000e-10  3.31240432e+00  9.05056000e-10  3.38799725e+00 
 9.05256000e-10  3.24965872e+00  9.05256000e-10  3.46709462e+00 
 9.05456000e-10  3.18547616e+00  9.05456000e-10  3.54051858e+00 
 9.05656000e-10  3.12026893e+00  9.05656000e-10  3.60650137e+00 
 9.05856000e-10  3.05404953e+00  9.05856000e-10  3.66447228e+00 
 9.06056000e-10  2.98681171e+00  9.06056000e-10  3.71444521e+00 
 9.06256000e-10  2.92030228e+00  9.06256000e-10  3.75593040e+00 
 9.06456000e-10  2.86127477e+00  9.06456000e-10  3.78314179e+00 
 9.06656000e-10  2.81384325e+00  9.06656000e-10  3.79315164e+00 
 9.06856000e-10  2.77783516e+00  9.06856000e-10  3.78916989e+00 
 9.07056000e-10  2.75271080e+00  9.07056000e-10  3.77569652e+00 
 9.07256000e-10  2.73713256e+00  9.07256000e-10  3.75765213e+00 
 9.07456000e-10  2.73021647e+00  9.07456000e-10  3.73898461e+00 
 9.07656000e-10  2.73164006e+00  9.07656000e-10  3.72234217e+00 
 9.07856000e-10  2.74108215e+00  9.07856000e-10  3.70935175e+00 
 9.08056000e-10  2.75796863e+00  9.08056000e-10  3.70080177e+00 
 9.08256000e-10  2.78141758e+00  9.08256000e-10  3.69676643e+00 
 9.08456000e-10  2.81026306e+00  9.08456000e-10  3.69671998e+00 
 9.08656000e-10  2.84310626e+00  9.08656000e-10  3.69966002e+00 
 9.08856000e-10  2.87838841e+00  9.08856000e-10  3.70423878e+00 
 9.09056000e-10  2.91448460e+00  9.09056000e-10  3.70889880e+00 
 9.09256000e-10  2.94981338e+00  9.09256000e-10  3.71200856e+00 
 9.09456000e-10  2.98295131e+00  9.09456000e-10  3.71199376e+00 
 9.09656000e-10  3.01273927e+00  9.09656000e-10  3.70745958e+00 
 9.09856000e-10  3.03836597e+00  9.09856000e-10  3.69730101e+00 
 9.10056000e-10  3.05941798e+00  9.10056000e-10  3.68079688e+00 
 9.10256000e-10  3.07589850e+00  9.10256000e-10  3.65767430e+00 
 9.10456000e-10  3.08823339e+00  9.10456000e-10  3.62811448e+00 
 9.10656000e-10  3.09728729e+00  9.10656000e-10  3.59266878e+00 
 9.10856000e-10  3.10440595e+00  9.10856000e-10  3.55206690e+00 
 9.11056000e-10  3.11153535e+00  9.11056000e-10  3.50686603e+00 
 9.11256000e-10  3.12167202e+00  9.11256000e-10  3.45663024e+00 
 9.11456000e-10  3.14568731e+00  9.11456000e-10  3.39073767e+00 
 9.11656000e-10  3.18584679e+00  9.11656000e-10  3.30720398e+00 
 9.11856000e-10  3.23508361e+00  9.11856000e-10  3.21961276e+00 
 9.12056000e-10  3.29125048e+00  9.12056000e-10  3.13770143e+00 
 9.12256000e-10  3.35378940e+00  9.12256000e-10  3.06541714e+00 
 9.12456000e-10  3.42163539e+00  9.12456000e-10  3.00407225e+00 
 9.12656000e-10  3.49341045e+00  9.12656000e-10  2.95378054e+00 
 9.12856000e-10  3.56833314e+00  9.12856000e-10  2.91307874e+00 
 9.13056000e-10  3.64460078e+00  9.13056000e-10  2.88059018e+00 
 9.13256000e-10  3.71651631e+00  9.13256000e-10  2.85957233e+00 
 9.13456000e-10  3.77852928e+00  9.13456000e-10  2.85157921e+00 
 9.13656000e-10  3.82792677e+00  9.13656000e-10  2.85486589e+00 
 9.13856000e-10  3.86380086e+00  9.13856000e-10  2.86623211e+00 
 9.14056000e-10  3.88638657e+00  9.14056000e-10  2.88167430e+00 
 9.14256000e-10  3.89671331e+00  9.14256000e-10  2.89692442e+00 
 9.14456000e-10  3.89590392e+00  9.14456000e-10  2.90901391e+00 
 9.14656000e-10  3.88494071e+00  9.14656000e-10  2.91641075e+00 
 9.14856000e-10  3.86487528e+00  9.14856000e-10  2.91846979e+00 
 9.15056000e-10  3.83697115e+00  9.15056000e-10  2.91527436e+00 
 9.15256000e-10  3.80276930e+00  9.15256000e-10  2.90758747e+00 
 9.15456000e-10  3.76407833e+00  9.15456000e-10  2.89674927e+00 
 9.15656000e-10  3.72290096e+00  9.15656000e-10  2.88451610e+00 
 9.15856000e-10  3.68131461e+00  9.15856000e-10  2.87287367e+00 
 9.16056000e-10  3.64132721e+00  9.16056000e-10  2.86384862e+00 
 9.16256000e-10  3.60472832e+00  9.16256000e-10  2.85933370e+00 
 9.16456000e-10  3.57295376e+00  9.16456000e-10  2.86093537e+00 
 9.16656000e-10  3.54697932e+00  9.16656000e-10  2.86984905e+00 
 9.16856000e-10  3.52725638e+00  9.16856000e-10  2.88676444e+00 
 9.17056000e-10  3.51369519e+00  9.17056000e-10  2.91180602e+00 
 9.17256000e-10  3.50568594e+00  9.17256000e-10  2.94452433e+00 
 9.17456000e-10  3.50213297e+00  9.17456000e-10  2.98396165e+00 
 9.17656000e-10  3.50147767e+00  9.17656000e-10  3.02880579e+00 
 9.17856000e-10  3.50169077e+00  9.17856000e-10  3.07763456e+00 
 9.18056000e-10  3.50016684e+00  9.18056000e-10  3.12930706e+00 
 9.18256000e-10  3.49319821e+00  9.18256000e-10  3.18382423e+00 
 9.18456000e-10  3.46761956e+00  9.18456000e-10  3.25152583e+00 
 9.18656000e-10  3.41926887e+00  9.18656000e-10  3.33061625e+00 
 9.18856000e-10  3.35785095e+00  9.18856000e-10  3.40899100e+00 
 9.19056000e-10  3.29019211e+00  9.19056000e-10  3.48172921e+00 
 9.19256000e-10  3.21879210e+00  9.19256000e-10  3.54698730e+00 
 9.19456000e-10  3.14476982e+00  9.19456000e-10  3.60358201e+00 
 9.19656000e-10  3.06905226e+00  9.19656000e-10  3.65131727e+00 
 9.19856000e-10  2.99177405e+00  9.19856000e-10  3.69211829e+00 
 9.20056000e-10  2.91499956e+00  9.20056000e-10  3.72634699e+00 
 9.20256000e-10  2.84801175e+00  9.20256000e-10  3.74678029e+00 
 9.20456000e-10  2.79310268e+00  9.20456000e-10  3.75344281e+00 
 9.20656000e-10  2.75203877e+00  9.20656000e-10  3.74861136e+00 
 9.20856000e-10  2.72444155e+00  9.20856000e-10  3.73680058e+00 
 9.21056000e-10  2.70939442e+00  9.21056000e-10  3.72264170e+00 
 9.21256000e-10  2.70590939e+00  9.21256000e-10  3.70964776e+00 
 9.21456000e-10  2.71312465e+00  9.21456000e-10  3.70014585e+00 
 9.21656000e-10  2.73010075e+00  9.21656000e-10  3.69537304e+00 
 9.21856000e-10  2.75560286e+00  9.21856000e-10  3.69561648e+00 
 9.22056000e-10  2.78804690e+00  9.22056000e-10  3.70036209e+00 
 9.22256000e-10  2.82555773e+00  9.22256000e-10  3.70845715e+00 
 9.22456000e-10  2.86607421e+00  9.22456000e-10  3.71828811e+00 
 9.22656000e-10  2.90747539e+00  9.22656000e-10  3.72796535e+00 
 9.22856000e-10  2.94771892e+00  9.22856000e-10  3.73550561e+00 
 9.23056000e-10  2.98498280e+00  9.23056000e-10  3.73900387e+00 
 9.23256000e-10  3.01779681e+00  9.23256000e-10  3.73678855e+00 
 9.23456000e-10  3.04514732e+00  9.23456000e-10  3.72755532e+00 
 9.23656000e-10  3.06654222e+00  9.23656000e-10  3.71047476e+00 
 9.23856000e-10  3.08203673e+00  9.23856000e-10  3.68525971e+00 
 9.24056000e-10  3.09224122e+00  9.24056000e-10  3.65216072e+00 
 9.24256000e-10  3.09834392e+00  9.24256000e-10  3.61184730e+00 
 9.24456000e-10  3.10219068e+00  9.24456000e-10  3.56512591e+00 
 9.24656000e-10  3.10657239e+00  9.24656000e-10  3.51231448e+00 
 9.24856000e-10  3.11953605e+00  9.24856000e-10  3.44740524e+00 
 9.25056000e-10  3.14699993e+00  9.25056000e-10  3.36561426e+00 
 9.25256000e-10  3.18374245e+00  9.25256000e-10  3.27739064e+00 
 9.25456000e-10  3.22812951e+00  9.25456000e-10  3.19259098e+00 
 9.25656000e-10  3.28013830e+00  9.25656000e-10  3.11628137e+00 
 9.25856000e-10  3.33931747e+00  9.25856000e-10  3.05068507e+00 
 9.26056000e-10  3.40453209e+00  9.26056000e-10  2.99674854e+00 
 9.26256000e-10  3.47442106e+00  9.26256000e-10  2.95445320e+00 
 9.26456000e-10  3.54803321e+00  9.26456000e-10  2.92230327e+00 
 9.26656000e-10  3.62359719e+00  9.26656000e-10  2.89844162e+00 
 9.26856000e-10  3.69818647e+00  9.26856000e-10  2.88215901e+00 
 9.27056000e-10  3.76526757e+00  9.27056000e-10  2.87604650e+00 
 9.27256000e-10  3.81886790e+00  9.27256000e-10  2.88138056e+00 
 9.27456000e-10  3.85774714e+00  9.27456000e-10  2.89418213e+00 
 9.27656000e-10  3.88241568e+00  9.27656000e-10  2.91009547e+00 
 9.27856000e-10  3.89391995e+00  9.27856000e-10  2.92488262e+00 
 9.28056000e-10  3.89319760e+00  9.28056000e-10  2.93575187e+00 
 9.28256000e-10  3.88118476e+00  9.28256000e-10  2.94120190e+00 
 9.28456000e-10  3.85902238e+00  9.28456000e-10  2.94069447e+00 
 9.28656000e-10  3.82816534e+00  9.28656000e-10  2.93451863e+00 
 9.28856000e-10  3.79040338e+00  9.28856000e-10  2.92370013e+00 
 9.29056000e-10  3.74781302e+00  9.29056000e-10  2.90986788e+00 
 9.29256000e-10  3.70265436e+00  9.29256000e-10  2.89507368e+00 
 9.29456000e-10  3.65722853e+00  9.29456000e-10  2.88158834e+00 
 9.29656000e-10  3.61371627e+00  9.29656000e-10  2.87169529e+00 
 9.29856000e-10  3.57401955e+00  9.29856000e-10  2.86749567e+00 
 9.30056000e-10  3.53962621e+00  9.30056000e-10  2.87073400e+00 
 9.30256000e-10  3.51150942e+00  9.30256000e-10  2.88265675e+00 
 9.30456000e-10  3.49005586e+00  9.30456000e-10  2.90392850e+00 
 9.30656000e-10  3.47499660e+00  9.30656000e-10  2.93464351e+00 
 9.30856000e-10  3.46530033e+00  9.30856000e-10  2.97447450e+00 
 9.31056000e-10  3.45893475e+00  9.31056000e-10  3.02305148e+00 
 9.31256000e-10  3.45197902e+00  9.31256000e-10  3.08110340e+00 
 9.31456000e-10  3.43270551e+00  9.31456000e-10  3.15677881e+00 
 9.31656000e-10  3.40117296e+00  9.31656000e-10  3.24288944e+00 
 9.31856000e-10  3.36261408e+00  9.31856000e-10  3.33085857e+00 
 9.32056000e-10  3.32002302e+00  9.32056000e-10  3.41620360e+00 
 9.32256000e-10  3.27377379e+00  9.32256000e-10  3.49581309e+00 
 9.32456000e-10  3.22351089e+00  9.32456000e-10  3.56699336e+00 
 9.32656000e-10  3.16910308e+00  9.32656000e-10  3.62775350e+00 
 9.32856000e-10  3.11062472e+00  9.32856000e-10  3.67743407e+00 
 9.33056000e-10  3.04761207e+00  9.33056000e-10  3.71739737e+00 
 9.33256000e-10  2.98054806e+00  9.33256000e-10  3.74931959e+00 
 9.33456000e-10  2.91735158e+00  9.33456000e-10  3.76702075e+00 
 9.33656000e-10  2.86157583e+00  9.33656000e-10  3.76913745e+00 
 9.33856000e-10  2.81443139e+00  9.33856000e-10  3.75867751e+00 
 9.34056000e-10  2.77713042e+00  9.34056000e-10  3.73954252e+00 
 9.34256000e-10  2.75014591e+00  9.34256000e-10  3.71615596e+00 
 9.34456000e-10  2.73362349e+00  9.34456000e-10  3.69263687e+00 
 9.34656000e-10  2.72769018e+00  9.34656000e-10  3.67214118e+00 
 9.34856000e-10  2.73231206e+00  9.34856000e-10  3.65677232e+00 
 9.35056000e-10  2.74711077e+00  9.35056000e-10  3.64765136e+00 
 9.35256000e-10  2.77126762e+00  9.35256000e-10  3.64500018e+00 
 9.35456000e-10  2.80351104e+00  9.35456000e-10  3.64823906e+00 
 9.35656000e-10  2.84216760e+00  9.35656000e-10  3.65611004e+00 
 9.35856000e-10  2.88526013e+00  9.35856000e-10  3.66682705e+00 
 9.36056000e-10  2.93063968e+00  9.36056000e-10  3.67824784e+00 
 9.36256000e-10  2.97613781e+00  9.36256000e-10  3.68806118e+00 
 9.36456000e-10  3.01972285e+00  9.36456000e-10  3.69398140e+00 
 9.36656000e-10  3.05964750e+00  9.36656000e-10  3.69393633e+00 
 9.36856000e-10  3.09458986e+00  9.36856000e-10  3.68621693e+00 
 9.37056000e-10  3.12381027e+00  9.37056000e-10  3.66953491e+00 
 9.37256000e-10  3.14736833e+00  9.37256000e-10  3.64291007e+00 
 9.37456000e-10  3.16655477e+00  9.37456000e-10  3.60517227e+00 
 9.37656000e-10  3.18821653e+00  9.37656000e-10  3.54936722e+00 
 9.37856000e-10  3.21583264e+00  9.37856000e-10  3.47251352e+00 
 9.38056000e-10  3.24534038e+00  9.38056000e-10  3.38357197e+00 
 9.38256000e-10  3.27628263e+00  9.38256000e-10  3.29136091e+00 
 9.38456000e-10  3.30968494e+00  9.38456000e-10  3.20143975e+00 
 9.38656000e-10  3.34643655e+00  9.38656000e-10  3.11735803e+00 
 9.38856000e-10  3.38704183e+00  9.38856000e-10  3.04177466e+00 
 9.39056000e-10  3.43177857e+00  9.39056000e-10  2.97668372e+00 
 9.39256000e-10  3.48101648e+00  9.39256000e-10  2.92303055e+00 
 9.39456000e-10  3.53558626e+00  9.39456000e-10  2.87990814e+00 
 9.39656000e-10  3.59560410e+00  9.39656000e-10  2.84612722e+00 
 9.39856000e-10  3.65495134e+00  9.39856000e-10  2.82672967e+00 
 9.40056000e-10  3.70926003e+00  9.40056000e-10  2.82236502e+00 
 9.40256000e-10  3.75628566e+00  9.40256000e-10  2.83112645e+00 
 9.40456000e-10  3.79466419e+00  9.40456000e-10  2.85013189e+00 
 9.40656000e-10  3.82408100e+00  9.40656000e-10  2.87504471e+00 
 9.40856000e-10  3.84454628e+00  9.40856000e-10  2.90157455e+00 
 9.41056000e-10  3.85587223e+00  9.41056000e-10  2.92639106e+00 
 9.41256000e-10  3.85780311e+00  9.41256000e-10  2.94709667e+00 
 9.41456000e-10  3.85024284e+00  9.41456000e-10  2.96210074e+00 
 9.41656000e-10  3.83341768e+00  9.41656000e-10  2.97060413e+00 
 9.41856000e-10  3.80796951e+00  9.41856000e-10  2.97260184e+00 
 9.42056000e-10  3.77498249e+00  9.42056000e-10  2.96883668e+00 
 9.42256000e-10  3.73594651e+00  9.42256000e-10  2.96069497e+00 
 9.42456000e-10  3.69266667e+00  9.42456000e-10  2.95005751e+00 
 9.42656000e-10  3.64713512e+00  9.42656000e-10  2.93912086e+00 
 9.42856000e-10  3.60138494e+00  9.42856000e-10  2.93020165e+00 
 9.43056000e-10  3.55734010e+00  9.43056000e-10  2.92554114e+00 
 9.43256000e-10  3.51666049e+00  9.43256000e-10  2.92714109e+00 
 9.43456000e-10  3.48056137e+00  9.43456000e-10  2.93667686e+00 
 9.43656000e-10  3.44956840e+00  9.43656000e-10  2.95554535e+00 
 9.43856000e-10  3.42308284e+00  9.43856000e-10  2.98519229e+00 
 9.44056000e-10  3.39573410e+00  9.44056000e-10  3.03106607e+00 
 9.44256000e-10  3.36005651e+00  9.44256000e-10  3.09838775e+00 
 9.44456000e-10  3.32033465e+00  9.44456000e-10  3.17801936e+00 
 9.44656000e-10  3.28129440e+00  9.44656000e-10  3.26407176e+00 
 9.44856000e-10  3.24446827e+00  9.44856000e-10  3.35290733e+00 
 9.45056000e-10  3.20925129e+00  9.45056000e-10  3.44106117e+00 
 9.45256000e-10  3.17440378e+00  9.45256000e-10  3.52504361e+00 
 9.45456000e-10  3.13868358e+00  9.45456000e-10  3.60182019e+00 
 9.45656000e-10  3.10078440e+00  9.45656000e-10  3.66946902e+00 
 9.45856000e-10  3.05873641e+00  9.45856000e-10  3.72789374e+00 
 9.46056000e-10  3.01173056e+00  9.46056000e-10  3.77706771e+00 
 9.46256000e-10  2.96507682e+00  9.46256000e-10  3.81077399e+00 
 9.46456000e-10  2.92208141e+00  9.46456000e-10  3.82541445e+00 
 9.46656000e-10  2.88296043e+00  9.46656000e-10  3.82292557e+00 
 9.46856000e-10  2.84873885e+00  9.46856000e-10  3.80623010e+00 
 9.47056000e-10  2.81939062e+00  9.47056000e-10  3.77995830e+00 
 9.47256000e-10  2.79534770e+00  9.47256000e-10  3.74859460e+00 
 9.47456000e-10  2.77740283e+00  9.47456000e-10  3.71594998e+00 
 9.47656000e-10  2.76651335e+00  9.47656000e-10  3.68508833e+00 
 9.47856000e-10  2.76353468e+00  9.47856000e-10  3.65832975e+00 
 9.48056000e-10  2.76903332e+00  9.48056000e-10  3.63724825e+00 
 9.48256000e-10  2.78317286e+00  9.48256000e-10  3.62266987e+00 
 9.48456000e-10  2.80565668e+00  9.48456000e-10  3.61469013e+00 
 9.48656000e-10  2.83572108e+00  9.48656000e-10  3.61272146e+00 
 9.48856000e-10  2.87217486e+00  9.48856000e-10  3.61557423e+00 
 9.49056000e-10  2.91347894e+00  9.49056000e-10  3.62157197e+00 
 9.49256000e-10  2.95785565e+00  9.49256000e-10  3.62869875e+00 
 9.49456000e-10  3.00341883e+00  9.49456000e-10  3.63476888e+00 
 9.49656000e-10  3.04832640e+00  9.49656000e-10  3.63759161e+00 
 9.49856000e-10  3.09097140e+00  9.49856000e-10  3.63508151e+00 
 9.50056000e-10  3.13024159e+00  9.50056000e-10  3.62524643e+00 
 9.50256000e-10  3.16594626e+00  9.50256000e-10  3.60589919e+00 
 9.50456000e-10  3.20191435e+00  9.50456000e-10  3.57090933e+00 
 9.50656000e-10  3.24394664e+00  9.50656000e-10  3.51180600e+00 
 9.50856000e-10  3.28633843e+00  9.50856000e-10  3.43569791e+00 
 9.51056000e-10  3.32686656e+00  9.51056000e-10  3.35139172e+00 
 9.51256000e-10  3.36576935e+00  9.51256000e-10  3.26463106e+00 
 9.51456000e-10  3.40364463e+00  9.51456000e-10  3.17897298e+00 
 9.51656000e-10  3.44101886e+00  9.51656000e-10  3.09721686e+00 
 9.51856000e-10  3.47849785e+00  9.51856000e-10  3.02180577e+00 
 9.52056000e-10  3.51709082e+00  9.52056000e-10  2.95445334e+00 
 9.52256000e-10  3.55858691e+00  9.52256000e-10  2.89521467e+00 
 9.52456000e-10  3.60418797e+00  9.52456000e-10  2.84408697e+00 
 9.52656000e-10  3.64868716e+00  9.52656000e-10  2.80771496e+00 
 9.52856000e-10  3.68820723e+00  9.52856000e-10  2.78880048e+00 
 9.53056000e-10  3.72194019e+00  9.53056000e-10  2.78604317e+00 
 9.53256000e-10  3.75024984e+00  9.53256000e-10  2.79663461e+00 
 9.53456000e-10  3.77361163e+00  9.53456000e-10  2.81691811e+00 
 9.53656000e-10  3.79234486e+00  9.53656000e-10  2.84299722e+00 
 9.53856000e-10  3.80624958e+00  9.53856000e-10  2.87158855e+00 
 9.54056000e-10  3.81476260e+00  9.54056000e-10  2.90000340e+00 
 9.54256000e-10  3.81719930e+00  9.54256000e-10  2.92606150e+00 
 9.54456000e-10  3.81295114e+00  9.54456000e-10  2.94811645e+00 
 9.54656000e-10  3.80163670e+00  9.54656000e-10  2.96512145e+00 
 9.54856000e-10  3.78320568e+00  9.54856000e-10  2.97666867e+00 
 9.55056000e-10  3.75799133e+00  9.55056000e-10  2.98298131e+00 
 9.55256000e-10  3.72671145e+00  9.55256000e-10  2.98485977e+00 
 9.55456000e-10  3.69042518e+00  9.55456000e-10  2.98358764e+00 
 9.55656000e-10  3.65045725e+00  9.55656000e-10  2.98080483e+00 
 9.55856000e-10  3.60829655e+00  9.55856000e-10  2.97836337e+00 
 9.56056000e-10  3.56546088e+00  9.56056000e-10  2.97819825e+00 
 9.56256000e-10  3.52330093e+00  9.56256000e-10  2.98226314e+00 
 9.56456000e-10  3.48268871e+00  9.56456000e-10  2.99260598e+00 
 9.56656000e-10  3.44336223e+00  9.56656000e-10  3.01184116e+00 
 9.56856000e-10  3.39840786e+00  9.56856000e-10  3.04892290e+00 
 9.57056000e-10  3.34637873e+00  9.57056000e-10  3.10392092e+00 
 9.57256000e-10  3.29316244e+00  9.57256000e-10  3.16987137e+00 
 9.57456000e-10  3.24338024e+00  9.57456000e-10  3.24320129e+00 
 9.57656000e-10  3.19853237e+00  9.57656000e-10  3.32142310e+00 
 9.57856000e-10  3.15838761e+00  9.57856000e-10  3.40178549e+00 
 9.58056000e-10  3.12210260e+00  9.58056000e-10  3.48132073e+00 
 9.58256000e-10  3.08860172e+00  9.58256000e-10  3.55730776e+00 
 9.58456000e-10  3.05642656e+00  9.58456000e-10  3.62786677e+00 
 9.58656000e-10  3.02320919e+00  9.58656000e-10  3.69258863e+00 
 9.58856000e-10  2.98778701e+00  9.58856000e-10  3.75054352e+00 
 9.59056000e-10  2.95435989e+00  9.59056000e-10  3.79500429e+00 
 9.59256000e-10  2.92518767e+00  9.59256000e-10  3.82160901e+00 
 9.59456000e-10  2.89953188e+00  9.59456000e-10  3.83125604e+00 
 9.59656000e-10  2.87720291e+00  9.59656000e-10  3.82612987e+00 
 9.59856000e-10  2.85769532e+00  9.59856000e-10  3.80954244e+00 
 9.60056000e-10  2.84071275e+00  9.60056000e-10  3.78517257e+00 
 9.60256000e-10  2.82656897e+00  9.60256000e-10  3.75632157e+00 
 9.60456000e-10  2.81599135e+00  9.60456000e-10  3.72578883e+00 
 9.60656000e-10  2.80986254e+00  9.60656000e-10  3.69589726e+00 
 9.60856000e-10  2.80903749e+00  9.60856000e-10  3.66848809e+00 
 9.61056000e-10  2.81420933e+00  9.61056000e-10  3.64489442e+00 
 9.61256000e-10  2.82581072e+00  9.61256000e-10  3.62591632e+00 
 9.61456000e-10  2.84394932e+00  9.61456000e-10  3.61181183e+00 
 9.61656000e-10  2.86837909e+00  9.61656000e-10  3.60231218e+00 
 9.61856000e-10  2.89850596e+00  9.61856000e-10  3.59666734e+00 
 9.62056000e-10  2.93342388e+00  9.62056000e-10  3.59372387e+00 
 9.62256000e-10  2.97198153e+00  9.62256000e-10  3.59202625e+00 
 9.62456000e-10  3.01289169e+00  9.62456000e-10  3.58991200e+00 
 9.62656000e-10  3.05490791e+00  9.62656000e-10  3.58554947e+00 
 9.62856000e-10  3.09711414e+00  9.62856000e-10  3.57683641e+00 
 9.63056000e-10  3.13952751e+00  9.63056000e-10  3.56087709e+00 
 9.63256000e-10  3.18827527e+00  9.63256000e-10  3.52751407e+00 
 9.63456000e-10  3.24283272e+00  9.63456000e-10  3.47414019e+00 
 9.63656000e-10  3.29734173e+00  9.63656000e-10  3.40822444e+00 
 9.63856000e-10  3.34982296e+00  9.63856000e-10  3.33643730e+00 
 9.64056000e-10  3.39980632e+00  9.64056000e-10  3.26241767e+00 
 9.64256000e-10  3.44699601e+00  9.64256000e-10  3.18838508e+00 
 9.64456000e-10  3.49119921e+00  9.64456000e-10  3.11625241e+00 
 9.64656000e-10  3.53260929e+00  9.64656000e-10  3.04776591e+00 
 9.64856000e-10  3.57225766e+00  9.64856000e-10  2.98396146e+00 
 9.65056000e-10  3.61100748e+00  9.65056000e-10  2.92552510e+00 
 9.65256000e-10  3.64941216e+00  9.65256000e-10  2.87349245e+00 
 9.65456000e-10  3.68375753e+00  9.65456000e-10  2.83333216e+00 
 9.65656000e-10  3.71111746e+00  9.65656000e-10  2.80813598e+00 
 9.65856000e-10  3.73197135e+00  9.65856000e-10  2.79669103e+00 
 9.66056000e-10  3.74737114e+00  9.66056000e-10  2.79729876e+00 
 9.66256000e-10  3.75853492e+00  9.66256000e-10  2.80733909e+00 
 9.66456000e-10  3.76642340e+00  9.66456000e-10  2.82400240e+00 
 9.66656000e-10  3.77145759e+00  9.66656000e-10  2.84486427e+00 
 9.66856000e-10  3.77360608e+00  9.66856000e-10  2.86789013e+00 
 9.67056000e-10  3.77255841e+00  9.67056000e-10  2.89136035e+00 
 9.67256000e-10  3.76788030e+00  9.67256000e-10  2.91387232e+00 
 9.67456000e-10  3.75914206e+00  9.67456000e-10  2.93438231e+00 
 9.67656000e-10  3.74601888e+00  9.67656000e-10  2.95224262e+00 
 9.67856000e-10  3.72835998e+00  9.67856000e-10  2.96721604e+00 
 9.68056000e-10  3.70622640e+00  9.68056000e-10  2.97946327e+00 
 9.68256000e-10  3.67990108e+00  9.68256000e-10  2.98950301e+00 
 9.68456000e-10  3.64987487e+00  9.68456000e-10  2.99814930e+00 
 9.68656000e-10  3.61680183e+00  9.68656000e-10  3.00644458e+00 
 9.68856000e-10  3.58139851e+00  9.68856000e-10  3.01562736e+00 
 9.69056000e-10  3.54423934e+00  9.69056000e-10  3.02719456e+00 
 9.69256000e-10  3.50531130e+00  9.69256000e-10  3.04321160e+00 
 9.69456000e-10  3.46031439e+00  9.69456000e-10  3.07020745e+00 
 9.69656000e-10  3.40461296e+00  9.69656000e-10  3.11338119e+00 
 9.69856000e-10  3.34367911e+00  9.69856000e-10  3.16628957e+00 
 9.70056000e-10  3.28317704e+00  9.70056000e-10  3.22560154e+00 
 9.70256000e-10  3.22614330e+00  9.70256000e-10  3.28970186e+00 
 9.70456000e-10  3.17362550e+00  9.70456000e-10  3.35688738e+00 
 9.70656000e-10  3.12582488e+00  9.70656000e-10  3.42515888e+00 
 9.70856000e-10  3.08259552e+00  9.70856000e-10  3.49248463e+00 
 9.71056000e-10  3.04342915e+00  9.71056000e-10  3.55727611e+00 
 9.71256000e-10  3.00714333e+00  9.71256000e-10  3.61879918e+00 
 9.71456000e-10  2.97168908e+00  9.71456000e-10  3.67732233e+00 
 9.71656000e-10  2.93751299e+00  9.71656000e-10  3.73071337e+00 
 9.71856000e-10  2.90762060e+00  9.71856000e-10  3.77351700e+00 
 9.72056000e-10  2.88555400e+00  9.72056000e-10  3.79997535e+00 
 9.72256000e-10  2.86991160e+00  9.72256000e-10  3.81089008e+00 
 9.72456000e-10  2.85905055e+00  9.72456000e-10  3.80927248e+00 
 9.72656000e-10  2.85135302e+00  9.72656000e-10  3.79858148e+00 
 9.72856000e-10  2.84600061e+00  9.72856000e-10  3.78168067e+00 
 9.73056000e-10  2.84278666e+00  9.73056000e-10  3.76083523e+00 
 9.73256000e-10  2.84185302e+00  9.73256000e-10  3.73788900e+00 
 9.73456000e-10  2.84352811e+00  9.73456000e-10  3.71435324e+00 
 9.73656000e-10  2.84821744e+00  9.73656000e-10  3.69142942e+00 
 9.73856000e-10  2.85631822e+00  9.73856000e-10  3.67000671e+00 
 9.74056000e-10  2.86814932e+00  9.74056000e-10  3.65065407e+00 
 9.74256000e-10  2.88389837e+00  9.74256000e-10  3.63361650e+00 
 9.74456000e-10  2.90358801e+00  9.74456000e-10  3.61882278e+00 
 9.74656000e-10  2.92705987e+00  9.74656000e-10  3.60591136e+00 
 9.74856000e-10  2.95397591e+00  9.74856000e-10  3.59427599e+00 
 9.75056000e-10  2.98384498e+00  9.75056000e-10  3.58311824e+00 
 9.75256000e-10  3.01609512e+00  9.75256000e-10  3.57147338e+00 
 9.75456000e-10  3.05022138e+00  9.75456000e-10  3.55815993e+00 
 9.75656000e-10  3.08607002e+00  9.75656000e-10  3.54156118e+00 
 9.75856000e-10  3.12457628e+00  9.75856000e-10  3.51881276e+00 
 9.76056000e-10  3.17337522e+00  9.76056000e-10  3.47851971e+00 
 9.76256000e-10  3.22954795e+00  9.76256000e-10  3.42133170e+00 
 9.76456000e-10  3.28759177e+00  9.76456000e-10  3.35552646e+00 
 9.76656000e-10  3.34559807e+00  9.76656000e-10  3.28723404e+00 
 9.76856000e-10  3.40271547e+00  9.76856000e-10  3.21930516e+00 
 9.77056000e-10  3.45809056e+00  9.77056000e-10  3.15325446e+00 
 9.77256000e-10  3.51094013e+00  9.77256000e-10  3.09028077e+00 
 9.77456000e-10  3.56098027e+00  9.77456000e-10  3.03125541e+00 
 9.77656000e-10  3.60893384e+00  9.77656000e-10  2.97604953e+00 
 9.77856000e-10  3.65486394e+00  9.77856000e-10  2.92492406e+00 
 9.78056000e-10  3.69796606e+00  9.78056000e-10  2.87942372e+00 
 9.78256000e-10  3.73426527e+00  9.78256000e-10  2.84416351e+00 
 9.78456000e-10  3.75992968e+00  9.78456000e-10  2.82295235e+00 
 9.78656000e-10  3.77551213e+00  9.78656000e-10  2.81422867e+00 
 9.78856000e-10  3.78332255e+00  9.78856000e-10  2.81509182e+00 
 9.79056000e-10  3.78568793e+00  9.79056000e-10  2.82239500e+00 
 9.79256000e-10  3.78409169e+00  9.79256000e-10  2.83388608e+00 
 9.79456000e-10  3.77935758e+00  9.79456000e-10  2.84796384e+00 
 9.79656000e-10  3.77191549e+00  9.79656000e-10  2.86339486e+00 
 9.79856000e-10  3.76197112e+00  9.79856000e-10  2.87921862e+00 
 9.80056000e-10  3.74961568e+00  9.80056000e-10  2.89473950e+00 
 9.80256000e-10  3.73490334e+00  9.80256000e-10  2.90953036e+00 
 9.80456000e-10  3.71790384e+00  9.80456000e-10  2.92342335e+00 
 9.80656000e-10  3.69873163e+00  9.80656000e-10  2.93648813e+00 
 9.80856000e-10  3.67755564e+00  9.80856000e-10  2.94900003e+00 
 9.81056000e-10  3.65459643e+00  9.81056000e-10  2.96139803e+00 
 9.81256000e-10  3.63011772e+00  9.81256000e-10  2.97423174e+00 
 9.81456000e-10  3.60441296e+00  9.81456000e-10  2.98810465e+00 
 9.81656000e-10  3.57777200e+00  9.81656000e-10  3.00363702e+00 
 9.81856000e-10  3.55039905e+00  9.81856000e-10  3.02148426e+00 
 9.82056000e-10  3.52224345e+00  9.82056000e-10  3.04245273e+00 
 9.82256000e-10  3.49263428e+00  9.82256000e-10  3.06783134e+00 
 9.82456000e-10  3.45723691e+00  9.82456000e-10  3.10269311e+00 
 9.82656000e-10  3.40745043e+00  9.82656000e-10  3.15537896e+00 
 9.82856000e-10  3.34853664e+00  9.82856000e-10  3.21760535e+00 
 9.83056000e-10  3.28750862e+00  9.83056000e-10  3.28414215e+00 
 9.83256000e-10  3.22797581e+00  9.83256000e-10  3.35272782e+00 
 9.83456000e-10  3.17109802e+00  9.83456000e-10  3.42150912e+00 
 9.83656000e-10  3.11718761e+00  9.83656000e-10  3.48852529e+00 
 9.83856000e-10  3.06630177e+00  9.83856000e-10  3.55211771e+00 
 9.84056000e-10  3.01799373e+00  9.84056000e-10  3.61168262e+00 
 9.84256000e-10  2.97165031e+00  9.84256000e-10  3.66669371e+00 
 9.84456000e-10  2.92733940e+00  9.84456000e-10  3.71654828e+00 
 9.84656000e-10  2.88923764e+00  9.84656000e-10  3.75589510e+00 
 9.84856000e-10  2.86014900e+00  9.84856000e-10  3.78067959e+00 
 9.85056000e-10  2.83911839e+00  9.85056000e-10  3.79211017e+00 
 9.85256000e-10  2.82524283e+00  9.85256000e-10  3.79259814e+00 
 9.85456000e-10  2.81720273e+00  9.85456000e-10  3.78512169e+00 
 9.85656000e-10  2.81385604e+00  9.85656000e-10  3.77250804e+00 
 9.85856000e-10  2.81455935e+00  9.85856000e-10  3.75698638e+00 
 9.86056000e-10  2.81898270e+00  9.86056000e-10  3.74021966e+00 
 9.86256000e-10  2.82692662e+00  9.86256000e-10  3.72340284e+00 
 9.86456000e-10  2.83822561e+00  9.86456000e-10  3.70732975e+00 
 9.86656000e-10  2.85269909e+00  9.86656000e-10  3.69244023e+00 
 9.86856000e-10  2.87012344e+00  9.86856000e-10  3.67886112e+00 
 9.87056000e-10  2.89021802e+00  9.87056000e-10  3.66644629e+00 
 9.87256000e-10  2.91264471e+00  9.87256000e-10  3.65481919e+00 
 9.87456000e-10  2.93701840e+00  9.87456000e-10  3.64342178e+00 
 9.87656000e-10  2.96292412e+00  9.87656000e-10  3.63157327e+00 
 9.87856000e-10  2.98994119e+00  9.87856000e-10  3.61853348e+00 
 9.88056000e-10  3.01768823e+00  9.88056000e-10  3.60354711e+00 
 9.88256000e-10  3.04591755e+00  9.88256000e-10  3.58582377e+00 
 9.88456000e-10  3.07470456e+00  9.88456000e-10  3.56438435e+00 
 9.88656000e-10  3.10489128e+00  9.88656000e-10  3.53755898e+00 
 9.88856000e-10  3.14257824e+00  9.88856000e-10  3.49727493e+00 
 9.89056000e-10  3.18986361e+00  9.89056000e-10  3.43938176e+00 
 9.89256000e-10  3.24102223e+00  9.89256000e-10  3.37149461e+00 
 9.89456000e-10  3.29392313e+00  9.89456000e-10  3.30080314e+00 
 9.89656000e-10  3.34795463e+00  9.89656000e-10  3.23115558e+00 
 9.89856000e-10  3.40247822e+00  9.89856000e-10  3.16450685e+00 
 9.90056000e-10  3.45669952e+00  9.90056000e-10  3.10217596e+00 
 9.90256000e-10  3.50995105e+00  9.90256000e-10  3.04515112e+00 
 9.90456000e-10  3.56208920e+00  9.90456000e-10  2.99374143e+00 
 9.90656000e-10  3.61391283e+00  9.90656000e-10  2.94679175e+00 
 9.90856000e-10  3.66550765e+00  9.90856000e-10  2.90390869e+00 
 9.91056000e-10  3.71140196e+00  9.91056000e-10  2.87087528e+00 
 9.91256000e-10  3.74759646e+00  9.91256000e-10  2.85029413e+00 
 9.91456000e-10  3.77398067e+00  9.91456000e-10  2.84052465e+00 
 9.91656000e-10  3.79098540e+00  9.91656000e-10  2.84012690e+00 
 9.91856000e-10  3.80007602e+00  9.91856000e-10  2.84613060e+00 
 9.92056000e-10  3.80263554e+00  9.92056000e-10  2.85593079e+00 
 9.92256000e-10  3.79966852e+00  9.92256000e-10  2.86754221e+00 
 9.92456000e-10  3.79187854e+00  9.92456000e-10  2.87958247e+00 
 9.92656000e-10  3.77980163e+00  9.92656000e-10  2.89112887e+00 
 9.92856000e-10  3.76391090e+00  9.92856000e-10  2.90164993e+00 
 9.93056000e-10  3.74468430e+00  9.93056000e-10  2.91097601e+00 
 9.93256000e-10  3.72263973e+00  9.93256000e-10  2.91926456e+00 
 9.93456000e-10  3.69834168e+00  9.93456000e-10  2.92694854e+00 
 9.93656000e-10  3.67238530e+00  9.93656000e-10  2.93467097e+00 
 9.93856000e-10  3.64536676e+00  9.93856000e-10  2.94320981e+00 
 9.94056000e-10  3.61784913e+00  9.94056000e-10  2.95339651e+00 
 9.94256000e-10  3.59032591e+00  9.94256000e-10  2.96603926e+00 
 9.94456000e-10  3.56316724e+00  9.94456000e-10  2.98187781e+00 
 9.94656000e-10  3.53651582e+00  9.94656000e-10  3.00161256e+00 
 9.94856000e-10  3.51007424e+00  9.94856000e-10  3.02607120e+00 
 9.95056000e-10  3.48256883e+00  9.95056000e-10  3.05674216e+00 
 9.95256000e-10  3.44632636e+00  9.95256000e-10  3.10163433e+00 
 9.95456000e-10  3.39855668e+00  9.95456000e-10  3.16106658e+00 
 9.95656000e-10  3.34502513e+00  9.95656000e-10  3.22739345e+00 
 9.95856000e-10  3.29069367e+00  9.95856000e-10  3.29689585e+00 
 9.96056000e-10  3.23755676e+00  9.96056000e-10  3.36743325e+00 
 9.96256000e-10  3.18605357e+00  9.96256000e-10  3.43690966e+00 
 9.96456000e-10  3.13621248e+00  9.96456000e-10  3.50324210e+00 
 9.96656000e-10  3.08797519e+00  9.96656000e-10  3.56478940e+00 
 9.96856000e-10  3.04094039e+00  9.96856000e-10  3.62088400e+00 
 9.97056000e-10  2.99375143e+00  9.97056000e-10  3.67236189e+00 
 9.97256000e-10  2.94668789e+00  9.97256000e-10  3.71881370e+00 
 9.97456000e-10  2.90463558e+00  9.97456000e-10  3.75450724e+00 
 9.97656000e-10  2.87077400e+00  9.97656000e-10  3.77544651e+00 
 9.97856000e-10  2.84456699e+00  9.97856000e-10  3.78303566e+00 
 9.98056000e-10  2.82567050e+00  9.98056000e-10  3.77981896e+00 
 9.98256000e-10  2.81320322e+00  9.98256000e-10  3.76902930e+00 
 9.98456000e-10  2.80632106e+00  9.98456000e-10  3.75381620e+00 
 9.98656000e-10  2.80458981e+00  9.98656000e-10  3.73666087e+00 
 9.98856000e-10  2.80780987e+00  9.98856000e-10  3.71937749e+00 
 9.99056000e-10  2.81582940e+00  9.99056000e-10  3.70321568e+00 
 9.99256000e-10  2.82844145e+00  9.99256000e-10  3.68893116e+00 
 9.99456000e-10  2.84533422e+00  9.99456000e-10  3.67683738e+00 
 9.99656000e-10  2.86607190e+00  9.99656000e-10  3.66685559e+00 
 9.99828000e-10  2.88661795e+00  9.99828000e-10  3.65963996e+00 
 1.00000000e-09  2.90920290e+00  1.00000000e-09  3.65327782e+00 
