# Logfile created on 2026-07-14 10:30:30 -0400 by logger.rb/61378
2026-07-14 10:30:30 -0400: Memory Usage (412312K) : Starting running IHP-SG13G2 KLayout DRC runset on /home/bthomas3/Videos/77GHz_phased_array/layout/VCO_77G.gds
2026-07-14 10:30:30 -0400: Memory Usage (412312K) : Ruby Version for klayout: 2.5.9
2026-07-14 10:30:30 -0400: Memory Usage (412312K) : Loading database to memory is complete.
2026-07-14 10:30:30 -0400: Memory Usage (412312K) : IHP-SG13G2 KLayout DRC runset output at: /home/bthomas3/Videos/77GHz_phased_array/layout/drc_out/VCO_77G_VCO_77G_main.lyrdb
2026-07-14 10:30:30 -0400: Memory Usage (412312K) : Evaluate switches.
2026-07-14 10:30:30 -0400: Memory Usage (412312K) : tables selected: main
2026-07-14 10:30:30 -0400: Memory Usage (412312K) : KLayout will use 6 thread(s) in tiling mode.
2026-07-14 10:30:30 -0400: Memory Usage (412312K) : deep mode is enabled.
2026-07-14 10:30:30 -0400: Memory Usage (412312K) : FEOL enabled: false
2026-07-14 10:30:30 -0400: Memory Usage (412312K) : BEOL enabled: true
2026-07-14 10:30:30 -0400: Memory Usage (412312K) : OFFGRID enabled: true
2026-07-14 10:30:30 -0400: Memory Usage (412312K) : ANGLE enabled: true
2026-07-14 10:30:30 -0400: Memory Usage (412312K) : PIN enabled: true
2026-07-14 10:30:30 -0400: Memory Usage (412312K) : FORBIDDEN enabled: true
2026-07-14 10:30:30 -0400: Memory Usage (412312K) : RECOMMENDED enabled: true
2026-07-14 10:30:30 -0400: Memory Usage (412312K) : PreCheck DRC enabled: false
2026-07-14 10:30:30 -0400: Memory Usage (412312K) : CONNECTIVITY_RULES enabled: false.
2026-07-14 10:30:30 -0400: Memory Usage (412312K) : Read in polygons from layers.
2026-07-14 10:30:30 -0400: Memory Usage (412312K) : activ_drw has 0 polygons
2026-07-14 10:30:30 -0400: Memory Usage (412312K) : activ_pin has 0 polygons
2026-07-14 10:30:30 -0400: Memory Usage (412312K) : activ_mask has 0 polygons
2026-07-14 10:30:30 -0400: Memory Usage (412312K) : activ_filler has 0 polygons
2026-07-14 10:30:30 -0400: Memory Usage (412312K) : activ_nofill has 0 polygons
2026-07-14 10:30:30 -0400: Memory Usage (412312K) : activ_opc has 0 polygons
2026-07-14 10:30:30 -0400: Memory Usage (412312K) : activ_iopc has 0 polygons
2026-07-14 10:30:30 -0400: Memory Usage (412312K) : activ_noqrc has 0 polygons
2026-07-14 10:30:30 -0400: Memory Usage (412312K) : biwind_drw has 0 polygons
2026-07-14 10:30:30 -0400: Memory Usage (412312K) : biwind_opc has 0 polygons
2026-07-14 10:30:30 -0400: Memory Usage (412312K) : pemwind_drw has 0 polygons
2026-07-14 10:30:30 -0400: Memory Usage (412312K) : gatpoly_drw has 0 polygons
2026-07-14 10:30:30 -0400: Memory Usage (412312K) : gatpoly_pin has 0 polygons
2026-07-14 10:30:30 -0400: Memory Usage (412312K) : gatpoly_filler has 0 polygons
2026-07-14 10:30:30 -0400: Memory Usage (412312K) : gatpoly_nofill has 0 polygons
2026-07-14 10:30:30 -0400: Memory Usage (412312K) : gatpoly_opc has 0 polygons
2026-07-14 10:30:30 -0400: Memory Usage (412312K) : gatpoly_iopc has 0 polygons
2026-07-14 10:30:30 -0400: Memory Usage (412312K) : gatpoly_noqrc has 0 polygons
2026-07-14 10:30:30 -0400: Memory Usage (412312K) : cont_drw has 0 polygons
2026-07-14 10:30:30 -0400: Memory Usage (412312K) : cont_opc has 0 polygons
2026-07-14 10:30:30 -0400: Memory Usage (412312K) : nsd_drw has 0 polygons
2026-07-14 10:30:30 -0400: Memory Usage (412312K) : nsd_block has 0 polygons
2026-07-14 10:30:30 -0400: Memory Usage (413796K) : metal1_drw has 2 polygons
2026-07-14 10:30:30 -0400: Memory Usage (413796K) : metal1_pin has 0 polygons
2026-07-14 10:30:30 -0400: Memory Usage (413796K) : metal1_mask has 0 polygons
2026-07-14 10:30:30 -0400: Memory Usage (413796K) : metal1_filler has 0 polygons
2026-07-14 10:30:30 -0400: Memory Usage (413796K) : metal1_nofill has 0 polygons
2026-07-14 10:30:30 -0400: Memory Usage (413796K) : metal1_slit has 0 polygons
2026-07-14 10:30:30 -0400: Memory Usage (413796K) : metal1_text has 0 polygons
2026-07-14 10:30:30 -0400: Memory Usage (413796K) : metal1_opc has 0 polygons
2026-07-14 10:30:30 -0400: Memory Usage (413796K) : metal1_noqrc has 0 polygons
2026-07-14 10:30:30 -0400: Memory Usage (413796K) : metal1_res has 0 polygons
2026-07-14 10:30:30 -0400: Memory Usage (413796K) : metal1_iprobe has 0 polygons
2026-07-14 10:30:30 -0400: Memory Usage (413796K) : metal1_diffprb has 0 polygons
2026-07-14 10:30:30 -0400: Memory Usage (413796K) : passiv_drw has 0 polygons
2026-07-14 10:30:30 -0400: Memory Usage (413796K) : passiv_pin has 0 polygons
2026-07-14 10:30:30 -0400: Memory Usage (413796K) : passiv_sbump has 0 polygons
2026-07-14 10:30:30 -0400: Memory Usage (413796K) : passiv_pillar has 0 polygons
2026-07-14 10:30:30 -0400: Memory Usage (413796K) : passiv_pdl has 0 polygons
2026-07-14 10:30:30 -0400: Memory Usage (413796K) : metal2_drw has 0 polygons
2026-07-14 10:30:30 -0400: Memory Usage (413796K) : metal2_pin has 0 polygons
2026-07-14 10:30:30 -0400: Memory Usage (413796K) : metal2_mask has 0 polygons
2026-07-14 10:30:30 -0400: Memory Usage (414172K) : metal2_filler has 0 polygons
2026-07-14 10:30:30 -0400: Memory Usage (414172K) : metal2_nofill has 0 polygons
2026-07-14 10:30:30 -0400: Memory Usage (414172K) : metal2_slit has 0 polygons
2026-07-14 10:30:30 -0400: Memory Usage (414172K) : metal2_text has 0 polygons
2026-07-14 10:30:30 -0400: Memory Usage (414172K) : metal2_opc has 0 polygons
2026-07-14 10:30:30 -0400: Memory Usage (414436K) : metal2_noqrc has 0 polygons
2026-07-14 10:30:30 -0400: Memory Usage (414436K) : metal2_res has 0 polygons
2026-07-14 10:30:30 -0400: Memory Usage (414436K) : metal2_iprobe has 0 polygons
2026-07-14 10:30:30 -0400: Memory Usage (414436K) : metal2_diffprb has 0 polygons
2026-07-14 10:30:30 -0400: Memory Usage (414436K) : baspoly_drw has 0 polygons
2026-07-14 10:30:30 -0400: Memory Usage (414700K) : baspoly_pin has 0 polygons
2026-07-14 10:30:30 -0400: Memory Usage (414700K) : psd_drw has 0 polygons
2026-07-14 10:30:30 -0400: Memory Usage (414700K) : nldb_drw has 0 polygons
2026-07-14 10:30:30 -0400: Memory Usage (414700K) : digibnd_drw has 0 polygons
2026-07-14 10:30:30 -0400: Memory Usage (414700K) : via1_drw has 0 polygons
2026-07-14 10:30:30 -0400: Memory Usage (414700K) : backmetal1_drw has 0 polygons
2026-07-14 10:30:30 -0400: Memory Usage (414964K) : backmetal1_pin has 0 polygons
2026-07-14 10:30:30 -0400: Memory Usage (414964K) : backmetal1_mask has 0 polygons
2026-07-14 10:30:30 -0400: Memory Usage (414964K) : backmetal1_filler has 0 polygons
2026-07-14 10:30:30 -0400: Memory Usage (414964K) : backmetal1_nofill has 0 polygons
2026-07-14 10:30:30 -0400: Memory Usage (414964K) : backmetal1_slit has 0 polygons
2026-07-14 10:30:30 -0400: Memory Usage (415228K) : backmetal1_text has 0 polygons
2026-07-14 10:30:30 -0400: Memory Usage (415228K) : backmetal1_opc has 0 polygons
2026-07-14 10:30:30 -0400: Memory Usage (415228K) : backmetal1_noqrc has 0 polygons
2026-07-14 10:30:30 -0400: Memory Usage (415228K) : backmetal1_res has 0 polygons
2026-07-14 10:30:30 -0400: Memory Usage (415492K) : backmetal1_iprobe has 0 polygons
2026-07-14 10:30:30 -0400: Memory Usage (415492K) : backmetal1_diffprb has 0 polygons
2026-07-14 10:30:30 -0400: Memory Usage (415492K) : backpassiv_drw has 0 polygons
2026-07-14 10:30:30 -0400: Memory Usage (415492K) : res_drw has 0 polygons
2026-07-14 10:30:30 -0400: Memory Usage (415492K) : sram_drw has 0 polygons
2026-07-14 10:30:30 -0400: Memory Usage (415492K) : trans_drw has 0 polygons
2026-07-14 10:30:30 -0400: Memory Usage (415756K) : ind_drw has 0 polygons
2026-07-14 10:30:30 -0400: Memory Usage (415756K) : ind_pin has 0 polygons
2026-07-14 10:30:30 -0400: Memory Usage (415756K) : ind_text has 0 polygons
2026-07-14 10:30:30 -0400: Memory Usage (415756K) : salblock_drw has 0 polygons
2026-07-14 10:30:30 -0400: Memory Usage (415756K) : via2_drw has 0 polygons
2026-07-14 10:30:30 -0400: Memory Usage (416020K) : metal3_drw has 0 polygons
2026-07-14 10:30:30 -0400: Memory Usage (416020K) : metal3_pin has 0 polygons
2026-07-14 10:30:30 -0400: Memory Usage (416020K) : metal3_mask has 0 polygons
2026-07-14 10:30:30 -0400: Memory Usage (416020K) : metal3_filler has 0 polygons
2026-07-14 10:30:30 -0400: Memory Usage (416284K) : metal3_nofill has 0 polygons
2026-07-14 10:30:30 -0400: Memory Usage (416284K) : metal3_slit has 0 polygons
2026-07-14 10:30:30 -0400: Memory Usage (416284K) : metal3_text has 0 polygons
2026-07-14 10:30:30 -0400: Memory Usage (416284K) : metal3_opc has 0 polygons
2026-07-14 10:30:30 -0400: Memory Usage (416284K) : metal3_noqrc has 0 polygons
2026-07-14 10:30:30 -0400: Memory Usage (416284K) : metal3_res has 0 polygons
2026-07-14 10:30:30 -0400: Memory Usage (416284K) : metal3_iprobe has 0 polygons
2026-07-14 10:30:30 -0400: Memory Usage (416548K) : metal3_diffprb has 0 polygons
2026-07-14 10:30:30 -0400: Memory Usage (416548K) : nwell_drw has 0 polygons
2026-07-14 10:30:30 -0400: Memory Usage (416548K) : nwell_pin has 0 polygons
2026-07-14 10:30:30 -0400: Memory Usage (416548K) : nbulay_drw has 0 polygons
2026-07-14 10:30:30 -0400: Memory Usage (416812K) : nbulay_pin has 0 polygons
2026-07-14 10:30:30 -0400: Memory Usage (416812K) : nbulay_block has 0 polygons
2026-07-14 10:30:30 -0400: Memory Usage (416812K) : emwind_drw has 0 polygons
2026-07-14 10:30:30 -0400: Memory Usage (416812K) : emwind_opc has 0 polygons
2026-07-14 10:30:30 -0400: Memory Usage (416812K) : deepco_drw has 0 polygons
2026-07-14 10:30:30 -0400: Memory Usage (417076K) : deepco_drw has 0 polygons
2026-07-14 10:30:30 -0400: Memory Usage (417076K) : mim_drw has 0 polygons
2026-07-14 10:30:30 -0400: Memory Usage (417076K) : edgeseal_drw has 0 polygons
2026-07-14 10:30:30 -0400: Memory Usage (417076K) : edgeseal_bound has 0 polygons
2026-07-14 10:30:30 -0400: Memory Usage (417076K) : substrate_drw has 0 polygons
2026-07-14 10:30:30 -0400: Memory Usage (417340K) : substrate_text has 0 polygons
2026-07-14 10:30:30 -0400: Memory Usage (417340K) : dfpad_drw has 0 polygons
2026-07-14 10:30:30 -0400: Memory Usage (417340K) : dfpad_pillar has 0 polygons
2026-07-14 10:30:30 -0400: Memory Usage (417340K) : dfpad_sbump has 0 polygons
2026-07-14 10:30:30 -0400: Memory Usage (417340K) : thickgateox_drw has 0 polygons
2026-07-14 10:30:30 -0400: Memory Usage (417604K) : pldb_drw has 0 polygons
2026-07-14 10:30:30 -0400: Memory Usage (417604K) : pwell_drw has 0 polygons
2026-07-14 10:30:30 -0400: Memory Usage (417604K) : pwell_pin has 0 polygons
2026-07-14 10:30:30 -0400: Memory Usage (417604K) : pwell_block has 0 polygons
2026-07-14 10:30:30 -0400: Memory Usage (417604K) : ic_drw has 0 polygons
2026-07-14 10:30:30 -0400: Memory Usage (417868K) : via3_drw has 0 polygons
2026-07-14 10:30:30 -0400: Memory Usage (417868K) : metal4_drw has 0 polygons
2026-07-14 10:30:30 -0400: Memory Usage (417868K) : metal4_pin has 0 polygons
2026-07-14 10:30:30 -0400: Memory Usage (417868K) : metal4_mask has 0 polygons
2026-07-14 10:30:30 -0400: Memory Usage (417868K) : metal4_filler has 0 polygons
2026-07-14 10:30:30 -0400: Memory Usage (418132K) : metal4_nofill has 0 polygons
2026-07-14 10:30:30 -0400: Memory Usage (418132K) : metal4_slit has 0 polygons
2026-07-14 10:30:30 -0400: Memory Usage (418132K) : metal4_text has 0 polygons
2026-07-14 10:30:30 -0400: Memory Usage (418132K) : metal4_opc has 0 polygons
2026-07-14 10:30:30 -0400: Memory Usage (418132K) : metal4_noqrc has 0 polygons
2026-07-14 10:30:30 -0400: Memory Usage (418396K) : metal4_res has 0 polygons
2026-07-14 10:30:30 -0400: Memory Usage (418396K) : metal4_iprobe has 0 polygons
2026-07-14 10:30:30 -0400: Memory Usage (418396K) : metal4_diffprb has 0 polygons
2026-07-14 10:30:30 -0400: Memory Usage (418396K) : heattrans_drw has 0 polygons
2026-07-14 10:30:30 -0400: Memory Usage (418660K) : heatres_drw has 0 polygons
2026-07-14 10:30:30 -0400: Memory Usage (418660K) : pempoly_drw has 0 polygons
2026-07-14 10:30:30 -0400: Memory Usage (418660K) : fbe_drw has 0 polygons
2026-07-14 10:30:30 -0400: Memory Usage (418660K) : empoly_drw has 0 polygons
2026-07-14 10:30:30 -0400: Memory Usage (418660K) : ldmos_drw has 0 polygons
2026-07-14 10:30:30 -0400: Memory Usage (418924K) : pbiwind_drw has 0 polygons
2026-07-14 10:30:30 -0400: Memory Usage (418924K) : digisub_drw has 0 polygons
2026-07-14 10:30:30 -0400: Memory Usage (418924K) : nodrc_drw has 0 polygons
2026-07-14 10:30:30 -0400: Memory Usage (418924K) : text_drw has 0 polygons
2026-07-14 10:30:30 -0400: Memory Usage (418924K) : via4_drw has 0 polygons
2026-07-14 10:30:30 -0400: Memory Usage (419188K) : metal5_drw has 3 polygons
2026-07-14 10:30:30 -0400: Memory Usage (419188K) : metal5_pin has 0 polygons
2026-07-14 10:30:30 -0400: Memory Usage (419188K) : metal5_mask has 0 polygons
2026-07-14 10:30:30 -0400: Memory Usage (419188K) : metal5_filler has 0 polygons
2026-07-14 10:30:30 -0400: Memory Usage (419452K) : metal5_nofill has 0 polygons
2026-07-14 10:30:30 -0400: Memory Usage (419452K) : metal5_slit has 0 polygons
2026-07-14 10:30:30 -0400: Memory Usage (419452K) : metal5_text has 0 polygons
2026-07-14 10:30:30 -0400: Memory Usage (419452K) : metal5_opc has 0 polygons
2026-07-14 10:30:30 -0400: Memory Usage (419452K) : metal5_noqrc has 0 polygons
2026-07-14 10:30:30 -0400: Memory Usage (419716K) : metal5_res has 0 polygons
2026-07-14 10:30:30 -0400: Memory Usage (419716K) : metal5_iprobe has 0 polygons
2026-07-14 10:30:30 -0400: Memory Usage (419716K) : metal5_diffprb has 0 polygons
2026-07-14 10:30:30 -0400: Memory Usage (419716K) : radhard_drw has 0 polygons
2026-07-14 10:30:30 -0400: Memory Usage (419716K) : memcap_drw has 0 polygons
2026-07-14 10:30:30 -0400: Memory Usage (419980K) : varicap_drw has 0 polygons
2026-07-14 10:30:30 -0400: Memory Usage (419980K) : flash_drw has 0 polygons
2026-07-14 10:30:30 -0400: Memory Usage (419980K) : intbondvia_drw has 0 polygons
2026-07-14 10:30:30 -0400: Memory Usage (419980K) : intbondmet_drw has 0 polygons
2026-07-14 10:30:30 -0400: Memory Usage (419980K) : devbondvia_drw has 0 polygons
2026-07-14 10:30:30 -0400: Memory Usage (420244K) : devbondmet_drw has 0 polygons
2026-07-14 10:30:30 -0400: Memory Usage (420244K) : devtrench_drw has 0 polygons
2026-07-14 10:30:30 -0400: Memory Usage (420244K) : redist_drw has 0 polygons
2026-07-14 10:30:30 -0400: Memory Usage (420244K) : graphbot_drw has 0 polygons
2026-07-14 10:30:30 -0400: Memory Usage (420244K) : graphtop_drw has 0 polygons
2026-07-14 10:30:30 -0400: Memory Usage (420508K) : antvia1_drw has 0 polygons
2026-07-14 10:30:30 -0400: Memory Usage (420508K) : antmetal2_drw has 0 polygons
2026-07-14 10:30:30 -0400: Memory Usage (420508K) : graphcont_drw has 0 polygons
2026-07-14 10:30:30 -0400: Memory Usage (420508K) : siwg_drw has 0 polygons
2026-07-14 10:30:30 -0400: Memory Usage (420508K) : siwg_filler has 0 polygons
2026-07-14 10:30:30 -0400: Memory Usage (420772K) : siwg_nofill has 0 polygons
2026-07-14 10:30:30 -0400: Memory Usage (420772K) : sigrating_drw has 0 polygons
2026-07-14 10:30:30 -0400: Memory Usage (420772K) : singrating_drw has 0 polygons
2026-07-14 10:30:30 -0400: Memory Usage (420772K) : graphpas_drw has 0 polygons
2026-07-14 10:30:30 -0400: Memory Usage (420772K) : emwind3_drw has 0 polygons
2026-07-14 10:30:30 -0400: Memory Usage (420772K) : emwihv3_drw has 0 polygons
2026-07-14 10:30:30 -0400: Memory Usage (421036K) : redbulay_drw has 0 polygons
2026-07-14 10:30:30 -0400: Memory Usage (421036K) : smos_drw has 0 polygons
2026-07-14 10:30:30 -0400: Memory Usage (421036K) : graphpad_drw has 0 polygons
2026-07-14 10:30:30 -0400: Memory Usage (421036K) : polimide_drw has 0 polygons
2026-07-14 10:30:30 -0400: Memory Usage (421036K) : polimide_pin has 0 polygons
2026-07-14 10:30:30 -0400: Memory Usage (421300K) : recog_drw has 0 polygons
2026-07-14 10:30:30 -0400: Memory Usage (421300K) : recog_pin has 0 polygons
2026-07-14 10:30:30 -0400: Memory Usage (421300K) : recog_esd has 0 polygons
2026-07-14 10:30:30 -0400: Memory Usage (421300K) : recog_diode has 0 polygons
2026-07-14 10:30:30 -0400: Memory Usage (421300K) : recog_tsv has 0 polygons
2026-07-14 10:30:30 -0400: Memory Usage (421564K) : recog_iprobe has 0 polygons
2026-07-14 10:30:30 -0400: Memory Usage (421564K) : recog_diffprb has 0 polygons
2026-07-14 10:30:30 -0400: Memory Usage (421564K) : recog_pillar has 0 polygons
2026-07-14 10:30:30 -0400: Memory Usage (421564K) : recog_sbump has 0 polygons
2026-07-14 10:30:30 -0400: Memory Usage (421564K) : recog_otp has 0 polygons
2026-07-14 10:30:30 -0400: Memory Usage (421828K) : recog_pdiode has 0 polygons
2026-07-14 10:30:30 -0400: Memory Usage (421828K) : recog_mom has 0 polygons
2026-07-14 10:30:30 -0400: Memory Usage (421828K) : recog_pcm has 0 polygons
2026-07-14 10:30:30 -0400: Memory Usage (421828K) : colopen_drw has 0 polygons
2026-07-14 10:30:30 -0400: Memory Usage (421828K) : graphmetal1_drw has 0 polygons
2026-07-14 10:30:30 -0400: Memory Usage (422092K) : graphmetal1_filler has 0 polygons
2026-07-14 10:30:30 -0400: Memory Usage (422092K) : graphmetal1_nofill has 0 polygons
2026-07-14 10:30:30 -0400: Memory Usage (422092K) : graphmetal1_slit has 0 polygons
2026-07-14 10:30:30 -0400: Memory Usage (422092K) : graphmetal1_opc has 0 polygons
2026-07-14 10:30:30 -0400: Memory Usage (422092K) : graphmet1l_drw has 0 polygons
2026-07-14 10:30:30 -0400: Memory Usage (422356K) : graphmet1l_filler has 0 polygons
2026-07-14 10:30:30 -0400: Memory Usage (422356K) : graphmet1l_nofill has 0 polygons
2026-07-14 10:30:30 -0400: Memory Usage (422356K) : graphmet1l_slit has 0 polygons
2026-07-14 10:30:30 -0400: Memory Usage (422356K) : graphmet1l_opc has 0 polygons
2026-07-14 10:30:30 -0400: Memory Usage (422356K) : extblock_drw has 0 polygons
2026-07-14 10:30:30 -0400: Memory Usage (422356K) : nldd_drw has 0 polygons
2026-07-14 10:30:30 -0400: Memory Usage (422620K) : pldd_drw has 0 polygons
2026-07-14 10:30:30 -0400: Memory Usage (422620K) : next_drw has 0 polygons
2026-07-14 10:30:30 -0400: Memory Usage (422620K) : pext_drw has 0 polygons
2026-07-14 10:30:30 -0400: Memory Usage (422620K) : nexthv_drw has 0 polygons
2026-07-14 10:30:30 -0400: Memory Usage (422884K) : pexthv_drw has 0 polygons
2026-07-14 10:30:30 -0400: Memory Usage (422884K) : graphgate_drw has 0 polygons
2026-07-14 10:30:30 -0400: Memory Usage (422884K) : sinwg_drw has 0 polygons
2026-07-14 10:30:30 -0400: Memory Usage (422884K) : sinwg_filler has 0 polygons
2026-07-14 10:30:30 -0400: Memory Usage (422884K) : sinwg_nofill has 0 polygons
2026-07-14 10:30:30 -0400: Memory Usage (422884K) : mempad_drw has 0 polygons
2026-07-14 10:30:30 -0400: Memory Usage (423148K) : topvia1_drw has 0 polygons
2026-07-14 10:30:30 -0400: Memory Usage (423148K) : topmetal1_drw has 4 polygons
2026-07-14 10:30:30 -0400: Memory Usage (423148K) : topmetal1_pin has 0 polygons
2026-07-14 10:30:30 -0400: Memory Usage (423148K) : topmetal1_mask has 0 polygons
2026-07-14 10:30:30 -0400: Memory Usage (423148K) : topmetal1_filler has 0 polygons
2026-07-14 10:30:30 -0400: Memory Usage (423412K) : topmetal1_nofill has 0 polygons
2026-07-14 10:30:30 -0400: Memory Usage (423412K) : topmetal1_slit has 0 polygons
2026-07-14 10:30:30 -0400: Memory Usage (423412K) : topmetal1_text has 0 polygons
2026-07-14 10:30:30 -0400: Memory Usage (423412K) : topmetal1_noqrc has 0 polygons
2026-07-14 10:30:30 -0400: Memory Usage (423412K) : topmetal1_res has 0 polygons
2026-07-14 10:30:30 -0400: Memory Usage (423676K) : topmetal1_iprobe has 0 polygons
2026-07-14 10:30:30 -0400: Memory Usage (423676K) : topmetal1_diffprb has 0 polygons
2026-07-14 10:30:30 -0400: Memory Usage (423676K) : inldpwl_drw has 0 polygons
2026-07-14 10:30:30 -0400: Memory Usage (423676K) : polyres_drw has 0 polygons
2026-07-14 10:30:30 -0400: Memory Usage (423676K) : polyres_pin has 0 polygons
2026-07-14 10:30:30 -0400: Memory Usage (423940K) : vmim_drw has 0 polygons
2026-07-14 10:30:30 -0400: Memory Usage (423940K) : nbulaycut_drw has 0 polygons
2026-07-14 10:30:30 -0400: Memory Usage (423940K) : antmetal1_drw has 0 polygons
2026-07-14 10:30:30 -0400: Memory Usage (423940K) : topvia2_drw has 0 polygons
2026-07-14 10:30:30 -0400: Memory Usage (423940K) : topmetal2_drw has 18 polygons
2026-07-14 10:30:30 -0400: Memory Usage (424204K) : topmetal2_pin has 0 polygons
2026-07-14 10:30:30 -0400: Memory Usage (424204K) : topmetal2_mask has 0 polygons
2026-07-14 10:30:30 -0400: Memory Usage (424204K) : topmetal2_filler has 0 polygons
2026-07-14 10:30:30 -0400: Memory Usage (424204K) : topmetal2_nofill has 0 polygons
2026-07-14 10:30:30 -0400: Memory Usage (424204K) : topmetal2_slit has 0 polygons
2026-07-14 10:30:30 -0400: Memory Usage (424468K) : topmetal2_text has 0 polygons
2026-07-14 10:30:30 -0400: Memory Usage (424468K) : topmetal2_noqrc has 0 polygons
2026-07-14 10:30:30 -0400: Memory Usage (424468K) : topmetal2_res has 0 polygons
2026-07-14 10:30:30 -0400: Memory Usage (424468K) : topmetal2_iprobe has 0 polygons
2026-07-14 10:30:30 -0400: Memory Usage (424468K) : topmetal2_diffprb has 0 polygons
2026-07-14 10:30:30 -0400: Memory Usage (424732K) : snsring_drw has 0 polygons
2026-07-14 10:30:30 -0400: Memory Usage (424732K) : sensor_drw has 0 polygons
2026-07-14 10:30:30 -0400: Memory Usage (424732K) : snsarms_drw has 0 polygons
2026-07-14 10:30:30 -0400: Memory Usage (424732K) : snscmosvia_drw has 0 polygons
2026-07-14 10:30:30 -0400: Memory Usage (424732K) : colwind_drw has 0 polygons
2026-07-14 10:30:30 -0400: Memory Usage (424732K) : flm_drw has 0 polygons
2026-07-14 10:30:30 -0400: Memory Usage (424996K) : hafniumox_drw has 0 polygons
2026-07-14 10:30:30 -0400: Memory Usage (424996K) : memvia_drw has 0 polygons
2026-07-14 10:30:30 -0400: Memory Usage (424996K) : thinfilmres_drw has 0 polygons
2026-07-14 10:30:30 -0400: Memory Usage (424996K) : rfmem_drw has 0 polygons
2026-07-14 10:30:30 -0400: Memory Usage (424996K) : norcx_drw has 0 polygons
2026-07-14 10:30:30 -0400: Memory Usage (425260K) : norcx_m2m3 has 0 polygons
2026-07-14 10:30:30 -0400: Memory Usage (425260K) : norcx_m2m4 has 0 polygons
2026-07-14 10:30:30 -0400: Memory Usage (425260K) : norcx_m2m5 has 0 polygons
2026-07-14 10:30:30 -0400: Memory Usage (425260K) : norcx_m2tm1 has 0 polygons
2026-07-14 10:30:30 -0400: Memory Usage (425524K) : norcx_m2tm2 has 0 polygons
2026-07-14 10:30:30 -0400: Memory Usage (425524K) : norcx_m3m4 has 0 polygons
2026-07-14 10:30:30 -0400: Memory Usage (425524K) : norcx_m3m5 has 0 polygons
2026-07-14 10:30:30 -0400: Memory Usage (425524K) : norcx_m3tm1 has 0 polygons
2026-07-14 10:30:30 -0400: Memory Usage (425524K) : norcx_m3tm2 has 0 polygons
2026-07-14 10:30:30 -0400: Memory Usage (425788K) : norcx_m4m5 has 0 polygons
2026-07-14 10:30:30 -0400: Memory Usage (425788K) : norcx_m4tm1 has 0 polygons
2026-07-14 10:30:30 -0400: Memory Usage (425788K) : norcx_m4tm2 has 0 polygons
2026-07-14 10:30:30 -0400: Memory Usage (425788K) : norcx_m5tm1 has 0 polygons
2026-07-14 10:30:30 -0400: Memory Usage (425788K) : norcx_m5tm2 has 0 polygons
2026-07-14 10:30:30 -0400: Memory Usage (425788K) : norcx_tm1tm2 has 0 polygons
2026-07-14 10:30:30 -0400: Memory Usage (426052K) : norcx_m1sub has 0 polygons
2026-07-14 10:30:30 -0400: Memory Usage (426052K) : norcx_m2sub has 0 polygons
2026-07-14 10:30:30 -0400: Memory Usage (426052K) : norcx_m3sub has 0 polygons
2026-07-14 10:30:30 -0400: Memory Usage (426052K) : norcx_m4sub has 0 polygons
2026-07-14 10:30:30 -0400: Memory Usage (426316K) : norcx_m5sub has 0 polygons
2026-07-14 10:30:30 -0400: Memory Usage (426316K) : norcx_tm1sub has 0 polygons
2026-07-14 10:30:30 -0400: Memory Usage (426316K) : norcx_tm2sub has 0 polygons
2026-07-14 10:30:30 -0400: Memory Usage (426316K) : snsbotvia_drw has 0 polygons
2026-07-14 10:30:30 -0400: Memory Usage (426316K) : snstopvia_drw has 0 polygons
2026-07-14 10:30:30 -0400: Memory Usage (426580K) : deepvia_drw has 0 polygons
2026-07-14 10:30:30 -0400: Memory Usage (426580K) : fgetch_drw has 0 polygons
2026-07-14 10:30:30 -0400: Memory Usage (426580K) : ctrgat_drw has 0 polygons
2026-07-14 10:30:30 -0400: Memory Usage (426580K) : fgimp_drw has 0 polygons
2026-07-14 10:30:30 -0400: Memory Usage (426580K) : emwihv_drw has 0 polygons
2026-07-14 10:30:30 -0400: Memory Usage (426580K) : lbe_drw has 0 polygons
2026-07-14 10:30:30 -0400: Memory Usage (426844K) : alcustop_drw has 0 polygons
2026-07-14 10:30:30 -0400: Memory Usage (426844K) : nometfiller_drw has 0 polygons
2026-07-14 10:30:30 -0400: Memory Usage (426844K) : prboundary_drw has 0 polygons
2026-07-14 10:30:30 -0400: Memory Usage (426844K) : exchange0_drw has 0 polygons
2026-07-14 10:30:30 -0400: Memory Usage (426844K) : exchange0_pin has 0 polygons
2026-07-14 10:30:30 -0400: Memory Usage (427108K) : exchange0_text has 0 polygons
2026-07-14 10:30:30 -0400: Memory Usage (427108K) : exchange1_drw has 0 polygons
2026-07-14 10:30:30 -0400: Memory Usage (427108K) : exchange1_pin has 0 polygons
2026-07-14 10:30:30 -0400: Memory Usage (427108K) : exchange1_text has 0 polygons
2026-07-14 10:30:30 -0400: Memory Usage (427108K) : exchange2_drw has 0 polygons
2026-07-14 10:30:30 -0400: Memory Usage (427372K) : exchange2_pin has 0 polygons
2026-07-14 10:30:30 -0400: Memory Usage (427372K) : exchange2_text has 0 polygons
2026-07-14 10:30:30 -0400: Memory Usage (427372K) : exchange3_drw has 0 polygons
2026-07-14 10:30:30 -0400: Memory Usage (427372K) : exchange3_pin has 0 polygons
2026-07-14 10:30:30 -0400: Memory Usage (427372K) : exchange3_text has 0 polygons
2026-07-14 10:30:30 -0400: Memory Usage (427636K) : exchange4_drw has 0 polygons
2026-07-14 10:30:30 -0400: Memory Usage (427636K) : exchange4_pin has 0 polygons
2026-07-14 10:30:30 -0400: Memory Usage (427636K) : exchange4_text has 0 polygons
2026-07-14 10:30:30 -0400: Memory Usage (427636K) : isonwell_drw has 0 polygons
2026-07-14 10:30:30 -0400: Memory Usage (427636K) : Total no. of polygons in the design is 27
2026-07-14 10:30:30 -0400: Memory Usage (427636K) : Loaded TECH DRC rules values from /home/bthomas3/Videos/IHP-Open-PDK/ihp-sg13g2/libs.tech/klayout/tech/drc/rule_decks/sg13g2_tech_default.json
2026-07-14 10:30:30 -0400: Memory Usage (427636K) : Loaded default DRC rules values from /home/bthomas3/Videos/77GHz_phased_array/layout/rule_decks/sg13g2_tech_default.json
2026-07-14 10:30:30 -0400: Memory Usage (427900K) : Total area of the design is 68400.0 um^2.
2026-07-14 10:30:30 -0400: Memory Usage (427900K) : The design dimensions are 180.0 µm * 380.0 µm.
2026-07-14 10:30:30 -0400: Memory Usage (427900K) : Starting general IHP-SG13G2 derivations.
2026-07-14 10:30:30 -0400: Memory Usage (427900K) : Starting Pwell derivations
2026-07-14 10:30:30 -0400: Memory Usage (427900K) : Starting n-Activ derivations
2026-07-14 10:30:30 -0400: Memory Usage (427900K) : Starting p-Activ derivations
2026-07-14 10:30:30 -0400: Memory Usage (427900K) : Starting ptap derivations
2026-07-14 10:30:30 -0400: Memory Usage (427900K) : Starting ntap derivations
2026-07-14 10:30:30 -0400: Memory Usage (427900K) : Starting pact FET derivations
2026-07-14 10:30:30 -0400: Memory Usage (427900K) : Starting nact FET derivations
2026-07-14 10:30:30 -0400: Memory Usage (427900K) : Starting Gate derivations
2026-07-14 10:30:30 -0400: Memory Usage (427900K) : Starting cont/contbar general derivations
2026-07-14 10:30:30 -0400: Memory Usage (427900K) : Starting pad general derivations
2026-07-14 10:30:30 -0400: Memory Usage (427900K) : Starting schottky_nbl general derivations
2026-07-14 10:30:30 -0400: Memory Usage (427900K) : Starting SVaricap general derivations
2026-07-14 10:30:30 -0400: Memory Usage (427900K) : Starting HBT general derivations
2026-07-14 10:30:31 -0400: Memory Usage (427900K) : Starting IHP-SG13G2 DRC rules.
2026-07-14 10:30:31 -0400: Memory Usage (427900K) : Running all BEOL rules
2026-07-14 10:30:31 -0400: Memory Usage (427900K) : Running all PIN rules
2026-07-14 10:30:31 -0400: Memory Usage (427900K) : Running all FORBIDDEN rules
2026-07-14 10:30:31 -0400: Memory Usage (427900K) : Starting 5.16. Metal1 table
2026-07-14 10:30:31 -0400: Memory Usage (427900K) : Executing rule M1.a
2026-07-14 10:30:31 -0400: Memory Usage (429276K) : Executing rule M1.b
2026-07-14 10:30:31 -0400: Memory Usage (430348K) : Executing rule M1.e
2026-07-14 10:30:31 -0400: Memory Usage (430284K) : Executing rule M1.f
2026-07-14 10:30:31 -0400: Memory Usage (430284K) : Executing rule M1.g
2026-07-14 10:30:31 -0400: Memory Usage (431208K) : Executing rule M1.i
2026-07-14 10:30:31 -0400: Memory Usage (431144K) : Starting 5.17 Metaln table
2026-07-14 10:30:31 -0400: Memory Usage (431144K) : Executing rule M2.a
2026-07-14 10:30:31 -0400: Memory Usage (431144K) : Executing rule M2.b
2026-07-14 10:30:31 -0400: Memory Usage (431144K) : Executing rule M2.e
2026-07-14 10:30:31 -0400: Memory Usage (431144K) : Executing rule M2.f
2026-07-14 10:30:31 -0400: Memory Usage (431144K) : Executing rule M2.g
2026-07-14 10:30:31 -0400: Memory Usage (431080K) : Executing rule M2.i
2026-07-14 10:30:31 -0400: Memory Usage (431016K) : Executing rule M3.a
2026-07-14 10:30:31 -0400: Memory Usage (431016K) : Executing rule M3.b
2026-07-14 10:30:31 -0400: Memory Usage (431016K) : Executing rule M3.e
2026-07-14 10:30:31 -0400: Memory Usage (431016K) : Executing rule M3.f
2026-07-14 10:30:31 -0400: Memory Usage (431016K) : Executing rule M3.g
2026-07-14 10:30:31 -0400: Memory Usage (431216K) : Executing rule M3.i
2026-07-14 10:30:31 -0400: Memory Usage (431152K) : Executing rule M4.a
2026-07-14 10:30:31 -0400: Memory Usage (431152K) : Executing rule M4.b
2026-07-14 10:30:31 -0400: Memory Usage (431152K) : Executing rule M4.e
2026-07-14 10:30:31 -0400: Memory Usage (431152K) : Executing rule M4.f
2026-07-14 10:30:31 -0400: Memory Usage (431152K) : Executing rule M4.g
2026-07-14 10:30:31 -0400: Memory Usage (431088K) : Executing rule M4.i
2026-07-14 10:30:31 -0400: Memory Usage (431024K) : Executing rule M5.a
2026-07-14 10:30:31 -0400: Memory Usage (431024K) : Executing rule M5.b
2026-07-14 10:30:31 -0400: Memory Usage (431256K) : Executing rule M5.e
2026-07-14 10:30:31 -0400: Memory Usage (431192K) : Executing rule M5.f
2026-07-14 10:30:31 -0400: Memory Usage (431128K) : Executing rule M5.g
2026-07-14 10:30:31 -0400: Memory Usage (431064K) : Executing rule M5.i
2026-07-14 10:30:31 -0400: Memory Usage (431276K) : Starting 5.18 Metaln:filler table
2026-07-14 10:30:31 -0400: Memory Usage (431276K) : Executing rule M1Fil.c
2026-07-14 10:30:31 -0400: Memory Usage (431276K) : Executing rule M1Fil.a2
2026-07-14 10:30:31 -0400: Memory Usage (431276K) : Executing rule M2Fil.c
2026-07-14 10:30:31 -0400: Memory Usage (431276K) : Executing rule M2Fil.a2
2026-07-14 10:30:31 -0400: Memory Usage (431276K) : Executing rule M3Fil.c
2026-07-14 10:30:31 -0400: Memory Usage (431276K) : Executing rule M3Fil.a2
2026-07-14 10:30:31 -0400: Memory Usage (431276K) : Executing rule M4Fil.c
2026-07-14 10:30:31 -0400: Memory Usage (431276K) : Executing rule M4Fil.a2
2026-07-14 10:30:31 -0400: Memory Usage (431276K) : Executing rule M5Fil.c
2026-07-14 10:30:31 -0400: Memory Usage (431276K) : Executing rule M5Fil.a2
2026-07-14 10:30:31 -0400: Memory Usage (431276K) : Starting 5.19. Via1 table
2026-07-14 10:30:31 -0400: Memory Usage (431276K) : Starting 5.19. Via1 table derivations
2026-07-14 10:30:31 -0400: Memory Usage (431276K) : Executing rule V1.a
2026-07-14 10:30:31 -0400: Memory Usage (431276K) : Executing rule V1.b
2026-07-14 10:30:31 -0400: Memory Usage (431276K) : Executing rule V1.c
2026-07-14 10:30:31 -0400: Memory Usage (431276K) : Starting 5.20. Vian table
2026-07-14 10:30:31 -0400: Memory Usage (431276K) : Executing rule V2.a
2026-07-14 10:30:31 -0400: Memory Usage (431276K) : Executing rule V2.b
2026-07-14 10:30:31 -0400: Memory Usage (431276K) : Executing rule V2.c
2026-07-14 10:30:31 -0400: Memory Usage (431276K) : Executing rule V3.a
2026-07-14 10:30:31 -0400: Memory Usage (431276K) : Executing rule V3.b
2026-07-14 10:30:31 -0400: Memory Usage (431276K) : Executing rule V3.c
2026-07-14 10:30:31 -0400: Memory Usage (431276K) : Executing rule V4.a
2026-07-14 10:30:31 -0400: Memory Usage (431276K) : Executing rule V4.b
2026-07-14 10:30:31 -0400: Memory Usage (431276K) : Executing rule V4.c
2026-07-14 10:30:31 -0400: Memory Usage (431276K) : Starting 5.21. TopVia1 table
2026-07-14 10:30:31 -0400: Memory Usage (431276K) : Executing rule TV1.a
2026-07-14 10:30:31 -0400: Memory Usage (431276K) : Executing rule TV1.b
2026-07-14 10:30:31 -0400: Memory Usage (431276K) : Executing rule TV1.c
2026-07-14 10:30:31 -0400: Memory Usage (431276K) : Executing rule TV1.d
2026-07-14 10:30:31 -0400: Memory Usage (431276K) : Starting 5.22. TopMetal1 table
2026-07-14 10:30:31 -0400: Memory Usage (431276K) : Executing rule TM1.a
2026-07-14 10:30:31 -0400: Memory Usage (431276K) : Executing rule TM1.b
2026-07-14 10:30:31 -0400: Memory Usage (431212K) : Starting 5.23 TopMetal1:filler table
2026-07-14 10:30:31 -0400: Memory Usage (431212K) : Executing rule TM1Fil.c
2026-07-14 10:30:31 -0400: Memory Usage (431212K) : Executing rule TM1Fil.a1
2026-07-14 10:30:31 -0400: Memory Usage (431212K) : Starting 5.24. TopVia2 table
2026-07-14 10:30:31 -0400: Memory Usage (431212K) : Executing rule TV2.a
2026-07-14 10:30:31 -0400: Memory Usage (431212K) : Executing rule TV2.b
2026-07-14 10:30:31 -0400: Memory Usage (431212K) : Executing rule TV2.c
2026-07-14 10:30:31 -0400: Memory Usage (431212K) : Executing rule TV2.d
2026-07-14 10:30:31 -0400: Memory Usage (431212K) : Starting 5.25. TopMetal2 table
2026-07-14 10:30:31 -0400: Memory Usage (431212K) : Executing rule TM2.a
2026-07-14 10:30:31 -0400: Memory Usage (431212K) : Executing rule TM2.b
2026-07-14 10:30:31 -0400: Memory Usage (431160K) : Executing rule TM2.bR
2026-07-14 10:30:31 -0400: Memory Usage (431100K) : Starting 5.26 TopMetal2:filler table
2026-07-14 10:30:31 -0400: Memory Usage (431100K) : Executing rule TM2Fil.c
2026-07-14 10:30:31 -0400: Memory Usage (431100K) : Executing rule TM2Fil.a1
2026-07-14 10:30:31 -0400: Memory Usage (431100K) : Starting 5.27. Passiv table
2026-07-14 10:30:31 -0400: Memory Usage (431100K) : Executing rule Pas.a
2026-07-14 10:30:31 -0400: Memory Usage (431100K) : Executing rule Pas.b
2026-07-14 10:30:31 -0400: Memory Usage (431100K) : Executing rule Pas.c
2026-07-14 10:30:31 -0400: Memory Usage (431100K) : Starting 6.9.2 Copper Pillar table
2026-07-14 10:30:31 -0400: Memory Usage (431100K) : Executing rule Padc.a
2026-07-14 10:30:31 -0400: Memory Usage (431100K) : Executing rule Padc.b
2026-07-14 10:30:31 -0400: Memory Usage (431100K) : Executing rule Padc.c
2026-07-14 10:30:31 -0400: Memory Usage (431100K) : Executing rule Padb.f
2026-07-14 10:30:31 -0400: Memory Usage (431100K) : Starting 6.9 Pad table
2026-07-14 10:30:31 -0400: Memory Usage (431100K) : Executing rule Pad.m
2026-07-14 10:30:31 -0400: Memory Usage (431100K) : Executing rule Pad.fR_M1
2026-07-14 10:30:31 -0400: Memory Usage (431452K) : Executing rule Pad.fR_M2
2026-07-14 10:30:31 -0400: Memory Usage (431452K) : Executing rule Pad.fR_M3
2026-07-14 10:30:31 -0400: Memory Usage (431452K) : Executing rule Pad.fR_M4
2026-07-14 10:30:31 -0400: Memory Usage (431716K) : Executing rule Pad.fR_M5
2026-07-14 10:30:31 -0400: Memory Usage (432244K) : Executing rule Pad.fR_TM1
2026-07-14 10:30:31 -0400: Memory Usage (432508K) : Executing rule Pad.fR_TM2
2026-07-14 10:30:31 -0400: Memory Usage (432772K) : Executing rule Pad.i
2026-07-14 10:30:31 -0400: Memory Usage (432772K) : Starting 6.9.1 Solder Bump
2026-07-14 10:30:31 -0400: Memory Usage (432772K) : Executing rule Padb.a
2026-07-14 10:30:31 -0400: Memory Usage (432772K) : Executing rule Padb.b
2026-07-14 10:30:31 -0400: Memory Usage (432772K) : Executing rule Padb.c
2026-07-14 10:30:31 -0400: Memory Usage (432772K) : Executing rule Padb.f
2026-07-14 10:30:31 -0400: Memory Usage (432772K) : Executing rule Padb.d
2026-07-14 10:30:31 -0400: Memory Usage (432772K) : Starting 6.10 Sealring table
2026-07-14 10:30:31 -0400: Memory Usage (432772K) : Executing rule Seal.l
2026-07-14 10:30:31 -0400: Memory Usage (432772K) : Executing rule Seal.n
2026-07-14 10:30:31 -0400: Memory Usage (432772K) : Executing rule seal.b_metal1
2026-07-14 10:30:31 -0400: Memory Usage (432772K) : Executing rule seal.b_metal2
2026-07-14 10:30:31 -0400: Memory Usage (432772K) : Executing rule seal.b_metal3
2026-07-14 10:30:31 -0400: Memory Usage (432772K) : Executing rule seal.b_metal4
2026-07-14 10:30:31 -0400: Memory Usage (432772K) : Executing rule seal.b_metal5
2026-07-14 10:30:31 -0400: Memory Usage (432772K) : Executing rule seal.b_topmetal1
2026-07-14 10:30:31 -0400: Memory Usage (432772K) : Executing rule seal.b_topmetal2
2026-07-14 10:30:31 -0400: Memory Usage (432772K) : Executing rule seal.b_activ
2026-07-14 10:30:31 -0400: Memory Usage (432772K) : Executing rule seal.b_psd
2026-07-14 10:30:31 -0400: Memory Usage (432772K) : Executing rule Seal.k
2026-07-14 10:30:31 -0400: Memory Usage (432772K) : Executing rule Seal.m
2026-07-14 10:30:31 -0400: Memory Usage (432772K) : Starting 6.11 MIM table
2026-07-14 10:30:31 -0400: Memory Usage (432772K) : Executing rule MIM.c
2026-07-14 10:30:31 -0400: Memory Usage (432772K) : Executing rule MIM.d
2026-07-14 10:30:31 -0400: Memory Usage (432772K) : Executing rule MIM.gR
2026-07-14 10:30:31 -0400: Memory Usage (432772K) : Starting 7.3 Metal Slits table
2026-07-14 10:30:31 -0400: Memory Usage (432772K) : Executing rule Slt.e1_M1
2026-07-14 10:30:31 -0400: Memory Usage (432772K) : Executing rule Slt.e1_M2
2026-07-14 10:30:31 -0400: Memory Usage (432772K) : Executing rule Slt.e1_M3
2026-07-14 10:30:31 -0400: Memory Usage (432772K) : Executing rule Slt.e1_M4
2026-07-14 10:30:31 -0400: Memory Usage (432772K) : Executing rule Slt.e1_M5
2026-07-14 10:30:31 -0400: Memory Usage (432772K) : Executing rule Slt.e1_TM1
2026-07-14 10:30:31 -0400: Memory Usage (432772K) : Executing rule Slt.e1_TM2
2026-07-14 10:30:31 -0400: Memory Usage (432772K) : Starting 9.1. LBE table
2026-07-14 10:30:31 -0400: Memory Usage (432772K) : Executing rule LBE.a
2026-07-14 10:30:31 -0400: Memory Usage (432772K) : Executing rule LBE.b
2026-07-14 10:30:31 -0400: Memory Usage (432772K) : Executing rule LBE.b1
2026-07-14 10:30:31 -0400: Memory Usage (432772K) : Executing rule LBE.c
2026-07-14 10:30:31 -0400: Memory Usage (432772K) : Executing rule LBE.d
2026-07-14 10:30:31 -0400: Memory Usage (432772K) : Executing rule LBE.h
2026-07-14 10:30:31 -0400: Memory Usage (432772K) : Starting 7.4. PIN table
2026-07-14 10:30:31 -0400: Memory Usage (432772K) : Executing rule Pin.a
2026-07-14 10:30:31 -0400: Memory Usage (432772K) : Executing rule Pin.b
2026-07-14 10:30:31 -0400: Memory Usage (432772K) : Executing rule Pin.e
2026-07-14 10:30:31 -0400: Memory Usage (432772K) : Executing rule Pin.f_M2
2026-07-14 10:30:31 -0400: Memory Usage (432772K) : Executing rule Pin.f_M3
2026-07-14 10:30:31 -0400: Memory Usage (432772K) : Executing rule Pin.f_M4
2026-07-14 10:30:31 -0400: Memory Usage (432772K) : Executing rule Pin.f_M5
2026-07-14 10:30:31 -0400: Memory Usage (432772K) : Executing rule Pin.g
2026-07-14 10:30:31 -0400: Memory Usage (432772K) : Executing rule Pin.h
2026-07-14 10:30:31 -0400: Memory Usage (432772K) : Starting 3.1. offgrid table
2026-07-14 10:30:31 -0400: Memory Usage (432772K) : Executing rule activ_drw_Offgrid
2026-07-14 10:30:31 -0400: Memory Usage (432772K) : Executing rule activ_pin_Offgrid
2026-07-14 10:30:31 -0400: Memory Usage (432772K) : Executing rule activ_mask_Offgrid
2026-07-14 10:30:31 -0400: Memory Usage (432772K) : Executing rule activ_filler_Offgrid
2026-07-14 10:30:31 -0400: Memory Usage (432772K) : Executing rule activ_nofill_Offgrid
2026-07-14 10:30:31 -0400: Memory Usage (432772K) : Executing rule activ_opc_Offgrid
2026-07-14 10:30:31 -0400: Memory Usage (432772K) : Executing rule activ_iopc_Offgrid
2026-07-14 10:30:31 -0400: Memory Usage (432772K) : Executing rule activ_noqrc_Offgrid
2026-07-14 10:30:31 -0400: Memory Usage (432772K) : Executing rule biwind_drw_Offgrid
2026-07-14 10:30:31 -0400: Memory Usage (432772K) : Executing rule biwind_opc_Offgrid
2026-07-14 10:30:31 -0400: Memory Usage (432772K) : Executing rule pemwind_drw_Offgrid
2026-07-14 10:30:31 -0400: Memory Usage (432772K) : Executing rule gatpoly_drw_Offgrid
2026-07-14 10:30:31 -0400: Memory Usage (432772K) : Executing rule gatpoly_pin_Offgrid
2026-07-14 10:30:31 -0400: Memory Usage (432772K) : Executing rule gatpoly_filler_Offgrid
2026-07-14 10:30:31 -0400: Memory Usage (432772K) : Executing rule gatpoly_nofill_Offgrid
2026-07-14 10:30:31 -0400: Memory Usage (432772K) : Executing rule gatpoly_opc_Offgrid
2026-07-14 10:30:31 -0400: Memory Usage (432772K) : Executing rule gatpoly_iopc_Offgrid
2026-07-14 10:30:31 -0400: Memory Usage (432772K) : Executing rule gatpoly_noqrc_Offgrid
2026-07-14 10:30:31 -0400: Memory Usage (432772K) : Executing rule cont_drw_Offgrid
2026-07-14 10:30:31 -0400: Memory Usage (432772K) : Executing rule cont_opc_Offgrid
2026-07-14 10:30:31 -0400: Memory Usage (432772K) : Executing rule nsd_drw_Offgrid
2026-07-14 10:30:31 -0400: Memory Usage (432772K) : Executing rule nsd_block_Offgrid
2026-07-14 10:30:31 -0400: Memory Usage (432772K) : Executing rule metal1_drw_Offgrid
2026-07-14 10:30:31 -0400: Memory Usage (432772K) : Executing rule metal1_pin_Offgrid
2026-07-14 10:30:31 -0400: Memory Usage (432772K) : Executing rule metal1_mask_Offgrid
2026-07-14 10:30:31 -0400: Memory Usage (432772K) : Executing rule metal1_filler_Offgrid
2026-07-14 10:30:31 -0400: Memory Usage (432772K) : Executing rule metal1_nofill_Offgrid
2026-07-14 10:30:31 -0400: Memory Usage (433032K) : Executing rule metal1_slit_Offgrid
2026-07-14 10:30:31 -0400: Memory Usage (433560K) : Executing rule metal1_opc_Offgrid
2026-07-14 10:30:31 -0400: Memory Usage (433824K) : Executing rule metal1_noqrc_Offgrid
2026-07-14 10:30:31 -0400: Memory Usage (434352K) : Executing rule metal1_res_Offgrid
2026-07-14 10:30:31 -0400: Memory Usage (434880K) : Executing rule metal1_iprobe_Offgrid
2026-07-14 10:30:31 -0400: Memory Usage (435144K) : Executing rule metal1_diffprb_Offgrid
2026-07-14 10:30:31 -0400: Memory Usage (435672K) : Executing rule passiv_drw_Offgrid
2026-07-14 10:30:31 -0400: Memory Usage (436200K) : Executing rule passiv_pin_Offgrid
2026-07-14 10:30:31 -0400: Memory Usage (436464K) : Executing rule passiv_pillar_Offgrid
2026-07-14 10:30:31 -0400: Memory Usage (436992K) : Executing rule passiv_sbump_Offgrid
2026-07-14 10:30:31 -0400: Memory Usage (437520K) : Executing rule passiv_pdl_Offgrid
2026-07-14 10:30:31 -0400: Memory Usage (438048K) : Executing rule metal2_drw_Offgrid
2026-07-14 10:30:31 -0400: Memory Usage (438312K) : Executing rule metal2_pin_Offgrid
2026-07-14 10:30:31 -0400: Memory Usage (438840K) : Executing rule metal2_mask_Offgrid
2026-07-14 10:30:31 -0400: Memory Usage (439368K) : Executing rule metal2_filler_Offgrid
2026-07-14 10:30:31 -0400: Memory Usage (439632K) : Executing rule metal2_nofill_Offgrid
2026-07-14 10:30:31 -0400: Memory Usage (440160K) : Executing rule metal2_slit_Offgrid
2026-07-14 10:30:31 -0400: Memory Usage (440688K) : Executing rule metal2_opc_Offgrid
2026-07-14 10:30:31 -0400: Memory Usage (441216K) : Executing rule metal2_noqrc_Offgrid
2026-07-14 10:30:31 -0400: Memory Usage (441480K) : Executing rule metal2_res_Offgrid
2026-07-14 10:30:31 -0400: Memory Usage (442008K) : Executing rule metal2_iprobe_Offgrid
2026-07-14 10:30:31 -0400: Memory Usage (442536K) : Executing rule metal2_diffprb_Offgrid
2026-07-14 10:30:31 -0400: Memory Usage (442800K) : Executing rule baspoly_drw_Offgrid
2026-07-14 10:30:31 -0400: Memory Usage (443328K) : Executing rule baspoly_pin_Offgrid
2026-07-14 10:30:32 -0400: Memory Usage (443592K) : Executing rule psd_drw_Offgrid
2026-07-14 10:30:32 -0400: Memory Usage (443592K) : Executing rule nldb_drw_Offgrid
2026-07-14 10:30:32 -0400: Memory Usage (443592K) : Executing rule via1_drw_Offgrid
2026-07-14 10:30:32 -0400: Memory Usage (443592K) : Executing rule backmetal1_drw_Offgrid
2026-07-14 10:30:32 -0400: Memory Usage (443592K) : Executing rule backmetal1_pin_Offgrid
2026-07-14 10:30:32 -0400: Memory Usage (443592K) : Executing rule backmetal1_mask_Offgrid
2026-07-14 10:30:32 -0400: Memory Usage (443592K) : Executing rule backmetal1_filler_Offgrid
2026-07-14 10:30:32 -0400: Memory Usage (443592K) : Executing rule backmetal1_nofill_Offgrid
2026-07-14 10:30:32 -0400: Memory Usage (443592K) : Executing rule backmetal1_slit_Offgrid
2026-07-14 10:30:32 -0400: Memory Usage (443592K) : Executing rule backmetal1_opc_Offgrid
2026-07-14 10:30:32 -0400: Memory Usage (443592K) : Executing rule backmetal1_noqrc_Offgrid
2026-07-14 10:30:32 -0400: Memory Usage (443592K) : Executing rule backmetal1_res_Offgrid
2026-07-14 10:30:32 -0400: Memory Usage (443592K) : Executing rule backmetal1_iprobe_Offgrid
2026-07-14 10:30:32 -0400: Memory Usage (443592K) : Executing rule backmetal1_diffprb_Offgrid
2026-07-14 10:30:32 -0400: Memory Usage (443592K) : Executing rule backpassiv_drw_Offgrid
2026-07-14 10:30:32 -0400: Memory Usage (443592K) : Executing rule salblock_drw_Offgrid
2026-07-14 10:30:32 -0400: Memory Usage (443592K) : Executing rule via2_drw_Offgrid
2026-07-14 10:30:32 -0400: Memory Usage (443592K) : Executing rule metal3_drw_Offgrid
2026-07-14 10:30:32 -0400: Memory Usage (443592K) : Executing rule metal3_pin_Offgrid
2026-07-14 10:30:32 -0400: Memory Usage (443592K) : Executing rule metal3_mask_Offgrid
2026-07-14 10:30:32 -0400: Memory Usage (443592K) : Executing rule metal3_filler_Offgrid
2026-07-14 10:30:32 -0400: Memory Usage (443592K) : Executing rule metal3_nofill_Offgrid
2026-07-14 10:30:32 -0400: Memory Usage (443592K) : Executing rule metal3_slit_Offgrid
2026-07-14 10:30:32 -0400: Memory Usage (443592K) : Executing rule metal3_opc_Offgrid
2026-07-14 10:30:32 -0400: Memory Usage (443592K) : Executing rule metal3_noqrc_Offgrid
2026-07-14 10:30:32 -0400: Memory Usage (443592K) : Executing rule metal3_res_Offgrid
2026-07-14 10:30:32 -0400: Memory Usage (443592K) : Executing rule metal3_iprobe_Offgrid
2026-07-14 10:30:32 -0400: Memory Usage (443592K) : Executing rule metal3_diffprb_Offgrid
2026-07-14 10:30:32 -0400: Memory Usage (443592K) : Executing rule nwell_drw_Offgrid
2026-07-14 10:30:32 -0400: Memory Usage (443592K) : Executing rule nwell_pin_Offgrid
2026-07-14 10:30:32 -0400: Memory Usage (443592K) : Executing rule nbulay_drw_Offgrid
2026-07-14 10:30:32 -0400: Memory Usage (443592K) : Executing rule nbulay_pin_Offgrid
2026-07-14 10:30:32 -0400: Memory Usage (443592K) : Executing rule nbulay_block_Offgrid
2026-07-14 10:30:32 -0400: Memory Usage (443592K) : Executing rule pwell_drw_Offgrid
2026-07-14 10:30:32 -0400: Memory Usage (443592K) : Executing rule pwell_pin_Offgrid
2026-07-14 10:30:32 -0400: Memory Usage (443592K) : Executing rule pwell_block_Offgrid
2026-07-14 10:30:32 -0400: Memory Usage (443592K) : Executing rule emwind_drw_Offgrid
2026-07-14 10:30:32 -0400: Memory Usage (443592K) : Executing rule emwind_opc_Offgrid
2026-07-14 10:30:32 -0400: Memory Usage (443592K) : Executing rule deepco_drw_Offgrid
2026-07-14 10:30:32 -0400: Memory Usage (443592K) : Executing rule mim_drw_Offgrid
2026-07-14 10:30:32 -0400: Memory Usage (443592K) : Executing rule substrate_drw_Offgrid
2026-07-14 10:30:32 -0400: Memory Usage (443592K) : Executing rule ic_drw_Offgrid
2026-07-14 10:30:32 -0400: Memory Usage (443592K) : Executing rule via3_drw_Offgrid
2026-07-14 10:30:32 -0400: Memory Usage (443592K) : Executing rule pldb_drw_Offgrid
2026-07-14 10:30:32 -0400: Memory Usage (443592K) : Executing rule metal4_drw_Offgrid
2026-07-14 10:30:32 -0400: Memory Usage (443592K) : Executing rule metal4_pin_Offgrid
2026-07-14 10:30:32 -0400: Memory Usage (443592K) : Executing rule metal4_mask_Offgrid
2026-07-14 10:30:32 -0400: Memory Usage (443592K) : Executing rule metal4_filler_Offgrid
2026-07-14 10:30:32 -0400: Memory Usage (443592K) : Executing rule metal4_nofill_Offgrid
2026-07-14 10:30:32 -0400: Memory Usage (443592K) : Executing rule metal4_slit_Offgrid
2026-07-14 10:30:32 -0400: Memory Usage (443592K) : Executing rule metal4_opc_Offgrid
2026-07-14 10:30:32 -0400: Memory Usage (443592K) : Executing rule metal4_noqrc_Offgrid
2026-07-14 10:30:32 -0400: Memory Usage (443592K) : Executing rule metal4_res_Offgrid
2026-07-14 10:30:32 -0400: Memory Usage (443592K) : Executing rule metal4_iprobe_Offgrid
2026-07-14 10:30:32 -0400: Memory Usage (443592K) : Executing rule metal4_diffprb_Offgrid
2026-07-14 10:30:32 -0400: Memory Usage (443592K) : Executing rule via4_drw_Offgrid
2026-07-14 10:30:32 -0400: Memory Usage (443592K) : Executing rule metal5_drw_Offgrid
2026-07-14 10:30:32 -0400: Memory Usage (443592K) : Executing rule metal5_pin_Offgrid
2026-07-14 10:30:32 -0400: Memory Usage (443592K) : Executing rule metal5_mask_Offgrid
2026-07-14 10:30:32 -0400: Memory Usage (443592K) : Executing rule metal5_filler_Offgrid
2026-07-14 10:30:32 -0400: Memory Usage (443592K) : Executing rule metal5_nofill_Offgrid
2026-07-14 10:30:32 -0400: Memory Usage (443592K) : Executing rule metal5_slit_Offgrid
2026-07-14 10:30:32 -0400: Memory Usage (443592K) : Executing rule metal5_opc_Offgrid
2026-07-14 10:30:32 -0400: Memory Usage (443592K) : Executing rule metal5_noqrc_Offgrid
2026-07-14 10:30:32 -0400: Memory Usage (443592K) : Executing rule metal5_res_Offgrid
2026-07-14 10:30:32 -0400: Memory Usage (443592K) : Executing rule metal5_iprobe_Offgrid
2026-07-14 10:30:32 -0400: Memory Usage (444200K) : Executing rule metal5_diffprb_Offgrid
2026-07-14 10:30:32 -0400: Memory Usage (444728K) : Executing rule prboundary_drw_Offgrid
2026-07-14 10:30:32 -0400: Memory Usage (444992K) : Executing rule exchange0_drw_Offgrid
2026-07-14 10:30:32 -0400: Memory Usage (445520K) : Executing rule exchange0_pin_Offgrid
2026-07-14 10:30:32 -0400: Memory Usage (446048K) : Executing rule exchange1_drw_Offgrid
2026-07-14 10:30:32 -0400: Memory Usage (446312K) : Executing rule exchange1_pin_Offgrid
2026-07-14 10:30:32 -0400: Memory Usage (446840K) : Executing rule exchange2_drw_Offgrid
2026-07-14 10:30:32 -0400: Memory Usage (447368K) : Executing rule exchange2_pin_Offgrid
2026-07-14 10:30:32 -0400: Memory Usage (447632K) : Executing rule exchange3_drw_Offgrid
2026-07-14 10:30:32 -0400: Memory Usage (447896K) : Executing rule exchange3_pin_Offgrid
2026-07-14 10:30:32 -0400: Memory Usage (447896K) : Executing rule exchange4_drw_Offgrid
2026-07-14 10:30:32 -0400: Memory Usage (447896K) : Executing rule exchange4_pin_Offgrid
2026-07-14 10:30:32 -0400: Memory Usage (447896K) : Executing rule isonwell_drw_Offgrid
2026-07-14 10:30:32 -0400: Memory Usage (447896K) : Executing rule thickgateox_drw_Offgrid
2026-07-14 10:30:32 -0400: Memory Usage (447896K) : Executing rule pempoly_drw_Offgrid
2026-07-14 10:30:32 -0400: Memory Usage (447896K) : Executing rule fbe_drw_Offgrid
2026-07-14 10:30:32 -0400: Memory Usage (447896K) : Executing rule empoly_drw_Offgrid
2026-07-14 10:30:32 -0400: Memory Usage (447896K) : Executing rule ldmos_drw_Offgrid
2026-07-14 10:30:32 -0400: Memory Usage (447896K) : Executing rule pbiwind_drw_Offgrid
2026-07-14 10:30:32 -0400: Memory Usage (447896K) : Executing rule colopen_drw_Offgrid
2026-07-14 10:30:32 -0400: Memory Usage (447896K) : Executing rule extblock_drw_Offgrid
2026-07-14 10:30:32 -0400: Memory Usage (447896K) : Executing rule nldd_drw_Offgrid
2026-07-14 10:30:32 -0400: Memory Usage (447896K) : Executing rule pldd_drw_Offgrid
2026-07-14 10:30:32 -0400: Memory Usage (447896K) : Executing rule next_drw_Offgrid
2026-07-14 10:30:32 -0400: Memory Usage (447896K) : Executing rule pext_drw_Offgrid
2026-07-14 10:30:32 -0400: Memory Usage (447896K) : Executing rule nexthv_drw_Offgrid
2026-07-14 10:30:32 -0400: Memory Usage (447896K) : Executing rule pexthv_drw_Offgrid
2026-07-14 10:30:32 -0400: Memory Usage (447896K) : Executing rule graphgate_drw_Offgrid
2026-07-14 10:30:32 -0400: Memory Usage (447896K) : Executing rule mempad_drw_Offgrid
2026-07-14 10:30:32 -0400: Memory Usage (447896K) : Executing rule topvia1_drw_Offgrid
2026-07-14 10:30:32 -0400: Memory Usage (447896K) : Executing rule topmetal1_drw_Offgrid
2026-07-14 10:30:32 -0400: Memory Usage (447896K) : Executing rule topmetal1_pin_Offgrid
2026-07-14 10:30:32 -0400: Memory Usage (447896K) : Executing rule topmetal1_mask_Offgrid
2026-07-14 10:30:32 -0400: Memory Usage (447896K) : Executing rule topmetal1_filler_Offgrid
2026-07-14 10:30:32 -0400: Memory Usage (447896K) : Executing rule topmetal1_nofill_Offgrid
2026-07-14 10:30:32 -0400: Memory Usage (447896K) : Executing rule topmetal1_slit_Offgrid
2026-07-14 10:30:32 -0400: Memory Usage (447896K) : Executing rule topmetal1_noqrc_Offgrid
2026-07-14 10:30:32 -0400: Memory Usage (447896K) : Executing rule topmetal1_res_Offgrid
2026-07-14 10:30:32 -0400: Memory Usage (447896K) : Executing rule topmetal1_iprobe_Offgrid
2026-07-14 10:30:32 -0400: Memory Usage (447896K) : Executing rule topmetal1_diffprb_Offgrid
2026-07-14 10:30:32 -0400: Memory Usage (447896K) : Executing rule inldpwl_drw_Offgrid
2026-07-14 10:30:32 -0400: Memory Usage (447896K) : Executing rule polyres_drw_Offgrid
2026-07-14 10:30:32 -0400: Memory Usage (447896K) : Executing rule polyres_pin_Offgrid
2026-07-14 10:30:32 -0400: Memory Usage (447896K) : Executing rule vmim_drw_Offgrid
2026-07-14 10:30:32 -0400: Memory Usage (447896K) : Executing rule nbulaycut_drw_Offgrid
2026-07-14 10:30:32 -0400: Memory Usage (447896K) : Executing rule antmetal1_drw_Offgrid
2026-07-14 10:30:32 -0400: Memory Usage (447896K) : Executing rule topvia2_drw_Offgrid
2026-07-14 10:30:32 -0400: Memory Usage (447896K) : Executing rule topmetal2_drw_Offgrid
2026-07-14 10:30:32 -0400: Memory Usage (447896K) : Executing rule topmetal2_pin_Offgrid
2026-07-14 10:30:32 -0400: Memory Usage (447896K) : Executing rule topmetal2_mask_Offgrid
2026-07-14 10:30:32 -0400: Memory Usage (447896K) : Executing rule topmetal2_filler_Offgrid
2026-07-14 10:30:32 -0400: Memory Usage (447896K) : Executing rule topmetal2_nofill_Offgrid
2026-07-14 10:30:32 -0400: Memory Usage (447896K) : Executing rule topmetal2_slit_Offgrid
2026-07-14 10:30:32 -0400: Memory Usage (447896K) : Executing rule topmetal2_noqrc_Offgrid
2026-07-14 10:30:32 -0400: Memory Usage (447896K) : Executing rule topmetal2_res_Offgrid
2026-07-14 10:30:32 -0400: Memory Usage (447896K) : Executing rule topmetal2_iprobe_Offgrid
2026-07-14 10:30:32 -0400: Memory Usage (447896K) : Executing rule topmetal2_diffprb_Offgrid
2026-07-14 10:30:32 -0400: Memory Usage (447896K) : Executing rule snsring_drw_Offgrid
2026-07-14 10:30:32 -0400: Memory Usage (447896K) : Executing rule sensor_drw_Offgrid
2026-07-14 10:30:32 -0400: Memory Usage (447896K) : Executing rule snsarms_drw_Offgrid
2026-07-14 10:30:32 -0400: Memory Usage (447896K) : Executing rule snscmosvia_drw_Offgrid
2026-07-14 10:30:32 -0400: Memory Usage (447896K) : Executing rule colwind_drw_Offgrid
2026-07-14 10:30:32 -0400: Memory Usage (447896K) : Executing rule flm_drw_Offgrid
2026-07-14 10:30:32 -0400: Memory Usage (447896K) : Executing rule hafniumox_drw_Offgrid
2026-07-14 10:30:32 -0400: Memory Usage (447896K) : Executing rule memvia_drw_Offgrid
2026-07-14 10:30:32 -0400: Memory Usage (447896K) : Executing rule thinfilmres_drw_Offgrid
2026-07-14 10:30:32 -0400: Memory Usage (447896K) : Executing rule rfmem_drw_Offgrid
2026-07-14 10:30:32 -0400: Memory Usage (447896K) : Executing rule snsbotvia_drw_Offgrid
2026-07-14 10:30:33 -0400: Memory Usage (447896K) : Executing rule snstopvia_drw_Offgrid
2026-07-14 10:30:33 -0400: Memory Usage (447896K) : Executing rule deepvia_drw_Offgrid
2026-07-14 10:30:33 -0400: Memory Usage (447896K) : Executing rule fgetch_drw_Offgrid
2026-07-14 10:30:33 -0400: Memory Usage (447896K) : Executing rule ctrgat_drw_Offgrid
2026-07-14 10:30:33 -0400: Memory Usage (447896K) : Executing rule fgimp_drw_Offgrid
2026-07-14 10:30:33 -0400: Memory Usage (447896K) : Executing rule emwihv_drw_Offgrid
2026-07-14 10:30:33 -0400: Memory Usage (447896K) : Executing rule lbe_drw_Offgrid
2026-07-14 10:30:33 -0400: Memory Usage (447896K) : Executing rule alcustop_drw_Offgrid
2026-07-14 10:30:33 -0400: Memory Usage (447896K) : Starting 3.2. angle table
2026-07-14 10:30:33 -0400: Memory Usage (447896K) : Executing rule activ_drw_Acute
2026-07-14 10:30:33 -0400: Memory Usage (447896K) : Executing rule activ_pin_Acute
2026-07-14 10:30:33 -0400: Memory Usage (447896K) : Executing rule activ_mask_Acute
2026-07-14 10:30:33 -0400: Memory Usage (447896K) : Executing rule activ_filler_Acute
2026-07-14 10:30:33 -0400: Memory Usage (447896K) : Executing rule activ_nofill_Acute
2026-07-14 10:30:33 -0400: Memory Usage (447896K) : Executing rule activ_opc_Acute
2026-07-14 10:30:33 -0400: Memory Usage (447896K) : Executing rule activ_iopc_Acute
2026-07-14 10:30:33 -0400: Memory Usage (447896K) : Executing rule activ_noqrc_Acute
2026-07-14 10:30:33 -0400: Memory Usage (447896K) : Executing rule biwind_drw_Acute
2026-07-14 10:30:33 -0400: Memory Usage (447896K) : Executing rule biwind_opc_Acute
2026-07-14 10:30:33 -0400: Memory Usage (447896K) : Executing rule pemwind_drw_Acute
2026-07-14 10:30:33 -0400: Memory Usage (447896K) : Executing rule gatpoly_drw_Acute
2026-07-14 10:30:33 -0400: Memory Usage (447896K) : Executing rule gatpoly_pin_Acute
2026-07-14 10:30:33 -0400: Memory Usage (447896K) : Executing rule gatpoly_filler_Acute
2026-07-14 10:30:33 -0400: Memory Usage (447896K) : Executing rule gatpoly_nofill_Acute
2026-07-14 10:30:33 -0400: Memory Usage (447896K) : Executing rule gatpoly_opc_Acute
2026-07-14 10:30:33 -0400: Memory Usage (447896K) : Executing rule gatpoly_iopc_Acute
2026-07-14 10:30:33 -0400: Memory Usage (447896K) : Executing rule gatpoly_noqrc_Acute
2026-07-14 10:30:33 -0400: Memory Usage (447896K) : Executing rule cont_drw_Acute
2026-07-14 10:30:33 -0400: Memory Usage (447896K) : Executing rule cont_opc_Acute
2026-07-14 10:30:33 -0400: Memory Usage (447896K) : Executing rule nsd_drw_Acute
2026-07-14 10:30:33 -0400: Memory Usage (447896K) : Executing rule nsd_block_Acute
2026-07-14 10:30:33 -0400: Memory Usage (447896K) : Executing rule metal1_drw_Acute
2026-07-14 10:30:33 -0400: Memory Usage (447896K) : Executing rule metal1_pin_Acute
2026-07-14 10:30:33 -0400: Memory Usage (447896K) : Executing rule metal1_mask_Acute
2026-07-14 10:30:33 -0400: Memory Usage (447896K) : Executing rule metal1_filler_Acute
2026-07-14 10:30:33 -0400: Memory Usage (447896K) : Executing rule metal1_nofill_Acute
2026-07-14 10:30:33 -0400: Memory Usage (447896K) : Executing rule metal1_slit_Acute
2026-07-14 10:30:33 -0400: Memory Usage (447896K) : Executing rule metal1_opc_Acute
2026-07-14 10:30:33 -0400: Memory Usage (447896K) : Executing rule metal1_noqrc_Acute
2026-07-14 10:30:33 -0400: Memory Usage (447896K) : Executing rule metal1_res_Acute
2026-07-14 10:30:33 -0400: Memory Usage (447896K) : Executing rule metal1_iprobe_Acute
2026-07-14 10:30:33 -0400: Memory Usage (447896K) : Executing rule metal1_diffprb_Acute
2026-07-14 10:30:33 -0400: Memory Usage (447896K) : Executing rule passiv_drw_Acute
2026-07-14 10:30:33 -0400: Memory Usage (447896K) : Executing rule passiv_pin_Acute
2026-07-14 10:30:33 -0400: Memory Usage (447896K) : Executing rule passiv_pillar_Acute
2026-07-14 10:30:33 -0400: Memory Usage (447896K) : Executing rule passiv_sbump_Acute
2026-07-14 10:30:33 -0400: Memory Usage (447896K) : Executing rule passiv_pdl_Acute
2026-07-14 10:30:33 -0400: Memory Usage (447896K) : Executing rule metal2_drw_Acute
2026-07-14 10:30:33 -0400: Memory Usage (447896K) : Executing rule metal2_pin_Acute
2026-07-14 10:30:33 -0400: Memory Usage (447896K) : Executing rule metal2_mask_Acute
2026-07-14 10:30:33 -0400: Memory Usage (447896K) : Executing rule metal2_filler_Acute
2026-07-14 10:30:33 -0400: Memory Usage (447896K) : Executing rule metal2_nofill_Acute
2026-07-14 10:30:33 -0400: Memory Usage (447896K) : Executing rule metal2_slit_Acute
2026-07-14 10:30:33 -0400: Memory Usage (447896K) : Executing rule metal2_opc_Acute
2026-07-14 10:30:33 -0400: Memory Usage (447896K) : Executing rule metal2_noqrc_Acute
2026-07-14 10:30:33 -0400: Memory Usage (447896K) : Executing rule metal2_res_Acute
2026-07-14 10:30:33 -0400: Memory Usage (447896K) : Executing rule metal2_iprobe_Acute
2026-07-14 10:30:33 -0400: Memory Usage (447896K) : Executing rule metal2_diffprb_Acute
2026-07-14 10:30:33 -0400: Memory Usage (447896K) : Executing rule baspoly_drw_Acute
2026-07-14 10:30:33 -0400: Memory Usage (447896K) : Executing rule baspoly_pin_Acute
2026-07-14 10:30:33 -0400: Memory Usage (447896K) : Executing rule psd_drw_Acute
2026-07-14 10:30:33 -0400: Memory Usage (447896K) : Executing rule nldb_drw_Acute
2026-07-14 10:30:33 -0400: Memory Usage (447896K) : Executing rule via1_drw_Acute
2026-07-14 10:30:33 -0400: Memory Usage (447896K) : Executing rule backmetal1_drw_Acute
2026-07-14 10:30:33 -0400: Memory Usage (447896K) : Executing rule backmetal1_pin_Acute
2026-07-14 10:30:33 -0400: Memory Usage (447896K) : Executing rule backmetal1_mask_Acute
2026-07-14 10:30:33 -0400: Memory Usage (447896K) : Executing rule backmetal1_filler_Acute
2026-07-14 10:30:33 -0400: Memory Usage (447896K) : Executing rule backmetal1_nofill_Acute
2026-07-14 10:30:33 -0400: Memory Usage (447896K) : Executing rule backmetal1_slit_Acute
2026-07-14 10:30:33 -0400: Memory Usage (447896K) : Executing rule backmetal1_opc_Acute
2026-07-14 10:30:33 -0400: Memory Usage (447896K) : Executing rule backmetal1_noqrc_Acute
2026-07-14 10:30:33 -0400: Memory Usage (447896K) : Executing rule backmetal1_res_Acute
2026-07-14 10:30:33 -0400: Memory Usage (447896K) : Executing rule backmetal1_iprobe_Acute
2026-07-14 10:30:33 -0400: Memory Usage (447896K) : Executing rule backmetal1_diffprb_Acute
2026-07-14 10:30:33 -0400: Memory Usage (447896K) : Executing rule backpassiv_drw_Acute
2026-07-14 10:30:33 -0400: Memory Usage (447896K) : Executing rule salblock_drw_Acute
2026-07-14 10:30:33 -0400: Memory Usage (447896K) : Executing rule via2_drw_Acute
2026-07-14 10:30:33 -0400: Memory Usage (447896K) : Executing rule metal3_drw_Acute
2026-07-14 10:30:33 -0400: Memory Usage (447896K) : Executing rule metal3_pin_Acute
2026-07-14 10:30:33 -0400: Memory Usage (447896K) : Executing rule metal3_mask_Acute
2026-07-14 10:30:33 -0400: Memory Usage (447896K) : Executing rule metal3_filler_Acute
2026-07-14 10:30:33 -0400: Memory Usage (447896K) : Executing rule metal3_nofill_Acute
2026-07-14 10:30:33 -0400: Memory Usage (447896K) : Executing rule metal3_slit_Acute
2026-07-14 10:30:33 -0400: Memory Usage (447896K) : Executing rule metal3_opc_Acute
2026-07-14 10:30:33 -0400: Memory Usage (447896K) : Executing rule metal3_noqrc_Acute
2026-07-14 10:30:33 -0400: Memory Usage (447896K) : Executing rule metal3_res_Acute
2026-07-14 10:30:33 -0400: Memory Usage (447896K) : Executing rule metal3_iprobe_Acute
2026-07-14 10:30:33 -0400: Memory Usage (447896K) : Executing rule metal3_diffprb_Acute
2026-07-14 10:30:33 -0400: Memory Usage (447896K) : Executing rule nwell_drw_Acute
2026-07-14 10:30:33 -0400: Memory Usage (447896K) : Executing rule nwell_pin_Acute
2026-07-14 10:30:33 -0400: Memory Usage (447896K) : Executing rule nbulay_drw_Acute
2026-07-14 10:30:33 -0400: Memory Usage (447896K) : Executing rule nbulay_pin_Acute
2026-07-14 10:30:33 -0400: Memory Usage (447896K) : Executing rule nbulay_block_Acute
2026-07-14 10:30:33 -0400: Memory Usage (447896K) : Executing rule pwell_drw_Acute
2026-07-14 10:30:33 -0400: Memory Usage (447896K) : Executing rule pwell_pin_Acute
2026-07-14 10:30:33 -0400: Memory Usage (447896K) : Executing rule pwell_block_Acute
2026-07-14 10:30:33 -0400: Memory Usage (447896K) : Executing rule emwind_drw_Acute
2026-07-14 10:30:33 -0400: Memory Usage (447896K) : Executing rule emwind_opc_Acute
2026-07-14 10:30:33 -0400: Memory Usage (447896K) : Executing rule deepco_drw_Acute
2026-07-14 10:30:33 -0400: Memory Usage (447896K) : Executing rule mim_drw_Acute
2026-07-14 10:30:33 -0400: Memory Usage (447896K) : Executing rule substrate_drw_Acute
2026-07-14 10:30:33 -0400: Memory Usage (447896K) : Executing rule ic_drw_Acute
2026-07-14 10:30:33 -0400: Memory Usage (447896K) : Executing rule via3_drw_Acute
2026-07-14 10:30:33 -0400: Memory Usage (447896K) : Executing rule pldb_drw_Acute
2026-07-14 10:30:33 -0400: Memory Usage (447896K) : Executing rule metal4_drw_Acute
2026-07-14 10:30:33 -0400: Memory Usage (447896K) : Executing rule metal4_pin_Acute
2026-07-14 10:30:33 -0400: Memory Usage (447896K) : Executing rule metal4_mask_Acute
2026-07-14 10:30:33 -0400: Memory Usage (447896K) : Executing rule metal4_filler_Acute
2026-07-14 10:30:33 -0400: Memory Usage (447896K) : Executing rule metal4_nofill_Acute
2026-07-14 10:30:33 -0400: Memory Usage (447896K) : Executing rule metal4_slit_Acute
2026-07-14 10:30:33 -0400: Memory Usage (447896K) : Executing rule metal4_opc_Acute
2026-07-14 10:30:33 -0400: Memory Usage (447896K) : Executing rule metal4_noqrc_Acute
2026-07-14 10:30:33 -0400: Memory Usage (447896K) : Executing rule metal4_res_Acute
2026-07-14 10:30:33 -0400: Memory Usage (447896K) : Executing rule metal4_iprobe_Acute
2026-07-14 10:30:33 -0400: Memory Usage (447896K) : Executing rule metal4_diffprb_Acute
2026-07-14 10:30:33 -0400: Memory Usage (447896K) : Executing rule via4_drw_Acute
2026-07-14 10:30:33 -0400: Memory Usage (447896K) : Executing rule metal5_drw_Acute
2026-07-14 10:30:33 -0400: Memory Usage (447896K) : Executing rule metal5_pin_Acute
2026-07-14 10:30:33 -0400: Memory Usage (447896K) : Executing rule metal5_mask_Acute
2026-07-14 10:30:33 -0400: Memory Usage (447896K) : Executing rule metal5_filler_Acute
2026-07-14 10:30:33 -0400: Memory Usage (447896K) : Executing rule metal5_nofill_Acute
2026-07-14 10:30:33 -0400: Memory Usage (447896K) : Executing rule metal5_slit_Acute
2026-07-14 10:30:33 -0400: Memory Usage (447896K) : Executing rule metal5_opc_Acute
2026-07-14 10:30:33 -0400: Memory Usage (447896K) : Executing rule metal5_noqrc_Acute
2026-07-14 10:30:33 -0400: Memory Usage (447896K) : Executing rule metal5_res_Acute
2026-07-14 10:30:33 -0400: Memory Usage (447896K) : Executing rule metal5_iprobe_Acute
2026-07-14 10:30:33 -0400: Memory Usage (447896K) : Executing rule metal5_diffprb_Acute
2026-07-14 10:30:33 -0400: Memory Usage (447896K) : Executing rule prboundary_drw_Acute
2026-07-14 10:30:33 -0400: Memory Usage (447896K) : Executing rule exchange0_drw_Acute
2026-07-14 10:30:33 -0400: Memory Usage (447896K) : Executing rule exchange0_pin_Acute
2026-07-14 10:30:33 -0400: Memory Usage (447896K) : Executing rule exchange1_drw_Acute
2026-07-14 10:30:33 -0400: Memory Usage (447896K) : Executing rule exchange1_pin_Acute
2026-07-14 10:30:33 -0400: Memory Usage (447896K) : Executing rule exchange2_drw_Acute
2026-07-14 10:30:33 -0400: Memory Usage (447896K) : Executing rule exchange2_pin_Acute
2026-07-14 10:30:33 -0400: Memory Usage (447896K) : Executing rule exchange3_drw_Acute
2026-07-14 10:30:33 -0400: Memory Usage (447896K) : Executing rule exchange3_pin_Acute
2026-07-14 10:30:33 -0400: Memory Usage (447896K) : Executing rule exchange4_drw_Acute
2026-07-14 10:30:33 -0400: Memory Usage (447896K) : Executing rule exchange4_pin_Acute
2026-07-14 10:30:33 -0400: Memory Usage (447896K) : Executing rule isonwell_drw_Acute
2026-07-14 10:30:33 -0400: Memory Usage (447896K) : Executing rule thickgateox_drw_Acute
2026-07-14 10:30:33 -0400: Memory Usage (447896K) : Executing rule pempoly_drw_Acute
2026-07-14 10:30:33 -0400: Memory Usage (447896K) : Executing rule fbe_drw_Acute
2026-07-14 10:30:33 -0400: Memory Usage (447896K) : Executing rule empoly_drw_Acute
2026-07-14 10:30:33 -0400: Memory Usage (447896K) : Executing rule ldmos_drw_Acute
2026-07-14 10:30:33 -0400: Memory Usage (447896K) : Executing rule pbiwind_drw_Acute
2026-07-14 10:30:34 -0400: Memory Usage (447896K) : Executing rule colopen_drw_Acute
2026-07-14 10:30:34 -0400: Memory Usage (447896K) : Executing rule extblock_drw_Acute
2026-07-14 10:30:34 -0400: Memory Usage (447896K) : Executing rule nldd_drw_Acute
2026-07-14 10:30:34 -0400: Memory Usage (447896K) : Executing rule pldd_drw_Acute
2026-07-14 10:30:34 -0400: Memory Usage (447896K) : Executing rule next_drw_Acute
2026-07-14 10:30:34 -0400: Memory Usage (447896K) : Executing rule pext_drw_Acute
2026-07-14 10:30:34 -0400: Memory Usage (447896K) : Executing rule nexthv_drw_Acute
2026-07-14 10:30:34 -0400: Memory Usage (447896K) : Executing rule pexthv_drw_Acute
2026-07-14 10:30:34 -0400: Memory Usage (447896K) : Executing rule graphgate_drw_Acute
2026-07-14 10:30:34 -0400: Memory Usage (447896K) : Executing rule mempad_drw_Acute
2026-07-14 10:30:34 -0400: Memory Usage (447896K) : Executing rule topvia1_drw_Acute
2026-07-14 10:30:34 -0400: Memory Usage (447896K) : Executing rule topmetal1_drw_Acute
2026-07-14 10:30:34 -0400: Memory Usage (447896K) : Executing rule topmetal1_pin_Acute
2026-07-14 10:30:34 -0400: Memory Usage (447896K) : Executing rule topmetal1_mask_Acute
2026-07-14 10:30:34 -0400: Memory Usage (447896K) : Executing rule topmetal1_filler_Acute
2026-07-14 10:30:34 -0400: Memory Usage (447896K) : Executing rule topmetal1_nofill_Acute
2026-07-14 10:30:34 -0400: Memory Usage (447896K) : Executing rule topmetal1_slit_Acute
2026-07-14 10:30:34 -0400: Memory Usage (447896K) : Executing rule topmetal1_noqrc_Acute
2026-07-14 10:30:34 -0400: Memory Usage (447896K) : Executing rule topmetal1_res_Acute
2026-07-14 10:30:34 -0400: Memory Usage (447896K) : Executing rule topmetal1_iprobe_Acute
2026-07-14 10:30:34 -0400: Memory Usage (447896K) : Executing rule topmetal1_diffprb_Acute
2026-07-14 10:30:34 -0400: Memory Usage (447896K) : Executing rule inldpwl_drw_Acute
2026-07-14 10:30:34 -0400: Memory Usage (447896K) : Executing rule polyres_drw_Acute
2026-07-14 10:30:34 -0400: Memory Usage (447896K) : Executing rule polyres_pin_Acute
2026-07-14 10:30:34 -0400: Memory Usage (447896K) : Executing rule vmim_drw_Acute
2026-07-14 10:30:34 -0400: Memory Usage (447896K) : Executing rule nbulaycut_drw_Acute
2026-07-14 10:30:34 -0400: Memory Usage (447896K) : Executing rule antmetal1_drw_Acute
2026-07-14 10:30:34 -0400: Memory Usage (447896K) : Executing rule topvia2_drw_Acute
2026-07-14 10:30:34 -0400: Memory Usage (447896K) : Executing rule topmetal2_drw_Acute
2026-07-14 10:30:34 -0400: Memory Usage (447896K) : Executing rule topmetal2_pin_Acute
2026-07-14 10:30:34 -0400: Memory Usage (447896K) : Executing rule topmetal2_mask_Acute
2026-07-14 10:30:34 -0400: Memory Usage (447896K) : Executing rule topmetal2_filler_Acute
2026-07-14 10:30:34 -0400: Memory Usage (447896K) : Executing rule topmetal2_nofill_Acute
2026-07-14 10:30:34 -0400: Memory Usage (447896K) : Executing rule topmetal2_slit_Acute
2026-07-14 10:30:34 -0400: Memory Usage (447896K) : Executing rule topmetal2_noqrc_Acute
2026-07-14 10:30:34 -0400: Memory Usage (447896K) : Executing rule topmetal2_res_Acute
2026-07-14 10:30:34 -0400: Memory Usage (447896K) : Executing rule topmetal2_iprobe_Acute
2026-07-14 10:30:34 -0400: Memory Usage (447896K) : Executing rule topmetal2_diffprb_Acute
2026-07-14 10:30:34 -0400: Memory Usage (447896K) : Executing rule snsring_drw_Acute
2026-07-14 10:30:34 -0400: Memory Usage (447896K) : Executing rule sensor_drw_Acute
2026-07-14 10:30:34 -0400: Memory Usage (447896K) : Executing rule snsarms_drw_Acute
2026-07-14 10:30:34 -0400: Memory Usage (447896K) : Executing rule snscmosvia_drw_Acute
2026-07-14 10:30:34 -0400: Memory Usage (447896K) : Executing rule colwind_drw_Acute
2026-07-14 10:30:34 -0400: Memory Usage (447896K) : Executing rule flm_drw_Acute
2026-07-14 10:30:34 -0400: Memory Usage (447896K) : Executing rule hafniumox_drw_Acute
2026-07-14 10:30:34 -0400: Memory Usage (447896K) : Executing rule memvia_drw_Acute
2026-07-14 10:30:34 -0400: Memory Usage (447896K) : Executing rule thinfilmres_drw_Acute
2026-07-14 10:30:34 -0400: Memory Usage (447896K) : Executing rule rfmem_drw_Acute
2026-07-14 10:30:34 -0400: Memory Usage (447896K) : Executing rule snsbotvia_drw_Acute
2026-07-14 10:30:34 -0400: Memory Usage (447896K) : Executing rule snstopvia_drw_Acute
2026-07-14 10:30:34 -0400: Memory Usage (447896K) : Executing rule deepvia_drw_Acute
2026-07-14 10:30:34 -0400: Memory Usage (447896K) : Executing rule fgetch_drw_Acute
2026-07-14 10:30:34 -0400: Memory Usage (447896K) : Executing rule ctrgat_drw_Acute
2026-07-14 10:30:34 -0400: Memory Usage (447896K) : Executing rule fgimp_drw_Acute
2026-07-14 10:30:34 -0400: Memory Usage (447896K) : Executing rule emwihv_drw_Acute
2026-07-14 10:30:34 -0400: Memory Usage (447896K) : Executing rule lbe_drw_Acute
2026-07-14 10:30:34 -0400: Memory Usage (447896K) : Executing rule alcustop_drw_Acute
2026-07-14 10:30:34 -0400: Memory Usage (447896K) : Executing rule cont_drw_Angle90
2026-07-14 10:30:34 -0400: Memory Usage (447896K) : Executing rule via1_drw_Angle90
2026-07-14 10:30:34 -0400: Memory Usage (447896K) : Executing rule via2_drw_Angle90
2026-07-14 10:30:34 -0400: Memory Usage (447896K) : Executing rule via3_drw_Angle90
2026-07-14 10:30:34 -0400: Memory Usage (447896K) : Executing rule via4_drw_Angle90
2026-07-14 10:30:34 -0400: Memory Usage (447896K) : Executing rule vmim_drw_Angle90
2026-07-14 10:30:34 -0400: Memory Usage (447896K) : Executing rule topvia1_drw_Angle90
2026-07-14 10:30:34 -0400: Memory Usage (447896K) : Executing rule topvia2_drw_Angle90
2026-07-14 10:30:34 -0400: Memory Usage (447896K) : Executing rule gatpoly_drw_Angle45
2026-07-14 10:30:34 -0400: Memory Usage (447896K) : Executing rule activ_drw_Angle45
2026-07-14 10:30:34 -0400: Memory Usage (447896K) : Executing rule metal1_drw_Angle45
2026-07-14 10:30:34 -0400: Memory Usage (448368K) : Executing rule metal2_drw_Angle45
2026-07-14 10:30:34 -0400: Memory Usage (448368K) : Executing rule metal3_drw_Angle45
2026-07-14 10:30:34 -0400: Memory Usage (448368K) : Executing rule metal4_drw_Angle45
2026-07-14 10:30:34 -0400: Memory Usage (448368K) : Executing rule metal5_drw_Angle45
2026-07-14 10:30:34 -0400: Memory Usage (448308K) : Executing rule topmetal1_drw_Angle45
2026-07-14 10:30:34 -0400: Memory Usage (448244K) : Executing rule topmetal2_drw_Angle45
2026-07-14 10:30:34 -0400: Memory Usage (448192K) : Starting 3.2. FORBIDDEN table
2026-07-14 10:30:34 -0400: Memory Usage (448192K) : Executing rule forbidden.biwind
2026-07-14 10:30:34 -0400: Memory Usage (448192K) : Executing rule forbidden.pemwind
2026-07-14 10:30:34 -0400: Memory Usage (448192K) : Executing rule forbidden.baspoly
2026-07-14 10:30:34 -0400: Memory Usage (448192K) : Executing rule forbidden.deepco
2026-07-14 10:30:34 -0400: Memory Usage (448192K) : Executing rule forbidden.pempoly
2026-07-14 10:30:34 -0400: Memory Usage (448192K) : Executing rule forbidden.empoly
2026-07-14 10:30:34 -0400: Memory Usage (448192K) : Executing rule forbidden.ldmos
2026-07-14 10:30:34 -0400: Memory Usage (448192K) : Executing rule forbidden.pbiwind
2026-07-14 10:30:34 -0400: Memory Usage (448192K) : Executing rule forbidden.nodrc
2026-07-14 10:30:34 -0400: Memory Usage (448192K) : Executing rule forbidden.flash
2026-07-14 10:30:34 -0400: Memory Usage (448192K) : Executing rule forbidden.colwind
2026-07-14 10:30:34 -0400: Memory Usage (448192K) : KLayout DRC run for tables 'main' completed in 4.04 seconds
2026-07-14 10:31:29 -0400: Memory Usage (412148K) : Starting running IHP-SG13G2 KLayout DRC runset on /home/bthomas3/Videos/77GHz_phased_array/layout/VCO_77G.gds
2026-07-14 10:31:29 -0400: Memory Usage (412148K) : Ruby Version for klayout: 2.5.9
2026-07-14 10:31:29 -0400: Memory Usage (412148K) : Loading database to memory is complete.
2026-07-14 10:31:29 -0400: Memory Usage (412148K) : IHP-SG13G2 KLayout DRC runset output at: /home/bthomas3/Videos/77GHz_phased_array/layout/drc_out/VCO_77G_VCO_77G_main.lyrdb
2026-07-14 10:31:29 -0400: Memory Usage (412148K) : Evaluate switches.
2026-07-14 10:31:29 -0400: Memory Usage (412148K) : tables selected: main
2026-07-14 10:31:29 -0400: Memory Usage (412148K) : KLayout will use 6 thread(s) in tiling mode.
2026-07-14 10:31:29 -0400: Memory Usage (412148K) : deep mode is enabled.
2026-07-14 10:31:29 -0400: Memory Usage (412148K) : FEOL enabled: false
2026-07-14 10:31:29 -0400: Memory Usage (412148K) : BEOL enabled: true
2026-07-14 10:31:29 -0400: Memory Usage (412148K) : OFFGRID enabled: true
2026-07-14 10:31:29 -0400: Memory Usage (412148K) : ANGLE enabled: true
2026-07-14 10:31:29 -0400: Memory Usage (412148K) : PIN enabled: true
2026-07-14 10:31:29 -0400: Memory Usage (412148K) : FORBIDDEN enabled: true
2026-07-14 10:31:29 -0400: Memory Usage (412148K) : RECOMMENDED enabled: true
2026-07-14 10:31:29 -0400: Memory Usage (412148K) : PreCheck DRC enabled: false
2026-07-14 10:31:29 -0400: Memory Usage (412148K) : CONNECTIVITY_RULES enabled: false.
2026-07-14 10:31:29 -0400: Memory Usage (412148K) : Read in polygons from layers.
2026-07-14 10:31:29 -0400: Memory Usage (412148K) : activ_drw has 0 polygons
2026-07-14 10:31:29 -0400: Memory Usage (412148K) : activ_pin has 0 polygons
2026-07-14 10:31:29 -0400: Memory Usage (412148K) : activ_mask has 0 polygons
2026-07-14 10:31:29 -0400: Memory Usage (412148K) : activ_filler has 0 polygons
2026-07-14 10:31:29 -0400: Memory Usage (412148K) : activ_nofill has 0 polygons
2026-07-14 10:31:29 -0400: Memory Usage (412148K) : activ_opc has 0 polygons
2026-07-14 10:31:29 -0400: Memory Usage (412148K) : activ_iopc has 0 polygons
2026-07-14 10:31:29 -0400: Memory Usage (412148K) : activ_noqrc has 0 polygons
2026-07-14 10:31:29 -0400: Memory Usage (412148K) : biwind_drw has 0 polygons
2026-07-14 10:31:29 -0400: Memory Usage (412148K) : biwind_opc has 0 polygons
2026-07-14 10:31:29 -0400: Memory Usage (412148K) : pemwind_drw has 0 polygons
2026-07-14 10:31:29 -0400: Memory Usage (412148K) : gatpoly_drw has 0 polygons
2026-07-14 10:31:29 -0400: Memory Usage (412148K) : gatpoly_pin has 0 polygons
2026-07-14 10:31:29 -0400: Memory Usage (412148K) : gatpoly_filler has 0 polygons
2026-07-14 10:31:29 -0400: Memory Usage (412148K) : gatpoly_nofill has 0 polygons
2026-07-14 10:31:29 -0400: Memory Usage (412148K) : gatpoly_opc has 0 polygons
2026-07-14 10:31:29 -0400: Memory Usage (412148K) : gatpoly_iopc has 0 polygons
2026-07-14 10:31:29 -0400: Memory Usage (412148K) : gatpoly_noqrc has 0 polygons
2026-07-14 10:31:29 -0400: Memory Usage (412148K) : cont_drw has 0 polygons
2026-07-14 10:31:29 -0400: Memory Usage (412148K) : cont_opc has 0 polygons
2026-07-14 10:31:29 -0400: Memory Usage (412148K) : nsd_drw has 0 polygons
2026-07-14 10:31:29 -0400: Memory Usage (412148K) : nsd_block has 0 polygons
2026-07-14 10:31:29 -0400: Memory Usage (412148K) : metal1_drw has 2 polygons
2026-07-14 10:31:29 -0400: Memory Usage (412148K) : metal1_pin has 0 polygons
2026-07-14 10:31:29 -0400: Memory Usage (412148K) : metal1_mask has 0 polygons
2026-07-14 10:31:29 -0400: Memory Usage (412148K) : metal1_filler has 0 polygons
2026-07-14 10:31:29 -0400: Memory Usage (412148K) : metal1_nofill has 0 polygons
2026-07-14 10:31:29 -0400: Memory Usage (412148K) : metal1_slit has 0 polygons
2026-07-14 10:31:29 -0400: Memory Usage (412148K) : metal1_text has 0 polygons
2026-07-14 10:31:29 -0400: Memory Usage (412148K) : metal1_opc has 0 polygons
2026-07-14 10:31:29 -0400: Memory Usage (412148K) : metal1_noqrc has 0 polygons
2026-07-14 10:31:29 -0400: Memory Usage (412148K) : metal1_res has 0 polygons
2026-07-14 10:31:29 -0400: Memory Usage (412148K) : metal1_iprobe has 0 polygons
2026-07-14 10:31:29 -0400: Memory Usage (412148K) : metal1_diffprb has 0 polygons
2026-07-14 10:31:29 -0400: Memory Usage (412148K) : passiv_drw has 0 polygons
2026-07-14 10:31:29 -0400: Memory Usage (412148K) : passiv_pin has 0 polygons
2026-07-14 10:31:29 -0400: Memory Usage (412148K) : passiv_sbump has 0 polygons
2026-07-14 10:31:29 -0400: Memory Usage (413964K) : passiv_pillar has 0 polygons
2026-07-14 10:31:29 -0400: Memory Usage (413964K) : passiv_pdl has 0 polygons
2026-07-14 10:31:29 -0400: Memory Usage (413964K) : metal2_drw has 0 polygons
2026-07-14 10:31:29 -0400: Memory Usage (413964K) : metal2_pin has 0 polygons
2026-07-14 10:31:29 -0400: Memory Usage (413964K) : metal2_mask has 0 polygons
2026-07-14 10:31:29 -0400: Memory Usage (413964K) : metal2_filler has 0 polygons
2026-07-14 10:31:29 -0400: Memory Usage (414228K) : metal2_nofill has 0 polygons
2026-07-14 10:31:29 -0400: Memory Usage (414228K) : metal2_slit has 0 polygons
2026-07-14 10:31:29 -0400: Memory Usage (414228K) : metal2_text has 0 polygons
2026-07-14 10:31:29 -0400: Memory Usage (414228K) : metal2_opc has 0 polygons
2026-07-14 10:31:29 -0400: Memory Usage (414228K) : metal2_noqrc has 0 polygons
2026-07-14 10:31:29 -0400: Memory Usage (414492K) : metal2_res has 0 polygons
2026-07-14 10:31:29 -0400: Memory Usage (414492K) : metal2_iprobe has 0 polygons
2026-07-14 10:31:29 -0400: Memory Usage (414492K) : metal2_diffprb has 0 polygons
2026-07-14 10:31:29 -0400: Memory Usage (414492K) : baspoly_drw has 0 polygons
2026-07-14 10:31:29 -0400: Memory Usage (414492K) : baspoly_pin has 0 polygons
2026-07-14 10:31:29 -0400: Memory Usage (414756K) : psd_drw has 0 polygons
2026-07-14 10:31:29 -0400: Memory Usage (414756K) : nldb_drw has 0 polygons
2026-07-14 10:31:29 -0400: Memory Usage (414756K) : digibnd_drw has 0 polygons
2026-07-14 10:31:29 -0400: Memory Usage (414756K) : via1_drw has 0 polygons
2026-07-14 10:31:29 -0400: Memory Usage (414756K) : backmetal1_drw has 0 polygons
2026-07-14 10:31:29 -0400: Memory Usage (415020K) : backmetal1_pin has 0 polygons
2026-07-14 10:31:29 -0400: Memory Usage (415020K) : backmetal1_mask has 0 polygons
2026-07-14 10:31:29 -0400: Memory Usage (415020K) : backmetal1_filler has 0 polygons
2026-07-14 10:31:29 -0400: Memory Usage (415020K) : backmetal1_nofill has 0 polygons
2026-07-14 10:31:29 -0400: Memory Usage (415020K) : backmetal1_slit has 0 polygons
2026-07-14 10:31:29 -0400: Memory Usage (415284K) : backmetal1_text has 0 polygons
2026-07-14 10:31:29 -0400: Memory Usage (415284K) : backmetal1_opc has 0 polygons
2026-07-14 10:31:29 -0400: Memory Usage (415284K) : backmetal1_noqrc has 0 polygons
2026-07-14 10:31:29 -0400: Memory Usage (415284K) : backmetal1_res has 0 polygons
2026-07-14 10:31:29 -0400: Memory Usage (415284K) : backmetal1_iprobe has 0 polygons
2026-07-14 10:31:29 -0400: Memory Usage (415548K) : backmetal1_diffprb has 0 polygons
2026-07-14 10:31:29 -0400: Memory Usage (415548K) : backpassiv_drw has 0 polygons
2026-07-14 10:31:29 -0400: Memory Usage (415548K) : res_drw has 0 polygons
2026-07-14 10:31:29 -0400: Memory Usage (415548K) : sram_drw has 0 polygons
2026-07-14 10:31:29 -0400: Memory Usage (415548K) : trans_drw has 0 polygons
2026-07-14 10:31:29 -0400: Memory Usage (415548K) : ind_drw has 0 polygons
2026-07-14 10:31:29 -0400: Memory Usage (415812K) : ind_pin has 0 polygons
2026-07-14 10:31:29 -0400: Memory Usage (415812K) : ind_text has 0 polygons
2026-07-14 10:31:29 -0400: Memory Usage (415812K) : salblock_drw has 0 polygons
2026-07-14 10:31:29 -0400: Memory Usage (415812K) : via2_drw has 0 polygons
2026-07-14 10:31:29 -0400: Memory Usage (416076K) : metal3_drw has 0 polygons
2026-07-14 10:31:29 -0400: Memory Usage (416076K) : metal3_pin has 0 polygons
2026-07-14 10:31:29 -0400: Memory Usage (416076K) : metal3_mask has 0 polygons
2026-07-14 10:31:29 -0400: Memory Usage (416076K) : metal3_filler has 0 polygons
2026-07-14 10:31:29 -0400: Memory Usage (416076K) : metal3_nofill has 0 polygons
2026-07-14 10:31:29 -0400: Memory Usage (416340K) : metal3_slit has 0 polygons
2026-07-14 10:31:29 -0400: Memory Usage (416340K) : metal3_text has 0 polygons
2026-07-14 10:31:29 -0400: Memory Usage (416340K) : metal3_opc has 0 polygons
2026-07-14 10:31:29 -0400: Memory Usage (416340K) : metal3_noqrc has 0 polygons
2026-07-14 10:31:29 -0400: Memory Usage (416340K) : metal3_res has 0 polygons
2026-07-14 10:31:29 -0400: Memory Usage (416340K) : metal3_iprobe has 0 polygons
2026-07-14 10:31:29 -0400: Memory Usage (416604K) : metal3_diffprb has 0 polygons
2026-07-14 10:31:29 -0400: Memory Usage (416604K) : nwell_drw has 0 polygons
2026-07-14 10:31:29 -0400: Memory Usage (416604K) : nwell_pin has 0 polygons
2026-07-14 10:31:29 -0400: Memory Usage (416604K) : nbulay_drw has 0 polygons
2026-07-14 10:31:29 -0400: Memory Usage (416604K) : nbulay_pin has 0 polygons
2026-07-14 10:31:29 -0400: Memory Usage (416868K) : nbulay_block has 0 polygons
2026-07-14 10:31:29 -0400: Memory Usage (416868K) : emwind_drw has 0 polygons
2026-07-14 10:31:29 -0400: Memory Usage (416868K) : emwind_opc has 0 polygons
2026-07-14 10:31:29 -0400: Memory Usage (416868K) : deepco_drw has 0 polygons
2026-07-14 10:31:29 -0400: Memory Usage (416868K) : deepco_drw has 0 polygons
2026-07-14 10:31:29 -0400: Memory Usage (417132K) : mim_drw has 0 polygons
2026-07-14 10:31:29 -0400: Memory Usage (417132K) : edgeseal_drw has 0 polygons
2026-07-14 10:31:29 -0400: Memory Usage (417132K) : edgeseal_bound has 0 polygons
2026-07-14 10:31:29 -0400: Memory Usage (417132K) : substrate_drw has 0 polygons
2026-07-14 10:31:29 -0400: Memory Usage (417132K) : substrate_text has 0 polygons
2026-07-14 10:31:29 -0400: Memory Usage (417396K) : dfpad_drw has 0 polygons
2026-07-14 10:31:29 -0400: Memory Usage (417396K) : dfpad_pillar has 0 polygons
2026-07-14 10:31:29 -0400: Memory Usage (417396K) : dfpad_sbump has 0 polygons
2026-07-14 10:31:29 -0400: Memory Usage (417396K) : thickgateox_drw has 0 polygons
2026-07-14 10:31:29 -0400: Memory Usage (417660K) : pldb_drw has 0 polygons
2026-07-14 10:31:29 -0400: Memory Usage (417660K) : pwell_drw has 0 polygons
2026-07-14 10:31:29 -0400: Memory Usage (417660K) : pwell_pin has 0 polygons
2026-07-14 10:31:29 -0400: Memory Usage (417660K) : pwell_block has 0 polygons
2026-07-14 10:31:29 -0400: Memory Usage (417660K) : ic_drw has 0 polygons
2026-07-14 10:31:29 -0400: Memory Usage (417924K) : via3_drw has 0 polygons
2026-07-14 10:31:29 -0400: Memory Usage (417924K) : metal4_drw has 0 polygons
2026-07-14 10:31:29 -0400: Memory Usage (417924K) : metal4_pin has 0 polygons
2026-07-14 10:31:29 -0400: Memory Usage (417924K) : metal4_mask has 0 polygons
2026-07-14 10:31:29 -0400: Memory Usage (417924K) : metal4_filler has 0 polygons
2026-07-14 10:31:29 -0400: Memory Usage (418188K) : metal4_nofill has 0 polygons
2026-07-14 10:31:29 -0400: Memory Usage (418188K) : metal4_slit has 0 polygons
2026-07-14 10:31:29 -0400: Memory Usage (418188K) : metal4_text has 0 polygons
2026-07-14 10:31:29 -0400: Memory Usage (418188K) : metal4_opc has 0 polygons
2026-07-14 10:31:29 -0400: Memory Usage (418188K) : metal4_noqrc has 0 polygons
2026-07-14 10:31:29 -0400: Memory Usage (418452K) : metal4_res has 0 polygons
2026-07-14 10:31:29 -0400: Memory Usage (418452K) : metal4_iprobe has 0 polygons
2026-07-14 10:31:29 -0400: Memory Usage (418452K) : metal4_diffprb has 0 polygons
2026-07-14 10:31:29 -0400: Memory Usage (418452K) : heattrans_drw has 0 polygons
2026-07-14 10:31:29 -0400: Memory Usage (418452K) : heatres_drw has 0 polygons
2026-07-14 10:31:29 -0400: Memory Usage (418716K) : pempoly_drw has 0 polygons
2026-07-14 10:31:29 -0400: Memory Usage (418716K) : fbe_drw has 0 polygons
2026-07-14 10:31:29 -0400: Memory Usage (418716K) : empoly_drw has 0 polygons
2026-07-14 10:31:29 -0400: Memory Usage (418716K) : ldmos_drw has 0 polygons
2026-07-14 10:31:29 -0400: Memory Usage (418716K) : pbiwind_drw has 0 polygons
2026-07-14 10:31:29 -0400: Memory Usage (418980K) : digisub_drw has 0 polygons
2026-07-14 10:31:29 -0400: Memory Usage (418980K) : nodrc_drw has 0 polygons
2026-07-14 10:31:29 -0400: Memory Usage (418980K) : text_drw has 0 polygons
2026-07-14 10:31:29 -0400: Memory Usage (418980K) : via4_drw has 0 polygons
2026-07-14 10:31:29 -0400: Memory Usage (419244K) : metal5_drw has 3 polygons
2026-07-14 10:31:29 -0400: Memory Usage (419244K) : metal5_pin has 0 polygons
2026-07-14 10:31:29 -0400: Memory Usage (419244K) : metal5_mask has 0 polygons
2026-07-14 10:31:29 -0400: Memory Usage (419244K) : metal5_filler has 0 polygons
2026-07-14 10:31:29 -0400: Memory Usage (419244K) : metal5_nofill has 0 polygons
2026-07-14 10:31:29 -0400: Memory Usage (419508K) : metal5_slit has 0 polygons
2026-07-14 10:31:29 -0400: Memory Usage (419508K) : metal5_text has 0 polygons
2026-07-14 10:31:29 -0400: Memory Usage (419508K) : metal5_opc has 0 polygons
2026-07-14 10:31:29 -0400: Memory Usage (419508K) : metal5_noqrc has 0 polygons
2026-07-14 10:31:29 -0400: Memory Usage (419508K) : metal5_res has 0 polygons
2026-07-14 10:31:29 -0400: Memory Usage (419772K) : metal5_iprobe has 0 polygons
2026-07-14 10:31:29 -0400: Memory Usage (419772K) : metal5_diffprb has 0 polygons
2026-07-14 10:31:29 -0400: Memory Usage (419772K) : radhard_drw has 0 polygons
2026-07-14 10:31:29 -0400: Memory Usage (419772K) : memcap_drw has 0 polygons
2026-07-14 10:31:29 -0400: Memory Usage (419772K) : varicap_drw has 0 polygons
2026-07-14 10:31:29 -0400: Memory Usage (420036K) : flash_drw has 0 polygons
2026-07-14 10:31:29 -0400: Memory Usage (420036K) : intbondvia_drw has 0 polygons
2026-07-14 10:31:29 -0400: Memory Usage (420036K) : intbondmet_drw has 0 polygons
2026-07-14 10:31:29 -0400: Memory Usage (420036K) : devbondvia_drw has 0 polygons
2026-07-14 10:31:29 -0400: Memory Usage (420036K) : devbondmet_drw has 0 polygons
2026-07-14 10:31:29 -0400: Memory Usage (420300K) : devtrench_drw has 0 polygons
2026-07-14 10:31:29 -0400: Memory Usage (420300K) : redist_drw has 0 polygons
2026-07-14 10:31:29 -0400: Memory Usage (420300K) : graphbot_drw has 0 polygons
2026-07-14 10:31:29 -0400: Memory Usage (420300K) : graphtop_drw has 0 polygons
2026-07-14 10:31:29 -0400: Memory Usage (420300K) : antvia1_drw has 0 polygons
2026-07-14 10:31:29 -0400: Memory Usage (420564K) : antmetal2_drw has 0 polygons
2026-07-14 10:31:29 -0400: Memory Usage (420564K) : graphcont_drw has 0 polygons
2026-07-14 10:31:29 -0400: Memory Usage (420564K) : siwg_drw has 0 polygons
2026-07-14 10:31:29 -0400: Memory Usage (420564K) : siwg_filler has 0 polygons
2026-07-14 10:31:29 -0400: Memory Usage (420564K) : siwg_nofill has 0 polygons
2026-07-14 10:31:29 -0400: Memory Usage (420828K) : sigrating_drw has 0 polygons
2026-07-14 10:31:29 -0400: Memory Usage (420828K) : singrating_drw has 0 polygons
2026-07-14 10:31:29 -0400: Memory Usage (420828K) : graphpas_drw has 0 polygons
2026-07-14 10:31:29 -0400: Memory Usage (420828K) : emwind3_drw has 0 polygons
2026-07-14 10:31:29 -0400: Memory Usage (420828K) : emwihv3_drw has 0 polygons
2026-07-14 10:31:29 -0400: Memory Usage (421092K) : redbulay_drw has 0 polygons
2026-07-14 10:31:29 -0400: Memory Usage (421092K) : smos_drw has 0 polygons
2026-07-14 10:31:29 -0400: Memory Usage (421092K) : graphpad_drw has 0 polygons
2026-07-14 10:31:29 -0400: Memory Usage (421092K) : polimide_drw has 0 polygons
2026-07-14 10:31:29 -0400: Memory Usage (421092K) : polimide_pin has 0 polygons
2026-07-14 10:31:29 -0400: Memory Usage (421092K) : recog_drw has 0 polygons
2026-07-14 10:31:29 -0400: Memory Usage (421356K) : recog_pin has 0 polygons
2026-07-14 10:31:29 -0400: Memory Usage (421356K) : recog_esd has 0 polygons
2026-07-14 10:31:29 -0400: Memory Usage (421356K) : recog_diode has 0 polygons
2026-07-14 10:31:29 -0400: Memory Usage (421356K) : recog_tsv has 0 polygons
2026-07-14 10:31:29 -0400: Memory Usage (421356K) : recog_iprobe has 0 polygons
2026-07-14 10:31:29 -0400: Memory Usage (421620K) : recog_diffprb has 0 polygons
2026-07-14 10:31:29 -0400: Memory Usage (421620K) : recog_pillar has 0 polygons
2026-07-14 10:31:29 -0400: Memory Usage (421620K) : recog_sbump has 0 polygons
2026-07-14 10:31:29 -0400: Memory Usage (421620K) : recog_otp has 0 polygons
2026-07-14 10:31:29 -0400: Memory Usage (421620K) : recog_pdiode has 0 polygons
2026-07-14 10:31:29 -0400: Memory Usage (421884K) : recog_mom has 0 polygons
2026-07-14 10:31:29 -0400: Memory Usage (421884K) : recog_pcm has 0 polygons
2026-07-14 10:31:29 -0400: Memory Usage (421884K) : colopen_drw has 0 polygons
2026-07-14 10:31:29 -0400: Memory Usage (421884K) : graphmetal1_drw has 0 polygons
2026-07-14 10:31:29 -0400: Memory Usage (421884K) : graphmetal1_filler has 0 polygons
2026-07-14 10:31:29 -0400: Memory Usage (422148K) : graphmetal1_nofill has 0 polygons
2026-07-14 10:31:29 -0400: Memory Usage (422148K) : graphmetal1_slit has 0 polygons
2026-07-14 10:31:29 -0400: Memory Usage (422148K) : graphmetal1_opc has 0 polygons
2026-07-14 10:31:29 -0400: Memory Usage (422148K) : graphmet1l_drw has 0 polygons
2026-07-14 10:31:30 -0400: Memory Usage (422148K) : graphmet1l_filler has 0 polygons
2026-07-14 10:31:30 -0400: Memory Usage (422412K) : graphmet1l_nofill has 0 polygons
2026-07-14 10:31:30 -0400: Memory Usage (422412K) : graphmet1l_slit has 0 polygons
2026-07-14 10:31:30 -0400: Memory Usage (422412K) : graphmet1l_opc has 0 polygons
2026-07-14 10:31:30 -0400: Memory Usage (422412K) : extblock_drw has 0 polygons
2026-07-14 10:31:30 -0400: Memory Usage (422412K) : nldd_drw has 0 polygons
2026-07-14 10:31:30 -0400: Memory Usage (422676K) : pldd_drw has 0 polygons
2026-07-14 10:31:30 -0400: Memory Usage (422676K) : next_drw has 0 polygons
2026-07-14 10:31:30 -0400: Memory Usage (422676K) : pext_drw has 0 polygons
2026-07-14 10:31:30 -0400: Memory Usage (422676K) : nexthv_drw has 0 polygons
2026-07-14 10:31:30 -0400: Memory Usage (422676K) : pexthv_drw has 0 polygons
2026-07-14 10:31:30 -0400: Memory Usage (422940K) : graphgate_drw has 0 polygons
2026-07-14 10:31:30 -0400: Memory Usage (422940K) : sinwg_drw has 0 polygons
2026-07-14 10:31:30 -0400: Memory Usage (422940K) : sinwg_filler has 0 polygons
2026-07-14 10:31:30 -0400: Memory Usage (422940K) : sinwg_nofill has 0 polygons
2026-07-14 10:31:30 -0400: Memory Usage (422940K) : mempad_drw has 0 polygons
2026-07-14 10:31:30 -0400: Memory Usage (423204K) : topvia1_drw has 0 polygons
2026-07-14 10:31:30 -0400: Memory Usage (423204K) : topmetal1_drw has 16 polygons
2026-07-14 10:31:30 -0400: Memory Usage (423204K) : topmetal1_pin has 0 polygons
2026-07-14 10:31:30 -0400: Memory Usage (423204K) : topmetal1_mask has 0 polygons
2026-07-14 10:31:30 -0400: Memory Usage (423204K) : topmetal1_filler has 0 polygons
2026-07-14 10:31:30 -0400: Memory Usage (423468K) : topmetal1_nofill has 0 polygons
2026-07-14 10:31:30 -0400: Memory Usage (423468K) : topmetal1_slit has 0 polygons
2026-07-14 10:31:30 -0400: Memory Usage (423468K) : topmetal1_text has 0 polygons
2026-07-14 10:31:30 -0400: Memory Usage (423468K) : topmetal1_noqrc has 0 polygons
2026-07-14 10:31:30 -0400: Memory Usage (423468K) : topmetal1_res has 0 polygons
2026-07-14 10:31:30 -0400: Memory Usage (423732K) : topmetal1_iprobe has 0 polygons
2026-07-14 10:31:30 -0400: Memory Usage (423732K) : topmetal1_diffprb has 0 polygons
2026-07-14 10:31:30 -0400: Memory Usage (423732K) : inldpwl_drw has 0 polygons
2026-07-14 10:31:30 -0400: Memory Usage (423732K) : polyres_drw has 0 polygons
2026-07-14 10:31:30 -0400: Memory Usage (423732K) : polyres_pin has 0 polygons
2026-07-14 10:31:30 -0400: Memory Usage (423996K) : vmim_drw has 0 polygons
2026-07-14 10:31:30 -0400: Memory Usage (423996K) : nbulaycut_drw has 0 polygons
2026-07-14 10:31:30 -0400: Memory Usage (423996K) : antmetal1_drw has 0 polygons
2026-07-14 10:31:30 -0400: Memory Usage (423996K) : topvia2_drw has 0 polygons
2026-07-14 10:31:30 -0400: Memory Usage (423996K) : topmetal2_drw has 36 polygons
2026-07-14 10:31:30 -0400: Memory Usage (424260K) : topmetal2_pin has 0 polygons
2026-07-14 10:31:30 -0400: Memory Usage (424260K) : topmetal2_mask has 0 polygons
2026-07-14 10:31:30 -0400: Memory Usage (424260K) : topmetal2_filler has 0 polygons
2026-07-14 10:31:30 -0400: Memory Usage (424260K) : topmetal2_nofill has 0 polygons
2026-07-14 10:31:30 -0400: Memory Usage (424260K) : topmetal2_slit has 0 polygons
2026-07-14 10:31:30 -0400: Memory Usage (424260K) : topmetal2_text has 0 polygons
2026-07-14 10:31:30 -0400: Memory Usage (424524K) : topmetal2_noqrc has 0 polygons
2026-07-14 10:31:30 -0400: Memory Usage (424524K) : topmetal2_res has 0 polygons
2026-07-14 10:31:30 -0400: Memory Usage (424524K) : topmetal2_iprobe has 0 polygons
2026-07-14 10:31:30 -0400: Memory Usage (424524K) : topmetal2_diffprb has 0 polygons
2026-07-14 10:31:30 -0400: Memory Usage (424524K) : snsring_drw has 0 polygons
2026-07-14 10:31:30 -0400: Memory Usage (424788K) : sensor_drw has 0 polygons
2026-07-14 10:31:30 -0400: Memory Usage (424788K) : snsarms_drw has 0 polygons
2026-07-14 10:31:30 -0400: Memory Usage (424788K) : snscmosvia_drw has 0 polygons
2026-07-14 10:31:30 -0400: Memory Usage (424788K) : colwind_drw has 0 polygons
2026-07-14 10:31:30 -0400: Memory Usage (424788K) : flm_drw has 0 polygons
2026-07-14 10:31:30 -0400: Memory Usage (425052K) : hafniumox_drw has 0 polygons
2026-07-14 10:31:30 -0400: Memory Usage (425052K) : memvia_drw has 0 polygons
2026-07-14 10:31:30 -0400: Memory Usage (425052K) : thinfilmres_drw has 0 polygons
2026-07-14 10:31:30 -0400: Memory Usage (425052K) : rfmem_drw has 0 polygons
2026-07-14 10:31:30 -0400: Memory Usage (425052K) : norcx_drw has 0 polygons
2026-07-14 10:31:30 -0400: Memory Usage (425316K) : norcx_m2m3 has 0 polygons
2026-07-14 10:31:30 -0400: Memory Usage (425316K) : norcx_m2m4 has 0 polygons
2026-07-14 10:31:30 -0400: Memory Usage (425316K) : norcx_m2m5 has 0 polygons
2026-07-14 10:31:30 -0400: Memory Usage (425316K) : norcx_m2tm1 has 0 polygons
2026-07-14 10:31:30 -0400: Memory Usage (425316K) : norcx_m2tm2 has 0 polygons
2026-07-14 10:31:30 -0400: Memory Usage (425316K) : norcx_m3m4 has 0 polygons
2026-07-14 10:31:30 -0400: Memory Usage (425316K) : norcx_m3m5 has 0 polygons
2026-07-14 10:31:30 -0400: Memory Usage (425316K) : norcx_m3tm1 has 0 polygons
2026-07-14 10:31:30 -0400: Memory Usage (425316K) : norcx_m3tm2 has 0 polygons
2026-07-14 10:31:30 -0400: Memory Usage (425316K) : norcx_m4m5 has 0 polygons
2026-07-14 10:31:30 -0400: Memory Usage (425316K) : norcx_m4tm1 has 0 polygons
2026-07-14 10:31:30 -0400: Memory Usage (425316K) : norcx_m4tm2 has 0 polygons
2026-07-14 10:31:30 -0400: Memory Usage (425316K) : norcx_m5tm1 has 0 polygons
2026-07-14 10:31:30 -0400: Memory Usage (425316K) : norcx_m5tm2 has 0 polygons
2026-07-14 10:31:30 -0400: Memory Usage (425316K) : norcx_tm1tm2 has 0 polygons
2026-07-14 10:31:30 -0400: Memory Usage (425316K) : norcx_m1sub has 0 polygons
2026-07-14 10:31:30 -0400: Memory Usage (425316K) : norcx_m2sub has 0 polygons
2026-07-14 10:31:30 -0400: Memory Usage (425316K) : norcx_m3sub has 0 polygons
2026-07-14 10:31:30 -0400: Memory Usage (425316K) : norcx_m4sub has 0 polygons
2026-07-14 10:31:30 -0400: Memory Usage (425316K) : norcx_m5sub has 0 polygons
2026-07-14 10:31:30 -0400: Memory Usage (425316K) : norcx_tm1sub has 0 polygons
2026-07-14 10:31:30 -0400: Memory Usage (425316K) : norcx_tm2sub has 0 polygons
2026-07-14 10:31:30 -0400: Memory Usage (425316K) : snsbotvia_drw has 0 polygons
2026-07-14 10:31:30 -0400: Memory Usage (425316K) : snstopvia_drw has 0 polygons
2026-07-14 10:31:30 -0400: Memory Usage (425316K) : deepvia_drw has 0 polygons
2026-07-14 10:31:30 -0400: Memory Usage (425316K) : fgetch_drw has 0 polygons
2026-07-14 10:31:30 -0400: Memory Usage (425316K) : ctrgat_drw has 0 polygons
2026-07-14 10:31:30 -0400: Memory Usage (425316K) : fgimp_drw has 0 polygons
2026-07-14 10:31:30 -0400: Memory Usage (425316K) : emwihv_drw has 0 polygons
2026-07-14 10:31:30 -0400: Memory Usage (425316K) : lbe_drw has 0 polygons
2026-07-14 10:31:30 -0400: Memory Usage (425316K) : alcustop_drw has 0 polygons
2026-07-14 10:31:30 -0400: Memory Usage (425316K) : nometfiller_drw has 0 polygons
2026-07-14 10:31:30 -0400: Memory Usage (425316K) : prboundary_drw has 0 polygons
2026-07-14 10:31:30 -0400: Memory Usage (425316K) : exchange0_drw has 0 polygons
2026-07-14 10:31:30 -0400: Memory Usage (425316K) : exchange0_pin has 0 polygons
2026-07-14 10:31:30 -0400: Memory Usage (425316K) : exchange0_text has 0 polygons
2026-07-14 10:31:30 -0400: Memory Usage (425316K) : exchange1_drw has 0 polygons
2026-07-14 10:31:30 -0400: Memory Usage (425316K) : exchange1_pin has 0 polygons
2026-07-14 10:31:30 -0400: Memory Usage (425316K) : exchange1_text has 0 polygons
2026-07-14 10:31:30 -0400: Memory Usage (425316K) : exchange2_drw has 0 polygons
2026-07-14 10:31:30 -0400: Memory Usage (425316K) : exchange2_pin has 0 polygons
2026-07-14 10:31:30 -0400: Memory Usage (425316K) : exchange2_text has 0 polygons
2026-07-14 10:31:30 -0400: Memory Usage (425316K) : exchange3_drw has 0 polygons
2026-07-14 10:31:30 -0400: Memory Usage (425316K) : exchange3_pin has 0 polygons
2026-07-14 10:31:30 -0400: Memory Usage (425316K) : exchange3_text has 0 polygons
2026-07-14 10:31:30 -0400: Memory Usage (425316K) : exchange4_drw has 0 polygons
2026-07-14 10:31:30 -0400: Memory Usage (425316K) : exchange4_pin has 0 polygons
2026-07-14 10:31:30 -0400: Memory Usage (425316K) : exchange4_text has 0 polygons
2026-07-14 10:31:30 -0400: Memory Usage (425316K) : isonwell_drw has 0 polygons
2026-07-14 10:31:30 -0400: Memory Usage (425316K) : Total no. of polygons in the design is 57
2026-07-14 10:31:30 -0400: Memory Usage (425316K) : Loaded TECH DRC rules values from /home/bthomas3/Videos/IHP-Open-PDK/ihp-sg13g2/libs.tech/klayout/tech/drc/rule_decks/sg13g2_tech_default.json
2026-07-14 10:31:30 -0400: Memory Usage (425316K) : Loaded default DRC rules values from /home/bthomas3/Videos/77GHz_phased_array/layout/rule_decks/sg13g2_tech_default.json
2026-07-14 10:31:30 -0400: Memory Usage (425316K) : Total area of the design is 68400.0 um^2.
2026-07-14 10:31:30 -0400: Memory Usage (425316K) : The design dimensions are 180.0 µm * 380.0 µm.
2026-07-14 10:31:30 -0400: Memory Usage (425316K) : Starting general IHP-SG13G2 derivations.
2026-07-14 10:31:30 -0400: Memory Usage (425316K) : Starting Pwell derivations
2026-07-14 10:31:30 -0400: Memory Usage (425316K) : Starting n-Activ derivations
2026-07-14 10:31:30 -0400: Memory Usage (425316K) : Starting p-Activ derivations
2026-07-14 10:31:30 -0400: Memory Usage (425316K) : Starting ptap derivations
2026-07-14 10:31:30 -0400: Memory Usage (425316K) : Starting ntap derivations
2026-07-14 10:31:30 -0400: Memory Usage (425316K) : Starting pact FET derivations
2026-07-14 10:31:30 -0400: Memory Usage (425316K) : Starting nact FET derivations
2026-07-14 10:31:30 -0400: Memory Usage (425316K) : Starting Gate derivations
2026-07-14 10:31:30 -0400: Memory Usage (425316K) : Starting cont/contbar general derivations
2026-07-14 10:31:30 -0400: Memory Usage (425316K) : Starting pad general derivations
2026-07-14 10:31:30 -0400: Memory Usage (425316K) : Starting schottky_nbl general derivations
2026-07-14 10:31:30 -0400: Memory Usage (425316K) : Starting SVaricap general derivations
2026-07-14 10:31:30 -0400: Memory Usage (425316K) : Starting HBT general derivations
2026-07-14 10:31:30 -0400: Memory Usage (425316K) : Starting IHP-SG13G2 DRC rules.
2026-07-14 10:31:30 -0400: Memory Usage (425316K) : Running all BEOL rules
2026-07-14 10:31:30 -0400: Memory Usage (425316K) : Running all PIN rules
2026-07-14 10:31:30 -0400: Memory Usage (425316K) : Running all FORBIDDEN rules
2026-07-14 10:31:30 -0400: Memory Usage (425316K) : Starting 5.16. Metal1 table
2026-07-14 10:31:30 -0400: Memory Usage (425316K) : Executing rule M1.a
2026-07-14 10:31:30 -0400: Memory Usage (425316K) : Executing rule M1.b
2026-07-14 10:31:30 -0400: Memory Usage (428184K) : Executing rule M1.e
2026-07-14 10:31:30 -0400: Memory Usage (428120K) : Executing rule M1.f
2026-07-14 10:31:30 -0400: Memory Usage (428120K) : Executing rule M1.g
2026-07-14 10:31:30 -0400: Memory Usage (428180K) : Executing rule M1.i
2026-07-14 10:31:30 -0400: Memory Usage (428772K) : Starting 5.17 Metaln table
2026-07-14 10:31:30 -0400: Memory Usage (428772K) : Executing rule M2.a
2026-07-14 10:31:30 -0400: Memory Usage (428772K) : Executing rule M2.b
2026-07-14 10:31:30 -0400: Memory Usage (428772K) : Executing rule M2.e
2026-07-14 10:31:30 -0400: Memory Usage (428772K) : Executing rule M2.f
2026-07-14 10:31:30 -0400: Memory Usage (428772K) : Executing rule M2.g
2026-07-14 10:31:30 -0400: Memory Usage (428708K) : Executing rule M2.i
2026-07-14 10:31:30 -0400: Memory Usage (428644K) : Executing rule M3.a
2026-07-14 10:31:30 -0400: Memory Usage (428644K) : Executing rule M3.b
2026-07-14 10:31:30 -0400: Memory Usage (428644K) : Executing rule M3.e
2026-07-14 10:31:30 -0400: Memory Usage (428644K) : Executing rule M3.f
2026-07-14 10:31:30 -0400: Memory Usage (428644K) : Executing rule M3.g
2026-07-14 10:31:30 -0400: Memory Usage (428580K) : Executing rule M3.i
2026-07-14 10:31:30 -0400: Memory Usage (428780K) : Executing rule M4.a
2026-07-14 10:31:30 -0400: Memory Usage (428780K) : Executing rule M4.b
2026-07-14 10:31:30 -0400: Memory Usage (428780K) : Executing rule M4.e
2026-07-14 10:31:30 -0400: Memory Usage (428780K) : Executing rule M4.f
2026-07-14 10:31:30 -0400: Memory Usage (428780K) : Executing rule M4.g
2026-07-14 10:31:30 -0400: Memory Usage (428716K) : Executing rule M4.i
2026-07-14 10:31:30 -0400: Memory Usage (428652K) : Executing rule M5.a
2026-07-14 10:31:30 -0400: Memory Usage (428652K) : Executing rule M5.b
2026-07-14 10:31:30 -0400: Memory Usage (428708K) : Executing rule M5.e
2026-07-14 10:31:30 -0400: Memory Usage (428908K) : Executing rule M5.f
2026-07-14 10:31:30 -0400: Memory Usage (428844K) : Executing rule M5.g
2026-07-14 10:31:30 -0400: Memory Usage (428780K) : Executing rule M5.i
2026-07-14 10:31:30 -0400: Memory Usage (428724K) : Starting 5.18 Metaln:filler table
2026-07-14 10:31:30 -0400: Memory Usage (428724K) : Executing rule M1Fil.c
2026-07-14 10:31:30 -0400: Memory Usage (428724K) : Executing rule M1Fil.a2
2026-07-14 10:31:30 -0400: Memory Usage (428724K) : Executing rule M2Fil.c
2026-07-14 10:31:30 -0400: Memory Usage (428724K) : Executing rule M2Fil.a2
2026-07-14 10:31:30 -0400: Memory Usage (428724K) : Executing rule M3Fil.c
2026-07-14 10:31:30 -0400: Memory Usage (428724K) : Executing rule M3Fil.a2
2026-07-14 10:31:30 -0400: Memory Usage (428724K) : Executing rule M4Fil.c
2026-07-14 10:31:30 -0400: Memory Usage (428724K) : Executing rule M4Fil.a2
2026-07-14 10:31:30 -0400: Memory Usage (428724K) : Executing rule M5Fil.c
2026-07-14 10:31:30 -0400: Memory Usage (428724K) : Executing rule M5Fil.a2
2026-07-14 10:31:30 -0400: Memory Usage (428724K) : Starting 5.19. Via1 table
2026-07-14 10:31:30 -0400: Memory Usage (428724K) : Starting 5.19. Via1 table derivations
2026-07-14 10:31:30 -0400: Memory Usage (428724K) : Executing rule V1.a
2026-07-14 10:31:30 -0400: Memory Usage (428724K) : Executing rule V1.b
2026-07-14 10:31:30 -0400: Memory Usage (428724K) : Executing rule V1.c
2026-07-14 10:31:30 -0400: Memory Usage (428724K) : Starting 5.20. Vian table
2026-07-14 10:31:30 -0400: Memory Usage (428724K) : Executing rule V2.a
2026-07-14 10:31:30 -0400: Memory Usage (428724K) : Executing rule V2.b
2026-07-14 10:31:30 -0400: Memory Usage (428724K) : Executing rule V2.c
2026-07-14 10:31:30 -0400: Memory Usage (428724K) : Executing rule V3.a
2026-07-14 10:31:30 -0400: Memory Usage (428724K) : Executing rule V3.b
2026-07-14 10:31:30 -0400: Memory Usage (428724K) : Executing rule V3.c
2026-07-14 10:31:30 -0400: Memory Usage (428724K) : Executing rule V4.a
2026-07-14 10:31:30 -0400: Memory Usage (428724K) : Executing rule V4.b
2026-07-14 10:31:30 -0400: Memory Usage (428724K) : Executing rule V4.c
2026-07-14 10:31:30 -0400: Memory Usage (428724K) : Starting 5.21. TopVia1 table
2026-07-14 10:31:30 -0400: Memory Usage (428724K) : Executing rule TV1.a
2026-07-14 10:31:30 -0400: Memory Usage (428988K) : Executing rule TV1.b
2026-07-14 10:31:30 -0400: Memory Usage (429252K) : Executing rule TV1.c
2026-07-14 10:31:30 -0400: Memory Usage (429252K) : Executing rule TV1.d
2026-07-14 10:31:30 -0400: Memory Usage (429252K) : Starting 5.22. TopMetal1 table
2026-07-14 10:31:30 -0400: Memory Usage (429252K) : Executing rule TM1.a
2026-07-14 10:31:30 -0400: Memory Usage (429516K) : Executing rule TM1.b
2026-07-14 10:31:30 -0400: Memory Usage (429452K) : Starting 5.23 TopMetal1:filler table
2026-07-14 10:31:30 -0400: Memory Usage (429452K) : Executing rule TM1Fil.c
2026-07-14 10:31:30 -0400: Memory Usage (429716K) : Executing rule TM1Fil.a1
2026-07-14 10:31:30 -0400: Memory Usage (429716K) : Starting 5.24. TopVia2 table
2026-07-14 10:31:30 -0400: Memory Usage (429716K) : Executing rule TV2.a
2026-07-14 10:31:30 -0400: Memory Usage (429980K) : Executing rule TV2.b
2026-07-14 10:31:30 -0400: Memory Usage (429980K) : Executing rule TV2.c
2026-07-14 10:31:30 -0400: Memory Usage (430244K) : Executing rule TV2.d
2026-07-14 10:31:30 -0400: Memory Usage (430244K) : Starting 5.25. TopMetal2 table
2026-07-14 10:31:30 -0400: Memory Usage (430244K) : Executing rule TM2.a
2026-07-14 10:31:30 -0400: Memory Usage (430244K) : Executing rule TM2.b
2026-07-14 10:31:30 -0400: Memory Usage (430452K) : Executing rule TM2.bR
2026-07-14 10:31:30 -0400: Memory Usage (430664K) : Starting 5.26 TopMetal2:filler table
2026-07-14 10:31:30 -0400: Memory Usage (430664K) : Executing rule TM2Fil.c
2026-07-14 10:31:30 -0400: Memory Usage (431016K) : Executing rule TM2Fil.a1
2026-07-14 10:31:30 -0400: Memory Usage (431016K) : Starting 5.27. Passiv table
2026-07-14 10:31:30 -0400: Memory Usage (431016K) : Executing rule Pas.a
2026-07-14 10:31:30 -0400: Memory Usage (431016K) : Executing rule Pas.b
2026-07-14 10:31:30 -0400: Memory Usage (431280K) : Executing rule Pas.c
2026-07-14 10:31:30 -0400: Memory Usage (431544K) : Starting 6.9.2 Copper Pillar table
2026-07-14 10:31:30 -0400: Memory Usage (431544K) : Executing rule Padc.a
2026-07-14 10:31:30 -0400: Memory Usage (431808K) : Executing rule Padc.b
2026-07-14 10:31:30 -0400: Memory Usage (431808K) : Executing rule Padc.c
2026-07-14 10:31:30 -0400: Memory Usage (432072K) : Executing rule Padb.f
2026-07-14 10:31:30 -0400: Memory Usage (432336K) : Starting 6.9 Pad table
2026-07-14 10:31:30 -0400: Memory Usage (432336K) : Executing rule Pad.m
2026-07-14 10:31:30 -0400: Memory Usage (432600K) : Executing rule Pad.fR_M1
2026-07-14 10:31:30 -0400: Memory Usage (433128K) : Executing rule Pad.fR_M2
2026-07-14 10:31:30 -0400: Memory Usage (433392K) : Executing rule Pad.fR_M3
2026-07-14 10:31:30 -0400: Memory Usage (433920K) : Executing rule Pad.fR_M4
2026-07-14 10:31:30 -0400: Memory Usage (434184K) : Executing rule Pad.fR_M5
2026-07-14 10:31:30 -0400: Memory Usage (434712K) : Executing rule Pad.fR_TM1
2026-07-14 10:31:30 -0400: Memory Usage (434976K) : Executing rule Pad.fR_TM2
2026-07-14 10:31:30 -0400: Memory Usage (435504K) : Executing rule Pad.i
2026-07-14 10:31:30 -0400: Memory Usage (435504K) : Starting 6.9.1 Solder Bump
2026-07-14 10:31:30 -0400: Memory Usage (435504K) : Executing rule Padb.a
2026-07-14 10:31:30 -0400: Memory Usage (435768K) : Executing rule Padb.b
2026-07-14 10:31:30 -0400: Memory Usage (436032K) : Executing rule Padb.c
2026-07-14 10:31:30 -0400: Memory Usage (436296K) : Executing rule Padb.f
2026-07-14 10:31:30 -0400: Memory Usage (437088K) : Executing rule Padb.d
2026-07-14 10:31:30 -0400: Memory Usage (437352K) : Starting 6.10 Sealring table
2026-07-14 10:31:30 -0400: Memory Usage (437352K) : Executing rule Seal.l
2026-07-14 10:31:30 -0400: Memory Usage (437352K) : Executing rule Seal.n
2026-07-14 10:31:30 -0400: Memory Usage (437352K) : Executing rule seal.b_metal1
2026-07-14 10:31:30 -0400: Memory Usage (437616K) : Executing rule seal.b_metal2
2026-07-14 10:31:30 -0400: Memory Usage (437880K) : Executing rule seal.b_metal3
2026-07-14 10:31:30 -0400: Memory Usage (437880K) : Executing rule seal.b_metal4
2026-07-14 10:31:30 -0400: Memory Usage (438144K) : Executing rule seal.b_metal5
2026-07-14 10:31:30 -0400: Memory Usage (438408K) : Executing rule seal.b_topmetal1
2026-07-14 10:31:30 -0400: Memory Usage (438408K) : Executing rule seal.b_topmetal2
2026-07-14 10:31:30 -0400: Memory Usage (438672K) : Executing rule seal.b_activ
2026-07-14 10:31:30 -0400: Memory Usage (438672K) : Executing rule seal.b_psd
2026-07-14 10:31:30 -0400: Memory Usage (438672K) : Executing rule Seal.k
2026-07-14 10:31:30 -0400: Memory Usage (438672K) : Executing rule Seal.m
2026-07-14 10:31:30 -0400: Memory Usage (438672K) : Starting 6.11 MIM table
2026-07-14 10:31:30 -0400: Memory Usage (438672K) : Executing rule MIM.c
2026-07-14 10:31:30 -0400: Memory Usage (438672K) : Executing rule MIM.d
2026-07-14 10:31:30 -0400: Memory Usage (438672K) : Executing rule MIM.gR
2026-07-14 10:31:30 -0400: Memory Usage (438672K) : Starting 7.3 Metal Slits table
2026-07-14 10:31:30 -0400: Memory Usage (438672K) : Executing rule Slt.e1_M1
2026-07-14 10:31:30 -0400: Memory Usage (438672K) : Executing rule Slt.e1_M2
2026-07-14 10:31:30 -0400: Memory Usage (438672K) : Executing rule Slt.e1_M3
2026-07-14 10:31:30 -0400: Memory Usage (438672K) : Executing rule Slt.e1_M4
2026-07-14 10:31:30 -0400: Memory Usage (438672K) : Executing rule Slt.e1_M5
2026-07-14 10:31:30 -0400: Memory Usage (438672K) : Executing rule Slt.e1_TM1
2026-07-14 10:31:30 -0400: Memory Usage (438672K) : Executing rule Slt.e1_TM2
2026-07-14 10:31:30 -0400: Memory Usage (438672K) : Starting 9.1. LBE table
2026-07-14 10:31:30 -0400: Memory Usage (438672K) : Executing rule LBE.a
2026-07-14 10:31:30 -0400: Memory Usage (438672K) : Executing rule LBE.b
2026-07-14 10:31:30 -0400: Memory Usage (438672K) : Executing rule LBE.b1
2026-07-14 10:31:30 -0400: Memory Usage (438672K) : Executing rule LBE.c
2026-07-14 10:31:30 -0400: Memory Usage (438672K) : Executing rule LBE.d
2026-07-14 10:31:30 -0400: Memory Usage (438672K) : Executing rule LBE.h
2026-07-14 10:31:30 -0400: Memory Usage (438672K) : Starting 7.4. PIN table
2026-07-14 10:31:30 -0400: Memory Usage (438672K) : Executing rule Pin.a
2026-07-14 10:31:30 -0400: Memory Usage (438672K) : Executing rule Pin.b
2026-07-14 10:31:30 -0400: Memory Usage (438672K) : Executing rule Pin.e
2026-07-14 10:31:30 -0400: Memory Usage (438672K) : Executing rule Pin.f_M2
2026-07-14 10:31:30 -0400: Memory Usage (438672K) : Executing rule Pin.f_M3
2026-07-14 10:31:30 -0400: Memory Usage (438672K) : Executing rule Pin.f_M4
2026-07-14 10:31:30 -0400: Memory Usage (438672K) : Executing rule Pin.f_M5
2026-07-14 10:31:30 -0400: Memory Usage (438672K) : Executing rule Pin.g
2026-07-14 10:31:30 -0400: Memory Usage (438672K) : Executing rule Pin.h
2026-07-14 10:31:30 -0400: Memory Usage (438672K) : Starting 3.1. offgrid table
2026-07-14 10:31:30 -0400: Memory Usage (438672K) : Executing rule activ_drw_Offgrid
2026-07-14 10:31:30 -0400: Memory Usage (438672K) : Executing rule activ_pin_Offgrid
2026-07-14 10:31:30 -0400: Memory Usage (438672K) : Executing rule activ_mask_Offgrid
2026-07-14 10:31:30 -0400: Memory Usage (438672K) : Executing rule activ_filler_Offgrid
2026-07-14 10:31:30 -0400: Memory Usage (438672K) : Executing rule activ_nofill_Offgrid
2026-07-14 10:31:30 -0400: Memory Usage (438672K) : Executing rule activ_opc_Offgrid
2026-07-14 10:31:30 -0400: Memory Usage (438672K) : Executing rule activ_iopc_Offgrid
2026-07-14 10:31:30 -0400: Memory Usage (438672K) : Executing rule activ_noqrc_Offgrid
2026-07-14 10:31:30 -0400: Memory Usage (438672K) : Executing rule biwind_drw_Offgrid
2026-07-14 10:31:30 -0400: Memory Usage (438672K) : Executing rule biwind_opc_Offgrid
2026-07-14 10:31:30 -0400: Memory Usage (438672K) : Executing rule pemwind_drw_Offgrid
2026-07-14 10:31:30 -0400: Memory Usage (438672K) : Executing rule gatpoly_drw_Offgrid
2026-07-14 10:31:30 -0400: Memory Usage (438672K) : Executing rule gatpoly_pin_Offgrid
2026-07-14 10:31:30 -0400: Memory Usage (438672K) : Executing rule gatpoly_filler_Offgrid
2026-07-14 10:31:30 -0400: Memory Usage (438672K) : Executing rule gatpoly_nofill_Offgrid
2026-07-14 10:31:30 -0400: Memory Usage (438672K) : Executing rule gatpoly_opc_Offgrid
2026-07-14 10:31:30 -0400: Memory Usage (438672K) : Executing rule gatpoly_iopc_Offgrid
2026-07-14 10:31:30 -0400: Memory Usage (438672K) : Executing rule gatpoly_noqrc_Offgrid
2026-07-14 10:31:30 -0400: Memory Usage (438672K) : Executing rule cont_drw_Offgrid
2026-07-14 10:31:30 -0400: Memory Usage (438672K) : Executing rule cont_opc_Offgrid
2026-07-14 10:31:30 -0400: Memory Usage (438672K) : Executing rule nsd_drw_Offgrid
2026-07-14 10:31:30 -0400: Memory Usage (438672K) : Executing rule nsd_block_Offgrid
2026-07-14 10:31:30 -0400: Memory Usage (438672K) : Executing rule metal1_drw_Offgrid
2026-07-14 10:31:30 -0400: Memory Usage (438672K) : Executing rule metal1_pin_Offgrid
2026-07-14 10:31:30 -0400: Memory Usage (438672K) : Executing rule metal1_mask_Offgrid
2026-07-14 10:31:30 -0400: Memory Usage (438672K) : Executing rule metal1_filler_Offgrid
2026-07-14 10:31:30 -0400: Memory Usage (438672K) : Executing rule metal1_nofill_Offgrid
2026-07-14 10:31:30 -0400: Memory Usage (438672K) : Executing rule metal1_slit_Offgrid
2026-07-14 10:31:30 -0400: Memory Usage (438672K) : Executing rule metal1_opc_Offgrid
2026-07-14 10:31:30 -0400: Memory Usage (438672K) : Executing rule metal1_noqrc_Offgrid
2026-07-14 10:31:30 -0400: Memory Usage (438672K) : Executing rule metal1_res_Offgrid
2026-07-14 10:31:30 -0400: Memory Usage (438672K) : Executing rule metal1_iprobe_Offgrid
2026-07-14 10:31:30 -0400: Memory Usage (438672K) : Executing rule metal1_diffprb_Offgrid
2026-07-14 10:31:30 -0400: Memory Usage (438672K) : Executing rule passiv_drw_Offgrid
2026-07-14 10:31:30 -0400: Memory Usage (438672K) : Executing rule passiv_pin_Offgrid
2026-07-14 10:31:30 -0400: Memory Usage (438672K) : Executing rule passiv_pillar_Offgrid
2026-07-14 10:31:30 -0400: Memory Usage (438672K) : Executing rule passiv_sbump_Offgrid
2026-07-14 10:31:30 -0400: Memory Usage (438672K) : Executing rule passiv_pdl_Offgrid
2026-07-14 10:31:30 -0400: Memory Usage (438672K) : Executing rule metal2_drw_Offgrid
2026-07-14 10:31:30 -0400: Memory Usage (438672K) : Executing rule metal2_pin_Offgrid
2026-07-14 10:31:30 -0400: Memory Usage (438672K) : Executing rule metal2_mask_Offgrid
2026-07-14 10:31:30 -0400: Memory Usage (438672K) : Executing rule metal2_filler_Offgrid
2026-07-14 10:31:30 -0400: Memory Usage (438672K) : Executing rule metal2_nofill_Offgrid
2026-07-14 10:31:31 -0400: Memory Usage (438672K) : Executing rule metal2_slit_Offgrid
2026-07-14 10:31:31 -0400: Memory Usage (438672K) : Executing rule metal2_opc_Offgrid
2026-07-14 10:31:31 -0400: Memory Usage (438672K) : Executing rule metal2_noqrc_Offgrid
2026-07-14 10:31:31 -0400: Memory Usage (438672K) : Executing rule metal2_res_Offgrid
2026-07-14 10:31:31 -0400: Memory Usage (438672K) : Executing rule metal2_iprobe_Offgrid
2026-07-14 10:31:31 -0400: Memory Usage (439200K) : Executing rule metal2_diffprb_Offgrid
2026-07-14 10:31:31 -0400: Memory Usage (439728K) : Executing rule baspoly_drw_Offgrid
2026-07-14 10:31:31 -0400: Memory Usage (440256K) : Executing rule baspoly_pin_Offgrid
2026-07-14 10:31:31 -0400: Memory Usage (440520K) : Executing rule psd_drw_Offgrid
2026-07-14 10:31:31 -0400: Memory Usage (441048K) : Executing rule nldb_drw_Offgrid
2026-07-14 10:31:31 -0400: Memory Usage (441576K) : Executing rule via1_drw_Offgrid
2026-07-14 10:31:31 -0400: Memory Usage (441840K) : Executing rule backmetal1_drw_Offgrid
2026-07-14 10:31:31 -0400: Memory Usage (442368K) : Executing rule backmetal1_pin_Offgrid
2026-07-14 10:31:31 -0400: Memory Usage (442896K) : Executing rule backmetal1_mask_Offgrid
2026-07-14 10:31:31 -0400: Memory Usage (443424K) : Executing rule backmetal1_filler_Offgrid
2026-07-14 10:31:31 -0400: Memory Usage (443688K) : Executing rule backmetal1_nofill_Offgrid
2026-07-14 10:31:31 -0400: Memory Usage (444216K) : Executing rule backmetal1_slit_Offgrid
2026-07-14 10:31:31 -0400: Memory Usage (444744K) : Executing rule backmetal1_opc_Offgrid
2026-07-14 10:31:31 -0400: Memory Usage (445008K) : Executing rule backmetal1_noqrc_Offgrid
2026-07-14 10:31:31 -0400: Memory Usage (445536K) : Executing rule backmetal1_res_Offgrid
2026-07-14 10:31:31 -0400: Memory Usage (446064K) : Executing rule backmetal1_iprobe_Offgrid
2026-07-14 10:31:31 -0400: Memory Usage (446328K) : Executing rule backmetal1_diffprb_Offgrid
2026-07-14 10:31:31 -0400: Memory Usage (446856K) : Executing rule backpassiv_drw_Offgrid
2026-07-14 10:31:31 -0400: Memory Usage (447120K) : Executing rule salblock_drw_Offgrid
2026-07-14 10:31:31 -0400: Memory Usage (447120K) : Executing rule via2_drw_Offgrid
2026-07-14 10:31:31 -0400: Memory Usage (447120K) : Executing rule metal3_drw_Offgrid
2026-07-14 10:31:31 -0400: Memory Usage (447120K) : Executing rule metal3_pin_Offgrid
2026-07-14 10:31:31 -0400: Memory Usage (447120K) : Executing rule metal3_mask_Offgrid
2026-07-14 10:31:31 -0400: Memory Usage (447120K) : Executing rule metal3_filler_Offgrid
2026-07-14 10:31:31 -0400: Memory Usage (447120K) : Executing rule metal3_nofill_Offgrid
2026-07-14 10:31:31 -0400: Memory Usage (447120K) : Executing rule metal3_slit_Offgrid
2026-07-14 10:31:31 -0400: Memory Usage (447120K) : Executing rule metal3_opc_Offgrid
2026-07-14 10:31:31 -0400: Memory Usage (447120K) : Executing rule metal3_noqrc_Offgrid
2026-07-14 10:31:31 -0400: Memory Usage (447120K) : Executing rule metal3_res_Offgrid
2026-07-14 10:31:31 -0400: Memory Usage (447120K) : Executing rule metal3_iprobe_Offgrid
2026-07-14 10:31:31 -0400: Memory Usage (447120K) : Executing rule metal3_diffprb_Offgrid
2026-07-14 10:31:31 -0400: Memory Usage (447120K) : Executing rule nwell_drw_Offgrid
2026-07-14 10:31:31 -0400: Memory Usage (447120K) : Executing rule nwell_pin_Offgrid
2026-07-14 10:31:31 -0400: Memory Usage (447120K) : Executing rule nbulay_drw_Offgrid
2026-07-14 10:31:31 -0400: Memory Usage (447120K) : Executing rule nbulay_pin_Offgrid
2026-07-14 10:31:31 -0400: Memory Usage (447120K) : Executing rule nbulay_block_Offgrid
2026-07-14 10:31:31 -0400: Memory Usage (447120K) : Executing rule pwell_drw_Offgrid
2026-07-14 10:31:31 -0400: Memory Usage (447120K) : Executing rule pwell_pin_Offgrid
2026-07-14 10:31:31 -0400: Memory Usage (447120K) : Executing rule pwell_block_Offgrid
2026-07-14 10:31:31 -0400: Memory Usage (447120K) : Executing rule emwind_drw_Offgrid
2026-07-14 10:31:31 -0400: Memory Usage (447120K) : Executing rule emwind_opc_Offgrid
2026-07-14 10:31:31 -0400: Memory Usage (447120K) : Executing rule deepco_drw_Offgrid
2026-07-14 10:31:31 -0400: Memory Usage (447120K) : Executing rule mim_drw_Offgrid
2026-07-14 10:31:31 -0400: Memory Usage (447120K) : Executing rule substrate_drw_Offgrid
2026-07-14 10:31:31 -0400: Memory Usage (447120K) : Executing rule ic_drw_Offgrid
2026-07-14 10:31:31 -0400: Memory Usage (447120K) : Executing rule via3_drw_Offgrid
2026-07-14 10:31:31 -0400: Memory Usage (447120K) : Executing rule pldb_drw_Offgrid
2026-07-14 10:31:31 -0400: Memory Usage (447120K) : Executing rule metal4_drw_Offgrid
2026-07-14 10:31:31 -0400: Memory Usage (447120K) : Executing rule metal4_pin_Offgrid
2026-07-14 10:31:31 -0400: Memory Usage (447120K) : Executing rule metal4_mask_Offgrid
2026-07-14 10:31:31 -0400: Memory Usage (447120K) : Executing rule metal4_filler_Offgrid
2026-07-14 10:31:31 -0400: Memory Usage (447120K) : Executing rule metal4_nofill_Offgrid
2026-07-14 10:31:31 -0400: Memory Usage (447120K) : Executing rule metal4_slit_Offgrid
2026-07-14 10:31:31 -0400: Memory Usage (447120K) : Executing rule metal4_opc_Offgrid
2026-07-14 10:31:31 -0400: Memory Usage (447120K) : Executing rule metal4_noqrc_Offgrid
2026-07-14 10:31:31 -0400: Memory Usage (447120K) : Executing rule metal4_res_Offgrid
2026-07-14 10:31:31 -0400: Memory Usage (447120K) : Executing rule metal4_iprobe_Offgrid
2026-07-14 10:31:31 -0400: Memory Usage (447120K) : Executing rule metal4_diffprb_Offgrid
2026-07-14 10:31:31 -0400: Memory Usage (447120K) : Executing rule via4_drw_Offgrid
2026-07-14 10:31:31 -0400: Memory Usage (447120K) : Executing rule metal5_drw_Offgrid
2026-07-14 10:31:31 -0400: Memory Usage (447120K) : Executing rule metal5_pin_Offgrid
2026-07-14 10:31:31 -0400: Memory Usage (447120K) : Executing rule metal5_mask_Offgrid
2026-07-14 10:31:31 -0400: Memory Usage (447120K) : Executing rule metal5_filler_Offgrid
2026-07-14 10:31:31 -0400: Memory Usage (447120K) : Executing rule metal5_nofill_Offgrid
2026-07-14 10:31:31 -0400: Memory Usage (447120K) : Executing rule metal5_slit_Offgrid
2026-07-14 10:31:31 -0400: Memory Usage (447120K) : Executing rule metal5_opc_Offgrid
2026-07-14 10:31:31 -0400: Memory Usage (447120K) : Executing rule metal5_noqrc_Offgrid
2026-07-14 10:31:31 -0400: Memory Usage (447120K) : Executing rule metal5_res_Offgrid
2026-07-14 10:31:31 -0400: Memory Usage (447120K) : Executing rule metal5_iprobe_Offgrid
2026-07-14 10:31:31 -0400: Memory Usage (447120K) : Executing rule metal5_diffprb_Offgrid
2026-07-14 10:31:31 -0400: Memory Usage (447120K) : Executing rule prboundary_drw_Offgrid
2026-07-14 10:31:31 -0400: Memory Usage (447120K) : Executing rule exchange0_drw_Offgrid
2026-07-14 10:31:31 -0400: Memory Usage (447120K) : Executing rule exchange0_pin_Offgrid
2026-07-14 10:31:31 -0400: Memory Usage (447120K) : Executing rule exchange1_drw_Offgrid
2026-07-14 10:31:31 -0400: Memory Usage (447120K) : Executing rule exchange1_pin_Offgrid
2026-07-14 10:31:31 -0400: Memory Usage (447120K) : Executing rule exchange2_drw_Offgrid
2026-07-14 10:31:31 -0400: Memory Usage (447120K) : Executing rule exchange2_pin_Offgrid
2026-07-14 10:31:31 -0400: Memory Usage (447120K) : Executing rule exchange3_drw_Offgrid
2026-07-14 10:31:31 -0400: Memory Usage (447120K) : Executing rule exchange3_pin_Offgrid
2026-07-14 10:31:31 -0400: Memory Usage (447120K) : Executing rule exchange4_drw_Offgrid
2026-07-14 10:31:31 -0400: Memory Usage (447120K) : Executing rule exchange4_pin_Offgrid
2026-07-14 10:31:31 -0400: Memory Usage (447120K) : Executing rule isonwell_drw_Offgrid
2026-07-14 10:31:31 -0400: Memory Usage (447120K) : Executing rule thickgateox_drw_Offgrid
2026-07-14 10:31:31 -0400: Memory Usage (447120K) : Executing rule pempoly_drw_Offgrid
2026-07-14 10:31:31 -0400: Memory Usage (447120K) : Executing rule fbe_drw_Offgrid
2026-07-14 10:31:31 -0400: Memory Usage (447120K) : Executing rule empoly_drw_Offgrid
2026-07-14 10:31:31 -0400: Memory Usage (447120K) : Executing rule ldmos_drw_Offgrid
2026-07-14 10:31:31 -0400: Memory Usage (447120K) : Executing rule pbiwind_drw_Offgrid
2026-07-14 10:31:31 -0400: Memory Usage (447120K) : Executing rule colopen_drw_Offgrid
2026-07-14 10:31:31 -0400: Memory Usage (447120K) : Executing rule extblock_drw_Offgrid
2026-07-14 10:31:31 -0400: Memory Usage (447120K) : Executing rule nldd_drw_Offgrid
2026-07-14 10:31:31 -0400: Memory Usage (447556K) : Executing rule pldd_drw_Offgrid
2026-07-14 10:31:31 -0400: Memory Usage (447556K) : Executing rule next_drw_Offgrid
2026-07-14 10:31:31 -0400: Memory Usage (447556K) : Executing rule pext_drw_Offgrid
2026-07-14 10:31:31 -0400: Memory Usage (447556K) : Executing rule nexthv_drw_Offgrid
2026-07-14 10:31:31 -0400: Memory Usage (447556K) : Executing rule pexthv_drw_Offgrid
2026-07-14 10:31:31 -0400: Memory Usage (447556K) : Executing rule graphgate_drw_Offgrid
2026-07-14 10:31:31 -0400: Memory Usage (447556K) : Executing rule mempad_drw_Offgrid
2026-07-14 10:31:31 -0400: Memory Usage (447556K) : Executing rule topvia1_drw_Offgrid
2026-07-14 10:31:31 -0400: Memory Usage (447556K) : Executing rule topmetal1_drw_Offgrid
2026-07-14 10:31:31 -0400: Memory Usage (447556K) : Executing rule topmetal1_pin_Offgrid
2026-07-14 10:31:31 -0400: Memory Usage (447556K) : Executing rule topmetal1_mask_Offgrid
2026-07-14 10:31:31 -0400: Memory Usage (447556K) : Executing rule topmetal1_filler_Offgrid
2026-07-14 10:31:31 -0400: Memory Usage (447556K) : Executing rule topmetal1_nofill_Offgrid
2026-07-14 10:31:31 -0400: Memory Usage (447556K) : Executing rule topmetal1_slit_Offgrid
2026-07-14 10:31:31 -0400: Memory Usage (447556K) : Executing rule topmetal1_noqrc_Offgrid
2026-07-14 10:31:31 -0400: Memory Usage (447556K) : Executing rule topmetal1_res_Offgrid
2026-07-14 10:31:31 -0400: Memory Usage (447556K) : Executing rule topmetal1_iprobe_Offgrid
2026-07-14 10:31:31 -0400: Memory Usage (447556K) : Executing rule topmetal1_diffprb_Offgrid
2026-07-14 10:31:31 -0400: Memory Usage (447556K) : Executing rule inldpwl_drw_Offgrid
2026-07-14 10:31:31 -0400: Memory Usage (447556K) : Executing rule polyres_drw_Offgrid
2026-07-14 10:31:31 -0400: Memory Usage (447556K) : Executing rule polyres_pin_Offgrid
2026-07-14 10:31:31 -0400: Memory Usage (447556K) : Executing rule vmim_drw_Offgrid
2026-07-14 10:31:31 -0400: Memory Usage (447556K) : Executing rule nbulaycut_drw_Offgrid
2026-07-14 10:31:31 -0400: Memory Usage (447556K) : Executing rule antmetal1_drw_Offgrid
2026-07-14 10:31:31 -0400: Memory Usage (447556K) : Executing rule topvia2_drw_Offgrid
2026-07-14 10:31:31 -0400: Memory Usage (447556K) : Executing rule topmetal2_drw_Offgrid
2026-07-14 10:31:31 -0400: Memory Usage (447556K) : Executing rule topmetal2_pin_Offgrid
2026-07-14 10:31:31 -0400: Memory Usage (447556K) : Executing rule topmetal2_mask_Offgrid
2026-07-14 10:31:31 -0400: Memory Usage (447556K) : Executing rule topmetal2_filler_Offgrid
2026-07-14 10:31:31 -0400: Memory Usage (447556K) : Executing rule topmetal2_nofill_Offgrid
2026-07-14 10:31:31 -0400: Memory Usage (447556K) : Executing rule topmetal2_slit_Offgrid
2026-07-14 10:31:31 -0400: Memory Usage (447556K) : Executing rule topmetal2_noqrc_Offgrid
2026-07-14 10:31:31 -0400: Memory Usage (447556K) : Executing rule topmetal2_res_Offgrid
2026-07-14 10:31:31 -0400: Memory Usage (447556K) : Executing rule topmetal2_iprobe_Offgrid
2026-07-14 10:31:31 -0400: Memory Usage (447556K) : Executing rule topmetal2_diffprb_Offgrid
2026-07-14 10:31:31 -0400: Memory Usage (447556K) : Executing rule snsring_drw_Offgrid
2026-07-14 10:31:31 -0400: Memory Usage (447556K) : Executing rule sensor_drw_Offgrid
2026-07-14 10:31:31 -0400: Memory Usage (447556K) : Executing rule snsarms_drw_Offgrid
2026-07-14 10:31:31 -0400: Memory Usage (447556K) : Executing rule snscmosvia_drw_Offgrid
2026-07-14 10:31:31 -0400: Memory Usage (447556K) : Executing rule colwind_drw_Offgrid
2026-07-14 10:31:31 -0400: Memory Usage (447556K) : Executing rule flm_drw_Offgrid
2026-07-14 10:31:31 -0400: Memory Usage (447556K) : Executing rule hafniumox_drw_Offgrid
2026-07-14 10:31:31 -0400: Memory Usage (447556K) : Executing rule memvia_drw_Offgrid
2026-07-14 10:31:32 -0400: Memory Usage (447556K) : Executing rule thinfilmres_drw_Offgrid
2026-07-14 10:31:32 -0400: Memory Usage (447556K) : Executing rule rfmem_drw_Offgrid
2026-07-14 10:31:32 -0400: Memory Usage (447556K) : Executing rule snsbotvia_drw_Offgrid
2026-07-14 10:31:32 -0400: Memory Usage (447556K) : Executing rule snstopvia_drw_Offgrid
2026-07-14 10:31:32 -0400: Memory Usage (447556K) : Executing rule deepvia_drw_Offgrid
2026-07-14 10:31:32 -0400: Memory Usage (447556K) : Executing rule fgetch_drw_Offgrid
2026-07-14 10:31:32 -0400: Memory Usage (447556K) : Executing rule ctrgat_drw_Offgrid
2026-07-14 10:31:32 -0400: Memory Usage (447556K) : Executing rule fgimp_drw_Offgrid
2026-07-14 10:31:32 -0400: Memory Usage (447556K) : Executing rule emwihv_drw_Offgrid
2026-07-14 10:31:32 -0400: Memory Usage (447556K) : Executing rule lbe_drw_Offgrid
2026-07-14 10:31:32 -0400: Memory Usage (447556K) : Executing rule alcustop_drw_Offgrid
2026-07-14 10:31:32 -0400: Memory Usage (447556K) : Starting 3.2. angle table
2026-07-14 10:31:32 -0400: Memory Usage (447556K) : Executing rule activ_drw_Acute
2026-07-14 10:31:32 -0400: Memory Usage (447556K) : Executing rule activ_pin_Acute
2026-07-14 10:31:32 -0400: Memory Usage (447556K) : Executing rule activ_mask_Acute
2026-07-14 10:31:32 -0400: Memory Usage (447556K) : Executing rule activ_filler_Acute
2026-07-14 10:31:32 -0400: Memory Usage (447556K) : Executing rule activ_nofill_Acute
2026-07-14 10:31:32 -0400: Memory Usage (447556K) : Executing rule activ_opc_Acute
2026-07-14 10:31:32 -0400: Memory Usage (447556K) : Executing rule activ_iopc_Acute
2026-07-14 10:31:32 -0400: Memory Usage (447556K) : Executing rule activ_noqrc_Acute
2026-07-14 10:31:32 -0400: Memory Usage (447556K) : Executing rule biwind_drw_Acute
2026-07-14 10:31:32 -0400: Memory Usage (447556K) : Executing rule biwind_opc_Acute
2026-07-14 10:31:32 -0400: Memory Usage (447556K) : Executing rule pemwind_drw_Acute
2026-07-14 10:31:32 -0400: Memory Usage (447556K) : Executing rule gatpoly_drw_Acute
2026-07-14 10:31:32 -0400: Memory Usage (447556K) : Executing rule gatpoly_pin_Acute
2026-07-14 10:31:32 -0400: Memory Usage (447556K) : Executing rule gatpoly_filler_Acute
2026-07-14 10:31:32 -0400: Memory Usage (447556K) : Executing rule gatpoly_nofill_Acute
2026-07-14 10:31:32 -0400: Memory Usage (447556K) : Executing rule gatpoly_opc_Acute
2026-07-14 10:31:32 -0400: Memory Usage (447556K) : Executing rule gatpoly_iopc_Acute
2026-07-14 10:31:32 -0400: Memory Usage (447556K) : Executing rule gatpoly_noqrc_Acute
2026-07-14 10:31:32 -0400: Memory Usage (448084K) : Executing rule cont_drw_Acute
2026-07-14 10:31:32 -0400: Memory Usage (448348K) : Executing rule cont_opc_Acute
2026-07-14 10:31:32 -0400: Memory Usage (448876K) : Executing rule nsd_drw_Acute
2026-07-14 10:31:32 -0400: Memory Usage (449404K) : Executing rule nsd_block_Acute
2026-07-14 10:31:32 -0400: Memory Usage (449404K) : Executing rule metal1_drw_Acute
2026-07-14 10:31:32 -0400: Memory Usage (449404K) : Executing rule metal1_pin_Acute
2026-07-14 10:31:32 -0400: Memory Usage (449404K) : Executing rule metal1_mask_Acute
2026-07-14 10:31:32 -0400: Memory Usage (449404K) : Executing rule metal1_filler_Acute
2026-07-14 10:31:32 -0400: Memory Usage (449404K) : Executing rule metal1_nofill_Acute
2026-07-14 10:31:32 -0400: Memory Usage (449404K) : Executing rule metal1_slit_Acute
2026-07-14 10:31:32 -0400: Memory Usage (449404K) : Executing rule metal1_opc_Acute
2026-07-14 10:31:32 -0400: Memory Usage (449404K) : Executing rule metal1_noqrc_Acute
2026-07-14 10:31:32 -0400: Memory Usage (449404K) : Executing rule metal1_res_Acute
2026-07-14 10:31:32 -0400: Memory Usage (449404K) : Executing rule metal1_iprobe_Acute
2026-07-14 10:31:32 -0400: Memory Usage (449404K) : Executing rule metal1_diffprb_Acute
2026-07-14 10:31:32 -0400: Memory Usage (449404K) : Executing rule passiv_drw_Acute
2026-07-14 10:31:32 -0400: Memory Usage (449404K) : Executing rule passiv_pin_Acute
2026-07-14 10:31:32 -0400: Memory Usage (449404K) : Executing rule passiv_pillar_Acute
2026-07-14 10:31:32 -0400: Memory Usage (449404K) : Executing rule passiv_sbump_Acute
2026-07-14 10:31:32 -0400: Memory Usage (449404K) : Executing rule passiv_pdl_Acute
2026-07-14 10:31:32 -0400: Memory Usage (449404K) : Executing rule metal2_drw_Acute
2026-07-14 10:31:32 -0400: Memory Usage (449404K) : Executing rule metal2_pin_Acute
2026-07-14 10:31:32 -0400: Memory Usage (449404K) : Executing rule metal2_mask_Acute
2026-07-14 10:31:32 -0400: Memory Usage (449404K) : Executing rule metal2_filler_Acute
2026-07-14 10:31:32 -0400: Memory Usage (449404K) : Executing rule metal2_nofill_Acute
2026-07-14 10:31:32 -0400: Memory Usage (449404K) : Executing rule metal2_slit_Acute
2026-07-14 10:31:32 -0400: Memory Usage (449404K) : Executing rule metal2_opc_Acute
2026-07-14 10:31:32 -0400: Memory Usage (449404K) : Executing rule metal2_noqrc_Acute
2026-07-14 10:31:32 -0400: Memory Usage (449404K) : Executing rule metal2_res_Acute
2026-07-14 10:31:32 -0400: Memory Usage (449404K) : Executing rule metal2_iprobe_Acute
2026-07-14 10:31:32 -0400: Memory Usage (449404K) : Executing rule metal2_diffprb_Acute
2026-07-14 10:31:32 -0400: Memory Usage (449404K) : Executing rule baspoly_drw_Acute
2026-07-14 10:31:32 -0400: Memory Usage (449404K) : Executing rule baspoly_pin_Acute
2026-07-14 10:31:32 -0400: Memory Usage (449404K) : Executing rule psd_drw_Acute
2026-07-14 10:31:32 -0400: Memory Usage (449404K) : Executing rule nldb_drw_Acute
2026-07-14 10:31:32 -0400: Memory Usage (449404K) : Executing rule via1_drw_Acute
2026-07-14 10:31:32 -0400: Memory Usage (449404K) : Executing rule backmetal1_drw_Acute
2026-07-14 10:31:32 -0400: Memory Usage (449404K) : Executing rule backmetal1_pin_Acute
2026-07-14 10:31:32 -0400: Memory Usage (449404K) : Executing rule backmetal1_mask_Acute
2026-07-14 10:31:32 -0400: Memory Usage (449404K) : Executing rule backmetal1_filler_Acute
2026-07-14 10:31:32 -0400: Memory Usage (449404K) : Executing rule backmetal1_nofill_Acute
2026-07-14 10:31:32 -0400: Memory Usage (449404K) : Executing rule backmetal1_slit_Acute
2026-07-14 10:31:32 -0400: Memory Usage (449404K) : Executing rule backmetal1_opc_Acute
2026-07-14 10:31:32 -0400: Memory Usage (449404K) : Executing rule backmetal1_noqrc_Acute
2026-07-14 10:31:32 -0400: Memory Usage (449404K) : Executing rule backmetal1_res_Acute
2026-07-14 10:31:32 -0400: Memory Usage (449404K) : Executing rule backmetal1_iprobe_Acute
2026-07-14 10:31:32 -0400: Memory Usage (449404K) : Executing rule backmetal1_diffprb_Acute
2026-07-14 10:31:32 -0400: Memory Usage (449404K) : Executing rule backpassiv_drw_Acute
2026-07-14 10:31:32 -0400: Memory Usage (449404K) : Executing rule salblock_drw_Acute
2026-07-14 10:31:32 -0400: Memory Usage (449404K) : Executing rule via2_drw_Acute
2026-07-14 10:31:32 -0400: Memory Usage (449404K) : Executing rule metal3_drw_Acute
2026-07-14 10:31:32 -0400: Memory Usage (449404K) : Executing rule metal3_pin_Acute
2026-07-14 10:31:32 -0400: Memory Usage (449404K) : Executing rule metal3_mask_Acute
2026-07-14 10:31:32 -0400: Memory Usage (449404K) : Executing rule metal3_filler_Acute
2026-07-14 10:31:32 -0400: Memory Usage (449404K) : Executing rule metal3_nofill_Acute
2026-07-14 10:31:32 -0400: Memory Usage (449404K) : Executing rule metal3_slit_Acute
2026-07-14 10:31:32 -0400: Memory Usage (449404K) : Executing rule metal3_opc_Acute
2026-07-14 10:31:32 -0400: Memory Usage (449404K) : Executing rule metal3_noqrc_Acute
2026-07-14 10:31:32 -0400: Memory Usage (449404K) : Executing rule metal3_res_Acute
2026-07-14 10:31:32 -0400: Memory Usage (449404K) : Executing rule metal3_iprobe_Acute
2026-07-14 10:31:32 -0400: Memory Usage (449404K) : Executing rule metal3_diffprb_Acute
2026-07-14 10:31:32 -0400: Memory Usage (449404K) : Executing rule nwell_drw_Acute
2026-07-14 10:31:32 -0400: Memory Usage (449404K) : Executing rule nwell_pin_Acute
2026-07-14 10:31:32 -0400: Memory Usage (449404K) : Executing rule nbulay_drw_Acute
2026-07-14 10:31:32 -0400: Memory Usage (449404K) : Executing rule nbulay_pin_Acute
2026-07-14 10:31:32 -0400: Memory Usage (449404K) : Executing rule nbulay_block_Acute
2026-07-14 10:31:32 -0400: Memory Usage (449404K) : Executing rule pwell_drw_Acute
2026-07-14 10:31:32 -0400: Memory Usage (449404K) : Executing rule pwell_pin_Acute
2026-07-14 10:31:32 -0400: Memory Usage (449404K) : Executing rule pwell_block_Acute
2026-07-14 10:31:32 -0400: Memory Usage (449404K) : Executing rule emwind_drw_Acute
2026-07-14 10:31:32 -0400: Memory Usage (449404K) : Executing rule emwind_opc_Acute
2026-07-14 10:31:32 -0400: Memory Usage (449404K) : Executing rule deepco_drw_Acute
2026-07-14 10:31:32 -0400: Memory Usage (449404K) : Executing rule mim_drw_Acute
2026-07-14 10:31:32 -0400: Memory Usage (449404K) : Executing rule substrate_drw_Acute
2026-07-14 10:31:32 -0400: Memory Usage (449404K) : Executing rule ic_drw_Acute
2026-07-14 10:31:32 -0400: Memory Usage (449404K) : Executing rule via3_drw_Acute
2026-07-14 10:31:32 -0400: Memory Usage (449404K) : Executing rule pldb_drw_Acute
2026-07-14 10:31:32 -0400: Memory Usage (449404K) : Executing rule metal4_drw_Acute
2026-07-14 10:31:32 -0400: Memory Usage (449404K) : Executing rule metal4_pin_Acute
2026-07-14 10:31:32 -0400: Memory Usage (449404K) : Executing rule metal4_mask_Acute
2026-07-14 10:31:32 -0400: Memory Usage (449404K) : Executing rule metal4_filler_Acute
2026-07-14 10:31:32 -0400: Memory Usage (449404K) : Executing rule metal4_nofill_Acute
2026-07-14 10:31:32 -0400: Memory Usage (449404K) : Executing rule metal4_slit_Acute
2026-07-14 10:31:32 -0400: Memory Usage (449404K) : Executing rule metal4_opc_Acute
2026-07-14 10:31:32 -0400: Memory Usage (449404K) : Executing rule metal4_noqrc_Acute
2026-07-14 10:31:32 -0400: Memory Usage (449404K) : Executing rule metal4_res_Acute
2026-07-14 10:31:32 -0400: Memory Usage (449404K) : Executing rule metal4_iprobe_Acute
2026-07-14 10:31:32 -0400: Memory Usage (449404K) : Executing rule metal4_diffprb_Acute
2026-07-14 10:31:32 -0400: Memory Usage (449404K) : Executing rule via4_drw_Acute
2026-07-14 10:31:32 -0400: Memory Usage (449404K) : Executing rule metal5_drw_Acute
2026-07-14 10:31:32 -0400: Memory Usage (449404K) : Executing rule metal5_pin_Acute
2026-07-14 10:31:32 -0400: Memory Usage (449404K) : Executing rule metal5_mask_Acute
2026-07-14 10:31:32 -0400: Memory Usage (449404K) : Executing rule metal5_filler_Acute
2026-07-14 10:31:32 -0400: Memory Usage (449404K) : Executing rule metal5_nofill_Acute
2026-07-14 10:31:32 -0400: Memory Usage (449404K) : Executing rule metal5_slit_Acute
2026-07-14 10:31:32 -0400: Memory Usage (449404K) : Executing rule metal5_opc_Acute
2026-07-14 10:31:32 -0400: Memory Usage (449404K) : Executing rule metal5_noqrc_Acute
2026-07-14 10:31:32 -0400: Memory Usage (449404K) : Executing rule metal5_res_Acute
2026-07-14 10:31:32 -0400: Memory Usage (449404K) : Executing rule metal5_iprobe_Acute
2026-07-14 10:31:32 -0400: Memory Usage (449404K) : Executing rule metal5_diffprb_Acute
2026-07-14 10:31:32 -0400: Memory Usage (449404K) : Executing rule prboundary_drw_Acute
2026-07-14 10:31:33 -0400: Memory Usage (449404K) : Executing rule exchange0_drw_Acute
2026-07-14 10:31:33 -0400: Memory Usage (449404K) : Executing rule exchange0_pin_Acute
2026-07-14 10:31:33 -0400: Memory Usage (449404K) : Executing rule exchange1_drw_Acute
2026-07-14 10:31:33 -0400: Memory Usage (449404K) : Executing rule exchange1_pin_Acute
2026-07-14 10:31:33 -0400: Memory Usage (449404K) : Executing rule exchange2_drw_Acute
2026-07-14 10:31:33 -0400: Memory Usage (449404K) : Executing rule exchange2_pin_Acute
2026-07-14 10:31:33 -0400: Memory Usage (449404K) : Executing rule exchange3_drw_Acute
2026-07-14 10:31:33 -0400: Memory Usage (449404K) : Executing rule exchange3_pin_Acute
2026-07-14 10:31:33 -0400: Memory Usage (449404K) : Executing rule exchange4_drw_Acute
2026-07-14 10:31:33 -0400: Memory Usage (449404K) : Executing rule exchange4_pin_Acute
2026-07-14 10:31:33 -0400: Memory Usage (449404K) : Executing rule isonwell_drw_Acute
2026-07-14 10:31:33 -0400: Memory Usage (449404K) : Executing rule thickgateox_drw_Acute
2026-07-14 10:31:33 -0400: Memory Usage (449404K) : Executing rule pempoly_drw_Acute
2026-07-14 10:31:33 -0400: Memory Usage (449404K) : Executing rule fbe_drw_Acute
2026-07-14 10:31:33 -0400: Memory Usage (449404K) : Executing rule empoly_drw_Acute
2026-07-14 10:31:33 -0400: Memory Usage (449404K) : Executing rule ldmos_drw_Acute
2026-07-14 10:31:33 -0400: Memory Usage (449404K) : Executing rule pbiwind_drw_Acute
2026-07-14 10:31:33 -0400: Memory Usage (449404K) : Executing rule colopen_drw_Acute
2026-07-14 10:31:33 -0400: Memory Usage (449404K) : Executing rule extblock_drw_Acute
2026-07-14 10:31:33 -0400: Memory Usage (449404K) : Executing rule nldd_drw_Acute
2026-07-14 10:31:33 -0400: Memory Usage (449404K) : Executing rule pldd_drw_Acute
2026-07-14 10:31:33 -0400: Memory Usage (449404K) : Executing rule next_drw_Acute
2026-07-14 10:31:33 -0400: Memory Usage (449404K) : Executing rule pext_drw_Acute
2026-07-14 10:31:33 -0400: Memory Usage (449404K) : Executing rule nexthv_drw_Acute
2026-07-14 10:31:33 -0400: Memory Usage (449404K) : Executing rule pexthv_drw_Acute
2026-07-14 10:31:33 -0400: Memory Usage (449404K) : Executing rule graphgate_drw_Acute
2026-07-14 10:31:33 -0400: Memory Usage (449404K) : Executing rule mempad_drw_Acute
2026-07-14 10:31:33 -0400: Memory Usage (449404K) : Executing rule topvia1_drw_Acute
2026-07-14 10:31:33 -0400: Memory Usage (449404K) : Executing rule topmetal1_drw_Acute
2026-07-14 10:31:33 -0400: Memory Usage (449404K) : Executing rule topmetal1_pin_Acute
2026-07-14 10:31:33 -0400: Memory Usage (449404K) : Executing rule topmetal1_mask_Acute
2026-07-14 10:31:33 -0400: Memory Usage (449404K) : Executing rule topmetal1_filler_Acute
2026-07-14 10:31:33 -0400: Memory Usage (449404K) : Executing rule topmetal1_nofill_Acute
2026-07-14 10:31:33 -0400: Memory Usage (449404K) : Executing rule topmetal1_slit_Acute
2026-07-14 10:31:33 -0400: Memory Usage (449404K) : Executing rule topmetal1_noqrc_Acute
2026-07-14 10:31:33 -0400: Memory Usage (449404K) : Executing rule topmetal1_res_Acute
2026-07-14 10:31:33 -0400: Memory Usage (449404K) : Executing rule topmetal1_iprobe_Acute
2026-07-14 10:31:33 -0400: Memory Usage (449404K) : Executing rule topmetal1_diffprb_Acute
2026-07-14 10:31:33 -0400: Memory Usage (449404K) : Executing rule inldpwl_drw_Acute
2026-07-14 10:31:33 -0400: Memory Usage (449404K) : Executing rule polyres_drw_Acute
2026-07-14 10:31:33 -0400: Memory Usage (449404K) : Executing rule polyres_pin_Acute
2026-07-14 10:31:33 -0400: Memory Usage (449404K) : Executing rule vmim_drw_Acute
2026-07-14 10:31:33 -0400: Memory Usage (449404K) : Executing rule nbulaycut_drw_Acute
2026-07-14 10:31:33 -0400: Memory Usage (449404K) : Executing rule antmetal1_drw_Acute
2026-07-14 10:31:33 -0400: Memory Usage (449404K) : Executing rule topvia2_drw_Acute
2026-07-14 10:31:33 -0400: Memory Usage (449404K) : Executing rule topmetal2_drw_Acute
2026-07-14 10:31:33 -0400: Memory Usage (449404K) : Executing rule topmetal2_pin_Acute
2026-07-14 10:31:33 -0400: Memory Usage (449404K) : Executing rule topmetal2_mask_Acute
2026-07-14 10:31:33 -0400: Memory Usage (449404K) : Executing rule topmetal2_filler_Acute
2026-07-14 10:31:33 -0400: Memory Usage (449404K) : Executing rule topmetal2_nofill_Acute
2026-07-14 10:31:33 -0400: Memory Usage (449404K) : Executing rule topmetal2_slit_Acute
2026-07-14 10:31:33 -0400: Memory Usage (449404K) : Executing rule topmetal2_noqrc_Acute
2026-07-14 10:31:33 -0400: Memory Usage (449404K) : Executing rule topmetal2_res_Acute
2026-07-14 10:31:33 -0400: Memory Usage (449404K) : Executing rule topmetal2_iprobe_Acute
2026-07-14 10:31:33 -0400: Memory Usage (449404K) : Executing rule topmetal2_diffprb_Acute
2026-07-14 10:31:33 -0400: Memory Usage (449404K) : Executing rule snsring_drw_Acute
2026-07-14 10:31:33 -0400: Memory Usage (449404K) : Executing rule sensor_drw_Acute
2026-07-14 10:31:33 -0400: Memory Usage (449404K) : Executing rule snsarms_drw_Acute
2026-07-14 10:31:33 -0400: Memory Usage (449404K) : Executing rule snscmosvia_drw_Acute
2026-07-14 10:31:33 -0400: Memory Usage (449404K) : Executing rule colwind_drw_Acute
2026-07-14 10:31:33 -0400: Memory Usage (449404K) : Executing rule flm_drw_Acute
2026-07-14 10:31:33 -0400: Memory Usage (449404K) : Executing rule hafniumox_drw_Acute
2026-07-14 10:31:33 -0400: Memory Usage (449404K) : Executing rule memvia_drw_Acute
2026-07-14 10:31:33 -0400: Memory Usage (449404K) : Executing rule thinfilmres_drw_Acute
2026-07-14 10:31:33 -0400: Memory Usage (449404K) : Executing rule rfmem_drw_Acute
2026-07-14 10:31:33 -0400: Memory Usage (449404K) : Executing rule snsbotvia_drw_Acute
2026-07-14 10:31:33 -0400: Memory Usage (449404K) : Executing rule snstopvia_drw_Acute
2026-07-14 10:31:33 -0400: Memory Usage (449404K) : Executing rule deepvia_drw_Acute
2026-07-14 10:31:33 -0400: Memory Usage (449404K) : Executing rule fgetch_drw_Acute
2026-07-14 10:31:33 -0400: Memory Usage (449404K) : Executing rule ctrgat_drw_Acute
2026-07-14 10:31:33 -0400: Memory Usage (449404K) : Executing rule fgimp_drw_Acute
2026-07-14 10:31:33 -0400: Memory Usage (449404K) : Executing rule emwihv_drw_Acute
2026-07-14 10:31:33 -0400: Memory Usage (449404K) : Executing rule lbe_drw_Acute
2026-07-14 10:31:33 -0400: Memory Usage (449404K) : Executing rule alcustop_drw_Acute
2026-07-14 10:31:33 -0400: Memory Usage (449404K) : Executing rule cont_drw_Angle90
2026-07-14 10:31:33 -0400: Memory Usage (449404K) : Executing rule via1_drw_Angle90
2026-07-14 10:31:33 -0400: Memory Usage (449404K) : Executing rule via2_drw_Angle90
2026-07-14 10:31:33 -0400: Memory Usage (449404K) : Executing rule via3_drw_Angle90
2026-07-14 10:31:33 -0400: Memory Usage (449404K) : Executing rule via4_drw_Angle90
2026-07-14 10:31:33 -0400: Memory Usage (449404K) : Executing rule vmim_drw_Angle90
2026-07-14 10:31:33 -0400: Memory Usage (449404K) : Executing rule topvia1_drw_Angle90
2026-07-14 10:31:33 -0400: Memory Usage (449404K) : Executing rule topvia2_drw_Angle90
2026-07-14 10:31:33 -0400: Memory Usage (449404K) : Executing rule gatpoly_drw_Angle45
2026-07-14 10:31:33 -0400: Memory Usage (449404K) : Executing rule activ_drw_Angle45
2026-07-14 10:31:33 -0400: Memory Usage (449404K) : Executing rule metal1_drw_Angle45
2026-07-14 10:31:33 -0400: Memory Usage (449468K) : Executing rule metal2_drw_Angle45
2026-07-14 10:31:33 -0400: Memory Usage (449468K) : Executing rule metal3_drw_Angle45
2026-07-14 10:31:33 -0400: Memory Usage (449468K) : Executing rule metal4_drw_Angle45
2026-07-14 10:31:33 -0400: Memory Usage (449468K) : Executing rule metal5_drw_Angle45
2026-07-14 10:31:33 -0400: Memory Usage (449828K) : Executing rule topmetal1_drw_Angle45
2026-07-14 10:31:33 -0400: Memory Usage (449768K) : Executing rule topmetal2_drw_Angle45
2026-07-14 10:31:33 -0400: Memory Usage (449712K) : Starting 3.2. FORBIDDEN table
2026-07-14 10:31:33 -0400: Memory Usage (449712K) : Executing rule forbidden.biwind
2026-07-14 10:31:33 -0400: Memory Usage (449712K) : Executing rule forbidden.pemwind
2026-07-14 10:31:33 -0400: Memory Usage (449712K) : Executing rule forbidden.baspoly
2026-07-14 10:31:33 -0400: Memory Usage (449712K) : Executing rule forbidden.deepco
2026-07-14 10:31:33 -0400: Memory Usage (449712K) : Executing rule forbidden.pempoly
2026-07-14 10:31:33 -0400: Memory Usage (449712K) : Executing rule forbidden.empoly
2026-07-14 10:31:33 -0400: Memory Usage (449712K) : Executing rule forbidden.ldmos
2026-07-14 10:31:33 -0400: Memory Usage (449712K) : Executing rule forbidden.pbiwind
2026-07-14 10:31:33 -0400: Memory Usage (449712K) : Executing rule forbidden.nodrc
2026-07-14 10:31:33 -0400: Memory Usage (449712K) : Executing rule forbidden.flash
2026-07-14 10:31:33 -0400: Memory Usage (449712K) : Executing rule forbidden.colwind
2026-07-14 10:31:33 -0400: Memory Usage (449712K) : KLayout DRC run for tables 'main' completed in 3.93 seconds
2026-07-14 10:32:16 -0400: Memory Usage (412572K) : Starting running IHP-SG13G2 KLayout DRC runset on /home/bthomas3/Videos/77GHz_phased_array/layout/VCO_77G.gds
2026-07-14 10:32:16 -0400: Memory Usage (412572K) : Ruby Version for klayout: 2.5.9
2026-07-14 10:32:16 -0400: Memory Usage (412572K) : Loading database to memory is complete.
2026-07-14 10:32:16 -0400: Memory Usage (412572K) : IHP-SG13G2 KLayout DRC runset output at: /home/bthomas3/Videos/77GHz_phased_array/layout/drc_out/VCO_77G_VCO_77G_main.lyrdb
2026-07-14 10:32:16 -0400: Memory Usage (412572K) : Evaluate switches.
2026-07-14 10:32:16 -0400: Memory Usage (412572K) : tables selected: main
2026-07-14 10:32:16 -0400: Memory Usage (412572K) : KLayout will use 6 thread(s) in tiling mode.
2026-07-14 10:32:16 -0400: Memory Usage (412572K) : deep mode is enabled.
2026-07-14 10:32:16 -0400: Memory Usage (412572K) : FEOL enabled: false
2026-07-14 10:32:16 -0400: Memory Usage (412572K) : BEOL enabled: true
2026-07-14 10:32:16 -0400: Memory Usage (412572K) : OFFGRID enabled: true
2026-07-14 10:32:16 -0400: Memory Usage (412572K) : ANGLE enabled: true
2026-07-14 10:32:16 -0400: Memory Usage (412572K) : PIN enabled: true
2026-07-14 10:32:16 -0400: Memory Usage (412572K) : FORBIDDEN enabled: true
2026-07-14 10:32:16 -0400: Memory Usage (412572K) : RECOMMENDED enabled: true
2026-07-14 10:32:16 -0400: Memory Usage (412572K) : PreCheck DRC enabled: false
2026-07-14 10:32:16 -0400: Memory Usage (412572K) : CONNECTIVITY_RULES enabled: false.
2026-07-14 10:32:16 -0400: Memory Usage (412572K) : Read in polygons from layers.
2026-07-14 10:32:16 -0400: Memory Usage (412572K) : activ_drw has 0 polygons
2026-07-14 10:32:16 -0400: Memory Usage (412572K) : activ_pin has 0 polygons
2026-07-14 10:32:16 -0400: Memory Usage (412572K) : activ_mask has 0 polygons
2026-07-14 10:32:16 -0400: Memory Usage (412572K) : activ_filler has 0 polygons
2026-07-14 10:32:16 -0400: Memory Usage (412572K) : activ_nofill has 0 polygons
2026-07-14 10:32:16 -0400: Memory Usage (412572K) : activ_opc has 0 polygons
2026-07-14 10:32:16 -0400: Memory Usage (412572K) : activ_iopc has 0 polygons
2026-07-14 10:32:16 -0400: Memory Usage (412572K) : activ_noqrc has 0 polygons
2026-07-14 10:32:16 -0400: Memory Usage (412572K) : biwind_drw has 0 polygons
2026-07-14 10:32:16 -0400: Memory Usage (412572K) : biwind_opc has 0 polygons
2026-07-14 10:32:16 -0400: Memory Usage (412572K) : pemwind_drw has 0 polygons
2026-07-14 10:32:16 -0400: Memory Usage (412572K) : gatpoly_drw has 0 polygons
2026-07-14 10:32:16 -0400: Memory Usage (412572K) : gatpoly_pin has 0 polygons
2026-07-14 10:32:16 -0400: Memory Usage (412572K) : gatpoly_filler has 0 polygons
2026-07-14 10:32:16 -0400: Memory Usage (412572K) : gatpoly_nofill has 0 polygons
2026-07-14 10:32:16 -0400: Memory Usage (412572K) : gatpoly_opc has 0 polygons
2026-07-14 10:32:16 -0400: Memory Usage (412572K) : gatpoly_iopc has 0 polygons
2026-07-14 10:32:16 -0400: Memory Usage (412572K) : gatpoly_noqrc has 0 polygons
2026-07-14 10:32:16 -0400: Memory Usage (412572K) : cont_drw has 0 polygons
2026-07-14 10:32:16 -0400: Memory Usage (412572K) : cont_opc has 0 polygons
2026-07-14 10:32:16 -0400: Memory Usage (412572K) : nsd_drw has 0 polygons
2026-07-14 10:32:16 -0400: Memory Usage (412572K) : nsd_block has 0 polygons
2026-07-14 10:32:16 -0400: Memory Usage (412572K) : metal1_drw has 2 polygons
2026-07-14 10:32:16 -0400: Memory Usage (412572K) : metal1_pin has 0 polygons
2026-07-14 10:32:16 -0400: Memory Usage (412572K) : metal1_mask has 0 polygons
2026-07-14 10:32:16 -0400: Memory Usage (412572K) : metal1_filler has 0 polygons
2026-07-14 10:32:16 -0400: Memory Usage (412572K) : metal1_nofill has 0 polygons
2026-07-14 10:32:16 -0400: Memory Usage (412572K) : metal1_slit has 0 polygons
2026-07-14 10:32:16 -0400: Memory Usage (412572K) : metal1_text has 0 polygons
2026-07-14 10:32:16 -0400: Memory Usage (412572K) : metal1_opc has 0 polygons
2026-07-14 10:32:16 -0400: Memory Usage (412572K) : metal1_noqrc has 0 polygons
2026-07-14 10:32:16 -0400: Memory Usage (412572K) : metal1_res has 0 polygons
2026-07-14 10:32:16 -0400: Memory Usage (412572K) : metal1_iprobe has 0 polygons
2026-07-14 10:32:16 -0400: Memory Usage (412572K) : metal1_diffprb has 0 polygons
2026-07-14 10:32:16 -0400: Memory Usage (414632K) : passiv_drw has 0 polygons
2026-07-14 10:32:16 -0400: Memory Usage (414632K) : passiv_pin has 0 polygons
2026-07-14 10:32:16 -0400: Memory Usage (414632K) : passiv_sbump has 0 polygons
2026-07-14 10:32:16 -0400: Memory Usage (414632K) : passiv_pillar has 0 polygons
2026-07-14 10:32:16 -0400: Memory Usage (414632K) : passiv_pdl has 0 polygons
2026-07-14 10:32:16 -0400: Memory Usage (414632K) : metal2_drw has 0 polygons
2026-07-14 10:32:16 -0400: Memory Usage (414632K) : metal2_pin has 0 polygons
2026-07-14 10:32:16 -0400: Memory Usage (414632K) : metal2_mask has 0 polygons
2026-07-14 10:32:16 -0400: Memory Usage (414896K) : metal2_filler has 0 polygons
2026-07-14 10:32:16 -0400: Memory Usage (414896K) : metal2_nofill has 0 polygons
2026-07-14 10:32:16 -0400: Memory Usage (414896K) : metal2_slit has 0 polygons
2026-07-14 10:32:16 -0400: Memory Usage (414896K) : metal2_text has 0 polygons
2026-07-14 10:32:16 -0400: Memory Usage (414896K) : metal2_opc has 0 polygons
2026-07-14 10:32:16 -0400: Memory Usage (415160K) : metal2_noqrc has 0 polygons
2026-07-14 10:32:16 -0400: Memory Usage (415160K) : metal2_res has 0 polygons
2026-07-14 10:32:16 -0400: Memory Usage (415160K) : metal2_iprobe has 0 polygons
2026-07-14 10:32:16 -0400: Memory Usage (415160K) : metal2_diffprb has 0 polygons
2026-07-14 10:32:16 -0400: Memory Usage (415160K) : baspoly_drw has 0 polygons
2026-07-14 10:32:16 -0400: Memory Usage (415424K) : baspoly_pin has 0 polygons
2026-07-14 10:32:16 -0400: Memory Usage (415424K) : psd_drw has 0 polygons
2026-07-14 10:32:16 -0400: Memory Usage (415424K) : nldb_drw has 0 polygons
2026-07-14 10:32:16 -0400: Memory Usage (415424K) : digibnd_drw has 0 polygons
2026-07-14 10:32:16 -0400: Memory Usage (415424K) : via1_drw has 0 polygons
2026-07-14 10:32:16 -0400: Memory Usage (415424K) : backmetal1_drw has 0 polygons
2026-07-14 10:32:16 -0400: Memory Usage (415688K) : backmetal1_pin has 0 polygons
2026-07-14 10:32:16 -0400: Memory Usage (415688K) : backmetal1_mask has 0 polygons
2026-07-14 10:32:16 -0400: Memory Usage (415688K) : backmetal1_filler has 0 polygons
2026-07-14 10:32:16 -0400: Memory Usage (415688K) : backmetal1_nofill has 0 polygons
2026-07-14 10:32:16 -0400: Memory Usage (415688K) : backmetal1_slit has 0 polygons
2026-07-14 10:32:16 -0400: Memory Usage (415952K) : backmetal1_text has 0 polygons
2026-07-14 10:32:16 -0400: Memory Usage (415952K) : backmetal1_opc has 0 polygons
2026-07-14 10:32:16 -0400: Memory Usage (415952K) : backmetal1_noqrc has 0 polygons
2026-07-14 10:32:16 -0400: Memory Usage (415952K) : backmetal1_res has 0 polygons
2026-07-14 10:32:16 -0400: Memory Usage (415952K) : backmetal1_iprobe has 0 polygons
2026-07-14 10:32:16 -0400: Memory Usage (416216K) : backmetal1_diffprb has 0 polygons
2026-07-14 10:32:16 -0400: Memory Usage (416216K) : backpassiv_drw has 0 polygons
2026-07-14 10:32:16 -0400: Memory Usage (416216K) : res_drw has 0 polygons
2026-07-14 10:32:16 -0400: Memory Usage (416216K) : sram_drw has 0 polygons
2026-07-14 10:32:16 -0400: Memory Usage (416216K) : trans_drw has 0 polygons
2026-07-14 10:32:16 -0400: Memory Usage (416480K) : ind_drw has 0 polygons
2026-07-14 10:32:16 -0400: Memory Usage (416480K) : ind_pin has 0 polygons
2026-07-14 10:32:16 -0400: Memory Usage (416480K) : ind_text has 0 polygons
2026-07-14 10:32:16 -0400: Memory Usage (416480K) : salblock_drw has 0 polygons
2026-07-14 10:32:16 -0400: Memory Usage (416480K) : via2_drw has 0 polygons
2026-07-14 10:32:16 -0400: Memory Usage (416744K) : metal3_drw has 0 polygons
2026-07-14 10:32:16 -0400: Memory Usage (416744K) : metal3_pin has 0 polygons
2026-07-14 10:32:16 -0400: Memory Usage (416744K) : metal3_mask has 0 polygons
2026-07-14 10:32:16 -0400: Memory Usage (416744K) : metal3_filler has 0 polygons
2026-07-14 10:32:16 -0400: Memory Usage (416744K) : metal3_nofill has 0 polygons
2026-07-14 10:32:16 -0400: Memory Usage (417008K) : metal3_slit has 0 polygons
2026-07-14 10:32:16 -0400: Memory Usage (417008K) : metal3_text has 0 polygons
2026-07-14 10:32:16 -0400: Memory Usage (417008K) : metal3_opc has 0 polygons
2026-07-14 10:32:16 -0400: Memory Usage (417008K) : metal3_noqrc has 0 polygons
2026-07-14 10:32:16 -0400: Memory Usage (417008K) : metal3_res has 0 polygons
2026-07-14 10:32:16 -0400: Memory Usage (417008K) : metal3_iprobe has 0 polygons
2026-07-14 10:32:16 -0400: Memory Usage (417272K) : metal3_diffprb has 0 polygons
2026-07-14 10:32:16 -0400: Memory Usage (417272K) : nwell_drw has 0 polygons
2026-07-14 10:32:16 -0400: Memory Usage (417272K) : nwell_pin has 0 polygons
2026-07-14 10:32:16 -0400: Memory Usage (417272K) : nbulay_drw has 0 polygons
2026-07-14 10:32:16 -0400: Memory Usage (417272K) : nbulay_pin has 0 polygons
2026-07-14 10:32:16 -0400: Memory Usage (417536K) : nbulay_block has 0 polygons
2026-07-14 10:32:16 -0400: Memory Usage (417536K) : emwind_drw has 0 polygons
2026-07-14 10:32:16 -0400: Memory Usage (417536K) : emwind_opc has 0 polygons
2026-07-14 10:32:16 -0400: Memory Usage (417536K) : deepco_drw has 0 polygons
2026-07-14 10:32:16 -0400: Memory Usage (417800K) : deepco_drw has 0 polygons
2026-07-14 10:32:16 -0400: Memory Usage (417800K) : mim_drw has 0 polygons
2026-07-14 10:32:16 -0400: Memory Usage (417800K) : edgeseal_drw has 0 polygons
2026-07-14 10:32:16 -0400: Memory Usage (417800K) : edgeseal_bound has 0 polygons
2026-07-14 10:32:16 -0400: Memory Usage (417800K) : substrate_drw has 0 polygons
2026-07-14 10:32:16 -0400: Memory Usage (418064K) : substrate_text has 0 polygons
2026-07-14 10:32:16 -0400: Memory Usage (418064K) : dfpad_drw has 0 polygons
2026-07-14 10:32:16 -0400: Memory Usage (418064K) : dfpad_pillar has 0 polygons
2026-07-14 10:32:16 -0400: Memory Usage (418064K) : dfpad_sbump has 0 polygons
2026-07-14 10:32:16 -0400: Memory Usage (418328K) : thickgateox_drw has 0 polygons
2026-07-14 10:32:16 -0400: Memory Usage (418328K) : pldb_drw has 0 polygons
2026-07-14 10:32:16 -0400: Memory Usage (418328K) : pwell_drw has 0 polygons
2026-07-14 10:32:16 -0400: Memory Usage (418328K) : pwell_pin has 0 polygons
2026-07-14 10:32:16 -0400: Memory Usage (418328K) : pwell_block has 0 polygons
2026-07-14 10:32:16 -0400: Memory Usage (418328K) : ic_drw has 0 polygons
2026-07-14 10:32:16 -0400: Memory Usage (418592K) : via3_drw has 0 polygons
2026-07-14 10:32:16 -0400: Memory Usage (418592K) : metal4_drw has 0 polygons
2026-07-14 10:32:16 -0400: Memory Usage (418592K) : metal4_pin has 0 polygons
2026-07-14 10:32:16 -0400: Memory Usage (418592K) : metal4_mask has 0 polygons
2026-07-14 10:32:16 -0400: Memory Usage (418592K) : metal4_filler has 0 polygons
2026-07-14 10:32:16 -0400: Memory Usage (418856K) : metal4_nofill has 0 polygons
2026-07-14 10:32:16 -0400: Memory Usage (418856K) : metal4_slit has 0 polygons
2026-07-14 10:32:16 -0400: Memory Usage (418856K) : metal4_text has 0 polygons
2026-07-14 10:32:16 -0400: Memory Usage (418856K) : metal4_opc has 0 polygons
2026-07-14 10:32:16 -0400: Memory Usage (418856K) : metal4_noqrc has 0 polygons
2026-07-14 10:32:16 -0400: Memory Usage (419120K) : metal4_res has 0 polygons
2026-07-14 10:32:16 -0400: Memory Usage (419120K) : metal4_iprobe has 0 polygons
2026-07-14 10:32:16 -0400: Memory Usage (419120K) : metal4_diffprb has 0 polygons
2026-07-14 10:32:16 -0400: Memory Usage (419120K) : heattrans_drw has 0 polygons
2026-07-14 10:32:16 -0400: Memory Usage (419384K) : heatres_drw has 0 polygons
2026-07-14 10:32:16 -0400: Memory Usage (419384K) : pempoly_drw has 0 polygons
2026-07-14 10:32:16 -0400: Memory Usage (419384K) : fbe_drw has 0 polygons
2026-07-14 10:32:16 -0400: Memory Usage (419384K) : empoly_drw has 0 polygons
2026-07-14 10:32:16 -0400: Memory Usage (419384K) : ldmos_drw has 0 polygons
2026-07-14 10:32:16 -0400: Memory Usage (419648K) : pbiwind_drw has 0 polygons
2026-07-14 10:32:16 -0400: Memory Usage (419648K) : digisub_drw has 0 polygons
2026-07-14 10:32:16 -0400: Memory Usage (419648K) : nodrc_drw has 0 polygons
2026-07-14 10:32:16 -0400: Memory Usage (419648K) : text_drw has 0 polygons
2026-07-14 10:32:16 -0400: Memory Usage (419648K) : via4_drw has 0 polygons
2026-07-14 10:32:16 -0400: Memory Usage (419912K) : metal5_drw has 3 polygons
2026-07-14 10:32:16 -0400: Memory Usage (419912K) : metal5_pin has 0 polygons
2026-07-14 10:32:16 -0400: Memory Usage (419912K) : metal5_mask has 0 polygons
2026-07-14 10:32:16 -0400: Memory Usage (419912K) : metal5_filler has 0 polygons
2026-07-14 10:32:16 -0400: Memory Usage (420176K) : metal5_nofill has 0 polygons
2026-07-14 10:32:16 -0400: Memory Usage (420176K) : metal5_slit has 0 polygons
2026-07-14 10:32:16 -0400: Memory Usage (420176K) : metal5_text has 0 polygons
2026-07-14 10:32:16 -0400: Memory Usage (420176K) : metal5_opc has 0 polygons
2026-07-14 10:32:16 -0400: Memory Usage (420176K) : metal5_noqrc has 0 polygons
2026-07-14 10:32:16 -0400: Memory Usage (420176K) : metal5_res has 0 polygons
2026-07-14 10:32:16 -0400: Memory Usage (420440K) : metal5_iprobe has 0 polygons
2026-07-14 10:32:16 -0400: Memory Usage (420440K) : metal5_diffprb has 0 polygons
2026-07-14 10:32:16 -0400: Memory Usage (420440K) : radhard_drw has 0 polygons
2026-07-14 10:32:16 -0400: Memory Usage (420440K) : memcap_drw has 0 polygons
2026-07-14 10:32:16 -0400: Memory Usage (420440K) : varicap_drw has 0 polygons
2026-07-14 10:32:16 -0400: Memory Usage (420704K) : flash_drw has 0 polygons
2026-07-14 10:32:16 -0400: Memory Usage (420704K) : intbondvia_drw has 0 polygons
2026-07-14 10:32:16 -0400: Memory Usage (420704K) : intbondmet_drw has 0 polygons
2026-07-14 10:32:16 -0400: Memory Usage (420704K) : devbondvia_drw has 0 polygons
2026-07-14 10:32:16 -0400: Memory Usage (420968K) : devbondmet_drw has 0 polygons
2026-07-14 10:32:16 -0400: Memory Usage (420968K) : devtrench_drw has 0 polygons
2026-07-14 10:32:16 -0400: Memory Usage (420968K) : redist_drw has 0 polygons
2026-07-14 10:32:16 -0400: Memory Usage (420968K) : graphbot_drw has 0 polygons
2026-07-14 10:32:16 -0400: Memory Usage (420968K) : graphtop_drw has 0 polygons
2026-07-14 10:32:16 -0400: Memory Usage (420968K) : antvia1_drw has 0 polygons
2026-07-14 10:32:16 -0400: Memory Usage (421232K) : antmetal2_drw has 0 polygons
2026-07-14 10:32:16 -0400: Memory Usage (421232K) : graphcont_drw has 0 polygons
2026-07-14 10:32:16 -0400: Memory Usage (421232K) : siwg_drw has 0 polygons
2026-07-14 10:32:16 -0400: Memory Usage (421232K) : siwg_filler has 0 polygons
2026-07-14 10:32:16 -0400: Memory Usage (421232K) : siwg_nofill has 0 polygons
2026-07-14 10:32:16 -0400: Memory Usage (421496K) : sigrating_drw has 0 polygons
2026-07-14 10:32:16 -0400: Memory Usage (421496K) : singrating_drw has 0 polygons
2026-07-14 10:32:16 -0400: Memory Usage (421496K) : graphpas_drw has 0 polygons
2026-07-14 10:32:16 -0400: Memory Usage (421496K) : emwind3_drw has 0 polygons
2026-07-14 10:32:16 -0400: Memory Usage (421496K) : emwihv3_drw has 0 polygons
2026-07-14 10:32:16 -0400: Memory Usage (421760K) : redbulay_drw has 0 polygons
2026-07-14 10:32:16 -0400: Memory Usage (421760K) : smos_drw has 0 polygons
2026-07-14 10:32:16 -0400: Memory Usage (421760K) : graphpad_drw has 0 polygons
2026-07-14 10:32:16 -0400: Memory Usage (421760K) : polimide_drw has 0 polygons
2026-07-14 10:32:16 -0400: Memory Usage (421760K) : polimide_pin has 0 polygons
2026-07-14 10:32:16 -0400: Memory Usage (422024K) : recog_drw has 0 polygons
2026-07-14 10:32:16 -0400: Memory Usage (422024K) : recog_pin has 0 polygons
2026-07-14 10:32:16 -0400: Memory Usage (422024K) : recog_esd has 0 polygons
2026-07-14 10:32:16 -0400: Memory Usage (422024K) : recog_diode has 0 polygons
2026-07-14 10:32:16 -0400: Memory Usage (422024K) : recog_tsv has 0 polygons
2026-07-14 10:32:16 -0400: Memory Usage (422288K) : recog_iprobe has 0 polygons
2026-07-14 10:32:16 -0400: Memory Usage (422288K) : recog_diffprb has 0 polygons
2026-07-14 10:32:16 -0400: Memory Usage (422288K) : recog_pillar has 0 polygons
2026-07-14 10:32:16 -0400: Memory Usage (422288K) : recog_sbump has 0 polygons
2026-07-14 10:32:16 -0400: Memory Usage (422288K) : recog_otp has 0 polygons
2026-07-14 10:32:16 -0400: Memory Usage (422552K) : recog_pdiode has 0 polygons
2026-07-14 10:32:16 -0400: Memory Usage (422552K) : recog_mom has 0 polygons
2026-07-14 10:32:16 -0400: Memory Usage (422552K) : recog_pcm has 0 polygons
2026-07-14 10:32:16 -0400: Memory Usage (422552K) : colopen_drw has 0 polygons
2026-07-14 10:32:16 -0400: Memory Usage (422552K) : graphmetal1_drw has 0 polygons
2026-07-14 10:32:16 -0400: Memory Usage (422552K) : graphmetal1_filler has 0 polygons
2026-07-14 10:32:16 -0400: Memory Usage (422816K) : graphmetal1_nofill has 0 polygons
2026-07-14 10:32:16 -0400: Memory Usage (422816K) : graphmetal1_slit has 0 polygons
2026-07-14 10:32:16 -0400: Memory Usage (422816K) : graphmetal1_opc has 0 polygons
2026-07-14 10:32:16 -0400: Memory Usage (422816K) : graphmet1l_drw has 0 polygons
2026-07-14 10:32:16 -0400: Memory Usage (423080K) : graphmet1l_filler has 0 polygons
2026-07-14 10:32:16 -0400: Memory Usage (423080K) : graphmet1l_nofill has 0 polygons
2026-07-14 10:32:16 -0400: Memory Usage (423080K) : graphmet1l_slit has 0 polygons
2026-07-14 10:32:16 -0400: Memory Usage (423080K) : graphmet1l_opc has 0 polygons
2026-07-14 10:32:16 -0400: Memory Usage (423080K) : extblock_drw has 0 polygons
2026-07-14 10:32:16 -0400: Memory Usage (423080K) : nldd_drw has 0 polygons
2026-07-14 10:32:16 -0400: Memory Usage (423344K) : pldd_drw has 0 polygons
2026-07-14 10:32:16 -0400: Memory Usage (423344K) : next_drw has 0 polygons
2026-07-14 10:32:16 -0400: Memory Usage (423344K) : pext_drw has 0 polygons
2026-07-14 10:32:16 -0400: Memory Usage (423344K) : nexthv_drw has 0 polygons
2026-07-14 10:32:16 -0400: Memory Usage (423344K) : pexthv_drw has 0 polygons
2026-07-14 10:32:16 -0400: Memory Usage (423608K) : graphgate_drw has 0 polygons
2026-07-14 10:32:16 -0400: Memory Usage (423608K) : sinwg_drw has 0 polygons
2026-07-14 10:32:16 -0400: Memory Usage (423608K) : sinwg_filler has 0 polygons
2026-07-14 10:32:16 -0400: Memory Usage (423608K) : sinwg_nofill has 0 polygons
2026-07-14 10:32:16 -0400: Memory Usage (423608K) : mempad_drw has 0 polygons
2026-07-14 10:32:16 -0400: Memory Usage (423872K) : topvia1_drw has 0 polygons
2026-07-14 10:32:16 -0400: Memory Usage (423872K) : topmetal1_drw has 16 polygons
2026-07-14 10:32:16 -0400: Memory Usage (423872K) : topmetal1_pin has 0 polygons
2026-07-14 10:32:16 -0400: Memory Usage (423872K) : topmetal1_mask has 0 polygons
2026-07-14 10:32:16 -0400: Memory Usage (423872K) : topmetal1_filler has 0 polygons
2026-07-14 10:32:16 -0400: Memory Usage (424136K) : topmetal1_nofill has 0 polygons
2026-07-14 10:32:16 -0400: Memory Usage (424136K) : topmetal1_slit has 0 polygons
2026-07-14 10:32:16 -0400: Memory Usage (424136K) : topmetal1_text has 0 polygons
2026-07-14 10:32:16 -0400: Memory Usage (424136K) : topmetal1_noqrc has 0 polygons
2026-07-14 10:32:16 -0400: Memory Usage (424136K) : topmetal1_res has 0 polygons
2026-07-14 10:32:16 -0400: Memory Usage (424400K) : topmetal1_iprobe has 0 polygons
2026-07-14 10:32:16 -0400: Memory Usage (424400K) : topmetal1_diffprb has 0 polygons
2026-07-14 10:32:16 -0400: Memory Usage (424400K) : inldpwl_drw has 0 polygons
2026-07-14 10:32:16 -0400: Memory Usage (424400K) : polyres_drw has 0 polygons
2026-07-14 10:32:16 -0400: Memory Usage (424400K) : polyres_pin has 0 polygons
2026-07-14 10:32:16 -0400: Memory Usage (424664K) : vmim_drw has 0 polygons
2026-07-14 10:32:16 -0400: Memory Usage (424664K) : nbulaycut_drw has 0 polygons
2026-07-14 10:32:16 -0400: Memory Usage (424664K) : antmetal1_drw has 0 polygons
2026-07-14 10:32:16 -0400: Memory Usage (424664K) : topvia2_drw has 0 polygons
2026-07-14 10:32:16 -0400: Memory Usage (424664K) : topmetal2_drw has 36 polygons
2026-07-14 10:32:16 -0400: Memory Usage (424928K) : topmetal2_pin has 0 polygons
2026-07-14 10:32:16 -0400: Memory Usage (424928K) : topmetal2_mask has 0 polygons
2026-07-14 10:32:16 -0400: Memory Usage (424928K) : topmetal2_filler has 0 polygons
2026-07-14 10:32:16 -0400: Memory Usage (424928K) : topmetal2_nofill has 0 polygons
2026-07-14 10:32:16 -0400: Memory Usage (424928K) : topmetal2_slit has 0 polygons
2026-07-14 10:32:16 -0400: Memory Usage (425192K) : topmetal2_text has 0 polygons
2026-07-14 10:32:16 -0400: Memory Usage (425192K) : topmetal2_noqrc has 0 polygons
2026-07-14 10:32:16 -0400: Memory Usage (425192K) : topmetal2_res has 0 polygons
2026-07-14 10:32:16 -0400: Memory Usage (425192K) : topmetal2_iprobe has 0 polygons
2026-07-14 10:32:16 -0400: Memory Usage (425192K) : topmetal2_diffprb has 0 polygons
2026-07-14 10:32:16 -0400: Memory Usage (425456K) : snsring_drw has 0 polygons
2026-07-14 10:32:16 -0400: Memory Usage (425456K) : sensor_drw has 0 polygons
2026-07-14 10:32:16 -0400: Memory Usage (425456K) : snsarms_drw has 0 polygons
2026-07-14 10:32:16 -0400: Memory Usage (425456K) : snscmosvia_drw has 0 polygons
2026-07-14 10:32:16 -0400: Memory Usage (425456K) : colwind_drw has 0 polygons
2026-07-14 10:32:16 -0400: Memory Usage (425456K) : flm_drw has 0 polygons
2026-07-14 10:32:16 -0400: Memory Usage (425720K) : hafniumox_drw has 0 polygons
2026-07-14 10:32:16 -0400: Memory Usage (425720K) : memvia_drw has 0 polygons
2026-07-14 10:32:16 -0400: Memory Usage (425720K) : thinfilmres_drw has 0 polygons
2026-07-14 10:32:16 -0400: Memory Usage (425720K) : rfmem_drw has 0 polygons
2026-07-14 10:32:16 -0400: Memory Usage (425720K) : norcx_drw has 0 polygons
2026-07-14 10:32:16 -0400: Memory Usage (425984K) : norcx_m2m3 has 0 polygons
2026-07-14 10:32:16 -0400: Memory Usage (425984K) : norcx_m2m4 has 0 polygons
2026-07-14 10:32:16 -0400: Memory Usage (425984K) : norcx_m2m5 has 0 polygons
2026-07-14 10:32:16 -0400: Memory Usage (425984K) : norcx_m2tm1 has 0 polygons
2026-07-14 10:32:16 -0400: Memory Usage (426248K) : norcx_m2tm2 has 0 polygons
2026-07-14 10:32:16 -0400: Memory Usage (426248K) : norcx_m3m4 has 0 polygons
2026-07-14 10:32:16 -0400: Memory Usage (426248K) : norcx_m3m5 has 0 polygons
2026-07-14 10:32:16 -0400: Memory Usage (426248K) : norcx_m3tm1 has 0 polygons
2026-07-14 10:32:16 -0400: Memory Usage (426248K) : norcx_m3tm2 has 0 polygons
2026-07-14 10:32:16 -0400: Memory Usage (426248K) : norcx_m4m5 has 0 polygons
2026-07-14 10:32:16 -0400: Memory Usage (426512K) : norcx_m4tm1 has 0 polygons
2026-07-14 10:32:16 -0400: Memory Usage (426512K) : norcx_m4tm2 has 0 polygons
2026-07-14 10:32:16 -0400: Memory Usage (426512K) : norcx_m5tm1 has 0 polygons
2026-07-14 10:32:16 -0400: Memory Usage (426512K) : norcx_m5tm2 has 0 polygons
2026-07-14 10:32:16 -0400: Memory Usage (426512K) : norcx_tm1tm2 has 0 polygons
2026-07-14 10:32:16 -0400: Memory Usage (426776K) : norcx_m1sub has 0 polygons
2026-07-14 10:32:16 -0400: Memory Usage (426776K) : norcx_m2sub has 0 polygons
2026-07-14 10:32:16 -0400: Memory Usage (426776K) : norcx_m3sub has 0 polygons
2026-07-14 10:32:16 -0400: Memory Usage (426776K) : norcx_m4sub has 0 polygons
2026-07-14 10:32:16 -0400: Memory Usage (426776K) : norcx_m5sub has 0 polygons
2026-07-14 10:32:16 -0400: Memory Usage (427040K) : norcx_tm1sub has 0 polygons
2026-07-14 10:32:16 -0400: Memory Usage (427040K) : norcx_tm2sub has 0 polygons
2026-07-14 10:32:16 -0400: Memory Usage (427040K) : snsbotvia_drw has 0 polygons
2026-07-14 10:32:16 -0400: Memory Usage (427040K) : snstopvia_drw has 0 polygons
2026-07-14 10:32:16 -0400: Memory Usage (427040K) : deepvia_drw has 0 polygons
2026-07-14 10:32:16 -0400: Memory Usage (427304K) : fgetch_drw has 0 polygons
2026-07-14 10:32:16 -0400: Memory Usage (427304K) : ctrgat_drw has 0 polygons
2026-07-14 10:32:16 -0400: Memory Usage (427304K) : fgimp_drw has 0 polygons
2026-07-14 10:32:16 -0400: Memory Usage (427304K) : emwihv_drw has 0 polygons
2026-07-14 10:32:16 -0400: Memory Usage (427304K) : lbe_drw has 0 polygons
2026-07-14 10:32:16 -0400: Memory Usage (427568K) : alcustop_drw has 0 polygons
2026-07-14 10:32:16 -0400: Memory Usage (427568K) : nometfiller_drw has 0 polygons
2026-07-14 10:32:16 -0400: Memory Usage (427568K) : prboundary_drw has 0 polygons
2026-07-14 10:32:16 -0400: Memory Usage (427568K) : exchange0_drw has 0 polygons
2026-07-14 10:32:16 -0400: Memory Usage (427568K) : exchange0_pin has 0 polygons
2026-07-14 10:32:16 -0400: Memory Usage (427832K) : exchange0_text has 0 polygons
2026-07-14 10:32:16 -0400: Memory Usage (427832K) : exchange1_drw has 0 polygons
2026-07-14 10:32:16 -0400: Memory Usage (427832K) : exchange1_pin has 0 polygons
2026-07-14 10:32:16 -0400: Memory Usage (427832K) : exchange1_text has 0 polygons
2026-07-14 10:32:16 -0400: Memory Usage (427832K) : exchange2_drw has 0 polygons
2026-07-14 10:32:16 -0400: Memory Usage (428096K) : exchange2_pin has 0 polygons
2026-07-14 10:32:16 -0400: Memory Usage (428096K) : exchange2_text has 0 polygons
2026-07-14 10:32:16 -0400: Memory Usage (428096K) : exchange3_drw has 0 polygons
2026-07-14 10:32:16 -0400: Memory Usage (428096K) : exchange3_pin has 0 polygons
2026-07-14 10:32:16 -0400: Memory Usage (428096K) : exchange3_text has 0 polygons
2026-07-14 10:32:16 -0400: Memory Usage (428360K) : exchange4_drw has 0 polygons
2026-07-14 10:32:16 -0400: Memory Usage (428360K) : exchange4_pin has 0 polygons
2026-07-14 10:32:16 -0400: Memory Usage (428360K) : exchange4_text has 0 polygons
2026-07-14 10:32:16 -0400: Memory Usage (428360K) : isonwell_drw has 0 polygons
2026-07-14 10:32:16 -0400: Memory Usage (428360K) : Total no. of polygons in the design is 57
2026-07-14 10:32:16 -0400: Memory Usage (428360K) : Loaded TECH DRC rules values from /home/bthomas3/Videos/IHP-Open-PDK/ihp-sg13g2/libs.tech/klayout/tech/drc/rule_decks/sg13g2_tech_default.json
2026-07-14 10:32:16 -0400: Memory Usage (428360K) : Loaded default DRC rules values from /home/bthomas3/Videos/77GHz_phased_array/layout/rule_decks/sg13g2_tech_default.json
2026-07-14 10:32:16 -0400: Memory Usage (429216K) : Total area of the design is 68400.0 um^2.
2026-07-14 10:32:16 -0400: Memory Usage (429216K) : The design dimensions are 180.0 µm * 380.0 µm.
2026-07-14 10:32:16 -0400: Memory Usage (429216K) : Starting general IHP-SG13G2 derivations.
2026-07-14 10:32:16 -0400: Memory Usage (429216K) : Starting Pwell derivations
2026-07-14 10:32:16 -0400: Memory Usage (429596K) : Starting n-Activ derivations
2026-07-14 10:32:16 -0400: Memory Usage (429596K) : Starting p-Activ derivations
2026-07-14 10:32:16 -0400: Memory Usage (429860K) : Starting ptap derivations
2026-07-14 10:32:16 -0400: Memory Usage (429860K) : Starting ntap derivations
2026-07-14 10:32:16 -0400: Memory Usage (429860K) : Starting pact FET derivations
2026-07-14 10:32:16 -0400: Memory Usage (429860K) : Starting nact FET derivations
2026-07-14 10:32:16 -0400: Memory Usage (429860K) : Starting Gate derivations
2026-07-14 10:32:16 -0400: Memory Usage (430124K) : Starting cont/contbar general derivations
2026-07-14 10:32:16 -0400: Memory Usage (430124K) : Starting pad general derivations
2026-07-14 10:32:16 -0400: Memory Usage (430388K) : Starting schottky_nbl general derivations
2026-07-14 10:32:16 -0400: Memory Usage (430712K) : Starting SVaricap general derivations
2026-07-14 10:32:16 -0400: Memory Usage (430976K) : Starting HBT general derivations
2026-07-14 10:32:16 -0400: Memory Usage (431504K) : Starting IHP-SG13G2 DRC rules.
2026-07-14 10:32:16 -0400: Memory Usage (431504K) : Running all BEOL rules
2026-07-14 10:32:16 -0400: Memory Usage (431504K) : Running all PIN rules
2026-07-14 10:32:16 -0400: Memory Usage (431504K) : Running all FORBIDDEN rules
2026-07-14 10:32:16 -0400: Memory Usage (431504K) : Starting 5.16. Metal1 table
2026-07-14 10:32:16 -0400: Memory Usage (431504K) : Executing rule M1.a
2026-07-14 10:32:16 -0400: Memory Usage (431504K) : Executing rule M1.b
2026-07-14 10:32:16 -0400: Memory Usage (432960K) : Executing rule M1.e
2026-07-14 10:32:16 -0400: Memory Usage (432160K) : Executing rule M1.f
2026-07-14 10:32:16 -0400: Memory Usage (432160K) : Executing rule M1.g
2026-07-14 10:32:16 -0400: Memory Usage (432156K) : Executing rule M1.i
2026-07-14 10:32:16 -0400: Memory Usage (432092K) : Starting 5.17 Metaln table
2026-07-14 10:32:16 -0400: Memory Usage (432092K) : Executing rule M2.a
2026-07-14 10:32:16 -0400: Memory Usage (432092K) : Executing rule M2.b
2026-07-14 10:32:16 -0400: Memory Usage (432092K) : Executing rule M2.e
2026-07-14 10:32:16 -0400: Memory Usage (432092K) : Executing rule M2.f
2026-07-14 10:32:16 -0400: Memory Usage (432092K) : Executing rule M2.g
2026-07-14 10:32:16 -0400: Memory Usage (432488K) : Executing rule M2.i
2026-07-14 10:32:16 -0400: Memory Usage (432424K) : Executing rule M3.a
2026-07-14 10:32:16 -0400: Memory Usage (432424K) : Executing rule M3.b
2026-07-14 10:32:16 -0400: Memory Usage (432424K) : Executing rule M3.e
2026-07-14 10:32:16 -0400: Memory Usage (432424K) : Executing rule M3.f
2026-07-14 10:32:16 -0400: Memory Usage (432424K) : Executing rule M3.g
2026-07-14 10:32:17 -0400: Memory Usage (432360K) : Executing rule M3.i
2026-07-14 10:32:17 -0400: Memory Usage (432296K) : Executing rule M4.a
2026-07-14 10:32:17 -0400: Memory Usage (432296K) : Executing rule M4.b
2026-07-14 10:32:17 -0400: Memory Usage (432296K) : Executing rule M4.e
2026-07-14 10:32:17 -0400: Memory Usage (432296K) : Executing rule M4.f
2026-07-14 10:32:17 -0400: Memory Usage (432296K) : Executing rule M4.g
2026-07-14 10:32:17 -0400: Memory Usage (432496K) : Executing rule M4.i
2026-07-14 10:32:17 -0400: Memory Usage (432432K) : Executing rule M5.a
2026-07-14 10:32:17 -0400: Memory Usage (432432K) : Executing rule M5.b
2026-07-14 10:32:17 -0400: Memory Usage (432488K) : Executing rule M5.e
2026-07-14 10:32:17 -0400: Memory Usage (432432K) : Executing rule M5.f
2026-07-14 10:32:17 -0400: Memory Usage (432360K) : Executing rule M5.g
2026-07-14 10:32:17 -0400: Memory Usage (432560K) : Executing rule M5.i
2026-07-14 10:32:17 -0400: Memory Usage (432504K) : Starting 5.18 Metaln:filler table
2026-07-14 10:32:17 -0400: Memory Usage (432504K) : Executing rule M1Fil.c
2026-07-14 10:32:17 -0400: Memory Usage (432504K) : Executing rule M1Fil.a2
2026-07-14 10:32:17 -0400: Memory Usage (432504K) : Executing rule M2Fil.c
2026-07-14 10:32:17 -0400: Memory Usage (432504K) : Executing rule M2Fil.a2
2026-07-14 10:32:17 -0400: Memory Usage (432504K) : Executing rule M3Fil.c
2026-07-14 10:32:17 -0400: Memory Usage (432504K) : Executing rule M3Fil.a2
2026-07-14 10:32:17 -0400: Memory Usage (432504K) : Executing rule M4Fil.c
2026-07-14 10:32:17 -0400: Memory Usage (432504K) : Executing rule M4Fil.a2
2026-07-14 10:32:17 -0400: Memory Usage (432504K) : Executing rule M5Fil.c
2026-07-14 10:32:17 -0400: Memory Usage (432504K) : Executing rule M5Fil.a2
2026-07-14 10:32:17 -0400: Memory Usage (432504K) : Starting 5.19. Via1 table
2026-07-14 10:32:17 -0400: Memory Usage (432504K) : Starting 5.19. Via1 table derivations
2026-07-14 10:32:17 -0400: Memory Usage (432504K) : Executing rule V1.a
2026-07-14 10:32:17 -0400: Memory Usage (432504K) : Executing rule V1.b
2026-07-14 10:32:17 -0400: Memory Usage (432504K) : Executing rule V1.c
2026-07-14 10:32:17 -0400: Memory Usage (432504K) : Starting 5.20. Vian table
2026-07-14 10:32:17 -0400: Memory Usage (432504K) : Executing rule V2.a
2026-07-14 10:32:17 -0400: Memory Usage (432504K) : Executing rule V2.b
2026-07-14 10:32:17 -0400: Memory Usage (432504K) : Executing rule V2.c
2026-07-14 10:32:17 -0400: Memory Usage (432504K) : Executing rule V3.a
2026-07-14 10:32:17 -0400: Memory Usage (432504K) : Executing rule V3.b
2026-07-14 10:32:17 -0400: Memory Usage (432504K) : Executing rule V3.c
2026-07-14 10:32:17 -0400: Memory Usage (432504K) : Executing rule V4.a
2026-07-14 10:32:17 -0400: Memory Usage (432504K) : Executing rule V4.b
2026-07-14 10:32:17 -0400: Memory Usage (432504K) : Executing rule V4.c
2026-07-14 10:32:17 -0400: Memory Usage (432504K) : Starting 5.21. TopVia1 table
2026-07-14 10:32:17 -0400: Memory Usage (432504K) : Executing rule TV1.a
2026-07-14 10:32:17 -0400: Memory Usage (432504K) : Executing rule TV1.b
2026-07-14 10:32:17 -0400: Memory Usage (432504K) : Executing rule TV1.c
2026-07-14 10:32:17 -0400: Memory Usage (432504K) : Executing rule TV1.d
2026-07-14 10:32:17 -0400: Memory Usage (432504K) : Starting 5.22. TopMetal1 table
2026-07-14 10:32:17 -0400: Memory Usage (432504K) : Executing rule TM1.a
2026-07-14 10:32:17 -0400: Memory Usage (432504K) : Executing rule TM1.b
2026-07-14 10:32:17 -0400: Memory Usage (432440K) : Starting 5.23 TopMetal1:filler table
2026-07-14 10:32:17 -0400: Memory Usage (432440K) : Executing rule TM1Fil.c
2026-07-14 10:32:17 -0400: Memory Usage (432440K) : Executing rule TM1Fil.a1
2026-07-14 10:32:17 -0400: Memory Usage (432440K) : Starting 5.24. TopVia2 table
2026-07-14 10:32:17 -0400: Memory Usage (432440K) : Executing rule TV2.a
2026-07-14 10:32:17 -0400: Memory Usage (432440K) : Executing rule TV2.b
2026-07-14 10:32:17 -0400: Memory Usage (432440K) : Executing rule TV2.c
2026-07-14 10:32:17 -0400: Memory Usage (432440K) : Executing rule TV2.d
2026-07-14 10:32:17 -0400: Memory Usage (432440K) : Starting 5.25. TopMetal2 table
2026-07-14 10:32:17 -0400: Memory Usage (432440K) : Executing rule TM2.a
2026-07-14 10:32:17 -0400: Memory Usage (432440K) : Executing rule TM2.b
2026-07-14 10:32:17 -0400: Memory Usage (432652K) : Executing rule TM2.bR
2026-07-14 10:32:17 -0400: Memory Usage (432664K) : Starting 5.26 TopMetal2:filler table
2026-07-14 10:32:17 -0400: Memory Usage (432664K) : Executing rule TM2Fil.c
2026-07-14 10:32:17 -0400: Memory Usage (432664K) : Executing rule TM2Fil.a1
2026-07-14 10:32:17 -0400: Memory Usage (432664K) : Starting 5.27. Passiv table
2026-07-14 10:32:17 -0400: Memory Usage (432664K) : Executing rule Pas.a
2026-07-14 10:32:17 -0400: Memory Usage (432664K) : Executing rule Pas.b
2026-07-14 10:32:17 -0400: Memory Usage (432664K) : Executing rule Pas.c
2026-07-14 10:32:17 -0400: Memory Usage (432664K) : Starting 6.9.2 Copper Pillar table
2026-07-14 10:32:17 -0400: Memory Usage (432664K) : Executing rule Padc.a
2026-07-14 10:32:17 -0400: Memory Usage (432664K) : Executing rule Padc.b
2026-07-14 10:32:17 -0400: Memory Usage (432664K) : Executing rule Padc.c
2026-07-14 10:32:17 -0400: Memory Usage (432664K) : Executing rule Padb.f
2026-07-14 10:32:17 -0400: Memory Usage (432664K) : Starting 6.9 Pad table
2026-07-14 10:32:17 -0400: Memory Usage (432664K) : Executing rule Pad.m
2026-07-14 10:32:17 -0400: Memory Usage (432664K) : Executing rule Pad.fR_M1
2026-07-14 10:32:17 -0400: Memory Usage (432664K) : Executing rule Pad.fR_M2
2026-07-14 10:32:17 -0400: Memory Usage (432664K) : Executing rule Pad.fR_M3
2026-07-14 10:32:17 -0400: Memory Usage (432664K) : Executing rule Pad.fR_M4
2026-07-14 10:32:17 -0400: Memory Usage (432664K) : Executing rule Pad.fR_M5
2026-07-14 10:32:17 -0400: Memory Usage (432664K) : Executing rule Pad.fR_TM1
2026-07-14 10:32:17 -0400: Memory Usage (432664K) : Executing rule Pad.fR_TM2
2026-07-14 10:32:17 -0400: Memory Usage (432664K) : Executing rule Pad.i
2026-07-14 10:32:17 -0400: Memory Usage (432664K) : Starting 6.9.1 Solder Bump
2026-07-14 10:32:17 -0400: Memory Usage (432664K) : Executing rule Padb.a
2026-07-14 10:32:17 -0400: Memory Usage (432664K) : Executing rule Padb.b
2026-07-14 10:32:17 -0400: Memory Usage (432664K) : Executing rule Padb.c
2026-07-14 10:32:17 -0400: Memory Usage (432664K) : Executing rule Padb.f
2026-07-14 10:32:17 -0400: Memory Usage (432664K) : Executing rule Padb.d
2026-07-14 10:32:17 -0400: Memory Usage (432664K) : Starting 6.10 Sealring table
2026-07-14 10:32:17 -0400: Memory Usage (432664K) : Executing rule Seal.l
2026-07-14 10:32:17 -0400: Memory Usage (432664K) : Executing rule Seal.n
2026-07-14 10:32:17 -0400: Memory Usage (432664K) : Executing rule seal.b_metal1
2026-07-14 10:32:17 -0400: Memory Usage (433060K) : Executing rule seal.b_metal2
2026-07-14 10:32:17 -0400: Memory Usage (433060K) : Executing rule seal.b_metal3
2026-07-14 10:32:17 -0400: Memory Usage (433324K) : Executing rule seal.b_metal4
2026-07-14 10:32:17 -0400: Memory Usage (433588K) : Executing rule seal.b_metal5
2026-07-14 10:32:17 -0400: Memory Usage (433588K) : Executing rule seal.b_topmetal1
2026-07-14 10:32:17 -0400: Memory Usage (433852K) : Executing rule seal.b_topmetal2
2026-07-14 10:32:17 -0400: Memory Usage (433852K) : Executing rule seal.b_activ
2026-07-14 10:32:17 -0400: Memory Usage (434116K) : Executing rule seal.b_psd
2026-07-14 10:32:17 -0400: Memory Usage (434380K) : Executing rule Seal.k
2026-07-14 10:32:17 -0400: Memory Usage (434644K) : Executing rule Seal.m
2026-07-14 10:32:17 -0400: Memory Usage (434644K) : Starting 6.11 MIM table
2026-07-14 10:32:17 -0400: Memory Usage (434644K) : Executing rule MIM.c
2026-07-14 10:32:17 -0400: Memory Usage (434908K) : Executing rule MIM.d
2026-07-14 10:32:17 -0400: Memory Usage (434908K) : Executing rule MIM.gR
2026-07-14 10:32:17 -0400: Memory Usage (434908K) : Starting 7.3 Metal Slits table
2026-07-14 10:32:17 -0400: Memory Usage (434908K) : Executing rule Slt.e1_M1
2026-07-14 10:32:17 -0400: Memory Usage (435172K) : Executing rule Slt.e1_M2
2026-07-14 10:32:17 -0400: Memory Usage (435172K) : Executing rule Slt.e1_M3
2026-07-14 10:32:17 -0400: Memory Usage (435436K) : Executing rule Slt.e1_M4
2026-07-14 10:32:17 -0400: Memory Usage (435436K) : Executing rule Slt.e1_M5
2026-07-14 10:32:17 -0400: Memory Usage (435700K) : Executing rule Slt.e1_TM1
2026-07-14 10:32:17 -0400: Memory Usage (435700K) : Executing rule Slt.e1_TM2
2026-07-14 10:32:17 -0400: Memory Usage (435964K) : Starting 9.1. LBE table
2026-07-14 10:32:17 -0400: Memory Usage (435964K) : Executing rule LBE.a
2026-07-14 10:32:17 -0400: Memory Usage (435964K) : Executing rule LBE.b
2026-07-14 10:32:17 -0400: Memory Usage (436228K) : Executing rule LBE.b1
2026-07-14 10:32:17 -0400: Memory Usage (436228K) : Executing rule LBE.c
2026-07-14 10:32:17 -0400: Memory Usage (436228K) : Executing rule LBE.d
2026-07-14 10:32:17 -0400: Memory Usage (436492K) : Executing rule LBE.h
2026-07-14 10:32:17 -0400: Memory Usage (436492K) : Starting 7.4. PIN table
2026-07-14 10:32:17 -0400: Memory Usage (436492K) : Executing rule Pin.a
2026-07-14 10:32:17 -0400: Memory Usage (436756K) : Executing rule Pin.b
2026-07-14 10:32:17 -0400: Memory Usage (436756K) : Executing rule Pin.e
2026-07-14 10:32:17 -0400: Memory Usage (437020K) : Executing rule Pin.f_M2
2026-07-14 10:32:17 -0400: Memory Usage (437020K) : Executing rule Pin.f_M3
2026-07-14 10:32:17 -0400: Memory Usage (437284K) : Executing rule Pin.f_M4
2026-07-14 10:32:17 -0400: Memory Usage (437284K) : Executing rule Pin.f_M5
2026-07-14 10:32:17 -0400: Memory Usage (437548K) : Executing rule Pin.g
2026-07-14 10:32:17 -0400: Memory Usage (437548K) : Executing rule Pin.h
2026-07-14 10:32:17 -0400: Memory Usage (437548K) : Starting 3.1. offgrid table
2026-07-14 10:32:17 -0400: Memory Usage (437548K) : Executing rule activ_drw_Offgrid
2026-07-14 10:32:17 -0400: Memory Usage (438076K) : Executing rule activ_pin_Offgrid
2026-07-14 10:32:17 -0400: Memory Usage (438604K) : Executing rule activ_mask_Offgrid
2026-07-14 10:32:17 -0400: Memory Usage (439132K) : Executing rule activ_filler_Offgrid
2026-07-14 10:32:17 -0400: Memory Usage (439396K) : Executing rule activ_nofill_Offgrid
2026-07-14 10:32:17 -0400: Memory Usage (439924K) : Executing rule activ_opc_Offgrid
2026-07-14 10:32:17 -0400: Memory Usage (440452K) : Executing rule activ_iopc_Offgrid
2026-07-14 10:32:17 -0400: Memory Usage (440716K) : Executing rule activ_noqrc_Offgrid
2026-07-14 10:32:17 -0400: Memory Usage (441244K) : Executing rule biwind_drw_Offgrid
2026-07-14 10:32:17 -0400: Memory Usage (441772K) : Executing rule biwind_opc_Offgrid
2026-07-14 10:32:17 -0400: Memory Usage (442036K) : Executing rule pemwind_drw_Offgrid
2026-07-14 10:32:17 -0400: Memory Usage (442300K) : Executing rule gatpoly_drw_Offgrid
2026-07-14 10:32:17 -0400: Memory Usage (442300K) : Executing rule gatpoly_pin_Offgrid
2026-07-14 10:32:17 -0400: Memory Usage (442300K) : Executing rule gatpoly_filler_Offgrid
2026-07-14 10:32:17 -0400: Memory Usage (442300K) : Executing rule gatpoly_nofill_Offgrid
2026-07-14 10:32:17 -0400: Memory Usage (442300K) : Executing rule gatpoly_opc_Offgrid
2026-07-14 10:32:17 -0400: Memory Usage (442300K) : Executing rule gatpoly_iopc_Offgrid
2026-07-14 10:32:17 -0400: Memory Usage (442300K) : Executing rule gatpoly_noqrc_Offgrid
2026-07-14 10:32:17 -0400: Memory Usage (442300K) : Executing rule cont_drw_Offgrid
2026-07-14 10:32:17 -0400: Memory Usage (442300K) : Executing rule cont_opc_Offgrid
2026-07-14 10:32:17 -0400: Memory Usage (442300K) : Executing rule nsd_drw_Offgrid
2026-07-14 10:32:17 -0400: Memory Usage (442300K) : Executing rule nsd_block_Offgrid
2026-07-14 10:32:17 -0400: Memory Usage (442300K) : Executing rule metal1_drw_Offgrid
2026-07-14 10:32:17 -0400: Memory Usage (442300K) : Executing rule metal1_pin_Offgrid
2026-07-14 10:32:17 -0400: Memory Usage (442300K) : Executing rule metal1_mask_Offgrid
2026-07-14 10:32:17 -0400: Memory Usage (442300K) : Executing rule metal1_filler_Offgrid
2026-07-14 10:32:17 -0400: Memory Usage (442300K) : Executing rule metal1_nofill_Offgrid
2026-07-14 10:32:17 -0400: Memory Usage (442300K) : Executing rule metal1_slit_Offgrid
2026-07-14 10:32:17 -0400: Memory Usage (442300K) : Executing rule metal1_opc_Offgrid
2026-07-14 10:32:17 -0400: Memory Usage (442300K) : Executing rule metal1_noqrc_Offgrid
2026-07-14 10:32:17 -0400: Memory Usage (442300K) : Executing rule metal1_res_Offgrid
2026-07-14 10:32:17 -0400: Memory Usage (442300K) : Executing rule metal1_iprobe_Offgrid
2026-07-14 10:32:17 -0400: Memory Usage (442300K) : Executing rule metal1_diffprb_Offgrid
2026-07-14 10:32:17 -0400: Memory Usage (442300K) : Executing rule passiv_drw_Offgrid
2026-07-14 10:32:17 -0400: Memory Usage (442300K) : Executing rule passiv_pin_Offgrid
2026-07-14 10:32:17 -0400: Memory Usage (442300K) : Executing rule passiv_pillar_Offgrid
2026-07-14 10:32:17 -0400: Memory Usage (442300K) : Executing rule passiv_sbump_Offgrid
2026-07-14 10:32:17 -0400: Memory Usage (442300K) : Executing rule passiv_pdl_Offgrid
2026-07-14 10:32:17 -0400: Memory Usage (442300K) : Executing rule metal2_drw_Offgrid
2026-07-14 10:32:17 -0400: Memory Usage (442300K) : Executing rule metal2_pin_Offgrid
2026-07-14 10:32:17 -0400: Memory Usage (442300K) : Executing rule metal2_mask_Offgrid
2026-07-14 10:32:17 -0400: Memory Usage (442300K) : Executing rule metal2_filler_Offgrid
2026-07-14 10:32:17 -0400: Memory Usage (442300K) : Executing rule metal2_nofill_Offgrid
2026-07-14 10:32:17 -0400: Memory Usage (442300K) : Executing rule metal2_slit_Offgrid
2026-07-14 10:32:17 -0400: Memory Usage (442300K) : Executing rule metal2_opc_Offgrid
2026-07-14 10:32:17 -0400: Memory Usage (442300K) : Executing rule metal2_noqrc_Offgrid
2026-07-14 10:32:17 -0400: Memory Usage (442300K) : Executing rule metal2_res_Offgrid
2026-07-14 10:32:17 -0400: Memory Usage (442300K) : Executing rule metal2_iprobe_Offgrid
2026-07-14 10:32:17 -0400: Memory Usage (442300K) : Executing rule metal2_diffprb_Offgrid
2026-07-14 10:32:17 -0400: Memory Usage (442300K) : Executing rule baspoly_drw_Offgrid
2026-07-14 10:32:17 -0400: Memory Usage (442300K) : Executing rule baspoly_pin_Offgrid
2026-07-14 10:32:17 -0400: Memory Usage (442300K) : Executing rule psd_drw_Offgrid
2026-07-14 10:32:17 -0400: Memory Usage (442300K) : Executing rule nldb_drw_Offgrid
2026-07-14 10:32:17 -0400: Memory Usage (442300K) : Executing rule via1_drw_Offgrid
2026-07-14 10:32:17 -0400: Memory Usage (442300K) : Executing rule backmetal1_drw_Offgrid
2026-07-14 10:32:17 -0400: Memory Usage (442300K) : Executing rule backmetal1_pin_Offgrid
2026-07-14 10:32:17 -0400: Memory Usage (442300K) : Executing rule backmetal1_mask_Offgrid
2026-07-14 10:32:17 -0400: Memory Usage (442300K) : Executing rule backmetal1_filler_Offgrid
2026-07-14 10:32:17 -0400: Memory Usage (442300K) : Executing rule backmetal1_nofill_Offgrid
2026-07-14 10:32:17 -0400: Memory Usage (442300K) : Executing rule backmetal1_slit_Offgrid
2026-07-14 10:32:17 -0400: Memory Usage (442300K) : Executing rule backmetal1_opc_Offgrid
2026-07-14 10:32:17 -0400: Memory Usage (442300K) : Executing rule backmetal1_noqrc_Offgrid
2026-07-14 10:32:17 -0400: Memory Usage (442300K) : Executing rule backmetal1_res_Offgrid
2026-07-14 10:32:17 -0400: Memory Usage (442300K) : Executing rule backmetal1_iprobe_Offgrid
2026-07-14 10:32:17 -0400: Memory Usage (442300K) : Executing rule backmetal1_diffprb_Offgrid
2026-07-14 10:32:17 -0400: Memory Usage (442300K) : Executing rule backpassiv_drw_Offgrid
2026-07-14 10:32:17 -0400: Memory Usage (442300K) : Executing rule salblock_drw_Offgrid
2026-07-14 10:32:17 -0400: Memory Usage (442300K) : Executing rule via2_drw_Offgrid
2026-07-14 10:32:17 -0400: Memory Usage (442300K) : Executing rule metal3_drw_Offgrid
2026-07-14 10:32:17 -0400: Memory Usage (442300K) : Executing rule metal3_pin_Offgrid
2026-07-14 10:32:17 -0400: Memory Usage (442300K) : Executing rule metal3_mask_Offgrid
2026-07-14 10:32:17 -0400: Memory Usage (442300K) : Executing rule metal3_filler_Offgrid
2026-07-14 10:32:17 -0400: Memory Usage (442564K) : Executing rule metal3_nofill_Offgrid
2026-07-14 10:32:17 -0400: Memory Usage (442828K) : Executing rule metal3_slit_Offgrid
2026-07-14 10:32:17 -0400: Memory Usage (443356K) : Executing rule metal3_opc_Offgrid
2026-07-14 10:32:17 -0400: Memory Usage (443884K) : Executing rule metal3_noqrc_Offgrid
2026-07-14 10:32:17 -0400: Memory Usage (444148K) : Executing rule metal3_res_Offgrid
2026-07-14 10:32:17 -0400: Memory Usage (444676K) : Executing rule metal3_iprobe_Offgrid
2026-07-14 10:32:17 -0400: Memory Usage (445204K) : Executing rule metal3_diffprb_Offgrid
2026-07-14 10:32:17 -0400: Memory Usage (445468K) : Executing rule nwell_drw_Offgrid
2026-07-14 10:32:17 -0400: Memory Usage (445996K) : Executing rule nwell_pin_Offgrid
2026-07-14 10:32:17 -0400: Memory Usage (446524K) : Executing rule nbulay_drw_Offgrid
2026-07-14 10:32:17 -0400: Memory Usage (447052K) : Executing rule nbulay_pin_Offgrid
2026-07-14 10:32:17 -0400: Memory Usage (447316K) : Executing rule nbulay_block_Offgrid
2026-07-14 10:32:17 -0400: Memory Usage (447844K) : Executing rule pwell_drw_Offgrid
2026-07-14 10:32:17 -0400: Memory Usage (448372K) : Executing rule pwell_pin_Offgrid
2026-07-14 10:32:17 -0400: Memory Usage (448636K) : Executing rule pwell_block_Offgrid
2026-07-14 10:32:17 -0400: Memory Usage (449164K) : Executing rule emwind_drw_Offgrid
2026-07-14 10:32:17 -0400: Memory Usage (449692K) : Executing rule emwind_opc_Offgrid
2026-07-14 10:32:18 -0400: Memory Usage (449956K) : Executing rule deepco_drw_Offgrid
2026-07-14 10:32:18 -0400: Memory Usage (449956K) : Executing rule mim_drw_Offgrid
2026-07-14 10:32:18 -0400: Memory Usage (449956K) : Executing rule substrate_drw_Offgrid
2026-07-14 10:32:18 -0400: Memory Usage (449956K) : Executing rule ic_drw_Offgrid
2026-07-14 10:32:18 -0400: Memory Usage (449956K) : Executing rule via3_drw_Offgrid
2026-07-14 10:32:18 -0400: Memory Usage (449956K) : Executing rule pldb_drw_Offgrid
2026-07-14 10:32:18 -0400: Memory Usage (449956K) : Executing rule metal4_drw_Offgrid
2026-07-14 10:32:18 -0400: Memory Usage (449956K) : Executing rule metal4_pin_Offgrid
2026-07-14 10:32:18 -0400: Memory Usage (449956K) : Executing rule metal4_mask_Offgrid
2026-07-14 10:32:18 -0400: Memory Usage (449956K) : Executing rule metal4_filler_Offgrid
2026-07-14 10:32:18 -0400: Memory Usage (449956K) : Executing rule metal4_nofill_Offgrid
2026-07-14 10:32:18 -0400: Memory Usage (449956K) : Executing rule metal4_slit_Offgrid
2026-07-14 10:32:18 -0400: Memory Usage (449956K) : Executing rule metal4_opc_Offgrid
2026-07-14 10:32:18 -0400: Memory Usage (449956K) : Executing rule metal4_noqrc_Offgrid
2026-07-14 10:32:18 -0400: Memory Usage (449956K) : Executing rule metal4_res_Offgrid
2026-07-14 10:32:18 -0400: Memory Usage (449956K) : Executing rule metal4_iprobe_Offgrid
2026-07-14 10:32:18 -0400: Memory Usage (449956K) : Executing rule metal4_diffprb_Offgrid
2026-07-14 10:32:18 -0400: Memory Usage (449956K) : Executing rule via4_drw_Offgrid
2026-07-14 10:32:18 -0400: Memory Usage (449956K) : Executing rule metal5_drw_Offgrid
2026-07-14 10:32:18 -0400: Memory Usage (449956K) : Executing rule metal5_pin_Offgrid
2026-07-14 10:32:18 -0400: Memory Usage (449956K) : Executing rule metal5_mask_Offgrid
2026-07-14 10:32:18 -0400: Memory Usage (449956K) : Executing rule metal5_filler_Offgrid
2026-07-14 10:32:18 -0400: Memory Usage (449956K) : Executing rule metal5_nofill_Offgrid
2026-07-14 10:32:18 -0400: Memory Usage (449956K) : Executing rule metal5_slit_Offgrid
2026-07-14 10:32:18 -0400: Memory Usage (449956K) : Executing rule metal5_opc_Offgrid
2026-07-14 10:32:18 -0400: Memory Usage (449956K) : Executing rule metal5_noqrc_Offgrid
2026-07-14 10:32:18 -0400: Memory Usage (449956K) : Executing rule metal5_res_Offgrid
2026-07-14 10:32:18 -0400: Memory Usage (449956K) : Executing rule metal5_iprobe_Offgrid
2026-07-14 10:32:18 -0400: Memory Usage (449956K) : Executing rule metal5_diffprb_Offgrid
2026-07-14 10:32:18 -0400: Memory Usage (449956K) : Executing rule prboundary_drw_Offgrid
2026-07-14 10:32:18 -0400: Memory Usage (449956K) : Executing rule exchange0_drw_Offgrid
2026-07-14 10:32:18 -0400: Memory Usage (449956K) : Executing rule exchange0_pin_Offgrid
2026-07-14 10:32:18 -0400: Memory Usage (449956K) : Executing rule exchange1_drw_Offgrid
2026-07-14 10:32:18 -0400: Memory Usage (449956K) : Executing rule exchange1_pin_Offgrid
2026-07-14 10:32:18 -0400: Memory Usage (449956K) : Executing rule exchange2_drw_Offgrid
2026-07-14 10:32:18 -0400: Memory Usage (449956K) : Executing rule exchange2_pin_Offgrid
2026-07-14 10:32:18 -0400: Memory Usage (449956K) : Executing rule exchange3_drw_Offgrid
2026-07-14 10:32:18 -0400: Memory Usage (449956K) : Executing rule exchange3_pin_Offgrid
2026-07-14 10:32:18 -0400: Memory Usage (449956K) : Executing rule exchange4_drw_Offgrid
2026-07-14 10:32:18 -0400: Memory Usage (449956K) : Executing rule exchange4_pin_Offgrid
2026-07-14 10:32:18 -0400: Memory Usage (449956K) : Executing rule isonwell_drw_Offgrid
2026-07-14 10:32:18 -0400: Memory Usage (449956K) : Executing rule thickgateox_drw_Offgrid
2026-07-14 10:32:18 -0400: Memory Usage (449956K) : Executing rule pempoly_drw_Offgrid
2026-07-14 10:32:18 -0400: Memory Usage (449956K) : Executing rule fbe_drw_Offgrid
2026-07-14 10:32:18 -0400: Memory Usage (449956K) : Executing rule empoly_drw_Offgrid
2026-07-14 10:32:18 -0400: Memory Usage (449956K) : Executing rule ldmos_drw_Offgrid
2026-07-14 10:32:18 -0400: Memory Usage (449956K) : Executing rule pbiwind_drw_Offgrid
2026-07-14 10:32:18 -0400: Memory Usage (449956K) : Executing rule colopen_drw_Offgrid
2026-07-14 10:32:18 -0400: Memory Usage (449956K) : Executing rule extblock_drw_Offgrid
2026-07-14 10:32:18 -0400: Memory Usage (449956K) : Executing rule nldd_drw_Offgrid
2026-07-14 10:32:18 -0400: Memory Usage (449956K) : Executing rule pldd_drw_Offgrid
2026-07-14 10:32:18 -0400: Memory Usage (449956K) : Executing rule next_drw_Offgrid
2026-07-14 10:32:18 -0400: Memory Usage (449956K) : Executing rule pext_drw_Offgrid
2026-07-14 10:32:18 -0400: Memory Usage (449956K) : Executing rule nexthv_drw_Offgrid
2026-07-14 10:32:18 -0400: Memory Usage (449956K) : Executing rule pexthv_drw_Offgrid
2026-07-14 10:32:18 -0400: Memory Usage (449956K) : Executing rule graphgate_drw_Offgrid
2026-07-14 10:32:18 -0400: Memory Usage (449956K) : Executing rule mempad_drw_Offgrid
2026-07-14 10:32:18 -0400: Memory Usage (449956K) : Executing rule topvia1_drw_Offgrid
2026-07-14 10:32:18 -0400: Memory Usage (449956K) : Executing rule topmetal1_drw_Offgrid
2026-07-14 10:32:18 -0400: Memory Usage (449956K) : Executing rule topmetal1_pin_Offgrid
2026-07-14 10:32:18 -0400: Memory Usage (449956K) : Executing rule topmetal1_mask_Offgrid
2026-07-14 10:32:18 -0400: Memory Usage (449956K) : Executing rule topmetal1_filler_Offgrid
2026-07-14 10:32:18 -0400: Memory Usage (449956K) : Executing rule topmetal1_nofill_Offgrid
2026-07-14 10:32:18 -0400: Memory Usage (449956K) : Executing rule topmetal1_slit_Offgrid
2026-07-14 10:32:18 -0400: Memory Usage (449956K) : Executing rule topmetal1_noqrc_Offgrid
2026-07-14 10:32:18 -0400: Memory Usage (449956K) : Executing rule topmetal1_res_Offgrid
2026-07-14 10:32:18 -0400: Memory Usage (449956K) : Executing rule topmetal1_iprobe_Offgrid
2026-07-14 10:32:18 -0400: Memory Usage (449956K) : Executing rule topmetal1_diffprb_Offgrid
2026-07-14 10:32:18 -0400: Memory Usage (449956K) : Executing rule inldpwl_drw_Offgrid
2026-07-14 10:32:18 -0400: Memory Usage (449956K) : Executing rule polyres_drw_Offgrid
2026-07-14 10:32:18 -0400: Memory Usage (449956K) : Executing rule polyres_pin_Offgrid
2026-07-14 10:32:18 -0400: Memory Usage (449956K) : Executing rule vmim_drw_Offgrid
2026-07-14 10:32:18 -0400: Memory Usage (449956K) : Executing rule nbulaycut_drw_Offgrid
2026-07-14 10:32:18 -0400: Memory Usage (449956K) : Executing rule antmetal1_drw_Offgrid
2026-07-14 10:32:18 -0400: Memory Usage (449956K) : Executing rule topvia2_drw_Offgrid
2026-07-14 10:32:18 -0400: Memory Usage (449956K) : Executing rule topmetal2_drw_Offgrid
2026-07-14 10:32:18 -0400: Memory Usage (449956K) : Executing rule topmetal2_pin_Offgrid
2026-07-14 10:32:18 -0400: Memory Usage (448888K) : Executing rule topmetal2_mask_Offgrid
2026-07-14 10:32:18 -0400: Memory Usage (448888K) : Executing rule topmetal2_filler_Offgrid
2026-07-14 10:32:18 -0400: Memory Usage (448888K) : Executing rule topmetal2_nofill_Offgrid
2026-07-14 10:32:18 -0400: Memory Usage (448888K) : Executing rule topmetal2_slit_Offgrid
2026-07-14 10:32:18 -0400: Memory Usage (448888K) : Executing rule topmetal2_noqrc_Offgrid
2026-07-14 10:32:18 -0400: Memory Usage (448888K) : Executing rule topmetal2_res_Offgrid
2026-07-14 10:32:18 -0400: Memory Usage (448888K) : Executing rule topmetal2_iprobe_Offgrid
2026-07-14 10:32:18 -0400: Memory Usage (448888K) : Executing rule topmetal2_diffprb_Offgrid
2026-07-14 10:32:18 -0400: Memory Usage (448888K) : Executing rule snsring_drw_Offgrid
2026-07-14 10:32:18 -0400: Memory Usage (448888K) : Executing rule sensor_drw_Offgrid
2026-07-14 10:32:18 -0400: Memory Usage (448888K) : Executing rule snsarms_drw_Offgrid
2026-07-14 10:32:18 -0400: Memory Usage (448888K) : Executing rule snscmosvia_drw_Offgrid
2026-07-14 10:32:18 -0400: Memory Usage (448888K) : Executing rule colwind_drw_Offgrid
2026-07-14 10:32:18 -0400: Memory Usage (448888K) : Executing rule flm_drw_Offgrid
2026-07-14 10:32:18 -0400: Memory Usage (448888K) : Executing rule hafniumox_drw_Offgrid
2026-07-14 10:32:18 -0400: Memory Usage (448888K) : Executing rule memvia_drw_Offgrid
2026-07-14 10:32:18 -0400: Memory Usage (448888K) : Executing rule thinfilmres_drw_Offgrid
2026-07-14 10:32:18 -0400: Memory Usage (448888K) : Executing rule rfmem_drw_Offgrid
2026-07-14 10:32:18 -0400: Memory Usage (448888K) : Executing rule snsbotvia_drw_Offgrid
2026-07-14 10:32:18 -0400: Memory Usage (448888K) : Executing rule snstopvia_drw_Offgrid
2026-07-14 10:32:18 -0400: Memory Usage (448888K) : Executing rule deepvia_drw_Offgrid
2026-07-14 10:32:18 -0400: Memory Usage (448888K) : Executing rule fgetch_drw_Offgrid
2026-07-14 10:32:18 -0400: Memory Usage (448888K) : Executing rule ctrgat_drw_Offgrid
2026-07-14 10:32:18 -0400: Memory Usage (448888K) : Executing rule fgimp_drw_Offgrid
2026-07-14 10:32:18 -0400: Memory Usage (448888K) : Executing rule emwihv_drw_Offgrid
2026-07-14 10:32:18 -0400: Memory Usage (448888K) : Executing rule lbe_drw_Offgrid
2026-07-14 10:32:18 -0400: Memory Usage (448888K) : Executing rule alcustop_drw_Offgrid
2026-07-14 10:32:18 -0400: Memory Usage (448888K) : Starting 3.2. angle table
2026-07-14 10:32:18 -0400: Memory Usage (448888K) : Executing rule activ_drw_Acute
2026-07-14 10:32:18 -0400: Memory Usage (448888K) : Executing rule activ_pin_Acute
2026-07-14 10:32:18 -0400: Memory Usage (448888K) : Executing rule activ_mask_Acute
2026-07-14 10:32:18 -0400: Memory Usage (448888K) : Executing rule activ_filler_Acute
2026-07-14 10:32:18 -0400: Memory Usage (448888K) : Executing rule activ_nofill_Acute
2026-07-14 10:32:18 -0400: Memory Usage (448888K) : Executing rule activ_opc_Acute
2026-07-14 10:32:18 -0400: Memory Usage (448888K) : Executing rule activ_iopc_Acute
2026-07-14 10:32:18 -0400: Memory Usage (448888K) : Executing rule activ_noqrc_Acute
2026-07-14 10:32:18 -0400: Memory Usage (448888K) : Executing rule biwind_drw_Acute
2026-07-14 10:32:18 -0400: Memory Usage (448888K) : Executing rule biwind_opc_Acute
2026-07-14 10:32:18 -0400: Memory Usage (448888K) : Executing rule pemwind_drw_Acute
2026-07-14 10:32:18 -0400: Memory Usage (448888K) : Executing rule gatpoly_drw_Acute
2026-07-14 10:32:18 -0400: Memory Usage (448888K) : Executing rule gatpoly_pin_Acute
2026-07-14 10:32:18 -0400: Memory Usage (448888K) : Executing rule gatpoly_filler_Acute
2026-07-14 10:32:18 -0400: Memory Usage (448888K) : Executing rule gatpoly_nofill_Acute
2026-07-14 10:32:18 -0400: Memory Usage (448888K) : Executing rule gatpoly_opc_Acute
2026-07-14 10:32:18 -0400: Memory Usage (448888K) : Executing rule gatpoly_iopc_Acute
2026-07-14 10:32:18 -0400: Memory Usage (448888K) : Executing rule gatpoly_noqrc_Acute
2026-07-14 10:32:18 -0400: Memory Usage (448888K) : Executing rule cont_drw_Acute
2026-07-14 10:32:18 -0400: Memory Usage (448888K) : Executing rule cont_opc_Acute
2026-07-14 10:32:18 -0400: Memory Usage (448888K) : Executing rule nsd_drw_Acute
2026-07-14 10:32:18 -0400: Memory Usage (448888K) : Executing rule nsd_block_Acute
2026-07-14 10:32:18 -0400: Memory Usage (448888K) : Executing rule metal1_drw_Acute
2026-07-14 10:32:18 -0400: Memory Usage (448888K) : Executing rule metal1_pin_Acute
2026-07-14 10:32:18 -0400: Memory Usage (448888K) : Executing rule metal1_mask_Acute
2026-07-14 10:32:18 -0400: Memory Usage (448888K) : Executing rule metal1_filler_Acute
2026-07-14 10:32:18 -0400: Memory Usage (448888K) : Executing rule metal1_nofill_Acute
2026-07-14 10:32:18 -0400: Memory Usage (448888K) : Executing rule metal1_slit_Acute
2026-07-14 10:32:18 -0400: Memory Usage (448888K) : Executing rule metal1_opc_Acute
2026-07-14 10:32:18 -0400: Memory Usage (448888K) : Executing rule metal1_noqrc_Acute
2026-07-14 10:32:18 -0400: Memory Usage (448888K) : Executing rule metal1_res_Acute
2026-07-14 10:32:18 -0400: Memory Usage (448888K) : Executing rule metal1_iprobe_Acute
2026-07-14 10:32:18 -0400: Memory Usage (448888K) : Executing rule metal1_diffprb_Acute
2026-07-14 10:32:18 -0400: Memory Usage (448888K) : Executing rule passiv_drw_Acute
2026-07-14 10:32:18 -0400: Memory Usage (448888K) : Executing rule passiv_pin_Acute
2026-07-14 10:32:18 -0400: Memory Usage (448888K) : Executing rule passiv_pillar_Acute
2026-07-14 10:32:18 -0400: Memory Usage (448888K) : Executing rule passiv_sbump_Acute
2026-07-14 10:32:18 -0400: Memory Usage (448888K) : Executing rule passiv_pdl_Acute
2026-07-14 10:32:18 -0400: Memory Usage (448888K) : Executing rule metal2_drw_Acute
2026-07-14 10:32:18 -0400: Memory Usage (448888K) : Executing rule metal2_pin_Acute
2026-07-14 10:32:18 -0400: Memory Usage (448888K) : Executing rule metal2_mask_Acute
2026-07-14 10:32:18 -0400: Memory Usage (448888K) : Executing rule metal2_filler_Acute
2026-07-14 10:32:19 -0400: Memory Usage (448888K) : Executing rule metal2_nofill_Acute
2026-07-14 10:32:19 -0400: Memory Usage (448888K) : Executing rule metal2_slit_Acute
2026-07-14 10:32:19 -0400: Memory Usage (448888K) : Executing rule metal2_opc_Acute
2026-07-14 10:32:19 -0400: Memory Usage (448888K) : Executing rule metal2_noqrc_Acute
2026-07-14 10:32:19 -0400: Memory Usage (448888K) : Executing rule metal2_res_Acute
2026-07-14 10:32:19 -0400: Memory Usage (448888K) : Executing rule metal2_iprobe_Acute
2026-07-14 10:32:19 -0400: Memory Usage (448888K) : Executing rule metal2_diffprb_Acute
2026-07-14 10:32:19 -0400: Memory Usage (448888K) : Executing rule baspoly_drw_Acute
2026-07-14 10:32:19 -0400: Memory Usage (448888K) : Executing rule baspoly_pin_Acute
2026-07-14 10:32:19 -0400: Memory Usage (448888K) : Executing rule psd_drw_Acute
2026-07-14 10:32:19 -0400: Memory Usage (448888K) : Executing rule nldb_drw_Acute
2026-07-14 10:32:19 -0400: Memory Usage (448888K) : Executing rule via1_drw_Acute
2026-07-14 10:32:19 -0400: Memory Usage (448888K) : Executing rule backmetal1_drw_Acute
2026-07-14 10:32:19 -0400: Memory Usage (448888K) : Executing rule backmetal1_pin_Acute
2026-07-14 10:32:19 -0400: Memory Usage (448888K) : Executing rule backmetal1_mask_Acute
2026-07-14 10:32:19 -0400: Memory Usage (448888K) : Executing rule backmetal1_filler_Acute
2026-07-14 10:32:19 -0400: Memory Usage (448888K) : Executing rule backmetal1_nofill_Acute
2026-07-14 10:32:19 -0400: Memory Usage (448888K) : Executing rule backmetal1_slit_Acute
2026-07-14 10:32:19 -0400: Memory Usage (448888K) : Executing rule backmetal1_opc_Acute
2026-07-14 10:32:19 -0400: Memory Usage (448888K) : Executing rule backmetal1_noqrc_Acute
2026-07-14 10:32:19 -0400: Memory Usage (448888K) : Executing rule backmetal1_res_Acute
2026-07-14 10:32:19 -0400: Memory Usage (448888K) : Executing rule backmetal1_iprobe_Acute
2026-07-14 10:32:19 -0400: Memory Usage (448888K) : Executing rule backmetal1_diffprb_Acute
2026-07-14 10:32:19 -0400: Memory Usage (448888K) : Executing rule backpassiv_drw_Acute
2026-07-14 10:32:19 -0400: Memory Usage (448888K) : Executing rule salblock_drw_Acute
2026-07-14 10:32:19 -0400: Memory Usage (448888K) : Executing rule via2_drw_Acute
2026-07-14 10:32:19 -0400: Memory Usage (448888K) : Executing rule metal3_drw_Acute
2026-07-14 10:32:19 -0400: Memory Usage (448888K) : Executing rule metal3_pin_Acute
2026-07-14 10:32:19 -0400: Memory Usage (448888K) : Executing rule metal3_mask_Acute
2026-07-14 10:32:19 -0400: Memory Usage (448888K) : Executing rule metal3_filler_Acute
2026-07-14 10:32:19 -0400: Memory Usage (448888K) : Executing rule metal3_nofill_Acute
2026-07-14 10:32:19 -0400: Memory Usage (448888K) : Executing rule metal3_slit_Acute
2026-07-14 10:32:19 -0400: Memory Usage (448888K) : Executing rule metal3_opc_Acute
2026-07-14 10:32:19 -0400: Memory Usage (448888K) : Executing rule metal3_noqrc_Acute
2026-07-14 10:32:19 -0400: Memory Usage (448888K) : Executing rule metal3_res_Acute
2026-07-14 10:32:19 -0400: Memory Usage (448888K) : Executing rule metal3_iprobe_Acute
2026-07-14 10:32:19 -0400: Memory Usage (448888K) : Executing rule metal3_diffprb_Acute
2026-07-14 10:32:19 -0400: Memory Usage (448888K) : Executing rule nwell_drw_Acute
2026-07-14 10:32:19 -0400: Memory Usage (448888K) : Executing rule nwell_pin_Acute
2026-07-14 10:32:19 -0400: Memory Usage (448888K) : Executing rule nbulay_drw_Acute
2026-07-14 10:32:19 -0400: Memory Usage (448888K) : Executing rule nbulay_pin_Acute
2026-07-14 10:32:19 -0400: Memory Usage (448888K) : Executing rule nbulay_block_Acute
2026-07-14 10:32:19 -0400: Memory Usage (448888K) : Executing rule pwell_drw_Acute
2026-07-14 10:32:19 -0400: Memory Usage (448888K) : Executing rule pwell_pin_Acute
2026-07-14 10:32:19 -0400: Memory Usage (448888K) : Executing rule pwell_block_Acute
2026-07-14 10:32:19 -0400: Memory Usage (448888K) : Executing rule emwind_drw_Acute
2026-07-14 10:32:19 -0400: Memory Usage (448888K) : Executing rule emwind_opc_Acute
2026-07-14 10:32:19 -0400: Memory Usage (448888K) : Executing rule deepco_drw_Acute
2026-07-14 10:32:19 -0400: Memory Usage (448888K) : Executing rule mim_drw_Acute
2026-07-14 10:32:19 -0400: Memory Usage (448888K) : Executing rule substrate_drw_Acute
2026-07-14 10:32:19 -0400: Memory Usage (448888K) : Executing rule ic_drw_Acute
2026-07-14 10:32:19 -0400: Memory Usage (448888K) : Executing rule via3_drw_Acute
2026-07-14 10:32:19 -0400: Memory Usage (448888K) : Executing rule pldb_drw_Acute
2026-07-14 10:32:19 -0400: Memory Usage (448888K) : Executing rule metal4_drw_Acute
2026-07-14 10:32:19 -0400: Memory Usage (448888K) : Executing rule metal4_pin_Acute
2026-07-14 10:32:19 -0400: Memory Usage (448888K) : Executing rule metal4_mask_Acute
2026-07-14 10:32:19 -0400: Memory Usage (448888K) : Executing rule metal4_filler_Acute
2026-07-14 10:32:19 -0400: Memory Usage (448888K) : Executing rule metal4_nofill_Acute
2026-07-14 10:32:19 -0400: Memory Usage (448888K) : Executing rule metal4_slit_Acute
2026-07-14 10:32:19 -0400: Memory Usage (448888K) : Executing rule metal4_opc_Acute
2026-07-14 10:32:19 -0400: Memory Usage (448888K) : Executing rule metal4_noqrc_Acute
2026-07-14 10:32:19 -0400: Memory Usage (448888K) : Executing rule metal4_res_Acute
2026-07-14 10:32:19 -0400: Memory Usage (448888K) : Executing rule metal4_iprobe_Acute
2026-07-14 10:32:19 -0400: Memory Usage (448888K) : Executing rule metal4_diffprb_Acute
2026-07-14 10:32:19 -0400: Memory Usage (448888K) : Executing rule via4_drw_Acute
2026-07-14 10:32:19 -0400: Memory Usage (448888K) : Executing rule metal5_drw_Acute
2026-07-14 10:32:19 -0400: Memory Usage (448888K) : Executing rule metal5_pin_Acute
2026-07-14 10:32:19 -0400: Memory Usage (448888K) : Executing rule metal5_mask_Acute
2026-07-14 10:32:19 -0400: Memory Usage (448888K) : Executing rule metal5_filler_Acute
2026-07-14 10:32:19 -0400: Memory Usage (448888K) : Executing rule metal5_nofill_Acute
2026-07-14 10:32:19 -0400: Memory Usage (448888K) : Executing rule metal5_slit_Acute
2026-07-14 10:32:19 -0400: Memory Usage (448888K) : Executing rule metal5_opc_Acute
2026-07-14 10:32:19 -0400: Memory Usage (448888K) : Executing rule metal5_noqrc_Acute
2026-07-14 10:32:19 -0400: Memory Usage (448888K) : Executing rule metal5_res_Acute
2026-07-14 10:32:19 -0400: Memory Usage (448888K) : Executing rule metal5_iprobe_Acute
2026-07-14 10:32:19 -0400: Memory Usage (448888K) : Executing rule metal5_diffprb_Acute
2026-07-14 10:32:19 -0400: Memory Usage (448888K) : Executing rule prboundary_drw_Acute
2026-07-14 10:32:19 -0400: Memory Usage (448888K) : Executing rule exchange0_drw_Acute
2026-07-14 10:32:19 -0400: Memory Usage (448888K) : Executing rule exchange0_pin_Acute
2026-07-14 10:32:19 -0400: Memory Usage (448888K) : Executing rule exchange1_drw_Acute
2026-07-14 10:32:19 -0400: Memory Usage (448888K) : Executing rule exchange1_pin_Acute
2026-07-14 10:32:19 -0400: Memory Usage (448888K) : Executing rule exchange2_drw_Acute
2026-07-14 10:32:19 -0400: Memory Usage (448888K) : Executing rule exchange2_pin_Acute
2026-07-14 10:32:19 -0400: Memory Usage (448888K) : Executing rule exchange3_drw_Acute
2026-07-14 10:32:19 -0400: Memory Usage (448888K) : Executing rule exchange3_pin_Acute
2026-07-14 10:32:19 -0400: Memory Usage (448888K) : Executing rule exchange4_drw_Acute
2026-07-14 10:32:19 -0400: Memory Usage (448888K) : Executing rule exchange4_pin_Acute
2026-07-14 10:32:19 -0400: Memory Usage (448888K) : Executing rule isonwell_drw_Acute
2026-07-14 10:32:19 -0400: Memory Usage (448888K) : Executing rule thickgateox_drw_Acute
2026-07-14 10:32:19 -0400: Memory Usage (448888K) : Executing rule pempoly_drw_Acute
2026-07-14 10:32:19 -0400: Memory Usage (448888K) : Executing rule fbe_drw_Acute
2026-07-14 10:32:19 -0400: Memory Usage (448888K) : Executing rule empoly_drw_Acute
2026-07-14 10:32:19 -0400: Memory Usage (448888K) : Executing rule ldmos_drw_Acute
2026-07-14 10:32:19 -0400: Memory Usage (448888K) : Executing rule pbiwind_drw_Acute
2026-07-14 10:32:19 -0400: Memory Usage (448888K) : Executing rule colopen_drw_Acute
2026-07-14 10:32:19 -0400: Memory Usage (448888K) : Executing rule extblock_drw_Acute
2026-07-14 10:32:19 -0400: Memory Usage (448888K) : Executing rule nldd_drw_Acute
2026-07-14 10:32:19 -0400: Memory Usage (448888K) : Executing rule pldd_drw_Acute
2026-07-14 10:32:19 -0400: Memory Usage (448888K) : Executing rule next_drw_Acute
2026-07-14 10:32:19 -0400: Memory Usage (448888K) : Executing rule pext_drw_Acute
2026-07-14 10:32:19 -0400: Memory Usage (448888K) : Executing rule nexthv_drw_Acute
2026-07-14 10:32:19 -0400: Memory Usage (448888K) : Executing rule pexthv_drw_Acute
2026-07-14 10:32:19 -0400: Memory Usage (448888K) : Executing rule graphgate_drw_Acute
2026-07-14 10:32:19 -0400: Memory Usage (448888K) : Executing rule mempad_drw_Acute
2026-07-14 10:32:19 -0400: Memory Usage (448888K) : Executing rule topvia1_drw_Acute
2026-07-14 10:32:19 -0400: Memory Usage (448888K) : Executing rule topmetal1_drw_Acute
2026-07-14 10:32:19 -0400: Memory Usage (448888K) : Executing rule topmetal1_pin_Acute
2026-07-14 10:32:19 -0400: Memory Usage (448888K) : Executing rule topmetal1_mask_Acute
2026-07-14 10:32:19 -0400: Memory Usage (448888K) : Executing rule topmetal1_filler_Acute
2026-07-14 10:32:19 -0400: Memory Usage (448888K) : Executing rule topmetal1_nofill_Acute
2026-07-14 10:32:19 -0400: Memory Usage (448888K) : Executing rule topmetal1_slit_Acute
2026-07-14 10:32:19 -0400: Memory Usage (448888K) : Executing rule topmetal1_noqrc_Acute
2026-07-14 10:32:19 -0400: Memory Usage (448888K) : Executing rule topmetal1_res_Acute
2026-07-14 10:32:19 -0400: Memory Usage (448888K) : Executing rule topmetal1_iprobe_Acute
2026-07-14 10:32:19 -0400: Memory Usage (448888K) : Executing rule topmetal1_diffprb_Acute
2026-07-14 10:32:19 -0400: Memory Usage (448888K) : Executing rule inldpwl_drw_Acute
2026-07-14 10:32:19 -0400: Memory Usage (448888K) : Executing rule polyres_drw_Acute
2026-07-14 10:32:19 -0400: Memory Usage (448888K) : Executing rule polyres_pin_Acute
2026-07-14 10:32:19 -0400: Memory Usage (448888K) : Executing rule vmim_drw_Acute
2026-07-14 10:32:19 -0400: Memory Usage (448888K) : Executing rule nbulaycut_drw_Acute
2026-07-14 10:32:19 -0400: Memory Usage (448888K) : Executing rule antmetal1_drw_Acute
2026-07-14 10:32:19 -0400: Memory Usage (448888K) : Executing rule topvia2_drw_Acute
2026-07-14 10:32:19 -0400: Memory Usage (448888K) : Executing rule topmetal2_drw_Acute
2026-07-14 10:32:19 -0400: Memory Usage (448888K) : Executing rule topmetal2_pin_Acute
2026-07-14 10:32:19 -0400: Memory Usage (448888K) : Executing rule topmetal2_mask_Acute
2026-07-14 10:32:19 -0400: Memory Usage (448888K) : Executing rule topmetal2_filler_Acute
2026-07-14 10:32:20 -0400: Memory Usage (448888K) : Executing rule topmetal2_nofill_Acute
2026-07-14 10:32:20 -0400: Memory Usage (448888K) : Executing rule topmetal2_slit_Acute
2026-07-14 10:32:20 -0400: Memory Usage (448888K) : Executing rule topmetal2_noqrc_Acute
2026-07-14 10:32:20 -0400: Memory Usage (448888K) : Executing rule topmetal2_res_Acute
2026-07-14 10:32:20 -0400: Memory Usage (448888K) : Executing rule topmetal2_iprobe_Acute
2026-07-14 10:32:20 -0400: Memory Usage (448888K) : Executing rule topmetal2_diffprb_Acute
2026-07-14 10:32:20 -0400: Memory Usage (448888K) : Executing rule snsring_drw_Acute
2026-07-14 10:32:20 -0400: Memory Usage (448888K) : Executing rule sensor_drw_Acute
2026-07-14 10:32:20 -0400: Memory Usage (448888K) : Executing rule snsarms_drw_Acute
2026-07-14 10:32:20 -0400: Memory Usage (448888K) : Executing rule snscmosvia_drw_Acute
2026-07-14 10:32:20 -0400: Memory Usage (448888K) : Executing rule colwind_drw_Acute
2026-07-14 10:32:20 -0400: Memory Usage (448888K) : Executing rule flm_drw_Acute
2026-07-14 10:32:20 -0400: Memory Usage (448888K) : Executing rule hafniumox_drw_Acute
2026-07-14 10:32:20 -0400: Memory Usage (448888K) : Executing rule memvia_drw_Acute
2026-07-14 10:32:20 -0400: Memory Usage (448888K) : Executing rule thinfilmres_drw_Acute
2026-07-14 10:32:20 -0400: Memory Usage (448888K) : Executing rule rfmem_drw_Acute
2026-07-14 10:32:20 -0400: Memory Usage (448888K) : Executing rule snsbotvia_drw_Acute
2026-07-14 10:32:20 -0400: Memory Usage (448888K) : Executing rule snstopvia_drw_Acute
2026-07-14 10:32:20 -0400: Memory Usage (448888K) : Executing rule deepvia_drw_Acute
2026-07-14 10:32:20 -0400: Memory Usage (448888K) : Executing rule fgetch_drw_Acute
2026-07-14 10:32:20 -0400: Memory Usage (448888K) : Executing rule ctrgat_drw_Acute
2026-07-14 10:32:20 -0400: Memory Usage (448888K) : Executing rule fgimp_drw_Acute
2026-07-14 10:32:20 -0400: Memory Usage (448888K) : Executing rule emwihv_drw_Acute
2026-07-14 10:32:20 -0400: Memory Usage (448888K) : Executing rule lbe_drw_Acute
2026-07-14 10:32:20 -0400: Memory Usage (448888K) : Executing rule alcustop_drw_Acute
2026-07-14 10:32:20 -0400: Memory Usage (448888K) : Executing rule cont_drw_Angle90
2026-07-14 10:32:20 -0400: Memory Usage (448888K) : Executing rule via1_drw_Angle90
2026-07-14 10:32:20 -0400: Memory Usage (448888K) : Executing rule via2_drw_Angle90
2026-07-14 10:32:20 -0400: Memory Usage (448888K) : Executing rule via3_drw_Angle90
2026-07-14 10:32:20 -0400: Memory Usage (448888K) : Executing rule via4_drw_Angle90
2026-07-14 10:32:20 -0400: Memory Usage (448888K) : Executing rule vmim_drw_Angle90
2026-07-14 10:32:20 -0400: Memory Usage (448888K) : Executing rule topvia1_drw_Angle90
2026-07-14 10:32:20 -0400: Memory Usage (448888K) : Executing rule topvia2_drw_Angle90
2026-07-14 10:32:20 -0400: Memory Usage (448888K) : Executing rule gatpoly_drw_Angle45
2026-07-14 10:32:20 -0400: Memory Usage (448888K) : Executing rule activ_drw_Angle45
2026-07-14 10:32:20 -0400: Memory Usage (448888K) : Executing rule metal1_drw_Angle45
2026-07-14 10:32:20 -0400: Memory Usage (448948K) : Executing rule metal2_drw_Angle45
2026-07-14 10:32:20 -0400: Memory Usage (448948K) : Executing rule metal3_drw_Angle45
2026-07-14 10:32:20 -0400: Memory Usage (448948K) : Executing rule metal4_drw_Angle45
2026-07-14 10:32:20 -0400: Memory Usage (448948K) : Executing rule metal5_drw_Angle45
2026-07-14 10:32:20 -0400: Memory Usage (449312K) : Executing rule topmetal1_drw_Angle45
2026-07-14 10:32:20 -0400: Memory Usage (449252K) : Executing rule topmetal2_drw_Angle45
2026-07-14 10:32:20 -0400: Memory Usage (449212K) : Starting 3.2. FORBIDDEN table
2026-07-14 10:32:20 -0400: Memory Usage (449212K) : Executing rule forbidden.biwind
2026-07-14 10:32:20 -0400: Memory Usage (449212K) : Executing rule forbidden.pemwind
2026-07-14 10:32:20 -0400: Memory Usage (449212K) : Executing rule forbidden.baspoly
2026-07-14 10:32:20 -0400: Memory Usage (449212K) : Executing rule forbidden.deepco
2026-07-14 10:32:20 -0400: Memory Usage (449212K) : Executing rule forbidden.pempoly
2026-07-14 10:32:20 -0400: Memory Usage (449212K) : Executing rule forbidden.empoly
2026-07-14 10:32:20 -0400: Memory Usage (449212K) : Executing rule forbidden.ldmos
2026-07-14 10:32:20 -0400: Memory Usage (449212K) : Executing rule forbidden.pbiwind
2026-07-14 10:32:20 -0400: Memory Usage (449212K) : Executing rule forbidden.nodrc
2026-07-14 10:32:20 -0400: Memory Usage (449212K) : Executing rule forbidden.flash
2026-07-14 10:32:20 -0400: Memory Usage (449212K) : Executing rule forbidden.colwind
2026-07-14 10:32:20 -0400: Memory Usage (449212K) : KLayout DRC run for tables 'main' completed in 3.86 seconds
