# Logfile created on 2026-07-14 10:39:31 -0400 by logger.rb/61378
2026-07-14 10:39:31 -0400: Memory Usage (412592K) : Starting running IHP-SG13G2 KLayout DRC runset on /home/bthomas3/Videos/77GHz_phased_array/layout/VCO_77G_XTOR.gds
2026-07-14 10:39:31 -0400: Memory Usage (412592K) : Ruby Version for klayout: 2.5.9
2026-07-14 10:39:31 -0400: Memory Usage (412592K) : Loading database to memory is complete.
2026-07-14 10:39:31 -0400: Memory Usage (412592K) : IHP-SG13G2 KLayout DRC runset output at: /home/bthomas3/Videos/77GHz_phased_array/layout/drc_xtor_out/VCO_77G_XTOR_VCO_77G_XTOR_main.lyrdb
2026-07-14 10:39:31 -0400: Memory Usage (412592K) : Evaluate switches.
2026-07-14 10:39:31 -0400: Memory Usage (412592K) : tables selected: main
2026-07-14 10:39:31 -0400: Memory Usage (412592K) : KLayout will use 6 thread(s) in tiling mode.
2026-07-14 10:39:31 -0400: Memory Usage (412592K) : deep mode is enabled.
2026-07-14 10:39:31 -0400: Memory Usage (412592K) : FEOL enabled: true
2026-07-14 10:39:31 -0400: Memory Usage (412592K) : BEOL enabled: true
2026-07-14 10:39:31 -0400: Memory Usage (412592K) : OFFGRID enabled: true
2026-07-14 10:39:31 -0400: Memory Usage (412592K) : ANGLE enabled: true
2026-07-14 10:39:31 -0400: Memory Usage (412592K) : PIN enabled: true
2026-07-14 10:39:31 -0400: Memory Usage (412592K) : FORBIDDEN enabled: true
2026-07-14 10:39:31 -0400: Memory Usage (412592K) : RECOMMENDED enabled: true
2026-07-14 10:39:31 -0400: Memory Usage (412592K) : PreCheck DRC enabled: false
2026-07-14 10:39:31 -0400: Memory Usage (412592K) : CONNECTIVITY_RULES enabled: true.
2026-07-14 10:39:31 -0400: Memory Usage (412592K) : Read in polygons from layers.
2026-07-14 10:39:31 -0400: Memory Usage (412592K) : activ_drw has 34 polygons
2026-07-14 10:39:31 -0400: Memory Usage (412592K) : activ_pin has 0 polygons
2026-07-14 10:39:31 -0400: Memory Usage (412592K) : activ_mask has 8 polygons
2026-07-14 10:39:31 -0400: Memory Usage (412592K) : activ_filler has 0 polygons
2026-07-14 10:39:31 -0400: Memory Usage (412592K) : activ_nofill has 0 polygons
2026-07-14 10:39:31 -0400: Memory Usage (412592K) : activ_opc has 0 polygons
2026-07-14 10:39:31 -0400: Memory Usage (412592K) : activ_iopc has 0 polygons
2026-07-14 10:39:31 -0400: Memory Usage (412592K) : activ_noqrc has 0 polygons
2026-07-14 10:39:31 -0400: Memory Usage (412592K) : biwind_drw has 0 polygons
2026-07-14 10:39:31 -0400: Memory Usage (412592K) : biwind_opc has 0 polygons
2026-07-14 10:39:31 -0400: Memory Usage (412592K) : pemwind_drw has 0 polygons
2026-07-14 10:39:31 -0400: Memory Usage (412592K) : gatpoly_drw has 12 polygons
2026-07-14 10:39:31 -0400: Memory Usage (412592K) : gatpoly_pin has 0 polygons
2026-07-14 10:39:31 -0400: Memory Usage (412592K) : gatpoly_filler has 0 polygons
2026-07-14 10:39:31 -0400: Memory Usage (412592K) : gatpoly_nofill has 0 polygons
2026-07-14 10:39:31 -0400: Memory Usage (412592K) : gatpoly_opc has 0 polygons
2026-07-14 10:39:31 -0400: Memory Usage (412592K) : gatpoly_iopc has 0 polygons
2026-07-14 10:39:31 -0400: Memory Usage (412592K) : gatpoly_noqrc has 0 polygons
2026-07-14 10:39:31 -0400: Memory Usage (412592K) : cont_drw has 100 polygons
2026-07-14 10:39:31 -0400: Memory Usage (412592K) : cont_opc has 0 polygons
2026-07-14 10:39:31 -0400: Memory Usage (412592K) : nsd_drw has 0 polygons
2026-07-14 10:39:31 -0400: Memory Usage (412592K) : nsd_block has 0 polygons
2026-07-14 10:39:31 -0400: Memory Usage (412592K) : metal1_drw has 57 polygons
2026-07-14 10:39:31 -0400: Memory Usage (414860K) : metal1_pin has 16 polygons
2026-07-14 10:39:31 -0400: Memory Usage (414860K) : metal1_mask has 0 polygons
2026-07-14 10:39:31 -0400: Memory Usage (414860K) : metal1_filler has 0 polygons
2026-07-14 10:39:31 -0400: Memory Usage (414860K) : metal1_nofill has 0 polygons
2026-07-14 10:39:31 -0400: Memory Usage (414860K) : metal1_slit has 0 polygons
2026-07-14 10:39:31 -0400: Memory Usage (414860K) : metal1_text has 0 polygons
2026-07-14 10:39:31 -0400: Memory Usage (414860K) : metal1_opc has 0 polygons
2026-07-14 10:39:31 -0400: Memory Usage (414860K) : metal1_noqrc has 0 polygons
2026-07-14 10:39:31 -0400: Memory Usage (415184K) : metal1_res has 0 polygons
2026-07-14 10:39:31 -0400: Memory Usage (415184K) : metal1_iprobe has 0 polygons
2026-07-14 10:39:31 -0400: Memory Usage (415184K) : metal1_diffprb has 0 polygons
2026-07-14 10:39:31 -0400: Memory Usage (415184K) : passiv_drw has 0 polygons
2026-07-14 10:39:31 -0400: Memory Usage (415448K) : passiv_pin has 0 polygons
2026-07-14 10:39:31 -0400: Memory Usage (415448K) : passiv_sbump has 0 polygons
2026-07-14 10:39:31 -0400: Memory Usage (415448K) : passiv_pillar has 0 polygons
2026-07-14 10:39:31 -0400: Memory Usage (415448K) : passiv_pdl has 0 polygons
2026-07-14 10:39:31 -0400: Memory Usage (415712K) : metal2_drw has 10 polygons
2026-07-14 10:39:31 -0400: Memory Usage (415712K) : metal2_pin has 4 polygons
2026-07-14 10:39:31 -0400: Memory Usage (415712K) : metal2_mask has 0 polygons
2026-07-14 10:39:31 -0400: Memory Usage (415712K) : metal2_filler has 0 polygons
2026-07-14 10:39:31 -0400: Memory Usage (415712K) : metal2_nofill has 0 polygons
2026-07-14 10:39:31 -0400: Memory Usage (415712K) : metal2_slit has 0 polygons
2026-07-14 10:39:31 -0400: Memory Usage (415976K) : metal2_text has 0 polygons
2026-07-14 10:39:31 -0400: Memory Usage (415976K) : metal2_opc has 0 polygons
2026-07-14 10:39:31 -0400: Memory Usage (415976K) : metal2_noqrc has 0 polygons
2026-07-14 10:39:31 -0400: Memory Usage (415976K) : metal2_res has 0 polygons
2026-07-14 10:39:31 -0400: Memory Usage (415976K) : metal2_iprobe has 0 polygons
2026-07-14 10:39:31 -0400: Memory Usage (415976K) : metal2_diffprb has 0 polygons
2026-07-14 10:39:31 -0400: Memory Usage (416240K) : baspoly_drw has 0 polygons
2026-07-14 10:39:31 -0400: Memory Usage (416240K) : baspoly_pin has 0 polygons
2026-07-14 10:39:31 -0400: Memory Usage (416240K) : psd_drw has 11 polygons
2026-07-14 10:39:31 -0400: Memory Usage (416240K) : nldb_drw has 0 polygons
2026-07-14 10:39:31 -0400: Memory Usage (416240K) : digibnd_drw has 0 polygons
2026-07-14 10:39:31 -0400: Memory Usage (416504K) : via1_drw has 6 polygons
2026-07-14 10:39:31 -0400: Memory Usage (416504K) : backmetal1_drw has 0 polygons
2026-07-14 10:39:31 -0400: Memory Usage (416504K) : backmetal1_pin has 0 polygons
2026-07-14 10:39:31 -0400: Memory Usage (416504K) : backmetal1_mask has 0 polygons
2026-07-14 10:39:31 -0400: Memory Usage (416768K) : backmetal1_filler has 0 polygons
2026-07-14 10:39:31 -0400: Memory Usage (416768K) : backmetal1_nofill has 0 polygons
2026-07-14 10:39:31 -0400: Memory Usage (416768K) : backmetal1_slit has 0 polygons
2026-07-14 10:39:31 -0400: Memory Usage (416768K) : backmetal1_text has 0 polygons
2026-07-14 10:39:31 -0400: Memory Usage (416768K) : backmetal1_opc has 0 polygons
2026-07-14 10:39:31 -0400: Memory Usage (417032K) : backmetal1_noqrc has 0 polygons
2026-07-14 10:39:31 -0400: Memory Usage (417032K) : backmetal1_res has 0 polygons
2026-07-14 10:39:31 -0400: Memory Usage (417032K) : backmetal1_iprobe has 0 polygons
2026-07-14 10:39:31 -0400: Memory Usage (417032K) : backmetal1_diffprb has 0 polygons
2026-07-14 10:39:31 -0400: Memory Usage (417032K) : backpassiv_drw has 0 polygons
2026-07-14 10:39:31 -0400: Memory Usage (417296K) : res_drw has 0 polygons
2026-07-14 10:39:31 -0400: Memory Usage (417296K) : sram_drw has 0 polygons
2026-07-14 10:39:31 -0400: Memory Usage (417296K) : trans_drw has 4 polygons
2026-07-14 10:39:31 -0400: Memory Usage (417296K) : ind_drw has 0 polygons
2026-07-14 10:39:31 -0400: Memory Usage (417296K) : ind_pin has 0 polygons
2026-07-14 10:39:31 -0400: Memory Usage (417560K) : ind_text has 0 polygons
2026-07-14 10:39:31 -0400: Memory Usage (417560K) : salblock_drw has 1 polygons
2026-07-14 10:39:31 -0400: Memory Usage (417560K) : via2_drw has 2 polygons
2026-07-14 10:39:31 -0400: Memory Usage (417560K) : metal3_drw has 6 polygons
2026-07-14 10:39:31 -0400: Memory Usage (417560K) : metal3_pin has 0 polygons
2026-07-14 10:39:31 -0400: Memory Usage (417824K) : metal3_mask has 0 polygons
2026-07-14 10:39:31 -0400: Memory Usage (417824K) : metal3_filler has 0 polygons
2026-07-14 10:39:31 -0400: Memory Usage (417824K) : metal3_nofill has 0 polygons
2026-07-14 10:39:31 -0400: Memory Usage (417824K) : metal3_slit has 0 polygons
2026-07-14 10:39:31 -0400: Memory Usage (417824K) : metal3_text has 0 polygons
2026-07-14 10:39:31 -0400: Memory Usage (418088K) : metal3_opc has 0 polygons
2026-07-14 10:39:31 -0400: Memory Usage (418088K) : metal3_noqrc has 0 polygons
2026-07-14 10:39:31 -0400: Memory Usage (418088K) : metal3_res has 0 polygons
2026-07-14 10:39:31 -0400: Memory Usage (418088K) : metal3_iprobe has 0 polygons
2026-07-14 10:39:31 -0400: Memory Usage (418088K) : metal3_diffprb has 0 polygons
2026-07-14 10:39:31 -0400: Memory Usage (418352K) : nwell_drw has 2 polygons
2026-07-14 10:39:31 -0400: Memory Usage (418352K) : nwell_pin has 0 polygons
2026-07-14 10:39:31 -0400: Memory Usage (418352K) : nbulay_drw has 2 polygons
2026-07-14 10:39:31 -0400: Memory Usage (418352K) : nbulay_pin has 0 polygons
2026-07-14 10:39:31 -0400: Memory Usage (418352K) : nbulay_block has 0 polygons
2026-07-14 10:39:31 -0400: Memory Usage (418616K) : emwind_drw has 4 polygons
2026-07-14 10:39:31 -0400: Memory Usage (418616K) : emwind_opc has 0 polygons
2026-07-14 10:39:31 -0400: Memory Usage (418616K) : deepco_drw has 0 polygons
2026-07-14 10:39:31 -0400: Memory Usage (418616K) : deepco_drw has 0 polygons
2026-07-14 10:39:31 -0400: Memory Usage (418880K) : mim_drw has 1 polygons
2026-07-14 10:39:31 -0400: Memory Usage (418880K) : edgeseal_drw has 0 polygons
2026-07-14 10:39:31 -0400: Memory Usage (418880K) : edgeseal_bound has 0 polygons
2026-07-14 10:39:31 -0400: Memory Usage (418880K) : substrate_drw has 0 polygons
2026-07-14 10:39:31 -0400: Memory Usage (418880K) : substrate_text has 0 polygons
2026-07-14 10:39:31 -0400: Memory Usage (419144K) : dfpad_drw has 0 polygons
2026-07-14 10:39:31 -0400: Memory Usage (419144K) : dfpad_pillar has 0 polygons
2026-07-14 10:39:31 -0400: Memory Usage (419144K) : dfpad_sbump has 0 polygons
2026-07-14 10:39:31 -0400: Memory Usage (419144K) : thickgateox_drw has 2 polygons
2026-07-14 10:39:31 -0400: Memory Usage (419144K) : pldb_drw has 0 polygons
2026-07-14 10:39:31 -0400: Memory Usage (419408K) : pwell_drw has 0 polygons
2026-07-14 10:39:31 -0400: Memory Usage (419408K) : pwell_pin has 0 polygons
2026-07-14 10:39:31 -0400: Memory Usage (419408K) : pwell_block has 0 polygons
2026-07-14 10:39:31 -0400: Memory Usage (419408K) : ic_drw has 0 polygons
2026-07-14 10:39:31 -0400: Memory Usage (419672K) : via3_drw has 2 polygons
2026-07-14 10:39:31 -0400: Memory Usage (419672K) : metal4_drw has 4 polygons
2026-07-14 10:39:31 -0400: Memory Usage (419672K) : metal4_pin has 0 polygons
2026-07-14 10:39:31 -0400: Memory Usage (419672K) : metal4_mask has 0 polygons
2026-07-14 10:39:31 -0400: Memory Usage (419672K) : metal4_filler has 0 polygons
2026-07-14 10:39:31 -0400: Memory Usage (419936K) : metal4_nofill has 0 polygons
2026-07-14 10:39:31 -0400: Memory Usage (419936K) : metal4_slit has 0 polygons
2026-07-14 10:39:31 -0400: Memory Usage (419936K) : metal4_text has 0 polygons
2026-07-14 10:39:31 -0400: Memory Usage (419936K) : metal4_opc has 0 polygons
2026-07-14 10:39:31 -0400: Memory Usage (420200K) : metal4_noqrc has 0 polygons
2026-07-14 10:39:31 -0400: Memory Usage (420200K) : metal4_res has 0 polygons
2026-07-14 10:39:31 -0400: Memory Usage (420200K) : metal4_iprobe has 0 polygons
2026-07-14 10:39:31 -0400: Memory Usage (420200K) : metal4_diffprb has 0 polygons
2026-07-14 10:39:31 -0400: Memory Usage (420200K) : heattrans_drw has 4 polygons
2026-07-14 10:39:31 -0400: Memory Usage (420200K) : heatres_drw has 1 polygons
2026-07-14 10:39:31 -0400: Memory Usage (420464K) : pempoly_drw has 0 polygons
2026-07-14 10:39:31 -0400: Memory Usage (420464K) : fbe_drw has 0 polygons
2026-07-14 10:39:31 -0400: Memory Usage (420464K) : empoly_drw has 0 polygons
2026-07-14 10:39:31 -0400: Memory Usage (420464K) : ldmos_drw has 0 polygons
2026-07-14 10:39:31 -0400: Memory Usage (420464K) : pbiwind_drw has 0 polygons
2026-07-14 10:39:31 -0400: Memory Usage (420728K) : digisub_drw has 0 polygons
2026-07-14 10:39:31 -0400: Memory Usage (420728K) : nodrc_drw has 0 polygons
2026-07-14 10:39:31 -0400: Memory Usage (420728K) : text_drw has 31 polygons
2026-07-14 10:39:31 -0400: Memory Usage (420728K) : via4_drw has 2 polygons
2026-07-14 10:39:31 -0400: Memory Usage (420728K) : metal5_drw has 5 polygons
2026-07-14 10:39:31 -0400: Memory Usage (421008K) : metal5_pin has 1 polygons
2026-07-14 10:39:31 -0400: Memory Usage (421008K) : metal5_mask has 0 polygons
2026-07-14 10:39:31 -0400: Memory Usage (421008K) : metal5_filler has 0 polygons
2026-07-14 10:39:31 -0400: Memory Usage (421008K) : metal5_nofill has 0 polygons
2026-07-14 10:39:31 -0400: Memory Usage (421008K) : metal5_slit has 0 polygons
2026-07-14 10:39:31 -0400: Memory Usage (421008K) : metal5_text has 0 polygons
2026-07-14 10:39:31 -0400: Memory Usage (421272K) : metal5_opc has 0 polygons
2026-07-14 10:39:31 -0400: Memory Usage (421272K) : metal5_noqrc has 0 polygons
2026-07-14 10:39:31 -0400: Memory Usage (421272K) : metal5_res has 0 polygons
2026-07-14 10:39:31 -0400: Memory Usage (421272K) : metal5_iprobe has 0 polygons
2026-07-14 10:39:31 -0400: Memory Usage (421536K) : metal5_diffprb has 0 polygons
2026-07-14 10:39:31 -0400: Memory Usage (421536K) : radhard_drw has 0 polygons
2026-07-14 10:39:31 -0400: Memory Usage (421536K) : memcap_drw has 0 polygons
2026-07-14 10:39:31 -0400: Memory Usage (421536K) : varicap_drw has 0 polygons
2026-07-14 10:39:31 -0400: Memory Usage (421536K) : flash_drw has 0 polygons
2026-07-14 10:39:31 -0400: Memory Usage (421800K) : intbondvia_drw has 0 polygons
2026-07-14 10:39:31 -0400: Memory Usage (421800K) : intbondmet_drw has 0 polygons
2026-07-14 10:39:31 -0400: Memory Usage (421800K) : devbondvia_drw has 0 polygons
2026-07-14 10:39:31 -0400: Memory Usage (421800K) : devbondmet_drw has 0 polygons
2026-07-14 10:39:31 -0400: Memory Usage (422064K) : devtrench_drw has 0 polygons
2026-07-14 10:39:31 -0400: Memory Usage (422064K) : redist_drw has 0 polygons
2026-07-14 10:39:31 -0400: Memory Usage (422064K) : graphbot_drw has 0 polygons
2026-07-14 10:39:31 -0400: Memory Usage (422064K) : graphtop_drw has 0 polygons
2026-07-14 10:39:31 -0400: Memory Usage (422064K) : antvia1_drw has 0 polygons
2026-07-14 10:39:31 -0400: Memory Usage (422328K) : antmetal2_drw has 0 polygons
2026-07-14 10:39:31 -0400: Memory Usage (422328K) : graphcont_drw has 0 polygons
2026-07-14 10:39:31 -0400: Memory Usage (422328K) : siwg_drw has 0 polygons
2026-07-14 10:39:31 -0400: Memory Usage (422328K) : siwg_filler has 0 polygons
2026-07-14 10:39:31 -0400: Memory Usage (422328K) : siwg_nofill has 0 polygons
2026-07-14 10:39:31 -0400: Memory Usage (422328K) : sigrating_drw has 0 polygons
2026-07-14 10:39:31 -0400: Memory Usage (422592K) : singrating_drw has 0 polygons
2026-07-14 10:39:31 -0400: Memory Usage (422592K) : graphpas_drw has 0 polygons
2026-07-14 10:39:31 -0400: Memory Usage (422592K) : emwind3_drw has 0 polygons
2026-07-14 10:39:31 -0400: Memory Usage (422592K) : emwihv3_drw has 0 polygons
2026-07-14 10:39:31 -0400: Memory Usage (422856K) : redbulay_drw has 0 polygons
2026-07-14 10:39:31 -0400: Memory Usage (422856K) : smos_drw has 0 polygons
2026-07-14 10:39:31 -0400: Memory Usage (422856K) : graphpad_drw has 0 polygons
2026-07-14 10:39:31 -0400: Memory Usage (422856K) : polimide_drw has 0 polygons
2026-07-14 10:39:31 -0400: Memory Usage (422856K) : polimide_pin has 0 polygons
2026-07-14 10:39:31 -0400: Memory Usage (423120K) : recog_drw has 0 polygons
2026-07-14 10:39:31 -0400: Memory Usage (423120K) : recog_pin has 0 polygons
2026-07-14 10:39:31 -0400: Memory Usage (423120K) : recog_esd has 0 polygons
2026-07-14 10:39:31 -0400: Memory Usage (423120K) : recog_diode has 0 polygons
2026-07-14 10:39:31 -0400: Memory Usage (423120K) : recog_tsv has 0 polygons
2026-07-14 10:39:31 -0400: Memory Usage (423384K) : recog_iprobe has 0 polygons
2026-07-14 10:39:31 -0400: Memory Usage (423384K) : recog_diffprb has 0 polygons
2026-07-14 10:39:31 -0400: Memory Usage (423384K) : recog_pillar has 0 polygons
2026-07-14 10:39:31 -0400: Memory Usage (423384K) : recog_sbump has 0 polygons
2026-07-14 10:39:31 -0400: Memory Usage (423384K) : recog_otp has 0 polygons
2026-07-14 10:39:31 -0400: Memory Usage (423648K) : recog_pdiode has 0 polygons
2026-07-14 10:39:31 -0400: Memory Usage (423648K) : recog_mom has 0 polygons
2026-07-14 10:39:31 -0400: Memory Usage (423648K) : recog_pcm has 0 polygons
2026-07-14 10:39:31 -0400: Memory Usage (423648K) : colopen_drw has 0 polygons
2026-07-14 10:39:31 -0400: Memory Usage (423648K) : graphmetal1_drw has 0 polygons
2026-07-14 10:39:31 -0400: Memory Usage (423912K) : graphmetal1_filler has 0 polygons
2026-07-14 10:39:31 -0400: Memory Usage (423912K) : graphmetal1_nofill has 0 polygons
2026-07-14 10:39:31 -0400: Memory Usage (423912K) : graphmetal1_slit has 0 polygons
2026-07-14 10:39:31 -0400: Memory Usage (423912K) : graphmetal1_opc has 0 polygons
2026-07-14 10:39:31 -0400: Memory Usage (423912K) : graphmet1l_drw has 0 polygons
2026-07-14 10:39:31 -0400: Memory Usage (424176K) : graphmet1l_filler has 0 polygons
2026-07-14 10:39:31 -0400: Memory Usage (424176K) : graphmet1l_nofill has 0 polygons
2026-07-14 10:39:31 -0400: Memory Usage (424176K) : graphmet1l_slit has 0 polygons
2026-07-14 10:39:31 -0400: Memory Usage (424176K) : graphmet1l_opc has 0 polygons
2026-07-14 10:39:31 -0400: Memory Usage (424176K) : extblock_drw has 3 polygons
2026-07-14 10:39:31 -0400: Memory Usage (424440K) : nldd_drw has 0 polygons
2026-07-14 10:39:31 -0400: Memory Usage (424440K) : pldd_drw has 0 polygons
2026-07-14 10:39:31 -0400: Memory Usage (424440K) : next_drw has 0 polygons
2026-07-14 10:39:31 -0400: Memory Usage (424440K) : pext_drw has 0 polygons
2026-07-14 10:39:31 -0400: Memory Usage (424440K) : nexthv_drw has 0 polygons
2026-07-14 10:39:31 -0400: Memory Usage (424704K) : pexthv_drw has 0 polygons
2026-07-14 10:39:31 -0400: Memory Usage (424704K) : graphgate_drw has 0 polygons
2026-07-14 10:39:31 -0400: Memory Usage (424704K) : sinwg_drw has 0 polygons
2026-07-14 10:39:31 -0400: Memory Usage (424704K) : sinwg_filler has 0 polygons
2026-07-14 10:39:31 -0400: Memory Usage (424704K) : sinwg_nofill has 0 polygons
2026-07-14 10:39:31 -0400: Memory Usage (424968K) : mempad_drw has 0 polygons
2026-07-14 10:39:31 -0400: Memory Usage (424968K) : topvia1_drw has 2 polygons
2026-07-14 10:39:31 -0400: Memory Usage (424968K) : topmetal1_drw has 23 polygons
2026-07-14 10:39:31 -0400: Memory Usage (424968K) : topmetal1_pin has 1 polygons
2026-07-14 10:39:31 -0400: Memory Usage (424968K) : topmetal1_mask has 0 polygons
2026-07-14 10:39:31 -0400: Memory Usage (424968K) : topmetal1_filler has 0 polygons
2026-07-14 10:39:31 -0400: Memory Usage (425232K) : topmetal1_nofill has 0 polygons
2026-07-14 10:39:31 -0400: Memory Usage (425232K) : topmetal1_slit has 0 polygons
2026-07-14 10:39:31 -0400: Memory Usage (425232K) : topmetal1_text has 0 polygons
2026-07-14 10:39:31 -0400: Memory Usage (425232K) : topmetal1_noqrc has 0 polygons
2026-07-14 10:39:31 -0400: Memory Usage (425232K) : topmetal1_res has 0 polygons
2026-07-14 10:39:31 -0400: Memory Usage (425496K) : topmetal1_iprobe has 0 polygons
2026-07-14 10:39:31 -0400: Memory Usage (425496K) : topmetal1_diffprb has 0 polygons
2026-07-14 10:39:31 -0400: Memory Usage (425496K) : inldpwl_drw has 0 polygons
2026-07-14 10:39:31 -0400: Memory Usage (425496K) : polyres_drw has 1 polygons
2026-07-14 10:39:31 -0400: Memory Usage (425496K) : polyres_pin has 0 polygons
2026-07-14 10:39:31 -0400: Memory Usage (425760K) : vmim_drw has 25 polygons
2026-07-14 10:39:31 -0400: Memory Usage (425760K) : nbulaycut_drw has 0 polygons
2026-07-14 10:39:31 -0400: Memory Usage (425760K) : antmetal1_drw has 0 polygons
2026-07-14 10:39:31 -0400: Memory Usage (425760K) : topvia2_drw has 2 polygons
2026-07-14 10:39:31 -0400: Memory Usage (425760K) : topmetal2_drw has 14 polygons
2026-07-14 10:39:31 -0400: Memory Usage (426024K) : topmetal2_pin has 0 polygons
2026-07-14 10:39:31 -0400: Memory Usage (426024K) : topmetal2_mask has 0 polygons
2026-07-14 10:39:31 -0400: Memory Usage (426024K) : topmetal2_filler has 0 polygons
2026-07-14 10:39:31 -0400: Memory Usage (426024K) : topmetal2_nofill has 0 polygons
2026-07-14 10:39:31 -0400: Memory Usage (426024K) : topmetal2_slit has 0 polygons
2026-07-14 10:39:31 -0400: Memory Usage (426288K) : topmetal2_text has 0 polygons
2026-07-14 10:39:31 -0400: Memory Usage (426288K) : topmetal2_noqrc has 0 polygons
2026-07-14 10:39:31 -0400: Memory Usage (426288K) : topmetal2_res has 0 polygons
2026-07-14 10:39:31 -0400: Memory Usage (426288K) : topmetal2_iprobe has 0 polygons
2026-07-14 10:39:31 -0400: Memory Usage (426288K) : topmetal2_diffprb has 0 polygons
2026-07-14 10:39:31 -0400: Memory Usage (426288K) : snsring_drw has 0 polygons
2026-07-14 10:39:31 -0400: Memory Usage (426552K) : sensor_drw has 0 polygons
2026-07-14 10:39:31 -0400: Memory Usage (426552K) : snsarms_drw has 0 polygons
2026-07-14 10:39:31 -0400: Memory Usage (426552K) : snscmosvia_drw has 0 polygons
2026-07-14 10:39:31 -0400: Memory Usage (426552K) : colwind_drw has 0 polygons
2026-07-14 10:39:31 -0400: Memory Usage (426552K) : flm_drw has 0 polygons
2026-07-14 10:39:31 -0400: Memory Usage (426816K) : hafniumox_drw has 0 polygons
2026-07-14 10:39:31 -0400: Memory Usage (426816K) : memvia_drw has 0 polygons
2026-07-14 10:39:31 -0400: Memory Usage (426816K) : thinfilmres_drw has 0 polygons
2026-07-14 10:39:31 -0400: Memory Usage (426816K) : rfmem_drw has 0 polygons
2026-07-14 10:39:31 -0400: Memory Usage (426816K) : norcx_drw has 0 polygons
2026-07-14 10:39:31 -0400: Memory Usage (427080K) : norcx_m2m3 has 0 polygons
2026-07-14 10:39:31 -0400: Memory Usage (427080K) : norcx_m2m4 has 0 polygons
2026-07-14 10:39:31 -0400: Memory Usage (427080K) : norcx_m2m5 has 0 polygons
2026-07-14 10:39:31 -0400: Memory Usage (427080K) : norcx_m2tm1 has 0 polygons
2026-07-14 10:39:31 -0400: Memory Usage (427080K) : norcx_m2tm2 has 0 polygons
2026-07-14 10:39:31 -0400: Memory Usage (427344K) : norcx_m3m4 has 0 polygons
2026-07-14 10:39:31 -0400: Memory Usage (427344K) : norcx_m3m5 has 0 polygons
2026-07-14 10:39:31 -0400: Memory Usage (427344K) : norcx_m3tm1 has 0 polygons
2026-07-14 10:39:31 -0400: Memory Usage (427344K) : norcx_m3tm2 has 0 polygons
2026-07-14 10:39:31 -0400: Memory Usage (427344K) : norcx_m4m5 has 0 polygons
2026-07-14 10:39:31 -0400: Memory Usage (427608K) : norcx_m4tm1 has 0 polygons
2026-07-14 10:39:31 -0400: Memory Usage (427608K) : norcx_m4tm2 has 0 polygons
2026-07-14 10:39:31 -0400: Memory Usage (427608K) : norcx_m5tm1 has 0 polygons
2026-07-14 10:39:31 -0400: Memory Usage (427608K) : norcx_m5tm2 has 0 polygons
2026-07-14 10:39:31 -0400: Memory Usage (427608K) : norcx_tm1tm2 has 0 polygons
2026-07-14 10:39:31 -0400: Memory Usage (427872K) : norcx_m1sub has 0 polygons
2026-07-14 10:39:31 -0400: Memory Usage (427872K) : norcx_m2sub has 0 polygons
2026-07-14 10:39:31 -0400: Memory Usage (427872K) : norcx_m3sub has 0 polygons
2026-07-14 10:39:31 -0400: Memory Usage (427872K) : norcx_m4sub has 0 polygons
2026-07-14 10:39:31 -0400: Memory Usage (427872K) : norcx_m5sub has 0 polygons
2026-07-14 10:39:31 -0400: Memory Usage (428136K) : norcx_tm1sub has 0 polygons
2026-07-14 10:39:31 -0400: Memory Usage (428136K) : norcx_tm2sub has 0 polygons
2026-07-14 10:39:31 -0400: Memory Usage (428136K) : snsbotvia_drw has 0 polygons
2026-07-14 10:39:31 -0400: Memory Usage (428136K) : snstopvia_drw has 0 polygons
2026-07-14 10:39:31 -0400: Memory Usage (428136K) : deepvia_drw has 0 polygons
2026-07-14 10:39:31 -0400: Memory Usage (428400K) : fgetch_drw has 0 polygons
2026-07-14 10:39:31 -0400: Memory Usage (428400K) : ctrgat_drw has 0 polygons
2026-07-14 10:39:31 -0400: Memory Usage (428400K) : fgimp_drw has 0 polygons
2026-07-14 10:39:31 -0400: Memory Usage (428400K) : emwihv_drw has 0 polygons
2026-07-14 10:39:31 -0400: Memory Usage (428400K) : lbe_drw has 0 polygons
2026-07-14 10:39:31 -0400: Memory Usage (428664K) : alcustop_drw has 0 polygons
2026-07-14 10:39:31 -0400: Memory Usage (428664K) : nometfiller_drw has 0 polygons
2026-07-14 10:39:31 -0400: Memory Usage (428664K) : prboundary_drw has 0 polygons
2026-07-14 10:39:31 -0400: Memory Usage (428664K) : exchange0_drw has 0 polygons
2026-07-14 10:39:31 -0400: Memory Usage (428664K) : exchange0_pin has 0 polygons
2026-07-14 10:39:31 -0400: Memory Usage (428928K) : exchange0_text has 0 polygons
2026-07-14 10:39:31 -0400: Memory Usage (428928K) : exchange1_drw has 0 polygons
2026-07-14 10:39:31 -0400: Memory Usage (428928K) : exchange1_pin has 0 polygons
2026-07-14 10:39:31 -0400: Memory Usage (428928K) : exchange1_text has 0 polygons
2026-07-14 10:39:31 -0400: Memory Usage (428928K) : exchange2_drw has 0 polygons
2026-07-14 10:39:31 -0400: Memory Usage (429192K) : exchange2_pin has 0 polygons
2026-07-14 10:39:31 -0400: Memory Usage (429192K) : exchange2_text has 0 polygons
2026-07-14 10:39:31 -0400: Memory Usage (429192K) : exchange3_drw has 0 polygons
2026-07-14 10:39:31 -0400: Memory Usage (429192K) : exchange3_pin has 0 polygons
2026-07-14 10:39:31 -0400: Memory Usage (429192K) : exchange3_text has 0 polygons
2026-07-14 10:39:31 -0400: Memory Usage (429456K) : exchange4_drw has 0 polygons
2026-07-14 10:39:31 -0400: Memory Usage (429456K) : exchange4_pin has 0 polygons
2026-07-14 10:39:31 -0400: Memory Usage (429456K) : exchange4_text has 0 polygons
2026-07-14 10:39:31 -0400: Memory Usage (429456K) : isonwell_drw has 0 polygons
2026-07-14 10:39:31 -0400: Memory Usage (429456K) : Total no. of polygons in the design is 403
2026-07-14 10:39:31 -0400: Memory Usage (429456K) : Loaded TECH DRC rules values from /home/bthomas3/Videos/IHP-Open-PDK/ihp-sg13g2/libs.tech/klayout/tech/drc/rule_decks/sg13g2_tech_default.json
2026-07-14 10:39:31 -0400: Memory Usage (429456K) : Loaded default DRC rules values from /home/bthomas3/Videos/77GHz_phased_array/layout/rule_decks/sg13g2_tech_default.json
2026-07-14 10:39:31 -0400: Memory Usage (429456K) : Total area of the design is 105600.0 um^2.
2026-07-14 10:39:31 -0400: Memory Usage (429456K) : The design dimensions are 240.0 µm * 440.0 µm.
2026-07-14 10:39:31 -0400: Memory Usage (429456K) : Starting general IHP-SG13G2 derivations.
2026-07-14 10:39:31 -0400: Memory Usage (429456K) : Starting Pwell derivations
2026-07-14 10:39:31 -0400: Memory Usage (432108K) : Starting n-Activ derivations
2026-07-14 10:39:31 -0400: Memory Usage (432176K) : Starting p-Activ derivations
2026-07-14 10:39:31 -0400: Memory Usage (432116K) : Starting ptap derivations
2026-07-14 10:39:31 -0400: Memory Usage (432052K) : Starting ntap derivations
2026-07-14 10:39:31 -0400: Memory Usage (432308K) : Starting pact FET derivations
2026-07-14 10:39:31 -0400: Memory Usage (432248K) : Starting nact FET derivations
2026-07-14 10:39:31 -0400: Memory Usage (432188K) : Starting Gate derivations
2026-07-14 10:39:31 -0400: Memory Usage (432320K) : Starting cont/contbar general derivations
2026-07-14 10:39:31 -0400: Memory Usage (432260K) : Starting pad general derivations
2026-07-14 10:39:31 -0400: Memory Usage (432260K) : Starting schottky_nbl general derivations
2026-07-14 10:39:31 -0400: Memory Usage (432192K) : Starting SVaricap general derivations
2026-07-14 10:39:31 -0400: Memory Usage (432268K) : Starting HBT general derivations
2026-07-14 10:39:31 -0400: Memory Usage (432272K) : Starting IHP-SG13G2 DRC connectivity related derivations.
2026-07-14 10:39:31 -0400: Memory Usage (432352K) : Starting IHP-SG13G2 DRC connectivity setup
2026-07-14 10:39:31 -0400: Memory Usage (432352K) : Starting IHP-SG13G2 DRC rules.
2026-07-14 10:39:31 -0400: Memory Usage (432352K) : Running all FEOL rules
2026-07-14 10:39:31 -0400: Memory Usage (432352K) : Running all BEOL rules
2026-07-14 10:39:31 -0400: Memory Usage (432352K) : Running all PIN rules
2026-07-14 10:39:31 -0400: Memory Usage (432352K) : Running all FORBIDDEN rules
2026-07-14 10:39:31 -0400: Memory Usage (432352K) : Starting 5.1 NWell table
2026-07-14 10:39:31 -0400: Memory Usage (432352K) : Executing rule NW.b
2026-07-14 10:39:31 -0400: Memory Usage (433240K) : Executing rule NW.b1
2026-07-14 10:39:31 -0400: Memory Usage (433128K) : Executing rule NW.f1
2026-07-14 10:39:31 -0400: Memory Usage (433112K) : Executing rule NW.f1.digibnd
2026-07-14 10:39:31 -0400: Memory Usage (433112K) : Starting 5.2 PWell:block
2026-07-14 10:39:31 -0400: Memory Usage (433112K) : Executing rule PWB.e
2026-07-14 10:39:31 -0400: Memory Usage (433368K) : Executing rule PWB.e1
2026-07-14 10:39:31 -0400: Memory Usage (433300K) : Executing rule PWB.f
2026-07-14 10:39:31 -0400: Memory Usage (433236K) : Executing rule PWB.f1
2026-07-14 10:39:31 -0400: Memory Usage (433176K) : Starting 5.3 nBuLay table
2026-07-14 10:39:31 -0400: Memory Usage (433176K) : Executing rule NBL.b
2026-07-14 10:39:31 -0400: Memory Usage (433116K) : Executing rule NBL.c
2026-07-14 10:39:31 -0400: Memory Usage (433320K) : Executing rule NBL.d
2026-07-14 10:39:31 -0400: Memory Usage (433248K) : Executing rule NBL.e
2026-07-14 10:39:31 -0400: Memory Usage (433184K) : Executing rule NBL.f
2026-07-14 10:39:31 -0400: Memory Usage (433428K) : Starting 5.5. Activ table
2026-07-14 10:39:31 -0400: Memory Usage (433428K) : Executing rule Act.a
2026-07-14 10:39:31 -0400: Memory Usage (433428K) : Executing rule Act.b
2026-07-14 10:39:31 -0400: Memory Usage (433432K) : Starting 5.6 Activ:filler table
2026-07-14 10:39:31 -0400: Memory Usage (433432K) : Executing rule AFil.c1
2026-07-14 10:39:31 -0400: Memory Usage (433432K) : Executing rule AFil.c
2026-07-14 10:39:31 -0400: Memory Usage (433432K) : Executing rule AFil.d
2026-07-14 10:39:31 -0400: Memory Usage (433432K) : Executing rule AFil.e
2026-07-14 10:39:31 -0400: Memory Usage (433432K) : Executing rule AFil.j
2026-07-14 10:39:31 -0400: Memory Usage (433432K) : Starting 5.7. ThickGateOx table
2026-07-14 10:39:31 -0400: Memory Usage (433432K) : Executing rule TGO.f
2026-07-14 10:39:31 -0400: Memory Usage (433432K) : Starting 5.8. GatPoly table
2026-07-14 10:39:31 -0400: Memory Usage (433432K) : Executing rule Gat.a
2026-07-14 10:39:31 -0400: Memory Usage (433432K) : Executing rule Gat.b
2026-07-14 10:39:31 -0400: Memory Usage (433368K) : Executing rule Gat.d
2026-07-14 10:39:31 -0400: Memory Usage (433304K) : Executing rule Gat.a1
2026-07-14 10:39:31 -0400: Memory Usage (433684K) : Executing rule Gat.a2
2026-07-14 10:39:31 -0400: Memory Usage (433556K) : Executing rule Gat.g
2026-07-14 10:39:31 -0400: Memory Usage (433492K) : Starting 5.9 GatPoly:filler
2026-07-14 10:39:31 -0400: Memory Usage (433492K) : Executing rule GFil.d
2026-07-14 10:39:31 -0400: Memory Usage (433492K) : Executing rule GFil.e
2026-07-14 10:39:31 -0400: Memory Usage (433492K) : Executing rule GFil.i
2026-07-14 10:39:31 -0400: Memory Usage (433492K) : Starting 5.10 pSD table
2026-07-14 10:39:31 -0400: Memory Usage (433492K) : Executing rule pSD.c1
2026-07-14 10:39:31 -0400: Memory Usage (433616K) : Starting 5.14. Cont table
2026-07-14 10:39:31 -0400: Memory Usage (433560K) : Executing rule Cnt.a
2026-07-14 10:39:31 -0400: Memory Usage (433560K) : Executing rule Cnt.b
2026-07-14 10:39:31 -0400: Memory Usage (433752K) : Executing rule Cnt.c
2026-07-14 10:39:31 -0400: Memory Usage (433692K) : Executing rule Cnt.c.digibnd
2026-07-14 10:39:31 -0400: Memory Usage (433692K) : Executing rule Cnt.c.SRAM
2026-07-14 10:39:31 -0400: Memory Usage (433692K) : Executing rule Cnt.d
2026-07-14 10:39:31 -0400: Memory Usage (433624K) : Executing rule Cnt.e
2026-07-14 10:39:31 -0400: Memory Usage (433776K) : Executing rule Cnt.g1
2026-07-14 10:39:31 -0400: Memory Usage (433652K) : Executing rule Cnt.g2
2026-07-14 10:39:31 -0400: Memory Usage (433592K) : Starting 5.15. ContBar table
2026-07-14 10:39:31 -0400: Memory Usage (433592K) : Executing rule CntB.b1
2026-07-14 10:39:31 -0400: Memory Usage (433792K) : Executing rule CntB.h1
2026-07-14 10:39:31 -0400: Memory Usage (433724K) : Starting 6.1.3 NPN Substrate-Tie table
2026-07-14 10:39:31 -0400: Memory Usage (433724K) : Executing rule npn13G2.bR 
2026-07-14 10:39:31 -0400: Memory Usage (433660K) : Executing rule npn13G2L.cR 
2026-07-14 10:39:31 -0400: Memory Usage (433732K) : Executing rule npn13G2V.cR 
2026-07-14 10:39:31 -0400: Memory Usage (433732K) : Starting 6.7 Schottky diode table
2026-07-14 10:39:31 -0400: Memory Usage (433732K) : Executing rule Sdiod.b
2026-07-14 10:39:31 -0400: Memory Usage (433732K) : Executing rule Sdiod.c
2026-07-14 10:39:31 -0400: Memory Usage (433732K) : Executing rule Sdiod.d
2026-07-14 10:39:31 -0400: Memory Usage (433732K) : Executing rule Sdiod.e
2026-07-14 10:39:31 -0400: Memory Usage (433732K) : Starting 7.2 Latch-up table
2026-07-14 10:39:31 -0400: Memory Usage (433732K) : Executing rule LU.b
2026-07-14 10:39:32 -0400: Memory Usage (433668K) : Starting 5.16. Metal1 table
2026-07-14 10:39:32 -0400: Memory Usage (433668K) : Executing rule M1.a
2026-07-14 10:39:32 -0400: Memory Usage (433668K) : Executing rule M1.b
2026-07-14 10:39:32 -0400: Memory Usage (433600K) : Executing rule M1.e
2026-07-14 10:39:32 -0400: Memory Usage (433800K) : Executing rule M1.f
2026-07-14 10:39:32 -0400: Memory Usage (433800K) : Executing rule M1.g
2026-07-14 10:39:32 -0400: Memory Usage (433732K) : Executing rule M1.i
2026-07-14 10:39:32 -0400: Memory Usage (433668K) : Starting 5.17 Metaln table
2026-07-14 10:39:32 -0400: Memory Usage (433668K) : Executing rule M2.a
2026-07-14 10:39:32 -0400: Memory Usage (433668K) : Executing rule M2.b
2026-07-14 10:39:32 -0400: Memory Usage (433604K) : Executing rule M2.e
2026-07-14 10:39:32 -0400: Memory Usage (433804K) : Executing rule M2.f
2026-07-14 10:39:32 -0400: Memory Usage (433804K) : Executing rule M2.g
2026-07-14 10:39:32 -0400: Memory Usage (433740K) : Executing rule M2.i
2026-07-14 10:39:32 -0400: Memory Usage (433676K) : Executing rule M3.a
2026-07-14 10:39:32 -0400: Memory Usage (433676K) : Executing rule M3.b
2026-07-14 10:39:32 -0400: Memory Usage (433612K) : Executing rule M3.e
2026-07-14 10:39:32 -0400: Memory Usage (433812K) : Executing rule M3.f
2026-07-14 10:39:32 -0400: Memory Usage (433812K) : Executing rule M3.g
2026-07-14 10:39:32 -0400: Memory Usage (433748K) : Executing rule M3.i
2026-07-14 10:39:32 -0400: Memory Usage (433684K) : Executing rule M4.a
2026-07-14 10:39:32 -0400: Memory Usage (433684K) : Executing rule M4.b
2026-07-14 10:39:32 -0400: Memory Usage (433620K) : Executing rule M4.e
2026-07-14 10:39:32 -0400: Memory Usage (433820K) : Executing rule M4.f
2026-07-14 10:39:32 -0400: Memory Usage (433820K) : Executing rule M4.g
2026-07-14 10:39:32 -0400: Memory Usage (433756K) : Executing rule M4.i
2026-07-14 10:39:32 -0400: Memory Usage (433692K) : Executing rule M5.a
2026-07-14 10:39:32 -0400: Memory Usage (433692K) : Executing rule M5.b
2026-07-14 10:39:32 -0400: Memory Usage (433632K) : Executing rule M5.e
2026-07-14 10:39:32 -0400: Memory Usage (433832K) : Executing rule M5.f
2026-07-14 10:39:32 -0400: Memory Usage (433832K) : Executing rule M5.g
2026-07-14 10:39:32 -0400: Memory Usage (433768K) : Executing rule M5.i
2026-07-14 10:39:32 -0400: Memory Usage (433704K) : Starting 5.18 Metaln:filler table
2026-07-14 10:39:32 -0400: Memory Usage (433704K) : Executing rule M1Fil.c
2026-07-14 10:39:32 -0400: Memory Usage (433704K) : Executing rule M1Fil.a2
2026-07-14 10:39:32 -0400: Memory Usage (433704K) : Executing rule M2Fil.c
2026-07-14 10:39:32 -0400: Memory Usage (433704K) : Executing rule M2Fil.a2
2026-07-14 10:39:32 -0400: Memory Usage (433704K) : Executing rule M3Fil.c
2026-07-14 10:39:32 -0400: Memory Usage (433704K) : Executing rule M3Fil.a2
2026-07-14 10:39:32 -0400: Memory Usage (433704K) : Executing rule M4Fil.c
2026-07-14 10:39:32 -0400: Memory Usage (433704K) : Executing rule M4Fil.a2
2026-07-14 10:39:32 -0400: Memory Usage (433704K) : Executing rule M5Fil.c
2026-07-14 10:39:32 -0400: Memory Usage (433704K) : Executing rule M5Fil.a2
2026-07-14 10:39:32 -0400: Memory Usage (433704K) : Starting 5.19. Via1 table
2026-07-14 10:39:32 -0400: Memory Usage (433704K) : Starting 5.19. Via1 table derivations
2026-07-14 10:39:32 -0400: Memory Usage (433704K) : Executing rule V1.a
2026-07-14 10:39:32 -0400: Memory Usage (433636K) : Executing rule V1.b
2026-07-14 10:39:32 -0400: Memory Usage (433580K) : Executing rule V1.c
2026-07-14 10:39:32 -0400: Memory Usage (433784K) : Starting 5.20. Vian table
2026-07-14 10:39:32 -0400: Memory Usage (433784K) : Executing rule V2.a
2026-07-14 10:39:32 -0400: Memory Usage (433784K) : Executing rule V2.b
2026-07-14 10:39:32 -0400: Memory Usage (433720K) : Executing rule V2.c
2026-07-14 10:39:32 -0400: Memory Usage (433660K) : Executing rule V3.a
2026-07-14 10:39:32 -0400: Memory Usage (433660K) : Executing rule V3.b
2026-07-14 10:39:32 -0400: Memory Usage (433596K) : Executing rule V3.c
2026-07-14 10:39:32 -0400: Memory Usage (433852K) : Executing rule V4.a
2026-07-14 10:39:32 -0400: Memory Usage (433852K) : Executing rule V4.b
2026-07-14 10:39:32 -0400: Memory Usage (433788K) : Executing rule V4.c
2026-07-14 10:39:32 -0400: Memory Usage (433724K) : Starting 5.21. TopVia1 table
2026-07-14 10:39:32 -0400: Memory Usage (433724K) : Executing rule TV1.a
2026-07-14 10:39:32 -0400: Memory Usage (433724K) : Executing rule TV1.b
2026-07-14 10:39:32 -0400: Memory Usage (433656K) : Executing rule TV1.c
2026-07-14 10:39:32 -0400: Memory Usage (433860K) : Executing rule TV1.d
2026-07-14 10:39:32 -0400: Memory Usage (433796K) : Starting 5.22. TopMetal1 table
2026-07-14 10:39:32 -0400: Memory Usage (433796K) : Executing rule TM1.a
2026-07-14 10:39:32 -0400: Memory Usage (433796K) : Executing rule TM1.b
2026-07-14 10:39:32 -0400: Memory Usage (433732K) : Starting 5.23 TopMetal1:filler table
2026-07-14 10:39:32 -0400: Memory Usage (433732K) : Executing rule TM1Fil.c
2026-07-14 10:39:32 -0400: Memory Usage (433732K) : Executing rule TM1Fil.a1
2026-07-14 10:39:32 -0400: Memory Usage (433732K) : Starting 5.24. TopVia2 table
2026-07-14 10:39:32 -0400: Memory Usage (433732K) : Executing rule TV2.a
2026-07-14 10:39:32 -0400: Memory Usage (433732K) : Executing rule TV2.b
2026-07-14 10:39:32 -0400: Memory Usage (433668K) : Executing rule TV2.c
2026-07-14 10:39:32 -0400: Memory Usage (433864K) : Executing rule TV2.d
2026-07-14 10:39:32 -0400: Memory Usage (433800K) : Starting 5.25. TopMetal2 table
2026-07-14 10:39:32 -0400: Memory Usage (433800K) : Executing rule TM2.a
2026-07-14 10:39:32 -0400: Memory Usage (433800K) : Executing rule TM2.b
2026-07-14 10:39:32 -0400: Memory Usage (433736K) : Executing rule TM2.bR
2026-07-14 10:39:32 -0400: Memory Usage (433672K) : Starting 5.26 TopMetal2:filler table
2026-07-14 10:39:32 -0400: Memory Usage (433672K) : Executing rule TM2Fil.c
2026-07-14 10:39:32 -0400: Memory Usage (433672K) : Executing rule TM2Fil.a1
2026-07-14 10:39:32 -0400: Memory Usage (433672K) : Starting 5.27. Passiv table
2026-07-14 10:39:32 -0400: Memory Usage (433672K) : Executing rule Pas.a
2026-07-14 10:39:32 -0400: Memory Usage (433672K) : Executing rule Pas.b
2026-07-14 10:39:32 -0400: Memory Usage (433672K) : Executing rule Pas.c
2026-07-14 10:39:32 -0400: Memory Usage (433672K) : Starting 6.9.2 Copper Pillar table
2026-07-14 10:39:32 -0400: Memory Usage (433672K) : Executing rule Padc.a
2026-07-14 10:39:32 -0400: Memory Usage (433672K) : Executing rule Padc.b
2026-07-14 10:39:32 -0400: Memory Usage (433672K) : Executing rule Padc.c
2026-07-14 10:39:32 -0400: Memory Usage (433672K) : Executing rule Padb.f
2026-07-14 10:39:32 -0400: Memory Usage (433672K) : Starting 6.9 Pad table
2026-07-14 10:39:32 -0400: Memory Usage (433672K) : Executing rule Pad.m
2026-07-14 10:39:32 -0400: Memory Usage (433672K) : Executing rule Pad.fR_M1
2026-07-14 10:39:32 -0400: Memory Usage (433672K) : Executing rule Pad.fR_M2
2026-07-14 10:39:32 -0400: Memory Usage (433672K) : Executing rule Pad.fR_M3
2026-07-14 10:39:32 -0400: Memory Usage (433672K) : Executing rule Pad.fR_M4
2026-07-14 10:39:32 -0400: Memory Usage (433672K) : Executing rule Pad.fR_M5
2026-07-14 10:39:32 -0400: Memory Usage (433672K) : Executing rule Pad.fR_TM1
2026-07-14 10:39:32 -0400: Memory Usage (433672K) : Executing rule Pad.fR_TM2
2026-07-14 10:39:32 -0400: Memory Usage (433672K) : Executing rule Pad.i
2026-07-14 10:39:32 -0400: Memory Usage (433672K) : Starting 6.9.1 Solder Bump
2026-07-14 10:39:32 -0400: Memory Usage (433672K) : Executing rule Padb.a
2026-07-14 10:39:32 -0400: Memory Usage (433672K) : Executing rule Padb.b
2026-07-14 10:39:32 -0400: Memory Usage (433672K) : Executing rule Padb.c
2026-07-14 10:39:32 -0400: Memory Usage (433672K) : Executing rule Padb.f
2026-07-14 10:39:32 -0400: Memory Usage (433672K) : Executing rule Padb.d
2026-07-14 10:39:32 -0400: Memory Usage (433672K) : Starting 6.10 Sealring table
2026-07-14 10:39:32 -0400: Memory Usage (433672K) : Executing rule Seal.l
2026-07-14 10:39:32 -0400: Memory Usage (433672K) : Executing rule Seal.n
2026-07-14 10:39:32 -0400: Memory Usage (433672K) : Executing rule seal.b_metal1
2026-07-14 10:39:32 -0400: Memory Usage (433928K) : Executing rule seal.b_metal2
2026-07-14 10:39:32 -0400: Memory Usage (433928K) : Executing rule seal.b_metal3
2026-07-14 10:39:32 -0400: Memory Usage (434192K) : Executing rule seal.b_metal4
2026-07-14 10:39:32 -0400: Memory Usage (434456K) : Executing rule seal.b_metal5
2026-07-14 10:39:32 -0400: Memory Usage (434456K) : Executing rule seal.b_topmetal1
2026-07-14 10:39:32 -0400: Memory Usage (434720K) : Executing rule seal.b_topmetal2
2026-07-14 10:39:32 -0400: Memory Usage (434984K) : Executing rule seal.b_activ
2026-07-14 10:39:32 -0400: Memory Usage (434984K) : Executing rule seal.b_psd
2026-07-14 10:39:32 -0400: Memory Usage (435248K) : Executing rule Seal.k
2026-07-14 10:39:32 -0400: Memory Usage (435512K) : Executing rule Seal.m
2026-07-14 10:39:32 -0400: Memory Usage (435512K) : Starting 6.11 MIM table
2026-07-14 10:39:32 -0400: Memory Usage (435512K) : Executing rule MIM.c
2026-07-14 10:39:32 -0400: Memory Usage (435912K) : Executing rule MIM.d
2026-07-14 10:39:32 -0400: Memory Usage (435852K) : Executing rule MIM.gR
2026-07-14 10:39:32 -0400: Memory Usage (435852K) : Starting 7.3 Metal Slits table
2026-07-14 10:39:32 -0400: Memory Usage (435852K) : Executing rule Slt.e1_M1
2026-07-14 10:39:32 -0400: Memory Usage (436116K) : Executing rule Slt.e1_M2
2026-07-14 10:39:32 -0400: Memory Usage (436116K) : Executing rule Slt.e1_M3
2026-07-14 10:39:32 -0400: Memory Usage (436380K) : Executing rule Slt.e1_M4
2026-07-14 10:39:32 -0400: Memory Usage (436380K) : Executing rule Slt.e1_M5
2026-07-14 10:39:32 -0400: Memory Usage (436644K) : Executing rule Slt.e1_TM1
2026-07-14 10:39:32 -0400: Memory Usage (436644K) : Executing rule Slt.e1_TM2
2026-07-14 10:39:32 -0400: Memory Usage (436908K) : Starting 9.1. LBE table
2026-07-14 10:39:32 -0400: Memory Usage (436908K) : Executing rule LBE.a
2026-07-14 10:39:32 -0400: Memory Usage (436908K) : Executing rule LBE.b
2026-07-14 10:39:32 -0400: Memory Usage (437172K) : Executing rule LBE.b1
2026-07-14 10:39:32 -0400: Memory Usage (437172K) : Executing rule LBE.c
2026-07-14 10:39:32 -0400: Memory Usage (437172K) : Executing rule LBE.d
2026-07-14 10:39:32 -0400: Memory Usage (437436K) : Executing rule LBE.h
2026-07-14 10:39:32 -0400: Memory Usage (437436K) : Starting 7.4. PIN table
2026-07-14 10:39:32 -0400: Memory Usage (437436K) : Executing rule Pin.a
2026-07-14 10:39:32 -0400: Memory Usage (437700K) : Executing rule Pin.b
2026-07-14 10:39:32 -0400: Memory Usage (437700K) : Executing rule Pin.e
2026-07-14 10:39:32 -0400: Memory Usage (437964K) : Executing rule Pin.f_M2
2026-07-14 10:39:32 -0400: Memory Usage (437964K) : Executing rule Pin.f_M3
2026-07-14 10:39:32 -0400: Memory Usage (438228K) : Executing rule Pin.f_M4
2026-07-14 10:39:32 -0400: Memory Usage (438228K) : Executing rule Pin.f_M5
2026-07-14 10:39:32 -0400: Memory Usage (438228K) : Executing rule Pin.g
2026-07-14 10:39:32 -0400: Memory Usage (438492K) : Executing rule Pin.h
2026-07-14 10:39:32 -0400: Memory Usage (438492K) : Starting 3.1. offgrid table
2026-07-14 10:39:32 -0400: Memory Usage (438492K) : Executing rule activ_drw_Offgrid
2026-07-14 10:39:32 -0400: Memory Usage (439020K) : Executing rule activ_pin_Offgrid
2026-07-14 10:39:32 -0400: Memory Usage (439548K) : Executing rule activ_mask_Offgrid
2026-07-14 10:39:32 -0400: Memory Usage (440076K) : Executing rule activ_filler_Offgrid
2026-07-14 10:39:32 -0400: Memory Usage (440340K) : Executing rule activ_nofill_Offgrid
2026-07-14 10:39:32 -0400: Memory Usage (440868K) : Executing rule activ_opc_Offgrid
2026-07-14 10:39:32 -0400: Memory Usage (441396K) : Executing rule activ_iopc_Offgrid
2026-07-14 10:39:32 -0400: Memory Usage (441660K) : Executing rule activ_noqrc_Offgrid
2026-07-14 10:39:32 -0400: Memory Usage (442188K) : Executing rule biwind_drw_Offgrid
2026-07-14 10:39:32 -0400: Memory Usage (442452K) : Executing rule biwind_opc_Offgrid
2026-07-14 10:39:32 -0400: Memory Usage (442452K) : Executing rule pemwind_drw_Offgrid
2026-07-14 10:39:32 -0400: Memory Usage (442452K) : Executing rule gatpoly_drw_Offgrid
2026-07-14 10:39:32 -0400: Memory Usage (442452K) : Executing rule gatpoly_pin_Offgrid
2026-07-14 10:39:32 -0400: Memory Usage (442452K) : Executing rule gatpoly_filler_Offgrid
2026-07-14 10:39:32 -0400: Memory Usage (442452K) : Executing rule gatpoly_nofill_Offgrid
2026-07-14 10:39:32 -0400: Memory Usage (442452K) : Executing rule gatpoly_opc_Offgrid
2026-07-14 10:39:32 -0400: Memory Usage (442452K) : Executing rule gatpoly_iopc_Offgrid
2026-07-14 10:39:32 -0400: Memory Usage (442452K) : Executing rule gatpoly_noqrc_Offgrid
2026-07-14 10:39:32 -0400: Memory Usage (442452K) : Executing rule cont_drw_Offgrid
2026-07-14 10:39:32 -0400: Memory Usage (442452K) : Executing rule cont_opc_Offgrid
2026-07-14 10:39:32 -0400: Memory Usage (442452K) : Executing rule nsd_drw_Offgrid
2026-07-14 10:39:32 -0400: Memory Usage (442452K) : Executing rule nsd_block_Offgrid
2026-07-14 10:39:32 -0400: Memory Usage (442452K) : Executing rule metal1_drw_Offgrid
2026-07-14 10:39:32 -0400: Memory Usage (442452K) : Executing rule metal1_pin_Offgrid
2026-07-14 10:39:32 -0400: Memory Usage (442452K) : Executing rule metal1_mask_Offgrid
2026-07-14 10:39:32 -0400: Memory Usage (442452K) : Executing rule metal1_filler_Offgrid
2026-07-14 10:39:32 -0400: Memory Usage (442452K) : Executing rule metal1_nofill_Offgrid
2026-07-14 10:39:32 -0400: Memory Usage (442452K) : Executing rule metal1_slit_Offgrid
2026-07-14 10:39:32 -0400: Memory Usage (442452K) : Executing rule metal1_opc_Offgrid
2026-07-14 10:39:32 -0400: Memory Usage (442452K) : Executing rule metal1_noqrc_Offgrid
2026-07-14 10:39:32 -0400: Memory Usage (442452K) : Executing rule metal1_res_Offgrid
2026-07-14 10:39:32 -0400: Memory Usage (442452K) : Executing rule metal1_iprobe_Offgrid
2026-07-14 10:39:32 -0400: Memory Usage (442452K) : Executing rule metal1_diffprb_Offgrid
2026-07-14 10:39:32 -0400: Memory Usage (442452K) : Executing rule passiv_drw_Offgrid
2026-07-14 10:39:32 -0400: Memory Usage (442452K) : Executing rule passiv_pin_Offgrid
2026-07-14 10:39:32 -0400: Memory Usage (442452K) : Executing rule passiv_pillar_Offgrid
2026-07-14 10:39:32 -0400: Memory Usage (442452K) : Executing rule passiv_sbump_Offgrid
2026-07-14 10:39:32 -0400: Memory Usage (442452K) : Executing rule passiv_pdl_Offgrid
2026-07-14 10:39:32 -0400: Memory Usage (442452K) : Executing rule metal2_drw_Offgrid
2026-07-14 10:39:32 -0400: Memory Usage (442452K) : Executing rule metal2_pin_Offgrid
2026-07-14 10:39:32 -0400: Memory Usage (442452K) : Executing rule metal2_mask_Offgrid
2026-07-14 10:39:32 -0400: Memory Usage (442452K) : Executing rule metal2_filler_Offgrid
2026-07-14 10:39:32 -0400: Memory Usage (442452K) : Executing rule metal2_nofill_Offgrid
2026-07-14 10:39:32 -0400: Memory Usage (442452K) : Executing rule metal2_slit_Offgrid
2026-07-14 10:39:32 -0400: Memory Usage (442452K) : Executing rule metal2_opc_Offgrid
2026-07-14 10:39:32 -0400: Memory Usage (442452K) : Executing rule metal2_noqrc_Offgrid
2026-07-14 10:39:32 -0400: Memory Usage (442452K) : Executing rule metal2_res_Offgrid
2026-07-14 10:39:32 -0400: Memory Usage (442452K) : Executing rule metal2_iprobe_Offgrid
2026-07-14 10:39:32 -0400: Memory Usage (442452K) : Executing rule metal2_diffprb_Offgrid
2026-07-14 10:39:32 -0400: Memory Usage (442452K) : Executing rule baspoly_drw_Offgrid
2026-07-14 10:39:32 -0400: Memory Usage (442452K) : Executing rule baspoly_pin_Offgrid
2026-07-14 10:39:32 -0400: Memory Usage (442452K) : Executing rule psd_drw_Offgrid
2026-07-14 10:39:32 -0400: Memory Usage (442452K) : Executing rule nldb_drw_Offgrid
2026-07-14 10:39:32 -0400: Memory Usage (442452K) : Executing rule via1_drw_Offgrid
2026-07-14 10:39:32 -0400: Memory Usage (442452K) : Executing rule backmetal1_drw_Offgrid
2026-07-14 10:39:32 -0400: Memory Usage (442452K) : Executing rule backmetal1_pin_Offgrid
2026-07-14 10:39:32 -0400: Memory Usage (442452K) : Executing rule backmetal1_mask_Offgrid
2026-07-14 10:39:32 -0400: Memory Usage (442452K) : Executing rule backmetal1_filler_Offgrid
2026-07-14 10:39:32 -0400: Memory Usage (442452K) : Executing rule backmetal1_nofill_Offgrid
2026-07-14 10:39:32 -0400: Memory Usage (442452K) : Executing rule backmetal1_slit_Offgrid
2026-07-14 10:39:32 -0400: Memory Usage (442452K) : Executing rule backmetal1_opc_Offgrid
2026-07-14 10:39:32 -0400: Memory Usage (442452K) : Executing rule backmetal1_noqrc_Offgrid
2026-07-14 10:39:32 -0400: Memory Usage (442452K) : Executing rule backmetal1_res_Offgrid
2026-07-14 10:39:32 -0400: Memory Usage (442452K) : Executing rule backmetal1_iprobe_Offgrid
2026-07-14 10:39:32 -0400: Memory Usage (442452K) : Executing rule backmetal1_diffprb_Offgrid
2026-07-14 10:39:32 -0400: Memory Usage (442452K) : Executing rule backpassiv_drw_Offgrid
2026-07-14 10:39:32 -0400: Memory Usage (442452K) : Executing rule salblock_drw_Offgrid
2026-07-14 10:39:32 -0400: Memory Usage (442980K) : Executing rule via2_drw_Offgrid
2026-07-14 10:39:32 -0400: Memory Usage (443508K) : Executing rule metal3_drw_Offgrid
2026-07-14 10:39:32 -0400: Memory Usage (444036K) : Executing rule metal3_pin_Offgrid
2026-07-14 10:39:32 -0400: Memory Usage (444300K) : Executing rule metal3_mask_Offgrid
2026-07-14 10:39:32 -0400: Memory Usage (444828K) : Executing rule metal3_filler_Offgrid
2026-07-14 10:39:32 -0400: Memory Usage (445356K) : Executing rule metal3_nofill_Offgrid
2026-07-14 10:39:32 -0400: Memory Usage (445620K) : Executing rule metal3_slit_Offgrid
2026-07-14 10:39:32 -0400: Memory Usage (446148K) : Executing rule metal3_opc_Offgrid
2026-07-14 10:39:32 -0400: Memory Usage (446676K) : Executing rule metal3_noqrc_Offgrid
2026-07-14 10:39:33 -0400: Memory Usage (447204K) : Executing rule metal3_res_Offgrid
2026-07-14 10:39:33 -0400: Memory Usage (447468K) : Executing rule metal3_iprobe_Offgrid
2026-07-14 10:39:33 -0400: Memory Usage (447996K) : Executing rule metal3_diffprb_Offgrid
2026-07-14 10:39:33 -0400: Memory Usage (448524K) : Executing rule nwell_drw_Offgrid
2026-07-14 10:39:33 -0400: Memory Usage (448788K) : Executing rule nwell_pin_Offgrid
2026-07-14 10:39:33 -0400: Memory Usage (449316K) : Executing rule nbulay_drw_Offgrid
2026-07-14 10:39:33 -0400: Memory Usage (449844K) : Executing rule nbulay_pin_Offgrid
2026-07-14 10:39:33 -0400: Memory Usage (450108K) : Executing rule nbulay_block_Offgrid
2026-07-14 10:39:33 -0400: Memory Usage (450636K) : Executing rule pwell_drw_Offgrid
2026-07-14 10:39:33 -0400: Memory Usage (451164K) : Executing rule pwell_pin_Offgrid
2026-07-14 10:39:33 -0400: Memory Usage (451692K) : Executing rule pwell_block_Offgrid
2026-07-14 10:39:33 -0400: Memory Usage (451956K) : Executing rule emwind_drw_Offgrid
2026-07-14 10:39:33 -0400: Memory Usage (452484K) : Executing rule emwind_opc_Offgrid
2026-07-14 10:39:33 -0400: Memory Usage (453012K) : Executing rule deepco_drw_Offgrid
2026-07-14 10:39:33 -0400: Memory Usage (453276K) : Executing rule mim_drw_Offgrid
2026-07-14 10:39:33 -0400: Memory Usage (453804K) : Executing rule substrate_drw_Offgrid
2026-07-14 10:39:33 -0400: Memory Usage (454332K) : Executing rule ic_drw_Offgrid
2026-07-14 10:39:33 -0400: Memory Usage (454596K) : Executing rule via3_drw_Offgrid
2026-07-14 10:39:33 -0400: Memory Usage (455124K) : Executing rule pldb_drw_Offgrid
2026-07-14 10:39:33 -0400: Memory Usage (455652K) : Executing rule metal4_drw_Offgrid
2026-07-14 10:39:33 -0400: Memory Usage (456180K) : Executing rule metal4_pin_Offgrid
2026-07-14 10:39:33 -0400: Memory Usage (456444K) : Executing rule metal4_mask_Offgrid
2026-07-14 10:39:33 -0400: Memory Usage (456972K) : Executing rule metal4_filler_Offgrid
2026-07-14 10:39:33 -0400: Memory Usage (456972K) : Executing rule metal4_nofill_Offgrid
2026-07-14 10:39:33 -0400: Memory Usage (456972K) : Executing rule metal4_slit_Offgrid
2026-07-14 10:39:33 -0400: Memory Usage (456972K) : Executing rule metal4_opc_Offgrid
2026-07-14 10:39:33 -0400: Memory Usage (456972K) : Executing rule metal4_noqrc_Offgrid
2026-07-14 10:39:33 -0400: Memory Usage (456972K) : Executing rule metal4_res_Offgrid
2026-07-14 10:39:33 -0400: Memory Usage (456972K) : Executing rule metal4_iprobe_Offgrid
2026-07-14 10:39:33 -0400: Memory Usage (456972K) : Executing rule metal4_diffprb_Offgrid
2026-07-14 10:39:33 -0400: Memory Usage (456972K) : Executing rule via4_drw_Offgrid
2026-07-14 10:39:33 -0400: Memory Usage (456972K) : Executing rule metal5_drw_Offgrid
2026-07-14 10:39:33 -0400: Memory Usage (456972K) : Executing rule metal5_pin_Offgrid
2026-07-14 10:39:33 -0400: Memory Usage (456972K) : Executing rule metal5_mask_Offgrid
2026-07-14 10:39:33 -0400: Memory Usage (456972K) : Executing rule metal5_filler_Offgrid
2026-07-14 10:39:33 -0400: Memory Usage (456972K) : Executing rule metal5_nofill_Offgrid
2026-07-14 10:39:33 -0400: Memory Usage (456972K) : Executing rule metal5_slit_Offgrid
2026-07-14 10:39:33 -0400: Memory Usage (456972K) : Executing rule metal5_opc_Offgrid
2026-07-14 10:39:33 -0400: Memory Usage (456972K) : Executing rule metal5_noqrc_Offgrid
2026-07-14 10:39:33 -0400: Memory Usage (456972K) : Executing rule metal5_res_Offgrid
2026-07-14 10:39:33 -0400: Memory Usage (456972K) : Executing rule metal5_iprobe_Offgrid
2026-07-14 10:39:33 -0400: Memory Usage (456972K) : Executing rule metal5_diffprb_Offgrid
2026-07-14 10:39:33 -0400: Memory Usage (456972K) : Executing rule prboundary_drw_Offgrid
2026-07-14 10:39:33 -0400: Memory Usage (456972K) : Executing rule exchange0_drw_Offgrid
2026-07-14 10:39:33 -0400: Memory Usage (456972K) : Executing rule exchange0_pin_Offgrid
2026-07-14 10:39:33 -0400: Memory Usage (456972K) : Executing rule exchange1_drw_Offgrid
2026-07-14 10:39:33 -0400: Memory Usage (456972K) : Executing rule exchange1_pin_Offgrid
2026-07-14 10:39:33 -0400: Memory Usage (456972K) : Executing rule exchange2_drw_Offgrid
2026-07-14 10:39:33 -0400: Memory Usage (456972K) : Executing rule exchange2_pin_Offgrid
2026-07-14 10:39:33 -0400: Memory Usage (456972K) : Executing rule exchange3_drw_Offgrid
2026-07-14 10:39:33 -0400: Memory Usage (456972K) : Executing rule exchange3_pin_Offgrid
2026-07-14 10:39:33 -0400: Memory Usage (456972K) : Executing rule exchange4_drw_Offgrid
2026-07-14 10:39:33 -0400: Memory Usage (456972K) : Executing rule exchange4_pin_Offgrid
2026-07-14 10:39:33 -0400: Memory Usage (456972K) : Executing rule isonwell_drw_Offgrid
2026-07-14 10:39:33 -0400: Memory Usage (456972K) : Executing rule thickgateox_drw_Offgrid
2026-07-14 10:39:33 -0400: Memory Usage (456972K) : Executing rule pempoly_drw_Offgrid
2026-07-14 10:39:33 -0400: Memory Usage (456972K) : Executing rule fbe_drw_Offgrid
2026-07-14 10:39:33 -0400: Memory Usage (456972K) : Executing rule empoly_drw_Offgrid
2026-07-14 10:39:33 -0400: Memory Usage (456972K) : Executing rule ldmos_drw_Offgrid
2026-07-14 10:39:33 -0400: Memory Usage (456972K) : Executing rule pbiwind_drw_Offgrid
2026-07-14 10:39:33 -0400: Memory Usage (456972K) : Executing rule colopen_drw_Offgrid
2026-07-14 10:39:33 -0400: Memory Usage (456972K) : Executing rule extblock_drw_Offgrid
2026-07-14 10:39:33 -0400: Memory Usage (456972K) : Executing rule nldd_drw_Offgrid
2026-07-14 10:39:33 -0400: Memory Usage (456972K) : Executing rule pldd_drw_Offgrid
2026-07-14 10:39:33 -0400: Memory Usage (456972K) : Executing rule next_drw_Offgrid
2026-07-14 10:39:33 -0400: Memory Usage (456972K) : Executing rule pext_drw_Offgrid
2026-07-14 10:39:33 -0400: Memory Usage (456972K) : Executing rule nexthv_drw_Offgrid
2026-07-14 10:39:33 -0400: Memory Usage (456972K) : Executing rule pexthv_drw_Offgrid
2026-07-14 10:39:33 -0400: Memory Usage (456972K) : Executing rule graphgate_drw_Offgrid
2026-07-14 10:39:33 -0400: Memory Usage (456972K) : Executing rule mempad_drw_Offgrid
2026-07-14 10:39:33 -0400: Memory Usage (456972K) : Executing rule topvia1_drw_Offgrid
2026-07-14 10:39:33 -0400: Memory Usage (456972K) : Executing rule topmetal1_drw_Offgrid
2026-07-14 10:39:33 -0400: Memory Usage (456972K) : Executing rule topmetal1_pin_Offgrid
2026-07-14 10:39:33 -0400: Memory Usage (456972K) : Executing rule topmetal1_mask_Offgrid
2026-07-14 10:39:33 -0400: Memory Usage (456972K) : Executing rule topmetal1_filler_Offgrid
2026-07-14 10:39:33 -0400: Memory Usage (456972K) : Executing rule topmetal1_nofill_Offgrid
2026-07-14 10:39:33 -0400: Memory Usage (456972K) : Executing rule topmetal1_slit_Offgrid
2026-07-14 10:39:33 -0400: Memory Usage (456972K) : Executing rule topmetal1_noqrc_Offgrid
2026-07-14 10:39:33 -0400: Memory Usage (456972K) : Executing rule topmetal1_res_Offgrid
2026-07-14 10:39:33 -0400: Memory Usage (456972K) : Executing rule topmetal1_iprobe_Offgrid
2026-07-14 10:39:33 -0400: Memory Usage (456972K) : Executing rule topmetal1_diffprb_Offgrid
2026-07-14 10:39:33 -0400: Memory Usage (456972K) : Executing rule inldpwl_drw_Offgrid
2026-07-14 10:39:33 -0400: Memory Usage (456972K) : Executing rule polyres_drw_Offgrid
2026-07-14 10:39:33 -0400: Memory Usage (456972K) : Executing rule polyres_pin_Offgrid
2026-07-14 10:39:33 -0400: Memory Usage (456972K) : Executing rule vmim_drw_Offgrid
2026-07-14 10:39:33 -0400: Memory Usage (456972K) : Executing rule nbulaycut_drw_Offgrid
2026-07-14 10:39:33 -0400: Memory Usage (456972K) : Executing rule antmetal1_drw_Offgrid
2026-07-14 10:39:33 -0400: Memory Usage (456972K) : Executing rule topvia2_drw_Offgrid
2026-07-14 10:39:33 -0400: Memory Usage (456972K) : Executing rule topmetal2_drw_Offgrid
2026-07-14 10:39:33 -0400: Memory Usage (456972K) : Executing rule topmetal2_pin_Offgrid
2026-07-14 10:39:33 -0400: Memory Usage (456972K) : Executing rule topmetal2_mask_Offgrid
2026-07-14 10:39:33 -0400: Memory Usage (456972K) : Executing rule topmetal2_filler_Offgrid
2026-07-14 10:39:33 -0400: Memory Usage (456972K) : Executing rule topmetal2_nofill_Offgrid
2026-07-14 10:39:33 -0400: Memory Usage (456972K) : Executing rule topmetal2_slit_Offgrid
2026-07-14 10:39:33 -0400: Memory Usage (456972K) : Executing rule topmetal2_noqrc_Offgrid
2026-07-14 10:39:33 -0400: Memory Usage (456972K) : Executing rule topmetal2_res_Offgrid
2026-07-14 10:39:33 -0400: Memory Usage (456972K) : Executing rule topmetal2_iprobe_Offgrid
2026-07-14 10:39:33 -0400: Memory Usage (456972K) : Executing rule topmetal2_diffprb_Offgrid
2026-07-14 10:39:33 -0400: Memory Usage (456972K) : Executing rule snsring_drw_Offgrid
2026-07-14 10:39:33 -0400: Memory Usage (456972K) : Executing rule sensor_drw_Offgrid
2026-07-14 10:39:33 -0400: Memory Usage (456972K) : Executing rule snsarms_drw_Offgrid
2026-07-14 10:39:33 -0400: Memory Usage (456972K) : Executing rule snscmosvia_drw_Offgrid
2026-07-14 10:39:33 -0400: Memory Usage (456972K) : Executing rule colwind_drw_Offgrid
2026-07-14 10:39:33 -0400: Memory Usage (456972K) : Executing rule flm_drw_Offgrid
2026-07-14 10:39:33 -0400: Memory Usage (456972K) : Executing rule hafniumox_drw_Offgrid
2026-07-14 10:39:33 -0400: Memory Usage (456972K) : Executing rule memvia_drw_Offgrid
2026-07-14 10:39:33 -0400: Memory Usage (456972K) : Executing rule thinfilmres_drw_Offgrid
2026-07-14 10:39:33 -0400: Memory Usage (456972K) : Executing rule rfmem_drw_Offgrid
2026-07-14 10:39:33 -0400: Memory Usage (456972K) : Executing rule snsbotvia_drw_Offgrid
2026-07-14 10:39:33 -0400: Memory Usage (456972K) : Executing rule snstopvia_drw_Offgrid
2026-07-14 10:39:33 -0400: Memory Usage (456972K) : Executing rule deepvia_drw_Offgrid
2026-07-14 10:39:33 -0400: Memory Usage (456972K) : Executing rule fgetch_drw_Offgrid
2026-07-14 10:39:33 -0400: Memory Usage (456972K) : Executing rule ctrgat_drw_Offgrid
2026-07-14 10:39:33 -0400: Memory Usage (456972K) : Executing rule fgimp_drw_Offgrid
2026-07-14 10:39:33 -0400: Memory Usage (456972K) : Executing rule emwihv_drw_Offgrid
2026-07-14 10:39:33 -0400: Memory Usage (456972K) : Executing rule lbe_drw_Offgrid
2026-07-14 10:39:33 -0400: Memory Usage (456972K) : Executing rule alcustop_drw_Offgrid
2026-07-14 10:39:33 -0400: Memory Usage (456972K) : Starting 3.2. angle table
2026-07-14 10:39:33 -0400: Memory Usage (456972K) : Executing rule activ_drw_Acute
2026-07-14 10:39:33 -0400: Memory Usage (456972K) : Executing rule activ_pin_Acute
2026-07-14 10:39:33 -0400: Memory Usage (456972K) : Executing rule activ_mask_Acute
2026-07-14 10:39:33 -0400: Memory Usage (456972K) : Executing rule activ_filler_Acute
2026-07-14 10:39:33 -0400: Memory Usage (456972K) : Executing rule activ_nofill_Acute
2026-07-14 10:39:33 -0400: Memory Usage (456972K) : Executing rule activ_opc_Acute
2026-07-14 10:39:33 -0400: Memory Usage (456972K) : Executing rule activ_iopc_Acute
2026-07-14 10:39:33 -0400: Memory Usage (456972K) : Executing rule activ_noqrc_Acute
2026-07-14 10:39:33 -0400: Memory Usage (456972K) : Executing rule biwind_drw_Acute
2026-07-14 10:39:33 -0400: Memory Usage (456972K) : Executing rule biwind_opc_Acute
2026-07-14 10:39:33 -0400: Memory Usage (456972K) : Executing rule pemwind_drw_Acute
2026-07-14 10:39:33 -0400: Memory Usage (456972K) : Executing rule gatpoly_drw_Acute
2026-07-14 10:39:33 -0400: Memory Usage (456972K) : Executing rule gatpoly_pin_Acute
2026-07-14 10:39:33 -0400: Memory Usage (456972K) : Executing rule gatpoly_filler_Acute
2026-07-14 10:39:33 -0400: Memory Usage (456972K) : Executing rule gatpoly_nofill_Acute
2026-07-14 10:39:33 -0400: Memory Usage (456972K) : Executing rule gatpoly_opc_Acute
2026-07-14 10:39:33 -0400: Memory Usage (456972K) : Executing rule gatpoly_iopc_Acute
2026-07-14 10:39:33 -0400: Memory Usage (456972K) : Executing rule gatpoly_noqrc_Acute
2026-07-14 10:39:33 -0400: Memory Usage (456972K) : Executing rule cont_drw_Acute
2026-07-14 10:39:33 -0400: Memory Usage (456972K) : Executing rule cont_opc_Acute
2026-07-14 10:39:33 -0400: Memory Usage (456972K) : Executing rule nsd_drw_Acute
2026-07-14 10:39:33 -0400: Memory Usage (456972K) : Executing rule nsd_block_Acute
2026-07-14 10:39:33 -0400: Memory Usage (456972K) : Executing rule metal1_drw_Acute
2026-07-14 10:39:33 -0400: Memory Usage (456972K) : Executing rule metal1_pin_Acute
2026-07-14 10:39:33 -0400: Memory Usage (456972K) : Executing rule metal1_mask_Acute
2026-07-14 10:39:33 -0400: Memory Usage (456972K) : Executing rule metal1_filler_Acute
2026-07-14 10:39:33 -0400: Memory Usage (456972K) : Executing rule metal1_nofill_Acute
2026-07-14 10:39:33 -0400: Memory Usage (456972K) : Executing rule metal1_slit_Acute
2026-07-14 10:39:33 -0400: Memory Usage (456972K) : Executing rule metal1_opc_Acute
2026-07-14 10:39:33 -0400: Memory Usage (456972K) : Executing rule metal1_noqrc_Acute
2026-07-14 10:39:33 -0400: Memory Usage (456972K) : Executing rule metal1_res_Acute
2026-07-14 10:39:33 -0400: Memory Usage (456972K) : Executing rule metal1_iprobe_Acute
2026-07-14 10:39:33 -0400: Memory Usage (456972K) : Executing rule metal1_diffprb_Acute
2026-07-14 10:39:33 -0400: Memory Usage (456972K) : Executing rule passiv_drw_Acute
2026-07-14 10:39:33 -0400: Memory Usage (456972K) : Executing rule passiv_pin_Acute
2026-07-14 10:39:33 -0400: Memory Usage (456972K) : Executing rule passiv_pillar_Acute
2026-07-14 10:39:33 -0400: Memory Usage (456972K) : Executing rule passiv_sbump_Acute
2026-07-14 10:39:33 -0400: Memory Usage (456972K) : Executing rule passiv_pdl_Acute
2026-07-14 10:39:33 -0400: Memory Usage (456972K) : Executing rule metal2_drw_Acute
2026-07-14 10:39:33 -0400: Memory Usage (456972K) : Executing rule metal2_pin_Acute
2026-07-14 10:39:33 -0400: Memory Usage (456972K) : Executing rule metal2_mask_Acute
2026-07-14 10:39:33 -0400: Memory Usage (456972K) : Executing rule metal2_filler_Acute
2026-07-14 10:39:34 -0400: Memory Usage (456972K) : Executing rule metal2_nofill_Acute
2026-07-14 10:39:34 -0400: Memory Usage (456972K) : Executing rule metal2_slit_Acute
2026-07-14 10:39:34 -0400: Memory Usage (456972K) : Executing rule metal2_opc_Acute
2026-07-14 10:39:34 -0400: Memory Usage (456972K) : Executing rule metal2_noqrc_Acute
2026-07-14 10:39:34 -0400: Memory Usage (456972K) : Executing rule metal2_res_Acute
2026-07-14 10:39:34 -0400: Memory Usage (456972K) : Executing rule metal2_iprobe_Acute
2026-07-14 10:39:34 -0400: Memory Usage (456972K) : Executing rule metal2_diffprb_Acute
2026-07-14 10:39:34 -0400: Memory Usage (456972K) : Executing rule baspoly_drw_Acute
2026-07-14 10:39:34 -0400: Memory Usage (456972K) : Executing rule baspoly_pin_Acute
2026-07-14 10:39:34 -0400: Memory Usage (456972K) : Executing rule psd_drw_Acute
2026-07-14 10:39:34 -0400: Memory Usage (456972K) : Executing rule nldb_drw_Acute
2026-07-14 10:39:34 -0400: Memory Usage (456972K) : Executing rule via1_drw_Acute
2026-07-14 10:39:34 -0400: Memory Usage (456972K) : Executing rule backmetal1_drw_Acute
2026-07-14 10:39:34 -0400: Memory Usage (456972K) : Executing rule backmetal1_pin_Acute
2026-07-14 10:39:34 -0400: Memory Usage (456972K) : Executing rule backmetal1_mask_Acute
2026-07-14 10:39:34 -0400: Memory Usage (456972K) : Executing rule backmetal1_filler_Acute
2026-07-14 10:39:34 -0400: Memory Usage (456972K) : Executing rule backmetal1_nofill_Acute
2026-07-14 10:39:34 -0400: Memory Usage (456972K) : Executing rule backmetal1_slit_Acute
2026-07-14 10:39:34 -0400: Memory Usage (456972K) : Executing rule backmetal1_opc_Acute
2026-07-14 10:39:34 -0400: Memory Usage (456972K) : Executing rule backmetal1_noqrc_Acute
2026-07-14 10:39:34 -0400: Memory Usage (456972K) : Executing rule backmetal1_res_Acute
2026-07-14 10:39:34 -0400: Memory Usage (456972K) : Executing rule backmetal1_iprobe_Acute
2026-07-14 10:39:34 -0400: Memory Usage (456972K) : Executing rule backmetal1_diffprb_Acute
2026-07-14 10:39:34 -0400: Memory Usage (456972K) : Executing rule backpassiv_drw_Acute
2026-07-14 10:39:34 -0400: Memory Usage (456972K) : Executing rule salblock_drw_Acute
2026-07-14 10:39:34 -0400: Memory Usage (456972K) : Executing rule via2_drw_Acute
2026-07-14 10:39:34 -0400: Memory Usage (456972K) : Executing rule metal3_drw_Acute
2026-07-14 10:39:34 -0400: Memory Usage (456972K) : Executing rule metal3_pin_Acute
2026-07-14 10:39:34 -0400: Memory Usage (456972K) : Executing rule metal3_mask_Acute
2026-07-14 10:39:34 -0400: Memory Usage (456972K) : Executing rule metal3_filler_Acute
2026-07-14 10:39:34 -0400: Memory Usage (456972K) : Executing rule metal3_nofill_Acute
2026-07-14 10:39:34 -0400: Memory Usage (456972K) : Executing rule metal3_slit_Acute
2026-07-14 10:39:34 -0400: Memory Usage (456972K) : Executing rule metal3_opc_Acute
2026-07-14 10:39:34 -0400: Memory Usage (456972K) : Executing rule metal3_noqrc_Acute
2026-07-14 10:39:34 -0400: Memory Usage (456972K) : Executing rule metal3_res_Acute
2026-07-14 10:39:34 -0400: Memory Usage (456972K) : Executing rule metal3_iprobe_Acute
2026-07-14 10:39:34 -0400: Memory Usage (456972K) : Executing rule metal3_diffprb_Acute
2026-07-14 10:39:34 -0400: Memory Usage (456972K) : Executing rule nwell_drw_Acute
2026-07-14 10:39:34 -0400: Memory Usage (456972K) : Executing rule nwell_pin_Acute
2026-07-14 10:39:34 -0400: Memory Usage (456972K) : Executing rule nbulay_drw_Acute
2026-07-14 10:39:34 -0400: Memory Usage (456972K) : Executing rule nbulay_pin_Acute
2026-07-14 10:39:34 -0400: Memory Usage (456972K) : Executing rule nbulay_block_Acute
2026-07-14 10:39:34 -0400: Memory Usage (456972K) : Executing rule pwell_drw_Acute
2026-07-14 10:39:34 -0400: Memory Usage (456972K) : Executing rule pwell_pin_Acute
2026-07-14 10:39:34 -0400: Memory Usage (456972K) : Executing rule pwell_block_Acute
2026-07-14 10:39:34 -0400: Memory Usage (456972K) : Executing rule emwind_drw_Acute
2026-07-14 10:39:34 -0400: Memory Usage (456972K) : Executing rule emwind_opc_Acute
2026-07-14 10:39:34 -0400: Memory Usage (456972K) : Executing rule deepco_drw_Acute
2026-07-14 10:39:34 -0400: Memory Usage (456972K) : Executing rule mim_drw_Acute
2026-07-14 10:39:34 -0400: Memory Usage (456972K) : Executing rule substrate_drw_Acute
2026-07-14 10:39:34 -0400: Memory Usage (456972K) : Executing rule ic_drw_Acute
2026-07-14 10:39:34 -0400: Memory Usage (456972K) : Executing rule via3_drw_Acute
2026-07-14 10:39:34 -0400: Memory Usage (456972K) : Executing rule pldb_drw_Acute
2026-07-14 10:39:34 -0400: Memory Usage (456972K) : Executing rule metal4_drw_Acute
2026-07-14 10:39:34 -0400: Memory Usage (456972K) : Executing rule metal4_pin_Acute
2026-07-14 10:39:34 -0400: Memory Usage (456972K) : Executing rule metal4_mask_Acute
2026-07-14 10:39:34 -0400: Memory Usage (456972K) : Executing rule metal4_filler_Acute
2026-07-14 10:39:34 -0400: Memory Usage (456972K) : Executing rule metal4_nofill_Acute
2026-07-14 10:39:34 -0400: Memory Usage (456972K) : Executing rule metal4_slit_Acute
2026-07-14 10:39:34 -0400: Memory Usage (456972K) : Executing rule metal4_opc_Acute
2026-07-14 10:39:34 -0400: Memory Usage (456972K) : Executing rule metal4_noqrc_Acute
2026-07-14 10:39:34 -0400: Memory Usage (456972K) : Executing rule metal4_res_Acute
2026-07-14 10:39:34 -0400: Memory Usage (456972K) : Executing rule metal4_iprobe_Acute
2026-07-14 10:39:34 -0400: Memory Usage (456972K) : Executing rule metal4_diffprb_Acute
2026-07-14 10:39:34 -0400: Memory Usage (456972K) : Executing rule via4_drw_Acute
2026-07-14 10:39:34 -0400: Memory Usage (456972K) : Executing rule metal5_drw_Acute
2026-07-14 10:39:34 -0400: Memory Usage (456972K) : Executing rule metal5_pin_Acute
2026-07-14 10:39:34 -0400: Memory Usage (456972K) : Executing rule metal5_mask_Acute
2026-07-14 10:39:34 -0400: Memory Usage (456972K) : Executing rule metal5_filler_Acute
2026-07-14 10:39:34 -0400: Memory Usage (456972K) : Executing rule metal5_nofill_Acute
2026-07-14 10:39:34 -0400: Memory Usage (456972K) : Executing rule metal5_slit_Acute
2026-07-14 10:39:34 -0400: Memory Usage (456972K) : Executing rule metal5_opc_Acute
2026-07-14 10:39:34 -0400: Memory Usage (456972K) : Executing rule metal5_noqrc_Acute
2026-07-14 10:39:34 -0400: Memory Usage (456972K) : Executing rule metal5_res_Acute
2026-07-14 10:39:34 -0400: Memory Usage (456972K) : Executing rule metal5_iprobe_Acute
2026-07-14 10:39:34 -0400: Memory Usage (456972K) : Executing rule metal5_diffprb_Acute
2026-07-14 10:39:34 -0400: Memory Usage (456972K) : Executing rule prboundary_drw_Acute
2026-07-14 10:39:34 -0400: Memory Usage (456972K) : Executing rule exchange0_drw_Acute
2026-07-14 10:39:34 -0400: Memory Usage (456972K) : Executing rule exchange0_pin_Acute
2026-07-14 10:39:34 -0400: Memory Usage (456972K) : Executing rule exchange1_drw_Acute
2026-07-14 10:39:34 -0400: Memory Usage (456972K) : Executing rule exchange1_pin_Acute
2026-07-14 10:39:34 -0400: Memory Usage (456972K) : Executing rule exchange2_drw_Acute
2026-07-14 10:39:34 -0400: Memory Usage (456972K) : Executing rule exchange2_pin_Acute
2026-07-14 10:39:34 -0400: Memory Usage (456972K) : Executing rule exchange3_drw_Acute
2026-07-14 10:39:34 -0400: Memory Usage (456972K) : Executing rule exchange3_pin_Acute
2026-07-14 10:39:34 -0400: Memory Usage (456972K) : Executing rule exchange4_drw_Acute
2026-07-14 10:39:34 -0400: Memory Usage (456972K) : Executing rule exchange4_pin_Acute
2026-07-14 10:39:34 -0400: Memory Usage (456972K) : Executing rule isonwell_drw_Acute
2026-07-14 10:39:34 -0400: Memory Usage (456972K) : Executing rule thickgateox_drw_Acute
2026-07-14 10:39:34 -0400: Memory Usage (456972K) : Executing rule pempoly_drw_Acute
2026-07-14 10:39:34 -0400: Memory Usage (456972K) : Executing rule fbe_drw_Acute
2026-07-14 10:39:34 -0400: Memory Usage (456972K) : Executing rule empoly_drw_Acute
2026-07-14 10:39:34 -0400: Memory Usage (456972K) : Executing rule ldmos_drw_Acute
2026-07-14 10:39:34 -0400: Memory Usage (456972K) : Executing rule pbiwind_drw_Acute
2026-07-14 10:39:34 -0400: Memory Usage (456972K) : Executing rule colopen_drw_Acute
2026-07-14 10:39:34 -0400: Memory Usage (456972K) : Executing rule extblock_drw_Acute
2026-07-14 10:39:34 -0400: Memory Usage (456972K) : Executing rule nldd_drw_Acute
2026-07-14 10:39:34 -0400: Memory Usage (456972K) : Executing rule pldd_drw_Acute
2026-07-14 10:39:34 -0400: Memory Usage (456972K) : Executing rule next_drw_Acute
2026-07-14 10:39:34 -0400: Memory Usage (456972K) : Executing rule pext_drw_Acute
2026-07-14 10:39:34 -0400: Memory Usage (456972K) : Executing rule nexthv_drw_Acute
2026-07-14 10:39:34 -0400: Memory Usage (456972K) : Executing rule pexthv_drw_Acute
2026-07-14 10:39:34 -0400: Memory Usage (456972K) : Executing rule graphgate_drw_Acute
2026-07-14 10:39:34 -0400: Memory Usage (456972K) : Executing rule mempad_drw_Acute
2026-07-14 10:39:34 -0400: Memory Usage (456972K) : Executing rule topvia1_drw_Acute
2026-07-14 10:39:34 -0400: Memory Usage (456972K) : Executing rule topmetal1_drw_Acute
2026-07-14 10:39:34 -0400: Memory Usage (456972K) : Executing rule topmetal1_pin_Acute
2026-07-14 10:39:34 -0400: Memory Usage (456972K) : Executing rule topmetal1_mask_Acute
2026-07-14 10:39:34 -0400: Memory Usage (456972K) : Executing rule topmetal1_filler_Acute
2026-07-14 10:39:34 -0400: Memory Usage (456972K) : Executing rule topmetal1_nofill_Acute
2026-07-14 10:39:34 -0400: Memory Usage (456972K) : Executing rule topmetal1_slit_Acute
2026-07-14 10:39:34 -0400: Memory Usage (456972K) : Executing rule topmetal1_noqrc_Acute
2026-07-14 10:39:34 -0400: Memory Usage (456972K) : Executing rule topmetal1_res_Acute
2026-07-14 10:39:34 -0400: Memory Usage (456972K) : Executing rule topmetal1_iprobe_Acute
2026-07-14 10:39:34 -0400: Memory Usage (456972K) : Executing rule topmetal1_diffprb_Acute
2026-07-14 10:39:34 -0400: Memory Usage (456972K) : Executing rule inldpwl_drw_Acute
2026-07-14 10:39:34 -0400: Memory Usage (456972K) : Executing rule polyres_drw_Acute
2026-07-14 10:39:34 -0400: Memory Usage (456972K) : Executing rule polyres_pin_Acute
2026-07-14 10:39:34 -0400: Memory Usage (456972K) : Executing rule vmim_drw_Acute
2026-07-14 10:39:34 -0400: Memory Usage (456972K) : Executing rule nbulaycut_drw_Acute
2026-07-14 10:39:34 -0400: Memory Usage (456972K) : Executing rule antmetal1_drw_Acute
2026-07-14 10:39:34 -0400: Memory Usage (456972K) : Executing rule topvia2_drw_Acute
2026-07-14 10:39:34 -0400: Memory Usage (456972K) : Executing rule topmetal2_drw_Acute
2026-07-14 10:39:34 -0400: Memory Usage (456972K) : Executing rule topmetal2_pin_Acute
2026-07-14 10:39:34 -0400: Memory Usage (456972K) : Executing rule topmetal2_mask_Acute
2026-07-14 10:39:34 -0400: Memory Usage (456972K) : Executing rule topmetal2_filler_Acute
2026-07-14 10:39:34 -0400: Memory Usage (456972K) : Executing rule topmetal2_nofill_Acute
2026-07-14 10:39:34 -0400: Memory Usage (456972K) : Executing rule topmetal2_slit_Acute
2026-07-14 10:39:34 -0400: Memory Usage (456972K) : Executing rule topmetal2_noqrc_Acute
2026-07-14 10:39:34 -0400: Memory Usage (456972K) : Executing rule topmetal2_res_Acute
2026-07-14 10:39:34 -0400: Memory Usage (456972K) : Executing rule topmetal2_iprobe_Acute
2026-07-14 10:39:34 -0400: Memory Usage (456972K) : Executing rule topmetal2_diffprb_Acute
2026-07-14 10:39:34 -0400: Memory Usage (456972K) : Executing rule snsring_drw_Acute
2026-07-14 10:39:34 -0400: Memory Usage (456972K) : Executing rule sensor_drw_Acute
2026-07-14 10:39:34 -0400: Memory Usage (456972K) : Executing rule snsarms_drw_Acute
2026-07-14 10:39:34 -0400: Memory Usage (456972K) : Executing rule snscmosvia_drw_Acute
2026-07-14 10:39:34 -0400: Memory Usage (456972K) : Executing rule colwind_drw_Acute
2026-07-14 10:39:34 -0400: Memory Usage (456972K) : Executing rule flm_drw_Acute
2026-07-14 10:39:34 -0400: Memory Usage (456972K) : Executing rule hafniumox_drw_Acute
2026-07-14 10:39:34 -0400: Memory Usage (456972K) : Executing rule memvia_drw_Acute
2026-07-14 10:39:34 -0400: Memory Usage (456972K) : Executing rule thinfilmres_drw_Acute
2026-07-14 10:39:34 -0400: Memory Usage (456972K) : Executing rule rfmem_drw_Acute
2026-07-14 10:39:34 -0400: Memory Usage (456972K) : Executing rule snsbotvia_drw_Acute
2026-07-14 10:39:34 -0400: Memory Usage (456972K) : Executing rule snstopvia_drw_Acute
2026-07-14 10:39:34 -0400: Memory Usage (456972K) : Executing rule deepvia_drw_Acute
2026-07-14 10:39:34 -0400: Memory Usage (456972K) : Executing rule fgetch_drw_Acute
2026-07-14 10:39:34 -0400: Memory Usage (456972K) : Executing rule ctrgat_drw_Acute
2026-07-14 10:39:34 -0400: Memory Usage (456972K) : Executing rule fgimp_drw_Acute
2026-07-14 10:39:34 -0400: Memory Usage (456972K) : Executing rule emwihv_drw_Acute
2026-07-14 10:39:34 -0400: Memory Usage (456972K) : Executing rule lbe_drw_Acute
2026-07-14 10:39:34 -0400: Memory Usage (456972K) : Executing rule alcustop_drw_Acute
2026-07-14 10:39:34 -0400: Memory Usage (456972K) : Executing rule cont_drw_Angle90
2026-07-14 10:39:34 -0400: Memory Usage (456972K) : Executing rule via1_drw_Angle90
2026-07-14 10:39:34 -0400: Memory Usage (457264K) : Executing rule via2_drw_Angle90
2026-07-14 10:39:34 -0400: Memory Usage (457200K) : Executing rule via3_drw_Angle90
2026-07-14 10:39:35 -0400: Memory Usage (457136K) : Executing rule via4_drw_Angle90
2026-07-14 10:39:35 -0400: Memory Usage (457072K) : Executing rule vmim_drw_Angle90
2026-07-14 10:39:35 -0400: Memory Usage (457276K) : Executing rule topvia1_drw_Angle90
2026-07-14 10:39:35 -0400: Memory Usage (457212K) : Executing rule topvia2_drw_Angle90
2026-07-14 10:39:35 -0400: Memory Usage (457148K) : Executing rule gatpoly_drw_Angle45
2026-07-14 10:39:35 -0400: Memory Usage (457084K) : Executing rule activ_drw_Angle45
2026-07-14 10:39:35 -0400: Memory Usage (457288K) : Executing rule metal1_drw_Angle45
2026-07-14 10:39:35 -0400: Memory Usage (457220K) : Executing rule metal2_drw_Angle45
2026-07-14 10:39:35 -0400: Memory Usage (457156K) : Executing rule metal3_drw_Angle45
2026-07-14 10:39:35 -0400: Memory Usage (457092K) : Executing rule metal4_drw_Angle45
2026-07-14 10:39:35 -0400: Memory Usage (457292K) : Executing rule metal5_drw_Angle45
2026-07-14 10:39:35 -0400: Memory Usage (457228K) : Executing rule topmetal1_drw_Angle45
2026-07-14 10:39:35 -0400: Memory Usage (457164K) : Executing rule topmetal2_drw_Angle45
2026-07-14 10:39:35 -0400: Memory Usage (457100K) : Starting 3.2. FORBIDDEN table
2026-07-14 10:39:35 -0400: Memory Usage (457100K) : Executing rule forbidden.biwind
2026-07-14 10:39:35 -0400: Memory Usage (457100K) : Executing rule forbidden.pemwind
2026-07-14 10:39:35 -0400: Memory Usage (457100K) : Executing rule forbidden.baspoly
2026-07-14 10:39:35 -0400: Memory Usage (457100K) : Executing rule forbidden.deepco
2026-07-14 10:39:35 -0400: Memory Usage (457100K) : Executing rule forbidden.pempoly
2026-07-14 10:39:35 -0400: Memory Usage (457100K) : Executing rule forbidden.empoly
2026-07-14 10:39:35 -0400: Memory Usage (457100K) : Executing rule forbidden.ldmos
2026-07-14 10:39:35 -0400: Memory Usage (457100K) : Executing rule forbidden.pbiwind
2026-07-14 10:39:35 -0400: Memory Usage (457100K) : Executing rule forbidden.nodrc
2026-07-14 10:39:35 -0400: Memory Usage (457100K) : Executing rule forbidden.flash
2026-07-14 10:39:35 -0400: Memory Usage (457100K) : Executing rule forbidden.colwind
2026-07-14 10:39:35 -0400: Memory Usage (457100K) : KLayout DRC run for tables 'main' completed in 4.05 seconds
2026-07-14 10:40:48 -0400: Memory Usage (413056K) : Starting running IHP-SG13G2 KLayout DRC runset on /home/bthomas3/Videos/77GHz_phased_array/layout/VCO_77G_XTOR.gds
2026-07-14 10:40:48 -0400: Memory Usage (413056K) : Ruby Version for klayout: 2.5.9
2026-07-14 10:40:48 -0400: Memory Usage (413056K) : Loading database to memory is complete.
2026-07-14 10:40:48 -0400: Memory Usage (413056K) : IHP-SG13G2 KLayout DRC runset output at: /home/bthomas3/Videos/77GHz_phased_array/layout/drc_xtor_out/VCO_77G_XTOR_VCO_77G_XTOR_main.lyrdb
2026-07-14 10:40:48 -0400: Memory Usage (413056K) : Evaluate switches.
2026-07-14 10:40:48 -0400: Memory Usage (413056K) : tables selected: main
2026-07-14 10:40:48 -0400: Memory Usage (413056K) : KLayout will use 6 thread(s) in tiling mode.
2026-07-14 10:40:48 -0400: Memory Usage (413056K) : deep mode is enabled.
2026-07-14 10:40:48 -0400: Memory Usage (413056K) : FEOL enabled: true
2026-07-14 10:40:48 -0400: Memory Usage (413056K) : BEOL enabled: true
2026-07-14 10:40:48 -0400: Memory Usage (413056K) : OFFGRID enabled: true
2026-07-14 10:40:48 -0400: Memory Usage (413056K) : ANGLE enabled: true
2026-07-14 10:40:48 -0400: Memory Usage (413056K) : PIN enabled: true
2026-07-14 10:40:48 -0400: Memory Usage (413056K) : FORBIDDEN enabled: true
2026-07-14 10:40:48 -0400: Memory Usage (413056K) : RECOMMENDED enabled: true
2026-07-14 10:40:48 -0400: Memory Usage (413056K) : PreCheck DRC enabled: false
2026-07-14 10:40:48 -0400: Memory Usage (413056K) : CONNECTIVITY_RULES enabled: true.
2026-07-14 10:40:48 -0400: Memory Usage (413056K) : Read in polygons from layers.
2026-07-14 10:40:48 -0400: Memory Usage (413056K) : activ_drw has 34 polygons
2026-07-14 10:40:48 -0400: Memory Usage (413056K) : activ_pin has 0 polygons
2026-07-14 10:40:48 -0400: Memory Usage (413056K) : activ_mask has 8 polygons
2026-07-14 10:40:48 -0400: Memory Usage (413056K) : activ_filler has 0 polygons
2026-07-14 10:40:48 -0400: Memory Usage (413056K) : activ_nofill has 0 polygons
2026-07-14 10:40:48 -0400: Memory Usage (413056K) : activ_opc has 0 polygons
2026-07-14 10:40:48 -0400: Memory Usage (413056K) : activ_iopc has 0 polygons
2026-07-14 10:40:48 -0400: Memory Usage (413056K) : activ_noqrc has 0 polygons
2026-07-14 10:40:48 -0400: Memory Usage (413056K) : biwind_drw has 0 polygons
2026-07-14 10:40:48 -0400: Memory Usage (413056K) : biwind_opc has 0 polygons
2026-07-14 10:40:48 -0400: Memory Usage (413056K) : pemwind_drw has 0 polygons
2026-07-14 10:40:48 -0400: Memory Usage (413056K) : gatpoly_drw has 12 polygons
2026-07-14 10:40:48 -0400: Memory Usage (413056K) : gatpoly_pin has 0 polygons
2026-07-14 10:40:48 -0400: Memory Usage (413056K) : gatpoly_filler has 0 polygons
2026-07-14 10:40:48 -0400: Memory Usage (413056K) : gatpoly_nofill has 0 polygons
2026-07-14 10:40:48 -0400: Memory Usage (413056K) : gatpoly_opc has 0 polygons
2026-07-14 10:40:48 -0400: Memory Usage (413056K) : gatpoly_iopc has 0 polygons
2026-07-14 10:40:48 -0400: Memory Usage (413056K) : gatpoly_noqrc has 0 polygons
2026-07-14 10:40:49 -0400: Memory Usage (413056K) : cont_drw has 100 polygons
2026-07-14 10:40:49 -0400: Memory Usage (413056K) : cont_opc has 0 polygons
2026-07-14 10:40:49 -0400: Memory Usage (413056K) : nsd_drw has 0 polygons
2026-07-14 10:40:49 -0400: Memory Usage (413056K) : nsd_block has 0 polygons
2026-07-14 10:40:49 -0400: Memory Usage (413056K) : metal1_drw has 57 polygons
2026-07-14 10:40:49 -0400: Memory Usage (413056K) : metal1_pin has 16 polygons
2026-07-14 10:40:49 -0400: Memory Usage (413056K) : metal1_mask has 0 polygons
2026-07-14 10:40:49 -0400: Memory Usage (413056K) : metal1_filler has 0 polygons
2026-07-14 10:40:49 -0400: Memory Usage (415244K) : metal1_nofill has 0 polygons
2026-07-14 10:40:49 -0400: Memory Usage (415244K) : metal1_slit has 0 polygons
2026-07-14 10:40:49 -0400: Memory Usage (415244K) : metal1_text has 0 polygons
2026-07-14 10:40:49 -0400: Memory Usage (415244K) : metal1_opc has 0 polygons
2026-07-14 10:40:49 -0400: Memory Usage (415244K) : metal1_noqrc has 0 polygons
2026-07-14 10:40:49 -0400: Memory Usage (415564K) : metal1_res has 0 polygons
2026-07-14 10:40:49 -0400: Memory Usage (415564K) : metal1_iprobe has 0 polygons
2026-07-14 10:40:49 -0400: Memory Usage (415564K) : metal1_diffprb has 0 polygons
2026-07-14 10:40:49 -0400: Memory Usage (415564K) : passiv_drw has 0 polygons
2026-07-14 10:40:49 -0400: Memory Usage (415828K) : passiv_pin has 0 polygons
2026-07-14 10:40:49 -0400: Memory Usage (415828K) : passiv_sbump has 0 polygons
2026-07-14 10:40:49 -0400: Memory Usage (415828K) : passiv_pillar has 0 polygons
2026-07-14 10:40:49 -0400: Memory Usage (415828K) : passiv_pdl has 0 polygons
2026-07-14 10:40:49 -0400: Memory Usage (416092K) : metal2_drw has 10 polygons
2026-07-14 10:40:49 -0400: Memory Usage (416092K) : metal2_pin has 4 polygons
2026-07-14 10:40:49 -0400: Memory Usage (416092K) : metal2_mask has 0 polygons
2026-07-14 10:40:49 -0400: Memory Usage (416092K) : metal2_filler has 0 polygons
2026-07-14 10:40:49 -0400: Memory Usage (416092K) : metal2_nofill has 0 polygons
2026-07-14 10:40:49 -0400: Memory Usage (416356K) : metal2_slit has 0 polygons
2026-07-14 10:40:49 -0400: Memory Usage (416356K) : metal2_text has 0 polygons
2026-07-14 10:40:49 -0400: Memory Usage (416356K) : metal2_opc has 0 polygons
2026-07-14 10:40:49 -0400: Memory Usage (416356K) : metal2_noqrc has 0 polygons
2026-07-14 10:40:49 -0400: Memory Usage (416356K) : metal2_res has 0 polygons
2026-07-14 10:40:49 -0400: Memory Usage (416356K) : metal2_iprobe has 0 polygons
2026-07-14 10:40:49 -0400: Memory Usage (416356K) : metal2_diffprb has 0 polygons
2026-07-14 10:40:49 -0400: Memory Usage (416620K) : baspoly_drw has 0 polygons
2026-07-14 10:40:49 -0400: Memory Usage (416620K) : baspoly_pin has 0 polygons
2026-07-14 10:40:49 -0400: Memory Usage (416620K) : psd_drw has 11 polygons
2026-07-14 10:40:49 -0400: Memory Usage (416620K) : nldb_drw has 0 polygons
2026-07-14 10:40:49 -0400: Memory Usage (416620K) : digibnd_drw has 0 polygons
2026-07-14 10:40:49 -0400: Memory Usage (416884K) : via1_drw has 6 polygons
2026-07-14 10:40:49 -0400: Memory Usage (416884K) : backmetal1_drw has 0 polygons
2026-07-14 10:40:49 -0400: Memory Usage (416884K) : backmetal1_pin has 0 polygons
2026-07-14 10:40:49 -0400: Memory Usage (416884K) : backmetal1_mask has 0 polygons
2026-07-14 10:40:49 -0400: Memory Usage (417148K) : backmetal1_filler has 0 polygons
2026-07-14 10:40:49 -0400: Memory Usage (417148K) : backmetal1_nofill has 0 polygons
2026-07-14 10:40:49 -0400: Memory Usage (417148K) : backmetal1_slit has 0 polygons
2026-07-14 10:40:49 -0400: Memory Usage (417148K) : backmetal1_text has 0 polygons
2026-07-14 10:40:49 -0400: Memory Usage (417148K) : backmetal1_opc has 0 polygons
2026-07-14 10:40:49 -0400: Memory Usage (417412K) : backmetal1_noqrc has 0 polygons
2026-07-14 10:40:49 -0400: Memory Usage (417412K) : backmetal1_res has 0 polygons
2026-07-14 10:40:49 -0400: Memory Usage (417412K) : backmetal1_iprobe has 0 polygons
2026-07-14 10:40:49 -0400: Memory Usage (417412K) : backmetal1_diffprb has 0 polygons
2026-07-14 10:40:49 -0400: Memory Usage (417412K) : backpassiv_drw has 0 polygons
2026-07-14 10:40:49 -0400: Memory Usage (417676K) : res_drw has 0 polygons
2026-07-14 10:40:49 -0400: Memory Usage (417676K) : sram_drw has 0 polygons
2026-07-14 10:40:49 -0400: Memory Usage (417676K) : trans_drw has 4 polygons
2026-07-14 10:40:49 -0400: Memory Usage (417676K) : ind_drw has 0 polygons
2026-07-14 10:40:49 -0400: Memory Usage (417940K) : ind_pin has 0 polygons
2026-07-14 10:40:49 -0400: Memory Usage (417940K) : ind_text has 0 polygons
2026-07-14 10:40:49 -0400: Memory Usage (417940K) : salblock_drw has 1 polygons
2026-07-14 10:40:49 -0400: Memory Usage (417940K) : via2_drw has 2 polygons
2026-07-14 10:40:49 -0400: Memory Usage (417940K) : metal3_drw has 6 polygons
2026-07-14 10:40:49 -0400: Memory Usage (418204K) : metal3_pin has 0 polygons
2026-07-14 10:40:49 -0400: Memory Usage (418204K) : metal3_mask has 0 polygons
2026-07-14 10:40:49 -0400: Memory Usage (418204K) : metal3_filler has 0 polygons
2026-07-14 10:40:49 -0400: Memory Usage (418204K) : metal3_nofill has 0 polygons
2026-07-14 10:40:49 -0400: Memory Usage (418204K) : metal3_slit has 0 polygons
2026-07-14 10:40:49 -0400: Memory Usage (418204K) : metal3_text has 0 polygons
2026-07-14 10:40:49 -0400: Memory Usage (418468K) : metal3_opc has 0 polygons
2026-07-14 10:40:49 -0400: Memory Usage (418468K) : metal3_noqrc has 0 polygons
2026-07-14 10:40:49 -0400: Memory Usage (418468K) : metal3_res has 0 polygons
2026-07-14 10:40:49 -0400: Memory Usage (418468K) : metal3_iprobe has 0 polygons
2026-07-14 10:40:49 -0400: Memory Usage (418468K) : metal3_diffprb has 0 polygons
2026-07-14 10:40:49 -0400: Memory Usage (418732K) : nwell_drw has 2 polygons
2026-07-14 10:40:49 -0400: Memory Usage (418732K) : nwell_pin has 0 polygons
2026-07-14 10:40:49 -0400: Memory Usage (418732K) : nbulay_drw has 2 polygons
2026-07-14 10:40:49 -0400: Memory Usage (418732K) : nbulay_pin has 0 polygons
2026-07-14 10:40:49 -0400: Memory Usage (418996K) : nbulay_block has 0 polygons
2026-07-14 10:40:49 -0400: Memory Usage (418996K) : emwind_drw has 4 polygons
2026-07-14 10:40:49 -0400: Memory Usage (418996K) : emwind_opc has 0 polygons
2026-07-14 10:40:49 -0400: Memory Usage (418996K) : deepco_drw has 0 polygons
2026-07-14 10:40:49 -0400: Memory Usage (418996K) : deepco_drw has 0 polygons
2026-07-14 10:40:49 -0400: Memory Usage (419260K) : mim_drw has 1 polygons
2026-07-14 10:40:49 -0400: Memory Usage (419260K) : edgeseal_drw has 0 polygons
2026-07-14 10:40:49 -0400: Memory Usage (419260K) : edgeseal_bound has 0 polygons
2026-07-14 10:40:49 -0400: Memory Usage (419260K) : substrate_drw has 0 polygons
2026-07-14 10:40:49 -0400: Memory Usage (419260K) : substrate_text has 0 polygons
2026-07-14 10:40:49 -0400: Memory Usage (419524K) : dfpad_drw has 0 polygons
2026-07-14 10:40:49 -0400: Memory Usage (419524K) : dfpad_pillar has 0 polygons
2026-07-14 10:40:49 -0400: Memory Usage (419524K) : dfpad_sbump has 0 polygons
2026-07-14 10:40:49 -0400: Memory Usage (419524K) : thickgateox_drw has 2 polygons
2026-07-14 10:40:49 -0400: Memory Usage (419788K) : pldb_drw has 0 polygons
2026-07-14 10:40:49 -0400: Memory Usage (419788K) : pwell_drw has 0 polygons
2026-07-14 10:40:49 -0400: Memory Usage (419788K) : pwell_pin has 0 polygons
2026-07-14 10:40:49 -0400: Memory Usage (419788K) : pwell_block has 0 polygons
2026-07-14 10:40:49 -0400: Memory Usage (419788K) : ic_drw has 0 polygons
2026-07-14 10:40:49 -0400: Memory Usage (420052K) : via3_drw has 2 polygons
2026-07-14 10:40:49 -0400: Memory Usage (420052K) : metal4_drw has 4 polygons
2026-07-14 10:40:49 -0400: Memory Usage (420052K) : metal4_pin has 0 polygons
2026-07-14 10:40:49 -0400: Memory Usage (420052K) : metal4_mask has 0 polygons
2026-07-14 10:40:49 -0400: Memory Usage (420316K) : metal4_filler has 0 polygons
2026-07-14 10:40:49 -0400: Memory Usage (420316K) : metal4_nofill has 0 polygons
2026-07-14 10:40:49 -0400: Memory Usage (420316K) : metal4_slit has 0 polygons
2026-07-14 10:40:49 -0400: Memory Usage (420316K) : metal4_text has 0 polygons
2026-07-14 10:40:49 -0400: Memory Usage (420316K) : metal4_opc has 0 polygons
2026-07-14 10:40:49 -0400: Memory Usage (420580K) : metal4_noqrc has 0 polygons
2026-07-14 10:40:49 -0400: Memory Usage (420580K) : metal4_res has 0 polygons
2026-07-14 10:40:49 -0400: Memory Usage (420580K) : metal4_iprobe has 0 polygons
2026-07-14 10:40:49 -0400: Memory Usage (420580K) : metal4_diffprb has 0 polygons
2026-07-14 10:40:49 -0400: Memory Usage (420580K) : heattrans_drw has 4 polygons
2026-07-14 10:40:49 -0400: Memory Usage (420580K) : heatres_drw has 1 polygons
2026-07-14 10:40:49 -0400: Memory Usage (420844K) : pempoly_drw has 0 polygons
2026-07-14 10:40:49 -0400: Memory Usage (420844K) : fbe_drw has 0 polygons
2026-07-14 10:40:49 -0400: Memory Usage (420844K) : empoly_drw has 0 polygons
2026-07-14 10:40:49 -0400: Memory Usage (420844K) : ldmos_drw has 0 polygons
2026-07-14 10:40:49 -0400: Memory Usage (420844K) : pbiwind_drw has 0 polygons
2026-07-14 10:40:49 -0400: Memory Usage (421108K) : digisub_drw has 0 polygons
2026-07-14 10:40:49 -0400: Memory Usage (421108K) : nodrc_drw has 0 polygons
2026-07-14 10:40:49 -0400: Memory Usage (421108K) : text_drw has 31 polygons
2026-07-14 10:40:49 -0400: Memory Usage (421108K) : via4_drw has 2 polygons
2026-07-14 10:40:49 -0400: Memory Usage (421108K) : metal5_drw has 5 polygons
2026-07-14 10:40:49 -0400: Memory Usage (421476K) : metal5_pin has 1 polygons
2026-07-14 10:40:49 -0400: Memory Usage (421476K) : metal5_mask has 0 polygons
2026-07-14 10:40:49 -0400: Memory Usage (421476K) : metal5_filler has 0 polygons
2026-07-14 10:40:49 -0400: Memory Usage (421476K) : metal5_nofill has 0 polygons
2026-07-14 10:40:49 -0400: Memory Usage (421476K) : metal5_slit has 0 polygons
2026-07-14 10:40:49 -0400: Memory Usage (421740K) : metal5_text has 0 polygons
2026-07-14 10:40:49 -0400: Memory Usage (421740K) : metal5_opc has 0 polygons
2026-07-14 10:40:49 -0400: Memory Usage (421740K) : metal5_noqrc has 0 polygons
2026-07-14 10:40:49 -0400: Memory Usage (421740K) : metal5_res has 0 polygons
2026-07-14 10:40:49 -0400: Memory Usage (421740K) : metal5_iprobe has 0 polygons
2026-07-14 10:40:49 -0400: Memory Usage (422004K) : metal5_diffprb has 0 polygons
2026-07-14 10:40:49 -0400: Memory Usage (422004K) : radhard_drw has 0 polygons
2026-07-14 10:40:49 -0400: Memory Usage (422004K) : memcap_drw has 0 polygons
2026-07-14 10:40:49 -0400: Memory Usage (422004K) : varicap_drw has 0 polygons
2026-07-14 10:40:49 -0400: Memory Usage (422004K) : flash_drw has 0 polygons
2026-07-14 10:40:49 -0400: Memory Usage (422268K) : intbondvia_drw has 0 polygons
2026-07-14 10:40:49 -0400: Memory Usage (422268K) : intbondmet_drw has 0 polygons
2026-07-14 10:40:49 -0400: Memory Usage (422268K) : devbondvia_drw has 0 polygons
2026-07-14 10:40:49 -0400: Memory Usage (422268K) : devbondmet_drw has 0 polygons
2026-07-14 10:40:49 -0400: Memory Usage (422532K) : devtrench_drw has 0 polygons
2026-07-14 10:40:49 -0400: Memory Usage (422532K) : redist_drw has 0 polygons
2026-07-14 10:40:49 -0400: Memory Usage (422532K) : graphbot_drw has 0 polygons
2026-07-14 10:40:49 -0400: Memory Usage (422532K) : graphtop_drw has 0 polygons
2026-07-14 10:40:49 -0400: Memory Usage (422532K) : antvia1_drw has 0 polygons
2026-07-14 10:40:49 -0400: Memory Usage (422796K) : antmetal2_drw has 0 polygons
2026-07-14 10:40:49 -0400: Memory Usage (422796K) : graphcont_drw has 0 polygons
2026-07-14 10:40:49 -0400: Memory Usage (422796K) : siwg_drw has 0 polygons
2026-07-14 10:40:49 -0400: Memory Usage (422796K) : siwg_filler has 0 polygons
2026-07-14 10:40:49 -0400: Memory Usage (422796K) : siwg_nofill has 0 polygons
2026-07-14 10:40:49 -0400: Memory Usage (423060K) : sigrating_drw has 0 polygons
2026-07-14 10:40:49 -0400: Memory Usage (423060K) : singrating_drw has 0 polygons
2026-07-14 10:40:49 -0400: Memory Usage (423060K) : graphpas_drw has 0 polygons
2026-07-14 10:40:49 -0400: Memory Usage (423060K) : emwind3_drw has 0 polygons
2026-07-14 10:40:49 -0400: Memory Usage (423060K) : emwihv3_drw has 0 polygons
2026-07-14 10:40:49 -0400: Memory Usage (423324K) : redbulay_drw has 0 polygons
2026-07-14 10:40:49 -0400: Memory Usage (423324K) : smos_drw has 0 polygons
2026-07-14 10:40:49 -0400: Memory Usage (423324K) : graphpad_drw has 0 polygons
2026-07-14 10:40:49 -0400: Memory Usage (423324K) : polimide_drw has 0 polygons
2026-07-14 10:40:49 -0400: Memory Usage (423324K) : polimide_pin has 0 polygons
2026-07-14 10:40:49 -0400: Memory Usage (423588K) : recog_drw has 0 polygons
2026-07-14 10:40:49 -0400: Memory Usage (423588K) : recog_pin has 0 polygons
2026-07-14 10:40:49 -0400: Memory Usage (423588K) : recog_esd has 0 polygons
2026-07-14 10:40:49 -0400: Memory Usage (423588K) : recog_diode has 0 polygons
2026-07-14 10:40:49 -0400: Memory Usage (423588K) : recog_tsv has 0 polygons
2026-07-14 10:40:49 -0400: Memory Usage (423852K) : recog_iprobe has 0 polygons
2026-07-14 10:40:49 -0400: Memory Usage (423852K) : recog_diffprb has 0 polygons
2026-07-14 10:40:49 -0400: Memory Usage (423852K) : recog_pillar has 0 polygons
2026-07-14 10:40:49 -0400: Memory Usage (423852K) : recog_sbump has 0 polygons
2026-07-14 10:40:49 -0400: Memory Usage (423852K) : recog_otp has 0 polygons
2026-07-14 10:40:49 -0400: Memory Usage (424116K) : recog_pdiode has 0 polygons
2026-07-14 10:40:49 -0400: Memory Usage (424116K) : recog_mom has 0 polygons
2026-07-14 10:40:49 -0400: Memory Usage (424116K) : recog_pcm has 0 polygons
2026-07-14 10:40:49 -0400: Memory Usage (424116K) : colopen_drw has 0 polygons
2026-07-14 10:40:49 -0400: Memory Usage (424116K) : graphmetal1_drw has 0 polygons
2026-07-14 10:40:49 -0400: Memory Usage (424380K) : graphmetal1_filler has 0 polygons
2026-07-14 10:40:49 -0400: Memory Usage (424380K) : graphmetal1_nofill has 0 polygons
2026-07-14 10:40:49 -0400: Memory Usage (424380K) : graphmetal1_slit has 0 polygons
2026-07-14 10:40:49 -0400: Memory Usage (424380K) : graphmetal1_opc has 0 polygons
2026-07-14 10:40:49 -0400: Memory Usage (424380K) : graphmet1l_drw has 0 polygons
2026-07-14 10:40:49 -0400: Memory Usage (424644K) : graphmet1l_filler has 0 polygons
2026-07-14 10:40:49 -0400: Memory Usage (424644K) : graphmet1l_nofill has 0 polygons
2026-07-14 10:40:49 -0400: Memory Usage (424644K) : graphmet1l_slit has 0 polygons
2026-07-14 10:40:49 -0400: Memory Usage (424644K) : graphmet1l_opc has 0 polygons
2026-07-14 10:40:49 -0400: Memory Usage (424644K) : extblock_drw has 3 polygons
2026-07-14 10:40:49 -0400: Memory Usage (424908K) : nldd_drw has 0 polygons
2026-07-14 10:40:49 -0400: Memory Usage (424908K) : pldd_drw has 0 polygons
2026-07-14 10:40:49 -0400: Memory Usage (424908K) : next_drw has 0 polygons
2026-07-14 10:40:49 -0400: Memory Usage (424908K) : pext_drw has 0 polygons
2026-07-14 10:40:49 -0400: Memory Usage (424908K) : nexthv_drw has 0 polygons
2026-07-14 10:40:49 -0400: Memory Usage (425172K) : pexthv_drw has 0 polygons
2026-07-14 10:40:49 -0400: Memory Usage (425172K) : graphgate_drw has 0 polygons
2026-07-14 10:40:49 -0400: Memory Usage (425172K) : sinwg_drw has 0 polygons
2026-07-14 10:40:49 -0400: Memory Usage (425172K) : sinwg_filler has 0 polygons
2026-07-14 10:40:49 -0400: Memory Usage (425172K) : sinwg_nofill has 0 polygons
2026-07-14 10:40:49 -0400: Memory Usage (425436K) : mempad_drw has 0 polygons
2026-07-14 10:40:49 -0400: Memory Usage (425436K) : topvia1_drw has 2 polygons
2026-07-14 10:40:49 -0400: Memory Usage (425436K) : topmetal1_drw has 23 polygons
2026-07-14 10:40:49 -0400: Memory Usage (425436K) : topmetal1_pin has 1 polygons
2026-07-14 10:40:49 -0400: Memory Usage (425436K) : topmetal1_mask has 0 polygons
2026-07-14 10:40:49 -0400: Memory Usage (425700K) : topmetal1_filler has 0 polygons
2026-07-14 10:40:49 -0400: Memory Usage (425700K) : topmetal1_nofill has 0 polygons
2026-07-14 10:40:49 -0400: Memory Usage (425700K) : topmetal1_slit has 0 polygons
2026-07-14 10:40:49 -0400: Memory Usage (425700K) : topmetal1_text has 0 polygons
2026-07-14 10:40:49 -0400: Memory Usage (425700K) : topmetal1_noqrc has 0 polygons
2026-07-14 10:40:49 -0400: Memory Usage (425964K) : topmetal1_res has 0 polygons
2026-07-14 10:40:49 -0400: Memory Usage (425964K) : topmetal1_iprobe has 0 polygons
2026-07-14 10:40:49 -0400: Memory Usage (425964K) : topmetal1_diffprb has 0 polygons
2026-07-14 10:40:49 -0400: Memory Usage (425964K) : inldpwl_drw has 0 polygons
2026-07-14 10:40:49 -0400: Memory Usage (425964K) : polyres_drw has 1 polygons
2026-07-14 10:40:49 -0400: Memory Usage (426228K) : polyres_pin has 0 polygons
2026-07-14 10:40:49 -0400: Memory Usage (426228K) : vmim_drw has 25 polygons
2026-07-14 10:40:49 -0400: Memory Usage (426228K) : nbulaycut_drw has 0 polygons
2026-07-14 10:40:49 -0400: Memory Usage (426228K) : antmetal1_drw has 0 polygons
2026-07-14 10:40:49 -0400: Memory Usage (426228K) : topvia2_drw has 2 polygons
2026-07-14 10:40:49 -0400: Memory Usage (426492K) : topmetal2_drw has 14 polygons
2026-07-14 10:40:49 -0400: Memory Usage (426492K) : topmetal2_pin has 0 polygons
2026-07-14 10:40:49 -0400: Memory Usage (426492K) : topmetal2_mask has 0 polygons
2026-07-14 10:40:49 -0400: Memory Usage (426492K) : topmetal2_filler has 0 polygons
2026-07-14 10:40:49 -0400: Memory Usage (426492K) : topmetal2_nofill has 0 polygons
2026-07-14 10:40:49 -0400: Memory Usage (426492K) : topmetal2_slit has 0 polygons
2026-07-14 10:40:49 -0400: Memory Usage (426756K) : topmetal2_text has 0 polygons
2026-07-14 10:40:49 -0400: Memory Usage (426756K) : topmetal2_noqrc has 0 polygons
2026-07-14 10:40:49 -0400: Memory Usage (426756K) : topmetal2_res has 0 polygons
2026-07-14 10:40:49 -0400: Memory Usage (426756K) : topmetal2_iprobe has 0 polygons
2026-07-14 10:40:49 -0400: Memory Usage (426756K) : topmetal2_diffprb has 0 polygons
2026-07-14 10:40:49 -0400: Memory Usage (427020K) : snsring_drw has 0 polygons
2026-07-14 10:40:49 -0400: Memory Usage (427020K) : sensor_drw has 0 polygons
2026-07-14 10:40:49 -0400: Memory Usage (427020K) : snsarms_drw has 0 polygons
2026-07-14 10:40:49 -0400: Memory Usage (427020K) : snscmosvia_drw has 0 polygons
2026-07-14 10:40:49 -0400: Memory Usage (427020K) : colwind_drw has 0 polygons
2026-07-14 10:40:49 -0400: Memory Usage (427284K) : flm_drw has 0 polygons
2026-07-14 10:40:49 -0400: Memory Usage (427284K) : hafniumox_drw has 0 polygons
2026-07-14 10:40:49 -0400: Memory Usage (427284K) : memvia_drw has 0 polygons
2026-07-14 10:40:49 -0400: Memory Usage (427284K) : thinfilmres_drw has 0 polygons
2026-07-14 10:40:49 -0400: Memory Usage (427284K) : rfmem_drw has 0 polygons
2026-07-14 10:40:49 -0400: Memory Usage (427548K) : norcx_drw has 0 polygons
2026-07-14 10:40:49 -0400: Memory Usage (427548K) : norcx_m2m3 has 0 polygons
2026-07-14 10:40:49 -0400: Memory Usage (427548K) : norcx_m2m4 has 0 polygons
2026-07-14 10:40:49 -0400: Memory Usage (427548K) : norcx_m2m5 has 0 polygons
2026-07-14 10:40:49 -0400: Memory Usage (427548K) : norcx_m2tm1 has 0 polygons
2026-07-14 10:40:49 -0400: Memory Usage (427812K) : norcx_m2tm2 has 0 polygons
2026-07-14 10:40:49 -0400: Memory Usage (427812K) : norcx_m3m4 has 0 polygons
2026-07-14 10:40:49 -0400: Memory Usage (427812K) : norcx_m3m5 has 0 polygons
2026-07-14 10:40:49 -0400: Memory Usage (427812K) : norcx_m3tm1 has 0 polygons
2026-07-14 10:40:49 -0400: Memory Usage (427812K) : norcx_m3tm2 has 0 polygons
2026-07-14 10:40:49 -0400: Memory Usage (428076K) : norcx_m4m5 has 0 polygons
2026-07-14 10:40:49 -0400: Memory Usage (428076K) : norcx_m4tm1 has 0 polygons
2026-07-14 10:40:49 -0400: Memory Usage (428076K) : norcx_m4tm2 has 0 polygons
2026-07-14 10:40:49 -0400: Memory Usage (428076K) : norcx_m5tm1 has 0 polygons
2026-07-14 10:40:49 -0400: Memory Usage (428076K) : norcx_m5tm2 has 0 polygons
2026-07-14 10:40:49 -0400: Memory Usage (428340K) : norcx_tm1tm2 has 0 polygons
2026-07-14 10:40:49 -0400: Memory Usage (428340K) : norcx_m1sub has 0 polygons
2026-07-14 10:40:49 -0400: Memory Usage (428340K) : norcx_m2sub has 0 polygons
2026-07-14 10:40:49 -0400: Memory Usage (428340K) : norcx_m3sub has 0 polygons
2026-07-14 10:40:49 -0400: Memory Usage (428340K) : norcx_m4sub has 0 polygons
2026-07-14 10:40:49 -0400: Memory Usage (428604K) : norcx_m5sub has 0 polygons
2026-07-14 10:40:49 -0400: Memory Usage (428604K) : norcx_tm1sub has 0 polygons
2026-07-14 10:40:49 -0400: Memory Usage (428604K) : norcx_tm2sub has 0 polygons
2026-07-14 10:40:49 -0400: Memory Usage (428604K) : snsbotvia_drw has 0 polygons
2026-07-14 10:40:49 -0400: Memory Usage (428604K) : snstopvia_drw has 0 polygons
2026-07-14 10:40:49 -0400: Memory Usage (428868K) : deepvia_drw has 0 polygons
2026-07-14 10:40:49 -0400: Memory Usage (428868K) : fgetch_drw has 0 polygons
2026-07-14 10:40:49 -0400: Memory Usage (428868K) : ctrgat_drw has 0 polygons
2026-07-14 10:40:49 -0400: Memory Usage (428868K) : fgimp_drw has 0 polygons
2026-07-14 10:40:49 -0400: Memory Usage (428868K) : emwihv_drw has 0 polygons
2026-07-14 10:40:49 -0400: Memory Usage (429132K) : lbe_drw has 0 polygons
2026-07-14 10:40:49 -0400: Memory Usage (429132K) : alcustop_drw has 0 polygons
2026-07-14 10:40:49 -0400: Memory Usage (429132K) : nometfiller_drw has 0 polygons
2026-07-14 10:40:49 -0400: Memory Usage (429132K) : prboundary_drw has 0 polygons
2026-07-14 10:40:49 -0400: Memory Usage (429132K) : exchange0_drw has 0 polygons
2026-07-14 10:40:49 -0400: Memory Usage (429396K) : exchange0_pin has 0 polygons
2026-07-14 10:40:49 -0400: Memory Usage (429396K) : exchange0_text has 0 polygons
2026-07-14 10:40:49 -0400: Memory Usage (429396K) : exchange1_drw has 0 polygons
2026-07-14 10:40:49 -0400: Memory Usage (429396K) : exchange1_pin has 0 polygons
2026-07-14 10:40:49 -0400: Memory Usage (429396K) : exchange1_text has 0 polygons
2026-07-14 10:40:49 -0400: Memory Usage (429396K) : exchange2_drw has 0 polygons
2026-07-14 10:40:49 -0400: Memory Usage (429660K) : exchange2_pin has 0 polygons
2026-07-14 10:40:49 -0400: Memory Usage (429660K) : exchange2_text has 0 polygons
2026-07-14 10:40:49 -0400: Memory Usage (429660K) : exchange3_drw has 0 polygons
2026-07-14 10:40:49 -0400: Memory Usage (429660K) : exchange3_pin has 0 polygons
2026-07-14 10:40:49 -0400: Memory Usage (429660K) : exchange3_text has 0 polygons
2026-07-14 10:40:49 -0400: Memory Usage (429924K) : exchange4_drw has 0 polygons
2026-07-14 10:40:49 -0400: Memory Usage (429924K) : exchange4_pin has 0 polygons
2026-07-14 10:40:49 -0400: Memory Usage (429924K) : exchange4_text has 0 polygons
2026-07-14 10:40:49 -0400: Memory Usage (429924K) : isonwell_drw has 0 polygons
2026-07-14 10:40:49 -0400: Memory Usage (429924K) : Total no. of polygons in the design is 403
2026-07-14 10:40:49 -0400: Memory Usage (429924K) : Loaded TECH DRC rules values from /home/bthomas3/Videos/IHP-Open-PDK/ihp-sg13g2/libs.tech/klayout/tech/drc/rule_decks/sg13g2_tech_default.json
2026-07-14 10:40:49 -0400: Memory Usage (429924K) : Loaded default DRC rules values from /home/bthomas3/Videos/77GHz_phased_array/layout/rule_decks/sg13g2_tech_default.json
2026-07-14 10:40:49 -0400: Memory Usage (430188K) : Total area of the design is 105600.0 um^2.
2026-07-14 10:40:49 -0400: Memory Usage (430188K) : The design dimensions are 240.0 µm * 440.0 µm.
2026-07-14 10:40:49 -0400: Memory Usage (430188K) : Starting general IHP-SG13G2 derivations.
2026-07-14 10:40:49 -0400: Memory Usage (430188K) : Starting Pwell derivations
2026-07-14 10:40:49 -0400: Memory Usage (431396K) : Starting n-Activ derivations
2026-07-14 10:40:49 -0400: Memory Usage (431464K) : Starting p-Activ derivations
2026-07-14 10:40:49 -0400: Memory Usage (433044K) : Starting ptap derivations
2026-07-14 10:40:49 -0400: Memory Usage (432920K) : Starting ntap derivations
2026-07-14 10:40:49 -0400: Memory Usage (432860K) : Starting pact FET derivations
2026-07-14 10:40:49 -0400: Memory Usage (432792K) : Starting nact FET derivations
2026-07-14 10:40:49 -0400: Memory Usage (433000K) : Starting Gate derivations
2026-07-14 10:40:49 -0400: Memory Usage (432864K) : Starting cont/contbar general derivations
2026-07-14 10:40:49 -0400: Memory Usage (432800K) : Starting pad general derivations
2026-07-14 10:40:49 -0400: Memory Usage (432800K) : Starting schottky_nbl general derivations
2026-07-14 10:40:49 -0400: Memory Usage (433060K) : Starting SVaricap general derivations
2026-07-14 10:40:49 -0400: Memory Usage (433184K) : Starting HBT general derivations
2026-07-14 10:40:49 -0400: Memory Usage (433132K) : Starting IHP-SG13G2 DRC connectivity related derivations.
2026-07-14 10:40:49 -0400: Memory Usage (433212K) : Starting IHP-SG13G2 DRC connectivity setup
2026-07-14 10:40:49 -0400: Memory Usage (433212K) : Starting IHP-SG13G2 DRC rules.
2026-07-14 10:40:49 -0400: Memory Usage (433212K) : Running all FEOL rules
2026-07-14 10:40:49 -0400: Memory Usage (433212K) : Running all BEOL rules
2026-07-14 10:40:49 -0400: Memory Usage (433212K) : Running all PIN rules
2026-07-14 10:40:49 -0400: Memory Usage (433212K) : Running all FORBIDDEN rules
2026-07-14 10:40:49 -0400: Memory Usage (433212K) : Starting 5.1 NWell table
2026-07-14 10:40:49 -0400: Memory Usage (433212K) : Executing rule NW.b
2026-07-14 10:40:49 -0400: Memory Usage (433272K) : Executing rule NW.b1
2026-07-14 10:40:49 -0400: Memory Usage (433880K) : Executing rule NW.f1
2026-07-14 10:40:49 -0400: Memory Usage (433880K) : Executing rule NW.f1.digibnd
2026-07-14 10:40:49 -0400: Memory Usage (433880K) : Starting 5.2 PWell:block
2026-07-14 10:40:49 -0400: Memory Usage (433880K) : Executing rule PWB.e
2026-07-14 10:40:49 -0400: Memory Usage (433816K) : Executing rule PWB.e1
2026-07-14 10:40:49 -0400: Memory Usage (433760K) : Executing rule PWB.f
2026-07-14 10:40:49 -0400: Memory Usage (433700K) : Executing rule PWB.f1
2026-07-14 10:40:49 -0400: Memory Usage (433900K) : Starting 5.3 nBuLay table
2026-07-14 10:40:49 -0400: Memory Usage (433900K) : Executing rule NBL.b
2026-07-14 10:40:49 -0400: Memory Usage (433840K) : Executing rule NBL.c
2026-07-14 10:40:49 -0400: Memory Usage (433772K) : Executing rule NBL.d
2026-07-14 10:40:49 -0400: Memory Usage (433708K) : Executing rule NBL.e
2026-07-14 10:40:49 -0400: Memory Usage (433904K) : Executing rule NBL.f
2026-07-14 10:40:49 -0400: Memory Usage (433836K) : Starting 5.5. Activ table
2026-07-14 10:40:49 -0400: Memory Usage (433836K) : Executing rule Act.a
2026-07-14 10:40:49 -0400: Memory Usage (433836K) : Executing rule Act.b
2026-07-14 10:40:49 -0400: Memory Usage (433900K) : Starting 5.6 Activ:filler table
2026-07-14 10:40:49 -0400: Memory Usage (433900K) : Executing rule AFil.c1
2026-07-14 10:40:49 -0400: Memory Usage (433900K) : Executing rule AFil.c
2026-07-14 10:40:49 -0400: Memory Usage (433900K) : Executing rule AFil.d
2026-07-14 10:40:49 -0400: Memory Usage (433900K) : Executing rule AFil.e
2026-07-14 10:40:49 -0400: Memory Usage (433900K) : Executing rule AFil.j
2026-07-14 10:40:49 -0400: Memory Usage (433900K) : Starting 5.7. ThickGateOx table
2026-07-14 10:40:49 -0400: Memory Usage (433900K) : Executing rule TGO.f
2026-07-14 10:40:49 -0400: Memory Usage (433900K) : Starting 5.8. GatPoly table
2026-07-14 10:40:49 -0400: Memory Usage (433900K) : Executing rule Gat.a
2026-07-14 10:40:49 -0400: Memory Usage (433900K) : Executing rule Gat.b
2026-07-14 10:40:49 -0400: Memory Usage (434160K) : Executing rule Gat.d
2026-07-14 10:40:49 -0400: Memory Usage (434100K) : Executing rule Gat.a1
2026-07-14 10:40:49 -0400: Memory Usage (434100K) : Executing rule Gat.a2
2026-07-14 10:40:49 -0400: Memory Usage (434372K) : Executing rule Gat.g
2026-07-14 10:40:49 -0400: Memory Usage (434304K) : Starting 5.9 GatPoly:filler
2026-07-14 10:40:49 -0400: Memory Usage (434304K) : Executing rule GFil.d
2026-07-14 10:40:49 -0400: Memory Usage (434304K) : Executing rule GFil.e
2026-07-14 10:40:49 -0400: Memory Usage (434304K) : Executing rule GFil.i
2026-07-14 10:40:49 -0400: Memory Usage (434304K) : Starting 5.10 pSD table
2026-07-14 10:40:49 -0400: Memory Usage (434304K) : Executing rule pSD.c1
2026-07-14 10:40:49 -0400: Memory Usage (434372K) : Starting 5.14. Cont table
2026-07-14 10:40:49 -0400: Memory Usage (434316K) : Executing rule Cnt.a
2026-07-14 10:40:49 -0400: Memory Usage (434316K) : Executing rule Cnt.b
2026-07-14 10:40:49 -0400: Memory Usage (434256K) : Executing rule Cnt.c
2026-07-14 10:40:49 -0400: Memory Usage (434188K) : Executing rule Cnt.c.digibnd
2026-07-14 10:40:49 -0400: Memory Usage (434188K) : Executing rule Cnt.c.SRAM
2026-07-14 10:40:49 -0400: Memory Usage (434188K) : Executing rule Cnt.d
2026-07-14 10:40:49 -0400: Memory Usage (434388K) : Executing rule Cnt.e
2026-07-14 10:40:49 -0400: Memory Usage (434260K) : Executing rule Cnt.g1
2026-07-14 10:40:49 -0400: Memory Usage (434404K) : Executing rule Cnt.g2
2026-07-14 10:40:49 -0400: Memory Usage (434344K) : Starting 5.15. ContBar table
2026-07-14 10:40:49 -0400: Memory Usage (434344K) : Executing rule CntB.b1
2026-07-14 10:40:49 -0400: Memory Usage (434284K) : Executing rule CntB.h1
2026-07-14 10:40:49 -0400: Memory Usage (434216K) : Starting 6.1.3 NPN Substrate-Tie table
2026-07-14 10:40:49 -0400: Memory Usage (434216K) : Executing rule npn13G2.bR 
2026-07-14 10:40:49 -0400: Memory Usage (434412K) : Executing rule npn13G2L.cR 
2026-07-14 10:40:49 -0400: Memory Usage (434220K) : Executing rule npn13G2V.cR 
2026-07-14 10:40:49 -0400: Memory Usage (434220K) : Starting 6.7 Schottky diode table
2026-07-14 10:40:49 -0400: Memory Usage (434220K) : Executing rule Sdiod.b
2026-07-14 10:40:49 -0400: Memory Usage (434220K) : Executing rule Sdiod.c
2026-07-14 10:40:49 -0400: Memory Usage (434220K) : Executing rule Sdiod.d
2026-07-14 10:40:49 -0400: Memory Usage (434220K) : Executing rule Sdiod.e
2026-07-14 10:40:49 -0400: Memory Usage (434220K) : Starting 7.2 Latch-up table
2026-07-14 10:40:49 -0400: Memory Usage (434220K) : Executing rule LU.b
2026-07-14 10:40:49 -0400: Memory Usage (434416K) : Starting 5.16. Metal1 table
2026-07-14 10:40:49 -0400: Memory Usage (434416K) : Executing rule M1.a
2026-07-14 10:40:49 -0400: Memory Usage (434416K) : Executing rule M1.b
2026-07-14 10:40:50 -0400: Memory Usage (434356K) : Executing rule M1.e
2026-07-14 10:40:50 -0400: Memory Usage (434292K) : Executing rule M1.f
2026-07-14 10:40:50 -0400: Memory Usage (434292K) : Executing rule M1.g
2026-07-14 10:40:50 -0400: Memory Usage (434228K) : Executing rule M1.i
2026-07-14 10:40:50 -0400: Memory Usage (434420K) : Starting 5.17 Metaln table
2026-07-14 10:40:50 -0400: Memory Usage (434420K) : Executing rule M2.a
2026-07-14 10:40:50 -0400: Memory Usage (434420K) : Executing rule M2.b
2026-07-14 10:40:50 -0400: Memory Usage (434360K) : Executing rule M2.e
2026-07-14 10:40:50 -0400: Memory Usage (434296K) : Executing rule M2.f
2026-07-14 10:40:50 -0400: Memory Usage (434296K) : Executing rule M2.g
2026-07-14 10:40:50 -0400: Memory Usage (434228K) : Executing rule M2.i
2026-07-14 10:40:50 -0400: Memory Usage (434164K) : Executing rule M3.a
2026-07-14 10:40:50 -0400: Memory Usage (434164K) : Executing rule M3.b
2026-07-14 10:40:50 -0400: Memory Usage (434364K) : Executing rule M3.e
2026-07-14 10:40:50 -0400: Memory Usage (434300K) : Executing rule M3.f
2026-07-14 10:40:50 -0400: Memory Usage (434300K) : Executing rule M3.g
2026-07-14 10:40:50 -0400: Memory Usage (434236K) : Executing rule M3.i
2026-07-14 10:40:50 -0400: Memory Usage (434172K) : Executing rule M4.a
2026-07-14 10:40:50 -0400: Memory Usage (434172K) : Executing rule M4.b
2026-07-14 10:40:50 -0400: Memory Usage (434372K) : Executing rule M4.e
2026-07-14 10:40:50 -0400: Memory Usage (434308K) : Executing rule M4.f
2026-07-14 10:40:50 -0400: Memory Usage (434308K) : Executing rule M4.g
2026-07-14 10:40:50 -0400: Memory Usage (434244K) : Executing rule M4.i
2026-07-14 10:40:50 -0400: Memory Usage (434180K) : Executing rule M5.a
2026-07-14 10:40:50 -0400: Memory Usage (434180K) : Executing rule M5.b
2026-07-14 10:40:50 -0400: Memory Usage (434384K) : Executing rule M5.e
2026-07-14 10:40:50 -0400: Memory Usage (434320K) : Executing rule M5.f
2026-07-14 10:40:50 -0400: Memory Usage (434320K) : Executing rule M5.g
2026-07-14 10:40:50 -0400: Memory Usage (434252K) : Executing rule M5.i
2026-07-14 10:40:50 -0400: Memory Usage (434192K) : Starting 5.18 Metaln:filler table
2026-07-14 10:40:50 -0400: Memory Usage (434192K) : Executing rule M1Fil.c
2026-07-14 10:40:50 -0400: Memory Usage (434192K) : Executing rule M1Fil.a2
2026-07-14 10:40:50 -0400: Memory Usage (434192K) : Executing rule M2Fil.c
2026-07-14 10:40:50 -0400: Memory Usage (434192K) : Executing rule M2Fil.a2
2026-07-14 10:40:50 -0400: Memory Usage (434192K) : Executing rule M3Fil.c
2026-07-14 10:40:50 -0400: Memory Usage (434192K) : Executing rule M3Fil.a2
2026-07-14 10:40:50 -0400: Memory Usage (434192K) : Executing rule M4Fil.c
2026-07-14 10:40:50 -0400: Memory Usage (434192K) : Executing rule M4Fil.a2
2026-07-14 10:40:50 -0400: Memory Usage (434192K) : Executing rule M5Fil.c
2026-07-14 10:40:50 -0400: Memory Usage (434192K) : Executing rule M5Fil.a2
2026-07-14 10:40:50 -0400: Memory Usage (434192K) : Starting 5.19. Via1 table
2026-07-14 10:40:50 -0400: Memory Usage (434192K) : Starting 5.19. Via1 table derivations
2026-07-14 10:40:50 -0400: Memory Usage (434192K) : Executing rule V1.a
2026-07-14 10:40:50 -0400: Memory Usage (434392K) : Executing rule V1.b
2026-07-14 10:40:50 -0400: Memory Usage (434328K) : Executing rule V1.c
2026-07-14 10:40:50 -0400: Memory Usage (434268K) : Starting 5.20. Vian table
2026-07-14 10:40:50 -0400: Memory Usage (434268K) : Executing rule V2.a
2026-07-14 10:40:50 -0400: Memory Usage (434268K) : Executing rule V2.b
2026-07-14 10:40:50 -0400: Memory Usage (434200K) : Executing rule V2.c
2026-07-14 10:40:50 -0400: Memory Usage (434404K) : Executing rule V3.a
2026-07-14 10:40:50 -0400: Memory Usage (434404K) : Executing rule V3.b
2026-07-14 10:40:50 -0400: Memory Usage (434340K) : Executing rule V3.c
2026-07-14 10:40:50 -0400: Memory Usage (434272K) : Executing rule V4.a
2026-07-14 10:40:50 -0400: Memory Usage (434272K) : Executing rule V4.b
2026-07-14 10:40:50 -0400: Memory Usage (434208K) : Executing rule V4.c
2026-07-14 10:40:50 -0400: Memory Usage (434404K) : Starting 5.21. TopVia1 table
2026-07-14 10:40:50 -0400: Memory Usage (434404K) : Executing rule TV1.a
2026-07-14 10:40:50 -0400: Memory Usage (434404K) : Executing rule TV1.b
2026-07-14 10:40:50 -0400: Memory Usage (434340K) : Executing rule TV1.c
2026-07-14 10:40:50 -0400: Memory Usage (434276K) : Executing rule TV1.d
2026-07-14 10:40:50 -0400: Memory Usage (434216K) : Starting 5.22. TopMetal1 table
2026-07-14 10:40:50 -0400: Memory Usage (434216K) : Executing rule TM1.a
2026-07-14 10:40:50 -0400: Memory Usage (434216K) : Executing rule TM1.b
2026-07-14 10:40:50 -0400: Memory Usage (434416K) : Starting 5.23 TopMetal1:filler table
2026-07-14 10:40:50 -0400: Memory Usage (434416K) : Executing rule TM1Fil.c
2026-07-14 10:40:50 -0400: Memory Usage (434416K) : Executing rule TM1Fil.a1
2026-07-14 10:40:50 -0400: Memory Usage (434416K) : Starting 5.24. TopVia2 table
2026-07-14 10:40:50 -0400: Memory Usage (434416K) : Executing rule TV2.a
2026-07-14 10:40:50 -0400: Memory Usage (434416K) : Executing rule TV2.b
2026-07-14 10:40:50 -0400: Memory Usage (434348K) : Executing rule TV2.c
2026-07-14 10:40:50 -0400: Memory Usage (434284K) : Executing rule TV2.d
2026-07-14 10:40:50 -0400: Memory Usage (434220K) : Starting 5.25. TopMetal2 table
2026-07-14 10:40:50 -0400: Memory Usage (434220K) : Executing rule TM2.a
2026-07-14 10:40:50 -0400: Memory Usage (434220K) : Executing rule TM2.b
2026-07-14 10:40:50 -0400: Memory Usage (434420K) : Executing rule TM2.bR
2026-07-14 10:40:50 -0400: Memory Usage (434356K) : Starting 5.26 TopMetal2:filler table
2026-07-14 10:40:50 -0400: Memory Usage (434356K) : Executing rule TM2Fil.c
2026-07-14 10:40:50 -0400: Memory Usage (434356K) : Executing rule TM2Fil.a1
2026-07-14 10:40:50 -0400: Memory Usage (434356K) : Starting 5.27. Passiv table
2026-07-14 10:40:50 -0400: Memory Usage (434356K) : Executing rule Pas.a
2026-07-14 10:40:50 -0400: Memory Usage (434356K) : Executing rule Pas.b
2026-07-14 10:40:50 -0400: Memory Usage (434356K) : Executing rule Pas.c
2026-07-14 10:40:50 -0400: Memory Usage (434356K) : Starting 6.9.2 Copper Pillar table
2026-07-14 10:40:50 -0400: Memory Usage (434356K) : Executing rule Padc.a
2026-07-14 10:40:50 -0400: Memory Usage (434356K) : Executing rule Padc.b
2026-07-14 10:40:50 -0400: Memory Usage (434356K) : Executing rule Padc.c
2026-07-14 10:40:50 -0400: Memory Usage (434356K) : Executing rule Padb.f
2026-07-14 10:40:50 -0400: Memory Usage (434356K) : Starting 6.9 Pad table
2026-07-14 10:40:50 -0400: Memory Usage (434356K) : Executing rule Pad.m
2026-07-14 10:40:50 -0400: Memory Usage (434356K) : Executing rule Pad.fR_M1
2026-07-14 10:40:50 -0400: Memory Usage (434356K) : Executing rule Pad.fR_M2
2026-07-14 10:40:50 -0400: Memory Usage (434356K) : Executing rule Pad.fR_M3
2026-07-14 10:40:50 -0400: Memory Usage (434356K) : Executing rule Pad.fR_M4
2026-07-14 10:40:50 -0400: Memory Usage (434356K) : Executing rule Pad.fR_M5
2026-07-14 10:40:50 -0400: Memory Usage (434356K) : Executing rule Pad.fR_TM1
2026-07-14 10:40:50 -0400: Memory Usage (434356K) : Executing rule Pad.fR_TM2
2026-07-14 10:40:50 -0400: Memory Usage (434356K) : Executing rule Pad.i
2026-07-14 10:40:50 -0400: Memory Usage (434356K) : Starting 6.9.1 Solder Bump
2026-07-14 10:40:50 -0400: Memory Usage (434356K) : Executing rule Padb.a
2026-07-14 10:40:50 -0400: Memory Usage (434356K) : Executing rule Padb.b
2026-07-14 10:40:50 -0400: Memory Usage (434356K) : Executing rule Padb.c
2026-07-14 10:40:50 -0400: Memory Usage (434356K) : Executing rule Padb.f
2026-07-14 10:40:50 -0400: Memory Usage (434356K) : Executing rule Padb.d
2026-07-14 10:40:50 -0400: Memory Usage (434356K) : Starting 6.10 Sealring table
2026-07-14 10:40:50 -0400: Memory Usage (434356K) : Executing rule Seal.l
2026-07-14 10:40:50 -0400: Memory Usage (434356K) : Executing rule Seal.n
2026-07-14 10:40:50 -0400: Memory Usage (434356K) : Executing rule seal.b_metal1
2026-07-14 10:40:50 -0400: Memory Usage (434356K) : Executing rule seal.b_metal2
2026-07-14 10:40:50 -0400: Memory Usage (434356K) : Executing rule seal.b_metal3
2026-07-14 10:40:50 -0400: Memory Usage (434356K) : Executing rule seal.b_metal4
2026-07-14 10:40:50 -0400: Memory Usage (434356K) : Executing rule seal.b_metal5
2026-07-14 10:40:50 -0400: Memory Usage (434356K) : Executing rule seal.b_topmetal1
2026-07-14 10:40:50 -0400: Memory Usage (434356K) : Executing rule seal.b_topmetal2
2026-07-14 10:40:50 -0400: Memory Usage (434356K) : Executing rule seal.b_activ
2026-07-14 10:40:50 -0400: Memory Usage (434356K) : Executing rule seal.b_psd
2026-07-14 10:40:50 -0400: Memory Usage (434356K) : Executing rule Seal.k
2026-07-14 10:40:50 -0400: Memory Usage (434356K) : Executing rule Seal.m
2026-07-14 10:40:50 -0400: Memory Usage (434356K) : Starting 6.11 MIM table
2026-07-14 10:40:50 -0400: Memory Usage (434356K) : Executing rule MIM.c
2026-07-14 10:40:50 -0400: Memory Usage (434236K) : Executing rule MIM.d
2026-07-14 10:40:50 -0400: Memory Usage (434424K) : Executing rule MIM.gR
2026-07-14 10:40:50 -0400: Memory Usage (434424K) : Starting 7.3 Metal Slits table
2026-07-14 10:40:50 -0400: Memory Usage (434424K) : Executing rule Slt.e1_M1
2026-07-14 10:40:50 -0400: Memory Usage (434424K) : Executing rule Slt.e1_M2
2026-07-14 10:40:50 -0400: Memory Usage (434424K) : Executing rule Slt.e1_M3
2026-07-14 10:40:50 -0400: Memory Usage (434424K) : Executing rule Slt.e1_M4
2026-07-14 10:40:50 -0400: Memory Usage (434424K) : Executing rule Slt.e1_M5
2026-07-14 10:40:50 -0400: Memory Usage (434424K) : Executing rule Slt.e1_TM1
2026-07-14 10:40:50 -0400: Memory Usage (434424K) : Executing rule Slt.e1_TM2
2026-07-14 10:40:50 -0400: Memory Usage (434424K) : Starting 9.1. LBE table
2026-07-14 10:40:50 -0400: Memory Usage (434424K) : Executing rule LBE.a
2026-07-14 10:40:50 -0400: Memory Usage (434424K) : Executing rule LBE.b
2026-07-14 10:40:50 -0400: Memory Usage (434424K) : Executing rule LBE.b1
2026-07-14 10:40:50 -0400: Memory Usage (434424K) : Executing rule LBE.c
2026-07-14 10:40:50 -0400: Memory Usage (434424K) : Executing rule LBE.d
2026-07-14 10:40:50 -0400: Memory Usage (434424K) : Executing rule LBE.h
2026-07-14 10:40:50 -0400: Memory Usage (434424K) : Starting 7.4. PIN table
2026-07-14 10:40:50 -0400: Memory Usage (434424K) : Executing rule Pin.a
2026-07-14 10:40:50 -0400: Memory Usage (434424K) : Executing rule Pin.b
2026-07-14 10:40:50 -0400: Memory Usage (434424K) : Executing rule Pin.e
2026-07-14 10:40:50 -0400: Memory Usage (434424K) : Executing rule Pin.f_M2
2026-07-14 10:40:50 -0400: Memory Usage (434424K) : Executing rule Pin.f_M3
2026-07-14 10:40:50 -0400: Memory Usage (434424K) : Executing rule Pin.f_M4
2026-07-14 10:40:50 -0400: Memory Usage (434424K) : Executing rule Pin.f_M5
2026-07-14 10:40:50 -0400: Memory Usage (434424K) : Executing rule Pin.g
2026-07-14 10:40:50 -0400: Memory Usage (434424K) : Executing rule Pin.h
2026-07-14 10:40:50 -0400: Memory Usage (434424K) : Starting 3.1. offgrid table
2026-07-14 10:40:50 -0400: Memory Usage (434424K) : Executing rule activ_drw_Offgrid
2026-07-14 10:40:50 -0400: Memory Usage (434424K) : Executing rule activ_pin_Offgrid
2026-07-14 10:40:50 -0400: Memory Usage (434424K) : Executing rule activ_mask_Offgrid
2026-07-14 10:40:50 -0400: Memory Usage (434424K) : Executing rule activ_filler_Offgrid
2026-07-14 10:40:50 -0400: Memory Usage (434424K) : Executing rule activ_nofill_Offgrid
2026-07-14 10:40:50 -0400: Memory Usage (434424K) : Executing rule activ_opc_Offgrid
2026-07-14 10:40:50 -0400: Memory Usage (434424K) : Executing rule activ_iopc_Offgrid
2026-07-14 10:40:50 -0400: Memory Usage (434424K) : Executing rule activ_noqrc_Offgrid
2026-07-14 10:40:50 -0400: Memory Usage (434424K) : Executing rule biwind_drw_Offgrid
2026-07-14 10:40:50 -0400: Memory Usage (434424K) : Executing rule biwind_opc_Offgrid
2026-07-14 10:40:50 -0400: Memory Usage (434424K) : Executing rule pemwind_drw_Offgrid
2026-07-14 10:40:50 -0400: Memory Usage (434424K) : Executing rule gatpoly_drw_Offgrid
2026-07-14 10:40:50 -0400: Memory Usage (434424K) : Executing rule gatpoly_pin_Offgrid
2026-07-14 10:40:50 -0400: Memory Usage (434424K) : Executing rule gatpoly_filler_Offgrid
2026-07-14 10:40:50 -0400: Memory Usage (434424K) : Executing rule gatpoly_nofill_Offgrid
2026-07-14 10:40:50 -0400: Memory Usage (434424K) : Executing rule gatpoly_opc_Offgrid
2026-07-14 10:40:50 -0400: Memory Usage (434424K) : Executing rule gatpoly_iopc_Offgrid
2026-07-14 10:40:50 -0400: Memory Usage (434424K) : Executing rule gatpoly_noqrc_Offgrid
2026-07-14 10:40:50 -0400: Memory Usage (434424K) : Executing rule cont_drw_Offgrid
2026-07-14 10:40:50 -0400: Memory Usage (435008K) : Executing rule cont_opc_Offgrid
2026-07-14 10:40:50 -0400: Memory Usage (435272K) : Executing rule nsd_drw_Offgrid
2026-07-14 10:40:50 -0400: Memory Usage (435800K) : Executing rule nsd_block_Offgrid
2026-07-14 10:40:50 -0400: Memory Usage (436328K) : Executing rule metal1_drw_Offgrid
2026-07-14 10:40:50 -0400: Memory Usage (436592K) : Executing rule metal1_pin_Offgrid
2026-07-14 10:40:50 -0400: Memory Usage (437120K) : Executing rule metal1_mask_Offgrid
2026-07-14 10:40:50 -0400: Memory Usage (437648K) : Executing rule metal1_filler_Offgrid
2026-07-14 10:40:50 -0400: Memory Usage (438176K) : Executing rule metal1_nofill_Offgrid
2026-07-14 10:40:50 -0400: Memory Usage (438440K) : Executing rule metal1_slit_Offgrid
2026-07-14 10:40:50 -0400: Memory Usage (438968K) : Executing rule metal1_opc_Offgrid
2026-07-14 10:40:50 -0400: Memory Usage (439496K) : Executing rule metal1_noqrc_Offgrid
2026-07-14 10:40:50 -0400: Memory Usage (439760K) : Executing rule metal1_res_Offgrid
2026-07-14 10:40:50 -0400: Memory Usage (440288K) : Executing rule metal1_iprobe_Offgrid
2026-07-14 10:40:50 -0400: Memory Usage (440816K) : Executing rule metal1_diffprb_Offgrid
2026-07-14 10:40:50 -0400: Memory Usage (441344K) : Executing rule passiv_drw_Offgrid
2026-07-14 10:40:50 -0400: Memory Usage (441608K) : Executing rule passiv_pin_Offgrid
2026-07-14 10:40:50 -0400: Memory Usage (442136K) : Executing rule passiv_pillar_Offgrid
2026-07-14 10:40:50 -0400: Memory Usage (442664K) : Executing rule passiv_sbump_Offgrid
2026-07-14 10:40:50 -0400: Memory Usage (442928K) : Executing rule passiv_pdl_Offgrid
2026-07-14 10:40:50 -0400: Memory Usage (443456K) : Executing rule metal2_drw_Offgrid
2026-07-14 10:40:50 -0400: Memory Usage (443984K) : Executing rule metal2_pin_Offgrid
2026-07-14 10:40:50 -0400: Memory Usage (444248K) : Executing rule metal2_mask_Offgrid
2026-07-14 10:40:50 -0400: Memory Usage (444776K) : Executing rule metal2_filler_Offgrid
2026-07-14 10:40:50 -0400: Memory Usage (445304K) : Executing rule metal2_nofill_Offgrid
2026-07-14 10:40:50 -0400: Memory Usage (445832K) : Executing rule metal2_slit_Offgrid
2026-07-14 10:40:50 -0400: Memory Usage (446096K) : Executing rule metal2_opc_Offgrid
2026-07-14 10:40:50 -0400: Memory Usage (446624K) : Executing rule metal2_noqrc_Offgrid
2026-07-14 10:40:51 -0400: Memory Usage (446624K) : Executing rule metal2_res_Offgrid
2026-07-14 10:40:51 -0400: Memory Usage (446624K) : Executing rule metal2_iprobe_Offgrid
2026-07-14 10:40:51 -0400: Memory Usage (446624K) : Executing rule metal2_diffprb_Offgrid
2026-07-14 10:40:51 -0400: Memory Usage (446624K) : Executing rule baspoly_drw_Offgrid
2026-07-14 10:40:51 -0400: Memory Usage (446624K) : Executing rule baspoly_pin_Offgrid
2026-07-14 10:40:51 -0400: Memory Usage (446624K) : Executing rule psd_drw_Offgrid
2026-07-14 10:40:51 -0400: Memory Usage (446624K) : Executing rule nldb_drw_Offgrid
2026-07-14 10:40:51 -0400: Memory Usage (446624K) : Executing rule via1_drw_Offgrid
2026-07-14 10:40:51 -0400: Memory Usage (446624K) : Executing rule backmetal1_drw_Offgrid
2026-07-14 10:40:51 -0400: Memory Usage (446624K) : Executing rule backmetal1_pin_Offgrid
2026-07-14 10:40:51 -0400: Memory Usage (446624K) : Executing rule backmetal1_mask_Offgrid
2026-07-14 10:40:51 -0400: Memory Usage (446624K) : Executing rule backmetal1_filler_Offgrid
2026-07-14 10:40:51 -0400: Memory Usage (446624K) : Executing rule backmetal1_nofill_Offgrid
2026-07-14 10:40:51 -0400: Memory Usage (446624K) : Executing rule backmetal1_slit_Offgrid
2026-07-14 10:40:51 -0400: Memory Usage (446624K) : Executing rule backmetal1_opc_Offgrid
2026-07-14 10:40:51 -0400: Memory Usage (446624K) : Executing rule backmetal1_noqrc_Offgrid
2026-07-14 10:40:51 -0400: Memory Usage (446624K) : Executing rule backmetal1_res_Offgrid
2026-07-14 10:40:51 -0400: Memory Usage (446624K) : Executing rule backmetal1_iprobe_Offgrid
2026-07-14 10:40:51 -0400: Memory Usage (446624K) : Executing rule backmetal1_diffprb_Offgrid
2026-07-14 10:40:51 -0400: Memory Usage (446624K) : Executing rule backpassiv_drw_Offgrid
2026-07-14 10:40:51 -0400: Memory Usage (446624K) : Executing rule salblock_drw_Offgrid
2026-07-14 10:40:51 -0400: Memory Usage (446624K) : Executing rule via2_drw_Offgrid
2026-07-14 10:40:51 -0400: Memory Usage (446624K) : Executing rule metal3_drw_Offgrid
2026-07-14 10:40:51 -0400: Memory Usage (446624K) : Executing rule metal3_pin_Offgrid
2026-07-14 10:40:51 -0400: Memory Usage (446624K) : Executing rule metal3_mask_Offgrid
2026-07-14 10:40:51 -0400: Memory Usage (446624K) : Executing rule metal3_filler_Offgrid
2026-07-14 10:40:51 -0400: Memory Usage (446624K) : Executing rule metal3_nofill_Offgrid
2026-07-14 10:40:51 -0400: Memory Usage (446624K) : Executing rule metal3_slit_Offgrid
2026-07-14 10:40:51 -0400: Memory Usage (446624K) : Executing rule metal3_opc_Offgrid
2026-07-14 10:40:51 -0400: Memory Usage (446624K) : Executing rule metal3_noqrc_Offgrid
2026-07-14 10:40:51 -0400: Memory Usage (446624K) : Executing rule metal3_res_Offgrid
2026-07-14 10:40:51 -0400: Memory Usage (446624K) : Executing rule metal3_iprobe_Offgrid
2026-07-14 10:40:51 -0400: Memory Usage (446624K) : Executing rule metal3_diffprb_Offgrid
2026-07-14 10:40:51 -0400: Memory Usage (446624K) : Executing rule nwell_drw_Offgrid
2026-07-14 10:40:51 -0400: Memory Usage (446624K) : Executing rule nwell_pin_Offgrid
2026-07-14 10:40:51 -0400: Memory Usage (446624K) : Executing rule nbulay_drw_Offgrid
2026-07-14 10:40:51 -0400: Memory Usage (446624K) : Executing rule nbulay_pin_Offgrid
2026-07-14 10:40:51 -0400: Memory Usage (446624K) : Executing rule nbulay_block_Offgrid
2026-07-14 10:40:51 -0400: Memory Usage (446624K) : Executing rule pwell_drw_Offgrid
2026-07-14 10:40:51 -0400: Memory Usage (446624K) : Executing rule pwell_pin_Offgrid
2026-07-14 10:40:51 -0400: Memory Usage (446624K) : Executing rule pwell_block_Offgrid
2026-07-14 10:40:51 -0400: Memory Usage (446624K) : Executing rule emwind_drw_Offgrid
2026-07-14 10:40:51 -0400: Memory Usage (446624K) : Executing rule emwind_opc_Offgrid
2026-07-14 10:40:51 -0400: Memory Usage (446624K) : Executing rule deepco_drw_Offgrid
2026-07-14 10:40:51 -0400: Memory Usage (446624K) : Executing rule mim_drw_Offgrid
2026-07-14 10:40:51 -0400: Memory Usage (446624K) : Executing rule substrate_drw_Offgrid
2026-07-14 10:40:51 -0400: Memory Usage (446624K) : Executing rule ic_drw_Offgrid
2026-07-14 10:40:51 -0400: Memory Usage (446624K) : Executing rule via3_drw_Offgrid
2026-07-14 10:40:51 -0400: Memory Usage (446624K) : Executing rule pldb_drw_Offgrid
2026-07-14 10:40:51 -0400: Memory Usage (446624K) : Executing rule metal4_drw_Offgrid
2026-07-14 10:40:51 -0400: Memory Usage (446624K) : Executing rule metal4_pin_Offgrid
2026-07-14 10:40:51 -0400: Memory Usage (446624K) : Executing rule metal4_mask_Offgrid
2026-07-14 10:40:51 -0400: Memory Usage (446624K) : Executing rule metal4_filler_Offgrid
2026-07-14 10:40:51 -0400: Memory Usage (446624K) : Executing rule metal4_nofill_Offgrid
2026-07-14 10:40:51 -0400: Memory Usage (446624K) : Executing rule metal4_slit_Offgrid
2026-07-14 10:40:51 -0400: Memory Usage (446624K) : Executing rule metal4_opc_Offgrid
2026-07-14 10:40:51 -0400: Memory Usage (446624K) : Executing rule metal4_noqrc_Offgrid
2026-07-14 10:40:51 -0400: Memory Usage (446624K) : Executing rule metal4_res_Offgrid
2026-07-14 10:40:51 -0400: Memory Usage (446624K) : Executing rule metal4_iprobe_Offgrid
2026-07-14 10:40:51 -0400: Memory Usage (446624K) : Executing rule metal4_diffprb_Offgrid
2026-07-14 10:40:51 -0400: Memory Usage (446624K) : Executing rule via4_drw_Offgrid
2026-07-14 10:40:51 -0400: Memory Usage (446624K) : Executing rule metal5_drw_Offgrid
2026-07-14 10:40:51 -0400: Memory Usage (446624K) : Executing rule metal5_pin_Offgrid
2026-07-14 10:40:51 -0400: Memory Usage (446624K) : Executing rule metal5_mask_Offgrid
2026-07-14 10:40:51 -0400: Memory Usage (446888K) : Executing rule metal5_filler_Offgrid
2026-07-14 10:40:51 -0400: Memory Usage (447416K) : Executing rule metal5_nofill_Offgrid
2026-07-14 10:40:51 -0400: Memory Usage (447680K) : Executing rule metal5_slit_Offgrid
2026-07-14 10:40:51 -0400: Memory Usage (447680K) : Executing rule metal5_opc_Offgrid
2026-07-14 10:40:51 -0400: Memory Usage (447680K) : Executing rule metal5_noqrc_Offgrid
2026-07-14 10:40:51 -0400: Memory Usage (447680K) : Executing rule metal5_res_Offgrid
2026-07-14 10:40:51 -0400: Memory Usage (447680K) : Executing rule metal5_iprobe_Offgrid
2026-07-14 10:40:51 -0400: Memory Usage (447680K) : Executing rule metal5_diffprb_Offgrid
2026-07-14 10:40:51 -0400: Memory Usage (447680K) : Executing rule prboundary_drw_Offgrid
2026-07-14 10:40:51 -0400: Memory Usage (447680K) : Executing rule exchange0_drw_Offgrid
2026-07-14 10:40:51 -0400: Memory Usage (447680K) : Executing rule exchange0_pin_Offgrid
2026-07-14 10:40:51 -0400: Memory Usage (447680K) : Executing rule exchange1_drw_Offgrid
2026-07-14 10:40:51 -0400: Memory Usage (447680K) : Executing rule exchange1_pin_Offgrid
2026-07-14 10:40:51 -0400: Memory Usage (447680K) : Executing rule exchange2_drw_Offgrid
2026-07-14 10:40:51 -0400: Memory Usage (447680K) : Executing rule exchange2_pin_Offgrid
2026-07-14 10:40:51 -0400: Memory Usage (447680K) : Executing rule exchange3_drw_Offgrid
2026-07-14 10:40:51 -0400: Memory Usage (447680K) : Executing rule exchange3_pin_Offgrid
2026-07-14 10:40:51 -0400: Memory Usage (447680K) : Executing rule exchange4_drw_Offgrid
2026-07-14 10:40:51 -0400: Memory Usage (447680K) : Executing rule exchange4_pin_Offgrid
2026-07-14 10:40:51 -0400: Memory Usage (447680K) : Executing rule isonwell_drw_Offgrid
2026-07-14 10:40:51 -0400: Memory Usage (447680K) : Executing rule thickgateox_drw_Offgrid
2026-07-14 10:40:51 -0400: Memory Usage (447680K) : Executing rule pempoly_drw_Offgrid
2026-07-14 10:40:51 -0400: Memory Usage (447680K) : Executing rule fbe_drw_Offgrid
2026-07-14 10:40:51 -0400: Memory Usage (447680K) : Executing rule empoly_drw_Offgrid
2026-07-14 10:40:51 -0400: Memory Usage (447680K) : Executing rule ldmos_drw_Offgrid
2026-07-14 10:40:51 -0400: Memory Usage (447680K) : Executing rule pbiwind_drw_Offgrid
2026-07-14 10:40:51 -0400: Memory Usage (447680K) : Executing rule colopen_drw_Offgrid
2026-07-14 10:40:51 -0400: Memory Usage (447680K) : Executing rule extblock_drw_Offgrid
2026-07-14 10:40:51 -0400: Memory Usage (447680K) : Executing rule nldd_drw_Offgrid
2026-07-14 10:40:51 -0400: Memory Usage (447680K) : Executing rule pldd_drw_Offgrid
2026-07-14 10:40:51 -0400: Memory Usage (447680K) : Executing rule next_drw_Offgrid
2026-07-14 10:40:51 -0400: Memory Usage (447680K) : Executing rule pext_drw_Offgrid
2026-07-14 10:40:51 -0400: Memory Usage (447680K) : Executing rule nexthv_drw_Offgrid
2026-07-14 10:40:51 -0400: Memory Usage (447680K) : Executing rule pexthv_drw_Offgrid
2026-07-14 10:40:51 -0400: Memory Usage (447680K) : Executing rule graphgate_drw_Offgrid
2026-07-14 10:40:51 -0400: Memory Usage (447680K) : Executing rule mempad_drw_Offgrid
2026-07-14 10:40:51 -0400: Memory Usage (447680K) : Executing rule topvia1_drw_Offgrid
2026-07-14 10:40:51 -0400: Memory Usage (447680K) : Executing rule topmetal1_drw_Offgrid
2026-07-14 10:40:51 -0400: Memory Usage (447680K) : Executing rule topmetal1_pin_Offgrid
2026-07-14 10:40:51 -0400: Memory Usage (447680K) : Executing rule topmetal1_mask_Offgrid
2026-07-14 10:40:51 -0400: Memory Usage (447680K) : Executing rule topmetal1_filler_Offgrid
2026-07-14 10:40:51 -0400: Memory Usage (447680K) : Executing rule topmetal1_nofill_Offgrid
2026-07-14 10:40:51 -0400: Memory Usage (447680K) : Executing rule topmetal1_slit_Offgrid
2026-07-14 10:40:51 -0400: Memory Usage (447680K) : Executing rule topmetal1_noqrc_Offgrid
2026-07-14 10:40:51 -0400: Memory Usage (447680K) : Executing rule topmetal1_res_Offgrid
2026-07-14 10:40:51 -0400: Memory Usage (447680K) : Executing rule topmetal1_iprobe_Offgrid
2026-07-14 10:40:51 -0400: Memory Usage (447680K) : Executing rule topmetal1_diffprb_Offgrid
2026-07-14 10:40:51 -0400: Memory Usage (447680K) : Executing rule inldpwl_drw_Offgrid
2026-07-14 10:40:51 -0400: Memory Usage (447680K) : Executing rule polyres_drw_Offgrid
2026-07-14 10:40:51 -0400: Memory Usage (447680K) : Executing rule polyres_pin_Offgrid
2026-07-14 10:40:51 -0400: Memory Usage (447680K) : Executing rule vmim_drw_Offgrid
2026-07-14 10:40:51 -0400: Memory Usage (447680K) : Executing rule nbulaycut_drw_Offgrid
2026-07-14 10:40:51 -0400: Memory Usage (447680K) : Executing rule antmetal1_drw_Offgrid
2026-07-14 10:40:51 -0400: Memory Usage (447680K) : Executing rule topvia2_drw_Offgrid
2026-07-14 10:40:51 -0400: Memory Usage (447680K) : Executing rule topmetal2_drw_Offgrid
2026-07-14 10:40:51 -0400: Memory Usage (447680K) : Executing rule topmetal2_pin_Offgrid
2026-07-14 10:40:51 -0400: Memory Usage (447680K) : Executing rule topmetal2_mask_Offgrid
2026-07-14 10:40:51 -0400: Memory Usage (447680K) : Executing rule topmetal2_filler_Offgrid
2026-07-14 10:40:51 -0400: Memory Usage (447680K) : Executing rule topmetal2_nofill_Offgrid
2026-07-14 10:40:51 -0400: Memory Usage (447680K) : Executing rule topmetal2_slit_Offgrid
2026-07-14 10:40:51 -0400: Memory Usage (447680K) : Executing rule topmetal2_noqrc_Offgrid
2026-07-14 10:40:51 -0400: Memory Usage (447680K) : Executing rule topmetal2_res_Offgrid
2026-07-14 10:40:51 -0400: Memory Usage (447680K) : Executing rule topmetal2_iprobe_Offgrid
2026-07-14 10:40:52 -0400: Memory Usage (447680K) : Executing rule topmetal2_diffprb_Offgrid
2026-07-14 10:40:52 -0400: Memory Usage (447680K) : Executing rule snsring_drw_Offgrid
2026-07-14 10:40:52 -0400: Memory Usage (447680K) : Executing rule sensor_drw_Offgrid
2026-07-14 10:40:52 -0400: Memory Usage (447680K) : Executing rule snsarms_drw_Offgrid
2026-07-14 10:40:52 -0400: Memory Usage (447680K) : Executing rule snscmosvia_drw_Offgrid
2026-07-14 10:40:52 -0400: Memory Usage (447680K) : Executing rule colwind_drw_Offgrid
2026-07-14 10:40:52 -0400: Memory Usage (447680K) : Executing rule flm_drw_Offgrid
2026-07-14 10:40:52 -0400: Memory Usage (447680K) : Executing rule hafniumox_drw_Offgrid
2026-07-14 10:40:52 -0400: Memory Usage (447680K) : Executing rule memvia_drw_Offgrid
2026-07-14 10:40:52 -0400: Memory Usage (447680K) : Executing rule thinfilmres_drw_Offgrid
2026-07-14 10:40:52 -0400: Memory Usage (447680K) : Executing rule rfmem_drw_Offgrid
2026-07-14 10:40:52 -0400: Memory Usage (447680K) : Executing rule snsbotvia_drw_Offgrid
2026-07-14 10:40:52 -0400: Memory Usage (447680K) : Executing rule snstopvia_drw_Offgrid
2026-07-14 10:40:52 -0400: Memory Usage (447680K) : Executing rule deepvia_drw_Offgrid
2026-07-14 10:40:52 -0400: Memory Usage (447680K) : Executing rule fgetch_drw_Offgrid
2026-07-14 10:40:52 -0400: Memory Usage (447680K) : Executing rule ctrgat_drw_Offgrid
2026-07-14 10:40:52 -0400: Memory Usage (447680K) : Executing rule fgimp_drw_Offgrid
2026-07-14 10:40:52 -0400: Memory Usage (447680K) : Executing rule emwihv_drw_Offgrid
2026-07-14 10:40:52 -0400: Memory Usage (447680K) : Executing rule lbe_drw_Offgrid
2026-07-14 10:40:52 -0400: Memory Usage (447680K) : Executing rule alcustop_drw_Offgrid
2026-07-14 10:40:52 -0400: Memory Usage (447680K) : Starting 3.2. angle table
2026-07-14 10:40:52 -0400: Memory Usage (447680K) : Executing rule activ_drw_Acute
2026-07-14 10:40:52 -0400: Memory Usage (447680K) : Executing rule activ_pin_Acute
2026-07-14 10:40:52 -0400: Memory Usage (447680K) : Executing rule activ_mask_Acute
2026-07-14 10:40:52 -0400: Memory Usage (447680K) : Executing rule activ_filler_Acute
2026-07-14 10:40:52 -0400: Memory Usage (447680K) : Executing rule activ_nofill_Acute
2026-07-14 10:40:52 -0400: Memory Usage (447680K) : Executing rule activ_opc_Acute
2026-07-14 10:40:52 -0400: Memory Usage (447680K) : Executing rule activ_iopc_Acute
2026-07-14 10:40:52 -0400: Memory Usage (447680K) : Executing rule activ_noqrc_Acute
2026-07-14 10:40:52 -0400: Memory Usage (447680K) : Executing rule biwind_drw_Acute
2026-07-14 10:40:52 -0400: Memory Usage (447680K) : Executing rule biwind_opc_Acute
2026-07-14 10:40:52 -0400: Memory Usage (447680K) : Executing rule pemwind_drw_Acute
2026-07-14 10:40:52 -0400: Memory Usage (447680K) : Executing rule gatpoly_drw_Acute
2026-07-14 10:40:52 -0400: Memory Usage (447680K) : Executing rule gatpoly_pin_Acute
2026-07-14 10:40:52 -0400: Memory Usage (447680K) : Executing rule gatpoly_filler_Acute
2026-07-14 10:40:52 -0400: Memory Usage (447680K) : Executing rule gatpoly_nofill_Acute
2026-07-14 10:40:52 -0400: Memory Usage (447680K) : Executing rule gatpoly_opc_Acute
2026-07-14 10:40:52 -0400: Memory Usage (447680K) : Executing rule gatpoly_iopc_Acute
2026-07-14 10:40:52 -0400: Memory Usage (447680K) : Executing rule gatpoly_noqrc_Acute
2026-07-14 10:40:52 -0400: Memory Usage (447680K) : Executing rule cont_drw_Acute
2026-07-14 10:40:52 -0400: Memory Usage (447680K) : Executing rule cont_opc_Acute
2026-07-14 10:40:52 -0400: Memory Usage (447680K) : Executing rule nsd_drw_Acute
2026-07-14 10:40:52 -0400: Memory Usage (447680K) : Executing rule nsd_block_Acute
2026-07-14 10:40:52 -0400: Memory Usage (447680K) : Executing rule metal1_drw_Acute
2026-07-14 10:40:52 -0400: Memory Usage (447680K) : Executing rule metal1_pin_Acute
2026-07-14 10:40:52 -0400: Memory Usage (447680K) : Executing rule metal1_mask_Acute
2026-07-14 10:40:52 -0400: Memory Usage (447680K) : Executing rule metal1_filler_Acute
2026-07-14 10:40:52 -0400: Memory Usage (447680K) : Executing rule metal1_nofill_Acute
2026-07-14 10:40:52 -0400: Memory Usage (447680K) : Executing rule metal1_slit_Acute
2026-07-14 10:40:52 -0400: Memory Usage (447680K) : Executing rule metal1_opc_Acute
2026-07-14 10:40:52 -0400: Memory Usage (447680K) : Executing rule metal1_noqrc_Acute
2026-07-14 10:40:52 -0400: Memory Usage (447680K) : Executing rule metal1_res_Acute
2026-07-14 10:40:52 -0400: Memory Usage (447680K) : Executing rule metal1_iprobe_Acute
2026-07-14 10:40:52 -0400: Memory Usage (447680K) : Executing rule metal1_diffprb_Acute
2026-07-14 10:40:52 -0400: Memory Usage (447680K) : Executing rule passiv_drw_Acute
2026-07-14 10:40:52 -0400: Memory Usage (447680K) : Executing rule passiv_pin_Acute
2026-07-14 10:40:52 -0400: Memory Usage (447680K) : Executing rule passiv_pillar_Acute
2026-07-14 10:40:52 -0400: Memory Usage (447680K) : Executing rule passiv_sbump_Acute
2026-07-14 10:40:52 -0400: Memory Usage (447680K) : Executing rule passiv_pdl_Acute
2026-07-14 10:40:52 -0400: Memory Usage (447680K) : Executing rule metal2_drw_Acute
2026-07-14 10:40:52 -0400: Memory Usage (447680K) : Executing rule metal2_pin_Acute
2026-07-14 10:40:52 -0400: Memory Usage (447680K) : Executing rule metal2_mask_Acute
2026-07-14 10:40:52 -0400: Memory Usage (447680K) : Executing rule metal2_filler_Acute
2026-07-14 10:40:52 -0400: Memory Usage (447680K) : Executing rule metal2_nofill_Acute
2026-07-14 10:40:52 -0400: Memory Usage (447680K) : Executing rule metal2_slit_Acute
2026-07-14 10:40:52 -0400: Memory Usage (447680K) : Executing rule metal2_opc_Acute
2026-07-14 10:40:52 -0400: Memory Usage (447680K) : Executing rule metal2_noqrc_Acute
2026-07-14 10:40:52 -0400: Memory Usage (447680K) : Executing rule metal2_res_Acute
2026-07-14 10:40:52 -0400: Memory Usage (447944K) : Executing rule metal2_iprobe_Acute
2026-07-14 10:40:52 -0400: Memory Usage (448472K) : Executing rule metal2_diffprb_Acute
2026-07-14 10:40:52 -0400: Memory Usage (449000K) : Executing rule baspoly_drw_Acute
2026-07-14 10:40:52 -0400: Memory Usage (449528K) : Executing rule baspoly_pin_Acute
2026-07-14 10:40:52 -0400: Memory Usage (449528K) : Executing rule psd_drw_Acute
2026-07-14 10:40:52 -0400: Memory Usage (449528K) : Executing rule nldb_drw_Acute
2026-07-14 10:40:52 -0400: Memory Usage (449528K) : Executing rule via1_drw_Acute
2026-07-14 10:40:52 -0400: Memory Usage (449528K) : Executing rule backmetal1_drw_Acute
2026-07-14 10:40:52 -0400: Memory Usage (449528K) : Executing rule backmetal1_pin_Acute
2026-07-14 10:40:52 -0400: Memory Usage (449528K) : Executing rule backmetal1_mask_Acute
2026-07-14 10:40:52 -0400: Memory Usage (449528K) : Executing rule backmetal1_filler_Acute
2026-07-14 10:40:52 -0400: Memory Usage (449528K) : Executing rule backmetal1_nofill_Acute
2026-07-14 10:40:52 -0400: Memory Usage (449528K) : Executing rule backmetal1_slit_Acute
2026-07-14 10:40:52 -0400: Memory Usage (449528K) : Executing rule backmetal1_opc_Acute
2026-07-14 10:40:52 -0400: Memory Usage (449528K) : Executing rule backmetal1_noqrc_Acute
2026-07-14 10:40:52 -0400: Memory Usage (449528K) : Executing rule backmetal1_res_Acute
2026-07-14 10:40:52 -0400: Memory Usage (449528K) : Executing rule backmetal1_iprobe_Acute
2026-07-14 10:40:52 -0400: Memory Usage (449528K) : Executing rule backmetal1_diffprb_Acute
2026-07-14 10:40:52 -0400: Memory Usage (449528K) : Executing rule backpassiv_drw_Acute
2026-07-14 10:40:52 -0400: Memory Usage (449528K) : Executing rule salblock_drw_Acute
2026-07-14 10:40:52 -0400: Memory Usage (449528K) : Executing rule via2_drw_Acute
2026-07-14 10:40:52 -0400: Memory Usage (449528K) : Executing rule metal3_drw_Acute
2026-07-14 10:40:52 -0400: Memory Usage (449528K) : Executing rule metal3_pin_Acute
2026-07-14 10:40:52 -0400: Memory Usage (449528K) : Executing rule metal3_mask_Acute
2026-07-14 10:40:52 -0400: Memory Usage (449528K) : Executing rule metal3_filler_Acute
2026-07-14 10:40:52 -0400: Memory Usage (449528K) : Executing rule metal3_nofill_Acute
2026-07-14 10:40:52 -0400: Memory Usage (449528K) : Executing rule metal3_slit_Acute
2026-07-14 10:40:52 -0400: Memory Usage (449528K) : Executing rule metal3_opc_Acute
2026-07-14 10:40:52 -0400: Memory Usage (449528K) : Executing rule metal3_noqrc_Acute
2026-07-14 10:40:52 -0400: Memory Usage (449528K) : Executing rule metal3_res_Acute
2026-07-14 10:40:52 -0400: Memory Usage (449528K) : Executing rule metal3_iprobe_Acute
2026-07-14 10:40:52 -0400: Memory Usage (449528K) : Executing rule metal3_diffprb_Acute
2026-07-14 10:40:52 -0400: Memory Usage (449528K) : Executing rule nwell_drw_Acute
2026-07-14 10:40:52 -0400: Memory Usage (449528K) : Executing rule nwell_pin_Acute
2026-07-14 10:40:52 -0400: Memory Usage (449528K) : Executing rule nbulay_drw_Acute
2026-07-14 10:40:52 -0400: Memory Usage (449528K) : Executing rule nbulay_pin_Acute
2026-07-14 10:40:52 -0400: Memory Usage (449528K) : Executing rule nbulay_block_Acute
2026-07-14 10:40:52 -0400: Memory Usage (449528K) : Executing rule pwell_drw_Acute
2026-07-14 10:40:52 -0400: Memory Usage (449528K) : Executing rule pwell_pin_Acute
2026-07-14 10:40:52 -0400: Memory Usage (449528K) : Executing rule pwell_block_Acute
2026-07-14 10:40:52 -0400: Memory Usage (449528K) : Executing rule emwind_drw_Acute
2026-07-14 10:40:52 -0400: Memory Usage (449528K) : Executing rule emwind_opc_Acute
2026-07-14 10:40:52 -0400: Memory Usage (449528K) : Executing rule deepco_drw_Acute
2026-07-14 10:40:52 -0400: Memory Usage (449528K) : Executing rule mim_drw_Acute
2026-07-14 10:40:52 -0400: Memory Usage (449528K) : Executing rule substrate_drw_Acute
2026-07-14 10:40:52 -0400: Memory Usage (449528K) : Executing rule ic_drw_Acute
2026-07-14 10:40:52 -0400: Memory Usage (449528K) : Executing rule via3_drw_Acute
2026-07-14 10:40:52 -0400: Memory Usage (449528K) : Executing rule pldb_drw_Acute
2026-07-14 10:40:52 -0400: Memory Usage (449528K) : Executing rule metal4_drw_Acute
2026-07-14 10:40:52 -0400: Memory Usage (449528K) : Executing rule metal4_pin_Acute
2026-07-14 10:40:52 -0400: Memory Usage (449528K) : Executing rule metal4_mask_Acute
2026-07-14 10:40:52 -0400: Memory Usage (449528K) : Executing rule metal4_filler_Acute
2026-07-14 10:40:52 -0400: Memory Usage (449528K) : Executing rule metal4_nofill_Acute
2026-07-14 10:40:52 -0400: Memory Usage (449528K) : Executing rule metal4_slit_Acute
2026-07-14 10:40:52 -0400: Memory Usage (449528K) : Executing rule metal4_opc_Acute
2026-07-14 10:40:53 -0400: Memory Usage (449528K) : Executing rule metal4_noqrc_Acute
2026-07-14 10:40:53 -0400: Memory Usage (449528K) : Executing rule metal4_res_Acute
2026-07-14 10:40:53 -0400: Memory Usage (449528K) : Executing rule metal4_iprobe_Acute
2026-07-14 10:40:53 -0400: Memory Usage (449528K) : Executing rule metal4_diffprb_Acute
2026-07-14 10:40:53 -0400: Memory Usage (449528K) : Executing rule via4_drw_Acute
2026-07-14 10:40:53 -0400: Memory Usage (449528K) : Executing rule metal5_drw_Acute
2026-07-14 10:40:53 -0400: Memory Usage (449528K) : Executing rule metal5_pin_Acute
2026-07-14 10:40:53 -0400: Memory Usage (449528K) : Executing rule metal5_mask_Acute
2026-07-14 10:40:53 -0400: Memory Usage (449528K) : Executing rule metal5_filler_Acute
2026-07-14 10:40:53 -0400: Memory Usage (449528K) : Executing rule metal5_nofill_Acute
2026-07-14 10:40:53 -0400: Memory Usage (449528K) : Executing rule metal5_slit_Acute
2026-07-14 10:40:53 -0400: Memory Usage (449528K) : Executing rule metal5_opc_Acute
2026-07-14 10:40:53 -0400: Memory Usage (449528K) : Executing rule metal5_noqrc_Acute
2026-07-14 10:40:53 -0400: Memory Usage (449528K) : Executing rule metal5_res_Acute
2026-07-14 10:40:53 -0400: Memory Usage (449528K) : Executing rule metal5_iprobe_Acute
2026-07-14 10:40:53 -0400: Memory Usage (449528K) : Executing rule metal5_diffprb_Acute
2026-07-14 10:40:53 -0400: Memory Usage (449528K) : Executing rule prboundary_drw_Acute
2026-07-14 10:40:53 -0400: Memory Usage (449528K) : Executing rule exchange0_drw_Acute
2026-07-14 10:40:53 -0400: Memory Usage (449528K) : Executing rule exchange0_pin_Acute
2026-07-14 10:40:53 -0400: Memory Usage (449528K) : Executing rule exchange1_drw_Acute
2026-07-14 10:40:53 -0400: Memory Usage (449528K) : Executing rule exchange1_pin_Acute
2026-07-14 10:40:53 -0400: Memory Usage (449528K) : Executing rule exchange2_drw_Acute
2026-07-14 10:40:53 -0400: Memory Usage (449528K) : Executing rule exchange2_pin_Acute
2026-07-14 10:40:53 -0400: Memory Usage (449528K) : Executing rule exchange3_drw_Acute
2026-07-14 10:40:53 -0400: Memory Usage (449528K) : Executing rule exchange3_pin_Acute
2026-07-14 10:40:53 -0400: Memory Usage (449528K) : Executing rule exchange4_drw_Acute
2026-07-14 10:40:53 -0400: Memory Usage (449528K) : Executing rule exchange4_pin_Acute
2026-07-14 10:40:53 -0400: Memory Usage (449528K) : Executing rule isonwell_drw_Acute
2026-07-14 10:40:53 -0400: Memory Usage (449528K) : Executing rule thickgateox_drw_Acute
2026-07-14 10:40:53 -0400: Memory Usage (449528K) : Executing rule pempoly_drw_Acute
2026-07-14 10:40:53 -0400: Memory Usage (449528K) : Executing rule fbe_drw_Acute
2026-07-14 10:40:53 -0400: Memory Usage (449528K) : Executing rule empoly_drw_Acute
2026-07-14 10:40:53 -0400: Memory Usage (449528K) : Executing rule ldmos_drw_Acute
2026-07-14 10:40:53 -0400: Memory Usage (449528K) : Executing rule pbiwind_drw_Acute
2026-07-14 10:40:53 -0400: Memory Usage (449528K) : Executing rule colopen_drw_Acute
2026-07-14 10:40:53 -0400: Memory Usage (449528K) : Executing rule extblock_drw_Acute
2026-07-14 10:40:53 -0400: Memory Usage (449528K) : Executing rule nldd_drw_Acute
2026-07-14 10:40:53 -0400: Memory Usage (449528K) : Executing rule pldd_drw_Acute
2026-07-14 10:40:53 -0400: Memory Usage (449528K) : Executing rule next_drw_Acute
2026-07-14 10:40:53 -0400: Memory Usage (449528K) : Executing rule pext_drw_Acute
2026-07-14 10:40:53 -0400: Memory Usage (449528K) : Executing rule nexthv_drw_Acute
2026-07-14 10:40:53 -0400: Memory Usage (449528K) : Executing rule pexthv_drw_Acute
2026-07-14 10:40:53 -0400: Memory Usage (449528K) : Executing rule graphgate_drw_Acute
2026-07-14 10:40:53 -0400: Memory Usage (449528K) : Executing rule mempad_drw_Acute
2026-07-14 10:40:53 -0400: Memory Usage (449528K) : Executing rule topvia1_drw_Acute
2026-07-14 10:40:53 -0400: Memory Usage (449528K) : Executing rule topmetal1_drw_Acute
2026-07-14 10:40:53 -0400: Memory Usage (449528K) : Executing rule topmetal1_pin_Acute
2026-07-14 10:40:53 -0400: Memory Usage (449528K) : Executing rule topmetal1_mask_Acute
2026-07-14 10:40:53 -0400: Memory Usage (449528K) : Executing rule topmetal1_filler_Acute
2026-07-14 10:40:53 -0400: Memory Usage (449528K) : Executing rule topmetal1_nofill_Acute
2026-07-14 10:40:53 -0400: Memory Usage (449528K) : Executing rule topmetal1_slit_Acute
2026-07-14 10:40:53 -0400: Memory Usage (449528K) : Executing rule topmetal1_noqrc_Acute
2026-07-14 10:40:53 -0400: Memory Usage (449528K) : Executing rule topmetal1_res_Acute
2026-07-14 10:40:53 -0400: Memory Usage (449528K) : Executing rule topmetal1_iprobe_Acute
2026-07-14 10:40:53 -0400: Memory Usage (449528K) : Executing rule topmetal1_diffprb_Acute
2026-07-14 10:40:53 -0400: Memory Usage (449528K) : Executing rule inldpwl_drw_Acute
2026-07-14 10:40:53 -0400: Memory Usage (449528K) : Executing rule polyres_drw_Acute
2026-07-14 10:40:53 -0400: Memory Usage (449528K) : Executing rule polyres_pin_Acute
2026-07-14 10:40:53 -0400: Memory Usage (449528K) : Executing rule vmim_drw_Acute
2026-07-14 10:40:53 -0400: Memory Usage (449528K) : Executing rule nbulaycut_drw_Acute
2026-07-14 10:40:53 -0400: Memory Usage (449528K) : Executing rule antmetal1_drw_Acute
2026-07-14 10:40:53 -0400: Memory Usage (449528K) : Executing rule topvia2_drw_Acute
2026-07-14 10:40:53 -0400: Memory Usage (449528K) : Executing rule topmetal2_drw_Acute
2026-07-14 10:40:53 -0400: Memory Usage (449528K) : Executing rule topmetal2_pin_Acute
2026-07-14 10:40:53 -0400: Memory Usage (449528K) : Executing rule topmetal2_mask_Acute
2026-07-14 10:40:53 -0400: Memory Usage (449528K) : Executing rule topmetal2_filler_Acute
2026-07-14 10:40:53 -0400: Memory Usage (449528K) : Executing rule topmetal2_nofill_Acute
2026-07-14 10:40:53 -0400: Memory Usage (449528K) : Executing rule topmetal2_slit_Acute
2026-07-14 10:40:53 -0400: Memory Usage (449528K) : Executing rule topmetal2_noqrc_Acute
2026-07-14 10:40:53 -0400: Memory Usage (449528K) : Executing rule topmetal2_res_Acute
2026-07-14 10:40:53 -0400: Memory Usage (449528K) : Executing rule topmetal2_iprobe_Acute
2026-07-14 10:40:53 -0400: Memory Usage (449528K) : Executing rule topmetal2_diffprb_Acute
2026-07-14 10:40:53 -0400: Memory Usage (449528K) : Executing rule snsring_drw_Acute
2026-07-14 10:40:53 -0400: Memory Usage (449528K) : Executing rule sensor_drw_Acute
2026-07-14 10:40:53 -0400: Memory Usage (449528K) : Executing rule snsarms_drw_Acute
2026-07-14 10:40:53 -0400: Memory Usage (449528K) : Executing rule snscmosvia_drw_Acute
2026-07-14 10:40:53 -0400: Memory Usage (449528K) : Executing rule colwind_drw_Acute
2026-07-14 10:40:53 -0400: Memory Usage (449528K) : Executing rule flm_drw_Acute
2026-07-14 10:40:53 -0400: Memory Usage (449528K) : Executing rule hafniumox_drw_Acute
2026-07-14 10:40:53 -0400: Memory Usage (449528K) : Executing rule memvia_drw_Acute
2026-07-14 10:40:53 -0400: Memory Usage (449528K) : Executing rule thinfilmres_drw_Acute
2026-07-14 10:40:53 -0400: Memory Usage (449528K) : Executing rule rfmem_drw_Acute
2026-07-14 10:40:53 -0400: Memory Usage (449528K) : Executing rule snsbotvia_drw_Acute
2026-07-14 10:40:53 -0400: Memory Usage (449528K) : Executing rule snstopvia_drw_Acute
2026-07-14 10:40:53 -0400: Memory Usage (449528K) : Executing rule deepvia_drw_Acute
2026-07-14 10:40:53 -0400: Memory Usage (449528K) : Executing rule fgetch_drw_Acute
2026-07-14 10:40:53 -0400: Memory Usage (449528K) : Executing rule ctrgat_drw_Acute
2026-07-14 10:40:53 -0400: Memory Usage (449528K) : Executing rule fgimp_drw_Acute
2026-07-14 10:40:53 -0400: Memory Usage (449528K) : Executing rule emwihv_drw_Acute
2026-07-14 10:40:53 -0400: Memory Usage (449528K) : Executing rule lbe_drw_Acute
2026-07-14 10:40:53 -0400: Memory Usage (449528K) : Executing rule alcustop_drw_Acute
2026-07-14 10:40:53 -0400: Memory Usage (449528K) : Executing rule cont_drw_Angle90
2026-07-14 10:40:53 -0400: Memory Usage (449468K) : Executing rule via1_drw_Angle90
2026-07-14 10:40:53 -0400: Memory Usage (449404K) : Executing rule via2_drw_Angle90
2026-07-14 10:40:53 -0400: Memory Usage (449636K) : Executing rule via3_drw_Angle90
2026-07-14 10:40:53 -0400: Memory Usage (449568K) : Executing rule via4_drw_Angle90
2026-07-14 10:40:53 -0400: Memory Usage (449504K) : Executing rule vmim_drw_Angle90
2026-07-14 10:40:53 -0400: Memory Usage (449448K) : Executing rule topvia1_drw_Angle90
2026-07-14 10:40:53 -0400: Memory Usage (449648K) : Executing rule topvia2_drw_Angle90
2026-07-14 10:40:53 -0400: Memory Usage (449584K) : Executing rule gatpoly_drw_Angle45
2026-07-14 10:40:53 -0400: Memory Usage (449520K) : Executing rule activ_drw_Angle45
2026-07-14 10:40:53 -0400: Memory Usage (449456K) : Executing rule metal1_drw_Angle45
2026-07-14 10:40:53 -0400: Memory Usage (449660K) : Executing rule metal2_drw_Angle45
2026-07-14 10:40:53 -0400: Memory Usage (449600K) : Executing rule metal3_drw_Angle45
2026-07-14 10:40:53 -0400: Memory Usage (449532K) : Executing rule metal4_drw_Angle45
2026-07-14 10:40:53 -0400: Memory Usage (449468K) : Executing rule metal5_drw_Angle45
2026-07-14 10:40:54 -0400: Memory Usage (449672K) : Executing rule topmetal1_drw_Angle45
2026-07-14 10:40:54 -0400: Memory Usage (449616K) : Executing rule topmetal2_drw_Angle45
2026-07-14 10:40:54 -0400: Memory Usage (449552K) : Starting 3.2. FORBIDDEN table
2026-07-14 10:40:54 -0400: Memory Usage (449552K) : Executing rule forbidden.biwind
2026-07-14 10:40:54 -0400: Memory Usage (449552K) : Executing rule forbidden.pemwind
2026-07-14 10:40:54 -0400: Memory Usage (449552K) : Executing rule forbidden.baspoly
2026-07-14 10:40:54 -0400: Memory Usage (449552K) : Executing rule forbidden.deepco
2026-07-14 10:40:54 -0400: Memory Usage (449552K) : Executing rule forbidden.pempoly
2026-07-14 10:40:54 -0400: Memory Usage (449552K) : Executing rule forbidden.empoly
2026-07-14 10:40:54 -0400: Memory Usage (449552K) : Executing rule forbidden.ldmos
2026-07-14 10:40:54 -0400: Memory Usage (449552K) : Executing rule forbidden.pbiwind
2026-07-14 10:40:54 -0400: Memory Usage (449552K) : Executing rule forbidden.nodrc
2026-07-14 10:40:54 -0400: Memory Usage (449552K) : Executing rule forbidden.flash
2026-07-14 10:40:54 -0400: Memory Usage (449552K) : Executing rule forbidden.colwind
2026-07-14 10:40:54 -0400: Memory Usage (449552K) : KLayout DRC run for tables 'main' completed in 5.11 seconds
2026-07-14 10:42:43 -0400: Memory Usage (412044K) : Starting running IHP-SG13G2 KLayout DRC runset on /home/bthomas3/Videos/77GHz_phased_array/layout/VCO_77G_XTOR.gds
2026-07-14 10:42:43 -0400: Memory Usage (412044K) : Ruby Version for klayout: 2.5.9
2026-07-14 10:42:43 -0400: Memory Usage (412044K) : Loading database to memory is complete.
2026-07-14 10:42:43 -0400: Memory Usage (412044K) : IHP-SG13G2 KLayout DRC runset output at: /home/bthomas3/Videos/77GHz_phased_array/layout/drc_xtor_out/VCO_77G_XTOR_VCO_77G_XTOR_main.lyrdb
2026-07-14 10:42:43 -0400: Memory Usage (412044K) : Evaluate switches.
2026-07-14 10:42:43 -0400: Memory Usage (412044K) : tables selected: main
2026-07-14 10:42:43 -0400: Memory Usage (412044K) : KLayout will use 6 thread(s) in tiling mode.
2026-07-14 10:42:43 -0400: Memory Usage (412044K) : deep mode is enabled.
2026-07-14 10:42:43 -0400: Memory Usage (412044K) : FEOL enabled: true
2026-07-14 10:42:43 -0400: Memory Usage (412044K) : BEOL enabled: true
2026-07-14 10:42:43 -0400: Memory Usage (412044K) : OFFGRID enabled: true
2026-07-14 10:42:43 -0400: Memory Usage (412044K) : ANGLE enabled: true
2026-07-14 10:42:43 -0400: Memory Usage (412044K) : PIN enabled: true
2026-07-14 10:42:43 -0400: Memory Usage (412044K) : FORBIDDEN enabled: true
2026-07-14 10:42:43 -0400: Memory Usage (412044K) : RECOMMENDED enabled: true
2026-07-14 10:42:43 -0400: Memory Usage (412044K) : PreCheck DRC enabled: false
2026-07-14 10:42:43 -0400: Memory Usage (412044K) : CONNECTIVITY_RULES enabled: true.
2026-07-14 10:42:43 -0400: Memory Usage (412044K) : Read in polygons from layers.
2026-07-14 10:42:43 -0400: Memory Usage (414256K) : activ_drw has 34 polygons
2026-07-14 10:42:43 -0400: Memory Usage (414256K) : activ_pin has 0 polygons
2026-07-14 10:42:43 -0400: Memory Usage (414256K) : activ_mask has 8 polygons
2026-07-14 10:42:43 -0400: Memory Usage (414256K) : activ_filler has 0 polygons
2026-07-14 10:42:43 -0400: Memory Usage (414256K) : activ_nofill has 0 polygons
2026-07-14 10:42:43 -0400: Memory Usage (414256K) : activ_opc has 0 polygons
2026-07-14 10:42:43 -0400: Memory Usage (414256K) : activ_iopc has 0 polygons
2026-07-14 10:42:43 -0400: Memory Usage (414256K) : activ_noqrc has 0 polygons
2026-07-14 10:42:43 -0400: Memory Usage (414256K) : biwind_drw has 0 polygons
2026-07-14 10:42:43 -0400: Memory Usage (414256K) : biwind_opc has 0 polygons
2026-07-14 10:42:43 -0400: Memory Usage (414256K) : pemwind_drw has 0 polygons
2026-07-14 10:42:43 -0400: Memory Usage (414256K) : gatpoly_drw has 12 polygons
2026-07-14 10:42:43 -0400: Memory Usage (414256K) : gatpoly_pin has 0 polygons
2026-07-14 10:42:43 -0400: Memory Usage (414256K) : gatpoly_filler has 0 polygons
2026-07-14 10:42:43 -0400: Memory Usage (414256K) : gatpoly_nofill has 0 polygons
2026-07-14 10:42:43 -0400: Memory Usage (414256K) : gatpoly_opc has 0 polygons
2026-07-14 10:42:43 -0400: Memory Usage (414256K) : gatpoly_iopc has 0 polygons
2026-07-14 10:42:43 -0400: Memory Usage (414256K) : gatpoly_noqrc has 0 polygons
2026-07-14 10:42:43 -0400: Memory Usage (414256K) : cont_drw has 100 polygons
2026-07-14 10:42:43 -0400: Memory Usage (414256K) : cont_opc has 0 polygons
2026-07-14 10:42:43 -0400: Memory Usage (414256K) : nsd_drw has 0 polygons
2026-07-14 10:42:43 -0400: Memory Usage (414256K) : nsd_block has 0 polygons
2026-07-14 10:42:43 -0400: Memory Usage (414256K) : metal1_drw has 57 polygons
2026-07-14 10:42:43 -0400: Memory Usage (414256K) : metal1_pin has 16 polygons
2026-07-14 10:42:43 -0400: Memory Usage (414256K) : metal1_mask has 0 polygons
2026-07-14 10:42:43 -0400: Memory Usage (414256K) : metal1_filler has 0 polygons
2026-07-14 10:42:43 -0400: Memory Usage (414256K) : metal1_nofill has 0 polygons
2026-07-14 10:42:43 -0400: Memory Usage (414580K) : metal1_slit has 0 polygons
2026-07-14 10:42:43 -0400: Memory Usage (414580K) : metal1_text has 0 polygons
2026-07-14 10:42:43 -0400: Memory Usage (414580K) : metal1_opc has 0 polygons
2026-07-14 10:42:43 -0400: Memory Usage (414580K) : metal1_noqrc has 0 polygons
2026-07-14 10:42:43 -0400: Memory Usage (414580K) : metal1_res has 0 polygons
2026-07-14 10:42:43 -0400: Memory Usage (414904K) : metal1_iprobe has 0 polygons
2026-07-14 10:42:43 -0400: Memory Usage (414904K) : metal1_diffprb has 0 polygons
2026-07-14 10:42:43 -0400: Memory Usage (414904K) : passiv_drw has 0 polygons
2026-07-14 10:42:43 -0400: Memory Usage (414904K) : passiv_pin has 0 polygons
2026-07-14 10:42:43 -0400: Memory Usage (414904K) : passiv_sbump has 0 polygons
2026-07-14 10:42:43 -0400: Memory Usage (415168K) : passiv_pillar has 0 polygons
2026-07-14 10:42:43 -0400: Memory Usage (415168K) : passiv_pdl has 0 polygons
2026-07-14 10:42:43 -0400: Memory Usage (415168K) : metal2_drw has 10 polygons
2026-07-14 10:42:43 -0400: Memory Usage (415168K) : metal2_pin has 4 polygons
2026-07-14 10:42:43 -0400: Memory Usage (415168K) : metal2_mask has 0 polygons
2026-07-14 10:42:43 -0400: Memory Usage (415432K) : metal2_filler has 0 polygons
2026-07-14 10:42:43 -0400: Memory Usage (415432K) : metal2_nofill has 0 polygons
2026-07-14 10:42:43 -0400: Memory Usage (415432K) : metal2_slit has 0 polygons
2026-07-14 10:42:43 -0400: Memory Usage (415432K) : metal2_text has 0 polygons
2026-07-14 10:42:43 -0400: Memory Usage (415432K) : metal2_opc has 0 polygons
2026-07-14 10:42:43 -0400: Memory Usage (415696K) : metal2_noqrc has 0 polygons
2026-07-14 10:42:43 -0400: Memory Usage (415696K) : metal2_res has 0 polygons
2026-07-14 10:42:43 -0400: Memory Usage (415696K) : metal2_iprobe has 0 polygons
2026-07-14 10:42:43 -0400: Memory Usage (415696K) : metal2_diffprb has 0 polygons
2026-07-14 10:42:43 -0400: Memory Usage (415696K) : baspoly_drw has 0 polygons
2026-07-14 10:42:43 -0400: Memory Usage (415960K) : baspoly_pin has 0 polygons
2026-07-14 10:42:43 -0400: Memory Usage (415960K) : psd_drw has 11 polygons
2026-07-14 10:42:43 -0400: Memory Usage (415960K) : nldb_drw has 0 polygons
2026-07-14 10:42:43 -0400: Memory Usage (415960K) : digibnd_drw has 0 polygons
2026-07-14 10:42:43 -0400: Memory Usage (416224K) : via1_drw has 6 polygons
2026-07-14 10:42:43 -0400: Memory Usage (416224K) : backmetal1_drw has 0 polygons
2026-07-14 10:42:43 -0400: Memory Usage (416224K) : backmetal1_pin has 0 polygons
2026-07-14 10:42:43 -0400: Memory Usage (416224K) : backmetal1_mask has 0 polygons
2026-07-14 10:42:43 -0400: Memory Usage (416224K) : backmetal1_filler has 0 polygons
2026-07-14 10:42:43 -0400: Memory Usage (416488K) : backmetal1_nofill has 0 polygons
2026-07-14 10:42:43 -0400: Memory Usage (416488K) : backmetal1_slit has 0 polygons
2026-07-14 10:42:43 -0400: Memory Usage (416488K) : backmetal1_text has 0 polygons
2026-07-14 10:42:43 -0400: Memory Usage (416488K) : backmetal1_opc has 0 polygons
2026-07-14 10:42:43 -0400: Memory Usage (416752K) : backmetal1_noqrc has 0 polygons
2026-07-14 10:42:43 -0400: Memory Usage (416752K) : backmetal1_res has 0 polygons
2026-07-14 10:42:43 -0400: Memory Usage (416752K) : backmetal1_iprobe has 0 polygons
2026-07-14 10:42:43 -0400: Memory Usage (416752K) : backmetal1_diffprb has 0 polygons
2026-07-14 10:42:43 -0400: Memory Usage (416752K) : backpassiv_drw has 0 polygons
2026-07-14 10:42:43 -0400: Memory Usage (417016K) : res_drw has 0 polygons
2026-07-14 10:42:43 -0400: Memory Usage (417016K) : sram_drw has 0 polygons
2026-07-14 10:42:43 -0400: Memory Usage (417016K) : trans_drw has 4 polygons
2026-07-14 10:42:43 -0400: Memory Usage (417016K) : ind_drw has 0 polygons
2026-07-14 10:42:43 -0400: Memory Usage (417016K) : ind_pin has 0 polygons
2026-07-14 10:42:43 -0400: Memory Usage (417016K) : ind_text has 0 polygons
2026-07-14 10:42:43 -0400: Memory Usage (417280K) : salblock_drw has 1 polygons
2026-07-14 10:42:43 -0400: Memory Usage (417280K) : via2_drw has 2 polygons
2026-07-14 10:42:43 -0400: Memory Usage (417280K) : metal3_drw has 6 polygons
2026-07-14 10:42:43 -0400: Memory Usage (417280K) : metal3_pin has 0 polygons
2026-07-14 10:42:43 -0400: Memory Usage (417544K) : metal3_mask has 0 polygons
2026-07-14 10:42:43 -0400: Memory Usage (417544K) : metal3_filler has 0 polygons
2026-07-14 10:42:43 -0400: Memory Usage (417544K) : metal3_nofill has 0 polygons
2026-07-14 10:42:43 -0400: Memory Usage (417544K) : metal3_slit has 0 polygons
2026-07-14 10:42:43 -0400: Memory Usage (417544K) : metal3_text has 0 polygons
2026-07-14 10:42:43 -0400: Memory Usage (417544K) : metal3_opc has 0 polygons
2026-07-14 10:42:43 -0400: Memory Usage (417808K) : metal3_noqrc has 0 polygons
2026-07-14 10:42:43 -0400: Memory Usage (417808K) : metal3_res has 0 polygons
2026-07-14 10:42:43 -0400: Memory Usage (417808K) : metal3_iprobe has 0 polygons
2026-07-14 10:42:43 -0400: Memory Usage (417808K) : metal3_diffprb has 0 polygons
2026-07-14 10:42:43 -0400: Memory Usage (417808K) : nwell_drw has 2 polygons
2026-07-14 10:42:43 -0400: Memory Usage (418072K) : nwell_pin has 0 polygons
2026-07-14 10:42:43 -0400: Memory Usage (418072K) : nbulay_drw has 2 polygons
2026-07-14 10:42:43 -0400: Memory Usage (418072K) : nbulay_pin has 0 polygons
2026-07-14 10:42:43 -0400: Memory Usage (418072K) : nbulay_block has 0 polygons
2026-07-14 10:42:43 -0400: Memory Usage (418072K) : emwind_drw has 4 polygons
2026-07-14 10:42:43 -0400: Memory Usage (418336K) : emwind_opc has 0 polygons
2026-07-14 10:42:43 -0400: Memory Usage (418336K) : deepco_drw has 0 polygons
2026-07-14 10:42:43 -0400: Memory Usage (418336K) : deepco_drw has 0 polygons
2026-07-14 10:42:43 -0400: Memory Usage (418336K) : mim_drw has 1 polygons
2026-07-14 10:42:43 -0400: Memory Usage (418336K) : edgeseal_drw has 0 polygons
2026-07-14 10:42:43 -0400: Memory Usage (418600K) : edgeseal_bound has 0 polygons
2026-07-14 10:42:43 -0400: Memory Usage (418600K) : substrate_drw has 0 polygons
2026-07-14 10:42:43 -0400: Memory Usage (418600K) : substrate_text has 0 polygons
2026-07-14 10:42:43 -0400: Memory Usage (418600K) : dfpad_drw has 0 polygons
2026-07-14 10:42:43 -0400: Memory Usage (418864K) : dfpad_pillar has 0 polygons
2026-07-14 10:42:43 -0400: Memory Usage (418864K) : dfpad_sbump has 0 polygons
2026-07-14 10:42:43 -0400: Memory Usage (418864K) : thickgateox_drw has 2 polygons
2026-07-14 10:42:43 -0400: Memory Usage (418864K) : pldb_drw has 0 polygons
2026-07-14 10:42:43 -0400: Memory Usage (418864K) : pwell_drw has 0 polygons
2026-07-14 10:42:43 -0400: Memory Usage (419128K) : pwell_pin has 0 polygons
2026-07-14 10:42:43 -0400: Memory Usage (419128K) : pwell_block has 0 polygons
2026-07-14 10:42:43 -0400: Memory Usage (419128K) : ic_drw has 0 polygons
2026-07-14 10:42:43 -0400: Memory Usage (419128K) : via3_drw has 2 polygons
2026-07-14 10:42:43 -0400: Memory Usage (419128K) : metal4_drw has 4 polygons
2026-07-14 10:42:43 -0400: Memory Usage (419392K) : metal4_pin has 0 polygons
2026-07-14 10:42:43 -0400: Memory Usage (419392K) : metal4_mask has 0 polygons
2026-07-14 10:42:43 -0400: Memory Usage (419392K) : metal4_filler has 0 polygons
2026-07-14 10:42:43 -0400: Memory Usage (419392K) : metal4_nofill has 0 polygons
2026-07-14 10:42:43 -0400: Memory Usage (419392K) : metal4_slit has 0 polygons
2026-07-14 10:42:43 -0400: Memory Usage (419656K) : metal4_text has 0 polygons
2026-07-14 10:42:43 -0400: Memory Usage (419656K) : metal4_opc has 0 polygons
2026-07-14 10:42:43 -0400: Memory Usage (419656K) : metal4_noqrc has 0 polygons
2026-07-14 10:42:43 -0400: Memory Usage (419656K) : metal4_res has 0 polygons
2026-07-14 10:42:43 -0400: Memory Usage (419656K) : metal4_iprobe has 0 polygons
2026-07-14 10:42:43 -0400: Memory Usage (419920K) : metal4_diffprb has 0 polygons
2026-07-14 10:42:43 -0400: Memory Usage (419920K) : heattrans_drw has 4 polygons
2026-07-14 10:42:43 -0400: Memory Usage (419920K) : heatres_drw has 1 polygons
2026-07-14 10:42:43 -0400: Memory Usage (419920K) : pempoly_drw has 0 polygons
2026-07-14 10:42:43 -0400: Memory Usage (419920K) : fbe_drw has 0 polygons
2026-07-14 10:42:43 -0400: Memory Usage (420184K) : empoly_drw has 0 polygons
2026-07-14 10:42:43 -0400: Memory Usage (420184K) : ldmos_drw has 0 polygons
2026-07-14 10:42:43 -0400: Memory Usage (420184K) : pbiwind_drw has 0 polygons
2026-07-14 10:42:43 -0400: Memory Usage (420184K) : digisub_drw has 0 polygons
2026-07-14 10:42:43 -0400: Memory Usage (420448K) : nodrc_drw has 0 polygons
2026-07-14 10:42:43 -0400: Memory Usage (420448K) : text_drw has 31 polygons
2026-07-14 10:42:43 -0400: Memory Usage (420448K) : via4_drw has 2 polygons
2026-07-14 10:42:43 -0400: Memory Usage (420448K) : metal5_drw has 5 polygons
2026-07-14 10:42:43 -0400: Memory Usage (420448K) : metal5_pin has 1 polygons
2026-07-14 10:42:43 -0400: Memory Usage (420728K) : metal5_mask has 0 polygons
2026-07-14 10:42:43 -0400: Memory Usage (420728K) : metal5_filler has 0 polygons
2026-07-14 10:42:43 -0400: Memory Usage (420728K) : metal5_nofill has 0 polygons
2026-07-14 10:42:43 -0400: Memory Usage (420728K) : metal5_slit has 0 polygons
2026-07-14 10:42:43 -0400: Memory Usage (420728K) : metal5_text has 0 polygons
2026-07-14 10:42:43 -0400: Memory Usage (420992K) : metal5_opc has 0 polygons
2026-07-14 10:42:43 -0400: Memory Usage (420992K) : metal5_noqrc has 0 polygons
2026-07-14 10:42:43 -0400: Memory Usage (420992K) : metal5_res has 0 polygons
2026-07-14 10:42:43 -0400: Memory Usage (420992K) : metal5_iprobe has 0 polygons
2026-07-14 10:42:43 -0400: Memory Usage (420992K) : metal5_diffprb has 0 polygons
2026-07-14 10:42:43 -0400: Memory Usage (421256K) : radhard_drw has 0 polygons
2026-07-14 10:42:43 -0400: Memory Usage (421256K) : memcap_drw has 0 polygons
2026-07-14 10:42:43 -0400: Memory Usage (421256K) : varicap_drw has 0 polygons
2026-07-14 10:42:43 -0400: Memory Usage (421256K) : flash_drw has 0 polygons
2026-07-14 10:42:43 -0400: Memory Usage (421256K) : intbondvia_drw has 0 polygons
2026-07-14 10:42:43 -0400: Memory Usage (421520K) : intbondmet_drw has 0 polygons
2026-07-14 10:42:43 -0400: Memory Usage (421520K) : devbondvia_drw has 0 polygons
2026-07-14 10:42:43 -0400: Memory Usage (421520K) : devbondmet_drw has 0 polygons
2026-07-14 10:42:43 -0400: Memory Usage (421520K) : devtrench_drw has 0 polygons
2026-07-14 10:42:43 -0400: Memory Usage (421520K) : redist_drw has 0 polygons
2026-07-14 10:42:43 -0400: Memory Usage (421784K) : graphbot_drw has 0 polygons
2026-07-14 10:42:43 -0400: Memory Usage (421784K) : graphtop_drw has 0 polygons
2026-07-14 10:42:43 -0400: Memory Usage (421784K) : antvia1_drw has 0 polygons
2026-07-14 10:42:43 -0400: Memory Usage (421784K) : antmetal2_drw has 0 polygons
2026-07-14 10:42:43 -0400: Memory Usage (421784K) : graphcont_drw has 0 polygons
2026-07-14 10:42:43 -0400: Memory Usage (422048K) : siwg_drw has 0 polygons
2026-07-14 10:42:43 -0400: Memory Usage (422048K) : siwg_filler has 0 polygons
2026-07-14 10:42:43 -0400: Memory Usage (422048K) : siwg_nofill has 0 polygons
2026-07-14 10:42:43 -0400: Memory Usage (422048K) : sigrating_drw has 0 polygons
2026-07-14 10:42:43 -0400: Memory Usage (422048K) : singrating_drw has 0 polygons
2026-07-14 10:42:43 -0400: Memory Usage (422312K) : graphpas_drw has 0 polygons
2026-07-14 10:42:43 -0400: Memory Usage (422312K) : emwind3_drw has 0 polygons
2026-07-14 10:42:43 -0400: Memory Usage (422312K) : emwihv3_drw has 0 polygons
2026-07-14 10:42:43 -0400: Memory Usage (422312K) : redbulay_drw has 0 polygons
2026-07-14 10:42:43 -0400: Memory Usage (422312K) : smos_drw has 0 polygons
2026-07-14 10:42:43 -0400: Memory Usage (422576K) : graphpad_drw has 0 polygons
2026-07-14 10:42:43 -0400: Memory Usage (422576K) : polimide_drw has 0 polygons
2026-07-14 10:42:43 -0400: Memory Usage (422576K) : polimide_pin has 0 polygons
2026-07-14 10:42:43 -0400: Memory Usage (422576K) : recog_drw has 0 polygons
2026-07-14 10:42:43 -0400: Memory Usage (422576K) : recog_pin has 0 polygons
2026-07-14 10:42:43 -0400: Memory Usage (422576K) : recog_esd has 0 polygons
2026-07-14 10:42:43 -0400: Memory Usage (422840K) : recog_diode has 0 polygons
2026-07-14 10:42:43 -0400: Memory Usage (422840K) : recog_tsv has 0 polygons
2026-07-14 10:42:43 -0400: Memory Usage (422840K) : recog_iprobe has 0 polygons
2026-07-14 10:42:43 -0400: Memory Usage (422840K) : recog_diffprb has 0 polygons
2026-07-14 10:42:43 -0400: Memory Usage (423104K) : recog_pillar has 0 polygons
2026-07-14 10:42:43 -0400: Memory Usage (423104K) : recog_sbump has 0 polygons
2026-07-14 10:42:43 -0400: Memory Usage (423104K) : recog_otp has 0 polygons
2026-07-14 10:42:43 -0400: Memory Usage (423104K) : recog_pdiode has 0 polygons
2026-07-14 10:42:43 -0400: Memory Usage (423104K) : recog_mom has 0 polygons
2026-07-14 10:42:43 -0400: Memory Usage (423104K) : recog_pcm has 0 polygons
2026-07-14 10:42:43 -0400: Memory Usage (423368K) : colopen_drw has 0 polygons
2026-07-14 10:42:43 -0400: Memory Usage (423368K) : graphmetal1_drw has 0 polygons
2026-07-14 10:42:43 -0400: Memory Usage (423368K) : graphmetal1_filler has 0 polygons
2026-07-14 10:42:43 -0400: Memory Usage (423368K) : graphmetal1_nofill has 0 polygons
2026-07-14 10:42:43 -0400: Memory Usage (423368K) : graphmetal1_slit has 0 polygons
2026-07-14 10:42:43 -0400: Memory Usage (423632K) : graphmetal1_opc has 0 polygons
2026-07-14 10:42:43 -0400: Memory Usage (423632K) : graphmet1l_drw has 0 polygons
2026-07-14 10:42:43 -0400: Memory Usage (423632K) : graphmet1l_filler has 0 polygons
2026-07-14 10:42:43 -0400: Memory Usage (423632K) : graphmet1l_nofill has 0 polygons
2026-07-14 10:42:43 -0400: Memory Usage (423632K) : graphmet1l_slit has 0 polygons
2026-07-14 10:42:43 -0400: Memory Usage (423896K) : graphmet1l_opc has 0 polygons
2026-07-14 10:42:43 -0400: Memory Usage (423896K) : extblock_drw has 3 polygons
2026-07-14 10:42:43 -0400: Memory Usage (423896K) : nldd_drw has 0 polygons
2026-07-14 10:42:43 -0400: Memory Usage (423896K) : pldd_drw has 0 polygons
2026-07-14 10:42:43 -0400: Memory Usage (423896K) : next_drw has 0 polygons
2026-07-14 10:42:43 -0400: Memory Usage (424160K) : pext_drw has 0 polygons
2026-07-14 10:42:43 -0400: Memory Usage (424160K) : nexthv_drw has 0 polygons
2026-07-14 10:42:43 -0400: Memory Usage (424160K) : pexthv_drw has 0 polygons
2026-07-14 10:42:43 -0400: Memory Usage (424160K) : graphgate_drw has 0 polygons
2026-07-14 10:42:43 -0400: Memory Usage (424160K) : sinwg_drw has 0 polygons
2026-07-14 10:42:43 -0400: Memory Usage (424424K) : sinwg_filler has 0 polygons
2026-07-14 10:42:43 -0400: Memory Usage (424424K) : sinwg_nofill has 0 polygons
2026-07-14 10:42:43 -0400: Memory Usage (424424K) : mempad_drw has 0 polygons
2026-07-14 10:42:43 -0400: Memory Usage (424424K) : topvia1_drw has 2 polygons
2026-07-14 10:42:43 -0400: Memory Usage (424424K) : topmetal1_drw has 23 polygons
2026-07-14 10:42:43 -0400: Memory Usage (424688K) : topmetal1_pin has 1 polygons
2026-07-14 10:42:43 -0400: Memory Usage (424688K) : topmetal1_mask has 0 polygons
2026-07-14 10:42:43 -0400: Memory Usage (424688K) : topmetal1_filler has 0 polygons
2026-07-14 10:42:43 -0400: Memory Usage (424688K) : topmetal1_nofill has 0 polygons
2026-07-14 10:42:43 -0400: Memory Usage (424688K) : topmetal1_slit has 0 polygons
2026-07-14 10:42:43 -0400: Memory Usage (424952K) : topmetal1_text has 0 polygons
2026-07-14 10:42:43 -0400: Memory Usage (424952K) : topmetal1_noqrc has 0 polygons
2026-07-14 10:42:43 -0400: Memory Usage (424952K) : topmetal1_res has 0 polygons
2026-07-14 10:42:43 -0400: Memory Usage (424952K) : topmetal1_iprobe has 0 polygons
2026-07-14 10:42:43 -0400: Memory Usage (424952K) : topmetal1_diffprb has 0 polygons
2026-07-14 10:42:43 -0400: Memory Usage (425216K) : inldpwl_drw has 0 polygons
2026-07-14 10:42:43 -0400: Memory Usage (425216K) : polyres_drw has 1 polygons
2026-07-14 10:42:43 -0400: Memory Usage (425216K) : polyres_pin has 0 polygons
2026-07-14 10:42:43 -0400: Memory Usage (425216K) : vmim_drw has 25 polygons
2026-07-14 10:42:43 -0400: Memory Usage (425216K) : nbulaycut_drw has 0 polygons
2026-07-14 10:42:43 -0400: Memory Usage (425480K) : antmetal1_drw has 0 polygons
2026-07-14 10:42:43 -0400: Memory Usage (425480K) : topvia2_drw has 2 polygons
2026-07-14 10:42:43 -0400: Memory Usage (425480K) : topmetal2_drw has 14 polygons
2026-07-14 10:42:43 -0400: Memory Usage (425480K) : topmetal2_pin has 0 polygons
2026-07-14 10:42:43 -0400: Memory Usage (425480K) : topmetal2_mask has 0 polygons
2026-07-14 10:42:43 -0400: Memory Usage (425744K) : topmetal2_filler has 0 polygons
2026-07-14 10:42:43 -0400: Memory Usage (425744K) : topmetal2_nofill has 0 polygons
2026-07-14 10:42:43 -0400: Memory Usage (425744K) : topmetal2_slit has 0 polygons
2026-07-14 10:42:43 -0400: Memory Usage (425744K) : topmetal2_text has 0 polygons
2026-07-14 10:42:43 -0400: Memory Usage (425744K) : topmetal2_noqrc has 0 polygons
2026-07-14 10:42:43 -0400: Memory Usage (426008K) : topmetal2_res has 0 polygons
2026-07-14 10:42:43 -0400: Memory Usage (426008K) : topmetal2_iprobe has 0 polygons
2026-07-14 10:42:43 -0400: Memory Usage (426008K) : topmetal2_diffprb has 0 polygons
2026-07-14 10:42:43 -0400: Memory Usage (426008K) : snsring_drw has 0 polygons
2026-07-14 10:42:43 -0400: Memory Usage (426008K) : sensor_drw has 0 polygons
2026-07-14 10:42:43 -0400: Memory Usage (426272K) : snsarms_drw has 0 polygons
2026-07-14 10:42:43 -0400: Memory Usage (426272K) : snscmosvia_drw has 0 polygons
2026-07-14 10:42:43 -0400: Memory Usage (426272K) : colwind_drw has 0 polygons
2026-07-14 10:42:43 -0400: Memory Usage (426272K) : flm_drw has 0 polygons
2026-07-14 10:42:43 -0400: Memory Usage (426272K) : hafniumox_drw has 0 polygons
2026-07-14 10:42:43 -0400: Memory Usage (426272K) : memvia_drw has 0 polygons
2026-07-14 10:42:43 -0400: Memory Usage (426536K) : thinfilmres_drw has 0 polygons
2026-07-14 10:42:43 -0400: Memory Usage (426536K) : rfmem_drw has 0 polygons
2026-07-14 10:42:43 -0400: Memory Usage (426536K) : norcx_drw has 0 polygons
2026-07-14 10:42:43 -0400: Memory Usage (426536K) : norcx_m2m3 has 0 polygons
2026-07-14 10:42:43 -0400: Memory Usage (426536K) : norcx_m2m4 has 0 polygons
2026-07-14 10:42:43 -0400: Memory Usage (426800K) : norcx_m2m5 has 0 polygons
2026-07-14 10:42:43 -0400: Memory Usage (426800K) : norcx_m2tm1 has 0 polygons
2026-07-14 10:42:43 -0400: Memory Usage (426800K) : norcx_m2tm2 has 0 polygons
2026-07-14 10:42:43 -0400: Memory Usage (426800K) : norcx_m3m4 has 0 polygons
2026-07-14 10:42:43 -0400: Memory Usage (427064K) : norcx_m3m5 has 0 polygons
2026-07-14 10:42:43 -0400: Memory Usage (427064K) : norcx_m3tm1 has 0 polygons
2026-07-14 10:42:43 -0400: Memory Usage (427064K) : norcx_m3tm2 has 0 polygons
2026-07-14 10:42:43 -0400: Memory Usage (427064K) : norcx_m4m5 has 0 polygons
2026-07-14 10:42:43 -0400: Memory Usage (427064K) : norcx_m4tm1 has 0 polygons
2026-07-14 10:42:43 -0400: Memory Usage (427328K) : norcx_m4tm2 has 0 polygons
2026-07-14 10:42:43 -0400: Memory Usage (427328K) : norcx_m5tm1 has 0 polygons
2026-07-14 10:42:43 -0400: Memory Usage (427328K) : norcx_m5tm2 has 0 polygons
2026-07-14 10:42:43 -0400: Memory Usage (427328K) : norcx_tm1tm2 has 0 polygons
2026-07-14 10:42:43 -0400: Memory Usage (427328K) : norcx_m1sub has 0 polygons
2026-07-14 10:42:43 -0400: Memory Usage (427592K) : norcx_m2sub has 0 polygons
2026-07-14 10:42:43 -0400: Memory Usage (427592K) : norcx_m3sub has 0 polygons
2026-07-14 10:42:43 -0400: Memory Usage (427592K) : norcx_m4sub has 0 polygons
2026-07-14 10:42:43 -0400: Memory Usage (427592K) : norcx_m5sub has 0 polygons
2026-07-14 10:42:43 -0400: Memory Usage (427592K) : norcx_tm1sub has 0 polygons
2026-07-14 10:42:43 -0400: Memory Usage (427856K) : norcx_tm2sub has 0 polygons
2026-07-14 10:42:43 -0400: Memory Usage (427856K) : snsbotvia_drw has 0 polygons
2026-07-14 10:42:43 -0400: Memory Usage (427856K) : snstopvia_drw has 0 polygons
2026-07-14 10:42:43 -0400: Memory Usage (427856K) : deepvia_drw has 0 polygons
2026-07-14 10:42:43 -0400: Memory Usage (427856K) : fgetch_drw has 0 polygons
2026-07-14 10:42:43 -0400: Memory Usage (427856K) : ctrgat_drw has 0 polygons
2026-07-14 10:42:43 -0400: Memory Usage (428120K) : fgimp_drw has 0 polygons
2026-07-14 10:42:43 -0400: Memory Usage (428120K) : emwihv_drw has 0 polygons
2026-07-14 10:42:43 -0400: Memory Usage (428120K) : lbe_drw has 0 polygons
2026-07-14 10:42:43 -0400: Memory Usage (428120K) : alcustop_drw has 0 polygons
2026-07-14 10:42:43 -0400: Memory Usage (428120K) : nometfiller_drw has 0 polygons
2026-07-14 10:42:43 -0400: Memory Usage (428384K) : prboundary_drw has 0 polygons
2026-07-14 10:42:43 -0400: Memory Usage (428384K) : exchange0_drw has 0 polygons
2026-07-14 10:42:43 -0400: Memory Usage (428384K) : exchange0_pin has 0 polygons
2026-07-14 10:42:43 -0400: Memory Usage (428384K) : exchange0_text has 0 polygons
2026-07-14 10:42:43 -0400: Memory Usage (428384K) : exchange1_drw has 0 polygons
2026-07-14 10:42:43 -0400: Memory Usage (428648K) : exchange1_pin has 0 polygons
2026-07-14 10:42:43 -0400: Memory Usage (428648K) : exchange1_text has 0 polygons
2026-07-14 10:42:43 -0400: Memory Usage (428648K) : exchange2_drw has 0 polygons
2026-07-14 10:42:43 -0400: Memory Usage (428648K) : exchange2_pin has 0 polygons
2026-07-14 10:42:43 -0400: Memory Usage (428648K) : exchange2_text has 0 polygons
2026-07-14 10:42:43 -0400: Memory Usage (428912K) : exchange3_drw has 0 polygons
2026-07-14 10:42:43 -0400: Memory Usage (428912K) : exchange3_pin has 0 polygons
2026-07-14 10:42:43 -0400: Memory Usage (428912K) : exchange3_text has 0 polygons
2026-07-14 10:42:43 -0400: Memory Usage (428912K) : exchange4_drw has 0 polygons
2026-07-14 10:42:43 -0400: Memory Usage (428912K) : exchange4_pin has 0 polygons
2026-07-14 10:42:43 -0400: Memory Usage (429176K) : exchange4_text has 0 polygons
2026-07-14 10:42:43 -0400: Memory Usage (429176K) : isonwell_drw has 0 polygons
2026-07-14 10:42:43 -0400: Memory Usage (429176K) : Total no. of polygons in the design is 403
2026-07-14 10:42:43 -0400: Memory Usage (429176K) : Loaded TECH DRC rules values from /home/bthomas3/Videos/IHP-Open-PDK/ihp-sg13g2/libs.tech/klayout/tech/drc/rule_decks/sg13g2_tech_default.json
2026-07-14 10:42:43 -0400: Memory Usage (429176K) : Loaded default DRC rules values from /home/bthomas3/Videos/77GHz_phased_array/layout/rule_decks/sg13g2_tech_default.json
2026-07-14 10:42:43 -0400: Memory Usage (429976K) : Total area of the design is 105600.0 um^2.
2026-07-14 10:42:43 -0400: Memory Usage (429976K) : The design dimensions are 240.0 µm * 440.0 µm.
2026-07-14 10:42:43 -0400: Memory Usage (429976K) : Starting general IHP-SG13G2 derivations.
2026-07-14 10:42:43 -0400: Memory Usage (429976K) : Starting Pwell derivations
2026-07-14 10:42:43 -0400: Memory Usage (432440K) : Starting n-Activ derivations
2026-07-14 10:42:43 -0400: Memory Usage (432828K) : Starting p-Activ derivations
2026-07-14 10:42:43 -0400: Memory Usage (432768K) : Starting ptap derivations
2026-07-14 10:42:43 -0400: Memory Usage (432704K) : Starting ntap derivations
2026-07-14 10:42:43 -0400: Memory Usage (432900K) : Starting pact FET derivations
2026-07-14 10:42:43 -0400: Memory Usage (432840K) : Starting nact FET derivations
2026-07-14 10:42:43 -0400: Memory Usage (433040K) : Starting Gate derivations
2026-07-14 10:42:43 -0400: Memory Usage (433180K) : Starting cont/contbar general derivations
2026-07-14 10:42:43 -0400: Memory Usage (433112K) : Starting pad general derivations
2026-07-14 10:42:43 -0400: Memory Usage (433112K) : Starting schottky_nbl general derivations
2026-07-14 10:42:43 -0400: Memory Usage (433312K) : Starting SVaricap general derivations
2026-07-14 10:42:43 -0400: Memory Usage (433716K) : Starting HBT general derivations
2026-07-14 10:42:43 -0400: Memory Usage (433660K) : Starting IHP-SG13G2 DRC connectivity related derivations.
2026-07-14 10:42:43 -0400: Memory Usage (433740K) : Starting IHP-SG13G2 DRC connectivity setup
2026-07-14 10:42:43 -0400: Memory Usage (433740K) : Starting IHP-SG13G2 DRC rules.
2026-07-14 10:42:43 -0400: Memory Usage (433740K) : Running all FEOL rules
2026-07-14 10:42:43 -0400: Memory Usage (433740K) : Running all BEOL rules
2026-07-14 10:42:43 -0400: Memory Usage (433740K) : Running all PIN rules
2026-07-14 10:42:43 -0400: Memory Usage (433740K) : Running all FORBIDDEN rules
2026-07-14 10:42:43 -0400: Memory Usage (433740K) : Starting 5.1 NWell table
2026-07-14 10:42:43 -0400: Memory Usage (433740K) : Executing rule NW.b
2026-07-14 10:42:43 -0400: Memory Usage (433800K) : Executing rule NW.b1
2026-07-14 10:42:43 -0400: Memory Usage (433676K) : Executing rule NW.f1
2026-07-14 10:42:43 -0400: Memory Usage (433676K) : Executing rule NW.f1.digibnd
2026-07-14 10:42:43 -0400: Memory Usage (433676K) : Starting 5.2 PWell:block
2026-07-14 10:42:43 -0400: Memory Usage (433676K) : Executing rule PWB.e
2026-07-14 10:42:43 -0400: Memory Usage (434528K) : Executing rule PWB.e1
2026-07-14 10:42:43 -0400: Memory Usage (434464K) : Executing rule PWB.f
2026-07-14 10:42:43 -0400: Memory Usage (434400K) : Executing rule PWB.f1
2026-07-14 10:42:43 -0400: Memory Usage (434336K) : Starting 5.3 nBuLay table
2026-07-14 10:42:43 -0400: Memory Usage (434336K) : Executing rule NBL.b
2026-07-14 10:42:43 -0400: Memory Usage (434552K) : Executing rule NBL.c
2026-07-14 10:42:43 -0400: Memory Usage (434472K) : Executing rule NBL.d
2026-07-14 10:42:43 -0400: Memory Usage (434412K) : Executing rule NBL.e
2026-07-14 10:42:43 -0400: Memory Usage (434348K) : Executing rule NBL.f
2026-07-14 10:42:43 -0400: Memory Usage (434548K) : Starting 5.5. Activ table
2026-07-14 10:42:43 -0400: Memory Usage (434548K) : Executing rule Act.a
2026-07-14 10:42:43 -0400: Memory Usage (434548K) : Executing rule Act.b
2026-07-14 10:42:43 -0400: Memory Usage (434540K) : Starting 5.6 Activ:filler table
2026-07-14 10:42:43 -0400: Memory Usage (434540K) : Executing rule AFil.c1
2026-07-14 10:42:43 -0400: Memory Usage (434540K) : Executing rule AFil.c
2026-07-14 10:42:43 -0400: Memory Usage (434540K) : Executing rule AFil.d
2026-07-14 10:42:43 -0400: Memory Usage (434540K) : Executing rule AFil.e
2026-07-14 10:42:43 -0400: Memory Usage (434540K) : Executing rule AFil.j
2026-07-14 10:42:43 -0400: Memory Usage (434540K) : Starting 5.7. ThickGateOx table
2026-07-14 10:42:43 -0400: Memory Usage (434540K) : Executing rule TGO.f
2026-07-14 10:42:43 -0400: Memory Usage (434540K) : Starting 5.8. GatPoly table
2026-07-14 10:42:43 -0400: Memory Usage (434540K) : Executing rule Gat.a
2026-07-14 10:42:43 -0400: Memory Usage (434540K) : Executing rule Gat.b
2026-07-14 10:42:43 -0400: Memory Usage (434476K) : Executing rule Gat.d
2026-07-14 10:42:43 -0400: Memory Usage (434724K) : Executing rule Gat.a1
2026-07-14 10:42:43 -0400: Memory Usage (434784K) : Executing rule Gat.a2
2026-07-14 10:42:43 -0400: Memory Usage (434664K) : Executing rule Gat.g
2026-07-14 10:42:43 -0400: Memory Usage (434968K) : Starting 5.9 GatPoly:filler
2026-07-14 10:42:43 -0400: Memory Usage (434968K) : Executing rule GFil.d
2026-07-14 10:42:43 -0400: Memory Usage (434968K) : Executing rule GFil.e
2026-07-14 10:42:43 -0400: Memory Usage (434968K) : Executing rule GFil.i
2026-07-14 10:42:43 -0400: Memory Usage (434968K) : Starting 5.10 pSD table
2026-07-14 10:42:43 -0400: Memory Usage (434968K) : Executing rule pSD.c1
2026-07-14 10:42:43 -0400: Memory Usage (434776K) : Starting 5.14. Cont table
2026-07-14 10:42:43 -0400: Memory Usage (434984K) : Executing rule Cnt.a
2026-07-14 10:42:43 -0400: Memory Usage (434984K) : Executing rule Cnt.b
2026-07-14 10:42:43 -0400: Memory Usage (434916K) : Executing rule Cnt.c
2026-07-14 10:42:43 -0400: Memory Usage (434852K) : Executing rule Cnt.c.digibnd
2026-07-14 10:42:43 -0400: Memory Usage (434852K) : Executing rule Cnt.c.SRAM
2026-07-14 10:42:43 -0400: Memory Usage (434852K) : Executing rule Cnt.d
2026-07-14 10:42:43 -0400: Memory Usage (434788K) : Executing rule Cnt.e
2026-07-14 10:42:43 -0400: Memory Usage (434936K) : Executing rule Cnt.g1
2026-07-14 10:42:43 -0400: Memory Usage (434816K) : Executing rule Cnt.g2
2026-07-14 10:42:43 -0400: Memory Usage (435020K) : Starting 5.15. ContBar table
2026-07-14 10:42:43 -0400: Memory Usage (435020K) : Executing rule CntB.b1
2026-07-14 10:42:43 -0400: Memory Usage (434956K) : Executing rule CntB.h1
2026-07-14 10:42:43 -0400: Memory Usage (434888K) : Starting 6.1.3 NPN Substrate-Tie table
2026-07-14 10:42:43 -0400: Memory Usage (434888K) : Executing rule npn13G2.bR 
2026-07-14 10:42:43 -0400: Memory Usage (434828K) : Executing rule npn13G2L.cR 
2026-07-14 10:42:43 -0400: Memory Usage (434896K) : Executing rule npn13G2V.cR 
2026-07-14 10:42:43 -0400: Memory Usage (434896K) : Starting 6.7 Schottky diode table
2026-07-14 10:42:43 -0400: Memory Usage (434896K) : Executing rule Sdiod.b
2026-07-14 10:42:43 -0400: Memory Usage (434896K) : Executing rule Sdiod.c
2026-07-14 10:42:43 -0400: Memory Usage (434896K) : Executing rule Sdiod.d
2026-07-14 10:42:43 -0400: Memory Usage (434896K) : Executing rule Sdiod.e
2026-07-14 10:42:43 -0400: Memory Usage (434896K) : Starting 7.2 Latch-up table
2026-07-14 10:42:43 -0400: Memory Usage (434896K) : Executing rule LU.b
2026-07-14 10:42:43 -0400: Memory Usage (434832K) : Starting 5.16. Metal1 table
2026-07-14 10:42:43 -0400: Memory Usage (434832K) : Executing rule M1.a
2026-07-14 10:42:43 -0400: Memory Usage (434832K) : Executing rule M1.b
2026-07-14 10:42:43 -0400: Memory Usage (435036K) : Executing rule M1.e
2026-07-14 10:42:43 -0400: Memory Usage (434976K) : Executing rule M1.f
2026-07-14 10:42:43 -0400: Memory Usage (434976K) : Executing rule M1.g
2026-07-14 10:42:43 -0400: Memory Usage (434904K) : Executing rule M1.i
2026-07-14 10:42:43 -0400: Memory Usage (434840K) : Starting 5.17 Metaln table
2026-07-14 10:42:43 -0400: Memory Usage (434840K) : Executing rule M2.a
2026-07-14 10:42:43 -0400: Memory Usage (434840K) : Executing rule M2.b
2026-07-14 10:42:43 -0400: Memory Usage (435044K) : Executing rule M2.e
2026-07-14 10:42:43 -0400: Memory Usage (434980K) : Executing rule M2.f
2026-07-14 10:42:43 -0400: Memory Usage (434980K) : Executing rule M2.g
2026-07-14 10:42:43 -0400: Memory Usage (434912K) : Executing rule M2.i
2026-07-14 10:42:43 -0400: Memory Usage (434848K) : Executing rule M3.a
2026-07-14 10:42:43 -0400: Memory Usage (434848K) : Executing rule M3.b
2026-07-14 10:42:43 -0400: Memory Usage (434784K) : Executing rule M3.e
2026-07-14 10:42:43 -0400: Memory Usage (434984K) : Executing rule M3.f
2026-07-14 10:42:43 -0400: Memory Usage (434984K) : Executing rule M3.g
2026-07-14 10:42:43 -0400: Memory Usage (434920K) : Executing rule M3.i
2026-07-14 10:42:43 -0400: Memory Usage (434864K) : Executing rule M4.a
2026-07-14 10:42:43 -0400: Memory Usage (434856K) : Executing rule M4.b
2026-07-14 10:42:43 -0400: Memory Usage (434792K) : Executing rule M4.e
2026-07-14 10:42:43 -0400: Memory Usage (434992K) : Executing rule M4.f
2026-07-14 10:42:43 -0400: Memory Usage (434992K) : Executing rule M4.g
2026-07-14 10:42:43 -0400: Memory Usage (434928K) : Executing rule M4.i
2026-07-14 10:42:43 -0400: Memory Usage (434864K) : Executing rule M5.a
2026-07-14 10:42:43 -0400: Memory Usage (434864K) : Executing rule M5.b
2026-07-14 10:42:43 -0400: Memory Usage (434800K) : Executing rule M5.e
2026-07-14 10:42:43 -0400: Memory Usage (435004K) : Executing rule M5.f
2026-07-14 10:42:43 -0400: Memory Usage (435004K) : Executing rule M5.g
2026-07-14 10:42:43 -0400: Memory Usage (435468K) : Executing rule M5.i
2026-07-14 10:42:43 -0400: Memory Usage (435668K) : Starting 5.18 Metaln:filler table
2026-07-14 10:42:43 -0400: Memory Usage (435668K) : Executing rule M1Fil.c
2026-07-14 10:42:43 -0400: Memory Usage (435932K) : Executing rule M1Fil.a2
2026-07-14 10:42:43 -0400: Memory Usage (435932K) : Executing rule M2Fil.c
2026-07-14 10:42:43 -0400: Memory Usage (436196K) : Executing rule M2Fil.a2
2026-07-14 10:42:43 -0400: Memory Usage (436196K) : Executing rule M3Fil.c
2026-07-14 10:42:43 -0400: Memory Usage (436196K) : Executing rule M3Fil.a2
2026-07-14 10:42:43 -0400: Memory Usage (436460K) : Executing rule M4Fil.c
2026-07-14 10:42:43 -0400: Memory Usage (436460K) : Executing rule M4Fil.a2
2026-07-14 10:42:43 -0400: Memory Usage (436724K) : Executing rule M5Fil.c
2026-07-14 10:42:43 -0400: Memory Usage (436724K) : Executing rule M5Fil.a2
2026-07-14 10:42:43 -0400: Memory Usage (436724K) : Starting 5.19. Via1 table
2026-07-14 10:42:43 -0400: Memory Usage (436724K) : Starting 5.19. Via1 table derivations
2026-07-14 10:42:43 -0400: Memory Usage (436724K) : Executing rule V1.a
2026-07-14 10:42:43 -0400: Memory Usage (436924K) : Executing rule V1.b
2026-07-14 10:42:44 -0400: Memory Usage (436860K) : Executing rule V1.c
2026-07-14 10:42:44 -0400: Memory Usage (436800K) : Starting 5.20. Vian table
2026-07-14 10:42:44 -0400: Memory Usage (436800K) : Executing rule V2.a
2026-07-14 10:42:44 -0400: Memory Usage (436800K) : Executing rule V2.b
2026-07-14 10:42:44 -0400: Memory Usage (436736K) : Executing rule V2.c
2026-07-14 10:42:44 -0400: Memory Usage (436932K) : Executing rule V3.a
2026-07-14 10:42:44 -0400: Memory Usage (436932K) : Executing rule V3.b
2026-07-14 10:42:44 -0400: Memory Usage (436868K) : Executing rule V3.c
2026-07-14 10:42:44 -0400: Memory Usage (436804K) : Executing rule V4.a
2026-07-14 10:42:44 -0400: Memory Usage (436804K) : Executing rule V4.b
2026-07-14 10:42:44 -0400: Memory Usage (436736K) : Executing rule V4.c
2026-07-14 10:42:44 -0400: Memory Usage (436952K) : Starting 5.21. TopVia1 table
2026-07-14 10:42:44 -0400: Memory Usage (436936K) : Executing rule TV1.a
2026-07-14 10:42:44 -0400: Memory Usage (436936K) : Executing rule TV1.b
2026-07-14 10:42:44 -0400: Memory Usage (436872K) : Executing rule TV1.c
2026-07-14 10:42:44 -0400: Memory Usage (436808K) : Executing rule TV1.d
2026-07-14 10:42:44 -0400: Memory Usage (436744K) : Starting 5.22. TopMetal1 table
2026-07-14 10:42:44 -0400: Memory Usage (436744K) : Executing rule TM1.a
2026-07-14 10:42:44 -0400: Memory Usage (436744K) : Executing rule TM1.b
2026-07-14 10:42:44 -0400: Memory Usage (436940K) : Starting 5.23 TopMetal1:filler table
2026-07-14 10:42:44 -0400: Memory Usage (436940K) : Executing rule TM1Fil.c
2026-07-14 10:42:44 -0400: Memory Usage (436940K) : Executing rule TM1Fil.a1
2026-07-14 10:42:44 -0400: Memory Usage (436940K) : Starting 5.24. TopVia2 table
2026-07-14 10:42:44 -0400: Memory Usage (436940K) : Executing rule TV2.a
2026-07-14 10:42:44 -0400: Memory Usage (436940K) : Executing rule TV2.b
2026-07-14 10:42:44 -0400: Memory Usage (436876K) : Executing rule TV2.c
2026-07-14 10:42:44 -0400: Memory Usage (436816K) : Executing rule TV2.d
2026-07-14 10:42:44 -0400: Memory Usage (436748K) : Starting 5.25. TopMetal2 table
2026-07-14 10:42:44 -0400: Memory Usage (436748K) : Executing rule TM2.a
2026-07-14 10:42:44 -0400: Memory Usage (436748K) : Executing rule TM2.b
2026-07-14 10:42:44 -0400: Memory Usage (436684K) : Executing rule TM2.bR
2026-07-14 10:42:44 -0400: Memory Usage (436884K) : Starting 5.26 TopMetal2:filler table
2026-07-14 10:42:44 -0400: Memory Usage (436884K) : Executing rule TM2Fil.c
2026-07-14 10:42:44 -0400: Memory Usage (436884K) : Executing rule TM2Fil.a1
2026-07-14 10:42:44 -0400: Memory Usage (436884K) : Starting 5.27. Passiv table
2026-07-14 10:42:44 -0400: Memory Usage (436884K) : Executing rule Pas.a
2026-07-14 10:42:44 -0400: Memory Usage (436884K) : Executing rule Pas.b
2026-07-14 10:42:44 -0400: Memory Usage (436884K) : Executing rule Pas.c
2026-07-14 10:42:44 -0400: Memory Usage (436884K) : Starting 6.9.2 Copper Pillar table
2026-07-14 10:42:44 -0400: Memory Usage (436884K) : Executing rule Padc.a
2026-07-14 10:42:44 -0400: Memory Usage (436884K) : Executing rule Padc.b
2026-07-14 10:42:44 -0400: Memory Usage (436884K) : Executing rule Padc.c
2026-07-14 10:42:44 -0400: Memory Usage (436884K) : Executing rule Padb.f
2026-07-14 10:42:44 -0400: Memory Usage (436884K) : Starting 6.9 Pad table
2026-07-14 10:42:44 -0400: Memory Usage (436884K) : Executing rule Pad.m
2026-07-14 10:42:44 -0400: Memory Usage (436884K) : Executing rule Pad.fR_M1
2026-07-14 10:42:44 -0400: Memory Usage (436884K) : Executing rule Pad.fR_M2
2026-07-14 10:42:44 -0400: Memory Usage (436884K) : Executing rule Pad.fR_M3
2026-07-14 10:42:44 -0400: Memory Usage (436884K) : Executing rule Pad.fR_M4
2026-07-14 10:42:44 -0400: Memory Usage (436884K) : Executing rule Pad.fR_M5
2026-07-14 10:42:44 -0400: Memory Usage (436884K) : Executing rule Pad.fR_TM1
2026-07-14 10:42:44 -0400: Memory Usage (436884K) : Executing rule Pad.fR_TM2
2026-07-14 10:42:44 -0400: Memory Usage (436884K) : Executing rule Pad.i
2026-07-14 10:42:44 -0400: Memory Usage (436884K) : Starting 6.9.1 Solder Bump
2026-07-14 10:42:44 -0400: Memory Usage (436884K) : Executing rule Padb.a
2026-07-14 10:42:44 -0400: Memory Usage (436884K) : Executing rule Padb.b
2026-07-14 10:42:44 -0400: Memory Usage (436884K) : Executing rule Padb.c
2026-07-14 10:42:44 -0400: Memory Usage (436884K) : Executing rule Padb.f
2026-07-14 10:42:44 -0400: Memory Usage (436884K) : Executing rule Padb.d
2026-07-14 10:42:44 -0400: Memory Usage (436884K) : Starting 6.10 Sealring table
2026-07-14 10:42:44 -0400: Memory Usage (436884K) : Executing rule Seal.l
2026-07-14 10:42:44 -0400: Memory Usage (436884K) : Executing rule Seal.n
2026-07-14 10:42:44 -0400: Memory Usage (436884K) : Executing rule seal.b_metal1
2026-07-14 10:42:44 -0400: Memory Usage (436884K) : Executing rule seal.b_metal2
2026-07-14 10:42:44 -0400: Memory Usage (436884K) : Executing rule seal.b_metal3
2026-07-14 10:42:44 -0400: Memory Usage (436884K) : Executing rule seal.b_metal4
2026-07-14 10:42:44 -0400: Memory Usage (436884K) : Executing rule seal.b_metal5
2026-07-14 10:42:44 -0400: Memory Usage (436884K) : Executing rule seal.b_topmetal1
2026-07-14 10:42:44 -0400: Memory Usage (436884K) : Executing rule seal.b_topmetal2
2026-07-14 10:42:44 -0400: Memory Usage (436884K) : Executing rule seal.b_activ
2026-07-14 10:42:44 -0400: Memory Usage (436884K) : Executing rule seal.b_psd
2026-07-14 10:42:44 -0400: Memory Usage (436884K) : Executing rule Seal.k
2026-07-14 10:42:44 -0400: Memory Usage (436884K) : Executing rule Seal.m
2026-07-14 10:42:44 -0400: Memory Usage (436884K) : Starting 6.11 MIM table
2026-07-14 10:42:44 -0400: Memory Usage (436884K) : Executing rule MIM.c
2026-07-14 10:42:44 -0400: Memory Usage (436756K) : Executing rule MIM.d
2026-07-14 10:42:44 -0400: Memory Usage (437012K) : Executing rule MIM.gR
2026-07-14 10:42:44 -0400: Memory Usage (437012K) : Starting 7.3 Metal Slits table
2026-07-14 10:42:44 -0400: Memory Usage (437012K) : Executing rule Slt.e1_M1
2026-07-14 10:42:44 -0400: Memory Usage (437012K) : Executing rule Slt.e1_M2
2026-07-14 10:42:44 -0400: Memory Usage (437012K) : Executing rule Slt.e1_M3
2026-07-14 10:42:44 -0400: Memory Usage (437012K) : Executing rule Slt.e1_M4
2026-07-14 10:42:44 -0400: Memory Usage (437012K) : Executing rule Slt.e1_M5
2026-07-14 10:42:44 -0400: Memory Usage (437012K) : Executing rule Slt.e1_TM1
2026-07-14 10:42:44 -0400: Memory Usage (437012K) : Executing rule Slt.e1_TM2
2026-07-14 10:42:44 -0400: Memory Usage (437012K) : Starting 9.1. LBE table
2026-07-14 10:42:44 -0400: Memory Usage (437012K) : Executing rule LBE.a
2026-07-14 10:42:44 -0400: Memory Usage (437012K) : Executing rule LBE.b
2026-07-14 10:42:44 -0400: Memory Usage (437012K) : Executing rule LBE.b1
2026-07-14 10:42:44 -0400: Memory Usage (437012K) : Executing rule LBE.c
2026-07-14 10:42:44 -0400: Memory Usage (437012K) : Executing rule LBE.d
2026-07-14 10:42:44 -0400: Memory Usage (437012K) : Executing rule LBE.h
2026-07-14 10:42:44 -0400: Memory Usage (437012K) : Starting 7.4. PIN table
2026-07-14 10:42:44 -0400: Memory Usage (437012K) : Executing rule Pin.a
2026-07-14 10:42:44 -0400: Memory Usage (437012K) : Executing rule Pin.b
2026-07-14 10:42:44 -0400: Memory Usage (437012K) : Executing rule Pin.e
2026-07-14 10:42:44 -0400: Memory Usage (437012K) : Executing rule Pin.f_M2
2026-07-14 10:42:44 -0400: Memory Usage (437012K) : Executing rule Pin.f_M3
2026-07-14 10:42:44 -0400: Memory Usage (437012K) : Executing rule Pin.f_M4
2026-07-14 10:42:44 -0400: Memory Usage (437012K) : Executing rule Pin.f_M5
2026-07-14 10:42:44 -0400: Memory Usage (437012K) : Executing rule Pin.g
2026-07-14 10:42:44 -0400: Memory Usage (437012K) : Executing rule Pin.h
2026-07-14 10:42:44 -0400: Memory Usage (437012K) : Starting 3.1. offgrid table
2026-07-14 10:42:44 -0400: Memory Usage (437012K) : Executing rule activ_drw_Offgrid
2026-07-14 10:42:44 -0400: Memory Usage (437012K) : Executing rule activ_pin_Offgrid
2026-07-14 10:42:44 -0400: Memory Usage (437012K) : Executing rule activ_mask_Offgrid
2026-07-14 10:42:44 -0400: Memory Usage (437012K) : Executing rule activ_filler_Offgrid
2026-07-14 10:42:44 -0400: Memory Usage (437012K) : Executing rule activ_nofill_Offgrid
2026-07-14 10:42:44 -0400: Memory Usage (437012K) : Executing rule activ_opc_Offgrid
2026-07-14 10:42:44 -0400: Memory Usage (437012K) : Executing rule activ_iopc_Offgrid
2026-07-14 10:42:44 -0400: Memory Usage (437012K) : Executing rule activ_noqrc_Offgrid
2026-07-14 10:42:44 -0400: Memory Usage (437012K) : Executing rule biwind_drw_Offgrid
2026-07-14 10:42:44 -0400: Memory Usage (437012K) : Executing rule biwind_opc_Offgrid
2026-07-14 10:42:44 -0400: Memory Usage (437012K) : Executing rule pemwind_drw_Offgrid
2026-07-14 10:42:44 -0400: Memory Usage (437012K) : Executing rule gatpoly_drw_Offgrid
2026-07-14 10:42:44 -0400: Memory Usage (437540K) : Executing rule gatpoly_pin_Offgrid
2026-07-14 10:42:44 -0400: Memory Usage (438068K) : Executing rule gatpoly_filler_Offgrid
2026-07-14 10:42:44 -0400: Memory Usage (438332K) : Executing rule gatpoly_nofill_Offgrid
2026-07-14 10:42:44 -0400: Memory Usage (438860K) : Executing rule gatpoly_opc_Offgrid
2026-07-14 10:42:44 -0400: Memory Usage (439388K) : Executing rule gatpoly_iopc_Offgrid
2026-07-14 10:42:44 -0400: Memory Usage (439652K) : Executing rule gatpoly_noqrc_Offgrid
2026-07-14 10:42:44 -0400: Memory Usage (440180K) : Executing rule cont_drw_Offgrid
2026-07-14 10:42:44 -0400: Memory Usage (440708K) : Executing rule cont_opc_Offgrid
2026-07-14 10:42:44 -0400: Memory Usage (441236K) : Executing rule nsd_drw_Offgrid
2026-07-14 10:42:44 -0400: Memory Usage (441500K) : Executing rule nsd_block_Offgrid
2026-07-14 10:42:44 -0400: Memory Usage (442028K) : Executing rule metal1_drw_Offgrid
2026-07-14 10:42:44 -0400: Memory Usage (442556K) : Executing rule metal1_pin_Offgrid
2026-07-14 10:42:44 -0400: Memory Usage (442820K) : Executing rule metal1_mask_Offgrid
2026-07-14 10:42:44 -0400: Memory Usage (443348K) : Executing rule metal1_filler_Offgrid
2026-07-14 10:42:44 -0400: Memory Usage (443876K) : Executing rule metal1_nofill_Offgrid
2026-07-14 10:42:44 -0400: Memory Usage (444404K) : Executing rule metal1_slit_Offgrid
2026-07-14 10:42:44 -0400: Memory Usage (444668K) : Executing rule metal1_opc_Offgrid
2026-07-14 10:42:44 -0400: Memory Usage (445196K) : Executing rule metal1_noqrc_Offgrid
2026-07-14 10:42:44 -0400: Memory Usage (445724K) : Executing rule metal1_res_Offgrid
2026-07-14 10:42:44 -0400: Memory Usage (445988K) : Executing rule metal1_iprobe_Offgrid
2026-07-14 10:42:44 -0400: Memory Usage (445988K) : Executing rule metal1_diffprb_Offgrid
2026-07-14 10:42:44 -0400: Memory Usage (445988K) : Executing rule passiv_drw_Offgrid
2026-07-14 10:42:44 -0400: Memory Usage (445988K) : Executing rule passiv_pin_Offgrid
2026-07-14 10:42:44 -0400: Memory Usage (445988K) : Executing rule passiv_pillar_Offgrid
2026-07-14 10:42:44 -0400: Memory Usage (445988K) : Executing rule passiv_sbump_Offgrid
2026-07-14 10:42:44 -0400: Memory Usage (445988K) : Executing rule passiv_pdl_Offgrid
2026-07-14 10:42:44 -0400: Memory Usage (445988K) : Executing rule metal2_drw_Offgrid
2026-07-14 10:42:44 -0400: Memory Usage (445988K) : Executing rule metal2_pin_Offgrid
2026-07-14 10:42:44 -0400: Memory Usage (445988K) : Executing rule metal2_mask_Offgrid
2026-07-14 10:42:44 -0400: Memory Usage (445988K) : Executing rule metal2_filler_Offgrid
2026-07-14 10:42:44 -0400: Memory Usage (445988K) : Executing rule metal2_nofill_Offgrid
2026-07-14 10:42:44 -0400: Memory Usage (445988K) : Executing rule metal2_slit_Offgrid
2026-07-14 10:42:44 -0400: Memory Usage (445988K) : Executing rule metal2_opc_Offgrid
2026-07-14 10:42:44 -0400: Memory Usage (445988K) : Executing rule metal2_noqrc_Offgrid
2026-07-14 10:42:44 -0400: Memory Usage (445988K) : Executing rule metal2_res_Offgrid
2026-07-14 10:42:44 -0400: Memory Usage (445988K) : Executing rule metal2_iprobe_Offgrid
2026-07-14 10:42:44 -0400: Memory Usage (445988K) : Executing rule metal2_diffprb_Offgrid
2026-07-14 10:42:44 -0400: Memory Usage (445988K) : Executing rule baspoly_drw_Offgrid
2026-07-14 10:42:44 -0400: Memory Usage (445988K) : Executing rule baspoly_pin_Offgrid
2026-07-14 10:42:44 -0400: Memory Usage (445988K) : Executing rule psd_drw_Offgrid
2026-07-14 10:42:44 -0400: Memory Usage (445988K) : Executing rule nldb_drw_Offgrid
2026-07-14 10:42:44 -0400: Memory Usage (445988K) : Executing rule via1_drw_Offgrid
2026-07-14 10:42:44 -0400: Memory Usage (445988K) : Executing rule backmetal1_drw_Offgrid
2026-07-14 10:42:44 -0400: Memory Usage (445988K) : Executing rule backmetal1_pin_Offgrid
2026-07-14 10:42:44 -0400: Memory Usage (445988K) : Executing rule backmetal1_mask_Offgrid
2026-07-14 10:42:44 -0400: Memory Usage (445988K) : Executing rule backmetal1_filler_Offgrid
2026-07-14 10:42:44 -0400: Memory Usage (445988K) : Executing rule backmetal1_nofill_Offgrid
2026-07-14 10:42:44 -0400: Memory Usage (445988K) : Executing rule backmetal1_slit_Offgrid
2026-07-14 10:42:44 -0400: Memory Usage (445988K) : Executing rule backmetal1_opc_Offgrid
2026-07-14 10:42:44 -0400: Memory Usage (445988K) : Executing rule backmetal1_noqrc_Offgrid
2026-07-14 10:42:44 -0400: Memory Usage (445988K) : Executing rule backmetal1_res_Offgrid
2026-07-14 10:42:44 -0400: Memory Usage (445988K) : Executing rule backmetal1_iprobe_Offgrid
2026-07-14 10:42:44 -0400: Memory Usage (445988K) : Executing rule backmetal1_diffprb_Offgrid
2026-07-14 10:42:44 -0400: Memory Usage (445988K) : Executing rule backpassiv_drw_Offgrid
2026-07-14 10:42:44 -0400: Memory Usage (445988K) : Executing rule salblock_drw_Offgrid
2026-07-14 10:42:44 -0400: Memory Usage (445988K) : Executing rule via2_drw_Offgrid
2026-07-14 10:42:44 -0400: Memory Usage (445988K) : Executing rule metal3_drw_Offgrid
2026-07-14 10:42:44 -0400: Memory Usage (445988K) : Executing rule metal3_pin_Offgrid
2026-07-14 10:42:44 -0400: Memory Usage (445988K) : Executing rule metal3_mask_Offgrid
2026-07-14 10:42:44 -0400: Memory Usage (445988K) : Executing rule metal3_filler_Offgrid
2026-07-14 10:42:44 -0400: Memory Usage (445988K) : Executing rule metal3_nofill_Offgrid
2026-07-14 10:42:44 -0400: Memory Usage (445988K) : Executing rule metal3_slit_Offgrid
2026-07-14 10:42:44 -0400: Memory Usage (445988K) : Executing rule metal3_opc_Offgrid
2026-07-14 10:42:44 -0400: Memory Usage (445988K) : Executing rule metal3_noqrc_Offgrid
2026-07-14 10:42:44 -0400: Memory Usage (445988K) : Executing rule metal3_res_Offgrid
2026-07-14 10:42:44 -0400: Memory Usage (445988K) : Executing rule metal3_iprobe_Offgrid
2026-07-14 10:42:44 -0400: Memory Usage (445988K) : Executing rule metal3_diffprb_Offgrid
2026-07-14 10:42:44 -0400: Memory Usage (445988K) : Executing rule nwell_drw_Offgrid
2026-07-14 10:42:44 -0400: Memory Usage (445988K) : Executing rule nwell_pin_Offgrid
2026-07-14 10:42:44 -0400: Memory Usage (445988K) : Executing rule nbulay_drw_Offgrid
2026-07-14 10:42:44 -0400: Memory Usage (445988K) : Executing rule nbulay_pin_Offgrid
2026-07-14 10:42:44 -0400: Memory Usage (445988K) : Executing rule nbulay_block_Offgrid
2026-07-14 10:42:44 -0400: Memory Usage (445988K) : Executing rule pwell_drw_Offgrid
2026-07-14 10:42:44 -0400: Memory Usage (445988K) : Executing rule pwell_pin_Offgrid
2026-07-14 10:42:44 -0400: Memory Usage (445988K) : Executing rule pwell_block_Offgrid
2026-07-14 10:42:44 -0400: Memory Usage (445988K) : Executing rule emwind_drw_Offgrid
2026-07-14 10:42:44 -0400: Memory Usage (445988K) : Executing rule emwind_opc_Offgrid
2026-07-14 10:42:44 -0400: Memory Usage (445988K) : Executing rule deepco_drw_Offgrid
2026-07-14 10:42:44 -0400: Memory Usage (445988K) : Executing rule mim_drw_Offgrid
2026-07-14 10:42:44 -0400: Memory Usage (445988K) : Executing rule substrate_drw_Offgrid
2026-07-14 10:42:44 -0400: Memory Usage (445988K) : Executing rule ic_drw_Offgrid
2026-07-14 10:42:44 -0400: Memory Usage (445988K) : Executing rule via3_drw_Offgrid
2026-07-14 10:42:44 -0400: Memory Usage (445988K) : Executing rule pldb_drw_Offgrid
2026-07-14 10:42:44 -0400: Memory Usage (445988K) : Executing rule metal4_drw_Offgrid
2026-07-14 10:42:44 -0400: Memory Usage (446252K) : Executing rule metal4_pin_Offgrid
2026-07-14 10:42:44 -0400: Memory Usage (446780K) : Executing rule metal4_mask_Offgrid
2026-07-14 10:42:44 -0400: Memory Usage (447308K) : Executing rule metal4_filler_Offgrid
2026-07-14 10:42:44 -0400: Memory Usage (447836K) : Executing rule metal4_nofill_Offgrid
2026-07-14 10:42:44 -0400: Memory Usage (448100K) : Executing rule metal4_slit_Offgrid
2026-07-14 10:42:44 -0400: Memory Usage (448628K) : Executing rule metal4_opc_Offgrid
2026-07-14 10:42:44 -0400: Memory Usage (449156K) : Executing rule metal4_noqrc_Offgrid
2026-07-14 10:42:44 -0400: Memory Usage (449420K) : Executing rule metal4_res_Offgrid
2026-07-14 10:42:44 -0400: Memory Usage (449948K) : Executing rule metal4_iprobe_Offgrid
2026-07-14 10:42:44 -0400: Memory Usage (450476K) : Executing rule metal4_diffprb_Offgrid
2026-07-14 10:42:44 -0400: Memory Usage (450740K) : Executing rule via4_drw_Offgrid
2026-07-14 10:42:44 -0400: Memory Usage (451268K) : Executing rule metal5_drw_Offgrid
2026-07-14 10:42:44 -0400: Memory Usage (451796K) : Executing rule metal5_pin_Offgrid
2026-07-14 10:42:44 -0400: Memory Usage (452324K) : Executing rule metal5_mask_Offgrid
2026-07-14 10:42:44 -0400: Memory Usage (452588K) : Executing rule metal5_filler_Offgrid
2026-07-14 10:42:44 -0400: Memory Usage (453116K) : Executing rule metal5_nofill_Offgrid
2026-07-14 10:42:44 -0400: Memory Usage (453644K) : Executing rule metal5_slit_Offgrid
2026-07-14 10:42:44 -0400: Memory Usage (453908K) : Executing rule metal5_opc_Offgrid
2026-07-14 10:42:44 -0400: Memory Usage (454436K) : Executing rule metal5_noqrc_Offgrid
2026-07-14 10:42:44 -0400: Memory Usage (454700K) : Executing rule metal5_res_Offgrid
2026-07-14 10:42:44 -0400: Memory Usage (454700K) : Executing rule metal5_iprobe_Offgrid
2026-07-14 10:42:44 -0400: Memory Usage (454700K) : Executing rule metal5_diffprb_Offgrid
2026-07-14 10:42:45 -0400: Memory Usage (454700K) : Executing rule prboundary_drw_Offgrid
2026-07-14 10:42:45 -0400: Memory Usage (454700K) : Executing rule exchange0_drw_Offgrid
2026-07-14 10:42:45 -0400: Memory Usage (454700K) : Executing rule exchange0_pin_Offgrid
2026-07-14 10:42:45 -0400: Memory Usage (454700K) : Executing rule exchange1_drw_Offgrid
2026-07-14 10:42:45 -0400: Memory Usage (454700K) : Executing rule exchange1_pin_Offgrid
2026-07-14 10:42:45 -0400: Memory Usage (454700K) : Executing rule exchange2_drw_Offgrid
2026-07-14 10:42:45 -0400: Memory Usage (454700K) : Executing rule exchange2_pin_Offgrid
2026-07-14 10:42:45 -0400: Memory Usage (454700K) : Executing rule exchange3_drw_Offgrid
2026-07-14 10:42:45 -0400: Memory Usage (454700K) : Executing rule exchange3_pin_Offgrid
2026-07-14 10:42:45 -0400: Memory Usage (454700K) : Executing rule exchange4_drw_Offgrid
2026-07-14 10:42:45 -0400: Memory Usage (454700K) : Executing rule exchange4_pin_Offgrid
2026-07-14 10:42:45 -0400: Memory Usage (454700K) : Executing rule isonwell_drw_Offgrid
2026-07-14 10:42:45 -0400: Memory Usage (454700K) : Executing rule thickgateox_drw_Offgrid
2026-07-14 10:42:45 -0400: Memory Usage (454700K) : Executing rule pempoly_drw_Offgrid
2026-07-14 10:42:45 -0400: Memory Usage (454700K) : Executing rule fbe_drw_Offgrid
2026-07-14 10:42:45 -0400: Memory Usage (454700K) : Executing rule empoly_drw_Offgrid
2026-07-14 10:42:45 -0400: Memory Usage (454700K) : Executing rule ldmos_drw_Offgrid
2026-07-14 10:42:45 -0400: Memory Usage (454700K) : Executing rule pbiwind_drw_Offgrid
2026-07-14 10:42:45 -0400: Memory Usage (454700K) : Executing rule colopen_drw_Offgrid
2026-07-14 10:42:45 -0400: Memory Usage (454700K) : Executing rule extblock_drw_Offgrid
2026-07-14 10:42:45 -0400: Memory Usage (454700K) : Executing rule nldd_drw_Offgrid
2026-07-14 10:42:45 -0400: Memory Usage (454700K) : Executing rule pldd_drw_Offgrid
2026-07-14 10:42:45 -0400: Memory Usage (454700K) : Executing rule next_drw_Offgrid
2026-07-14 10:42:45 -0400: Memory Usage (454700K) : Executing rule pext_drw_Offgrid
2026-07-14 10:42:45 -0400: Memory Usage (454700K) : Executing rule nexthv_drw_Offgrid
2026-07-14 10:42:45 -0400: Memory Usage (454700K) : Executing rule pexthv_drw_Offgrid
2026-07-14 10:42:45 -0400: Memory Usage (454700K) : Executing rule graphgate_drw_Offgrid
2026-07-14 10:42:45 -0400: Memory Usage (454700K) : Executing rule mempad_drw_Offgrid
2026-07-14 10:42:45 -0400: Memory Usage (454700K) : Executing rule topvia1_drw_Offgrid
2026-07-14 10:42:45 -0400: Memory Usage (454700K) : Executing rule topmetal1_drw_Offgrid
2026-07-14 10:42:45 -0400: Memory Usage (454700K) : Executing rule topmetal1_pin_Offgrid
2026-07-14 10:42:45 -0400: Memory Usage (454700K) : Executing rule topmetal1_mask_Offgrid
2026-07-14 10:42:45 -0400: Memory Usage (454700K) : Executing rule topmetal1_filler_Offgrid
2026-07-14 10:42:45 -0400: Memory Usage (454700K) : Executing rule topmetal1_nofill_Offgrid
2026-07-14 10:42:45 -0400: Memory Usage (454700K) : Executing rule topmetal1_slit_Offgrid
2026-07-14 10:42:45 -0400: Memory Usage (454700K) : Executing rule topmetal1_noqrc_Offgrid
2026-07-14 10:42:45 -0400: Memory Usage (454700K) : Executing rule topmetal1_res_Offgrid
2026-07-14 10:42:45 -0400: Memory Usage (454700K) : Executing rule topmetal1_iprobe_Offgrid
2026-07-14 10:42:45 -0400: Memory Usage (454700K) : Executing rule topmetal1_diffprb_Offgrid
2026-07-14 10:42:45 -0400: Memory Usage (454700K) : Executing rule inldpwl_drw_Offgrid
2026-07-14 10:42:45 -0400: Memory Usage (454700K) : Executing rule polyres_drw_Offgrid
2026-07-14 10:42:45 -0400: Memory Usage (454700K) : Executing rule polyres_pin_Offgrid
2026-07-14 10:42:45 -0400: Memory Usage (454700K) : Executing rule vmim_drw_Offgrid
2026-07-14 10:42:45 -0400: Memory Usage (454700K) : Executing rule nbulaycut_drw_Offgrid
2026-07-14 10:42:45 -0400: Memory Usage (454700K) : Executing rule antmetal1_drw_Offgrid
2026-07-14 10:42:45 -0400: Memory Usage (454700K) : Executing rule topvia2_drw_Offgrid
2026-07-14 10:42:45 -0400: Memory Usage (454700K) : Executing rule topmetal2_drw_Offgrid
2026-07-14 10:42:45 -0400: Memory Usage (454700K) : Executing rule topmetal2_pin_Offgrid
2026-07-14 10:42:45 -0400: Memory Usage (454700K) : Executing rule topmetal2_mask_Offgrid
2026-07-14 10:42:45 -0400: Memory Usage (454700K) : Executing rule topmetal2_filler_Offgrid
2026-07-14 10:42:45 -0400: Memory Usage (454700K) : Executing rule topmetal2_nofill_Offgrid
2026-07-14 10:42:45 -0400: Memory Usage (454700K) : Executing rule topmetal2_slit_Offgrid
2026-07-14 10:42:45 -0400: Memory Usage (454700K) : Executing rule topmetal2_noqrc_Offgrid
2026-07-14 10:42:45 -0400: Memory Usage (454700K) : Executing rule topmetal2_res_Offgrid
2026-07-14 10:42:45 -0400: Memory Usage (454700K) : Executing rule topmetal2_iprobe_Offgrid
2026-07-14 10:42:45 -0400: Memory Usage (454700K) : Executing rule topmetal2_diffprb_Offgrid
2026-07-14 10:42:45 -0400: Memory Usage (454700K) : Executing rule snsring_drw_Offgrid
2026-07-14 10:42:45 -0400: Memory Usage (454700K) : Executing rule sensor_drw_Offgrid
2026-07-14 10:42:45 -0400: Memory Usage (454700K) : Executing rule snsarms_drw_Offgrid
2026-07-14 10:42:45 -0400: Memory Usage (454700K) : Executing rule snscmosvia_drw_Offgrid
2026-07-14 10:42:45 -0400: Memory Usage (454700K) : Executing rule colwind_drw_Offgrid
2026-07-14 10:42:45 -0400: Memory Usage (454700K) : Executing rule flm_drw_Offgrid
2026-07-14 10:42:45 -0400: Memory Usage (454700K) : Executing rule hafniumox_drw_Offgrid
2026-07-14 10:42:45 -0400: Memory Usage (454700K) : Executing rule memvia_drw_Offgrid
2026-07-14 10:42:45 -0400: Memory Usage (454700K) : Executing rule thinfilmres_drw_Offgrid
2026-07-14 10:42:45 -0400: Memory Usage (454700K) : Executing rule rfmem_drw_Offgrid
2026-07-14 10:42:45 -0400: Memory Usage (454700K) : Executing rule snsbotvia_drw_Offgrid
2026-07-14 10:42:45 -0400: Memory Usage (454700K) : Executing rule snstopvia_drw_Offgrid
2026-07-14 10:42:45 -0400: Memory Usage (454700K) : Executing rule deepvia_drw_Offgrid
2026-07-14 10:42:45 -0400: Memory Usage (454700K) : Executing rule fgetch_drw_Offgrid
2026-07-14 10:42:45 -0400: Memory Usage (454700K) : Executing rule ctrgat_drw_Offgrid
2026-07-14 10:42:45 -0400: Memory Usage (454700K) : Executing rule fgimp_drw_Offgrid
2026-07-14 10:42:45 -0400: Memory Usage (454700K) : Executing rule emwihv_drw_Offgrid
2026-07-14 10:42:45 -0400: Memory Usage (454700K) : Executing rule lbe_drw_Offgrid
2026-07-14 10:42:45 -0400: Memory Usage (454700K) : Executing rule alcustop_drw_Offgrid
2026-07-14 10:42:45 -0400: Memory Usage (454700K) : Starting 3.2. angle table
2026-07-14 10:42:45 -0400: Memory Usage (454700K) : Executing rule activ_drw_Acute
2026-07-14 10:42:45 -0400: Memory Usage (454700K) : Executing rule activ_pin_Acute
2026-07-14 10:42:45 -0400: Memory Usage (454700K) : Executing rule activ_mask_Acute
2026-07-14 10:42:45 -0400: Memory Usage (454700K) : Executing rule activ_filler_Acute
2026-07-14 10:42:45 -0400: Memory Usage (454700K) : Executing rule activ_nofill_Acute
2026-07-14 10:42:45 -0400: Memory Usage (454700K) : Executing rule activ_opc_Acute
2026-07-14 10:42:45 -0400: Memory Usage (454700K) : Executing rule activ_iopc_Acute
2026-07-14 10:42:45 -0400: Memory Usage (454700K) : Executing rule activ_noqrc_Acute
2026-07-14 10:42:45 -0400: Memory Usage (454700K) : Executing rule biwind_drw_Acute
2026-07-14 10:42:45 -0400: Memory Usage (454700K) : Executing rule biwind_opc_Acute
2026-07-14 10:42:45 -0400: Memory Usage (454700K) : Executing rule pemwind_drw_Acute
2026-07-14 10:42:45 -0400: Memory Usage (454700K) : Executing rule gatpoly_drw_Acute
2026-07-14 10:42:45 -0400: Memory Usage (454700K) : Executing rule gatpoly_pin_Acute
2026-07-14 10:42:45 -0400: Memory Usage (454700K) : Executing rule gatpoly_filler_Acute
2026-07-14 10:42:45 -0400: Memory Usage (454700K) : Executing rule gatpoly_nofill_Acute
2026-07-14 10:42:45 -0400: Memory Usage (454700K) : Executing rule gatpoly_opc_Acute
2026-07-14 10:42:45 -0400: Memory Usage (454700K) : Executing rule gatpoly_iopc_Acute
2026-07-14 10:42:45 -0400: Memory Usage (454700K) : Executing rule gatpoly_noqrc_Acute
2026-07-14 10:42:45 -0400: Memory Usage (454700K) : Executing rule cont_drw_Acute
2026-07-14 10:42:45 -0400: Memory Usage (454700K) : Executing rule cont_opc_Acute
2026-07-14 10:42:45 -0400: Memory Usage (454700K) : Executing rule nsd_drw_Acute
2026-07-14 10:42:45 -0400: Memory Usage (454700K) : Executing rule nsd_block_Acute
2026-07-14 10:42:45 -0400: Memory Usage (454700K) : Executing rule metal1_drw_Acute
2026-07-14 10:42:45 -0400: Memory Usage (454700K) : Executing rule metal1_pin_Acute
2026-07-14 10:42:45 -0400: Memory Usage (454700K) : Executing rule metal1_mask_Acute
2026-07-14 10:42:45 -0400: Memory Usage (454700K) : Executing rule metal1_filler_Acute
2026-07-14 10:42:45 -0400: Memory Usage (454700K) : Executing rule metal1_nofill_Acute
2026-07-14 10:42:45 -0400: Memory Usage (454700K) : Executing rule metal1_slit_Acute
2026-07-14 10:42:45 -0400: Memory Usage (454700K) : Executing rule metal1_opc_Acute
2026-07-14 10:42:45 -0400: Memory Usage (454700K) : Executing rule metal1_noqrc_Acute
2026-07-14 10:42:45 -0400: Memory Usage (454700K) : Executing rule metal1_res_Acute
2026-07-14 10:42:45 -0400: Memory Usage (454700K) : Executing rule metal1_iprobe_Acute
2026-07-14 10:42:45 -0400: Memory Usage (454700K) : Executing rule metal1_diffprb_Acute
2026-07-14 10:42:45 -0400: Memory Usage (454700K) : Executing rule passiv_drw_Acute
2026-07-14 10:42:45 -0400: Memory Usage (454700K) : Executing rule passiv_pin_Acute
2026-07-14 10:42:45 -0400: Memory Usage (454700K) : Executing rule passiv_pillar_Acute
2026-07-14 10:42:45 -0400: Memory Usage (454700K) : Executing rule passiv_sbump_Acute
2026-07-14 10:42:45 -0400: Memory Usage (454700K) : Executing rule passiv_pdl_Acute
2026-07-14 10:42:45 -0400: Memory Usage (454700K) : Executing rule metal2_drw_Acute
2026-07-14 10:42:45 -0400: Memory Usage (454700K) : Executing rule metal2_pin_Acute
2026-07-14 10:42:45 -0400: Memory Usage (454700K) : Executing rule metal2_mask_Acute
2026-07-14 10:42:45 -0400: Memory Usage (454700K) : Executing rule metal2_filler_Acute
2026-07-14 10:42:45 -0400: Memory Usage (454700K) : Executing rule metal2_nofill_Acute
2026-07-14 10:42:45 -0400: Memory Usage (454700K) : Executing rule metal2_slit_Acute
2026-07-14 10:42:45 -0400: Memory Usage (454700K) : Executing rule metal2_opc_Acute
2026-07-14 10:42:45 -0400: Memory Usage (454700K) : Executing rule metal2_noqrc_Acute
2026-07-14 10:42:45 -0400: Memory Usage (454700K) : Executing rule metal2_res_Acute
2026-07-14 10:42:45 -0400: Memory Usage (454700K) : Executing rule metal2_iprobe_Acute
2026-07-14 10:42:45 -0400: Memory Usage (454700K) : Executing rule metal2_diffprb_Acute
2026-07-14 10:42:45 -0400: Memory Usage (454700K) : Executing rule baspoly_drw_Acute
2026-07-14 10:42:45 -0400: Memory Usage (454700K) : Executing rule baspoly_pin_Acute
2026-07-14 10:42:45 -0400: Memory Usage (454700K) : Executing rule psd_drw_Acute
2026-07-14 10:42:45 -0400: Memory Usage (454700K) : Executing rule nldb_drw_Acute
2026-07-14 10:42:45 -0400: Memory Usage (454700K) : Executing rule via1_drw_Acute
2026-07-14 10:42:45 -0400: Memory Usage (454700K) : Executing rule backmetal1_drw_Acute
2026-07-14 10:42:45 -0400: Memory Usage (454700K) : Executing rule backmetal1_pin_Acute
2026-07-14 10:42:45 -0400: Memory Usage (454700K) : Executing rule backmetal1_mask_Acute
2026-07-14 10:42:45 -0400: Memory Usage (454700K) : Executing rule backmetal1_filler_Acute
2026-07-14 10:42:45 -0400: Memory Usage (454700K) : Executing rule backmetal1_nofill_Acute
2026-07-14 10:42:45 -0400: Memory Usage (454700K) : Executing rule backmetal1_slit_Acute
2026-07-14 10:42:45 -0400: Memory Usage (454700K) : Executing rule backmetal1_opc_Acute
2026-07-14 10:42:45 -0400: Memory Usage (454700K) : Executing rule backmetal1_noqrc_Acute
2026-07-14 10:42:45 -0400: Memory Usage (454700K) : Executing rule backmetal1_res_Acute
2026-07-14 10:42:45 -0400: Memory Usage (454700K) : Executing rule backmetal1_iprobe_Acute
2026-07-14 10:42:45 -0400: Memory Usage (454700K) : Executing rule backmetal1_diffprb_Acute
2026-07-14 10:42:45 -0400: Memory Usage (454700K) : Executing rule backpassiv_drw_Acute
2026-07-14 10:42:45 -0400: Memory Usage (454700K) : Executing rule salblock_drw_Acute
2026-07-14 10:42:45 -0400: Memory Usage (454700K) : Executing rule via2_drw_Acute
2026-07-14 10:42:45 -0400: Memory Usage (454700K) : Executing rule metal3_drw_Acute
2026-07-14 10:42:45 -0400: Memory Usage (454700K) : Executing rule metal3_pin_Acute
2026-07-14 10:42:45 -0400: Memory Usage (454700K) : Executing rule metal3_mask_Acute
2026-07-14 10:42:45 -0400: Memory Usage (454700K) : Executing rule metal3_filler_Acute
2026-07-14 10:42:45 -0400: Memory Usage (454700K) : Executing rule metal3_nofill_Acute
2026-07-14 10:42:45 -0400: Memory Usage (454700K) : Executing rule metal3_slit_Acute
2026-07-14 10:42:45 -0400: Memory Usage (454700K) : Executing rule metal3_opc_Acute
2026-07-14 10:42:45 -0400: Memory Usage (454700K) : Executing rule metal3_noqrc_Acute
2026-07-14 10:42:45 -0400: Memory Usage (454700K) : Executing rule metal3_res_Acute
2026-07-14 10:42:45 -0400: Memory Usage (454700K) : Executing rule metal3_iprobe_Acute
2026-07-14 10:42:45 -0400: Memory Usage (454700K) : Executing rule metal3_diffprb_Acute
2026-07-14 10:42:45 -0400: Memory Usage (454700K) : Executing rule nwell_drw_Acute
2026-07-14 10:42:45 -0400: Memory Usage (454700K) : Executing rule nwell_pin_Acute
2026-07-14 10:42:45 -0400: Memory Usage (454700K) : Executing rule nbulay_drw_Acute
2026-07-14 10:42:45 -0400: Memory Usage (454700K) : Executing rule nbulay_pin_Acute
2026-07-14 10:42:45 -0400: Memory Usage (454700K) : Executing rule nbulay_block_Acute
2026-07-14 10:42:45 -0400: Memory Usage (454700K) : Executing rule pwell_drw_Acute
2026-07-14 10:42:45 -0400: Memory Usage (454700K) : Executing rule pwell_pin_Acute
2026-07-14 10:42:45 -0400: Memory Usage (454700K) : Executing rule pwell_block_Acute
2026-07-14 10:42:45 -0400: Memory Usage (454700K) : Executing rule emwind_drw_Acute
2026-07-14 10:42:46 -0400: Memory Usage (454700K) : Executing rule emwind_opc_Acute
2026-07-14 10:42:46 -0400: Memory Usage (454700K) : Executing rule deepco_drw_Acute
2026-07-14 10:42:46 -0400: Memory Usage (454700K) : Executing rule mim_drw_Acute
2026-07-14 10:42:46 -0400: Memory Usage (454700K) : Executing rule substrate_drw_Acute
2026-07-14 10:42:46 -0400: Memory Usage (454700K) : Executing rule ic_drw_Acute
2026-07-14 10:42:46 -0400: Memory Usage (454700K) : Executing rule via3_drw_Acute
2026-07-14 10:42:46 -0400: Memory Usage (454700K) : Executing rule pldb_drw_Acute
2026-07-14 10:42:46 -0400: Memory Usage (454700K) : Executing rule metal4_drw_Acute
2026-07-14 10:42:46 -0400: Memory Usage (454700K) : Executing rule metal4_pin_Acute
2026-07-14 10:42:46 -0400: Memory Usage (454700K) : Executing rule metal4_mask_Acute
2026-07-14 10:42:46 -0400: Memory Usage (454700K) : Executing rule metal4_filler_Acute
2026-07-14 10:42:46 -0400: Memory Usage (454700K) : Executing rule metal4_nofill_Acute
2026-07-14 10:42:46 -0400: Memory Usage (454700K) : Executing rule metal4_slit_Acute
2026-07-14 10:42:46 -0400: Memory Usage (454700K) : Executing rule metal4_opc_Acute
2026-07-14 10:42:46 -0400: Memory Usage (454700K) : Executing rule metal4_noqrc_Acute
2026-07-14 10:42:46 -0400: Memory Usage (454700K) : Executing rule metal4_res_Acute
2026-07-14 10:42:46 -0400: Memory Usage (454700K) : Executing rule metal4_iprobe_Acute
2026-07-14 10:42:46 -0400: Memory Usage (454700K) : Executing rule metal4_diffprb_Acute
2026-07-14 10:42:46 -0400: Memory Usage (454700K) : Executing rule via4_drw_Acute
2026-07-14 10:42:46 -0400: Memory Usage (454700K) : Executing rule metal5_drw_Acute
2026-07-14 10:42:46 -0400: Memory Usage (454700K) : Executing rule metal5_pin_Acute
2026-07-14 10:42:46 -0400: Memory Usage (454700K) : Executing rule metal5_mask_Acute
2026-07-14 10:42:46 -0400: Memory Usage (454700K) : Executing rule metal5_filler_Acute
2026-07-14 10:42:46 -0400: Memory Usage (454700K) : Executing rule metal5_nofill_Acute
2026-07-14 10:42:46 -0400: Memory Usage (454700K) : Executing rule metal5_slit_Acute
2026-07-14 10:42:46 -0400: Memory Usage (454700K) : Executing rule metal5_opc_Acute
2026-07-14 10:42:46 -0400: Memory Usage (454700K) : Executing rule metal5_noqrc_Acute
2026-07-14 10:42:46 -0400: Memory Usage (454700K) : Executing rule metal5_res_Acute
2026-07-14 10:42:46 -0400: Memory Usage (454700K) : Executing rule metal5_iprobe_Acute
2026-07-14 10:42:46 -0400: Memory Usage (454700K) : Executing rule metal5_diffprb_Acute
2026-07-14 10:42:46 -0400: Memory Usage (454700K) : Executing rule prboundary_drw_Acute
2026-07-14 10:42:46 -0400: Memory Usage (454700K) : Executing rule exchange0_drw_Acute
2026-07-14 10:42:46 -0400: Memory Usage (454700K) : Executing rule exchange0_pin_Acute
2026-07-14 10:42:46 -0400: Memory Usage (454700K) : Executing rule exchange1_drw_Acute
2026-07-14 10:42:46 -0400: Memory Usage (454700K) : Executing rule exchange1_pin_Acute
2026-07-14 10:42:46 -0400: Memory Usage (454700K) : Executing rule exchange2_drw_Acute
2026-07-14 10:42:46 -0400: Memory Usage (454700K) : Executing rule exchange2_pin_Acute
2026-07-14 10:42:46 -0400: Memory Usage (454700K) : Executing rule exchange3_drw_Acute
2026-07-14 10:42:46 -0400: Memory Usage (454700K) : Executing rule exchange3_pin_Acute
2026-07-14 10:42:46 -0400: Memory Usage (454700K) : Executing rule exchange4_drw_Acute
2026-07-14 10:42:46 -0400: Memory Usage (454700K) : Executing rule exchange4_pin_Acute
2026-07-14 10:42:46 -0400: Memory Usage (454700K) : Executing rule isonwell_drw_Acute
2026-07-14 10:42:46 -0400: Memory Usage (454700K) : Executing rule thickgateox_drw_Acute
2026-07-14 10:42:46 -0400: Memory Usage (454700K) : Executing rule pempoly_drw_Acute
2026-07-14 10:42:46 -0400: Memory Usage (454700K) : Executing rule fbe_drw_Acute
2026-07-14 10:42:46 -0400: Memory Usage (454700K) : Executing rule empoly_drw_Acute
2026-07-14 10:42:46 -0400: Memory Usage (454700K) : Executing rule ldmos_drw_Acute
2026-07-14 10:42:46 -0400: Memory Usage (454700K) : Executing rule pbiwind_drw_Acute
2026-07-14 10:42:46 -0400: Memory Usage (454700K) : Executing rule colopen_drw_Acute
2026-07-14 10:42:46 -0400: Memory Usage (454700K) : Executing rule extblock_drw_Acute
2026-07-14 10:42:46 -0400: Memory Usage (454700K) : Executing rule nldd_drw_Acute
2026-07-14 10:42:46 -0400: Memory Usage (454700K) : Executing rule pldd_drw_Acute
2026-07-14 10:42:46 -0400: Memory Usage (454700K) : Executing rule next_drw_Acute
2026-07-14 10:42:46 -0400: Memory Usage (454700K) : Executing rule pext_drw_Acute
2026-07-14 10:42:46 -0400: Memory Usage (454700K) : Executing rule nexthv_drw_Acute
2026-07-14 10:42:46 -0400: Memory Usage (454700K) : Executing rule pexthv_drw_Acute
2026-07-14 10:42:46 -0400: Memory Usage (454700K) : Executing rule graphgate_drw_Acute
2026-07-14 10:42:46 -0400: Memory Usage (454700K) : Executing rule mempad_drw_Acute
2026-07-14 10:42:46 -0400: Memory Usage (454700K) : Executing rule topvia1_drw_Acute
2026-07-14 10:42:46 -0400: Memory Usage (454700K) : Executing rule topmetal1_drw_Acute
2026-07-14 10:42:46 -0400: Memory Usage (454700K) : Executing rule topmetal1_pin_Acute
2026-07-14 10:42:46 -0400: Memory Usage (454700K) : Executing rule topmetal1_mask_Acute
2026-07-14 10:42:46 -0400: Memory Usage (454700K) : Executing rule topmetal1_filler_Acute
2026-07-14 10:42:46 -0400: Memory Usage (454700K) : Executing rule topmetal1_nofill_Acute
2026-07-14 10:42:46 -0400: Memory Usage (454700K) : Executing rule topmetal1_slit_Acute
2026-07-14 10:42:46 -0400: Memory Usage (454700K) : Executing rule topmetal1_noqrc_Acute
2026-07-14 10:42:46 -0400: Memory Usage (454700K) : Executing rule topmetal1_res_Acute
2026-07-14 10:42:46 -0400: Memory Usage (454700K) : Executing rule topmetal1_iprobe_Acute
2026-07-14 10:42:46 -0400: Memory Usage (454700K) : Executing rule topmetal1_diffprb_Acute
2026-07-14 10:42:46 -0400: Memory Usage (454700K) : Executing rule inldpwl_drw_Acute
2026-07-14 10:42:46 -0400: Memory Usage (454700K) : Executing rule polyres_drw_Acute
2026-07-14 10:42:46 -0400: Memory Usage (454700K) : Executing rule polyres_pin_Acute
2026-07-14 10:42:46 -0400: Memory Usage (454700K) : Executing rule vmim_drw_Acute
2026-07-14 10:42:46 -0400: Memory Usage (454700K) : Executing rule nbulaycut_drw_Acute
2026-07-14 10:42:46 -0400: Memory Usage (454700K) : Executing rule antmetal1_drw_Acute
2026-07-14 10:42:46 -0400: Memory Usage (454700K) : Executing rule topvia2_drw_Acute
2026-07-14 10:42:46 -0400: Memory Usage (454700K) : Executing rule topmetal2_drw_Acute
2026-07-14 10:42:46 -0400: Memory Usage (454700K) : Executing rule topmetal2_pin_Acute
2026-07-14 10:42:46 -0400: Memory Usage (454700K) : Executing rule topmetal2_mask_Acute
2026-07-14 10:42:46 -0400: Memory Usage (454700K) : Executing rule topmetal2_filler_Acute
2026-07-14 10:42:46 -0400: Memory Usage (454700K) : Executing rule topmetal2_nofill_Acute
2026-07-14 10:42:46 -0400: Memory Usage (454700K) : Executing rule topmetal2_slit_Acute
2026-07-14 10:42:46 -0400: Memory Usage (454700K) : Executing rule topmetal2_noqrc_Acute
2026-07-14 10:42:46 -0400: Memory Usage (454700K) : Executing rule topmetal2_res_Acute
2026-07-14 10:42:46 -0400: Memory Usage (454700K) : Executing rule topmetal2_iprobe_Acute
2026-07-14 10:42:46 -0400: Memory Usage (454700K) : Executing rule topmetal2_diffprb_Acute
2026-07-14 10:42:46 -0400: Memory Usage (454700K) : Executing rule snsring_drw_Acute
2026-07-14 10:42:46 -0400: Memory Usage (454700K) : Executing rule sensor_drw_Acute
2026-07-14 10:42:46 -0400: Memory Usage (454700K) : Executing rule snsarms_drw_Acute
2026-07-14 10:42:46 -0400: Memory Usage (454700K) : Executing rule snscmosvia_drw_Acute
2026-07-14 10:42:46 -0400: Memory Usage (454700K) : Executing rule colwind_drw_Acute
2026-07-14 10:42:46 -0400: Memory Usage (454700K) : Executing rule flm_drw_Acute
2026-07-14 10:42:46 -0400: Memory Usage (454700K) : Executing rule hafniumox_drw_Acute
2026-07-14 10:42:46 -0400: Memory Usage (454700K) : Executing rule memvia_drw_Acute
2026-07-14 10:42:46 -0400: Memory Usage (454700K) : Executing rule thinfilmres_drw_Acute
2026-07-14 10:42:46 -0400: Memory Usage (454700K) : Executing rule rfmem_drw_Acute
2026-07-14 10:42:46 -0400: Memory Usage (454700K) : Executing rule snsbotvia_drw_Acute
2026-07-14 10:42:46 -0400: Memory Usage (454700K) : Executing rule snstopvia_drw_Acute
2026-07-14 10:42:46 -0400: Memory Usage (454700K) : Executing rule deepvia_drw_Acute
2026-07-14 10:42:46 -0400: Memory Usage (454700K) : Executing rule fgetch_drw_Acute
2026-07-14 10:42:46 -0400: Memory Usage (454700K) : Executing rule ctrgat_drw_Acute
2026-07-14 10:42:46 -0400: Memory Usage (454700K) : Executing rule fgimp_drw_Acute
2026-07-14 10:42:46 -0400: Memory Usage (454700K) : Executing rule emwihv_drw_Acute
2026-07-14 10:42:46 -0400: Memory Usage (454700K) : Executing rule lbe_drw_Acute
2026-07-14 10:42:46 -0400: Memory Usage (454700K) : Executing rule alcustop_drw_Acute
2026-07-14 10:42:46 -0400: Memory Usage (454700K) : Executing rule cont_drw_Angle90
2026-07-14 10:42:46 -0400: Memory Usage (454908K) : Executing rule via1_drw_Angle90
2026-07-14 10:42:46 -0400: Memory Usage (454844K) : Executing rule via2_drw_Angle90
2026-07-14 10:42:46 -0400: Memory Usage (454780K) : Executing rule via3_drw_Angle90
2026-07-14 10:42:46 -0400: Memory Usage (454716K) : Executing rule via4_drw_Angle90
2026-07-14 10:42:46 -0400: Memory Usage (455024K) : Executing rule vmim_drw_Angle90
2026-07-14 10:42:46 -0400: Memory Usage (454968K) : Executing rule topvia1_drw_Angle90
2026-07-14 10:42:46 -0400: Memory Usage (454904K) : Executing rule topvia2_drw_Angle90
2026-07-14 10:42:46 -0400: Memory Usage (454840K) : Executing rule gatpoly_drw_Angle45
2026-07-14 10:42:46 -0400: Memory Usage (455044K) : Executing rule activ_drw_Angle45
2026-07-14 10:42:46 -0400: Memory Usage (454976K) : Executing rule metal1_drw_Angle45
2026-07-14 10:42:46 -0400: Memory Usage (454920K) : Executing rule metal2_drw_Angle45
2026-07-14 10:42:46 -0400: Memory Usage (454856K) : Executing rule metal3_drw_Angle45
2026-07-14 10:42:46 -0400: Memory Usage (455052K) : Executing rule metal4_drw_Angle45
2026-07-14 10:42:46 -0400: Memory Usage (454988K) : Executing rule metal5_drw_Angle45
2026-07-14 10:42:46 -0400: Memory Usage (454924K) : Executing rule topmetal1_drw_Angle45
2026-07-14 10:42:46 -0400: Memory Usage (454864K) : Executing rule topmetal2_drw_Angle45
2026-07-14 10:42:46 -0400: Memory Usage (455064K) : Starting 3.2. FORBIDDEN table
2026-07-14 10:42:46 -0400: Memory Usage (455064K) : Executing rule forbidden.biwind
2026-07-14 10:42:46 -0400: Memory Usage (455064K) : Executing rule forbidden.pemwind
2026-07-14 10:42:46 -0400: Memory Usage (455064K) : Executing rule forbidden.baspoly
2026-07-14 10:42:46 -0400: Memory Usage (455064K) : Executing rule forbidden.deepco
2026-07-14 10:42:46 -0400: Memory Usage (455064K) : Executing rule forbidden.pempoly
2026-07-14 10:42:46 -0400: Memory Usage (455064K) : Executing rule forbidden.empoly
2026-07-14 10:42:46 -0400: Memory Usage (455064K) : Executing rule forbidden.ldmos
2026-07-14 10:42:46 -0400: Memory Usage (455064K) : Executing rule forbidden.pbiwind
2026-07-14 10:42:46 -0400: Memory Usage (455064K) : Executing rule forbidden.nodrc
2026-07-14 10:42:46 -0400: Memory Usage (455064K) : Executing rule forbidden.flash
2026-07-14 10:42:46 -0400: Memory Usage (455064K) : Executing rule forbidden.colwind
2026-07-14 10:42:46 -0400: Memory Usage (455064K) : KLayout DRC run for tables 'main' completed in 3.81 seconds
2026-07-14 10:43:52 -0400: Memory Usage (411668K) : Starting running IHP-SG13G2 KLayout DRC runset on /home/bthomas3/Videos/77GHz_phased_array/layout/VCO_77G_XTOR.gds
2026-07-14 10:43:52 -0400: Memory Usage (411668K) : Ruby Version for klayout: 2.5.9
2026-07-14 10:43:52 -0400: Memory Usage (411668K) : Loading database to memory is complete.
2026-07-14 10:43:52 -0400: Memory Usage (411668K) : IHP-SG13G2 KLayout DRC runset output at: /home/bthomas3/Videos/77GHz_phased_array/layout/drc_xtor_out/VCO_77G_XTOR_VCO_77G_XTOR_main.lyrdb
2026-07-14 10:43:52 -0400: Memory Usage (411668K) : Evaluate switches.
2026-07-14 10:43:52 -0400: Memory Usage (411668K) : tables selected: main
2026-07-14 10:43:52 -0400: Memory Usage (411668K) : KLayout will use 6 thread(s) in tiling mode.
2026-07-14 10:43:52 -0400: Memory Usage (411668K) : deep mode is enabled.
2026-07-14 10:43:52 -0400: Memory Usage (411668K) : FEOL enabled: true
2026-07-14 10:43:52 -0400: Memory Usage (411668K) : BEOL enabled: true
2026-07-14 10:43:52 -0400: Memory Usage (411668K) : OFFGRID enabled: true
2026-07-14 10:43:52 -0400: Memory Usage (411668K) : ANGLE enabled: true
2026-07-14 10:43:52 -0400: Memory Usage (411668K) : PIN enabled: true
2026-07-14 10:43:52 -0400: Memory Usage (411668K) : FORBIDDEN enabled: true
2026-07-14 10:43:52 -0400: Memory Usage (411668K) : RECOMMENDED enabled: true
2026-07-14 10:43:52 -0400: Memory Usage (411668K) : PreCheck DRC enabled: false
2026-07-14 10:43:52 -0400: Memory Usage (411668K) : CONNECTIVITY_RULES enabled: true.
2026-07-14 10:43:52 -0400: Memory Usage (411668K) : Read in polygons from layers.
2026-07-14 10:43:52 -0400: Memory Usage (411668K) : activ_drw has 34 polygons
2026-07-14 10:43:52 -0400: Memory Usage (411668K) : activ_pin has 0 polygons
2026-07-14 10:43:52 -0400: Memory Usage (411668K) : activ_mask has 8 polygons
2026-07-14 10:43:52 -0400: Memory Usage (411668K) : activ_filler has 0 polygons
2026-07-14 10:43:52 -0400: Memory Usage (411668K) : activ_nofill has 0 polygons
2026-07-14 10:43:52 -0400: Memory Usage (411668K) : activ_opc has 0 polygons
2026-07-14 10:43:52 -0400: Memory Usage (411668K) : activ_iopc has 0 polygons
2026-07-14 10:43:52 -0400: Memory Usage (411668K) : activ_noqrc has 0 polygons
2026-07-14 10:43:52 -0400: Memory Usage (411668K) : biwind_drw has 0 polygons
2026-07-14 10:43:52 -0400: Memory Usage (411668K) : biwind_opc has 0 polygons
2026-07-14 10:43:52 -0400: Memory Usage (411668K) : pemwind_drw has 0 polygons
2026-07-14 10:43:52 -0400: Memory Usage (411668K) : gatpoly_drw has 12 polygons
2026-07-14 10:43:52 -0400: Memory Usage (411668K) : gatpoly_pin has 0 polygons
2026-07-14 10:43:52 -0400: Memory Usage (411668K) : gatpoly_filler has 0 polygons
2026-07-14 10:43:52 -0400: Memory Usage (411668K) : gatpoly_nofill has 0 polygons
2026-07-14 10:43:52 -0400: Memory Usage (411668K) : gatpoly_opc has 0 polygons
2026-07-14 10:43:52 -0400: Memory Usage (411668K) : gatpoly_iopc has 0 polygons
2026-07-14 10:43:52 -0400: Memory Usage (411668K) : gatpoly_noqrc has 0 polygons
2026-07-14 10:43:52 -0400: Memory Usage (411668K) : cont_drw has 100 polygons
2026-07-14 10:43:52 -0400: Memory Usage (413748K) : cont_opc has 0 polygons
2026-07-14 10:43:52 -0400: Memory Usage (413748K) : nsd_drw has 0 polygons
2026-07-14 10:43:52 -0400: Memory Usage (413748K) : nsd_block has 0 polygons
2026-07-14 10:43:52 -0400: Memory Usage (413748K) : metal1_drw has 57 polygons
2026-07-14 10:43:52 -0400: Memory Usage (413748K) : metal1_pin has 16 polygons
2026-07-14 10:43:52 -0400: Memory Usage (413748K) : metal1_mask has 0 polygons
2026-07-14 10:43:52 -0400: Memory Usage (413748K) : metal1_filler has 0 polygons
2026-07-14 10:43:52 -0400: Memory Usage (414012K) : metal1_nofill has 0 polygons
2026-07-14 10:43:52 -0400: Memory Usage (414012K) : metal1_slit has 0 polygons
2026-07-14 10:43:52 -0400: Memory Usage (414012K) : metal1_text has 0 polygons
2026-07-14 10:43:52 -0400: Memory Usage (414012K) : metal1_opc has 0 polygons
2026-07-14 10:43:52 -0400: Memory Usage (414012K) : metal1_noqrc has 0 polygons
2026-07-14 10:43:52 -0400: Memory Usage (414392K) : metal1_res has 0 polygons
2026-07-14 10:43:52 -0400: Memory Usage (414392K) : metal1_iprobe has 0 polygons
2026-07-14 10:43:52 -0400: Memory Usage (414392K) : metal1_diffprb has 0 polygons
2026-07-14 10:43:52 -0400: Memory Usage (414392K) : passiv_drw has 0 polygons
2026-07-14 10:43:52 -0400: Memory Usage (414392K) : passiv_pin has 0 polygons
2026-07-14 10:43:52 -0400: Memory Usage (414656K) : passiv_sbump has 0 polygons
2026-07-14 10:43:52 -0400: Memory Usage (414656K) : passiv_pillar has 0 polygons
2026-07-14 10:43:52 -0400: Memory Usage (414656K) : passiv_pdl has 0 polygons
2026-07-14 10:43:52 -0400: Memory Usage (414656K) : metal2_drw has 10 polygons
2026-07-14 10:43:52 -0400: Memory Usage (414656K) : metal2_pin has 4 polygons
2026-07-14 10:43:52 -0400: Memory Usage (414920K) : metal2_mask has 0 polygons
2026-07-14 10:43:52 -0400: Memory Usage (414920K) : metal2_filler has 0 polygons
2026-07-14 10:43:52 -0400: Memory Usage (414920K) : metal2_nofill has 0 polygons
2026-07-14 10:43:52 -0400: Memory Usage (414920K) : metal2_slit has 0 polygons
2026-07-14 10:43:52 -0400: Memory Usage (414920K) : metal2_text has 0 polygons
2026-07-14 10:43:52 -0400: Memory Usage (415184K) : metal2_opc has 0 polygons
2026-07-14 10:43:52 -0400: Memory Usage (415184K) : metal2_noqrc has 0 polygons
2026-07-14 10:43:52 -0400: Memory Usage (415184K) : metal2_res has 0 polygons
2026-07-14 10:43:52 -0400: Memory Usage (415184K) : metal2_iprobe has 0 polygons
2026-07-14 10:43:52 -0400: Memory Usage (415184K) : metal2_diffprb has 0 polygons
2026-07-14 10:43:52 -0400: Memory Usage (415448K) : baspoly_drw has 0 polygons
2026-07-14 10:43:52 -0400: Memory Usage (415448K) : baspoly_pin has 0 polygons
2026-07-14 10:43:52 -0400: Memory Usage (415448K) : psd_drw has 11 polygons
2026-07-14 10:43:52 -0400: Memory Usage (415448K) : nldb_drw has 0 polygons
2026-07-14 10:43:52 -0400: Memory Usage (415712K) : digibnd_drw has 0 polygons
2026-07-14 10:43:52 -0400: Memory Usage (415712K) : via1_drw has 6 polygons
2026-07-14 10:43:52 -0400: Memory Usage (415712K) : backmetal1_drw has 0 polygons
2026-07-14 10:43:52 -0400: Memory Usage (415712K) : backmetal1_pin has 0 polygons
2026-07-14 10:43:52 -0400: Memory Usage (415712K) : backmetal1_mask has 0 polygons
2026-07-14 10:43:52 -0400: Memory Usage (415976K) : backmetal1_filler has 0 polygons
2026-07-14 10:43:52 -0400: Memory Usage (415976K) : backmetal1_nofill has 0 polygons
2026-07-14 10:43:52 -0400: Memory Usage (415976K) : backmetal1_slit has 0 polygons
2026-07-14 10:43:52 -0400: Memory Usage (415976K) : backmetal1_text has 0 polygons
2026-07-14 10:43:52 -0400: Memory Usage (416240K) : backmetal1_opc has 0 polygons
2026-07-14 10:43:52 -0400: Memory Usage (416240K) : backmetal1_noqrc has 0 polygons
2026-07-14 10:43:52 -0400: Memory Usage (416240K) : backmetal1_res has 0 polygons
2026-07-14 10:43:52 -0400: Memory Usage (416240K) : backmetal1_iprobe has 0 polygons
2026-07-14 10:43:52 -0400: Memory Usage (416240K) : backmetal1_diffprb has 0 polygons
2026-07-14 10:43:52 -0400: Memory Usage (416504K) : backpassiv_drw has 0 polygons
2026-07-14 10:43:52 -0400: Memory Usage (416504K) : res_drw has 0 polygons
2026-07-14 10:43:52 -0400: Memory Usage (416504K) : sram_drw has 0 polygons
2026-07-14 10:43:52 -0400: Memory Usage (416504K) : trans_drw has 4 polygons
2026-07-14 10:43:52 -0400: Memory Usage (416504K) : ind_drw has 0 polygons
2026-07-14 10:43:52 -0400: Memory Usage (416504K) : ind_pin has 0 polygons
2026-07-14 10:43:52 -0400: Memory Usage (416768K) : ind_text has 0 polygons
2026-07-14 10:43:52 -0400: Memory Usage (416768K) : salblock_drw has 1 polygons
2026-07-14 10:43:52 -0400: Memory Usage (416768K) : via2_drw has 2 polygons
2026-07-14 10:43:52 -0400: Memory Usage (416768K) : metal3_drw has 6 polygons
2026-07-14 10:43:52 -0400: Memory Usage (417032K) : metal3_pin has 0 polygons
2026-07-14 10:43:52 -0400: Memory Usage (417032K) : metal3_mask has 0 polygons
2026-07-14 10:43:52 -0400: Memory Usage (417032K) : metal3_filler has 0 polygons
2026-07-14 10:43:52 -0400: Memory Usage (417032K) : metal3_nofill has 0 polygons
2026-07-14 10:43:52 -0400: Memory Usage (417032K) : metal3_slit has 0 polygons
2026-07-14 10:43:52 -0400: Memory Usage (417032K) : metal3_text has 0 polygons
2026-07-14 10:43:52 -0400: Memory Usage (417296K) : metal3_opc has 0 polygons
2026-07-14 10:43:52 -0400: Memory Usage (417296K) : metal3_noqrc has 0 polygons
2026-07-14 10:43:52 -0400: Memory Usage (417296K) : metal3_res has 0 polygons
2026-07-14 10:43:52 -0400: Memory Usage (417296K) : metal3_iprobe has 0 polygons
2026-07-14 10:43:52 -0400: Memory Usage (417296K) : metal3_diffprb has 0 polygons
2026-07-14 10:43:52 -0400: Memory Usage (417560K) : nwell_drw has 2 polygons
2026-07-14 10:43:52 -0400: Memory Usage (417560K) : nwell_pin has 0 polygons
2026-07-14 10:43:52 -0400: Memory Usage (417560K) : nbulay_drw has 2 polygons
2026-07-14 10:43:52 -0400: Memory Usage (417560K) : nbulay_pin has 0 polygons
2026-07-14 10:43:52 -0400: Memory Usage (417560K) : nbulay_block has 0 polygons
2026-07-14 10:43:52 -0400: Memory Usage (417824K) : emwind_drw has 4 polygons
2026-07-14 10:43:52 -0400: Memory Usage (417824K) : emwind_opc has 0 polygons
2026-07-14 10:43:52 -0400: Memory Usage (417824K) : deepco_drw has 0 polygons
2026-07-14 10:43:52 -0400: Memory Usage (417824K) : deepco_drw has 0 polygons
2026-07-14 10:43:52 -0400: Memory Usage (417824K) : mim_drw has 1 polygons
2026-07-14 10:43:52 -0400: Memory Usage (418088K) : edgeseal_drw has 0 polygons
2026-07-14 10:43:52 -0400: Memory Usage (418088K) : edgeseal_bound has 0 polygons
2026-07-14 10:43:52 -0400: Memory Usage (418088K) : substrate_drw has 0 polygons
2026-07-14 10:43:52 -0400: Memory Usage (418088K) : substrate_text has 0 polygons
2026-07-14 10:43:52 -0400: Memory Usage (418352K) : dfpad_drw has 0 polygons
2026-07-14 10:43:52 -0400: Memory Usage (418352K) : dfpad_pillar has 0 polygons
2026-07-14 10:43:52 -0400: Memory Usage (418352K) : dfpad_sbump has 0 polygons
2026-07-14 10:43:52 -0400: Memory Usage (418352K) : thickgateox_drw has 2 polygons
2026-07-14 10:43:52 -0400: Memory Usage (418352K) : pldb_drw has 0 polygons
2026-07-14 10:43:52 -0400: Memory Usage (418616K) : pwell_drw has 0 polygons
2026-07-14 10:43:52 -0400: Memory Usage (418616K) : pwell_pin has 0 polygons
2026-07-14 10:43:52 -0400: Memory Usage (418616K) : pwell_block has 0 polygons
2026-07-14 10:43:52 -0400: Memory Usage (418616K) : ic_drw has 0 polygons
2026-07-14 10:43:52 -0400: Memory Usage (418616K) : via3_drw has 2 polygons
2026-07-14 10:43:52 -0400: Memory Usage (418880K) : metal4_drw has 4 polygons
2026-07-14 10:43:52 -0400: Memory Usage (418880K) : metal4_pin has 0 polygons
2026-07-14 10:43:52 -0400: Memory Usage (418880K) : metal4_mask has 0 polygons
2026-07-14 10:43:52 -0400: Memory Usage (418880K) : metal4_filler has 0 polygons
2026-07-14 10:43:52 -0400: Memory Usage (418880K) : metal4_nofill has 0 polygons
2026-07-14 10:43:52 -0400: Memory Usage (419144K) : metal4_slit has 0 polygons
2026-07-14 10:43:52 -0400: Memory Usage (419144K) : metal4_text has 0 polygons
2026-07-14 10:43:52 -0400: Memory Usage (419144K) : metal4_opc has 0 polygons
2026-07-14 10:43:52 -0400: Memory Usage (419144K) : metal4_noqrc has 0 polygons
2026-07-14 10:43:52 -0400: Memory Usage (419144K) : metal4_res has 0 polygons
2026-07-14 10:43:52 -0400: Memory Usage (419408K) : metal4_iprobe has 0 polygons
2026-07-14 10:43:52 -0400: Memory Usage (419408K) : metal4_diffprb has 0 polygons
2026-07-14 10:43:52 -0400: Memory Usage (419408K) : heattrans_drw has 4 polygons
2026-07-14 10:43:52 -0400: Memory Usage (419408K) : heatres_drw has 1 polygons
2026-07-14 10:43:52 -0400: Memory Usage (419408K) : pempoly_drw has 0 polygons
2026-07-14 10:43:52 -0400: Memory Usage (419672K) : fbe_drw has 0 polygons
2026-07-14 10:43:52 -0400: Memory Usage (419672K) : empoly_drw has 0 polygons
2026-07-14 10:43:52 -0400: Memory Usage (419672K) : ldmos_drw has 0 polygons
2026-07-14 10:43:52 -0400: Memory Usage (419672K) : pbiwind_drw has 0 polygons
2026-07-14 10:43:52 -0400: Memory Usage (419936K) : digisub_drw has 0 polygons
2026-07-14 10:43:52 -0400: Memory Usage (419936K) : nodrc_drw has 0 polygons
2026-07-14 10:43:52 -0400: Memory Usage (419936K) : text_drw has 31 polygons
2026-07-14 10:43:52 -0400: Memory Usage (419936K) : via4_drw has 2 polygons
2026-07-14 10:43:52 -0400: Memory Usage (419936K) : metal5_drw has 5 polygons
2026-07-14 10:43:52 -0400: Memory Usage (420224K) : metal5_pin has 1 polygons
2026-07-14 10:43:52 -0400: Memory Usage (420224K) : metal5_mask has 0 polygons
2026-07-14 10:43:52 -0400: Memory Usage (420224K) : metal5_filler has 0 polygons
2026-07-14 10:43:52 -0400: Memory Usage (420224K) : metal5_nofill has 0 polygons
2026-07-14 10:43:52 -0400: Memory Usage (420224K) : metal5_slit has 0 polygons
2026-07-14 10:43:52 -0400: Memory Usage (420488K) : metal5_text has 0 polygons
2026-07-14 10:43:52 -0400: Memory Usage (420488K) : metal5_opc has 0 polygons
2026-07-14 10:43:52 -0400: Memory Usage (420488K) : metal5_noqrc has 0 polygons
2026-07-14 10:43:52 -0400: Memory Usage (420488K) : metal5_res has 0 polygons
2026-07-14 10:43:52 -0400: Memory Usage (420488K) : metal5_iprobe has 0 polygons
2026-07-14 10:43:52 -0400: Memory Usage (420752K) : metal5_diffprb has 0 polygons
2026-07-14 10:43:52 -0400: Memory Usage (420752K) : radhard_drw has 0 polygons
2026-07-14 10:43:52 -0400: Memory Usage (420752K) : memcap_drw has 0 polygons
2026-07-14 10:43:52 -0400: Memory Usage (420752K) : varicap_drw has 0 polygons
2026-07-14 10:43:52 -0400: Memory Usage (420752K) : flash_drw has 0 polygons
2026-07-14 10:43:52 -0400: Memory Usage (421016K) : intbondvia_drw has 0 polygons
2026-07-14 10:43:52 -0400: Memory Usage (421016K) : intbondmet_drw has 0 polygons
2026-07-14 10:43:52 -0400: Memory Usage (421016K) : devbondvia_drw has 0 polygons
2026-07-14 10:43:52 -0400: Memory Usage (421016K) : devbondmet_drw has 0 polygons
2026-07-14 10:43:52 -0400: Memory Usage (421016K) : devtrench_drw has 0 polygons
2026-07-14 10:43:52 -0400: Memory Usage (421280K) : redist_drw has 0 polygons
2026-07-14 10:43:52 -0400: Memory Usage (421280K) : graphbot_drw has 0 polygons
2026-07-14 10:43:52 -0400: Memory Usage (421280K) : graphtop_drw has 0 polygons
2026-07-14 10:43:52 -0400: Memory Usage (421280K) : antvia1_drw has 0 polygons
2026-07-14 10:43:52 -0400: Memory Usage (421280K) : antmetal2_drw has 0 polygons
2026-07-14 10:43:52 -0400: Memory Usage (421544K) : graphcont_drw has 0 polygons
2026-07-14 10:43:52 -0400: Memory Usage (421544K) : siwg_drw has 0 polygons
2026-07-14 10:43:52 -0400: Memory Usage (421544K) : siwg_filler has 0 polygons
2026-07-14 10:43:52 -0400: Memory Usage (421544K) : siwg_nofill has 0 polygons
2026-07-14 10:43:52 -0400: Memory Usage (421544K) : sigrating_drw has 0 polygons
2026-07-14 10:43:52 -0400: Memory Usage (421808K) : singrating_drw has 0 polygons
2026-07-14 10:43:52 -0400: Memory Usage (421808K) : graphpas_drw has 0 polygons
2026-07-14 10:43:52 -0400: Memory Usage (421808K) : emwind3_drw has 0 polygons
2026-07-14 10:43:52 -0400: Memory Usage (421808K) : emwihv3_drw has 0 polygons
2026-07-14 10:43:52 -0400: Memory Usage (421808K) : redbulay_drw has 0 polygons
2026-07-14 10:43:52 -0400: Memory Usage (422072K) : smos_drw has 0 polygons
2026-07-14 10:43:52 -0400: Memory Usage (422072K) : graphpad_drw has 0 polygons
2026-07-14 10:43:52 -0400: Memory Usage (422072K) : polimide_drw has 0 polygons
2026-07-14 10:43:52 -0400: Memory Usage (422072K) : polimide_pin has 0 polygons
2026-07-14 10:43:52 -0400: Memory Usage (422072K) : recog_drw has 0 polygons
2026-07-14 10:43:52 -0400: Memory Usage (422072K) : recog_pin has 0 polygons
2026-07-14 10:43:52 -0400: Memory Usage (422336K) : recog_esd has 0 polygons
2026-07-14 10:43:52 -0400: Memory Usage (422336K) : recog_diode has 0 polygons
2026-07-14 10:43:52 -0400: Memory Usage (422336K) : recog_tsv has 0 polygons
2026-07-14 10:43:52 -0400: Memory Usage (422336K) : recog_iprobe has 0 polygons
2026-07-14 10:43:52 -0400: Memory Usage (422600K) : recog_diffprb has 0 polygons
2026-07-14 10:43:52 -0400: Memory Usage (422600K) : recog_pillar has 0 polygons
2026-07-14 10:43:52 -0400: Memory Usage (422600K) : recog_sbump has 0 polygons
2026-07-14 10:43:52 -0400: Memory Usage (422600K) : recog_otp has 0 polygons
2026-07-14 10:43:52 -0400: Memory Usage (422600K) : recog_pdiode has 0 polygons
2026-07-14 10:43:52 -0400: Memory Usage (422600K) : recog_mom has 0 polygons
2026-07-14 10:43:52 -0400: Memory Usage (422864K) : recog_pcm has 0 polygons
2026-07-14 10:43:52 -0400: Memory Usage (422864K) : colopen_drw has 0 polygons
2026-07-14 10:43:52 -0400: Memory Usage (422864K) : graphmetal1_drw has 0 polygons
2026-07-14 10:43:52 -0400: Memory Usage (422864K) : graphmetal1_filler has 0 polygons
2026-07-14 10:43:52 -0400: Memory Usage (422864K) : graphmetal1_nofill has 0 polygons
2026-07-14 10:43:52 -0400: Memory Usage (423128K) : graphmetal1_slit has 0 polygons
2026-07-14 10:43:52 -0400: Memory Usage (423128K) : graphmetal1_opc has 0 polygons
2026-07-14 10:43:52 -0400: Memory Usage (423128K) : graphmet1l_drw has 0 polygons
2026-07-14 10:43:52 -0400: Memory Usage (423128K) : graphmet1l_filler has 0 polygons
2026-07-14 10:43:52 -0400: Memory Usage (423128K) : graphmet1l_nofill has 0 polygons
2026-07-14 10:43:52 -0400: Memory Usage (423392K) : graphmet1l_slit has 0 polygons
2026-07-14 10:43:52 -0400: Memory Usage (423392K) : graphmet1l_opc has 0 polygons
2026-07-14 10:43:52 -0400: Memory Usage (423392K) : extblock_drw has 3 polygons
2026-07-14 10:43:52 -0400: Memory Usage (423392K) : nldd_drw has 0 polygons
2026-07-14 10:43:52 -0400: Memory Usage (423392K) : pldd_drw has 0 polygons
2026-07-14 10:43:52 -0400: Memory Usage (423656K) : next_drw has 0 polygons
2026-07-14 10:43:52 -0400: Memory Usage (423656K) : pext_drw has 0 polygons
2026-07-14 10:43:52 -0400: Memory Usage (423656K) : nexthv_drw has 0 polygons
2026-07-14 10:43:52 -0400: Memory Usage (423656K) : pexthv_drw has 0 polygons
2026-07-14 10:43:52 -0400: Memory Usage (423656K) : graphgate_drw has 0 polygons
2026-07-14 10:43:52 -0400: Memory Usage (423920K) : sinwg_drw has 0 polygons
2026-07-14 10:43:52 -0400: Memory Usage (423920K) : sinwg_filler has 0 polygons
2026-07-14 10:43:52 -0400: Memory Usage (423920K) : sinwg_nofill has 0 polygons
2026-07-14 10:43:52 -0400: Memory Usage (423920K) : mempad_drw has 0 polygons
2026-07-14 10:43:52 -0400: Memory Usage (423920K) : topvia1_drw has 2 polygons
2026-07-14 10:43:52 -0400: Memory Usage (424184K) : topmetal1_drw has 23 polygons
2026-07-14 10:43:52 -0400: Memory Usage (424184K) : topmetal1_pin has 1 polygons
2026-07-14 10:43:52 -0400: Memory Usage (424184K) : topmetal1_mask has 0 polygons
2026-07-14 10:43:52 -0400: Memory Usage (424184K) : topmetal1_filler has 0 polygons
2026-07-14 10:43:52 -0400: Memory Usage (424184K) : topmetal1_nofill has 0 polygons
2026-07-14 10:43:52 -0400: Memory Usage (424448K) : topmetal1_slit has 0 polygons
2026-07-14 10:43:52 -0400: Memory Usage (424448K) : topmetal1_text has 0 polygons
2026-07-14 10:43:52 -0400: Memory Usage (424448K) : topmetal1_noqrc has 0 polygons
2026-07-14 10:43:52 -0400: Memory Usage (424448K) : topmetal1_res has 0 polygons
2026-07-14 10:43:52 -0400: Memory Usage (424448K) : topmetal1_iprobe has 0 polygons
2026-07-14 10:43:52 -0400: Memory Usage (424712K) : topmetal1_diffprb has 0 polygons
2026-07-14 10:43:52 -0400: Memory Usage (424712K) : inldpwl_drw has 0 polygons
2026-07-14 10:43:52 -0400: Memory Usage (424712K) : polyres_drw has 1 polygons
2026-07-14 10:43:52 -0400: Memory Usage (424712K) : polyres_pin has 0 polygons
2026-07-14 10:43:52 -0400: Memory Usage (424712K) : vmim_drw has 25 polygons
2026-07-14 10:43:52 -0400: Memory Usage (424976K) : nbulaycut_drw has 0 polygons
2026-07-14 10:43:52 -0400: Memory Usage (424976K) : antmetal1_drw has 0 polygons
2026-07-14 10:43:52 -0400: Memory Usage (424976K) : topvia2_drw has 2 polygons
2026-07-14 10:43:52 -0400: Memory Usage (424976K) : topmetal2_drw has 14 polygons
2026-07-14 10:43:52 -0400: Memory Usage (424976K) : topmetal2_pin has 0 polygons
2026-07-14 10:43:52 -0400: Memory Usage (425240K) : topmetal2_mask has 0 polygons
2026-07-14 10:43:52 -0400: Memory Usage (425240K) : topmetal2_filler has 0 polygons
2026-07-14 10:43:52 -0400: Memory Usage (425240K) : topmetal2_nofill has 0 polygons
2026-07-14 10:43:52 -0400: Memory Usage (425240K) : topmetal2_slit has 0 polygons
2026-07-14 10:43:52 -0400: Memory Usage (425240K) : topmetal2_text has 0 polygons
2026-07-14 10:43:52 -0400: Memory Usage (425504K) : topmetal2_noqrc has 0 polygons
2026-07-14 10:43:52 -0400: Memory Usage (425504K) : topmetal2_res has 0 polygons
2026-07-14 10:43:52 -0400: Memory Usage (425504K) : topmetal2_iprobe has 0 polygons
2026-07-14 10:43:52 -0400: Memory Usage (425504K) : topmetal2_diffprb has 0 polygons
2026-07-14 10:43:52 -0400: Memory Usage (425504K) : snsring_drw has 0 polygons
2026-07-14 10:43:52 -0400: Memory Usage (425768K) : sensor_drw has 0 polygons
2026-07-14 10:43:52 -0400: Memory Usage (425768K) : snsarms_drw has 0 polygons
2026-07-14 10:43:52 -0400: Memory Usage (425768K) : snscmosvia_drw has 0 polygons
2026-07-14 10:43:52 -0400: Memory Usage (425768K) : colwind_drw has 0 polygons
2026-07-14 10:43:52 -0400: Memory Usage (425768K) : flm_drw has 0 polygons
2026-07-14 10:43:52 -0400: Memory Usage (425768K) : hafniumox_drw has 0 polygons
2026-07-14 10:43:52 -0400: Memory Usage (425768K) : memvia_drw has 0 polygons
2026-07-14 10:43:52 -0400: Memory Usage (425768K) : thinfilmres_drw has 0 polygons
2026-07-14 10:43:52 -0400: Memory Usage (425768K) : rfmem_drw has 0 polygons
2026-07-14 10:43:52 -0400: Memory Usage (425768K) : norcx_drw has 0 polygons
2026-07-14 10:43:52 -0400: Memory Usage (425768K) : norcx_m2m3 has 0 polygons
2026-07-14 10:43:52 -0400: Memory Usage (425768K) : norcx_m2m4 has 0 polygons
2026-07-14 10:43:52 -0400: Memory Usage (425768K) : norcx_m2m5 has 0 polygons
2026-07-14 10:43:52 -0400: Memory Usage (425768K) : norcx_m2tm1 has 0 polygons
2026-07-14 10:43:52 -0400: Memory Usage (425768K) : norcx_m2tm2 has 0 polygons
2026-07-14 10:43:52 -0400: Memory Usage (425768K) : norcx_m3m4 has 0 polygons
2026-07-14 10:43:52 -0400: Memory Usage (425768K) : norcx_m3m5 has 0 polygons
2026-07-14 10:43:52 -0400: Memory Usage (425768K) : norcx_m3tm1 has 0 polygons
2026-07-14 10:43:52 -0400: Memory Usage (425768K) : norcx_m3tm2 has 0 polygons
2026-07-14 10:43:52 -0400: Memory Usage (425768K) : norcx_m4m5 has 0 polygons
2026-07-14 10:43:52 -0400: Memory Usage (425768K) : norcx_m4tm1 has 0 polygons
2026-07-14 10:43:52 -0400: Memory Usage (425768K) : norcx_m4tm2 has 0 polygons
2026-07-14 10:43:52 -0400: Memory Usage (425768K) : norcx_m5tm1 has 0 polygons
2026-07-14 10:43:52 -0400: Memory Usage (425768K) : norcx_m5tm2 has 0 polygons
2026-07-14 10:43:52 -0400: Memory Usage (425768K) : norcx_tm1tm2 has 0 polygons
2026-07-14 10:43:52 -0400: Memory Usage (425768K) : norcx_m1sub has 0 polygons
2026-07-14 10:43:52 -0400: Memory Usage (425768K) : norcx_m2sub has 0 polygons
2026-07-14 10:43:52 -0400: Memory Usage (425768K) : norcx_m3sub has 0 polygons
2026-07-14 10:43:52 -0400: Memory Usage (425768K) : norcx_m4sub has 0 polygons
2026-07-14 10:43:52 -0400: Memory Usage (425768K) : norcx_m5sub has 0 polygons
2026-07-14 10:43:52 -0400: Memory Usage (425768K) : norcx_tm1sub has 0 polygons
2026-07-14 10:43:52 -0400: Memory Usage (425768K) : norcx_tm2sub has 0 polygons
2026-07-14 10:43:52 -0400: Memory Usage (425768K) : snsbotvia_drw has 0 polygons
2026-07-14 10:43:52 -0400: Memory Usage (425768K) : snstopvia_drw has 0 polygons
2026-07-14 10:43:52 -0400: Memory Usage (425768K) : deepvia_drw has 0 polygons
2026-07-14 10:43:52 -0400: Memory Usage (425768K) : fgetch_drw has 0 polygons
2026-07-14 10:43:52 -0400: Memory Usage (425768K) : ctrgat_drw has 0 polygons
2026-07-14 10:43:52 -0400: Memory Usage (425768K) : fgimp_drw has 0 polygons
2026-07-14 10:43:52 -0400: Memory Usage (425768K) : emwihv_drw has 0 polygons
2026-07-14 10:43:52 -0400: Memory Usage (425768K) : lbe_drw has 0 polygons
2026-07-14 10:43:52 -0400: Memory Usage (425768K) : alcustop_drw has 0 polygons
2026-07-14 10:43:52 -0400: Memory Usage (425768K) : nometfiller_drw has 0 polygons
2026-07-14 10:43:52 -0400: Memory Usage (425768K) : prboundary_drw has 0 polygons
2026-07-14 10:43:52 -0400: Memory Usage (425768K) : exchange0_drw has 0 polygons
2026-07-14 10:43:52 -0400: Memory Usage (425768K) : exchange0_pin has 0 polygons
2026-07-14 10:43:52 -0400: Memory Usage (425768K) : exchange0_text has 0 polygons
2026-07-14 10:43:52 -0400: Memory Usage (425768K) : exchange1_drw has 0 polygons
2026-07-14 10:43:52 -0400: Memory Usage (425768K) : exchange1_pin has 0 polygons
2026-07-14 10:43:52 -0400: Memory Usage (425768K) : exchange1_text has 0 polygons
2026-07-14 10:43:52 -0400: Memory Usage (425768K) : exchange2_drw has 0 polygons
2026-07-14 10:43:52 -0400: Memory Usage (425768K) : exchange2_pin has 0 polygons
2026-07-14 10:43:52 -0400: Memory Usage (425768K) : exchange2_text has 0 polygons
2026-07-14 10:43:52 -0400: Memory Usage (425768K) : exchange3_drw has 0 polygons
2026-07-14 10:43:52 -0400: Memory Usage (425768K) : exchange3_pin has 0 polygons
2026-07-14 10:43:52 -0400: Memory Usage (425768K) : exchange3_text has 0 polygons
2026-07-14 10:43:52 -0400: Memory Usage (425768K) : exchange4_drw has 0 polygons
2026-07-14 10:43:52 -0400: Memory Usage (425768K) : exchange4_pin has 0 polygons
2026-07-14 10:43:52 -0400: Memory Usage (425768K) : exchange4_text has 0 polygons
2026-07-14 10:43:52 -0400: Memory Usage (425768K) : isonwell_drw has 0 polygons
2026-07-14 10:43:52 -0400: Memory Usage (425768K) : Total no. of polygons in the design is 403
2026-07-14 10:43:52 -0400: Memory Usage (425768K) : Loaded TECH DRC rules values from /home/bthomas3/Videos/IHP-Open-PDK/ihp-sg13g2/libs.tech/klayout/tech/drc/rule_decks/sg13g2_tech_default.json
2026-07-14 10:43:52 -0400: Memory Usage (425768K) : Loaded default DRC rules values from /home/bthomas3/Videos/77GHz_phased_array/layout/rule_decks/sg13g2_tech_default.json
2026-07-14 10:43:52 -0400: Memory Usage (426748K) : Total area of the design is 105600.0 um^2.
2026-07-14 10:43:52 -0400: Memory Usage (426748K) : The design dimensions are 240.0 µm * 440.0 µm.
2026-07-14 10:43:52 -0400: Memory Usage (426748K) : Starting general IHP-SG13G2 derivations.
2026-07-14 10:43:52 -0400: Memory Usage (426748K) : Starting Pwell derivations
2026-07-14 10:43:52 -0400: Memory Usage (427808K) : Starting n-Activ derivations
2026-07-14 10:43:52 -0400: Memory Usage (427868K) : Starting p-Activ derivations
2026-07-14 10:43:52 -0400: Memory Usage (428708K) : Starting ptap derivations
2026-07-14 10:43:52 -0400: Memory Usage (428648K) : Starting ntap derivations
2026-07-14 10:43:52 -0400: Memory Usage (428584K) : Starting pact FET derivations
2026-07-14 10:43:52 -0400: Memory Usage (428516K) : Starting nact FET derivations
2026-07-14 10:43:52 -0400: Memory Usage (428452K) : Starting Gate derivations
2026-07-14 10:43:52 -0400: Memory Usage (428588K) : Starting cont/contbar general derivations
2026-07-14 10:43:52 -0400: Memory Usage (428524K) : Starting pad general derivations
2026-07-14 10:43:52 -0400: Memory Usage (428524K) : Starting schottky_nbl general derivations
2026-07-14 10:43:52 -0400: Memory Usage (428464K) : Starting SVaricap general derivations
2026-07-14 10:43:52 -0400: Memory Usage (429076K) : Starting HBT general derivations
2026-07-14 10:43:52 -0400: Memory Usage (429020K) : Starting IHP-SG13G2 DRC connectivity related derivations.
2026-07-14 10:43:52 -0400: Memory Usage (429100K) : Starting IHP-SG13G2 DRC connectivity setup
2026-07-14 10:43:52 -0400: Memory Usage (429100K) : Starting IHP-SG13G2 DRC rules.
2026-07-14 10:43:52 -0400: Memory Usage (429100K) : Running all FEOL rules
2026-07-14 10:43:52 -0400: Memory Usage (429100K) : Running all BEOL rules
2026-07-14 10:43:52 -0400: Memory Usage (429100K) : Running all PIN rules
2026-07-14 10:43:52 -0400: Memory Usage (429100K) : Running all FORBIDDEN rules
2026-07-14 10:43:52 -0400: Memory Usage (429100K) : Starting 5.1 NWell table
2026-07-14 10:43:52 -0400: Memory Usage (429100K) : Executing rule NW.b
2026-07-14 10:43:52 -0400: Memory Usage (429292K) : Executing rule NW.b1
2026-07-14 10:43:52 -0400: Memory Usage (430024K) : Executing rule NW.f1
2026-07-14 10:43:52 -0400: Memory Usage (430024K) : Executing rule NW.f1.digibnd
2026-07-14 10:43:52 -0400: Memory Usage (430024K) : Starting 5.2 PWell:block
2026-07-14 10:43:52 -0400: Memory Usage (430024K) : Executing rule PWB.e
2026-07-14 10:43:52 -0400: Memory Usage (429960K) : Executing rule PWB.e1
2026-07-14 10:43:52 -0400: Memory Usage (429900K) : Executing rule PWB.f
2026-07-14 10:43:52 -0400: Memory Usage (429832K) : Executing rule PWB.f1
2026-07-14 10:43:52 -0400: Memory Usage (429772K) : Starting 5.3 nBuLay table
2026-07-14 10:43:52 -0400: Memory Usage (429772K) : Executing rule NBL.b
2026-07-14 10:43:52 -0400: Memory Usage (429984K) : Executing rule NBL.c
2026-07-14 10:43:52 -0400: Memory Usage (429920K) : Executing rule NBL.d
2026-07-14 10:43:52 -0400: Memory Usage (429848K) : Executing rule NBL.e
2026-07-14 10:43:52 -0400: Memory Usage (429784K) : Executing rule NBL.f
2026-07-14 10:43:52 -0400: Memory Usage (430044K) : Starting 5.5. Activ table
2026-07-14 10:43:52 -0400: Memory Usage (430044K) : Executing rule Act.a
2026-07-14 10:43:52 -0400: Memory Usage (430044K) : Executing rule Act.b
2026-07-14 10:43:52 -0400: Memory Usage (429980K) : Starting 5.6 Activ:filler table
2026-07-14 10:43:52 -0400: Memory Usage (429980K) : Executing rule AFil.c1
2026-07-14 10:43:52 -0400: Memory Usage (429980K) : Executing rule AFil.c
2026-07-14 10:43:52 -0400: Memory Usage (429980K) : Executing rule AFil.d
2026-07-14 10:43:53 -0400: Memory Usage (429980K) : Executing rule AFil.e
2026-07-14 10:43:53 -0400: Memory Usage (429980K) : Executing rule AFil.j
2026-07-14 10:43:53 -0400: Memory Usage (429980K) : Starting 5.7. ThickGateOx table
2026-07-14 10:43:53 -0400: Memory Usage (429980K) : Executing rule TGO.f
2026-07-14 10:43:53 -0400: Memory Usage (429980K) : Starting 5.8. GatPoly table
2026-07-14 10:43:53 -0400: Memory Usage (429980K) : Executing rule Gat.a
2026-07-14 10:43:53 -0400: Memory Usage (429980K) : Executing rule Gat.b
2026-07-14 10:43:53 -0400: Memory Usage (429920K) : Executing rule Gat.d
2026-07-14 10:43:53 -0400: Memory Usage (430228K) : Executing rule Gat.a1
2026-07-14 10:43:53 -0400: Memory Usage (430228K) : Executing rule Gat.a2
2026-07-14 10:43:53 -0400: Memory Usage (430100K) : Executing rule Gat.g
2026-07-14 10:43:53 -0400: Memory Usage (430356K) : Starting 5.9 GatPoly:filler
2026-07-14 10:43:53 -0400: Memory Usage (430356K) : Executing rule GFil.d
2026-07-14 10:43:53 -0400: Memory Usage (430356K) : Executing rule GFil.e
2026-07-14 10:43:53 -0400: Memory Usage (430356K) : Executing rule GFil.i
2026-07-14 10:43:53 -0400: Memory Usage (430356K) : Starting 5.10 pSD table
2026-07-14 10:43:53 -0400: Memory Usage (430356K) : Executing rule pSD.c1
2026-07-14 10:43:53 -0400: Memory Usage (430168K) : Starting 5.14. Cont table
2026-07-14 10:43:53 -0400: Memory Usage (430368K) : Executing rule Cnt.a
2026-07-14 10:43:53 -0400: Memory Usage (430368K) : Executing rule Cnt.b
2026-07-14 10:43:53 -0400: Memory Usage (430308K) : Executing rule Cnt.c
2026-07-14 10:43:53 -0400: Memory Usage (430264K) : Executing rule Cnt.c.digibnd
2026-07-14 10:43:53 -0400: Memory Usage (430248K) : Executing rule Cnt.c.SRAM
2026-07-14 10:43:53 -0400: Memory Usage (430248K) : Executing rule Cnt.d
2026-07-14 10:43:53 -0400: Memory Usage (430184K) : Executing rule Cnt.e
2026-07-14 10:43:53 -0400: Memory Usage (430316K) : Executing rule Cnt.g1
2026-07-14 10:43:53 -0400: Memory Usage (430192K) : Executing rule Cnt.g2
2026-07-14 10:43:53 -0400: Memory Usage (430396K) : Starting 5.15. ContBar table
2026-07-14 10:43:53 -0400: Memory Usage (430396K) : Executing rule CntB.b1
2026-07-14 10:43:53 -0400: Memory Usage (430332K) : Executing rule CntB.h1
2026-07-14 10:43:53 -0400: Memory Usage (430268K) : Starting 6.1.3 NPN Substrate-Tie table
2026-07-14 10:43:53 -0400: Memory Usage (430268K) : Executing rule npn13G2.bR 
2026-07-14 10:43:53 -0400: Memory Usage (430204K) : Executing rule npn13G2L.cR 
2026-07-14 10:43:53 -0400: Memory Usage (430276K) : Executing rule npn13G2V.cR 
2026-07-14 10:43:53 -0400: Memory Usage (430276K) : Starting 6.7 Schottky diode table
2026-07-14 10:43:53 -0400: Memory Usage (430276K) : Executing rule Sdiod.b
2026-07-14 10:43:53 -0400: Memory Usage (430276K) : Executing rule Sdiod.c
2026-07-14 10:43:53 -0400: Memory Usage (430276K) : Executing rule Sdiod.d
2026-07-14 10:43:53 -0400: Memory Usage (430276K) : Executing rule Sdiod.e
2026-07-14 10:43:53 -0400: Memory Usage (430276K) : Starting 7.2 Latch-up table
2026-07-14 10:43:53 -0400: Memory Usage (430276K) : Executing rule LU.b
2026-07-14 10:43:53 -0400: Memory Usage (430208K) : Starting 5.16. Metal1 table
2026-07-14 10:43:53 -0400: Memory Usage (430208K) : Executing rule M1.a
2026-07-14 10:43:53 -0400: Memory Usage (430208K) : Executing rule M1.b
2026-07-14 10:43:53 -0400: Memory Usage (430412K) : Executing rule M1.e
2026-07-14 10:43:53 -0400: Memory Usage (430340K) : Executing rule M1.f
2026-07-14 10:43:53 -0400: Memory Usage (430340K) : Executing rule M1.g
2026-07-14 10:43:53 -0400: Memory Usage (430276K) : Executing rule M1.i
2026-07-14 10:43:53 -0400: Memory Usage (430212K) : Starting 5.17 Metaln table
2026-07-14 10:43:53 -0400: Memory Usage (430212K) : Executing rule M2.a
2026-07-14 10:43:53 -0400: Memory Usage (430212K) : Executing rule M2.b
2026-07-14 10:43:53 -0400: Memory Usage (430412K) : Executing rule M2.e
2026-07-14 10:43:53 -0400: Memory Usage (430344K) : Executing rule M2.f
2026-07-14 10:43:53 -0400: Memory Usage (430344K) : Executing rule M2.g
2026-07-14 10:43:53 -0400: Memory Usage (430280K) : Executing rule M2.i
2026-07-14 10:43:53 -0400: Memory Usage (430224K) : Executing rule M3.a
2026-07-14 10:43:53 -0400: Memory Usage (430224K) : Executing rule M3.b
2026-07-14 10:43:53 -0400: Memory Usage (430420K) : Executing rule M3.e
2026-07-14 10:43:53 -0400: Memory Usage (430356K) : Executing rule M3.f
2026-07-14 10:43:53 -0400: Memory Usage (430356K) : Executing rule M3.g
2026-07-14 10:43:53 -0400: Memory Usage (430292K) : Executing rule M3.i
2026-07-14 10:43:53 -0400: Memory Usage (430228K) : Executing rule M4.a
2026-07-14 10:43:53 -0400: Memory Usage (430228K) : Executing rule M4.b
2026-07-14 10:43:53 -0400: Memory Usage (430428K) : Executing rule M4.e
2026-07-14 10:43:53 -0400: Memory Usage (430364K) : Executing rule M4.f
2026-07-14 10:43:53 -0400: Memory Usage (430364K) : Executing rule M4.g
2026-07-14 10:43:53 -0400: Memory Usage (430300K) : Executing rule M4.i
2026-07-14 10:43:53 -0400: Memory Usage (430236K) : Executing rule M5.a
2026-07-14 10:43:53 -0400: Memory Usage (430236K) : Executing rule M5.b
2026-07-14 10:43:53 -0400: Memory Usage (430436K) : Executing rule M5.e
2026-07-14 10:43:53 -0400: Memory Usage (430372K) : Executing rule M5.f
2026-07-14 10:43:53 -0400: Memory Usage (430372K) : Executing rule M5.g
2026-07-14 10:43:53 -0400: Memory Usage (430308K) : Executing rule M5.i
2026-07-14 10:43:53 -0400: Memory Usage (430248K) : Starting 5.18 Metaln:filler table
2026-07-14 10:43:53 -0400: Memory Usage (430248K) : Executing rule M1Fil.c
2026-07-14 10:43:53 -0400: Memory Usage (430248K) : Executing rule M1Fil.a2
2026-07-14 10:43:53 -0400: Memory Usage (430248K) : Executing rule M2Fil.c
2026-07-14 10:43:53 -0400: Memory Usage (430248K) : Executing rule M2Fil.a2
2026-07-14 10:43:53 -0400: Memory Usage (430248K) : Executing rule M3Fil.c
2026-07-14 10:43:53 -0400: Memory Usage (430248K) : Executing rule M3Fil.a2
2026-07-14 10:43:53 -0400: Memory Usage (430248K) : Executing rule M4Fil.c
2026-07-14 10:43:53 -0400: Memory Usage (430248K) : Executing rule M4Fil.a2
2026-07-14 10:43:53 -0400: Memory Usage (430248K) : Executing rule M5Fil.c
2026-07-14 10:43:53 -0400: Memory Usage (430248K) : Executing rule M5Fil.a2
2026-07-14 10:43:53 -0400: Memory Usage (430248K) : Starting 5.19. Via1 table
2026-07-14 10:43:53 -0400: Memory Usage (430248K) : Starting 5.19. Via1 table derivations
2026-07-14 10:43:53 -0400: Memory Usage (430248K) : Executing rule V1.a
2026-07-14 10:43:53 -0400: Memory Usage (430180K) : Executing rule V1.b
2026-07-14 10:43:53 -0400: Memory Usage (430392K) : Executing rule V1.c
2026-07-14 10:43:53 -0400: Memory Usage (430328K) : Starting 5.20. Vian table
2026-07-14 10:43:53 -0400: Memory Usage (430328K) : Executing rule V2.a
2026-07-14 10:43:53 -0400: Memory Usage (430328K) : Executing rule V2.b
2026-07-14 10:43:53 -0400: Memory Usage (430260K) : Executing rule V2.c
2026-07-14 10:43:53 -0400: Memory Usage (430200K) : Executing rule V3.a
2026-07-14 10:43:53 -0400: Memory Usage (430192K) : Executing rule V3.b
2026-07-14 10:43:53 -0400: Memory Usage (430392K) : Executing rule V3.c
2026-07-14 10:43:53 -0400: Memory Usage (430328K) : Executing rule V4.a
2026-07-14 10:43:53 -0400: Memory Usage (430328K) : Executing rule V4.b
2026-07-14 10:43:53 -0400: Memory Usage (430264K) : Executing rule V4.c
2026-07-14 10:43:53 -0400: Memory Usage (430200K) : Starting 5.21. TopVia1 table
2026-07-14 10:43:53 -0400: Memory Usage (430200K) : Executing rule TV1.a
2026-07-14 10:43:53 -0400: Memory Usage (430200K) : Executing rule TV1.b
2026-07-14 10:43:53 -0400: Memory Usage (430400K) : Executing rule TV1.c
2026-07-14 10:43:53 -0400: Memory Usage (430340K) : Executing rule TV1.d
2026-07-14 10:43:53 -0400: Memory Usage (430276K) : Starting 5.22. TopMetal1 table
2026-07-14 10:43:53 -0400: Memory Usage (430276K) : Executing rule TM1.a
2026-07-14 10:43:53 -0400: Memory Usage (430276K) : Executing rule TM1.b
2026-07-14 10:43:53 -0400: Memory Usage (430220K) : Starting 5.23 TopMetal1:filler table
2026-07-14 10:43:53 -0400: Memory Usage (430220K) : Executing rule TM1Fil.c
2026-07-14 10:43:53 -0400: Memory Usage (430220K) : Executing rule TM1Fil.a1
2026-07-14 10:43:53 -0400: Memory Usage (430220K) : Starting 5.24. TopVia2 table
2026-07-14 10:43:53 -0400: Memory Usage (430220K) : Executing rule TV2.a
2026-07-14 10:43:53 -0400: Memory Usage (430220K) : Executing rule TV2.b
2026-07-14 10:43:53 -0400: Memory Usage (430416K) : Executing rule TV2.c
2026-07-14 10:43:53 -0400: Memory Usage (430356K) : Executing rule TV2.d
2026-07-14 10:43:53 -0400: Memory Usage (430300K) : Starting 5.25. TopMetal2 table
2026-07-14 10:43:53 -0400: Memory Usage (430300K) : Executing rule TM2.a
2026-07-14 10:43:53 -0400: Memory Usage (430300K) : Executing rule TM2.b
2026-07-14 10:43:53 -0400: Memory Usage (430236K) : Executing rule TM2.bR
2026-07-14 10:43:53 -0400: Memory Usage (430424K) : Starting 5.26 TopMetal2:filler table
2026-07-14 10:43:53 -0400: Memory Usage (430424K) : Executing rule TM2Fil.c
2026-07-14 10:43:53 -0400: Memory Usage (430424K) : Executing rule TM2Fil.a1
2026-07-14 10:43:53 -0400: Memory Usage (430424K) : Starting 5.27. Passiv table
2026-07-14 10:43:53 -0400: Memory Usage (430424K) : Executing rule Pas.a
2026-07-14 10:43:53 -0400: Memory Usage (430424K) : Executing rule Pas.b
2026-07-14 10:43:53 -0400: Memory Usage (430424K) : Executing rule Pas.c
2026-07-14 10:43:53 -0400: Memory Usage (430424K) : Starting 6.9.2 Copper Pillar table
2026-07-14 10:43:53 -0400: Memory Usage (430424K) : Executing rule Padc.a
2026-07-14 10:43:53 -0400: Memory Usage (430424K) : Executing rule Padc.b
2026-07-14 10:43:53 -0400: Memory Usage (430424K) : Executing rule Padc.c
2026-07-14 10:43:53 -0400: Memory Usage (430424K) : Executing rule Padb.f
2026-07-14 10:43:53 -0400: Memory Usage (430424K) : Starting 6.9 Pad table
2026-07-14 10:43:53 -0400: Memory Usage (430424K) : Executing rule Pad.m
2026-07-14 10:43:53 -0400: Memory Usage (430424K) : Executing rule Pad.fR_M1
2026-07-14 10:43:53 -0400: Memory Usage (430424K) : Executing rule Pad.fR_M2
2026-07-14 10:43:53 -0400: Memory Usage (430424K) : Executing rule Pad.fR_M3
2026-07-14 10:43:53 -0400: Memory Usage (430424K) : Executing rule Pad.fR_M4
2026-07-14 10:43:53 -0400: Memory Usage (430424K) : Executing rule Pad.fR_M5
2026-07-14 10:43:53 -0400: Memory Usage (430424K) : Executing rule Pad.fR_TM1
2026-07-14 10:43:53 -0400: Memory Usage (430424K) : Executing rule Pad.fR_TM2
2026-07-14 10:43:53 -0400: Memory Usage (430424K) : Executing rule Pad.i
2026-07-14 10:43:53 -0400: Memory Usage (430424K) : Starting 6.9.1 Solder Bump
2026-07-14 10:43:53 -0400: Memory Usage (430424K) : Executing rule Padb.a
2026-07-14 10:43:53 -0400: Memory Usage (430424K) : Executing rule Padb.b
2026-07-14 10:43:53 -0400: Memory Usage (430424K) : Executing rule Padb.c
2026-07-14 10:43:53 -0400: Memory Usage (430424K) : Executing rule Padb.f
2026-07-14 10:43:53 -0400: Memory Usage (430424K) : Executing rule Padb.d
2026-07-14 10:43:53 -0400: Memory Usage (430424K) : Starting 6.10 Sealring table
2026-07-14 10:43:53 -0400: Memory Usage (430424K) : Executing rule Seal.l
2026-07-14 10:43:53 -0400: Memory Usage (430424K) : Executing rule Seal.n
2026-07-14 10:43:53 -0400: Memory Usage (430424K) : Executing rule seal.b_metal1
2026-07-14 10:43:53 -0400: Memory Usage (430424K) : Executing rule seal.b_metal2
2026-07-14 10:43:53 -0400: Memory Usage (430424K) : Executing rule seal.b_metal3
2026-07-14 10:43:53 -0400: Memory Usage (430424K) : Executing rule seal.b_metal4
2026-07-14 10:43:53 -0400: Memory Usage (430424K) : Executing rule seal.b_metal5
2026-07-14 10:43:53 -0400: Memory Usage (430424K) : Executing rule seal.b_topmetal1
2026-07-14 10:43:53 -0400: Memory Usage (430424K) : Executing rule seal.b_topmetal2
2026-07-14 10:43:53 -0400: Memory Usage (430424K) : Executing rule seal.b_activ
2026-07-14 10:43:53 -0400: Memory Usage (430424K) : Executing rule seal.b_psd
2026-07-14 10:43:53 -0400: Memory Usage (430424K) : Executing rule Seal.k
2026-07-14 10:43:53 -0400: Memory Usage (430424K) : Executing rule Seal.m
2026-07-14 10:43:53 -0400: Memory Usage (430424K) : Starting 6.11 MIM table
2026-07-14 10:43:53 -0400: Memory Usage (430424K) : Executing rule MIM.c
2026-07-14 10:43:53 -0400: Memory Usage (430300K) : Executing rule MIM.d
2026-07-14 10:43:53 -0400: Memory Usage (430240K) : Executing rule MIM.gR
2026-07-14 10:43:53 -0400: Memory Usage (430240K) : Starting 7.3 Metal Slits table
2026-07-14 10:43:53 -0400: Memory Usage (430240K) : Executing rule Slt.e1_M1
2026-07-14 10:43:53 -0400: Memory Usage (430240K) : Executing rule Slt.e1_M2
2026-07-14 10:43:53 -0400: Memory Usage (430240K) : Executing rule Slt.e1_M3
2026-07-14 10:43:53 -0400: Memory Usage (430240K) : Executing rule Slt.e1_M4
2026-07-14 10:43:53 -0400: Memory Usage (430240K) : Executing rule Slt.e1_M5
2026-07-14 10:43:53 -0400: Memory Usage (430240K) : Executing rule Slt.e1_TM1
2026-07-14 10:43:53 -0400: Memory Usage (430240K) : Executing rule Slt.e1_TM2
2026-07-14 10:43:53 -0400: Memory Usage (430240K) : Starting 9.1. LBE table
2026-07-14 10:43:53 -0400: Memory Usage (430240K) : Executing rule LBE.a
2026-07-14 10:43:53 -0400: Memory Usage (430240K) : Executing rule LBE.b
2026-07-14 10:43:53 -0400: Memory Usage (430240K) : Executing rule LBE.b1
2026-07-14 10:43:53 -0400: Memory Usage (430240K) : Executing rule LBE.c
2026-07-14 10:43:53 -0400: Memory Usage (430240K) : Executing rule LBE.d
2026-07-14 10:43:53 -0400: Memory Usage (430240K) : Executing rule LBE.h
2026-07-14 10:43:53 -0400: Memory Usage (430240K) : Starting 7.4. PIN table
2026-07-14 10:43:53 -0400: Memory Usage (430240K) : Executing rule Pin.a
2026-07-14 10:43:53 -0400: Memory Usage (430240K) : Executing rule Pin.b
2026-07-14 10:43:53 -0400: Memory Usage (430240K) : Executing rule Pin.e
2026-07-14 10:43:53 -0400: Memory Usage (430240K) : Executing rule Pin.f_M2
2026-07-14 10:43:53 -0400: Memory Usage (430240K) : Executing rule Pin.f_M3
2026-07-14 10:43:53 -0400: Memory Usage (430240K) : Executing rule Pin.f_M4
2026-07-14 10:43:53 -0400: Memory Usage (430240K) : Executing rule Pin.f_M5
2026-07-14 10:43:53 -0400: Memory Usage (430240K) : Executing rule Pin.g
2026-07-14 10:43:53 -0400: Memory Usage (430240K) : Executing rule Pin.h
2026-07-14 10:43:53 -0400: Memory Usage (430240K) : Starting 3.1. offgrid table
2026-07-14 10:43:53 -0400: Memory Usage (430240K) : Executing rule activ_drw_Offgrid
2026-07-14 10:43:53 -0400: Memory Usage (430240K) : Executing rule activ_pin_Offgrid
2026-07-14 10:43:54 -0400: Memory Usage (430764K) : Executing rule activ_mask_Offgrid
2026-07-14 10:43:54 -0400: Memory Usage (431292K) : Executing rule activ_filler_Offgrid
2026-07-14 10:43:54 -0400: Memory Usage (431556K) : Executing rule activ_nofill_Offgrid
2026-07-14 10:43:54 -0400: Memory Usage (432084K) : Executing rule activ_opc_Offgrid
2026-07-14 10:43:54 -0400: Memory Usage (432612K) : Executing rule activ_iopc_Offgrid
2026-07-14 10:43:54 -0400: Memory Usage (432876K) : Executing rule activ_noqrc_Offgrid
2026-07-14 10:43:54 -0400: Memory Usage (433404K) : Executing rule biwind_drw_Offgrid
2026-07-14 10:43:54 -0400: Memory Usage (433932K) : Executing rule biwind_opc_Offgrid
2026-07-14 10:43:54 -0400: Memory Usage (434196K) : Executing rule pemwind_drw_Offgrid
2026-07-14 10:43:54 -0400: Memory Usage (434724K) : Executing rule gatpoly_drw_Offgrid
2026-07-14 10:43:54 -0400: Memory Usage (435252K) : Executing rule gatpoly_pin_Offgrid
2026-07-14 10:43:54 -0400: Memory Usage (435780K) : Executing rule gatpoly_filler_Offgrid
2026-07-14 10:43:54 -0400: Memory Usage (436044K) : Executing rule gatpoly_nofill_Offgrid
2026-07-14 10:43:54 -0400: Memory Usage (436572K) : Executing rule gatpoly_opc_Offgrid
2026-07-14 10:43:54 -0400: Memory Usage (437100K) : Executing rule gatpoly_iopc_Offgrid
2026-07-14 10:43:54 -0400: Memory Usage (437100K) : Executing rule gatpoly_noqrc_Offgrid
2026-07-14 10:43:54 -0400: Memory Usage (437100K) : Executing rule cont_drw_Offgrid
2026-07-14 10:43:54 -0400: Memory Usage (437100K) : Executing rule cont_opc_Offgrid
2026-07-14 10:43:54 -0400: Memory Usage (437100K) : Executing rule nsd_drw_Offgrid
2026-07-14 10:43:54 -0400: Memory Usage (437100K) : Executing rule nsd_block_Offgrid
2026-07-14 10:43:54 -0400: Memory Usage (437100K) : Executing rule metal1_drw_Offgrid
2026-07-14 10:43:54 -0400: Memory Usage (437100K) : Executing rule metal1_pin_Offgrid
2026-07-14 10:43:54 -0400: Memory Usage (437100K) : Executing rule metal1_mask_Offgrid
2026-07-14 10:43:54 -0400: Memory Usage (437100K) : Executing rule metal1_filler_Offgrid
2026-07-14 10:43:54 -0400: Memory Usage (437100K) : Executing rule metal1_nofill_Offgrid
2026-07-14 10:43:54 -0400: Memory Usage (437100K) : Executing rule metal1_slit_Offgrid
2026-07-14 10:43:54 -0400: Memory Usage (437100K) : Executing rule metal1_opc_Offgrid
2026-07-14 10:43:54 -0400: Memory Usage (437100K) : Executing rule metal1_noqrc_Offgrid
2026-07-14 10:43:54 -0400: Memory Usage (437100K) : Executing rule metal1_res_Offgrid
2026-07-14 10:43:54 -0400: Memory Usage (437100K) : Executing rule metal1_iprobe_Offgrid
2026-07-14 10:43:54 -0400: Memory Usage (437100K) : Executing rule metal1_diffprb_Offgrid
2026-07-14 10:43:54 -0400: Memory Usage (437100K) : Executing rule passiv_drw_Offgrid
2026-07-14 10:43:54 -0400: Memory Usage (437100K) : Executing rule passiv_pin_Offgrid
2026-07-14 10:43:54 -0400: Memory Usage (437100K) : Executing rule passiv_pillar_Offgrid
2026-07-14 10:43:54 -0400: Memory Usage (437100K) : Executing rule passiv_sbump_Offgrid
2026-07-14 10:43:54 -0400: Memory Usage (437100K) : Executing rule passiv_pdl_Offgrid
2026-07-14 10:43:54 -0400: Memory Usage (437100K) : Executing rule metal2_drw_Offgrid
2026-07-14 10:43:54 -0400: Memory Usage (437100K) : Executing rule metal2_pin_Offgrid
2026-07-14 10:43:54 -0400: Memory Usage (437100K) : Executing rule metal2_mask_Offgrid
2026-07-14 10:43:54 -0400: Memory Usage (437100K) : Executing rule metal2_filler_Offgrid
2026-07-14 10:43:54 -0400: Memory Usage (437100K) : Executing rule metal2_nofill_Offgrid
2026-07-14 10:43:54 -0400: Memory Usage (437100K) : Executing rule metal2_slit_Offgrid
2026-07-14 10:43:54 -0400: Memory Usage (437100K) : Executing rule metal2_opc_Offgrid
2026-07-14 10:43:54 -0400: Memory Usage (437100K) : Executing rule metal2_noqrc_Offgrid
2026-07-14 10:43:54 -0400: Memory Usage (437100K) : Executing rule metal2_res_Offgrid
2026-07-14 10:43:54 -0400: Memory Usage (437100K) : Executing rule metal2_iprobe_Offgrid
2026-07-14 10:43:54 -0400: Memory Usage (437100K) : Executing rule metal2_diffprb_Offgrid
2026-07-14 10:43:54 -0400: Memory Usage (437100K) : Executing rule baspoly_drw_Offgrid
2026-07-14 10:43:54 -0400: Memory Usage (437100K) : Executing rule baspoly_pin_Offgrid
2026-07-14 10:43:54 -0400: Memory Usage (437100K) : Executing rule psd_drw_Offgrid
2026-07-14 10:43:54 -0400: Memory Usage (437100K) : Executing rule nldb_drw_Offgrid
2026-07-14 10:43:54 -0400: Memory Usage (437100K) : Executing rule via1_drw_Offgrid
2026-07-14 10:43:54 -0400: Memory Usage (437100K) : Executing rule backmetal1_drw_Offgrid
2026-07-14 10:43:54 -0400: Memory Usage (437100K) : Executing rule backmetal1_pin_Offgrid
2026-07-14 10:43:54 -0400: Memory Usage (437100K) : Executing rule backmetal1_mask_Offgrid
2026-07-14 10:43:54 -0400: Memory Usage (437100K) : Executing rule backmetal1_filler_Offgrid
2026-07-14 10:43:54 -0400: Memory Usage (437100K) : Executing rule backmetal1_nofill_Offgrid
2026-07-14 10:43:54 -0400: Memory Usage (437100K) : Executing rule backmetal1_slit_Offgrid
2026-07-14 10:43:54 -0400: Memory Usage (437100K) : Executing rule backmetal1_opc_Offgrid
2026-07-14 10:43:54 -0400: Memory Usage (437100K) : Executing rule backmetal1_noqrc_Offgrid
2026-07-14 10:43:54 -0400: Memory Usage (437100K) : Executing rule backmetal1_res_Offgrid
2026-07-14 10:43:54 -0400: Memory Usage (437100K) : Executing rule backmetal1_iprobe_Offgrid
2026-07-14 10:43:54 -0400: Memory Usage (437364K) : Executing rule backmetal1_diffprb_Offgrid
2026-07-14 10:43:54 -0400: Memory Usage (437892K) : Executing rule backpassiv_drw_Offgrid
2026-07-14 10:43:54 -0400: Memory Usage (438156K) : Executing rule salblock_drw_Offgrid
2026-07-14 10:43:54 -0400: Memory Usage (438684K) : Executing rule via2_drw_Offgrid
2026-07-14 10:43:54 -0400: Memory Usage (439212K) : Executing rule metal3_drw_Offgrid
2026-07-14 10:43:54 -0400: Memory Usage (439476K) : Executing rule metal3_pin_Offgrid
2026-07-14 10:43:54 -0400: Memory Usage (440004K) : Executing rule metal3_mask_Offgrid
2026-07-14 10:43:54 -0400: Memory Usage (440532K) : Executing rule metal3_filler_Offgrid
2026-07-14 10:43:54 -0400: Memory Usage (440796K) : Executing rule metal3_nofill_Offgrid
2026-07-14 10:43:54 -0400: Memory Usage (441324K) : Executing rule metal3_slit_Offgrid
2026-07-14 10:43:54 -0400: Memory Usage (441852K) : Executing rule metal3_opc_Offgrid
2026-07-14 10:43:54 -0400: Memory Usage (442380K) : Executing rule metal3_noqrc_Offgrid
2026-07-14 10:43:54 -0400: Memory Usage (442644K) : Executing rule metal3_res_Offgrid
2026-07-14 10:43:54 -0400: Memory Usage (443172K) : Executing rule metal3_iprobe_Offgrid
2026-07-14 10:43:54 -0400: Memory Usage (443700K) : Executing rule metal3_diffprb_Offgrid
2026-07-14 10:43:54 -0400: Memory Usage (443964K) : Executing rule nwell_drw_Offgrid
2026-07-14 10:43:54 -0400: Memory Usage (444492K) : Executing rule nwell_pin_Offgrid
2026-07-14 10:43:54 -0400: Memory Usage (444492K) : Executing rule nbulay_drw_Offgrid
2026-07-14 10:43:54 -0400: Memory Usage (444492K) : Executing rule nbulay_pin_Offgrid
2026-07-14 10:43:54 -0400: Memory Usage (444492K) : Executing rule nbulay_block_Offgrid
2026-07-14 10:43:54 -0400: Memory Usage (444492K) : Executing rule pwell_drw_Offgrid
2026-07-14 10:43:54 -0400: Memory Usage (444492K) : Executing rule pwell_pin_Offgrid
2026-07-14 10:43:54 -0400: Memory Usage (444492K) : Executing rule pwell_block_Offgrid
2026-07-14 10:43:54 -0400: Memory Usage (444492K) : Executing rule emwind_drw_Offgrid
2026-07-14 10:43:54 -0400: Memory Usage (444492K) : Executing rule emwind_opc_Offgrid
2026-07-14 10:43:54 -0400: Memory Usage (444492K) : Executing rule deepco_drw_Offgrid
2026-07-14 10:43:54 -0400: Memory Usage (444492K) : Executing rule mim_drw_Offgrid
2026-07-14 10:43:54 -0400: Memory Usage (444492K) : Executing rule substrate_drw_Offgrid
2026-07-14 10:43:54 -0400: Memory Usage (444492K) : Executing rule ic_drw_Offgrid
2026-07-14 10:43:54 -0400: Memory Usage (444492K) : Executing rule via3_drw_Offgrid
2026-07-14 10:43:54 -0400: Memory Usage (444492K) : Executing rule pldb_drw_Offgrid
2026-07-14 10:43:54 -0400: Memory Usage (444492K) : Executing rule metal4_drw_Offgrid
2026-07-14 10:43:54 -0400: Memory Usage (444492K) : Executing rule metal4_pin_Offgrid
2026-07-14 10:43:54 -0400: Memory Usage (444492K) : Executing rule metal4_mask_Offgrid
2026-07-14 10:43:54 -0400: Memory Usage (444492K) : Executing rule metal4_filler_Offgrid
2026-07-14 10:43:54 -0400: Memory Usage (444492K) : Executing rule metal4_nofill_Offgrid
2026-07-14 10:43:54 -0400: Memory Usage (444492K) : Executing rule metal4_slit_Offgrid
2026-07-14 10:43:54 -0400: Memory Usage (444492K) : Executing rule metal4_opc_Offgrid
2026-07-14 10:43:54 -0400: Memory Usage (444492K) : Executing rule metal4_noqrc_Offgrid
2026-07-14 10:43:54 -0400: Memory Usage (444492K) : Executing rule metal4_res_Offgrid
2026-07-14 10:43:54 -0400: Memory Usage (444492K) : Executing rule metal4_iprobe_Offgrid
2026-07-14 10:43:54 -0400: Memory Usage (444492K) : Executing rule metal4_diffprb_Offgrid
2026-07-14 10:43:54 -0400: Memory Usage (444492K) : Executing rule via4_drw_Offgrid
2026-07-14 10:43:54 -0400: Memory Usage (444492K) : Executing rule metal5_drw_Offgrid
2026-07-14 10:43:54 -0400: Memory Usage (444492K) : Executing rule metal5_pin_Offgrid
2026-07-14 10:43:54 -0400: Memory Usage (444492K) : Executing rule metal5_mask_Offgrid
2026-07-14 10:43:54 -0400: Memory Usage (444492K) : Executing rule metal5_filler_Offgrid
2026-07-14 10:43:54 -0400: Memory Usage (444492K) : Executing rule metal5_nofill_Offgrid
2026-07-14 10:43:54 -0400: Memory Usage (444492K) : Executing rule metal5_slit_Offgrid
2026-07-14 10:43:54 -0400: Memory Usage (444492K) : Executing rule metal5_opc_Offgrid
2026-07-14 10:43:54 -0400: Memory Usage (444492K) : Executing rule metal5_noqrc_Offgrid
2026-07-14 10:43:54 -0400: Memory Usage (444492K) : Executing rule metal5_res_Offgrid
2026-07-14 10:43:54 -0400: Memory Usage (444492K) : Executing rule metal5_iprobe_Offgrid
2026-07-14 10:43:54 -0400: Memory Usage (444492K) : Executing rule metal5_diffprb_Offgrid
2026-07-14 10:43:54 -0400: Memory Usage (444492K) : Executing rule prboundary_drw_Offgrid
2026-07-14 10:43:54 -0400: Memory Usage (444492K) : Executing rule exchange0_drw_Offgrid
2026-07-14 10:43:54 -0400: Memory Usage (444492K) : Executing rule exchange0_pin_Offgrid
2026-07-14 10:43:54 -0400: Memory Usage (444492K) : Executing rule exchange1_drw_Offgrid
2026-07-14 10:43:55 -0400: Memory Usage (444492K) : Executing rule exchange1_pin_Offgrid
2026-07-14 10:43:55 -0400: Memory Usage (444492K) : Executing rule exchange2_drw_Offgrid
2026-07-14 10:43:55 -0400: Memory Usage (444492K) : Executing rule exchange2_pin_Offgrid
2026-07-14 10:43:55 -0400: Memory Usage (444492K) : Executing rule exchange3_drw_Offgrid
2026-07-14 10:43:55 -0400: Memory Usage (444492K) : Executing rule exchange3_pin_Offgrid
2026-07-14 10:43:55 -0400: Memory Usage (444492K) : Executing rule exchange4_drw_Offgrid
2026-07-14 10:43:55 -0400: Memory Usage (444492K) : Executing rule exchange4_pin_Offgrid
2026-07-14 10:43:55 -0400: Memory Usage (444492K) : Executing rule isonwell_drw_Offgrid
2026-07-14 10:43:55 -0400: Memory Usage (444492K) : Executing rule thickgateox_drw_Offgrid
2026-07-14 10:43:55 -0400: Memory Usage (444492K) : Executing rule pempoly_drw_Offgrid
2026-07-14 10:43:55 -0400: Memory Usage (444492K) : Executing rule fbe_drw_Offgrid
2026-07-14 10:43:55 -0400: Memory Usage (444492K) : Executing rule empoly_drw_Offgrid
2026-07-14 10:43:55 -0400: Memory Usage (444492K) : Executing rule ldmos_drw_Offgrid
2026-07-14 10:43:55 -0400: Memory Usage (444492K) : Executing rule pbiwind_drw_Offgrid
2026-07-14 10:43:55 -0400: Memory Usage (444492K) : Executing rule colopen_drw_Offgrid
2026-07-14 10:43:55 -0400: Memory Usage (444492K) : Executing rule extblock_drw_Offgrid
2026-07-14 10:43:55 -0400: Memory Usage (444492K) : Executing rule nldd_drw_Offgrid
2026-07-14 10:43:55 -0400: Memory Usage (444492K) : Executing rule pldd_drw_Offgrid
2026-07-14 10:43:55 -0400: Memory Usage (444492K) : Executing rule next_drw_Offgrid
2026-07-14 10:43:55 -0400: Memory Usage (444492K) : Executing rule pext_drw_Offgrid
2026-07-14 10:43:55 -0400: Memory Usage (444492K) : Executing rule nexthv_drw_Offgrid
2026-07-14 10:43:55 -0400: Memory Usage (444756K) : Executing rule pexthv_drw_Offgrid
2026-07-14 10:43:55 -0400: Memory Usage (445284K) : Executing rule graphgate_drw_Offgrid
2026-07-14 10:43:55 -0400: Memory Usage (445812K) : Executing rule mempad_drw_Offgrid
2026-07-14 10:43:55 -0400: Memory Usage (446340K) : Executing rule topvia1_drw_Offgrid
2026-07-14 10:43:55 -0400: Memory Usage (446604K) : Executing rule topmetal1_drw_Offgrid
2026-07-14 10:43:55 -0400: Memory Usage (447132K) : Executing rule topmetal1_pin_Offgrid
2026-07-14 10:43:55 -0400: Memory Usage (447396K) : Executing rule topmetal1_mask_Offgrid
2026-07-14 10:43:55 -0400: Memory Usage (447396K) : Executing rule topmetal1_filler_Offgrid
2026-07-14 10:43:55 -0400: Memory Usage (447396K) : Executing rule topmetal1_nofill_Offgrid
2026-07-14 10:43:55 -0400: Memory Usage (447396K) : Executing rule topmetal1_slit_Offgrid
2026-07-14 10:43:55 -0400: Memory Usage (447396K) : Executing rule topmetal1_noqrc_Offgrid
2026-07-14 10:43:55 -0400: Memory Usage (447396K) : Executing rule topmetal1_res_Offgrid
2026-07-14 10:43:55 -0400: Memory Usage (447396K) : Executing rule topmetal1_iprobe_Offgrid
2026-07-14 10:43:55 -0400: Memory Usage (447396K) : Executing rule topmetal1_diffprb_Offgrid
2026-07-14 10:43:55 -0400: Memory Usage (447396K) : Executing rule inldpwl_drw_Offgrid
2026-07-14 10:43:55 -0400: Memory Usage (447396K) : Executing rule polyres_drw_Offgrid
2026-07-14 10:43:55 -0400: Memory Usage (447396K) : Executing rule polyres_pin_Offgrid
2026-07-14 10:43:55 -0400: Memory Usage (447396K) : Executing rule vmim_drw_Offgrid
2026-07-14 10:43:55 -0400: Memory Usage (447396K) : Executing rule nbulaycut_drw_Offgrid
2026-07-14 10:43:55 -0400: Memory Usage (447396K) : Executing rule antmetal1_drw_Offgrid
2026-07-14 10:43:55 -0400: Memory Usage (447396K) : Executing rule topvia2_drw_Offgrid
2026-07-14 10:43:55 -0400: Memory Usage (447396K) : Executing rule topmetal2_drw_Offgrid
2026-07-14 10:43:55 -0400: Memory Usage (447396K) : Executing rule topmetal2_pin_Offgrid
2026-07-14 10:43:55 -0400: Memory Usage (447396K) : Executing rule topmetal2_mask_Offgrid
2026-07-14 10:43:55 -0400: Memory Usage (447396K) : Executing rule topmetal2_filler_Offgrid
2026-07-14 10:43:55 -0400: Memory Usage (447396K) : Executing rule topmetal2_nofill_Offgrid
2026-07-14 10:43:55 -0400: Memory Usage (447396K) : Executing rule topmetal2_slit_Offgrid
2026-07-14 10:43:55 -0400: Memory Usage (447396K) : Executing rule topmetal2_noqrc_Offgrid
2026-07-14 10:43:55 -0400: Memory Usage (447396K) : Executing rule topmetal2_res_Offgrid
2026-07-14 10:43:55 -0400: Memory Usage (447396K) : Executing rule topmetal2_iprobe_Offgrid
2026-07-14 10:43:55 -0400: Memory Usage (447396K) : Executing rule topmetal2_diffprb_Offgrid
2026-07-14 10:43:55 -0400: Memory Usage (447396K) : Executing rule snsring_drw_Offgrid
2026-07-14 10:43:55 -0400: Memory Usage (447396K) : Executing rule sensor_drw_Offgrid
2026-07-14 10:43:55 -0400: Memory Usage (447396K) : Executing rule snsarms_drw_Offgrid
2026-07-14 10:43:55 -0400: Memory Usage (447396K) : Executing rule snscmosvia_drw_Offgrid
2026-07-14 10:43:55 -0400: Memory Usage (447396K) : Executing rule colwind_drw_Offgrid
2026-07-14 10:43:55 -0400: Memory Usage (447396K) : Executing rule flm_drw_Offgrid
2026-07-14 10:43:55 -0400: Memory Usage (447396K) : Executing rule hafniumox_drw_Offgrid
2026-07-14 10:43:55 -0400: Memory Usage (447396K) : Executing rule memvia_drw_Offgrid
2026-07-14 10:43:55 -0400: Memory Usage (447396K) : Executing rule thinfilmres_drw_Offgrid
2026-07-14 10:43:55 -0400: Memory Usage (447396K) : Executing rule rfmem_drw_Offgrid
2026-07-14 10:43:55 -0400: Memory Usage (447396K) : Executing rule snsbotvia_drw_Offgrid
2026-07-14 10:43:55 -0400: Memory Usage (447396K) : Executing rule snstopvia_drw_Offgrid
2026-07-14 10:43:55 -0400: Memory Usage (447396K) : Executing rule deepvia_drw_Offgrid
2026-07-14 10:43:55 -0400: Memory Usage (447396K) : Executing rule fgetch_drw_Offgrid
2026-07-14 10:43:55 -0400: Memory Usage (447396K) : Executing rule ctrgat_drw_Offgrid
2026-07-14 10:43:55 -0400: Memory Usage (447396K) : Executing rule fgimp_drw_Offgrid
2026-07-14 10:43:55 -0400: Memory Usage (447396K) : Executing rule emwihv_drw_Offgrid
2026-07-14 10:43:55 -0400: Memory Usage (447396K) : Executing rule lbe_drw_Offgrid
2026-07-14 10:43:55 -0400: Memory Usage (447396K) : Executing rule alcustop_drw_Offgrid
2026-07-14 10:43:55 -0400: Memory Usage (447396K) : Starting 3.2. angle table
2026-07-14 10:43:55 -0400: Memory Usage (447396K) : Executing rule activ_drw_Acute
2026-07-14 10:43:55 -0400: Memory Usage (447396K) : Executing rule activ_pin_Acute
2026-07-14 10:43:55 -0400: Memory Usage (447396K) : Executing rule activ_mask_Acute
2026-07-14 10:43:55 -0400: Memory Usage (447396K) : Executing rule activ_filler_Acute
2026-07-14 10:43:55 -0400: Memory Usage (447396K) : Executing rule activ_nofill_Acute
2026-07-14 10:43:55 -0400: Memory Usage (447396K) : Executing rule activ_opc_Acute
2026-07-14 10:43:55 -0400: Memory Usage (447396K) : Executing rule activ_iopc_Acute
2026-07-14 10:43:55 -0400: Memory Usage (447396K) : Executing rule activ_noqrc_Acute
2026-07-14 10:43:55 -0400: Memory Usage (447396K) : Executing rule biwind_drw_Acute
2026-07-14 10:43:55 -0400: Memory Usage (447396K) : Executing rule biwind_opc_Acute
2026-07-14 10:43:55 -0400: Memory Usage (447396K) : Executing rule pemwind_drw_Acute
2026-07-14 10:43:55 -0400: Memory Usage (447396K) : Executing rule gatpoly_drw_Acute
2026-07-14 10:43:55 -0400: Memory Usage (447396K) : Executing rule gatpoly_pin_Acute
2026-07-14 10:43:55 -0400: Memory Usage (447396K) : Executing rule gatpoly_filler_Acute
2026-07-14 10:43:55 -0400: Memory Usage (447396K) : Executing rule gatpoly_nofill_Acute
2026-07-14 10:43:55 -0400: Memory Usage (447396K) : Executing rule gatpoly_opc_Acute
2026-07-14 10:43:55 -0400: Memory Usage (447396K) : Executing rule gatpoly_iopc_Acute
2026-07-14 10:43:55 -0400: Memory Usage (447396K) : Executing rule gatpoly_noqrc_Acute
2026-07-14 10:43:55 -0400: Memory Usage (447396K) : Executing rule cont_drw_Acute
2026-07-14 10:43:55 -0400: Memory Usage (447396K) : Executing rule cont_opc_Acute
2026-07-14 10:43:55 -0400: Memory Usage (447396K) : Executing rule nsd_drw_Acute
2026-07-14 10:43:55 -0400: Memory Usage (447396K) : Executing rule nsd_block_Acute
2026-07-14 10:43:55 -0400: Memory Usage (447396K) : Executing rule metal1_drw_Acute
2026-07-14 10:43:55 -0400: Memory Usage (447660K) : Executing rule metal1_pin_Acute
2026-07-14 10:43:55 -0400: Memory Usage (448188K) : Executing rule metal1_mask_Acute
2026-07-14 10:43:55 -0400: Memory Usage (448188K) : Executing rule metal1_filler_Acute
2026-07-14 10:43:55 -0400: Memory Usage (448188K) : Executing rule metal1_nofill_Acute
2026-07-14 10:43:55 -0400: Memory Usage (448188K) : Executing rule metal1_slit_Acute
2026-07-14 10:43:55 -0400: Memory Usage (448188K) : Executing rule metal1_opc_Acute
2026-07-14 10:43:55 -0400: Memory Usage (448188K) : Executing rule metal1_noqrc_Acute
2026-07-14 10:43:55 -0400: Memory Usage (448188K) : Executing rule metal1_res_Acute
2026-07-14 10:43:55 -0400: Memory Usage (448188K) : Executing rule metal1_iprobe_Acute
2026-07-14 10:43:55 -0400: Memory Usage (448188K) : Executing rule metal1_diffprb_Acute
2026-07-14 10:43:55 -0400: Memory Usage (448188K) : Executing rule passiv_drw_Acute
2026-07-14 10:43:55 -0400: Memory Usage (448188K) : Executing rule passiv_pin_Acute
2026-07-14 10:43:55 -0400: Memory Usage (448188K) : Executing rule passiv_pillar_Acute
2026-07-14 10:43:55 -0400: Memory Usage (448188K) : Executing rule passiv_sbump_Acute
2026-07-14 10:43:55 -0400: Memory Usage (448188K) : Executing rule passiv_pdl_Acute
2026-07-14 10:43:55 -0400: Memory Usage (448188K) : Executing rule metal2_drw_Acute
2026-07-14 10:43:55 -0400: Memory Usage (448188K) : Executing rule metal2_pin_Acute
2026-07-14 10:43:55 -0400: Memory Usage (448188K) : Executing rule metal2_mask_Acute
2026-07-14 10:43:55 -0400: Memory Usage (448188K) : Executing rule metal2_filler_Acute
2026-07-14 10:43:55 -0400: Memory Usage (448188K) : Executing rule metal2_nofill_Acute
2026-07-14 10:43:55 -0400: Memory Usage (448188K) : Executing rule metal2_slit_Acute
2026-07-14 10:43:55 -0400: Memory Usage (448188K) : Executing rule metal2_opc_Acute
2026-07-14 10:43:55 -0400: Memory Usage (448188K) : Executing rule metal2_noqrc_Acute
2026-07-14 10:43:55 -0400: Memory Usage (448188K) : Executing rule metal2_res_Acute
2026-07-14 10:43:55 -0400: Memory Usage (448188K) : Executing rule metal2_iprobe_Acute
2026-07-14 10:43:55 -0400: Memory Usage (448188K) : Executing rule metal2_diffprb_Acute
2026-07-14 10:43:55 -0400: Memory Usage (448188K) : Executing rule baspoly_drw_Acute
2026-07-14 10:43:55 -0400: Memory Usage (448188K) : Executing rule baspoly_pin_Acute
2026-07-14 10:43:55 -0400: Memory Usage (448188K) : Executing rule psd_drw_Acute
2026-07-14 10:43:55 -0400: Memory Usage (448188K) : Executing rule nldb_drw_Acute
2026-07-14 10:43:55 -0400: Memory Usage (448188K) : Executing rule via1_drw_Acute
2026-07-14 10:43:55 -0400: Memory Usage (448188K) : Executing rule backmetal1_drw_Acute
2026-07-14 10:43:55 -0400: Memory Usage (448188K) : Executing rule backmetal1_pin_Acute
2026-07-14 10:43:55 -0400: Memory Usage (448188K) : Executing rule backmetal1_mask_Acute
2026-07-14 10:43:55 -0400: Memory Usage (448188K) : Executing rule backmetal1_filler_Acute
2026-07-14 10:43:55 -0400: Memory Usage (448188K) : Executing rule backmetal1_nofill_Acute
2026-07-14 10:43:55 -0400: Memory Usage (448188K) : Executing rule backmetal1_slit_Acute
2026-07-14 10:43:55 -0400: Memory Usage (448188K) : Executing rule backmetal1_opc_Acute
2026-07-14 10:43:55 -0400: Memory Usage (448188K) : Executing rule backmetal1_noqrc_Acute
2026-07-14 10:43:55 -0400: Memory Usage (448188K) : Executing rule backmetal1_res_Acute
2026-07-14 10:43:55 -0400: Memory Usage (448188K) : Executing rule backmetal1_iprobe_Acute
2026-07-14 10:43:56 -0400: Memory Usage (448188K) : Executing rule backmetal1_diffprb_Acute
2026-07-14 10:43:56 -0400: Memory Usage (448188K) : Executing rule backpassiv_drw_Acute
2026-07-14 10:43:56 -0400: Memory Usage (448188K) : Executing rule salblock_drw_Acute
2026-07-14 10:43:56 -0400: Memory Usage (448188K) : Executing rule via2_drw_Acute
2026-07-14 10:43:56 -0400: Memory Usage (448188K) : Executing rule metal3_drw_Acute
2026-07-14 10:43:56 -0400: Memory Usage (448188K) : Executing rule metal3_pin_Acute
2026-07-14 10:43:56 -0400: Memory Usage (448188K) : Executing rule metal3_mask_Acute
2026-07-14 10:43:56 -0400: Memory Usage (448188K) : Executing rule metal3_filler_Acute
2026-07-14 10:43:56 -0400: Memory Usage (448188K) : Executing rule metal3_nofill_Acute
2026-07-14 10:43:56 -0400: Memory Usage (448188K) : Executing rule metal3_slit_Acute
2026-07-14 10:43:56 -0400: Memory Usage (448188K) : Executing rule metal3_opc_Acute
2026-07-14 10:43:56 -0400: Memory Usage (448188K) : Executing rule metal3_noqrc_Acute
2026-07-14 10:43:56 -0400: Memory Usage (448188K) : Executing rule metal3_res_Acute
2026-07-14 10:43:56 -0400: Memory Usage (448188K) : Executing rule metal3_iprobe_Acute
2026-07-14 10:43:56 -0400: Memory Usage (448188K) : Executing rule metal3_diffprb_Acute
2026-07-14 10:43:56 -0400: Memory Usage (448188K) : Executing rule nwell_drw_Acute
2026-07-14 10:43:56 -0400: Memory Usage (448188K) : Executing rule nwell_pin_Acute
2026-07-14 10:43:56 -0400: Memory Usage (448188K) : Executing rule nbulay_drw_Acute
2026-07-14 10:43:56 -0400: Memory Usage (448188K) : Executing rule nbulay_pin_Acute
2026-07-14 10:43:56 -0400: Memory Usage (448188K) : Executing rule nbulay_block_Acute
2026-07-14 10:43:56 -0400: Memory Usage (448188K) : Executing rule pwell_drw_Acute
2026-07-14 10:43:56 -0400: Memory Usage (448188K) : Executing rule pwell_pin_Acute
2026-07-14 10:43:56 -0400: Memory Usage (448188K) : Executing rule pwell_block_Acute
2026-07-14 10:43:56 -0400: Memory Usage (448188K) : Executing rule emwind_drw_Acute
2026-07-14 10:43:56 -0400: Memory Usage (448188K) : Executing rule emwind_opc_Acute
2026-07-14 10:43:56 -0400: Memory Usage (448188K) : Executing rule deepco_drw_Acute
2026-07-14 10:43:56 -0400: Memory Usage (448188K) : Executing rule mim_drw_Acute
2026-07-14 10:43:56 -0400: Memory Usage (448188K) : Executing rule substrate_drw_Acute
2026-07-14 10:43:56 -0400: Memory Usage (448188K) : Executing rule ic_drw_Acute
2026-07-14 10:43:56 -0400: Memory Usage (448188K) : Executing rule via3_drw_Acute
2026-07-14 10:43:56 -0400: Memory Usage (448188K) : Executing rule pldb_drw_Acute
2026-07-14 10:43:56 -0400: Memory Usage (448188K) : Executing rule metal4_drw_Acute
2026-07-14 10:43:56 -0400: Memory Usage (448188K) : Executing rule metal4_pin_Acute
2026-07-14 10:43:56 -0400: Memory Usage (448188K) : Executing rule metal4_mask_Acute
2026-07-14 10:43:56 -0400: Memory Usage (448188K) : Executing rule metal4_filler_Acute
2026-07-14 10:43:56 -0400: Memory Usage (448188K) : Executing rule metal4_nofill_Acute
2026-07-14 10:43:56 -0400: Memory Usage (448188K) : Executing rule metal4_slit_Acute
2026-07-14 10:43:56 -0400: Memory Usage (448188K) : Executing rule metal4_opc_Acute
2026-07-14 10:43:56 -0400: Memory Usage (448188K) : Executing rule metal4_noqrc_Acute
2026-07-14 10:43:56 -0400: Memory Usage (448188K) : Executing rule metal4_res_Acute
2026-07-14 10:43:56 -0400: Memory Usage (448188K) : Executing rule metal4_iprobe_Acute
2026-07-14 10:43:56 -0400: Memory Usage (448188K) : Executing rule metal4_diffprb_Acute
2026-07-14 10:43:56 -0400: Memory Usage (448188K) : Executing rule via4_drw_Acute
2026-07-14 10:43:56 -0400: Memory Usage (448188K) : Executing rule metal5_drw_Acute
2026-07-14 10:43:56 -0400: Memory Usage (448188K) : Executing rule metal5_pin_Acute
2026-07-14 10:43:56 -0400: Memory Usage (448188K) : Executing rule metal5_mask_Acute
2026-07-14 10:43:56 -0400: Memory Usage (448188K) : Executing rule metal5_filler_Acute
2026-07-14 10:43:56 -0400: Memory Usage (448188K) : Executing rule metal5_nofill_Acute
2026-07-14 10:43:56 -0400: Memory Usage (448188K) : Executing rule metal5_slit_Acute
2026-07-14 10:43:56 -0400: Memory Usage (448188K) : Executing rule metal5_opc_Acute
2026-07-14 10:43:56 -0400: Memory Usage (448188K) : Executing rule metal5_noqrc_Acute
2026-07-14 10:43:56 -0400: Memory Usage (448188K) : Executing rule metal5_res_Acute
2026-07-14 10:43:56 -0400: Memory Usage (448188K) : Executing rule metal5_iprobe_Acute
2026-07-14 10:43:56 -0400: Memory Usage (448188K) : Executing rule metal5_diffprb_Acute
2026-07-14 10:43:56 -0400: Memory Usage (448188K) : Executing rule prboundary_drw_Acute
2026-07-14 10:43:56 -0400: Memory Usage (448188K) : Executing rule exchange0_drw_Acute
2026-07-14 10:43:56 -0400: Memory Usage (448188K) : Executing rule exchange0_pin_Acute
2026-07-14 10:43:56 -0400: Memory Usage (448188K) : Executing rule exchange1_drw_Acute
2026-07-14 10:43:56 -0400: Memory Usage (448188K) : Executing rule exchange1_pin_Acute
2026-07-14 10:43:56 -0400: Memory Usage (448188K) : Executing rule exchange2_drw_Acute
2026-07-14 10:43:56 -0400: Memory Usage (448188K) : Executing rule exchange2_pin_Acute
2026-07-14 10:43:56 -0400: Memory Usage (448188K) : Executing rule exchange3_drw_Acute
2026-07-14 10:43:56 -0400: Memory Usage (448188K) : Executing rule exchange3_pin_Acute
2026-07-14 10:43:56 -0400: Memory Usage (448188K) : Executing rule exchange4_drw_Acute
2026-07-14 10:43:56 -0400: Memory Usage (448188K) : Executing rule exchange4_pin_Acute
2026-07-14 10:43:56 -0400: Memory Usage (448188K) : Executing rule isonwell_drw_Acute
2026-07-14 10:43:56 -0400: Memory Usage (448188K) : Executing rule thickgateox_drw_Acute
2026-07-14 10:43:56 -0400: Memory Usage (448188K) : Executing rule pempoly_drw_Acute
2026-07-14 10:43:56 -0400: Memory Usage (448188K) : Executing rule fbe_drw_Acute
2026-07-14 10:43:56 -0400: Memory Usage (448188K) : Executing rule empoly_drw_Acute
2026-07-14 10:43:56 -0400: Memory Usage (448188K) : Executing rule ldmos_drw_Acute
2026-07-14 10:43:56 -0400: Memory Usage (448188K) : Executing rule pbiwind_drw_Acute
2026-07-14 10:43:56 -0400: Memory Usage (448188K) : Executing rule colopen_drw_Acute
2026-07-14 10:43:56 -0400: Memory Usage (448188K) : Executing rule extblock_drw_Acute
2026-07-14 10:43:56 -0400: Memory Usage (448188K) : Executing rule nldd_drw_Acute
2026-07-14 10:43:56 -0400: Memory Usage (448188K) : Executing rule pldd_drw_Acute
2026-07-14 10:43:56 -0400: Memory Usage (448188K) : Executing rule next_drw_Acute
2026-07-14 10:43:56 -0400: Memory Usage (448188K) : Executing rule pext_drw_Acute
2026-07-14 10:43:56 -0400: Memory Usage (448188K) : Executing rule nexthv_drw_Acute
2026-07-14 10:43:56 -0400: Memory Usage (448188K) : Executing rule pexthv_drw_Acute
2026-07-14 10:43:56 -0400: Memory Usage (448188K) : Executing rule graphgate_drw_Acute
2026-07-14 10:43:56 -0400: Memory Usage (448188K) : Executing rule mempad_drw_Acute
2026-07-14 10:43:56 -0400: Memory Usage (448188K) : Executing rule topvia1_drw_Acute
2026-07-14 10:43:56 -0400: Memory Usage (448188K) : Executing rule topmetal1_drw_Acute
2026-07-14 10:43:56 -0400: Memory Usage (448188K) : Executing rule topmetal1_pin_Acute
2026-07-14 10:43:56 -0400: Memory Usage (448188K) : Executing rule topmetal1_mask_Acute
2026-07-14 10:43:56 -0400: Memory Usage (448188K) : Executing rule topmetal1_filler_Acute
2026-07-14 10:43:56 -0400: Memory Usage (448188K) : Executing rule topmetal1_nofill_Acute
2026-07-14 10:43:56 -0400: Memory Usage (448188K) : Executing rule topmetal1_slit_Acute
2026-07-14 10:43:56 -0400: Memory Usage (448188K) : Executing rule topmetal1_noqrc_Acute
2026-07-14 10:43:56 -0400: Memory Usage (448188K) : Executing rule topmetal1_res_Acute
2026-07-14 10:43:56 -0400: Memory Usage (448188K) : Executing rule topmetal1_iprobe_Acute
2026-07-14 10:43:56 -0400: Memory Usage (448188K) : Executing rule topmetal1_diffprb_Acute
2026-07-14 10:43:56 -0400: Memory Usage (448188K) : Executing rule inldpwl_drw_Acute
2026-07-14 10:43:56 -0400: Memory Usage (448188K) : Executing rule polyres_drw_Acute
2026-07-14 10:43:56 -0400: Memory Usage (448188K) : Executing rule polyres_pin_Acute
2026-07-14 10:43:56 -0400: Memory Usage (448188K) : Executing rule vmim_drw_Acute
2026-07-14 10:43:56 -0400: Memory Usage (448188K) : Executing rule nbulaycut_drw_Acute
2026-07-14 10:43:56 -0400: Memory Usage (448188K) : Executing rule antmetal1_drw_Acute
2026-07-14 10:43:56 -0400: Memory Usage (448188K) : Executing rule topvia2_drw_Acute
2026-07-14 10:43:56 -0400: Memory Usage (448188K) : Executing rule topmetal2_drw_Acute
2026-07-14 10:43:56 -0400: Memory Usage (448188K) : Executing rule topmetal2_pin_Acute
2026-07-14 10:43:56 -0400: Memory Usage (448188K) : Executing rule topmetal2_mask_Acute
2026-07-14 10:43:56 -0400: Memory Usage (448188K) : Executing rule topmetal2_filler_Acute
2026-07-14 10:43:56 -0400: Memory Usage (448188K) : Executing rule topmetal2_nofill_Acute
2026-07-14 10:43:56 -0400: Memory Usage (448188K) : Executing rule topmetal2_slit_Acute
2026-07-14 10:43:56 -0400: Memory Usage (448188K) : Executing rule topmetal2_noqrc_Acute
2026-07-14 10:43:56 -0400: Memory Usage (448188K) : Executing rule topmetal2_res_Acute
2026-07-14 10:43:56 -0400: Memory Usage (448188K) : Executing rule topmetal2_iprobe_Acute
2026-07-14 10:43:56 -0400: Memory Usage (448188K) : Executing rule topmetal2_diffprb_Acute
2026-07-14 10:43:56 -0400: Memory Usage (448188K) : Executing rule snsring_drw_Acute
2026-07-14 10:43:56 -0400: Memory Usage (448188K) : Executing rule sensor_drw_Acute
2026-07-14 10:43:56 -0400: Memory Usage (448188K) : Executing rule snsarms_drw_Acute
2026-07-14 10:43:56 -0400: Memory Usage (448188K) : Executing rule snscmosvia_drw_Acute
2026-07-14 10:43:56 -0400: Memory Usage (448188K) : Executing rule colwind_drw_Acute
2026-07-14 10:43:56 -0400: Memory Usage (448188K) : Executing rule flm_drw_Acute
2026-07-14 10:43:56 -0400: Memory Usage (448188K) : Executing rule hafniumox_drw_Acute
2026-07-14 10:43:56 -0400: Memory Usage (448188K) : Executing rule memvia_drw_Acute
2026-07-14 10:43:56 -0400: Memory Usage (448188K) : Executing rule thinfilmres_drw_Acute
2026-07-14 10:43:56 -0400: Memory Usage (448188K) : Executing rule rfmem_drw_Acute
2026-07-14 10:43:56 -0400: Memory Usage (448188K) : Executing rule snsbotvia_drw_Acute
2026-07-14 10:43:56 -0400: Memory Usage (448188K) : Executing rule snstopvia_drw_Acute
2026-07-14 10:43:56 -0400: Memory Usage (448188K) : Executing rule deepvia_drw_Acute
2026-07-14 10:43:56 -0400: Memory Usage (448188K) : Executing rule fgetch_drw_Acute
2026-07-14 10:43:56 -0400: Memory Usage (448188K) : Executing rule ctrgat_drw_Acute
2026-07-14 10:43:56 -0400: Memory Usage (448188K) : Executing rule fgimp_drw_Acute
2026-07-14 10:43:56 -0400: Memory Usage (448188K) : Executing rule emwihv_drw_Acute
2026-07-14 10:43:56 -0400: Memory Usage (448188K) : Executing rule lbe_drw_Acute
2026-07-14 10:43:56 -0400: Memory Usage (448188K) : Executing rule alcustop_drw_Acute
2026-07-14 10:43:56 -0400: Memory Usage (448188K) : Executing rule cont_drw_Angle90
2026-07-14 10:43:56 -0400: Memory Usage (448200K) : Executing rule via1_drw_Angle90
2026-07-14 10:43:57 -0400: Memory Usage (448556K) : Executing rule via2_drw_Angle90
2026-07-14 10:43:57 -0400: Memory Usage (448492K) : Executing rule via3_drw_Angle90
2026-07-14 10:43:57 -0400: Memory Usage (448424K) : Executing rule via4_drw_Angle90
2026-07-14 10:43:57 -0400: Memory Usage (448356K) : Executing rule vmim_drw_Angle90
2026-07-14 10:43:57 -0400: Memory Usage (448292K) : Executing rule topvia1_drw_Angle90
2026-07-14 10:43:57 -0400: Memory Usage (448488K) : Executing rule topvia2_drw_Angle90
2026-07-14 10:43:57 -0400: Memory Usage (448424K) : Executing rule gatpoly_drw_Angle45
2026-07-14 10:43:57 -0400: Memory Usage (448360K) : Executing rule activ_drw_Angle45
2026-07-14 10:43:57 -0400: Memory Usage (448300K) : Executing rule metal1_drw_Angle45
2026-07-14 10:43:57 -0400: Memory Usage (448504K) : Executing rule metal2_drw_Angle45
2026-07-14 10:43:57 -0400: Memory Usage (448440K) : Executing rule metal3_drw_Angle45
2026-07-14 10:43:57 -0400: Memory Usage (448368K) : Executing rule metal4_drw_Angle45
2026-07-14 10:43:57 -0400: Memory Usage (448304K) : Executing rule metal5_drw_Angle45
2026-07-14 10:43:57 -0400: Memory Usage (448508K) : Executing rule topmetal1_drw_Angle45
2026-07-14 10:43:57 -0400: Memory Usage (448448K) : Executing rule topmetal2_drw_Angle45
2026-07-14 10:43:57 -0400: Memory Usage (448384K) : Starting 3.2. FORBIDDEN table
2026-07-14 10:43:57 -0400: Memory Usage (448384K) : Executing rule forbidden.biwind
2026-07-14 10:43:57 -0400: Memory Usage (448384K) : Executing rule forbidden.pemwind
2026-07-14 10:43:57 -0400: Memory Usage (448384K) : Executing rule forbidden.baspoly
2026-07-14 10:43:57 -0400: Memory Usage (448384K) : Executing rule forbidden.deepco
2026-07-14 10:43:57 -0400: Memory Usage (448384K) : Executing rule forbidden.pempoly
2026-07-14 10:43:57 -0400: Memory Usage (448384K) : Executing rule forbidden.empoly
2026-07-14 10:43:57 -0400: Memory Usage (448384K) : Executing rule forbidden.ldmos
2026-07-14 10:43:57 -0400: Memory Usage (448384K) : Executing rule forbidden.pbiwind
2026-07-14 10:43:57 -0400: Memory Usage (448384K) : Executing rule forbidden.nodrc
2026-07-14 10:43:57 -0400: Memory Usage (448384K) : Executing rule forbidden.flash
2026-07-14 10:43:57 -0400: Memory Usage (448384K) : Executing rule forbidden.colwind
2026-07-14 10:43:57 -0400: Memory Usage (448384K) : KLayout DRC run for tables 'main' completed in 4.94 seconds
